S01B00006275696C642F72656C656173652F7A69676265652E73333714
S2140040000810002025700000B1B2000097F10200F1
S21400401097F10200B9B20000C1B2000097F10200A9
S21400402097F1020097F1020097F1020097F1020063
S214004030C5B200000831040097F1020097F10200B3
S21400404097F1020097F1020097F102003D6B000025
S21400405097F1020097F1020097F1020097F1020033
S21400406097F1020097F10200C5B7000097F1020031
S21400407097F1020097F1020097F1020097F1020013
S21400408097F1020097F1020097F1020097F1020003
S21400409097F1020097F1020097F1020097F10200F3
S2140040A097F10200ED730000D173000097F1020053
S2140040B097F1020097F1020097F10200A10B0200AF
S2140040C0774B0300734B0300050302008D4B030080
S2140040D07B4B0300610B02007F4B030095EF010052
S2140040E0E10B020097F1020097F1020097F102003F
S2140040F097F1020097F1020097F1020097F1020093
S21400410097F1020097F1020097F1020097F1020082
S21400411097F1020097F1020097F1020097F1020072
S21400412097F1020097F1020097F1020097F1020062
S20800413097F10200FC
S214004134F0B5114A114C124E00F00105E3695F0711
S21400414413D40DB9334213D103EA00078F4207D1C3
S2140041540B4A1A40002A14BF6FF001000020F0BD7D
S214004164013AEBD16FF00200F9E74FF0FF30F6E7C3
S2140041746FF00100F3E700BF80969800000003503C
S214004184020001000B4B70B5D96911F480310DD1D2
S21400419401244FF48072084E084DF46020462C64C7
S2140041A41A61FFF7C5FF3464EC6070BD6FF0010060
S2140041B4FBE700BF0000035000100350002003502C
S2140041C438B541F6713301220C4C0021E569E363EE
S2140041D40B4B05F48035DA600223606121202361ED
S2140041E4FFF7A6FF10B92120FFF7A2FF0122054B17
S2140041F4DA600DB10023E36338BD00BF000003504E
S214004204001003500020035070B5134C6061E3693E
S2140042145B071ED40E4656F8043B8D18A361AE42C7
S2140042240BD10423002121202361FFF781FF58B915
S214004234BDE870402120FFF77BBF08210846FFF742
S21400424477FF10B10423236170BD56F8043BA361C5
S214004254E5E74FF0FF30F7E7000003502DE9F84399
S214004264154641F67132164B8946DF69DA63012238
S214004274064603F58053DFF8508007F48037DA608B
S21400428455B9284601220F4BDA601FB10022A3F568
S2140042940053DA63BDE8F88306F5005404EA08041C
S2140042A4A41BAC4228BF2C46494622463046FFF79C
S2140042B4ABFF0028E6D12644A1442D1BE0E700BF4F
S2100042C4000003500020035000E0FFFF45
S2140042D02DE9F04F4FF0FD0BC9B09A460DF11B09C2
S2140042E09DF8503108AFCDF80C90CDF808B0019786
S2140042F0059303890446009383790E4690464188C9
S2140043008288407811F098F9054650B10090A3884D
S214004310002062883A4911F0D3FC284649B0BDE82F
S214004320F08F99F800002DF076FF38B12846A38864
S2140043306288344911F0C4FC8D25EEE75A463946AA
S21400434099F800002DF00FFF8346002851D0529BAD
S2140043501BB1BDF84C3198424BD8002399F8009019
S2140043600793A9F14102012A5FFA8BF123D8384658
S2140043700139254ADFF898C05FFA81FE734513DBE2
S214004380059B04210792C3B907AF18221F489FED6B
S2140043901A7B02FB060420460A460830394684ED9E
S2140043A0027B16F0B5F911E010F8011F01335140F9
S2140043B00CFB01F2E2E7059B33B123464A4638463A
S2140043C000960FF0BBF8A8E70829DED9B8F1000F71
S2140043D001D088F80090BAF1000F01D0AAF800B01A
S2140043E0529B002B99D05A46184608A916F090F909
S2140043F093E7012591E700BF0000000000000000E1
S21400440003DA030038DA0300C59D1C818010002003
S21400441093010001000000002DE9F04F93B0CDE9B4
S2140044200A32DDE91C530E9353EC102BCDE908013C
S214004430104619468DED060B1E9E15F0F3FB80B157
S214004440DDE906014FF0FF32C54B15F013FC40B90D
S214004450DDE906014FF0FF326FF4801315F0ECFB38
S21400446070B1DDE908019DED060B0E9B1E96CDE9A9
S2140044701C53DDE90A3213B0BDE8F04F00F088B9EE
S2140044800022DDE90601002315F0D6FB002800F027
S2140044903381DDE906A303F1004BCBF30A5016F493
S2140044A08063A0F2FF3008BF06250F9315F0E8F8EA
S2140044B09BA3D3E9002315F04DF99BA3D3E9002372
S2140044C014F092FFCBF31304894644F07F518046E4
S2140044D00022A44B504641F4401114F083FF94A3ED
S2140044E0D3E9002315F036F902460B464046494606
S2140044F014F07AFF15F0C8FB044615F0C1F88EA339
S214004500D3E900238046894615F024F90022964B0D
S21400451014F06AFF15F0B8FB89A3D3E90023074619
S2140045204946404615F016F980463846894615F045
S214004530A7F885A3D3E9002315F00CF902460B462D
S2140045404046494614F04EFF02460B46CDE90C2382
S21400455015F000F9DDE90C23804689461046194619
S21400456014F042FF0022CDE91001804B4046494638
S21400457015F01AFA00227E4B14F036FF02460B4660
S2140045804046494615F010FA00227A4B14F02CFFEC
S21400459002460B464046494615F006FADDE90C236E
S2140045A08046894600204FF0804114F01BFF0246EB
S2140045B00B464046494614F017FF02460B46DDE917
S2140045C0100115F0F1F907F2FF3700226A4B14F0DC
S2140045D00BFF00223B0515F0BDF852465B468046B1
S2140045E0894615F047FB002840F08980CDE90C8904
S2140045F004F16303C62B8CBF0527042731051BD5A2
S21400460053A3D3E900235046594615F029FB00284A
S2140046107FD051A3D3E900235046594615F00CFB32
S214004620002876D00027A542C6BF2C1B04F1FF3514
S21400463000253C4646F480660E9B9F422CBF4FF0FA
S2140046400008A3EB070816F0020903D0002F18BFD6
S2140046504FF000083CB1DDE90C235046594615F0F2
S214004660A3F982468B46DDE906010022002315F0F9
S214004670E3FA10B10BF100439B46DDE9080126F48E
S2140046800063CDE90183DDE90A324BEC10AB0095FF
S21400469000F07EF802465FB3DDE9091316F0200F3E
S2140046A000F10105089E0CBF65204520B047DDE9F6
S2140046B008010523002205930A23002CCDE90232C7
S2140046C007F1FF374FEAD473B8BF64422A46019316
S2140046D004970A9B00942FF0BCFB0246B9F1000F2A
S2140046E006D00B9BC41A0B9B1A190E9BA34245D8E7
S2140046F0104613B0BDE8F08FDDE906ABCDE600222C
S214004700404649461A4B15F04FF9013CCDE90C01DD
S2140047106EE7002D90D00F9B002B8DD0013D8BE7D0
S214004720FB799F501344D33FB3C8608B288AC63F9B
S21400473061436F63A787D23F71A379094F930A40FD
S2140047401655B5BBB16B0240EF39FAFE422EE63F76
S2140047502D431CEBE2361A3F0000000080842E41F9
S214004760FFFFEF7F0000F83F0000E03F00002C4016
S21400477000002440000018400000F03F2020DDE943
S2140047800913089DA8470134ADE700BF00000000EC
S2140047902DE9F04F5BEC10AB97B0CDE90501DDE9F4
S2140047A02058CDE90723504652465B465946229F7D
S2140047B015F038FA70B90323CDE902870193AA4BA6
S2140047C00093DDE90501DDE907232FF074FA17B041
S2140047D0BDE8F08F4FF0FF326FF480135046594615
S2140047E015F02AFA28B10423CDE9028701939F4BDE
S2140047F0E6E74FF0FF32504659469D4B15F03AFA21
S21400480068B19C4A07F00403002B08BF03229A4BAA
S2140048101CBF13460422CDE902870192D0E750461A
S2140048208DA3D3E90023594615F024FA38B98CA392
S214004830D3E900235046594615F0FEF968B1DDE984
S2140048400723DDE905014BEC10ABCDE92187209568
S21400485017B0BDE8F04FFFF7DFBD0022002350463B
S214004860594615F0E9F9002800F091805B4652465B
S2140048700020002114F0B6FD012382468B460993E2
S21400488017F4806400F08580092D40F285800024AE
S21400489030210EABA5F109020134202C03F8011BD0
S2140048A0A5EB040901D09442F6D15946504615F0BE
S2140048B0EBF9724B054603EBC90393ED007B8DEDD8
S2140048C00A7B14F0DDFE02460B465046594614F0AD
S2140048D089FDDDE90A2314F03DFF02460B46CDE9CB
S2140048E00C2315F0F9F9064614F0BAFE02460B46FC
S2140048F0DDE90C0114F076FD02460B46CDE90C23EB
S21400490000225F4B15F0B6F9002848D00136304635
S21400491014F0A6FE02460B46DDE90A0115F096F9EC
S21400492008B100260135B9F1000F45D1284614F02C
S214004930A7FE02460B465046594614F053FD002289
S2140049404F4B15F079F910B9E90700D501350A2162
S2140049500EAB1A19202C0AD095FBF1F001FB10556E
S214004960303502F8015B013405460028F2D107F025
S2140049700302012A55D1B8F1000F52D0099A12B994
S21400498017F00C0F01D008F1FF38302240E00990F4
S21400499076E74FF0060988E7A946002485E7002257
S2140049A0DDE90C01364B15F047F90028BBD10EB1F6
S2140049B0F007B8D50136B6E70A210EAB1A19202C37
S2140049C00DD0B6FBF1F001FB1063092E03F13003A6
S2140049D009F1FF3904F1010402F8013B11D8302136
S2140049E0A1440EAA202CB2D04C4504F101030AD1F2
S2140049F004F158020DEB02042E2204F8202C1C466B
S214004A00A5E70646DBE7A1541C46EBE71A5501343A
S214004A10444506D2202CF9D1CDE9028701940EAB8D
S214004A20CEE6202CF8D0099B3BB12D2204F158038A
S214004A306B4403F8202C0134EEE77A0704D504F122
S214004A4058032B226B44F4E73B07E5D504F15803E3
S214004A5020226B44EDE700BF0000000065CDCD418D
S214004A600000000065CDCDC126F703002AF703003D
S214004A70FFFFEF7F1DF7030022F703003840040016
S214004A800000E03F0000000070B58EB02C22002130
S214004A9003A815F0ADFC64234FF002320893CDE96D
S214004AA005230B2301218DF834305B4B8DF8101055
S214004AB01D880D4040F0A980084633F025FA0A22EA
S214004AC0564B574C1A704FF42873ADF812304FF00F
S214004AD0FF332360534B54491B8820460B82534BAD
S214004AE0534A1B68CD828B61524B0D621B884B82EA
S214004AF0514B1B68CB611CF0E9F820B14FF41B71D9
S214004B004E4834F099FA052120682FF095FB20B125
S214004B1040F27D21494834F08FFA206814F01EFCDC
S214004B20474B206819682FF04AFC0C2533F054FEDA
S214004B306843099033F050FE68430DEB050107907B
S214004B40206816F017FB20B140F295213B4834F060
S214004B5073FA25681EF0F2FA0022014628462FF066
S214004B60A6FC20B140F29721344834F065FA40F2B2
S214004B700353344D344E2B80052396F90000AB705A
S214004B807F2801D11CF098F93378EB7033F024FEBF
S214004B9000EB80008000A88033F01EFE0023C000DB
S214004BA04FF0FF31E880AB604FF0FF3018A3D3E939
S214004BB0002333F0FBFA254920682FF031FC2068EB
S214004BC002A930F04DF820B14FF434711B4834F090
S214004BD033FA042220680DEB02012FF0C5FB0428EF
S214004BE004D040F2D721154834F026FA01A9012056
S214004BF02EF0C6FF06F0A0FB01201CF0E1FD2BF016
S214004C0026F81CF007FE1CF0EFF80EB070BD00BFD3
S214004C100A0020FF42030000165500203C5C0020DE
S214004C203C4F0020E6590400E0620020EC590400E6
S214004C30317F0300E4590400E8590400EF2F040014
S214004C4028600020304F0020AB650020A57F0300C1
S214004C500348044B834202D0034B03B11847704706
S214004C60D8650020D865002000000000064B0749E4
S214004C70C91A891048BF0131491003D0044B0BB143
S214004C8001481847704700BFD8650020D865002047
S214004C900000000010B5064C237843B9FFF7D8FF94
S214004CA0044B13B10448AFF300800123237010BDFA
S214004CB0B0150020000000006C7D040008B5044B11
S214004CC01BB104490448AFF30080BDE80840CDE7B7
S214004CD000000000B41500206C7D0400A3F5803AA7
S214004CE0704700BF154B002B08BF114B9D46FFF7C2
S214004CF0F5FF00218B460F461148124A121A15F08E
S214004D0077FB0C4B002B00D098470B4B002B00D0AA
S214004D1098470020002104000D000B4815F0AEFE59
S214004D2015F03EFB200029002AF037F815F094FE17
S214004D30000008000000000000000000081000202E
S214004D4008100020905C0020E5AA010007B50121AC
S214004D5020200DF1070200F075FE58B10223012154
S214004D6020200DF107028DF8073000F07BFE03B01F
S214004D705DF804FB9DF807100229F8D002220948C6
S214004D8014F024FA022301210DF1070220208DF8E9
S214004D90073000F067FE29F084FF4FF4FA6000F059
S214004DA061FDE4E76894030038B500F0C3FF01280E
S214004DB005D000F0BFFF022801D000F0D3FF064D5B
S214004DC02B783BB900F0B6FF0128044602D129F043
S214004DD0DBFF2C7038BD00BFF455002070B50C46C4
S214004DE0088800F0ABFD94F844300546834214D0A2
S214004DF004F11C06304629F063FF84F8445029F07D
S214004E0063FF3221A064304629F055FF94F8441021
S214004E100248BDE8704014F0D9B970BD9094030004
S214004E2010B50446008800F089FDA37884F8440095
S214004E30834202BF0123E3702371074B04F11C0079
S214004E40C4E9073400F054FE224620880349BDE832
S214004E50104000F08BBD00BFBFEA0200DD4D000031
S214004E6070B5C37804460D461646002B32D1C1B144
S214004E701F4814F0ABF9E36CA6600BB1E06D9847E1
S214004E80E368F61A63699E4221D2217E19480131F1
S214004E90C9B2217614F09AF9A36D13B1217EE06DA4
S214004EA09847E57029F010FF0DB32379FBB9A26887
S214004EB0238A801A83421AD201230F48237114F0E2
S214004EC085F9236D9BB1E06DBDE87040184701235E
S214004ED02376E6E70029E4D1084814F077F9636DF5
S214004EE0E6602571002BDCD0E06D9847D9E770BDF1
S214004EF0AD940300BE940300EC940300D994030021
S214004F00F8B51E46838804460D4617460BB18680C4
S214004F10F8BD8178008829F0F3FD0123E370084B83
S214004F20E5802781A680C4E903340C34204600F0CF
S214004F30DFFD29462046BDE8F84029F0BCBE00BF8C
S214004F400BEB02000122014B1A70704752650020DD
S214004F5010B501790446B1FA81F10088490929F0B3
S214004F6046FE21796088B1FA81F1490929F03FFEB1
S214004F70034B1A68A24204BF00221A6010BD00BF8D
S214004F80F4150020F8B54379044613B30088164F8D
S214004F9004F108053B6813B1144B1B78DBB1144EC3
S214004FA03378C3B1217929F022FE124B3221A36057
S214004FB028463C6029F07FFE0C4B1B789BB94FF4CB
S214004FC0FA710D4833700D4B0360BDE8F84029F0C8
S214004FD072BE4088DBE70A4814F0F8F8094B322125
S214004FE02846A360F1E7F8BDF4150020F65500202A
S214004FF052650020514F0000CC150020454F0000A0
S21400500002950300854F000038B5104D04462B78F6
S21400501023B90F4800F06CFD01232B7004F1080043
S214005020E46000F065FD21792088B1FA81F1490934
S21400503029F0DDFDA37943B121796088B1FA81F1C9
S214005040BDE83840490929F0D2BD38BDF5550020E5
S214005050CC15002010B50446E0B10F4814F0B6F8A1
S21400506001236371A37953B92179208829F0BFFD04
S214005070236B7BB1606B0121BDE8104018472046CA
S214005080FFF766FF04F1080029F01AFE2046FFF736
S21400509079FFEDE710BD00BF3895030010B5044654
S2140050A0F8B1104814F092F800236371A3796BB935
S2140050B021792088B1FA81F1490929F098FD236BFE
S2140050C07BB1606B0021BDE8104018472046FFF713
S2140050D03FFF04F1080029F0F3FD2046FFF752FFDA
S2140050E0EDE710BD4395030010B5044668B10748C8
S2140050F014F06CF8637920461BB1BDE81040FFF74A
S214005100CDBFBDE81040FFF7A5BF10BD4F9503000B
S21400511010B50E4C0E48214614F058F882210D4862
S21400512014F054F882210220A21E00F09BFC0146D7
S21400513030B134F8022C0848BDE8104014F046B8E8
S2140051400648BDE8104014F041B800BF8250002069
S2140051505E9503007995030084950300C8950300C7
S21400516038B50E4C82212246022000F06BFCA51CAE
S214005170014650B122880A4814F028F844222846EE
S214005180084915F0C5FA4323238035F8021C064A61
S2140051900648BDE8384014F019B800BF805000201B
S2140051A0D3950300539603008250002031960300E7
S2140051B010B504460146084814F008F8012C0748C4
S2140051C005D129F0FAFCBDE8104001F02BB8BDE887
S2140051D0104029F0F4BC00BF97960300B45F00208F
S2140051E070B50024184D194E3378A34217DC0024FE
S2140051F0174D184E3378A34217DC0024164D174E71
S2140052003378A34217DC00F095FD0128144818D126
S21400521029F0D3FCBDE87040124800F09DBD28463A
S214005220FFF7FEFD01346035DEE7284629F0ABFCCB
S21400523001343435DEE72846FFF7E6FE013438351C
S214005240DEE729F0BCFCE5E70C1F0020FB5500203C
S214005250EC200020FC550020DC1C0020FA55002025
S214005260B45F0020B15100002DE9F04F85B0FFF784
S21400527077FFBA4B03A8039329F0C9FC054614F040
S214005280B3FFB74CC2B21F2A627004D9B54813F0F8
S2140052909DFF00F0DBFA2946A01C15F039FA03A89A
S2140052A029F0B5FC054614F09FFFC2B21F2A84F809
S2140052B0212001D9AC48EAE7294604F1220015F07E
S2140052C027FA03A829F0A3FC002504462678002E1A
S2140052D06FD1DFF8D092DFF8D0A2DFF8A882FFF710
S2140052E07FFF99F800309AF8002098F800109F4841
S2140052F013F06CFF9AF8003098F800509C4F1D444D
S21400530099F800303C461D44EDB2012D38BF01250A
S2140053103B464FF482714FF6FF720136B5421E705F
S21400532059809A8003F10C03F7DC924B90498C4825
S214005330A36000F0C5FDE079A26800EB400002EB38
S214005340800000F0C9FBE2798A4B0132E271002648
S2140053501C46DFF834B298F80030B34200F3DB8125
S21400536000274FF00C0B844A814E9AF8000098F8FC
S2140053700010B84200F3E08100274FF070080844A0
S2140053800BFB0066DFF824A299F80030BB4200F35E
S214005390EF812946764800F00DFC039B6F491A46BC
S2140053A08B4240F0F481754805B0BDE8F04F13F02D
S2140053B00DBF532E0FD163784C2B40F0F980A378A5
S2140053C0502B40F0F58001226D4B1A7003A829F08F
S2140053D01EFC04467AE729D8412EF7D9423E102E05
S2140053E0F4D801A353F826F059540000895600005B
S2140053F0CD530000CD530000CD530000CD53000028
S214005400CD530000DF540000CD530000CD53000004
S214005410955400003F540000CD530000CD530000CB
S214005420CD530000CD5300001D560000692ECDD18F
S214005430601C29F0F9FB80B229F02FFCC6E7514B1F
S214005440012019780023504A994202F1A402BDDDDA
S21400545002F8A20C0133F7E7601C00F0DBFA064600
S214005460E01C29F003FC01210246304600F020FA39
S21400547060224648464C03785A43A118A6524FF479
S214005480FA620A824FF448724A61424A0A65013358
S21400549003709BE7601C00F0BDFA002234278046AC
S2140054A03D4E114600F004FA30783C4D07FB00F301
S2140054B025F80380EA18E3781046693B18BF0123F5
S2140054C0937029F060FB3378354A03FB07550021BB
S2140054D015600125516015742B44337076E7601C07
S2140054E000F098FA00221146804600F0E1F93422D6
S2140054F0294E2A4F307802FB00F327F80380F9186C
S214005500E3780846693B18BF01238B7029F03BFB04
S214005510194A00231146906BB0B901EB831134236E
S214005520327802FB03738B635DB91D4A2B46114626
S21400553052F8040B70B93422307800FB027241F83E
S214005540232033780133C8E70133042B02F14002ED
S214005550E1D1E9E70133042BEAD1F2E782500020DB
S214005560D45E0020B6960300CD960300DD960300B9
S214005570F815002070160020401900201A97030026
S214005580F6550020F9550020401A0020FB55002053
S2140055900C1F0020F9EB0200FC550020EC20002038
S2140055A0B45F0020F7550020F8550020F0170020C3
S2140055B0601C00F02FFA0746E01C29F057FB01217B
S2140055C00246384600F074F96023754E754C327802
S2140055D0A4205343E118E7524FF44873724F0B82EE
S2140055E04B613B78DFF8E0C158430CEB00010CF848
S2140055F000304FF40070488003200871887102EB79
S214005600420004EB401432200133DBB201324B710E
S2140056108C6081F8A00032703B70D7E6601C00F00A
S214005620F9F900224FF038088146604F114600F025
S2140056303FF93B785E4E08FB03F326F803904FF0E5
S2140056400109F21882F80490E3786BB1E01C00F0D0
S214005650E1F900220446114600F02AF93B7808FBDF
S21400566003635C8083F806905248534A0378990196
S2140056705354397802EB8314C1EBC10206EBC20225
S21400568062634A1C3A7002E7601C00F0C3F90746E2
S214005690E01C00F0BFF9002206461146384600F02E
S2140056A007F9002238241146304600F001F93F4839
S2140056B03F4A03784FF0010E04FB03FC02EB0C019B
S2140056C022F80C704FF0000C81F804E081F806C058
S2140056D003EB0E01C9B24C43171916539C1C0470F9
S2140056E07024364E87F806C0307887F804E04443C6
S2140056F0334FC3EBC303C1EBC10107EB040C02EB52
S214005700C303385502EBC1027044CCF80430CCF821
S214005710082030705AE636B117F8053C03EB430311
S21400572004EB8304BC603946584600F0F9FF0136A6
S2140057300BF1A40B0C370EE63944481E0BFB006039
S2140057400BFB0161C079019200EB400004EB800482
S21400575010468C6000F0F6FD98F8001019483944A1
S2140057600BFB016100F044FD019A01374032FCE575
S21400577016F8053C314603EB430304EB830408FBB1
S21400578007A0B46000F0BAFC01370C36FCE513F84D
S214005790011D00297FF402AE3B2102F8011CFDE545
S2140057A0FB5500200C1F0020F9550020FA5500205C
S2140057B0DC1C0020F855002040190020F75500207A
S2140057C0F0170020D01C0020401A002007B5022148
S2140057D001200DF1060200F035F938B9044813F03F
S2140057E0F5FCBDF8060003B05DF804FB0020FAE700
S2140057F03797030007B50221ADF806000DF1060243
S214005800012000F02FF9014610B1034813F0DEFC2A
S21400581003B05DF804FB00BF5897030010B5FFF710
S214005820D5FF04460146074813F0D0FC0121064880
S21400583013F0CCFC24B9BDE810400120FFF7DABF16
S21400584010BD00BF889703009A97030008B5044868
S21400585013F0BCFC00F016F929F023FA29F01EFA22
S214005860B097030038B50446084D094B28462B6010
S21400587000F03EF9002C18BF21462846BDE8384007
S21400588008BF4FF4967129F016BA00BFF021002029
S21400589047EC020010B5044C237823B9034833F0D4
S2140058A077FB0123237010BDFE55002064330400EF
S2140058B073B506460D461446FFF7ECFF0E4A330A4C
S2140058C0D35C8DF805608DF804307DB1012C04D0D2
S2140058D0032C09D00022012101E02246022101A862
S2140058E001F058FC02B070BD0022F7E704212A46FA
S2140058F00DEB0100F4E700BFE630040007B5064AEA
S214005900030AD35C8DF8050001A88DF8043001F079
S21400591075FC03B05DF804FBE630040007B5064AE4
S214005920030AD35C8DF8050001A88DF8043001F059
S21400593091FC03B05DF804FBE630040007B50A4AA4
S214005940030AD35C8DF805008DF8043000230DF1B2
S214005950030101A88DF8033001F0A8FC9DF80300B0
S21400596003B05DF804FB00BFE63004002DE9F04309
S214005970214C85B0064688469146FFF78BFF237874
S2140059801BB901F0EBFB012323701C4A330AD35CDE
S21400599030228DF80C300023194F8DF80D6002FB75
S2140059A003F4395DE51901BB01233B554FF0FF3386
S2140059B004F1100013493844AB606E80C5F80480CB
S2140059C0C5F80C9008F0D8FB04F10801042239440D
S2140059D00D4B009503A801F097FCA96802460B48FA
S2140059E013F0F4FB05B0BDE8F0830133102BD6D1DD
S2140059F0074813F0EBFBF5E7FD550020E630040002
S214005A00182200204DEC02005FEC0200BD97030058
S214005A10EB97030080B10278A2F14103032B0BD869
S214005A2040783038C0B2082806D8054B134413F81F
S214005A30413C40EA032070474FF6FF70704700BFB6
S214005A40E630040008B50B4642B10146044800683B
S214005A5002F09EFDBDE8084029F019B9022008BDF5
S214005A602060002008B50B4642B101460448006895
S214005A7002F016FFBDE8084029F009B9022008BD6B
S214005A8020600020F0B50026124F8DB0FF23009353
S214005A900A223346386802A929F08EFEC0B102AB4E
S214005AA01D4603EB800404E055F8043BB34228BFD0
S214005AB05E1CAC423868E9D9296803F077F80028FC
S214005AC0F2D02D28F0D00DB0BDE8F04029F0DFB8B8
S214005AD00DB0F0BD2060002028B1034B0360034BDF
S214005AE0436000238360704719000003C85F0020EE
S214005AF0FF2307B50021044A0093083008F0C0FAD7
S214005B0003B05DF804FB00BFB1EC02000B4604498D
S214005B10024608680349097808B129F0DCB87047DE
S214005B202025002000560020F8B50C4618B122218A
S214005B300E4833F081FA246823685E795F88304621
S214005B403946FFF7E3FF08B98120F8BD8568002DC8
S214005B50FAD0A368E27C39463046A84704460028B7
S214005B60F2D12DF0C2F82046EFE700BF13980300ED
S214005B70F8B515460D4A044610680D4A0B461178CE
S214005B8050B1224629F0A7F8034628B100210C2779
S214005B90C678B14201DB0020F8BD07FB01F45A6865
S214005BA01019125BAA42F7D00131F2E72025002037
S214005BB0005600202DE9F74F04460D460026454BBB
S214005BC0454F1860454B197033010021F85C0136CB
S214005BD00FF020FB0C2EF7D10C2D28BF0C254FF014
S214005BE0000901953C4EDFF800A13D4DDFF8FC8032
S214005BF0019B4B4502DC03B0BDE8F08F23784FF0E5
S214005C00000B337063887380A388B380A379C6F8CB
S214005C100880B371E379C8F8005088F804304FF074
S214005C200003A768A8F80630E3795B450ADC012183
S214005C3016F8100B0FF0EEFA08F1080809F1010942
S214005C400C34D5E74FF0000338886B812880FB784A
S214005C504FF0000C2B81BA78C5F804A0002A0092F9
S214005C600CBF802240222A7379680AF10C02634531
S214005C7013DC03EB43030AEB830ABB6843B1009AC9
S214005C804FF6FF71B2FA82F2164B52092CF0BDFFA6
S214005C9014350BF1010B0C37C6E7B1F800E00CF138
S214005CA0010C22F80CEC91F802E00C3202F816EC2B
S214005CB091F804E00C3102F815EC11F809ECBEF18D
S214005CC0010F14BF4FF0100E4FF0110E02F814EC37
S214005CD0CDE700BF20250020203C002000560020F5
S214005CE0242B0020295B000024250020A42D002062
S214005CF0014B1860704700BF1C25002070B5128845
S214005D0005460E46FFF734FF044670B10279049943
S214005D10806814F0BFFB064B1B680BB9002070BDF3
S214005D203146284622889847F8E78620F7E700BFDE
S214005D301C25002008B50EF009FB022806D0012815
S214005D4006D0044B18784000C0B208BD0120FCE71E
S214005D500220FAE7FF550020014B1860704700BF8D
S214005D6018250020034B1A781AB901221A700AF077
S214005D704DBB7047FF5500200022064B10B51A7029
S214005D80054B1C682CB1FFF7D5FF2346BDE8104035
S214005D90184710BDFF5500201825002037B50446CB
S214005DA0002832D00EF0D2FA022830D160892DF0C9
S214005DB0FEFAE079237A003818BF0120012B637AB7
S214005DC008BF40F008000BB140F0100063890BB12B
S214005DD040F00400257CA188A2790DB1E36873B970
S214005DE00C4B0FF0F3FD217808460FF06BFE2CF0FD
S214005DF005FE002814BF0320002003B030BDCDE907
S214005E000035054B0FF0E2FDEDE70220F5E7012037
S214005E10F3E700BF50E6030019B6030008B50CF020
S214005E2053FC014630B1044813F0D0F9BDE80840F1
S214005E300CF0EEBF08BD00BF85980300034B044A74
S214005E405B7C012103201370FFF70CBEB45F0020BB
S214005E500156002010B50446FFF7F0FFB4F57F4F5B
S214005E600BD100240A4B1A8813449C70FFF750F994
S214005E702046BDE81040FFF7F5BC4FF601739C4284
S214005E8004D1BDE81040034828F07FBE10BD00BF17
S214005E9080500020B45F002010B5074C0121224638
S214005EA00320FFF7CFFD28B92378044A003B18BF2C
S214005EB00123537410BD00BF01560020B45F0020BC
S214005EC00822F8B54C4B32241A7030229A705A7158
S214005ED035229A713122DA7139225C70DC703624F0
S214005EE01A724FF400121C71444C4264C464444C51
S214005EF001220465434C85188465434CC567C46518
S214005F00424C434D4466434CC0F880508466424C35
S214005F1080F848200467414C80F8542044672024C9
S214005F2080F8784080F8844000F12104C0F888406A
S214005F303B4C80F86020C0F88C403A4C80F86C20CF
S214005F40C0F89440384C80F89020C0F8984080F80C
S214005F509C20364CC0F8B830354BC0F8A440C0F88A
S214005F60BC300F24022380F8A84080F8C030314CA3
S214005F70314BC0F8AC40C0F8C430304C304BC0F8A1
S214005F80B040C0F8C830092482232E4D80F8B440B3
S214005F9080F8CC302C7C2C4BC0F8A000C0F8D03059
S214005FA044B12A4B80F8D820C0F8D43005F111034C
S214005FB0C0F8DC304FF0000CCA798E6802EB420362
S214005FC09F00443006EB830326F807C05860012084
S214005FD00C349870DC701318CB71FFF75DFFFFF779
S214005FE0A9FE012806D12B7C23B1BDE8F840154850
S214005FF028F0CBBDF8BD00BF0256002000310400DB
S21400600001002000FF30040002002000FE300400E3
S2140060100500420003002000FD300400040042009A
S21400602007003000FC30040012001001004042005F
S214006030FDFF2100EA300400FA30040006004200AA
S21400604000FF4401B45F00208050002001FF1001D3
S214006050437B044A0121137000780E30C0B2FFF76C
S21400606001BD00BF0C56002038B504460078054D2B
S2140060700E302A460121C0B2FFF7E4FC08B92B789F
S214006080637338BD0C560020024B53F8200028F0EE
S21400609009BF00BF042E0020012908B506D002293A
S2140060A007D049B928F0F5FE002008BD28F0F4FE18
S2140060B0FAE728F0F4FEF7E7024813F087F8012025
S2140060C0F3E700BFB298030011461A46024B53F896
S2140060D02000FFF7E1BF00BF042E0020002310B50C
S2140060E0044683810364A0F844304830FFF700FD7F
S2140060F0014BC4E9123410BD8BEE020038B50446DD
S2140061000B781A4A43700D4642F82300FFF7E6FF65
S2140061102046FFF7A9FF4FF4401323610123144ADA
S2140061202375A261134A84F82030E261124A84F88B
S2140061302C306262114A84F83830A26204F10C02F4
S21400614022630F4A04F10D036263E363EA79A868E9
S21400615002EB420300EB830110344C60094C40F81C
S2140061602340094B8B60531CEB7138BD042E002076
S2140061700B560020080020005365002000FF30006A
S21400618001FF100102010104C960000070B50D4650
S2140061900646144613460A460146114813F016F8FA
S2140061A025B92046BDE87040FFF754BE072D05D13F
S2140061B021463046BDE8704000F078BA062D05D17D
S2140061C021463046BDE8704000F076B8B5F5817FD0
S2140061D005D121463046BDE87040FFF755BF70BD7B
S2140061E0CE9803000148FFF783BD00BF8D61000015
S2140061F04FF4C01330B5036001230371074B8C685E
S2140062008360CA7902EB420304EB830568600448A6
S21400621044F82300531CCB7130BD00BF013104008D
S2140062200400010138B50024044D55F8040B08B1EC
S21400623028F046FE01340A2CF7D138BD2C2E00205B
S2140062400229024608B50ED004D839B9104628F0FF
S21400625062FE06E04029F9D0412907D1104628F011
S21400626050FE002008BD28F060FEFAE7014812F054
S214006270ADFFF6E70199030011461A46024B53F8A4
S2140062802000FFF7DDBF00BF2C2E0020426B094B1D
S21400629052791A7082785A70C2789A70826B12B1EC
S2140062A090F83C20DA70007804210930014AC0B228
S2140062B0FFF7D8BB0D560020024B53F8200028F0FD
S2140062C050BE00BF2C2E002038B504460078084D7E
S2140062D009302A460421C0B2FFF7B4FB30B96B7808
S2140062E0A370AB78E370EB7884F83C3038BD00BF21
S2140062F00D56002038B504460078114D09302A4660
S2140063000421C0B2FFF79EFBC8B9A3782A78022BF7
S2140063100CD004D863B9204628F0FDFD01E0FF2B21
S2140063200AD02046BDE8384028F0CABD002AF2D17F
S214006330204628F0E6FDF4E7002AF9D1EBE738BD61
S2140063400D560020F8B504460B78224A0D4642F852
S21400635023004370FFF7B8FF636B1F4A5C631A6342
S2140063602046FFF7C7FF204628F0AAFD4FF480130B
S21400637063600123626BA06B0532E260174A2372EA
S2140063802261A21C2375A26160B1154A84F82030F0
S214006390E261E21C6262134A84F82C3004F13C038A
S2140063A0A26223630627E979AE6801EB4103002861
S2140063B026F8237006EB83020CBF02230423D37057
S2140063C001239370084B043493604B1C5460EB71AC
S2140063D0F8BD00BF2C2E00203FEF02000340300126
S2140063E001FF300102FF1001796200000246417988
S2140063F0D37808480139042B00EB811008D8012B0C
S21400640004D80BB928F07DBD28F085BD28F08DBDD9
S214006410704700BF4019002002464179D3780848EB
S2140064200139042B00EB811008D8012B04D80BB9D6
S21400643028F071BD28F065BD28F077BD704700BF15
S2140064404019002030B587B004464579FFF772FC46
S214006450012822D1E2786B1E042A1ED8DFE802F05B
S2140064600431031F2800104663784FF480728DF8BD
S21400647004304FF48273ADF806300623ADF80830CA
S21400648001238DF80B3000238DF80A0001A8CDE912
S21400649003238DF81430FFF781FC07B030BD0A4A9D
S2140064A002EB83135B6B5B79181E18BF0120DBE7DA
S2140064B0054A02EB83135B6B5B79B3FA83F0400902
S2140064C0D2E70020D0E700BF4019002030B587B0E3
S2140064D004464579FFF72EFC012829D1E3786A1E89
S2140064E0042B25D8DFE803F00B0B0B032600164B16
S2140064F003EB82135B6B5B79003B18BF012362786A
S2140065008DF80A308DF804204FF482720123ADF81E
S214006510062006228DF80B30ADF8082000234FF435
S214006520807201A8CDE903238DF81430FFF736FCFE
S21400653007B030BD044B03EB82135B6B5B79B3FA99
S21400654083F35B09DBE700BF4019002010B586B077
S2140065500446FFF7EFFB012812D16378094A8DF84D
S21400656004304FF48273ADF806304FF48073CDE9F3
S2140065700223002301A804938DF81430FFF70EFCC5
S21400658006B010BD0800070110B586B00446FFF738
S214006590D1FB012820D16278104B8DF804204FF4EF
S2140065A0827294F8A01094F8A10059701870ADF893
S2140065B0062004934FF480720223094901A88DF83F
S2140065C01430CDE90212FFF7E9FB94F8A130013B45
S2140065D018BF012384F8A13006B010BD1156002064
S2140065E00800050110B583780446E3B10379022B51
S2140065F006D143790C48013B00EB831028F095FC4C
S214006600A379022B02D12046FFF71CFF2046FFF796
S214006610BBFF02236078A4F86C305522BDE810401A
S214006620122128F07ABB10BD401900204388094A81
S214006630082113808388538083681B8A938090F890
S214006640A03093718379D37100780430C0B2FFF71D
S21400665009BA00BF0251002038B50D46044601783D
S214006660104812F0B3FD4FF602739D420CD16379C9
S2140066701BB10D4A12789A4201D20123637120465B
S214006680BDE83840FFF7D2BFB5F57F4FF7D12046BB
S21400669028F0C9FCA378022B0CBF01220022A368B5
S2140066A09A70ECE717990300F8550020024B53F850
S2140066B02000FFF7D1BF00BF542E002038B5044697
S2140066C00078134D04302A460821C0B2FFF7BAF905
S2140066D020B1BDE838400F4812F078BD2B886380A3
S2140066E06B88E978A380AA88A3681A82AB7984F8B5
S2140066F0A030EB79A37119B1074B1B788B4205D2FA
S214006700064812F063FD23780133637138BD00BF7D
S2140067100251002031990300F85500205A990300D1
S214006720F8B504460B78484A0D4642F823004370F5
S214006730FFF7C4FFA268454B0226D364444BA11C56
S2140067405365444B44481365444B04F10C0CC2E9B2
S21400675016344FF44013E36001236161E16240495F
S214006760103221632265211D3E4AA1633E496265BF
S21400677004F1A002A061E163E265E01C611D3B4AF2
S214006780206261643A483B492266A21D237423773F
S21400679084F8283084F8343084F84030A16484F8D3
S2140067A04C6084F8583084F864306062A266E879F9
S2140067B0AA6800EB400102EB8107C7F804C04FF05F
S2140067C0060C2D4F42F82170C118C9B201EB4101E9
S2140067D042F821C002EB810700217960274F84F838
S2140067E080302767264F84F89830A767254F264BBA
S2140067F0E767264F84F8746084F88C60C4F89C3091
S21400680004F16C06831CC4F88470C4F89060204FB2
S214006810204EDBB203EB4303C4F89460C4F88870E0
S21400682002EB83067034746008261B4C42F8234043
S214006830C31CDBB203EB430302EB8304043042F8D1
S21400684023606160E871F8BD542E002093EF0200CB
S214006850D5EF0200E56500001000300189EF020068
S21400686001FF300104FF200102FF200105FF300177
S21400687000FF300103FF2101070001084A00210044
S21400688002310400510010000431040005310400F8
S214006890550021006F0018001200010400239B6AB7
S2140068A0B3F5804F03D21968064A914203D00023FD
S2140068B0037083607047012202709A689B69426089
S2140068C0F7E700BF07B0CD5E024B034A1A6029F017
S2140068D032BF00BF0000002002020FF073B53F4B2E
S2140068E004461A781AB102221A7002B070BDCDE9B9
S2140068F000220028F9D001261E7032F0ABFA384D7F
S214006900384B186017F044FA2B785BB902F0F2F9AE
S21400691040B935480823354A3549006801F038FE45
S21400692000B92E70334B5A68E260334A9A601A6E8A
S21400693022605A6E6260D3F87021A2601B6E5C04FF
S2140069402CD52E4AD368D807FCD42D4B1A68531C76
S21400695029D04FF4801393402A4A13660423294C07
S2140069604FF0804223664FF480632366102323662D
S2140069704FF400536846236601A92266636628F032
S2140069806AFB009B2366019B63662B78002BACD0CA
S214006990164B1A6822665B686366A6E71A4AD368CF
S2140069A0D907FCD4D1E7194B1B78002BD6D1184B4E
S2140069B05A68144B12B94FF480121A66154A526878
S2140069C012B94FF400121A66134B5B68002BC5D140
S2140069D04FF480020B4B1A66C0E700BF1456002027
S2140069E0155600208C2E002020600020902E0020BF
S2140069F0007108000080004455CEAC000000044042
S214006A00EC5F002000900044000004501356002065
S214006A100080055000C005500000065038B5224DD5
S214006A2004462B78012B02D001232B7038BD00289A
S214006A30FCD028F035FB013009D028F031FB40F2BD
S214006A400113984203D0194AD368DB07FCD42268A6
S214006A50174B1A6662685A66A268C3F87021E26825
S214006A60D40744BF00229A60124B1A68013213D131
S214006A70114A127882B911494968C80748BF1A6096
S214006A800F4A5268D10744BF01221A600D4A526865
S214006A90D20744BF02221A6017F082F90A4B186820
S214006AA032F0D3F90023C0E714560020000004405B
S214006AB000800044EC5F0020135600200080055044
S214006AC000C00550000006508C2E002070B5002433
S214006AD0A36AB3F5804F23D21A68134B9A421FD18C
S214006AE0124E337813F0FD0518D14FF48034104859
S214006AF0FFF7F4FE032004F0CBF90E4B0320DC6016
S214006B0004F0AAF90C4B1C61AB6ADB699847044693
S214006B100748FFF783FF0CB901233370204670BD8A
S214006B204FF48174FAE700BF07B0CD5E135600201D
S214006B307C2E002000A000440090004413B5204B9B
S214006B401B7803B9FEE700231E4CCDE900336A46E6
S214006B5008231D49206801F01BFDF8B91B4AD2F82E
S214006B604031D2F840211F2B4FF0010311D9203AB3
S214006B709340019A1A43019208236A4612492068F4
S214006B8001F08EFE124B134A1A6029F0D4FD02B0B3
S214006B9010BD9340009A1A430092EDE72D28F1D1DC
S214006BA00A4AD2F84031D2F840211F2B4FF0010399
S214006BB085BF203A93409340019398BF0093DBE74C
S214006BC01456002020600020007108000080004459
S214006BD0000000200B020FF038B50025AB6A044613
S214006BE0B3F5804F10D21B6BB3F5804F0CD207481D
S214006BF0FFF774FEAB6A20461B6B5B689847BDE8E0
S214006C0038400248FFF70ABF38BD00BF982E002064
S214006C1013B50024A36A0190B3F5804F13D21B6B03
S214006C20B3F5804F0FD20948FFF758FEA36A01213B
S214006C301B6B01A89B69984704460448FFF7EEFEC5
S214006C40204602B010BD4FF48174F9E7982E00205C
S214006C5070B50026B36A0446B3F5804F0D4612D2CF
S214006C601B6BB3F5804F0ED20848FFF737FEB36AAA
S214006C7020461B6B29469B69984704460348FFF746
S214006C80CDFE204670BD4FF48174FAE7982E0020A2
S214006C9070B50026B36A0446B3F5804F0D4612D28F
S214006CA01B6BB3F5804F0ED20848FFF717FEB36A8A
S214006CB020461B6B2946DB69984704460348FFF7C6
S214006CC0ADFE204670BD4FF48174FAE7982E002082
S214006CD0F8B50027BB6A0446B3F5804F0D46164646
S214006CE011D21B6B7BB10948FFF7F8FDBB6A204643
S214006CF01B6B324629465B6A984704460348FFF7F3
S214006D008DFE2046F8BD4FF40174FAE7982E002059
S214006D1070B50026B36A0446B3F5804F0D4612D20E
S214006D201B6BB3F5804F0ED20848FFF7D7FDB36A4A
S214006D3020461B6B29469B6A984704460348FFF784
S214006D406DFE204670BD4FF40174FAE7982E0020C1
S214006D50F0B50027BB6A0446B3F5804F0D461646CD
S214006D60ADF5337D20D21B6BB3F5804F1CD2104897
S214006D70FFF7B4FDBB6A20461B6B40F2C1225B6A7C
S214006D8001A99847044630B10948FFF747FE204658
S214006D900DF5337DF0BD836A32461B6B2946DB6AF0
S214006DA001A898470446EFE74FF40174EFE700BFE9
S214006DB0982E002010B50024A36AB3F5804F10D299
S214006DC01B6BB3F5804F0CD20748FFF787FDA36A0D
S214006DD01B6B1B6B984704460348FFF71FFE2046B5
S214006DE010BD0124FBE700BF982E0020F0B58FB041
S214006DF0044601A80E461546FFF7EEFE9DF80C3039
S214006E00012B12D1B5F5402F27D8B4F5402F24D842
S214006E106319B3F5402F20D821462A46304613F092
S214006E2077FC002420460FB0F0BD0027BB6AB3F500
S214006E30804F15D21B6BB3F5804F11D20A48FFF76F
S214006E404DFDBB6A2A461B6B314620465B6B984756
S214006E5004460548FFF7E2FDE4E740F20244E1E7B6
S214006E6040F20114DEE700BF982E0020F0B58FB088
S214006E70044601A80E461546FFF7AEFE9DF80C30F8
S214006E80012B1FD1B5F5402F06D8B4F5402F03D8F7
S214006E906319B3F5402F13D940F2024420460FB0D1
S214006EA0F0BDE258013225D104339D42F9D82A4676
S214006EB03146204628F024F90028EDD00024EDE7DE
S214006EC00023F2E70027BB6AB3F5804F15D21B6B91
S214006ED0B3F5804F11D20A48FFF700FDBB6A2A4679
S214006EE01B6B314620469B6B984704460448FFF7C9
S214006EF095FDD3E740F20344D0E740F20114CDE716
S214006F00982E002070B58EB0044601A80D46FFF7F7
S214006F1063FE9DF80C30012B22D144EA0503C3F32F
S214006F200C03002B33D1B5F5402F04D940F20244B0
S214006F3020460EB070BDB4F5402FF7D82544B5F501
S214006F40402FF3D8204604F5005428F0D2F8AC427F
S214006F5002D00028F6D1E9E70028E7D00024E7E7CA
S214006F600026B36AB3F5804F14D21B6BB3F5804F7F
S214006F7010D20A48FFF7B2FCB36A29461B6B2046BC
S214006F80DB6B984704460548FFF748FDD0E740F21C
S214006F900444CDE740F20114CAE700BF982E002053
S214006FA0BFF34F8F0549064BCA6802F4E0621343ED
S214006FB0CB60BFF34F8F00BFFDE700BF00ED00E0E2
S214006FC00400FA0570B5D0B1C9B10E4E431E0139A2
S214006FD013F8014F2046325D02F00302012A11F831
S214006FE0012F08BF04F12000B55C05F00305012D54
S214006FF008BF2032801A01D1002CE9D170BD0120D3
S214007000FCE700BFD55804000348044A0449121A96
S214007010921028F0C1B800BF34410000D0420000F2
S2140070202C5D002008B5154B83F30A8800F030F875
S214007030FFF7EAFF124B13498B4212D30020124B84
S21400704012498B4218D3FDF74DFE186850F82240BF
S214007050586840F82240013298688242F5D30C33D3
S214007060EAE70022F8E71C6844F8220001325C6870
S214007070A242F8D30833E4E70022F8E7080000202D
S214007080747D0400807D0400807D0400807D040003
S214007090124B134A70B59A60D3F88820114D42F40B
S2140070A07002C3F888206FF0010205F500542266CE
S2140070B041F2FF7262660222C3F8D020BFF34F8F00
S2140070C0BFF36F8F4FF44036032003F0E1FE03203A
S2140070D0E66003F0C1FE2E6170BD00BF00ED00E06B
S2140070E00040000000800044014B1860704700BF5D
S2140070F0F45F0020054B1860054B1B6F03F0070379
S214007100032B01D12FF0FEBF704700BFFC5F0020AD
S214007110008000502DE9F04104464FF001080C2590
S2140071200D4E0CB9BDE8F08194FAA4F0B0FA80F0E8
S2140071300F2808FA00F2C8BF103824EA0204CABFB3
S21400714005FB006205FB0062B4325768002FE8D0EA
S2140071509168C0B2B847E4E7A82E002008B50C48EE
S21400716031F016FF192003F085FE28B1192003F030
S2140071708FFE192003F070FE1A2003F07BFE28B164
S2140071801A2003F085FE1A2003F066FE002008BDD4
S214007190643304002DE9F0410E461746054618B341
S2140071A00F2923D80378DBB1013BDBB2022B19D8B9
S2140071B0104AD35C6A78D340DB0717D50E4BD3F85A
S2140071C01043ACB931F046FE80463A462846314672
S2140071D002F0BEFB404631F038FE2046BDE8F081A6
S2140071E07F23E7E70023E5E72224F6E72124F4E7F8
S2140071F00224F2E75831040000C0035010B50446DC
S21400720010B30378E3B1013BDBB2022B1AD8104A65
S214007210D35C6278D340DB0718D531F01BFE012221
S214007220617823788A4030214B4341F2100103F104
S214007230A04303F570335A5031F007FE002010BD0E
S2140072407F23E6E70023E4E72220F8E72120F6E79D
S2140072505831040010B5044610B30378E3B1013B7F
S214007260DBB2022B1AD8104AD35C6278D340DB0715
S21400727018D531F0EFFD0122617823788A4030215D
S2140072804B4342F2100103F1A04303F570335A500A
S21400729031F0DBFD002010BD7F23E6E70023E4E7A6
S2140072A02220F8E72120F6E75831040038B50D46CD
S2140072B0044618B311B30378E3B1013BDBB2022BEB
S2140072C01AD8104AD35C6278D340DB0718D531F061
S2140072D0C1FD30222378534303F1A04303F57033F6
S2140072E05B696278D34003F001032B7031F0ADFD8B
S2140072F0002038BD7F23E6E70023E4E72220F8E7F6
S2140073002120F6E7583104002DE9F0410D461646D7
S2140073109846044600284FD000294DD00178002911
S21400732040D04B1EDBB2022B3ED8254AD25C637897
S214007330DA40D20701D4FF2940D1022E01D9042E0B
S2140073403CD131F087FD23780746FF2B05D0324627
S2140073502046296802F042FB28602B68013309D1D9
S2140073602378FF2B06D1174B6078D3F8241428F027
S21400737052FC286029684B1C18D00C23124A03FBC9
S2140073800122069BC2F8048093602378FF2B04D06A
S21400739001230E4A8B40C2F82434384631F055FD9E
S2140073A0002007E07F22C2E70022C0E7384631F01F
S2140073B04CFD2D20BDE8F0812220FBE72120F9E7D7
S2140073C05831040000C00350A82E002000D00350FF
S2140073D008B502F0B3FA044B00F05530C3F82004A9
S2140073E0BDE80840FFF796BE00E0035008B502F07F
S2140073F0A5FA044B00F0AA30C3F82004BDE8084004
S214007400FFF788BE00E003502DE9F04F144605460E
S2140074100E469B46C36B87B001225B6902A9606873
S2140074209847EB6B01225B6903A93046984702A890
S21400743028F0B1FA074648B10023A37563754FF0EC
S214007440FF33A360002007B0BDE8F08F03A828F044
S214007450AFFA0123A375237E04EBC303DE611F840A
S2140074606368B3420ED1206003A828F0C3FA4FF039
S214007470FF332075A360237D043B022B26D8002310
S214007480A375DFE723681A1A53425341A37503A86E
S21400749028F0B0FA237D834218BFA77503A828F00A
S2140074A08BFA074602A828F087FA874218BF0023FF
S2140074B003A818BFA37528F087FA074602A828F085
S2140074C083FA87421CBF0023A375D4E703A828F0DD
S2140074D073FA80B1EB6B022230465B6904A99847C9
S2140074E004A828F078FA0346207D032839D8DFE878
S2140074F000F03838040903A8F3E7CC22237E04EB17
S214007500C3031A8401F06EFC109B187003A8277E34
S21400751028F046FA04EBC70787F82200237E03A864
S21400752004EBC303B3F8209093F8227028F044FAD3
S214007530804603A828F048FA8246B8F1000F15D016
S214007540EB6B022230465B6904A9984704A828F032
S21400755007FA6075637D6BB90023A3754FF00008CA
S21400756038E0227E04EBC2021384CBE703A828F09F
S214007570E2F9EEE794F81680B8F1000FEED0B9F114
S214007580000F09D1DFB10123E375637E002B4FD1D5
S214007590012F42D1677614E06B6C06EB0A015A4263
S2140075A086EA010010421CBF0022A2755A1E0A403D
S2140075B09B1A9945D0D8A37D002BE3D1CEE7E37D77
S2140075C043B94FF000084B4652463146284627F04E
S2140075D02DFFA060A27D12B123694B4423611A4996
S2140075E0237E097899422AD901332376BBF1000F0E
S2140075F027D032B3E37D23B3B8F1000F21D1032F98
S2140076001FD0A1684B1C1CD0109B22460093284616
S2140076100123FFF7F9FEA07513E095F8343063B93F
S214007620EB6A0133CFD1032FCDD10123A376C8E770
S214007630012FCFD0032FC4D1F7E79846C3E7002326
S214007640A375A07DFFE600BF7C3104002DE9F04F56
S2140076500E46984600238BB004464FF0FF31104686
S21400766017468DF8133001F0A7FBB6F5801F20D221
S214007670314605AA04F1080028F0DFF8451C01464B
S21400768003D1237CBBB92D2010E0384601F094FBD3
S2140076900122394620460DF1130327F019FF002872
S2140076A0EFD09DF8133088F8003000200BB0BDE80E
S2140076B0F08FB01CE5D1E56A691C36D12046616AB8
S2140076C027F0FAFD0546B31C18BF0123DFF8CC905F
S2140076D00193636A626C0293236805A902FB053A6C
S2140076E0E36B05225B695046984705A828F0EEF93B
S2140076F028F011FA504628F019FA4FF0000B82468F
S21400770001464B1C05D0636C81EA0A025B421342B9
S21400771011D02946204627F0CFFD029BAB422CD045
S214007720BBF1000F2CD10546D3E72368ED1A636C36
S214007730B5FBF3F5C7E7484601F03EFB0DF1130332
S21400774049462046019A27F0C3FE034690B1B21C74
S21400775003D0D9F80020B2420CD19DF81320039331
S2140077600D4B88F8002049461A68384612F0D0FFBC
S214007770039B9B46D9F80810C3E7BBF1000F82D0E5
S214007780B6F5801F91D2314698F800307A6804F139
S214007790080001F03FFA88E77831040084360020BC
S2140077A02DE9F3410446174698460E46184D816A61
S2140077B0E36A8B4201D04B1C02D102B0BDE8F081D7
S2140077C0284601F0F9FA0122294620460DF1070362
S2140077D027F07EFE38B14346294620469DF807200E
S2140077E0B8470028E9D0A9684A1C04D16968204631
S2140077F027F0EFFD0146012EDAD16B6881EA03021D
S214007800636C5B421A4218BF4FF0FF31D0E700BFEF
S214007810583600202DE9F04F4FF0FF334FF6FF7239
S2140078200025044600F10806C0E909238BB0C362B0
S214007830056205633046884627F0D0FF204627F0CD
S2140078400BFD60BB2046414627F086FD204627F00C
S21400785003FD60BB5E200BB0BDE8F08F2368E26BD3
S214007860606C576900FB0530052205A9B84705A8D6
S21400787028F02CF9012807460CD12946204627F087
S2140078803CFD012F024600D101322946204627F052
S21400789002FD03E028F044F90028EED10135E36943
S2140078A09D42DBD3204627F0D7FC0028CAD000250F
S2140078B04FF0FF394FF6FF73CA46A846C4E908538F
S2140078C0E36998450AD3A5EB0905012D2CD84FF698
S2140078D0FF72636A93423CD16720BCE72368E26B81
S2140078E0606C576900FB0830052205A9B84705A853
S2140078F028F0ECF8834605A828F0BFF80746584657
S21400790028F009F968B1574538BFC4F82480B9454E
S21400791028BFB946BD4238BF3D46BA46236A013342
S214007920236208F10108CBE74FF6FF730025636278
S214007930E3699D42CBD2676C2068E36B052207FBA8
S21400794005005B6905A9984705A828F096F8013553
S214007950EEE7E26B676C2068694607FB0300556933
S2140079600522A847684628F088F8626A2368606C93
S2140079704B4D00FB023028F0D9F84FF0FF33A062E1
S214007980E3622A466FF00101204605ABFFF75EFE74
S214007990002846D1AD6829462046E56227F038FC27
S2140079A0206320B92046E16A27F013FDE0622946ED
S2140079B0204627F00EFD0546A36A9D4233D1204699
S2140079C027F0F9FB00278046B946E36999453CD382
S2140079D0B84559D92046616A27F06EFC0026054650
S2140079E004F1400AB74212D8626C2368694602FB6B
S2140079F00539E36B05225B6948469847684628F0D8
S214007A003CF8534602464946E06B28F091F8294672
S214007A10204627F051FC0136B0450546E2D16420E9
S214007A2019E7A56AB7E72946204627F0F1FB236B3E
S214007A302946034407462363204627F0CAFC05462A
S214007A40002FB9D1C4E90B07B6E7636C2568052299
S214007A5003FB0955E36B05A95B692846984705A80B
S214007A6028F034F828F057F858B1284628F05EF881
S214007A700146204627F0CCFB636C143B984208BFB7
S214007A80013709F10109A0E7304627F0A7FE0023D9
S214007A9020461946034AFFF783FE0020DBE600BFB8
S214007AA0B0360020BFF402002DE9F041036B90468B
S214007AB0826B07689A4288BF8363426C436A90B0C1
S214007AC002FB0377C36B0E46052201A95B690446D9
S214007AD03846984701A827F0F9FF0128014630707C
S214007AE057D0656CE26B2368606AD2F814C005FB59
S214007AF00030052206A9E04706A827F0E7FF012880
S214007B004FF0000523D0D4E90A3201219342CDE993
S214007B100B458DF834800E958DF83C102AD1194609
S214007B20204627F056FC236B626C14339B1AE062E7
S214007B3023630C9B53B99DF83C303BB1626A616C81
S214007B402368E06B01FB023127F078FF0C9DE36BA6
S214007B5005225B6901A93846984701A827F0B6FFB9
S214007B6030702846236BA26B9A4288BFA36310B07E
S214007B70BDE8F081237C33B91C490BAA04F1080048
S214007B8001F096F8D5E72046194A0BABFFF708FE3A
S214007B90CFE7237C23BB2246164904F1080001F0F8
S214007BA087F8616A204627F0A8FB616A421C2046D7
S214007BB027F071FB054620B9236B626C1344143B17
S214007BC023632046A16A27F004FC2368A062C01A3B
S214007BD0636CB0FBF3F06062204627F03DFCB6E72E
S214007BE000232046044AFFF7DBFDDAE74D8300005A
S214007BF0C982000059F50200F5F4020073B50D467F
S214007C00D11E4A421C461B7E4A419A4226D129680A
S214007C102368994222D3636899421FD8114E0DF10A
S214007C2007033246FFF712FDC0B972686B689A42C6
S214007C3014D19DF80730DA1E53425341227E9342F8
S214007C400CD1636901336361D4E90323934205D2FF
S214007C502968A26842F8231001332361012002B08C
S214007C6070BD00BFB03600202DE9F04F9B4689B0AE
S214007C709DF848309046514A0193136907465B4584
S214007C800D46C0F09580D94653680093B9F1000FB1
S214007C907BD0FB6B01225B6905A90098984705A875
S214007CA027F086FE454B1B68984240F0848005A866
S214007CB027F08AFE0428064615D105A827F08BFE75
S214007CC0009B04461E44019B002B3ED1804512D9E2
S214007CD01C46A8EB00083846009927F07AFBA9EB6B
S214007CE004090090D2E7FB6B02225B69009806A9A4
S214007CF0984706A8E2E7A0EB08045C4528BF5C4668
S214007D00032C4644ABEB040B1DD9FB6B29463046CF
S214007D105B69A208984724F0030304F0030A1E4494
S214007D201D44DDF80480BAF1000FD4D0FB6B0122AD
S214007D3006A930465B6998475246284606A912F0BF
S214007D40E7FC5544C7E7A246EBE7824600F003038C
S214007D5002932B1803930644039BA6EB0A00A3EB9F
S214007D600A05029B9A4514D1BAF1000FB3D0FB6BFB
S214007D70012206A95B6998475246284606A912F0D2
S214007D8083FE0028DDD04FF03609484609B0BDE82E
S214007D90F08FFB6B012206A95B69984704222846F0
S214007DA006A912F071FE0028EDD1AAF1040AD3E765
S214007DB04FF06309E9E74FF06F09E6E7DC3600208D
S214007DC02DE9F0410F4616469846044688B060B343
S214007DD090F83450FDB1012127F033FA00210E9BB4
S214007DE0CDE90511CDE902379DF83C30CDF8048089
S214007DF08DF81C30237C04968BB90D4901AA04F13A
S214007E00080000F055FFDDE90553E06B002E08BFC3
S214007E101D4627F0AFFB284608B0BDE8F081204697
S214007E20044A01ABFFF7BCFCEDE70546F3E700BFED
S214007E3023F50200FD7B00007FB590F84260044603
S214007E4001920DF10B030A463046114927F09AFBC2
S214007E50012E0546E36B17D132465B6903A99847A6
S214007E609DF80B10039B019A59B19BB243EA02435B
S214007E70012228460393E36B03A99B69984704B045
S214007E8070BD62F30F03F3E701229B6901A9F5E7D2
S214007E90DC3600202DE9F04F99B00E460D920A69A7
S214007EA0416C0B931439D31DB3FBF1F3013302EB92
S214007EB0C302036B04469342C0F001820023DFF83E
S214007EC004940893E36A48461946059300F074FF45
S214007ED0D6E9033707930B9B022B4DD1CC2F40F0EE
S214007EE0D7810D9B3BB13146204627F0A1FB656C40
S214007EF01490012044E00120079B656C1B681493D6
S214007F0000F0010000280CBF04230823782F0E93EE
S214007F1049D8059A6B1E1340ED1A3B1D9D423CD274
S214007F20002F3DD0082D3ED80023042506934FF0A1
S214007F30040A336806990B98C9F80030C9F810701F
S214007F4027F05CFD4FEA9A030F93059B89F814000F
S214007F500393002309930C9304930A93616C039B89
S214007F604A1E1A408B1A27B35544AB4223D8236BBC
S214007F705B1A134423632FE1782F656CB9D8F07D24
S214007F800D9B002BBCD0E36B01225B69706816A9C1
S214007F90984716A827F010FDB4E700250695C6E713
S214007FA004250697C3E7012300254FF0080A069329
S214007FB0BFE75345DBD3A3EB0A029742039BB846C1
S214007FC028BF90469742534428D90122D9F810106A
S214007FD089F817208F4226D10399C9F80410049215
S214007FE099F817200AB399F818100398CA1C09EBD9
S214007FF0C202506004980131A2F80880907289F895
S2140080001810B8F1000F07D00B9A022A40F08180B2
S214008010099A72B1012209929B46ABE0049A002AA3
S21400802018BF0322DBE70222D9E7039AC9F8042027
S214008030E7E70C9A4244032AEED9E26B18469569A4
S21400804014A901220993A847099B05460028E1D0F8
S2140080503D2D40F01E8104F1080303932368059A22
S214008060606CA2EB030ABAFBF0FA00FB0A3027F0BA
S2140080705DFDE16A8046204627F0ABF9A26A82429F
S21400808000F00F81626CD9F80830511E0B40216B4E
S2140080902768891A0B442363089BE062DF1BB7FB43
S2140080A0F2F7BA4540F0FA80059BB3EB080A12D007
S2140080B0E36B4FEA9A0241469B6998478346E36A18
S2140080C0059A5344E362236B03989B1A4344236345
S2140080D027F084FBDA462368616CE06B01FB07310E
S2140080E027F099FC204627F0B7F8204627F0B4F989
S2140080F02063BAF1000F00F0D4803269616CD31DA2
S2140081001439B3FBF1F3013302EBC3029042A5D25C
S214008110BFE00D9A002A77D1B8F1030F4FEA980214
S2140081206ED9E16B18468D6907991093A847109B86
S2140081300546C0B918F0030515D0079A28F0030BBA
S21400814002EB0B019B444FF0FF3215A815922A460E
S214008150109312F0DDFAE26B5846956915A90122D4
S214008160A8470546109B9B46079A42440792002D57
S21400817040F08B80049B16A80193069B009399F809
S21400818014204346316800F0CDFDE36B0F9A9B69DF
S214008190039816A99847039A051E089B18BF13460E
S2140081A00893434652462046039927F03FF9236B2F
S2140081B008F10302A3EB0A0322F003029B1AC9F894
S2140081C008002363002D7FF443AF0C9BA7EB080742
S2140081D043440C93CDF80CB02046039927F0F9F8E9
S2140081E000250390002F7FF4B9AE364A31689368B5
S2140081F004F10800E36252680B9B00F00BFD49E0B7
S2140082009B46454607999EE79B4606F1200210923C
S214008210F27D7068A2B1002296F818C00A99D5B20D
S214008220AC4511D9109D02F1010E35F832508D4241
S21400823028D90E9806EBC2020144D069084403E030
S2140082400E9A0A990A441044E26B15A95569012250
S2140082501193A847159A0A9B1392E26B043395690B
S2140082605846012213A90A93A847119B054603EB1B
S2140082700802A2EB0B02042A7FF679AF28B90BF1AD
S214008280040BC5E77246491BC9E7CDF820B088E75E
S21400829070252F46384619B0BDE8F08F4FF0000A1B
S2140082A019E73269616CD31D1439B3FBF1F301335E
S2140082B002EBC302236B9342BFF404AEE9E71C272C
S2140082C0E8E700BF84360020032A2DE9F34106467E
S2140082D00D4617461C4606D1237A012B23D00120D3
S2140082E002B0BDE8F081DFF86080096842460DF113
S2140082F00703FFF7ABF960600028EDD19DF8072073
S214008300237A032AE8D0D8F804106A689142E3D1A9
S214008310012B2969D4F80CC007D172690CEB010354
S214008320934202D92074207CDAE708316144E16088
S2140083303B46012229463046FFF7ACFD6060002828
S214008340CAD00020CCE700BFB03600202DE9F341AC
S214008350089C032A1746266806D1237A012B24D0C8
S214008360012002B0BDE8F081DFF89080304642463A
S2140083700DF10703FFF76AF960600028EDD1256864
S214008380D8F80400A96AD5F844C04840CCF10003E8
S2140083901840227AE1D1012A09D1E268D8F81030D3
S2140083A013447269934202D92074207CD9E7286866
S2140083B0EB6A1B1A081AB3FBFCF3B0FBFCF0834213
S2140083C00BD1706CF36A421E1340326B121A1344C0
S2140083D02846336326F0FDFFE862D8F81020E368ED
S2140083E008321344E36001223B4604492068FFF745
S2140083F051FD60600028B0D00020B2E7B036002003
S2140084002DE9F0410025604B0E46D3F80080044667
S2140084101D6018B921252846BDE8F08190F8347013
S21400842007B30A6803689A4240F0A3804A68436824
S2140084309A4240F09E808A6883689A4240F099800B
S214008440CA68C3689A4240F094800A6943699A42AF
S21400845040F08F808A69C36B9A4240F08A804B69ED
S2140084608361D8E768223946856B11F0C1FFD6E9EB
S2140084700212336804F1080023607368A563636022
S214008480336963617369A36127F0BAF9B36904F1CC
S2140084904000E3639B68984720B9676C17B1636830
S2140084A0B3FBF7F794F84330E761002BB2D0002314
S2140084B0656C2366002D64D0002F62D02368B3FB62
S2140084C0F5F205FB1233002B55D16668B6FBF5F3C3
S2140084D005FB1363002B4ED1204626F089FEA369C8
S2140084E0043303449E4248D340F634726369CC3B5F
S2140084F0934244D8B5F5805F43D30321204626F047
S214008500A0FED4E90001E36B1B6898470546E36BC1
S2140085100220DB689847CDB941462046FFF77AF936
S2140085206428054604D141462046FFF773F9054600
S214008530666C5DB9236A2046143E5E4326F058FEFC
S214008540A369043303449E4238BF5A25002D0CBF4E
S2140085500123002384F8343007D1D4E900010B4A04
S21400856013680133136027F0E5F9E06B27F002F893
S21400857051E75D254FE759254DE75A254BE75F251F
S21400858049E75B2547E700BF143000201030002085
S2140085902DE9FF410C4616461F46054680B390F867
S2140085A034307BB3B1F5801F2ED2DFF86080012116
S2140085B026F047FE2146424628460DF10F03FFF7F8
S2140085C045F8044670B99DF80F30012B11D1D8F844
S2140085D01030BB4212D10246009031462846FFF7C3
S2140085E043FB0446E86B26F0C5FF204604B0BDE812
S2140085F0F081022B14BF2D246024F3E76324F1E7F7
S2140086002124F2E71124F0E72924EEE7DC360020E7
S2140086102DE9F04385B00C4617461E460546DDF8A4
S214008620308098B390F8343093B3B1F5801F31D2D0
S214008630DFF86490012126F004FE21464A462846CB
S2140086400DF10F03FFF702F8044688B99DF80F30C6
S214008650012B14D1D9F8102006EB08039A4213D345
S21400866000904346324639462846FFF7FDFA044650
S214008670E86B26F07FFF204605B0BDE8F083022BAE
S21400868014BF2D246024F3E76324F1E72124F2E7E6
S2140086901124F0E72924EEE7DC36002073B50C46FB
S2140086A01646054630B390F834302BB3B1F5801F2C
S2140086B024D2012126F0C5FD21462846104A0DF198
S2140086C00703FEF7C3FF044680B99DF80730032B67
S2140086D00CD0022B0CD12846094926F0A9FF3060A1
S2140086E0E86B26F047FF204602B070BD2D24F7E762
S2140086F06124F5E72124F6E71124F4E72924F2E7BC
S214008700DC3600202DE9F3411E4600230C461746B2
S2140087100546336050B390F834304BB3B1F5801F44
S21400872028D2DFF85480012126F08BFD21464246F0
S21400873028460DF10703FEF789FF0446A0B99DF809
S2140087400730032B10D0022B03BF01233B6004230A
S214008750D8F8103018BF38603360E86B26F00AFF90
S214008760204602B0BDE8F0812D24F6E72124F7E785
S2140087701124F5E72924F3E7DC36002073B5044618
S214008780056B26F035FD636E03449D422CBF002327
S2140087900123854294BF00252D1A207C84F8503092
S2140087A0656584F85800A8B100230C4E1A46194691
S2140087B02046009627F000F8002305461A4619467C
S2140087C02046009627F001F8E3682844984294BFB4
S2140087D00020C01AE06502B070BD00BFFFFF0F00AA
S2140087E02DE9F3471E4643690446B34288461746BA
S2140087F09DF828904ED300258DF80750204626F089
S214008800F7FCD4F830A082450AD2236AB5EB430FB2
S21400881006D2002220460DF10701FFF745F9B8B34E
S2140088209DF80730012B05D1002220460DF10701E7
S214008830FFF73AF9B9F1030F06D03146204626F085
S214008840C7FC256B854227D3144D4FF0FF312846D1
S21400885000F0B2FA4B46294600222046C5E90376C8
S214008860C5F80080FFF716FB236E054663B1204669
S214008870FFF784FF94F8503013B994F858301BB1C2
S214008880236E04F150009847284602B0BDE8F087F2
S2140088900135B3E76225F7E71C25F5E7B03600207B
S2140088A02DE9FF410F4690461E46054698B390F8C0
S2140088B0343093B3B1F5801F31D21A4C022126F022
S2140088C0C0FC2246394628460DF10F03FEF7BEFED1
S2140088D0024678B10123424600933946334628467D
S2140088E0FFF77EFF0446E86B26F044FE204604B001
S2140088F0BDE8F0819DF80F30012BEBD12169B14224
S214008900E8D10093414633462846FFF7ADF90446C2
S2140089100028DFD1E7E72124E8E71124E6E7292449
S214008920E4E700BFDC3600202DE9F04790F842303F
S21400893086B0012B05460391A1EB020740F0AA8002
S214008940FF2F03D81E464FF0640807E00226012BCF
S21400895014BF4FF032084FF06408013600244FF67B
S214008960FF79DFF844A195F84230012B14BF32237B
S21400897064239C4202D35FFA88F40DE005AB2246DE
S2140089805146284626F032FE95F84230012B059BCC
S21400899034D14B452DD1E4B295F84230012B14BFAB
S2140089A032226422121BB24217D3012E39D1002282
S2140089B0012B05978DF8132027D1082205A90DF164
S2140089C0130027F0CFF89DF81330059A42EA0322E9
S2140089D021462846FFF730FA40B102233249009379
S2140089E02846CC23096803AAFFF7FAFE06B0BDE8BE
S2140089F0F087DBB203B902340134B4E7591CCAD09D
S214008A009BB2002BF8D10134F6E7102205A90DF130
S214008A10130027F0A7F89DF81330059A42EA0342A0
S214008A20D6E7039A012B059223D10823202205A915
S214008A300DF113008DF8133027F094F89DF81320ED
S214008A40120221462846FFF7F7F995F84230611CD6
S214008A50012BC9B21AD10028BFD12846BDF8142070
S214008A60FFF7EAF90028B8D10234BDF81620E1B2C3
S214008A70AFE71023202205A90DF113008DF813305F
S214008A8027F070F89DF813201204DAE70028A4D126
S214008A90059A9EE7B7F5803F4FF00106BFF457AF43
S214008AA04FF032085AE700BFDC36002070B586B0BB
S214008AB00E4605460392A0B390F834309BB3B1F54A
S214008AC0801F32D2022126F0BCFB31462846184AC7
S214008AD00DF11703FEF7BAFD044618B99DF81730D6
S214008AE0032B0ED10223314600932846CC2303AA3B
S214008AF0FFF776FE0446E86B26F03CFD204606B0FF
S214008B0070BD022B0BD10A49284626F091FD039929
S214008B1002468142EFD02846FFF706FFEAE76124C7
S214008B20E9E72124EAE71124E8E72924E6E700BF7D
S214008B30DC360020F7B50C461646054668B390F8B6
S214008B40343063B3B1F5801F2BD2022126F079FBB7
S214008B5021462846144A0DF10703FEF777FDC0B9F3
S214008B609DF80730032B14D0022B14D10E4928464B
S214008B7026F05EFD471C024639462846FFF7D4FE1F
S214008B80044606B13760E86B26F0F4FC204603B0D6
S214008B90F0BD2D24F7E76124F5E72124F6E711243C
S214008BA0F4E72924F2E700BFDC36002030B50C4697
S214008BB0054685B028B390F8343023B3B1F5801F4E
S214008BC023D2022126F03DFB0DF10F032146284655
S214008BD00F4AFEF73BFD034688B99DF80F20032A8F
S214008BE00DD003222146009202462846FFF7F8FDE4
S214008BF00446E86B26F0BEFC204605B030BD2D24AA
S214008C00F7E72124F8E71124F6E72924F4E700BF64
S214008C10DC3600202DE9F043466886B305689846A2
S214008C204FF0000CA946AE4655F83C400CF1010C3E
S214008C30C4F31307013401D0B94217D0B4450EF17E
S214008C40080EF1D12F46002403E0B44207F10807CE
S214008C5012D055F8343001340133F6D1C1F3130184
S214008C6041EA0851C7E90012BDE8F08341EA08511D
S214008C70CEE90012BDE8F083B8F1030F03D101235B
S214008C800372BDE8F083002303E0B34209F108094C
S214008C90F5D055F833400133C4F30754032CF4D110
S214008CA0C1F3130343EA0853C9E90032BDE8F08371
S214008CB02DE9F0410646406882B0B8B10F469046AE
S214008CC00024336853F8345003EBC403C5F307524B
S214008CD0C5F31301013506D05B683046CDF8008039
S214008CE0B84718B1706801348442EAD302B0BDE8D0
S214008CF0F08100BF024B1968024B1868FFF780BB73
S214008D00006000202060002008B530F096F8014B87
S214008D10186008BD08370020014B186830F088B886
S214008D200837002073B504462248012A00EAC1111C
S214008D309DF8185023F07C4007D9961E012E28D99E
S214008D40073303F07F03194308E09DF81C300A43FD
S214008D50DB0603F0C053134343F060410023C4E92D
S214008D6000108DF80730B5B1202221460DF107001E
S214008D7026F0F8FE1A220DF10700211D26F0F2FE5D
S214008D80082063689DF8072043EA8263636002B0A8
S214008D9070BD1143E2E71B220DF10700214626F0C5
S214008DA0E1FE23689DF80720042043EAC26323609F
S214008DB0EDE700BF80FFFF0738B5094B0D461A6880
S214008DC00021044611F014FB00234FF0FF322383EA
S214008DD0C4E900252361A260E382A37638BD00BF04
S214008DE0783104000138C0B205289ABF014B185CE0
S214008DF0012070477D3104002DE9F04107461546F5
S214008E0000240E46596888B0490A012922464FEACE
S214008E10510104F10104F8D8DC78997824031B8802
S214008E20C90201F4006104F480540C43C3F30A033E
S214008E305203234492B24FF000089C18274B6FEA67
S214008E400444039325F07843ED4302A90DF107008F
S214008E501B2202938DF8078026F084FE9DF80720DB
S214008E60029B02A943EAC2630DF107001B2225F00C
S214008E707845049302958DF8078026F073FE9DF8DA
S214008E800720029B6FEA144443EAC26305934FF03F
S214008E90FF330794069307A9BB69012206F1100069
S214008EA09847BB6905A90446012206F108009847C1
S214008EB0BB69404518BF044604A90122301D9847E7
S214008EC00122404518BF0446BB69304603A99847AF
S214008ED0404508BF204608B0BDE8F08101009AB2C0
S214008EE038B5104B0546D3F800310C4603F00303A3
S214008EF0022B0BD0032B0DD0012B0FD12EF01CF91B
S214008F00032305B1286004B1236038BD2EF05EF956
S214008F100723F6E72FF0A4FF0623F2E7012300203D
S214008F20EFE700BF0080005038B5134B0546D3F876
S214008F3020010C4600F0070004281AD8DFE800F0ED
S214008F4003090D111500012305B1286004B1236043
S214008F5038BD2EF0B7F80423F6E72EF0EDF803231D
S214008F60F2E72EF0EFF80523EEE72EF0E1F8022305
S214008F70EAE700231846E7E70080005038B5104BB4
S214008F800546D3F840310C4603F00303022B0BD002
S214008F90032B0DD0012B0FD12FF064FF082305B152
S214008FA0286004B1236038BD2EF010F90723F6E7D9
S214008FB02FF05BFF0923F2E701230020EFE700BF55
S214008FC00080005038B5104B0546D3F860310C468B
S214008FD003F00303022B0BD0032B0DD0012B0FD174
S214008FE02FF040FF082305B1286004B1236038BD88
S214008FF02EF0ECF80723F6E72FF037FF0923F2E709
S21400900001230020EFE700BF0080005041F67132D8
S21400901010B5104C104BA04294BF00240124D9690F
S214009020DA639A6801F4803122F4401242EA04526C
S2140090309A600A4A90420A4AD2F818028CBF40F058
S214009040020020F00200C2F8180209B10022DA631A
S21400905010BD00BF005A62020000035080F0FA0202
S21400906000C007502E4B98424AD022D82D4B98422B
S21400907040D014D82C4B984239D00AD82B4B984263
S21400908032D02B4B98422FD02A4B98422CD000201F
S2140090907047294B9842FAD1284B186F7047284BD7
S2140090A098422AD0274B9842F1D1244BD3F880001F
S2140090B07047254B98422BD009D8244B984223D092
S2140090C0234B9842E3D11D4BD3F88C007047214BBD
S2140090D0984221D003F5740303F510539842D6D175
S2140090E0164BD3F898007047144B986D7047134B87
S2140090F0586E7047114B586F7047104B986F7047FB
S2140091000E4BD3F8840070470C4BD3F8880070479A
S2140091100A4BD3F890007047084BD3F8940070477A
S2140091200048E8010024F400C0CF6A0080841E00D6
S21400913000093D0040420F00405DC6000080E00F81
S214009140C0EA210180BA8C01007E560380D5430216
S214009150006CDC020090D00337B50C460021114BA2
S2140091600191D3F88031054603F00303022B0ED09D
S214009170032B11D0012B03D101A8FFF7D5FE0D213B
S2140091800DB1019B2B6004B1216003B030BD2DF002
S214009190D9FF05210190F3E72DF0CAFF02210190C7
S2140091A0EEE700BF0080005038B5104B0546D3F8F8
S2140091B040320C4603F00303022B0BD0032B0DD0DA
S2140091C0012B0FD12FF04EFE082305B1286004B105
S2140091D0236038BD2DF0FAFF0723F6E72FF045FE93
S2140091E00923F2E700231846EFE700BF008000508F
S2140091F038B5144B0546D3F800020C4600F00700BD
S21400920004281BD8DFE800F003090D111500012320
S21400921005B1286004B1236038BD2FF023FE082373
S214009220F6E72DF0D3FF0723F2E72FF01EFE092303
S214009230EEE72DF067FF0C23800AE9E700231846C7
S214009240E6E700BF0080005038B5144B0546D3F85B
S21400925008020C4600F0070004281BD8DFE800F0E0
S21400926003090D111500012305B1286004B1236020
S21400927038BD2FF0F7FD0823F6E72DF0A7FF0723EC
S214009280F2E72FF0F2FD0923EEE72DF03BFF0C236B
S214009290800AE9E700231846E6E700BF0080005092
S2140092A0032814D005D8012805D0022809D00020AC
S2140092B005E00F28FBD1084B186FC0F301300130D2
S2140092C07047054BD3F89000C0F30460F7E7024BF5
S2140092D0186FC0F38020F2E7008000501FB500230F
S2140092E00193252817D8DFE800F0131A1D272C361F
S2140092F03B51565B60656A78161A401616561A2752
S2140093002C27361A5127783B3B3B3B2727275B60A9
S2140093102DF0DEFE0190019805B05DF804FB2DF0FF
S214009320F1FEF7E72DF0D4FE02460220FFF7B8FF65
S214009330B2FBF0F20192EEE72DF0E4FE02460320C7
S214009340F4E72DF0DFFE02460320FFF7A9FFB2FB8D
S214009350F0F25208EEE7002101A8FFF7FDFEDAE77B
S214009360002101A8FFF7E0FDD5E702934FF0E023C8
S2140093701B695B0705D52DF0C5FE0290029B019385
S214009380C9E703A902A8FFF7F9FDF7E7002101A83E
S214009390FFF7F4FDBFE7002101A8FFF713FEBAE7C9
S2140093A0002101A8FFF724FFB5E7002101A8FFF779
S2140093B04BFFB0E7002101A8FFF792FDABE7094B92
S2140093C0D3F8803003F00303022BA8D0032B01D080
S2140093D000209FE72DF0B6FE9CE7002101A8FFF7CE
S2140093E0E3FE98E70080005008B50120FFF776FFFF
S2140093F0BDE808400349884294BF012102210320AA
S21400940000F002B880F0FA02032810B50C4627D008
S21400941004D8012804D0022817D010BD0F28FCD18C
S21400942026F0BEFB26F0C4FB124A013C136F23F461
S214009430405343EA043313672DF064FE0021FFF720
S214009440E5FDBDE81040FFF7CFBF0A4A4C1ED2F834
S214009450903023F0F85343EA0463C2F89030DCE718
S214009460044A4C1E136F23F4806343EA8423136775
S214009470D3E700BF008000501FB5002301932528C6
S21400948021D8DFE800F013202020202A2F454A4F5D
S21400949054595E7120203420204A202020202A2083
S2140094A04520712F2F2F2F2020204F54314B1B6F1C
S2140094B003F00703013B032B05D8DFE803F00C029B
S2140094C0080A04230193019805B05DF804FB032302
S2140094D0F8E70623F6E70223F4E7002001A9FFF7E2
S2140094E03BFEF0E7002001A9FFF71EFDEBE7029325
S2140094F04FF0E0231B695B0705D52DF003FE0B2319
S2140095000393039BDEE703A902A8FFF737FDF8E7FE
S214009510002001A9FFF732FDD5E7002001A9FFF7DB
S21400952051FDD0E7002001A9FFF762FECBE700203F
S21400953001A9FFF789FEC6E7002001A9FFF7D0FCC6
S214009540C1E70C4BD3F8803003F00303022B03D0A3
S214009550032B05D00023B5E72DF0D4FD0B23B1E790
S2140095602DF0F0FD0523ADE7002001A9FFF71CFE56
S214009570A9E700BF0080005008B50320FFF790FE63
S214009580034B187026F00CFBBDE8084026F010BB15
S2140095901656002010B504462DF0B4FD0021FFF746
S2140095A035FD1CB1BDE81040FFF71EBF034B03207E
S2140095B0BDE810401978FFF727BF00BF16560020F9
S2140095C038B50546FFF74EFD204B04465A68012A7B
S2140095D004D11F494A609A699207FCD10020FFF720
S2140095E04BFF042803D126F0DBFA26F0E1FA194AED
S2140095F024F0407395421FD0174A95421FD0174A51
S214009600D16811F0060FFBD19068936091684B40CB
S21400961013F4F81F16D12846FDF766FD0020FFF765
S2140096202BFF042810D12DF06DFD0021FFF7EEFC76
S214009630BDE83840FFF7D8BE43F00073DFE743F0DD
S2140096408073DCE79060E9E738BD00BF00C00150DA
S21400965000E0015040420F0080841E0000000150D0
S21400966070B504460020FFF707FF03287CD045F6B8
S2140096700E030221414AC2F88030414B9962012113
S21400968003F580539962936DD903FCD4D4E9001393
S2140096901B0543EA0163E17B94F823500B43217BCF
S2140096A043EA0143617B43EA0133A17B43EA81132A
S2140096B013619169D4E904031B0643EA806301F051
S2140096C000410B43A17EE07E0B43217E43EA01432B
S2140096D0617E43EA01239361E169136A002923F05E
S2140096E00D0343EA010314BF0121002143EA80036E
S2140096F043EAC103136294F8203094F82200916A7A
S2140097004FEA431331D194F8216021F0330143EA44
S21400971006130B4343F0010393621A49174A936DED
S21400972031EA0303FBD10221154B9962936D5B006E
S214009730FCD41369A16823F4700343EA0153136150
S2140097404FF000420E4B9A6118B9022203F580537F
S2140097509A6215B901220C4B9A6294F824301BB118
S214009760064B0A4AC3F8802070BD21F03301294316
S2140097700B4343EA40039362EFE700BF00C000508C
S21400978000D000500300014000E00050F1A7FFFFAA
S214009790014B93F90000704717560020014B1880C4
S2140097A0704700BF106500200C4A10B513690446C8
S2140097B043F0040313612EF015F826F0FDF9084B6C
S2140097C0084AC3F8202430BF26F0F7F901F0E2FE7D
S2140097D01CB9BDE810402DF095BC10BD00ED00E0B2
S2140097E000E003500000FFFF034A0179D36E23F028
S2140097F030030B43D36670470040005041F6713289
S214009800034BDA63012203F50053DA60704700BFAA
S2140098100000035041F671320121044BDA6303F570
S2140098200052D1600022DA63704700BF0000035088
S214009830044B1868421C02BF034AD2F89400186012
S214009840704700BF2460002000400050CB784A7864
S21400985010B55B010C7843EA82030A79234343EA96
S21400986002130C22424302F1B0421363012C02BFE2
S2140098708A78024B43F8202010BD00BFD0800350EA
S21400988008B54FF0B0435A6802B960B15B680BB1D7
S21400989026F09CF94FF0B04130B10120074B5860DC
S2140098A026F094F9C86008BD26F090F90223CB6034
S2140098B026F08CF90122024B5A60F4E7001000589B
S2140098C0002000584FF0B0414B6810B50BB126F0A1
S2140098D07DF901220B4BC4785A608378934043EAA3
S2140098E0840344782343047943EA0413447943EA1F
S2140098F0C4038B60044B5A600378C3F10203CB6049
S21400990010BD00BF0020005800100058054B5B69D2
S214009910C3F38512827003F03F021B0B4270037084
S214009920704700BF00C007500120034B9B680A33F6
S21400993003F01F03984070470080E00F034BD3F8F6
S2140099402424D3F820041040704700BF00C0035002
S2140099502DE9F8431E4B0546D3F810334B1E0E2B4D
S2140099600E46174690F8009044781DD909B34FF07C
S21400997000082846D7B12FF07BFA09EB4903072CDD
S2140099804FF00F014FEA031315D8A400114808FA48
S21400999004F2A140184426F021F9BEB928468FB13A
S2140099A0BDE8F8432FF064BA8846E2E726F025F9CA
S2140099B0E3E78846E1E7083CA400074808FA04F213
S2140099C0A140E7E7BDE8F84326F017B9BDE8F883FD
S2140099D000C0035004C003500CC003502DE9F041F2
S2140099E0204B1646D3F810234A1C05460C464078F2
S2140099F004D1D3F8241426F00EF90446002C2EDBEE
S214009A00072C14DC03274FEA84082A7807FA08F79D
S214009A103946154802FA08F226F0E0F86A78394620
S214009A2002F00302114802FA08F226F0D7F80123E2
S214009A3016F0050F0E4A18BF0E4903FA04F30CBFC2
S214009A40C2F81034C1F8103416F0060F18BF094AD1
S214009A50C2F814340123064AA340C2F82034204634
S214009A60BDE8F08100C0035000C4035008C4035092
S214009A7000E0035000D0035070B504462AF0B0FC56
S214009A80064630B90FCC044D0FC594E80F0085E8A4
S214009A900F00304670BD00BF0C37002047F6FF733E
S214009AA09A42F0B570D0022970D8394B5B5C022B15
S214009AB06CD8384DDE0005EBC304A77815F83330B4
S214009AC0012F394638BF0121012B16D1E078401A04
S214009AD00021884205D8012F2CBFC0190130C0B222
S214009AE0F0BD431A6568A0EB530335F91350954251
S214009AF0D4BF194603F1FF30EBE760680028EFD0CB
S214009B00B0F90040944204DBB0F902409442B8BF7A
S214009B10144683883544FF2B19BFC8232827B0F97D
S214009B200630B0F90870A3EB04030CBF0122002234
S214009B3093FBF7F36E7813441BB29E4201DD002BB5
S214009B4001DA731E1BB24FF47A7C00EBC305EA8879
S214009B50AD685F1C14FB02521D4622EAE2723BB25D
S214009B605C329E42B2FBFCF204DD00EBC307BF880A
S214009B709742EAD200EBC5039888904228BF104669
S214009B80884238BF0846AAE7FF20A9E70020A7E7D3
S214009B90833104000C3700200229F0B560D8314B21
S214009BA0595C02295CD8304B13F83100012816D1D5
S214009BB003EBC1039C78D878012C214638BF0121DD
S214009BC0904294BFC1EB0001C1EB0201001BCAB278
S214009BD08242C8BF00225B6833F91200F0BD002A3B
S214009BE03CD003EBC1035968002939D098789042DD
S214009BF002D3B1F90200F1E7DC78B1F90000944233
S214009C00ECD95C788B88013CA3F1FF06734201F126
S214009C100405E4B2734101F10C07DEB2B44216D873
S214009C2005EBC3034FF47A756A43B3F902405B68E9
S214009C30D21A04EBD47302EB630292FBF4F2904266
S214009C40CCDBB1F902009042C8DC10B2C6E737F8A8
S214009C5033C05E1C9445E3D33346DEE70348BDE7D6
S214009C600348BBE7833104000C3700200CFEFFFFDF
S214009C700080FFFF08B50448FFF7FEFEBDE8084079
S214009C8001202AF0B3BB00BF883104007FB5142240
S214009C90002101A810F0ACFB044B01A94FF0FF30E7
S214009CA002932AF0E9FB07B05DF804FB006A18008F
S214009CB02DE9F0418CB08846DDE912761D46044653
S214009CC0002847D0002945D0002F43D0002E41D091
S214009CD013F00F033ED120482049A360002A08BF96
S214009CE001462362C4E90013404609A926F025F878
S214009CF068BB204609992FF016F9294620462FF012
S214009D0012F96946404626F0A7F800BB6946204689
S214009D1026F0D2F8404603A926F0A9F8B8B920469E
S214009D2003A926F0C9F806970127204645F00055F6
S214009D3006A90797089526F0BFF8204609A90996B0
S214009D400A970B952FF015F920462FF0CFF80CB098
S214009D50BDE8F0812120FAE70001000400010104BB
S214009D602DE9F04F97B0894690461F460546DDF828
S214009D7080A0002800F0BB80002900F0B8803AB12F
S214009D80229B002B00F0B380239B002B00F0AF80BB
S214009D90BAF1000F00F0AB80219B002B00F0A780EB
S214009DA067B13C680026229B43440293464507D38E
S214009DB007B13C60002017B0BDE8F08F3C46F1E7E5
S214009DC05CB1229B219A9B5D125D01345340239A1D
S214009DD004F00F0493550136E8E7A8EB060BBBF139
S214009DE00F0F58D9434B4846C5E90034AC602C6287
S214009DF013A925F0A2FF0028DDD1284613992BF0E1
S214009E000F0B2FF090F8594628462FF08CF848464E
S214009E1004A926F021F80028CDD1284604A926F06A
S214009E204BF8484607A926F022F80028C3D1284652
S214009E3007A926F041F8012322992F4ACDF828A039
S214009E400B930C928A190D9228464BF000520AA9E1
S214009E500E9303920F9226F02FF828460DA926F0AF
S214009E602BF8239B039A99190123109111931292B0
S214009E70214A284610A9CDF84CA0149315922FF02D
S214009E8078F8284613A92FF074F828462FF02EF8F5
S214009E905E4400288FD1229B03EB060B239B1E44B7
S214009EA0029B9B4501D1464680E7ACB9219B2246E2
S214009EB0CDE900A3494610232846FFF7F9FE0028FF
S214009EC07FF479AF0AF1100212F8013D0133DBB2DC
S214009ED013700BB95245F7D1219A1BF8013B125D5E
S214009EE00134534006F8013B04F00F04D8E7212064
S214009EF061E700BF03030004100000207FB50E4694
S214009F001D460446F0B102B9E3B90123019202935B
S214009F1045F00053039300230B4AA360C4E90023D3
S214009F202362204601A925F0C7FF314620462EF0C1
S214009F30FAFF204629462EF0F6FF20462EF0D6FFE2
S214009F4004B070BD2120FBE700000943084B98428F
S214009F5002D0084B984207D10B88B3F5105F14BFA8
S214009F606FF08500002070476FF08500704700BFD7
S214009F70004440040013C0041038102808D8064BCC
S214009F80C34013F0010F0CBF6FF08600002070472F
S214009F906FF08600704700BF010101002DE9F04F09
S214009FA0A7B008AFCDE90501DDE93295DDE9346AF1
S214009FB000210792384610229846DDF8D8B010F0F7
S214009FC017FA102200210CA810F012FA069B2BB9E3
S214009FD06FF08604204627B0BDE8F08F079B002B65
S214009FE0F6D0B9F1000F01D1002DF1D1309B13B995
S214009FF0319B002BECD116B9BAF1000FE8D1BBF1BA
S21400A000000FE5D040460599FFF7A0FF044600285C
S21400A010E0D1014628221CA810F0EAF920222146A9
S21400A02014A810F0E5F91CA82EF073FF002840F0E5
S21400A030AF80DDE90612059814AB25F089FF0446CB
S21400A0400028C7D11498FFF797FF04460028C1D10F
S21400A05015B9CBF80000BDE7B14518D209EB0503EA
S21400A0609E4214D25545B3D82A464946304610F08B
S21400A07011FA554B984526D006D3544B984524D014
S21400A08003F54073984520D06FF08504A2E74F4B48
S21400A09098451BD003F54073984517D04A4B984512
S21400A0A0F2D1554594D815F00F0291D12B46CDE943
S21400A0B0009614A91CA8FFF7FBFD814600285CD17A
S21400A0C0CBF8005086E7B146EDE7B14610220021F6
S21400A0D010A810F08DF955453FF67AAF3C4B9845E1
S21400A0E0319B39D10D2B7FF473AF01238DF84030AF
S21400A0F0309B0DF1410203F10C0153F8040B8B4227
S21400A10042F8040BF9D11B78137001238DF84F30F9
S21400A11015F00F0842D025F00F034B440DF1300C1C
S21400A12003F1100E624618685968083303C2734577
S21400A1309446F7D10F2D33D825F00F0333440393FD
S21400A1400CABCDE9017310AB00934246002314A973
S21400A1501CA8FFF705FEB0E7102B7FF439AF309B45
S21400A16010AA03F1100E9446186859680833ACE834
S21400A170030073456246F6D1CAE7524600213046D0
S21400A18010F036F90023B9F1010FCBF8003002D0F9
S21400A1906FF092041EE76FF08B041BE70F2D8FD92C
S21400A1A010ABCDE9029600930197002325F00F022D
S21400A1B014A91CA8FFF7D4FD81460028DDD1B8F10C
S21400A1C0000F3FF47DAFB7E7004440040010C00422
S21400A1D00013C0042DE9F04F8A46A1B00021DDE946
S21400A1E02A56DDE92C790590934606A81022984653
S21400A1F010F0FEF8102200210AA810F0F9F8BAF1C3
S21400A200000F05D16FF08604204621B0BDE8F08F20
S21400A210BBF1000FF6D00DB9002EF3D117B9B9F186
S21400A220000FEFD12E9B002BECD040460599FFF790
S21400A2308DFE04460028E7D10146282216A810F015
S21400A240D7F8202221460EA810F0D2F816A82EF035
S21400A25060FE002854D15A46514605980EAB25F0AC
S21400A26077FE04460028CFD10E98FFF785FE0446F9
S21400A2700028C9D116B92E9B1860C5E7BD4216D274
S21400A280AB199F4213D24E45BCD8324629463846B3
S21400A29010F000F93A4B98455BD003F540739845AB
S21400A2A031D0384B984511D06FF08504ACE7344B6D
S21400A2B098454FD003F54073984525D0314B9845C7
S21400A2C0F2D14E4503D96FF089049DE73D4633072A
S21400A2D098D133460122CDE900570EA916A8FFF7FC
S21400A2E0E7FC2E9B05461E6000288DD04A460021BE
S21400A2F0384610F07DF800232E9A012D13603BD0CF
S21400A3006FF0920480E73D460D3E4E45DBD80123B4
S21400A3108DF828302B460DF1290205F10C0153F873
S21400A320040B8B4242F8040BF9D11B780D351370E1
S21400A3304FF48073ADF8363006AB01930AAB00934A
S21400A34032460023CDE902570EA916A8FFF708FDEE
S21400A350C7E73D46103E4E45B5D82B460DF1280CB6
S21400A36005F1100E624618685968083303C2734533
S21400A3709446F7D11035DFE76FF08B0444E700BF53
S21400A3800010C0040044400410B54FF42F720021A2
S21400A390044610F02DF88023C4F88C30054B04F1E9
S21400A3A09C00C4F88430012384F88830BDE810404F
S21400A3B024F0B6BE8F99030010B5D0F8A0400A4628
S21400A3C08CB925F0DBFF044610B90024204610BDEA
S21400A3D02D2896BF064B074953F82010064A074813
S21400A3E026F012F9F2E7D0F8A4101046A047ECE7E2
S21400A3F07432040092990300BB970300C29A0300CC
S21400A400F8B590F88060044616B100263046F8BDD0
S21400A41025F0E7FD0028F8D1012384F8803094F871
S21400A420883033B1D4F884101F4884F8886026F04A
S21400A430EBF84FF0FF37D4F8B402421C1FD0C4F834
S21400A440B47210F0FF052CD0204625F0C7FD294633
S21400A450204600F0A7FB0028EDD0204625F0CCFDD6
S21400A46094F888303BB1D4F884100F4826F0CCF826
S21400A470002384F88830002384F88030C6E726F06E
S21400A480A8F8431CDDD1D4F88C30D4F89420013BD6
S21400A4909A4204DB054A0649064826F0B5F8012626
S21400A4A0E9E70126C7E700BF64AC0300BB970300DB
S21400A4B0A0990300C29A0300F8B50B780446302B27
S21400A4C00D46164604D14B7803F0DF03582B11D007
S21400A4D0284F6A1E12F8011F002934D128460A2286
S21400A4E00FF076FE202C03460D4631D1B1FA81F0EE
S21400A4F040091AE04A1C1F4912F8013F8BB928464A
S21400A5000FF072FE1C4B02382340032B12D101348D
S21400A510A41084420AD1A87837288CBF00200120D6
S21400A52003E0CB5C13F04400E6D1F8BDCCBF0120BD
S21400A5300020FAE7002CB8BF0334B0EBA40FD4BF5A
S21400A54001200020F1E77B5C13F00400C2D1ECE7A9
S21400A55026B1084302D0013B61F100050122A2406A
S21400A560013A1A40002D08BF9A420CBF0120002075
S21400A570DBE700BFD558040003000080F0B5037881
S21400A58001467B2B17D10646022400220B4F16F8F5
S21400A590015F7D2D05D10B5D6BB9D24302F0010042
S21400A5A008E07B5D13F0440002D001320134EEE790
S21400A5B0202DFBD0F0BD0020FCE700BFD5580400DE
S21400A5C070B506460D460FF00FFE0446304626F0E0
S21400A5D01BF8044EAC4200D370BD304626F014F88B
S21400A5E00134F7E73CA303002DE9F84F04460221A7
S21400A5F05148FFF7E5FF1E212068FFF7E1FF63687B
S21400A600586826F001F84D4825F0FEFF67683B7B4A
S21400A610FD2B12D8D7F808804FF0FF3640460FF0D3
S21400A620E3FD0546DFF81091DFF870A1DFF84CB1C6
S21400A6300C3717F8013BFF2B01D1BDE8F88F212B13
S21400A64018D8212B36D8DFE803F0377274111B1D9B
S21400A6501F213535353535353535232527292B2D1D
S21400A6602F3135353535353535353D33344C002DC0
S21400A6702BD12EE0334C344AFE2B08BF1446F6E7A7
S21400A680324CF4E7324CF2E7324CF0E7324CEEE76D
S21400A690324CECE7324CEAE7324CE8E7324CE6E77D
S21400A6A0324CE4E7324CE2E7324CE0E7324CDEE78D
S21400A6B0324CDCE7234CDAE7314CD8E725F098FF3C
S21400A6C001362AE0002DB4D02E4C202B06F10106D0
S21400A6D0AFD002214846FFF773FF1E214846FFF71A
S21400A6E06FFF504625F090FF5946204610F0D6F8EA
S21400A6F02549002818BF2146244825F085FF3B78C9
S21400A700202B02D12B2025F073FF214825F07CFF5B
S21400A7104DB118F806301F2B05D018F806001F2874
S21400A72001D0AE42CADB054825F06EFF81E7194C22
S21400A7309DE7194C9BE700BF50E60300BB9703005C
S21400A7404A9A03005C9A030082B60300A79A0300A5
S21400A750AE9A03009F9A03009B9A0300929A030006
S21400A760889A03007E9A0300939A0300899A03004E
S21400A7707F9A0300749A03006D9A0300649A03009C
S21400A780499A03004F9A03005A9A030064AC0300E8
S21400A790D39D0300A69A0300AD9A03006AB7030090
S21400A7A02DE9F04F9BB005468B460024009203939C
S21400A7B00FF01AFD249F039B04901C6028463C6003
S21400A7C00AAA09A925F042FF064658B90A980FF0CA
S21400A7D00BFD3446B046039B1860D5F89C300293B8
S21400A7E0029B1BB920461BB0BDE8F08F029BD3F836
S21400A7F00890B9F1000F6CD02E4416F8013B202BC0
S21400A80011D000260C23734309EB030A59F80330D2
S21400A8100193002B58D0099B434555DB9AF8082036
S21400A8202AB1721C39E03B6801333B60E5E73968C2
S21400A830D5F894200793039B521A1A601AAB03EBC1
S21400A840880151F8403C0199184605930FF0E6FF41
S21400A85006900028E5D101980FF0C6FCDDE9062336
S21400A8600146DAF80400D7F800A090F80CC0BCF156
S21400A870FE0F16D103F1FF3EC64512D0D0F8009069
S21400A880059801920FF0B0FC0AF1010A019A5044B3
S21400A8902B5C23B1386008F101081646B2E7013098
S21400A8A0F6E7D5F894200591A2EB0A028A4220DC4E
S21400A8B058460FF099FC059901447B290DD9584656
S21400A8C01F4A009924F053FC2B46049A2A449342CC
S21400A8D02CD1029B1B68029382E7DDE900125846E2
S21400A8E024F045FC5846174A0099013424F03FFCF2
S21400A8F097E7BCF1FE0F94D1013B434591D1D0F8C8
S21400A90000A0DFF840905AF80C2B22B9049B3B605D
S21400A910039B1A60D8E75846009924F028FC4A465C
S21400A9205846009924F023FC0134ECE713F8011B89
S21400A9300029CCD14FF0200103F8011CC7E700BF67
S21400A940B49A03003CA303002DE9F047002486B028
S21400A9501C60DDE90EA8064689468AF800401168A4
S21400A960154888F8004017461D468DF81740FCF736
S21400A97029FB18B901242B6801332B600020D6F878
S21400A9809C6036B914B1012388F8003006B0BDE8E3
S21400A990F087B06868B14B460021CDE902A8CDE942
S21400A9A000750DF1170225F088FC9DF81730002B76
S21400A9B0E8D13668E5E700BFB99A03002DE9F0470D
S21400A9C00446ADF5447D8022002104A802AF0FF0B6
S21400A9D00FFD80222046009703AB04A9FFF7E0FE98
S21400A9E001283DD104A80FF0FFFB03993B68461AE7
S21400A9F00B4426EAE6762344054604A8324601447C
S21400AA0018460FF085FE00228255D4F89060039B0E
S21400AA103968D4F890201944B14212DCD4F8941066
S21400AA20E81A0244C4F89020014404AAC4F894101A
S21400AA30D41825182B1B002B0DDC0DF5447DBDE826
S21400AA40F087A05C25F0D4FDD4F8903001360133B1
S21400AA50C4F89030DBE714F8010B25F0C9FDE9E7F0
S21400AA60EBDD24AD8022002128460DF5887A0FF014
S21400AA70BFFC0DF110094FF40072002150460FF094
S21400AA80B7FC4FF001084A46002312F8016BA6B93E
S21400AA9004A84AF828300FF0A7FB29463346984505
S21400AAA01CDB19F8016B0DF5887C5CF8042B8242E0
S21400AAB00CD101F8016B0133F1E7202E03F10103FD
S21400AAC004BF4AF8283008F10108DEE70DF1100E41
S21400AAD07244D25CB242E8D00022EA54D4F89060C5
S21400AAE0039BB3422FDC23462C4A04A92C4825F0AE
S21400AAF08BFD28460FF078FB0646039B3F68F61A48
S21400AB001F4426EAE672E01917441D44E11904F1D1
S21400AB10900399423CD904F19803984238D26A1EB1
S21400AB2081190B1A002B27DD12F8013F00F8013BB4
S21400AB30D4F890300133C4F89030D4F89430013310
S21400AB40C4F89430EDE7D4F890300136E05C25F098
S21400AB504FFDD4F890300133C4F89030C0E7D4F8F5
S21400AB609020013B0132C4F89020D4F894200132A2
S21400AB70C4F89420002BF2DC00232E44E355731B0C
S21400AB80002B7FF75AAF15F8010B25F031FDF6E7DD
S21400AB9029460FF0BDFD3346ECE700BF8F99030052
S21400ABA0BE9A03002DE9F843D0E9245604460F4622
S21400ABB0002294F89830012B07D10A2F07D10023E2
S21400ABC084F898300020BDE8F88300F29F801B2FA1
S21400ABD001D10223F4E70D2F0DD1012384F898301C
S21400ABE00D2025F005FD0A2025F002FD002301209A
S21400ABF0C4E92433E7E74FF00008082F84F898806C
S21400AC0034D1454530DDB5420FD1384625F0F0FC4D
S21400AC10202025F0EDFC013D384625F0E9FC013EFC
S21400AC2004F80580C4E92456CCE7FBDA05F1FF39C1
S21400AC30384625F0DDFC04EB0903A6EB0902611992
S21400AC4018460FF027FC04F806800146013E4848E7
S21400AC5025F0DAFC35464D4501DC4D46E2E7082096
S21400AC6025F0C6FC013DF6E7ACD0DBE77F2F1CD114
S21400AC70002EA7DDB542A5DA6319691C21441846E3
S21400AC80721B0FF007FC04F806800146394825F0D1
S21400AC90BBFC0820013E25F0ABFCB542F9D1D4F848
S21400ACA09430013BC4F894308CE70A2F98D0092FD3
S21400ACB003D12046FFF782FE84E7D4F88C30013BB0
S21400ACC0B3427FF77FAFB54204EB050805F10109F3
S21400ACD00CDB384688F80070D4F89430C4F89090AE
S21400ACE00133C4F8943025F083FC6BE74146721BB1
S21400ACF004EB09000FF0CEFB404625F085FC08204B
S21400AD00013E25F075FCB542F9DDE2E7022B06D1DF
S21400AD105B2F01D1032353E784F8982049E7032BE0
S21400AD207FF450AF413F84F89820032F3FF64AAF98
S21400AD30DFE807F002070A160121204625F009FC85
S21400AD4040E74FF0FF31F8E7B542BFF63BAF605D36
S21400AD5025F04EFCD4F890300133C4F8903031E73B
S21400AD60002D7FF72FAF013D0820C4F89050BAE7BA
S21400AD70C79A0300C19E030008B50248FEF720FCF0
S21400AD80002008BD00B4C40430B58BB06C46174D27
S21400AD900FCD0FC40FCD0FC495E8030084E8030061
S21400ADA0134BD3F84C2112031CD5A3F5FE431C8885
S21400ADB04FF6FF739C4208BF8C248DF81940FEF7AF
S21400ADC0E7FC204480F308008DF818000948FCF7DB
S21400ADD091F96846FEF744FC3220FEF7DFFC0020BF
S21400ADE00BB030BDD3F85041E4B2E6E72C33040094
S21400ADF00080E00F00F049020028ACBF00F1604080
S21400AE00064B4FEA0111C9B2ABBF00F5614000F036
S21400AE100F0080F800131954704700BF14ED00E0CF
S21400AE2008B52EF017F80B4B1A7872B901221A7073
S21400AE302EF00BF86FF0040210460132052152B2D4
S21400AE40FFF7DAFF3D2AF7D108BDBDE808402DF030
S21400AE50FCBF00BF18560020002807DB012341096D
S21400AE60034A00F01F00834042F82130704700BFBD
S21400AE7000E100E0054B421153F8223000F01F00BD
S21400AE8023FA00F0C04300F00100704700E100E044
S21400AE90002808DB01224309034900F01F00824016
S21400AEA0603341F82320704700E100E010B5044607
S21400AEB02DF0C3FF024B1C602DF0BAFF002010BD22
S21400AEC03437002010B52DF0B8FF034B1C682DF06A
S21400AED0AFFF204610BD00BF3437002038B50C4603
S21400AEE01546014610B9FFF7EDFF01462B462246F0
S21400AEF003480EF08DF90028D4BF3720002038BD57
S21400AF00A307030008B500F0E3FB18B16A21024866
S21400AF102EF092F8002008BDCC9A030008B500F089
S21400AF2049F80C4A536A43F470235362EFF30883DC
S21400AF304FF0CD31084A043B934208D200F070FA35
S21400AF40FFF7E0FFBDE808400448FEF795BD43F86C
S21400AF500419F1E700ED00E0080000208831040045
S21400AF6007B5042200200DEB020129F0FDF90428A4
S21400AF7003D0D72104482EF05FF8019800F0DCF9E2
S21400AF8003B05DF804FB00BFCC9A0300082310B59D
S21400AF900C0A41400648C9B241F30002013B024098
S21400AFA013F0FF0382EA5101F6D184EA010010BDD6
S21400AFB02083B8ED38B5FEF73BFC044624F000FECF
S21400AFC0E3072AD401221046114600FA01F3234073
S21400AFD002F1010223D01D4B33F811301C48062B1A
S21400AFE0028844881B4920D14FF20F039C4219D196
S21400AFF0B2F5406F28BF4FF4C0624CF23C330A8073
S21400B000438040F201730A889A4201BF124B134AEA
S21400B010D2E90001C3E9000115E00021DBE7102AB0
S21400B020D2D1DBE74FF4C062E7E740F20725AB4238
S21400B0300AD14FF20F05AC4206D19A4204D14CF227
S21400B0403C320B80428038BD0B80DAE7EC340400DB
S21400B050285D00200A51002038370020205D00209F
S21400B060014B1888704700BF0A510020014B188812
S21400B070000A70470A510020044B05481B881A0A2C
S21400B080B3F5406F38BF00EB820070470A510020CE
S21400B090BC340400044B1888044B020A53F82230D0
S21400B0A0C0B203EB800070470A5100208C340400C5
S21400B0B010B504462DF0C5FE4FF20F02044B1C805F
S21400B0C05A80BFF35F8FBDE8104025F034BB00BF49
S21400B0D0285D00206D4A2DE9F0416D4B55686D4C9A
S21400B0E05D65516A99656C49D1F80002D865D1F85A
S21400B0F00412586B1966916A10F0040F5966D16AEB
S21400B1004FF000009966116BD966516B1967D26BC8
S21400B110D8645A67D3E90E1218BF11465F4A9142A7
S21400B1201A655DD301F12000A04259D88869C5F39D
S21400B13008051864CE69062D5E6455D1584DA842A0
S21400B14052D3584DA8424FD205884DF642608542EC
S21400B1504AD11868C3F890005868C3F8940040F2C3
S21400B1600170A242154604D22E680432B6F1CD3FD5
S21400B170F7D00022C3E91E22C3E92022C3E9222217
S21400B180641BDFF81CC1434DDFF818E19C648D4258
S21400B1902DD8D3E91EC7D3E92065D3E922414FF065
S21400B1A0000E013AD2B2FF2A3CD1BEF1000F05D004
S21400B1B0C3E91EC7C3E92065C3E92241B3F854308A
S21400B1C0C3F308030C2B3BD8022B54D9DA1E092AEA
S21400B1D051D8DFE802F03157404350505050504DA0
S21400B1E00021C3E910112D494FF42060B9E755F846
S21400B1F0044D6445CBD37445C9D2E607C7D50026AF
S21400B200294F57F8048FA045C1D00136062EF8D135
S21400B21032B1013AD2B202F11E0643F82640B6E732
S21400B2200522F8E7E0464FF0010EBC4637462E46AC
S21400B23025460C464146B4E740F60120BDE8F081BD
S21400B2403B2B18D1194B9B6913F0020F40F20253A7
S21400B25018BF1846F2E740F60320EFE740F6042250
S21400B26040F20173B0F5206F0CBF10461846E5E7B4
S21400B27040F60520E2E740F60722013B4B2B98BF3D
S21400B2801046DBE740F60220D8E700BF00ED00E0FE
S21400B290905C00200810002000E100E0080000207C
S21400B2A0D042000040940300045D00200080015A54
S21400B2B000F00CB800F00AB800F008B800F006B8C5
S21400B2C000F004B800F002B800F000B872B61EF045
S21400B2D0080F09D01EF0040F0DD0DFF850E0AEE8DE
S21400B2E0FF1F6FF002000CE0DFF840E0AEE8FF1F43
S21400B2F06FF00E0005E0DFF834E0AEE8FF1F6FF0F9
S21400B30006006946EFF309828EE80700864608487D
S21400B310084C854501D3A54501D384F30888FFF77B
S21400B320D9FE84F30888FFF7C3FE0000905C002077
S21400B33048000020081000204BF6EF6283B2002B76
S21400B34008BF1346044A000C13804FF6CE2308BFEE
S21400B3501846024B188070471465002012650020BE
S21400B3600B4BB3F900201888002AB8BF80F06200A3
S21400B37042001A80074AB2F9001013880029BCBFA1
S21400B38083F4805383F00B035900118058407047B4
S21400B390146500201265002007B5684600F01AF80C
S21400B3A0DDE900010022034B03B05DF804EB25F055
S21400B3B0BEBC00BF4037002007B5009313460A46C0
S21400B3C00146034825F067FA03B05DF804FB00BFAA
S21400B3D0403700200249034A0160521A4260704713
S21400B3E0D865002000000120004870474037002044
S21400B3F038B5416004462DF020FD05462146044838
S21400B40023F091FE2846BDE838402DF011BD00BF60
S21400B41068370020014823F083BE00BF683700204D
S21400B4200222014B1A6770470040005070B52DF09D
S21400B43004FD174E054617482DF0AAFD3378CBB904
S21400B44000F046F9044620B128462DF0F1FC2046CF
S21400B45070BDFFF7DFFF2DF062FE0F4B1C602CF077
S21400B4603DFB0E4B0E4A1860536F43F001035367C3
S21400B47025F079FC00F028F825F08CFC094B002418
S21400B48018600123284633702DF0D2FCDFE700BF9A
S21400B49024560020643304006C37002094370020C4
S21400B4A00040005070370020054B1B685843054B82
S21400B4B000F5742000F23F20B0FBF3F0704700BFA9
S21400B4C09437002040420F00294B2A4AD3F8003117
S21400B4D070B503F0030313602CF096F84FF4C870B1
S21400B4E0FFF7E2FF0022244B24491860244C0B6827
S21400B4F00132D2B20A2A44F8040BF9D1034400EB15
S21400B500C00003440B601F4B1F4D1B7813B3184B32
S21400B510D3F8003103F00303022B22D0032B23D0F1
S21400B520012B17D12BF008FE024698B1174B184E88
S21400B530DC6800231946C4F30B04013404EB8404CE
S21400B5400138E4FB06010EF0E7FBFFF7ADFF2B68C2
S21400B55003442B601F20FFF7A7FF2B6803442B60D4
S21400B56070BD2BF033FEDFE72DF07AFCDCE700BF82
S21400B57000800050D4370020983700209C370020E9
S21400B580A037002028560020CC37002000C00150ED
S21400B59040420F000122154B10B55A67144B154C4C
S21400B5A01B7813B302202DF0ABFDF0B12CF01CFB82
S21400B5B0D8B1A36DD90302D5E36D9A0715D40D4B08
S21400B5C09B6DDB0711D401220B4B1A702DF08CFDFE
S21400B5D0BDE81040094B0A4A1860136F23F00703B2
S21400B5E043F0030313672BF08DBD10BD00D0005051
S21400B5F02956002000C0005026560020C8370020DC
S21400B600008000500122014B1A7070472956002016
S21400B61007B5FFF7C1FE01A8FEF778F99DF80530DB
S21400B620012B25D1234B9A6DD20311D45A6B6FF39D
S21400B630162242F4BC1242F4A0625A631A6B22F439
S21400B640704242F440421A631A6B42F4E0621A6394
S21400B6509DF8043063B94FF000531B68164B1B6807
S21400B660164B1B68164B1B68164B1B68164B1B6845
S21400B670164AD2F8803043F00303C2F8803025F033
S21400B68091FBFFF7CDFBFFF777FBFFF77DFB0DF098
S21400B69009FEFFF7CBFE00F01BF825F084FBFFF752
S21400B6A03DFC25F08FFB28F08FFC03B05DF804EB23
S21400B6B025F07ABB00C0005000400020008000202B
S21400B6C000C0002000000120004001200080005043
S21400B6D070B52DF0BFFB144E05463478FCB9134BFD
S21400B6E01C60134B1C60134B1C6000F031F80120EB
S21400B6F02CF068FB2CF05AFB0F4B0246186020B962
S21400B70028462DF0A2FB232070BD234640F2E731E9
S21400B7100A480EF001FB0A4B1860012333702846D6
S21400B7202DF093FB0020EFE72C560020E437002096
S21400B730E0370020EC370020E837002018FCFFFF39
S21400B740DC370020014B1868704700BFDC3700204C
S21400B7501FB50024184B18689A880290D3F8060084
S21400B7609B7A00901548ADF80C208DF804302DF02B
S21400B7700FFC02A88DF808408DF80C40FEF7A2F8E2
S21400B780694601208DF80040FEF760F81F220C4B3A
S21400B7909A615A614FF0B042936A13F00803FBD1E6
S21400B7A013620120FEF76CF80A20FFF771FB0A20EF
S21400B7B0FFF752FB04B010BD1535040060330400DB
S21400B7C00020005810B52DF045FB4FF0B04304465E
S21400B7D05B691A07074A03F0010003F00D0348BF30
S21400B7E040F0020053612CF015FA2046BDE81040E8
S21400B7F02DF02BBB0020005821282DE9F3410546EB
S21400B80004D82C46204602B0BDE8F08100240B4E3A
S21400B8100B4FDFF830800023CDF800801A4619461B
S21400B820386823F0C9FF8442EBD2222CE9D056F8C0
S21400B830043BAB42E6D00134EDE700BF34380400E9
S21400B84020600020FFFF0F002DE9F04F644E654D8D
S21400B85089B025F003FB31682868FCF7D1FD044663
S21400B860002827D033680024D3E900019A691268BB
S21400B8709047336804A89B699B6898473368022002
S21400B8809B69DB689847326805985368E7B2B3FB54
S21400B890F0F3BB42916904F101044ED8CB68002056
S21400B8A0984733689B695B68984731682868FCF757
S21400B8B0A7FD04460027DFF844A1DFF84481DFF83F
S21400B8C04491F4B9484B2868DB5D002B00F0838078
S21400B8D0D8F8006002AB314603AAFCF713FF2D2808
S21400B8E007D070B9039B012B0BD031462868FDF7B3
S21400B8F05DF9DAF8003031461A682868FDF7D6F8A0
S21400B90004460137222F0AF1040A08F1040809F157
S21400B9100109D6D1B4FA84F3344A5B0913702B6854
S21400B9201B7C33B125F066FA18B1DB2130482DF0C8
S21400B93083FB204609B0BDE8F08F12680B6907FB51
S21400B940002098479FE7D8F8003003AA194402ABB6
S21400B9500191FCF7D7FE2D28034601992BD02868C5
S21400B96013B30BF1010B5FFA8BF18E422868EAD80D
S21400B970204BDB5D002BC4D0F3B27E2B2868C0D8EA
S21400B980D8F8003003AA06EB030B594602ABFCF7C7
S21400B990B9FE2D28B5D059462868FDF707F90136B7
S21400B9A004460028E8D0ACE7039B7BB999F8002052
S21400B9B0029B9A42D5D099F80030DAF80020286821
S21400B9C0FCF76EFF0028CCD00446D1E70191FDF7C6
S21400B9D0EDF80199EFE7084BA346DE5DC3E700BF2D
S21400B9E00060002020600020103804002E56002042
S21400B9F0539B0300EE370400AA37040020350400EA
S21400BA0034380400CC370400F8B51F46214B0446F2
S21400BA101B780D46164623B100F47E23B3F50E2F91
S21400BA202BD02046FFF7E8FE2128044614D81A4BF0
S21400BA3053F82010194B1B78ABB1194B212C186802
S21400BA401DD8184B1B5DD3B13268FDF72FF804469E
S21400BA5050B125F0CEF907E0FF2807D93A4631461F
S21400BA6080B224F0DAFE00242046F8BD4FF4A97117
S21400BA700D482DF0E1FA0021DCE70146DAE77F2DDC
S21400BA8008BF00253B46324651FA85F1FCF708FF11
S21400BA90DDE700BF2D560020343804002E56002067
S21400BAA02060002010380400539B030030B5134676
S21400BAB000F07E62B2F17E6F8BB00DD10A46C0F305
S21400BAC00B016846FEF71AFA20B140F293110948B6
S21400BAD02DF0B2FA0BB030BD5A0825F08DF90028CB
S21400BAE0F8D04FF49C7103480BB0BDE830402DF001
S21400BAF0A3BA00BFE49B03002DE9F743C70705463A
S21400BB000E46144604D540F2E31149482DF094FA47
S21400BB10E10704D54FF4F27145482DF08DFA454BF8
S21400BB2093F80080B8F1000F20D043F260239D42C6
S21400BB3008D12246314640480EF0EAFD002003B008
S21400BB40BDE8F083C5F30B0705F44055B5F5805FF7
S21400BB5014BF4FF40F204FF40E20234632467F21A9
S21400BB60384303B0BDE8F043FFF74EBF05F470431B
S21400BB70B3F5805F3FD1C5F30B05304A05F17E650E
S21400BB80631E2B44934230D82F46DFF8A49007EB71
S21400BB900408474542D1AA070ED04FF6FF7336F881
S21400BBA0022BA81E43EA024304220DEB0201019376
S21400BBB0FFF77CFF0235023CA3070ED0023C24F0C0
S21400BBC00103F35A04226FEA03436FEA13430DEBB3
S21400BBD0020128190193FFF769FF002CAED0224618
S21400BBE031462846FFF762FFA8E740F2FD111048ED
S21400BBF02DF022FAC8E705F46043B3F5005F04D1E0
S21400BC00C5F30B0505F53E25BEE740F205210848BD
S21400BC102DF012FA6FF00F074546B6E717F8013B0E
S21400BC20FF2BB6D04FF4047148462DF005FAB0E766
S21400BC30E49B03002D56002016650020FF03E00F4E
S21400BC4010B500F077F825F023F9044618B100F097
S21400BC5079F8204610BD00F07BF804460028F6D19F
S21400BC600122014B1A70F2E72F560020054B1B7875
S21400BC7033B1054BC0F3130100221868FCF75ABF16
S21400BC80112070472F56002020600020144B2DE90D
S21400BC90F0411B7805460E461746FBB125F0DFF847
S21400BCA0012805D9841EE4B2012C09D9212412E00A
S21400BCB03B4631462846BDE8F041002200F052B827
S21400BCC000F038F83B4600223146284600F076F869
S21400BCD0044600F037F82046BDE8F0811124FAE764
S21400BCE02F560020124B70B51B7804460D4616469C
S21400BCF0E3B125F0B4F8012805D9831EDBB2012B89
S21400BD0008D9212410E0324629462046BDE8704076
S21400BD1000F040B800F00EF820463246294625F0DE
S21400BD20B9F8044600F00EF8204670BD1124FBE773
S21400BD302F56002008B52DF080F8014B186008BD7E
S21400BD40F0370020014B18682DF072B8F03700204D
S21400BD50024B1968024B1868FCF752BB00600020C3
S21400BD602060002037B505460C46C0F3130108488E
S21400BD70ED02006805D5224603B0BDE83040FCF76A
S21400BD808DBC009313462246FCF742FC03B030BD40
S21400BD902060002030B405461346074A0C46C0F320
S21400BDA013011068EA0203D5226830BCFCF77EBE99
S21400BDB0224630BCFCF774BD20600020F7B505466F
S21400BDC00F4614461E461BB92125284603B0F0BD73
S21400BDD00029F9D025F043F84BF23462ABB2934217
S21400BDE020D14FF0FF3322466946CDE9003325487F
S21400BDF03346FFF7E3FF08220546234968460EF060
S21400BE0043FE38B933462246694641F2F010FFF742
S21400BE10D5FF0546002DD8D13246694638460EF085
S21400BE2077FCD2E741F2F01293420FD1174B31194B
S21400BE3008299A6CDB6CC7D8CDE9002332460DEB97
S21400BE40040138460EF064FC0025BEE702280BD13C
S21400BE50C5F30C4332199342B6D3C5F30B0104F174
S21400BE607E6432462144ECE7032809D1C5F30C432F
S21400BE7032199342A8D3C5F30B0104F53E24F0E72C
S21400BE800125A2E7021008C0C03804000080E00FB9
S21400BE9010B527F062FA28F0F9FABDE8104003461C
S21400BEA001210220014A02F00BBC00BF7B9C03006C
S21400BEB013B5D0E9023253F822301C78204627F01A
S21400BEC05EFA2346009001210220024A02F0F8FBA7
S21400BED002B010BD8F9C0300014B187826F037BEC9
S21400BEE030560020FF232DE9F04F8FB0112200219D
S21400BEF008A88DF813300EF07BFA08A825F0E5FFA9
S21400BF0001210220B04A08AB02F0DAFB41F24903F5
S21400BF10AE4A0121022002F0D3FB06A826F004F95F
S21400BF2008A90DF1130026F00AF902200021A84AFC
S21400BF3002F0C6FB002026F03BFE10B106A809F072
S21400BF4041FE9DF92A3001210220A24A00939DF865
S21400BF502B3002F0B5FB27F0FCF9831EDBB2FC2B7E
S21400BF60054631D8012102209B4A02F0A9FB012494
S21400BF709A4E9B4FDFF8D08223463246002102209D
S21400BF8002F09EFB05A9E0B227F0E5F9034650B1A2
S21400BF90A0F11602012A40F2AA80424601210220A0
S21400BFA002F08EFB0CE09DF914303A4601939DF8A2
S21400BFB016300121009302209DF8153002F080FB18
S21400BFC00134E3B29D42D7D8BDF8284008F0E6F920
S21400BFD023460021834A0090022002F071FB0220D3
S21400BFE00021814A02F06CFB002026F0E1FD10B132
S21400BFF008A809F0E7FD01217C4A022002F060FB58
S21400C00027F003F9044627F0FEF823460121784A74
S21400C0100090022002F054FB08F098FE0021022057
S21400C020744A02F04DFB9DF81330FF2B65D00021BB
S21400C0300220714A02F044FB01216C4A022002F001
S21400C0403FFB26F081F8012103466C4A022002F0ED
S21400C05037FB08F07BF900210346694A022002F00C
S21400C0602FFB26F077F8044626F076F823460121C3
S21400C070644A0090022002F023FB2CF0EAFF08F04E
S21400C0800DFF01210346604A022002F019FB00253D
S21400C090DFF8B88108F002FFECB2A04233D82CF0EB
S21400C0A0D8FF0123594A1946022002F009FB002056
S21400C0B026F04DFD564B574C0093012100230220DD
S21400C0C0554A02F0FDFA236863B1012102201B786D
S21400C0D0524A02F0F5FA2368012102205B78504AA2
S21400C0E002F0EEFA26F038FD0FB0BDE8F08F012121
S21400C0F002204C4A02F0E4FA62E7002102204A4A93
S21400C10002F0DEFA98E7494B204603EB0416D6F811
S21400C110089008F07DFF8246204608F0C5FE444F92
S21400C12000280CBFC346BB46204608F071FF0AF045
S21400C1302BFD002808BF4746534600210220CDE9C4
S21400C14000B73C4A02F0BCFAB37901210293B388E7
S21400C150022001937388384A0093337B02F0B0FACA
S21400C1600026DFF8ECB099F80430F4B2A34203D806
S21400C1702CF06FFF01358DE714235C43D9F800706F
S21400C18002203A5B07EB040A9AF90C3000922B4A1D
S21400C190002132EA230228BF5A461346284A02F0F4
S21400C1A08FFA002026F004FD38B150463C5B26F09E
S21400C1B03AF8014620460AF035FD01210220214AC0
S21400C1C002F07EFA0136CEE7D09C0300DF9C030027
S21400C1D0FB9C0300279D0300029D0300189D03009F
S21400C1E01F9D0300549D0300749D0300BE9D030025
S21400C1F07D9D03009F9D030001BE0300AA9D0300D2
S21400C200C09D0300D69D0300EC9D0300659E0300C1
S21400C2107D9E0300EC3C0020719E03008B9E030075
S21400C2209F9E03003C9D03005C9A0300203C002078
S21400C230A79C0300F79D0300179E0300C49C030001
S21400C2404D9E030050E60300479D0300AF9C03008D
S21400C250B89C03002DE9F7430025134EDFF85880FD
S21400C26008F01CFEECB2A04202D803B0BDE8F08392
S21400C2702701204616F8079008F016FE0B4A4B4694
S21400C280002808BF4246002102200092084A02F019
S21400C29017FAF05D25F064FF01210220054A02F03E
S21400C2A00FFA0135DCE700BF203C0020E9EC030074
S21400C2B0BA9E030050E60300F3EC030008B583685B
S21400C2C05A681178C26853F82230A1F165025142CB
S21400C2D05141187808F09EFF30B9BDE808400121AA
S21400C2E00220024A02F0ECB908BD00BFC59E03005A
S21400C2F000210220014A02F0E3B900BFDF9E0300DE
S21400C30000210220014A02F0DBB900BF0D9F0300A6
S21400C31010B5044686B01822002168460EF068F86C
S21400C320684626F092FBD4E9022052F8203002EB51
S21400C33080021B788DF80B30516891F900108DF84B
S21400C3400A1091680988ADF808106168091A03296F
S21400C35007DDD26803F01F03127843EA42138DF814
S21400C3600B30684608F0C8F800210346024A02204F
S21400C37002F0A6F906B010BD299F030007B50020FD
S21400C38026F0ABFF00210090034B0220034A02F088
S21400C39097F903B05DF804FB369F03003C9F03004B
S21400C3A013B5D0E9023253F8221003EB82035B6820
S21400C3B0087819680023094CA222994208BF214632
S21400C3C0C01A18BF012026F07CFF01210090044B04
S21400C3D00420044A02F074F902B010BD00F8FF070A
S21400C3E0479F030055A0030013B5D0E9023203EBC4
S21400C3F0820153F82230D1E901141878FF22003860
S21400C40018BF01202378096826F05BFF0121009001
S21400C410034B0420034A02F053F902B010BD00BFDC
S21400C4204E9F030055A0030008B5002101230C4AC7
S21400C43026F0CCFD0A4826F02CFB0020094909F01E
S21400C44059FC002026F0B4FB10B1054809F0BAFBF1
S21400C450BDE8084001210420034A02F031B900BFBC
S21400C460625B0020639F030050E6030010B525F0D2
S21400C47075FE034630B1BDE8104001210420054A90
S21400C48002F01EB90121BDE810400420024A02F065
S21400C49017B900BF719F0300829F030010B526F0F6
S21400C4A0FAFABDE81040034601210220014A02F0D4
S21400C4B007B900BF8D9F030010B526F0BCFABDE893
S21400C4C01040034601210220014A02F0F9B800BFDD
S21400C4D0A39F030037B5D0E90232012453F8223077
S21400C4E04FF6FF701D78FE2204FA05F1002326F0B1
S21400C4F054FF2B46009021460420024A02F0E0F842
S21400C50003B030BDB79F0300D0E9023253F82230A3
S21400C5101B7823B101210220024A02F0D1B8024A58
S21400C52013707047D69F03003056002007B5684644
S21400C53025F0FAFD07F032FF01210346084A0220E3
S21400C54002F0BEF8684609F03DFB08F09BF90121B1
S21400C5500346044A022002F0B3F803B05DF804FB79
S21400C560EC9F030006A0030037B5D0E902454068FB
S21400C57054F82530401B0328D8BF002004EB850460
S21400C580C8BFE06819786368C8BF00781A78A368DF
S21400C59093F900300090012026F083FE38B901217F
S21400C5A00220084A03B0BDE8304002F089B8064BC6
S21400C5B00190009301210220044B054A02F080F806
S21400C5C003B030BD17A003001FA00300F3CE030086
S21400C5D033A0030007B5012026F06BFE48B9009093
S21400C5E001210220084B094A02F06AF803B05DF800
S21400C5F004FB054B0190009301210220044B054AE1
S21400C60002F05EF8F2E700BF1FA003004AA0030096
S21400C610D8FA030033A0030008B5D0E9023253F875
S21400C6202230187826F0F7FD30B9044A0121BDE81B
S21400C6300840042002F044B8014AF7E75FA0030070
S21400C6407BA0030008B5D0E9023253F822301888E0
S21400C65026F0DFFD30B9044A0121BDE80840042079
S21400C66002F02EB8014AF7E79AA00300CAA003001A
S21400C67073B50378044613F0050F0ED04588062DD3
S21400C68017D1836801215B68174A1B78019383885A
S21400C69004200093154B02F013F82378012B20D0CA
S21400C6A001210420114B124A02B0BDE8704002F08E
S21400C6B007B835B98388012104200E4A02F000F835
S21400C6C0EBE7012DE9D186680B49002009F012FB43
S21400C6D0304609F077FA29460420084A01F0F0FFB0
S21400C6E0DBE702B070BD00BF00A10300F7A00300A7
S21400C6F052A103001DA103003AA1030050E6030067
S21400C7002DE9F04F00268FB0364D09AC0FCD0FC483
S21400C7102B6801210220344A236001F0D1FF344601
S21400C720DFF8DC9025F014FDF5B2A8420BD825F012
S21400C7300FFD23460090012102202C4A01F0C0FF85
S21400C7400FB0BDE8F08F284605A926F04EFD03463B
S21400C750002841D19DF81430032B39D904238DF8D5
S21400C76014302B4600210220214A01F0A9FF9DF833
S21400C77014300EAA02EB830300214A4653F8143CF9
S21400C780022001F09DFF28469DF821A09DF815B0D7
S21400C7909DF81870BDF8168026F029FD5346CDE9A1
S21400C7A0028000210220CDE900B7124A01F088FF7E
S21400C7B001340020E4B226F0FBF918B10DF119009F
S21400C7C009F000FA002102200B4A01F079FF01E08F
S21400C7D0002BC6D10136A5E700210220074A01F04A
S21400C7E06FFFF7E7C838040064A10300DDA103006B
S21400C7F01A9D030091A10300BB970300B8A1030094
S21400C80064AC0300C3688268013BDBB252F8233095
S21400C81002201B78652B14BF00220121044B1BBF8E
S21400C82001211A70034A044A08BF197001F048BF74
S21400C8307C650020F4A1030002A20300D0E90232C6
S21400C84053F822301A88014B1A807047186500206A
S21400C85007B5D0E9023103EB810253F82130526864
S21400C8601988054B0548128800930088012309F0B3
S21400C8709DFE03B05DF804FB71C60000186500203D
S21400C880C3688268013BDBB252F823305B78A3F1C1
S21400C890660253425341014A137070477F65002079
S21400C8A030B5D0E9023253F8223089B01D78012322
S21400C8B002AA1946044626F089FB0123009310239A
S21400C8C002210DEB0302204626F061FB284604AA4F
S21400C8D002A926F07CFD0446002026F069F918B16E
S21400C8E02146044807F0EAFD0020034909F0E8F96C
S21400C8F009B030BD11A2030050E60300002330B596
S21400C9008FB00221009309AA1223054626F03FFBAA
S21400C91005AA014609A807F0AFFB044698B12328EC
S21400C92005D1134A0121042001F0CAFE09E021289E
S21400C93001D1104AF6E70346012104200E4A01F011
S21400C940BFFE0FB030BD01232846194603AA26F0C5
S21400C9503DFB05A903A826F03CFD0546204626F02B
S21400C96027F918B12946054807F0A8FD044AD9E773
S21400C9701EA2030041A203007CA203009DA20300A6
S21400C98050E60300F0B5D0E9023253F8221003EB6C
S21400C99082039B6805461F7887B038460E7826F0D7
S21400C9A0E7F8044608BBD5E9022101238DF80830D4
S21400C9B0194452F8210002EB810200888DF80970B4
S21400C9C09268ADF80A00127804218DF80C202846EB
S21400C9D00DF10D0226F0FAFA304602A98DF8154040
S21400C9E026F007FC044626F0B7F83346012104205B
S21400C9F0024A009401F064FE07B0F0BDB2A2030044
S21400CA002DE9F04101218EB00220274A01F058FEA0
S21400CA10002005AB01AA09A926F0D3FC0025044690
S21400CA20224E234FDFF898801CB128460EB0BDE892
S21400CA30F08102202B463246214601F041FE204678
S21400CA4026F0B6F810B10AA809F0BCF83A4600215C
S21400CA5002209DF8303001F033FE424600210220CD
S21400CA60079B01F02DFE00210220BDF82030114A60
S21400CA7001F026FEBDF8143000210F4A022001F016
S21400CA801FFE013501A826F08EF8EDB20121022026
S21400CA900A4A01F015FE284605AB01AA09A926F0A8
S21400CAA090FC0446C0E700BFE4A203002AA30300EC
S21400CAB032A3030020BE030047A3030050E6030092
S21400CAC03EA303002DE9F047064698B0C0B925F00E
S21400CAD03DFB074600250EA826F07DFC012102201E
S21400CAE0384A01F0EDFD2C46DFF8E080DFF8E090F4
S21400CAF0DFF8E0A0BC4205D3284618B0BDE8F087B2
S21400CB000127E7E713A826F066FC002E4CD0022388
S21400CB1006A913A88DF84C30FE2426F04EFC0028FB
S21400CB203FD102A913A826F04EFC9DF8593043F0D9
S21400CB3001038DF85930002E3DD1234631460220A0
S21400CB40214A01F0BDFD9DF859300AA943F00103C2
S21400CB5013A88DF8593026F036FC002026F028F869
S21400CB6010B114A809F02EF80C9B424600210220B2
S21400CB7001F0A6FDBDF82820002112F4007F0CBFAE
S21400CB804C23412312F0100F0CBF6E227922022094
S21400CB9000924A4601F094FD06A826F004F80135F6
S21400CBA0EDB20134E4B2A5E720460AAB06AA13A903
S21400CBB026F005FCB3E752460021022001F080FD76
S21400CBC0C1E700BF51A303002AA303003EA303004E
S21400CBD08DA3030086A3030030B5012499B00EA8E8
S21400CBE026F0F9FB13A88DF8384026F092FBC0B962
S21400CBF0BDF84C1011EA040513D121460220444A20
S21400CC0001F05EFD29460220424A01F059FD214608
S21400CC1002203F4A01F054FD214602203C4A01F022
S21400CC204FFD06A90EA826F0C8FB20B11022FF2152
S21400CC3006A80DF0DDFB04A826F0C7FB059B012126
S21400CC400220354A0093354B01F03AFD9DF812302C
S21400CC5001210220324A0093304B01F031FD0021C1
S21400CC602E4B304A022001F02BFD06A825F09BFF34
S21400CC7013A826F0B0FB02230AA913A88DF84C309F
S21400CC8026F0A1FB00283FD10B9B00930121022038
S21400CC90254B264A01F014FD0121234B244A02208D
S21400CCA001F00EFD0120FFF70DFF01211E4B214A6A
S21400CCB0022001F005FD0020FFF704FF044625F0E2
S21400CCC045FA23460090012102201B4A01F0F8FC99
S21400CCD001211A4B174A022001F0F2FCFFF790FEE2
S21400CCE01749022803461748174A28BF0A46084924
S21400CCF028BF01460092CDE9013102200121134AE6
S21400CD0001F0DEFC19B030BD4FF0FF33BDE700BFC9
S21400CD1050E60300A0A30300DEA30300D6A303008F
S21400CD20EEA303007DCD0300AADB030001A40300ED
S21400CD3011A4030018A4030021A4030035A40300D3
S21400CD409CA30300E7C2030039C3030043A4030007
S21400CD5010B5D0E9023253F822301C78201E18BFD6
S21400CD60012026F0C2FA054A054B0020002C18BF09
S21400CD701A46BDE81040034908F0A2BF70A403009D
S21400CD806BA4030079A40300D0E9023210B553F86F
S21400CD9022301C88204626F0AAFA2246BDE810401B
S21400CDA00020014908F08CBFBAA4030037B504463A
S21400CDB007F0CCFA014638B100200D4A0D4903B001
S21400CDC0BDE8304008F07CBFE368A268013BDBB2F8
S21400CDD052F8233008481D780123084A00936C2D2A
S21400CDE008BF02461023204626F0D1F803B030BD17
S21400CDF008A5030010A50300656500205565002002
S21400CE0013B583689A681278672A22D101A826F09B
S21400CE1080FA0446A8B9BDF80420174908F050FF68
S21400CE20BDF80430DA070AD413F0020F134B144A85
S21400CE3018BF1A461349002008F042FF19E0124AAC
S21400CE40F8E702461149002008F03AFF224610494A
S21400CE50F1E7C26801A953F8220003EB82035B687E
S21400CE6000681B68ADF8043026F059FA044600281E
S21400CE70ECD102B010BD00BF43A5030036A50300E9
S21400CE80DACE030064A5030026A5030076A50300FA
S21400CE90A2A50300034A04491388C854013313802B
S21400CEA0704700BF1A5100203656002073B5154D46
S21400CEB001242B78144E13F0040F0CBF0223042316
S21400CEC0124A21461470328802200192EB5C104A06
S21400CED00093104B5B8801F0F3FB002102200E4A02
S21400CEE001F0EEFB0D4B29460093328823460220C4
S21400CEF001F02CFC21460220094A02B0BDE8704031
S21400CF0001F0DEBB365600201A51002035560020B0
S21400CF10B1A503000C510020D6A50300F8A5030018
S21400CF2050E6030070B516464FF48A52114B124D68
S21400CF30DA805980114B1B881A1E18BF012240EA5E
S21400CF4082000F4A1278003A18BF012240EA021007
S21400CF50287063B103246B701B0AAB7009F082FE65
S21400CF60631C2855EE54074B02341C8070BD012408
S21400CF70F4E700BF0C510020365600201851002060
S21400CF80345600201A51002038B5D1E902320C463A
S21400CF90054653F82230024619880C4B1878FFF7DE
S21400CFA0C1FFE368A268013352F82330188823F0E3
S21400CFB0B3FF4DB1E368A268023352F82330187805
S21400CFC0BDE83840FFF766BF38BD00BF31560020C9
S21400CFD0F0B50546EB68AA68023352F823300846D7
S21400CFE01C78294685B0FFF7CFFF204625F007F9C5
S21400CFF0204E214F78B3204625F00DF90321441C1E
S21400D00003AA284622F0EFFF3288E4B2C2F1FF03FB
S21400D01003991B1B9BB28B4222443CBFC2F1FF0309
S21400D02003930123032100933A449DF80C302846CD
S21400D03025F0ADFF039A022C338804BF0F48110A6F
S21400D040FA5408BFC15413441C44348005B0BDE8EC
S21400D050F040FFF72BBF204607F080FE0123328802
S21400D06004460093032103463A44284625F08FFFE2
S21400D0703388E9E71A51002036560020375600203C
S21400D080052307B5012100930220044B044A01F052
S21400D09017FB03B05DF804EBFFF79EBDDFA50300AA
S21400D0A0E6A5030013B5044626F02FF938B1CDE9FE
S21400D0B0004001210220034B034A01F001FB02B0AD
S21400D0C010BD00BF08A50300FDA50300194B37B52A
S21400D0D01B783BB901210220174A03B0BDE8304057
S21400D0E001F0EEBAD0E90232144C53F82230012196
S21400D0F01D78638802200093114A2B4601F0E0FA5F
S21400D100104B25711B78104D63B1012102200F4A88
S21400D11001F0D6FA20460E4A298803B0BDE8304012
S21400D12024F00EBE20460A4A298803B0BDE83040E7
S21400D13024F0C8BE3556002014A603000C5100206B
S21400D14022A60300325600201A51002039A60300FA
S21400D150365600202DE9F041D0E9023253F822106D
S21400D16003EB82035A680C7817889A68DB68B2F873
S21400D1700080C6B01D780021304B0220304A009453
S21400D180CDE9017801F09CFA002D0CBF6E237923BF
S21400D190012102202B4A01F093FAFF23002D0DF106
S21400D1A0170606AD019320460CBF80234023424657
S21400D1B039460296009525F068FB0446002835D1CE
S21400D1C0307825F022F80746B0B1284625F0AFFCA7
S21400D1D01D4BFD28A8BFFD200093234682B20DF10B
S21400D1E01901022001F0B2FA01210220174A01F0CB
S21400D1F067FA46B0BDE8F081307825F00CF860B1EB
S21400D200284625F099FCFD28A8BFFD200E4B82B2CB
S21400D21000930DF11A013B46E3E7307807F09EFDD8
S21400D2200B4B0246009329460123DAE700900121C2
S21400D2300220084B084A01F043FADAE746DC03000E
S21400D24053A6030078A60300FEEF030050E6030093
S21400D250F8A5030000AF030082A60300D0E902325F
S21400D26053F8221003EB82032DE9F04F5A680F782B
S21400D270B2F800809A68C7B0B2F80090DA681B6906
S21400D28092F800A01E7800212F4B304A0446CDE9C4
S21400D29001890220009701F013FABAF1000F0CBFC3
S21400D2A06E23792301210220294A009606AD01F05B
S21400D2B007FAFF22002128460DF09AF8304624F09F
S21400D2C0A4FF834608B30023052100932046FD23D0
S21400D2D00DF1190225F05BFE2870BAF1000F0CBFA5
S21400D2E0802340234A4641463846CDE9005625F07D
S21400D2F097FA0146144807F0E1F801210220154A82
S21400D30001F0DEF947B0BDE8F08F304624F083FF29
S21400D31060B1FD2305212046CDF800B00DF11A02BC
S21400D32025F035FE85F801B02870D6E70590304622
S21400D33007F014FD059A0346009205212A4620466A
S21400D34025F025FEC9E700BF39DC030053A603001D
S21400D35093A6030050E603002DE9FF471C465B68D2
S21400D360E5685B1B00255FFA83F803952E46FFF7FA
S21400D370D9FDEBB298450BD90C9B9B5D282B39D871
S21400D380202B00F2CB800136F6B2002B40F0C9808D
S21400D390FFF78CFD04B0BDE8F087132A2FD801A153
S21400D3A051F822F06BD400007DD400008FD400002A
S21400D3B0C3D4000091D3000091D3000091D30000A5
S21400D3C091D30000FFD30000FFD30000FFD300007E
S21400D3D0FFD30000FFD30000FFD30000FFD3000000
S21400D3E0FFD30000FFD30000FFD300000FD40000DF
S21400D3F0E9D40000A3F13102D1B21329CDD9013608
S21400D400F6B2A3F14102032AC2D8422B6CD06C4F6D
S21400D41000213A88DFF8B0A1C2F1FE039BB2FF2BD1
S21400D42028BFFF2301320091DBB22046524469B286
S21400D43025F089FD3B880AF803000133184438803C
S21400D44011E04FF00409E368A2682B4452F8233039
S21400D4501F68F8B209F1FF39FFF71CFD19F0FF0944
S21400D4604FEA1727F5D1013583E7E368A2682B4416
S21400D47052F823301878FFF70DFDF4E7E368A2684A
S21400D4802B4452F82330188823F046FDEBE7E36878
S21400D490A2682B4452F823301F68B7F1807F09D268
S21400D4A0F8B2FFF7F7FCC7F30720FFF7F3FCC7F364
S21400D4B00740E0E72B4601210820424A01F000F928
S21400D4C066E74FF00409E368A2682B4452F823305D
S21400D4D01F68F8B209F1FF39FFF7DCFC19F0FF0905
S21400D4E04FEA1727F5D1BEE7294603AA204622F0C1
S21400D4F07AFD0021324F344A3B88DDF80C9002EB6F
S21400D500030CCAB2914501F1010102D84B443B809D
S21400D510A9E710F802A00CF802A0F2E7242B3FF6C9
S21400D52070AF013B232B3FF633AF01A252F823F036
S21400D5306BD400007DD400008FD4000043D40000DC
S21400D54091D3000091D3000091D3000091D3000046
S21400D55091D3000091D3000091D3000091D3000036
S21400D56091D3000091D3000091D3000091D3000026
S21400D5706BD400007DD400008FD40000C3D400001C
S21400D58091D3000091D3000091D3000091D3000006
S21400D59091D3000091D3000091D3000091D30000F6
S21400D5A091D3000091D3000091D3000091D30000E6
S21400D5B06BD400007DD400008FD4000043D400005C
S21400D5C01A510020ACA6030036560020094B1B78E3
S21400D5D023B101210820084A01F072B8D0E90232CE
S21400D5E053F82230054A1B88012113800820044A7C
S21400D5F001F066B835560020D2A603001851002068
S21400D60014A70300D0E9023253F82230054A1B78EB
S21400D6100121003B18BF012308201370024A01F0C5
S21400D6204FB800BF335600203AA70300D0E90232B5
S21400D63053F82230034A1B78012113700820024A4F
S21400D64001F03EB83456002069A7030010B5D0E9B3
S21400D6500232044653F82230132219880B4B1878EE
S21400D660FFF760FCE368A268013352F823301878AD
S21400D670FFF710FCE368A268023352F823301878EC
S21400D680FFF708FCBDE81040FFF710BC315600203D
S21400D69010B5D0E90232044653F822301122198818
S21400D6A00B4B1878FFF73EFCE368A268013352F88C
S21400D6B023301878FFF7EEFBE368A268023352F8CF
S21400D6C023301878FFF7E6FBBDE81040FFF7EEBB07
S21400D6D031560020D0E9023253F82230034A1B7834
S21400D6E0003B18BF0123DB00137070473156002043
S21400D6F010B5D0E9023253F82230044619880E4B92
S21400D70006221878FFF70EFC0120FFF7C3FBE3683C
S21400D710A268034452F82330188823F0FDFBE36820
S21400D720A268023352F82330188823F0F5FBBDE8D0
S21400D7301040FFF7BBBB00BF315600202DE9F04379
S21400D740D0E902324FF0FD09013253F8221003EB04
S21400D75082035A68C7B017889A68B1F800801478B0
S21400D76053F8043C002C0DF1170506AE18783A461F
S21400D77014BF4023802341460295CDF804900096BE
S21400D78025F083F8034638B1184A0121082000F036
S21400D79097FF47B0BDE8F083201E18BF01200A227D
S21400D7A04146C000FFF7BEFB384623F0B5FB28789D
S21400D7B0FFF770FB4A463146287824F0D4FC04462E
S21400D7C028B10B4F3D88C5F1FF03984202DD234682
S21400D7D0084ADAE7024608483146284425440CF051
S21400D7E097FF3D80FFF762FBD3E700BF9FA70300CC
S21400D7F01A510020BBA703003656002010B5D0E90A
S21400D8000232044653F82230082219880B4B187847
S21400D810FFF788FBE368A268023352F823301878D3
S21400D820FFF738FBE368A268013352F82330188804
S21400D83023F072FBBDE81040FFF738BB31560020DE
S21400D84073B5D0E902320546023253F8221003EBD4
S21400D850820353F8042C53F8083C0C781988234BA1
S21400D860168818780622FFF75DFB0020FFF712FBEC
S21400D870304623F051FB2046FFF70CFBEB68AA6806
S21400D880033352F82330188823F046FBEB68AA6867
S21400D890043352F82330188823F03EFB204609F064
S21400D8A0E1FBE8B9204607F059FA05210446019045
S21400D8B001AA284622F097FB019B01469C4206D00F
S21400D8C0224631460A480BF081FC02B070BD094D75
S21400D8D009482E882246304434440CF0DBFD2C8068
S21400D8E002B0BDE87040FFF7E1BA00BF3156002035
S21400D8F0E7A703001A5100203656002073B5D0E97A
S21400D90002324FF48A5153F82230104D1A88104BC9
S21400D910D9805A8000232A4600930121FF2325F050
S21400D92036FB2B78044613F0040F0A4B08BF01267B
S21400D9301B7818BF032613B109F094F9A855064BB7
S21400D9401C8002B0BDE87040FFF7B0BA3656002023
S21400D9500C510020335600201A510020D0E9023224
S21400D96053F82230034A1B78003B18BF012313707C
S21400D970704700BF3256002010B50C4608B908F0B4
S21400D980FDF8024B18715C7110BD00BF0C510020F1
S21400D99002462DE9F341D0E90253526855F82310A8
S21400D9A0D21A0C8805EB8301013BDBB255F82380C5
S21400D9B0294D022A4868C8BF8A682B78D8BFFF213D
S21400D9C00078C8BF11783BB901210220234A02B073
S21400D9D0BDE8F04100F074BEFFF7CEFF06F0DEFCB7
S21400D9E01F4F204E3B880146224600931E48334672
S21400D9F025F038F80246C8B998F804103B885F2925
S21400DA0017D1CDE900364FF6FF712046164B24F0AD
S21400DA108BF928B1034601210220144A00F050FE7B
S21400DA200023134A2B701380124A137002B0BDE80D
S21400DA30F0814FF6FB718C4208D9CDE900362146BD
S21400DA40094B4FF6FF7024F0CDF9E2E72146064A6F
S21400DA50009624F0F9F9DCE73556002032A80300DA
S21400DA601A510020365600200C51002039A8030019
S21400DA701851002034560020002210B50A21044612
S21400DA801046FFF74FFA002023F046FA0122044B17
S21400DA901A70FFF70BFA2046BDE81040FFF778BF74
S21400DAA05F5B002038B51C4615460123224625F04C
S21400DAB08DFA60B92146284625F051FC044620B16F
S21400DAC001210420034A00F0FBFD204638BD002457
S21400DAD0FBE700BF60A803002DE9F0430C4615469F
S21400DAE01F46D0E9022352F8231002EB8302936804
S21400DAF00E8893F80080D3688BB0B3F80090324657
S21400DB00012106ABFFF7CEFFF0B90DF1200CF4B102
S21400DB1001232A884021CDE902C2CDE90471CDE96E
S21400DB2000932221434606AA304625F086FA0B4B80
S21400DB300B4A00930B4B0190002C08BF13460121A3
S21400DB400420094A00F0BCFD0BB0BDE8F083624635
S21400DB5028686968032303C22246DBE7BFA80300E0
S21400DB60A4A803009EA80300ACA8030007B50123E1
S21400DB706A46002125F02AFA6846034908F0C2FDE5
S21400DB8003B05DF804FB00BF71C60000D0E90232A6
S21400DB9053F822300149188808F086BD71C6000087
S21400DBA010B5D0E9023203EB8201496853F82230FF
S21400DBB009784FF48A52188825F02FFABDE81040ED
S21400DBC0034601210420014A00F07ABDC9A80300DB
S21400DBD0D0E9023253F8223002214FF48A5210B5AF
S21400DBE0188825F00CFABDE81040034601210420F1
S21400DBF0014A00F065BD00BFE2A803001FB5D0E9EA
S21400DC00023203EB820153F82230496818884FF439
S21400DC108A5309880293094B094A0193094B1B78DA
S21400DC2000931278084B25F060FA01210346042081
S21400DC30064A05B05DF804EB00F042BD1C5100201A
S21400DC40365700203557002026510020F9A803003B
S21400DC502DE9F043D0E9023253F8221003EB820399
S21400DC605A680E8817789A68DB688BB092F800902E
S21400DC70B3F800803246042106AB0446FFF712FFD5
S21400DC8028BB08AD01232A460521204625F09EF92B
S21400DC9038B9042001210F4A00F012FD284624F06E
S21400DCA043FA4FF48A53CDE904930023CDE9025397
S21400DCB003232121CDE9008306AA3B46304625F002
S21400DCC0BCF901210346044A042000F0F9FC0BB01D
S21400DCD0BDE8F08311A9030040A9030038B5D0E9D8
S21400DCE0024303F18043023B02220F4954F823000B
S21400DCF09D000CF0C9FE60B90C4B0D491A78042A39
S21400DD000BD82C44A068008821F8120001321A7043
S21400DD1038BD084B08491A78F1E70121BDE83840BC
S21400DD200420064A00F0CCBC6ED403003657002010
S21400DD3026510020355700201C51002052A9030010
S21400DD4008B5C368806803F18043023B0222064997
S21400DD5050F823000CF098FE10B9044B187008BD5C
S21400DD600022034B1A70FAE76ED4030036570020E1
S21400DD703557002037B5D0E9023153F821208C0002
S21400DD8015784268521A012AC5BF1B195B686C09D0
S21400DD901C78DCBF44F0180405F01F052946204611
S21400DDA025F067F8034640B12346012104200E4AB9
S21400DDB0009500F085FC03B030BD0121A94074B980
S21400DDC02346FE224FF6FF7025F0E7FA01210346B0
S21400DDD00420064A03B0BDE8304000F071BCFE22C5
S21400DDE041EAC461EEE700BF68A9030088A9030002
S21400DDF070B5D0E9021551F8253001EB85010446CF
S21400DE0018884B681A788B68052A1B8802D85E1E0D
S21400DE10072E0BD9012104200C4A00F051FCBDE866
S21400DE207040012104200A4A00F04ABC6468641B62
S21400DE30032CCABFC9680749096825F0AEFABDE8D1
S21400DE40704002460449002007F054BFA6A903000C
S21400DE50C6A9030000F8FF07E3A9030008B5D0E948
S21400DE60023253F8220003EB82035968FF2203882C
S21400DE7009684FF6FF7025F090FABDE808400246A4
S21400DE800149002007F036BFF6A9030008B5D0E91F
S21400DE90023253F8223005214022188825F0AFF8C8
S21400DEA0BDE8084002460249002007F023BF00BF35
S21400DEB017AA030008B5D0E9023203EB82014868CE
S21400DEC053F82210027840230988312025F0EAF81A
S21400DED0BDE8084002460249002007F00BBF00BF1D
S21400DEE038AA030008B5D0E9023203EB820148687D
S21400DEF053F82210027840230988332025F0D2F800
S21400DF00BDE8084002460249002007F0F3BE00BF05
S21400DF1052AA03001FB5D0E9023253F8221003EBD1
S21400DF2082039B6808881A780023D21A18BF012239
S21400DF30CDE9023302A94023D20125F0C2F801211F
S21400DF400090044B0420044A00F0BAFB05B05DF8CC
S21400DF5004FB00BFBFA8030070AA030007B5D0E902
S21400DF60023253F8223003214022188825F047F861
S21400DF7001210090034B0420034A00F0A1FB03B0EC
S21400DF805DF804FBBFA803007FAA030037B5C3688B
S21400DF908268053352F8233004211D786A4601232F
S21400DFA0044625F013F838B904200121064A00F08B
S21400DFB087FB684624F0B8F82B466A4600212046C0
S21400DFC0FFF78AFD03B030BD99AA030007B5D0E974
S21400DFD0023203EB8201486853F82210027840238D
S21400DFE00988322025F05EF801210090034B0420BA
S21400DFF0034A00F065FB03B05DF804FBBFA803000E
S21400E000CAAA030070B585690446EA0705F0020649
S21400E01005D476B1C5F3072024F0AAFD09E01EB1A9
S21400E020B2210F482BF008F8A069C0F3810024F055
S21400E0308EFDE3691BB9BA2109482AF0FDFF204688
S21400E04014F008FCE3693EB1607E9847AB0706D043
S21400E050BDE8704024F080BD20469847F6E770BDC6
S21400E060DFAA030008B514F0E9FE28B1BDE80840B1
S21400E070472102482AF0E0BF08BD00BFDFAA030020
S21400E0802DE9F041FF2B04460F4690461D469DF8AD
S21400E090186005D0FF2E03D0D52111482AF0CCFFFA
S21400E0A00023FF2D18BFAD000E4A1CBF45F001052A
S21400E0B0EDB222600C4AC4E9063818BFA561FF2EEF
S21400E0C0C4E901232361E76007D0A36943F0020394
S21400E0D023F47F4343EA0623A361BDE8F08100BF33
S21400E0E0DFAA0300F437002005E00000002310B587
S21400E0F0054C03610460054CC261C0E9014301237D
S21400E100C160836110BD00BFF437002005E0000049
S21400E11070B58669044606F00303032B0D4603D14B
S21400E120FC2114482AF088FFFF2D16D0B20704D42D
S21400E13040F201110F482AF07FFF284624F0B4F978
S21400E140FF28054604D14FF482710A482AF074FF6E
S21400E1502DB204EB4514204670BDF307FBD5A3692A
S21400E16013F00C0FF7D040F20B1102482AF064FFB0
S21400E170F1E700BFDFAA03000023054AC0E9063125
S21400E18003610260C360034A034B426083607047CA
S21400E190F437002005E0000021280200014826F0A0
S21400E1A0C0BF00BFF4370020014826F0C6BF00BF3E
S21400E1B0F437002013B50E4826F08DFF22F02FFF0F
S21400E1C025F056FF25F078FF25F082FFFCF748FF84
S21400E1D00446FCF75FFF2346009001210420054A11
S21400E1E000F06EFA02B0BDE81040FCF73FBF00BF7B
S21400E1F0F437002072AB0300022808B503D12AF0DA
S21400E20014FF014B186008BD2438002008B50DF037
S21400E21055F90122044B1A702AF090FFBDE8084019
S21400E22002490348FDF7E4B8385700202C60002068
S21400E23028380020014B1870704700BF3757002061
S21400E240024B187808B106F08DB870477565002047
S21400E25008B5074B1B780BB1002008BDFFF7F0FF91
S21400E2600028F9D106F058FC023818BF0120F4E760
S21400E2703757002070B5FFF7EBFF174D20B1FFF7BB
S21400E2808DFF0428044613D82B781BB92AF056FFB6
S21400E29001232B7022F0D1FE0446D8B12B781BB98F
S21400E2A0F7210E482AF0C8FEBDE87040FFF776BF9B
S21400E2B022F0C5FE0028E7D02B785BB12AF0BDFD22
S21400E2C006460021012029F023F830462AF0B0FD4A
S21400E2D000232B70204670BD3857002093AB0300F8
S21400E2E01FB5FFF7C7FF0446FDF72CFAA04228BF6C
S21400E2F0204688B103A929F0F7FB034638B9CDE9D3
S21400E3000000064A039906482AF0ABFE18B18E2193
S21400E31004482AF091FE012004B010BD3910030015
S21400E3200438002093AB03000D4B70B51B780D4DE1
S21400E3300D4C0121002B0CBF2B46234602200B4A16
S21400E34000F0BEF90A4B01211B780220002B0CBFFF
S21400E3502B462346BDE87040064A00F0B1B900BF20
S21400E360756500208DD40300ACD4030029AC0300EF
S21400E3703757002048AC030010B5D0E9023253F8F6
S21400E380223002201B780121002B15BF0124002417
S21400E390044A054A00F094F92046BDE81040FFF70D
S21400E3A049BF00BF67AC030084AC0300D0E902326B
S21400E3B053F82230034A1B78003B18BF0123137022
S21400E3C0704700BF7565002038B50125084B1D70E5
S21400E3D02AF033FD04462946284628F099FF2046B1
S21400E3E02AF026FDBDE8384002490348FDF700B88C
S21400E3F039570020346000205038002070B514F0E3
S21400E400A3FD10F0070F1D4D11D02B785BB9012628
S21400E4102E702AF012FD04463146304628F078FF6A
S21400E42020462AF005FDBDE8704014F05DBB24F0E0
S21400E43098FF022803D1124B1B78032BE5D914F062
S21400E44083FD18B90E4B1B78032B14D814F04CFB25
S21400E45004460028D9D02B785BB100262E702AF00F
S21400E460ECFC05463146012028F052FF28462AF0EB
S21400E470DFFC204670BD4FF0FF34ECE73957002034
S21400E480C05B00201FB5FFF7B9FF0446FDF75AF939
S21400E490A04228BF204688B103A929F025FB0346E1
S21400E4A038B9CDE90000064A039906482AF0D9FD96
S21400E4B018B18C2104482AF0BFFD012004B010BD1D
S21400E4C01515030030380020A3AC030010B5094C26
S21400E4D00949002007F0F4FB23681B68587924F0EC
S21400E4E019F823681B68587923F01DF805F060F9C1
S21400E4F0002010BDB03D002031AD030008B524F06B
S21400E50020FF024628B1BDE808400020014907F078
S21400E510D7BB08BD54AD030008B524F028FF02465B
S21400E52028B1BDE808400020044907F0C9BB5422C2
S21400E530BDE80840FF2102480BF05ABF6CAD03004F
S21400E5403051002038B504460D4624F014FF02462C
S21400E55028B1BDE838400020034907F0B1BB034BA3
S21400E56023F8145038BD00BF8AAD03003051002098
S21400E5702DE9F34100240C4E0C4DDFF838800C4F8B
S21400E58056F8043B0BB9D8F8003035F8022B39465C
S21400E590009200202246013407F092FB2A2CEFD18D
S21400E5A002B0BDE8F08100BF40600020845100202A
S21400E5B0A6AD03003C60002008B52A21034824F0DD
S21400E5C0D2FEBDE80840FFF7D3BF00BF845100204D
S21400E5D007B5D0E9023253F822301A78292A0DD826
S21400E5E0084B53F822300BB9074B1B68074900202D
S21400E5F031F812100091064907F062FB03B05DF88F
S21400E60004FB00BF406000203C60002084510020D6
S21400E610A6AD030008B52A21034824F0A6FEBDE8EF
S21400E6200840FFF7A5BF00BF8451002038B5D0E9E9
S21400E630023253F8221003EB82035B680C781D88C5
S21400E6400020044907F03CFB29462046BDE8384038
S21400E650FFF778BFB1AD03002DE9F34100240C4E5F
S21400E6600C4DDFF838800C4F56F8043B0BB9D8F841
S21400E670003035F8022B394600920020224601343D
S21400E68007F01EFB2A2CEFD102B0BDE8F08100BFD8
S21400E6904060002030510020A6AD03003C60002002
S21400E6A010B5024622F055FF20B9044C236811B17C
S21400E6B01343236010BD23EA0203FAE7EC60002050
S21400E6C00CB413B502460C4622F043FF60B9094B62
S21400E6D01B681A4208D005A9049801910AF08AFD21
S21400E6E014B1054825F050FC02B0BDE8104002B059
S21400E6F0704700BFEC600020B0B00300034610B5C2
S21400E700D3E9023253F8223008461C78211E18BF7F
S21400E7100121FFF7C5FF014648B9084A084B022009
S21400E720002C08BF1346074AFFF7CAFF10BD00219A
S21400E7300220054AFFF7C4FFF8E700BFAF9C0300BE
S21400E740A79C0300B2B00300C8B003002DE9F04157
S21400E75005461F460C46DFF82C808E18B44201D1C1
S21400E760BDE8F0810021284614F8013B069AFFF721
S21400E770A7FF002FF2D0424600212846FFF7A0FF51
S21400E780ECE700BF3CA303000021024A0248FFF763
S21400E790ADBC00BF1DE8000058380020FF2101482E
S21400E7A022F02FBC583800200022034BFF210348DC
S21400E7B01A7022F01FBC00BF3A57002058380020BD
S21400E7C013B5114C2378032B13D8009300230F4A5C
S21400E7D018460F4907F074FA237842F21072002B9D
S21400E7E008BF0022FF210B4802B0BDE8104022F00F
S21400E7F0F0BB00220849104607F062FA02B0BDE8F6
S21400E8001040FFF7D1BF00BF3A570020D9B0030031
S21400E810EBB0030058380020F5B00300F0B52B4DE0
S21400E8208FB02B7823B309A824F0D5FD022309A8BE
S21400E8308DF8243024F0BDFD01AA06469446244BEC
S21400E84003F11007144618685968083303C4BB421E
S21400E8502246F7D105AA17461E4B03F1100E1446A2
S21400E86018685968083303C473452246F7D1E6B1E1
S21400E870012409A824F04BFD28B9BDF8243013F074
S21400E880020F18BF01242B781349002B4FF000030A
S21400E8904FF0A00208BF1946204624F012FD90B99A
S21400E8A02B7801332B700FB0F0BD614609A824F019
S21400E8B082FD0028DCD1394609A824F07CFD0446F8
S21400E8C00028D6D0D4E7FFF77BFFECE73A570020C6
S21400E8D0DC380400EC38040000F8FF0710B5002010
S21400E8E0324907F0EDF908220020314907F0E8F92F
S21400E8F0304B314A1978314B0020002918BF1A4690
S21400E9002F4C304907F0DCF9002024F020F923686A
S21400E910002B47D01B78022B44D900222A4B1046E6
S21400E9202A4907F0CDF922F05BFE2949024600206D
S21400E93007F0C6F900F0CAF826490246002007F09C
S21400E940BFF923681B78032B2CD900F0CFF8224997
S21400E9500246002007F0B4F900F0D8F81F49024636
S21400E960002007F0ADF900F0D9F81D490246002056
S21400E97007F0A6F900F0A4F81A490246002007F0AE
S21400E9809FF900F0D1F8184C184954F820200020C0
S21400E99007F096F900F01EF9154954F820200020DB
S21400E9A007F08EF9BDE8104024F0D6B817B1030082
S21400E9B033B103003B5700208DD40300ACD40300D2
S21400E9C0EC3C002056B103007D9E0300719E0300C0
S21400E9D072B1030096B10300BAB10300DEB10300C2
S21400E9E002B2030029B20300F060002050B2030018
S21400E9F073B2030008B5D0E9023253F82230187813
S21400EA0040B10020074907F05BF9BDE808408020C8
S21400EA1000F034B8044907F053F9BDE808408020F8
S21400EA2000F046B896B20300B3B20300D0E9023253
S21400EA3053F82230034A1B78003B18BF012313709B
S21400EA40704700BF3B57002018220021094BC3E93E
S21400EA5000121A7B0AB9084A9A601A7C12B94FF457
S21400EA607A72DA8140F6B8325A8200229A829A7511
S21400EA70704700BF78380020E09304000A4B10B5BA
S21400EA801B687BB11B78032B02D8B0F5007F09D139
S21400EA90064C2368034323606368184202D02AF0BA
S21400EAA0BFFAA08210BD00BFEC3C002078380020E2
S21400EAB0024A136823EA0003136070477838002080
S21400EAC0014B1868704700BF78380020024B9868E2
S21400EAD0FA23B0FBF3F07047783800200122024B8F
S21400EAE098601A73704700BF78380020024BD889A8
S21400EAF0FA23B0FBF3F07047783800200122024B6F
S21400EB00D8811A74704700BF78380020024B588AA4
S21400EB10FA23B0FBF3F0704778380020014B5868B2
S21400EB20704700BF783800202DE9F84300244FF0E6
S21400EB300C08104B104F9D7D104E3988E3B28B4267
S21400EB4002D32846BDE8F88308FB03F3F05C06EB27
S21400EB50030924F003F850B9FF21D9F8080022F081
S21400EB6050FA20B199F805309D4238BF1D46013451
S21400EB70E3E700BF783800201C65002074610020A1
S21400EB80124B10B51B68124CEBB11B78032B02D846
S21400EB9023689B0517D52AF043FAA38AC01A638A0E
S21400EBA080B283423EBFD4E900329343236024F010
S21400EBB052FB08B1E08910BD2368002BFAD1FFF79D
S21400EBC0B3FF0128F6D0A068F5E700BFEC3C0020B4
S21400EBD078380020014B987D704700BF78380020B9
S21400EBE038B504460D462AF0CCFA244B1B7813B1F0
S21400EBF0204622F0F0FC402C27D006D884B13F2CCB
S21400EC0018D0BDE8384023F0A7BF4C3C0C2CF8D8F1
S21400EC101B4B2341DB07F4D40220FFF749FFF0E744
S21400EC204FF40070FFF744FF0220FFF727FF154B55
S21400EC301C71E6E74FF40070FFF73AFF0220FFF77B
S21400EC4037FF00220F4B1A71DBE723F006FF002880
S21400EC50D7D10C4C0220237901332371FFF728FF0C
S21400EC604FF40070FFF70AFF2379AB42C9D322F0B6
S21400EC70B3FC0028C5D122F088FCC2E73B57002031
S21400EC80FEEEFFFF9038002010B505F05FFB02286F
S21400EC900AD124F0BCFA034630B1BDE81040002289
S21400ECA00249104607F00CB810BD00BFFFB20300C3
S21400ECB00021024A0248FFF719BA00BF89EC00009B
S21400ECC09838002038B5002023F041FF124B1B680F
S21400ECD093B11B78022B0FD905F038FB022816D10A
S21400ECE00E4C2568FFF74CFFA842206008D0FF2195
S21400ECF022680B4822F06DF9BDE8384023F02CBF9F
S21400ED00FF21074822F07DF90028F5D1EFE7FF2123
S21400ED10034822F06FF9EFE7EC3C00209038002023
S21400ED209838002002460249002006F0C9BF00BFFE
S21400ED3013B3030010B5234C2348FF2122F05AF9E1
S21400ED40207802281ED003282ED0012804D02120A7
S21400ED50BDE81040FFF7E6BF1C4B19780029F7D036
S21400ED6002231B4A23701378052B0EBF00230133A2
S21400ED70DBB29942137003D1052313700020E7E736
S21400ED80052BFBD0124B1B78052B02D103232370D7
S21400ED90DDE7104A104932F8230007F085FC03230C
S21400EDA023700028D4D110BD094B0C4A1878094BA3
S21400EDB003EB8001897833F8200007F045FC012337
S21400EDC0EEE700BF3C570020B8380020455700202B
S21400EDD077650020D8510020BDEF000069EF0000E5
S21400EDE02DE9F04F0D46144695B0049011220021EF
S21400EDF00FA89946DFF86C810BF0FAFA04EB45038E
S21400EE000393D9F800301C2B02D0039B9C4202D1FE
S21400EE1015B0BDE8F08F0123DFF844A18DF81C3053
S21400EE2023884C4AADF81E309AF800304A4D08EB5D
S21400EE3083039B7828788DF8203013688DF81D00A2
S21400EE40CDF821305368CDF8253023F087FE049B9B
S21400EE508DF8290021882878002B4AD123F04BFB17
S21400EE60002844D09AF800300FAA38F8230007A9E3
S21400EE7022F0C0FB00283AD023F06AF94FF0000BCE
S21400EE80074606461C255FFA8BF2974234D8B742EF
S21400EE902BD99DF81C30032B1AD10FAB0193BDF86C
S21400EEA0213000220421009301202C4B06F08EFD19
S21400EEB09AF8003008EB83039978274B187806F009
S21400EEC001FE9AF80030002038F8231023F099FD50
S21400EED05DB107A9304624F08CF9214B05461B7816
S21400EEE0304638F8231024F086F9C9F8005002346A
S21400EEF087E723F0F7FAB3E710460BA9059224F04C
S21400EF0074F930B99DF82C1031B9059AB74208BF8C
S21400EF1016460BF1010BB6E7BDF82E00BDF81E2015
S21400EF209042F6D19DF830009DF820209042F0D116
S21400EF309DF81C208A42ECD1032A14BF0822022224
S21400EF400DF121010DF131000BF09EFD002808BFE8
S21400EF500025DEE73D5700207665002090B50300CB
S21400EF6077650020D851002013B503460020114ACB
S21400EF709C6812780190052A03D01B78032B00D1D9
S21400EF802CB9012002B0BDE81040FFF7CBBE626886
S21400EF90217801ABFFF724FF217A0120E26801AB5C
S21400EFA0FFF71EFFFF21044802B0BDE8104022F024
S21400EFB019B800BF77650020B8380020094B1B78C9
S21400EFC0052B02D00378032B02D00120FFF7AABE40
S21400EFD08168054A0B68054813604B68FF2153603B
S21400EFE022F000B8776500203D570020B838002092
S21400EFF038B50024114B124D1870124BFF211C70AF
S21400F0002C7006F05FFD0122032110460E4B06F021
S21400F010DDFC4FF6FF712246084623F0F5FC044659
S21400F02048B940F6B832FF21084821F0D2FF012344
S21400F0302B70204638BDFFF775FEFAE77665002090
S21400F0403C5700204557002050E60300B838002003
S21400F050144BF0B51A681449136809785879884231
S21400F0600BD11249D78808460022114D1E792B78FD
S21400F070D4B2A34203D8052C0AD10020F0BD0C88D8
S21400F080BC4202D18C78B442F7D001320431EFE7AB
S21400F090A342F2D120F82270013300EB8200867082
S21400F0A02B70EAE7B03D002076650020D85100209E
S21400F0B045570020FF2307B50021044A0448009363
S21400F0C0FEF7DEFF03B05DF804FB00BF35ED000081
S21400F0D0B83800201FB5B42303210446ADF80E301F
S21400F0E023F000FA98B12123204600930022032142
S21400F0F00DF10E0323F0A5FB04460020054B064A3F
S21400F1000649009406F0DCFD204604B010BD8624B7
S21400F110F3E700BF3DB303004AB303005FB3030049
S21400F120D0E9023253F82230034A1B7801211370CB
S21400F1300220024AFFF7C4BA8F6500206EB30300B0
S21400F1400122014B1A7070478F6500200A4B90F819
S21400F15005111B7890F8082119448A42BCBFB2FBFF
S21400F160F3F103FB11234FF0FF32B8BFDBB202FA14
S21400F17003F380F80A3170478F6500202DE9FF41C0
S21400F1800446057F867EDFF870806E43237F98F8FE
S21400F190002013449D4212DB607F60B9238B0293EC
S21400F1A063690193237C00936288A31D217805F090
S21400F1B095FDFF232370002004B0BDE8F081E37EB8
S21400F1C0AB42E9D9A77E228BF1199142A4BF921BCC
S21400F1D0D7B205EB0323E3813A4633462946204659
S21400F1E022F022FA0028E7D1637F37440133013545
S21400F1F06377BEB2EDB2C9E78F65002037B5054626
S21400F20024F025F80D4B04461B6869461B78032B33
S21400F21082BF0B4B1B881B18284688BF9CB224F065
S21400F2209EF838B9684624F014F818B9044B1B88C1
S21400F23023449CB2204603B030BD00BFEC3C002007
S21400F24020650020084B1B78FF2B0BD1074B1B7843
S21400F250FF2B07D1064B1B78022B03D04FF4807090
S21400F260FFF726BC704700BFF8600020083A002071
S21400F270D838002010B50446FF2121F0BBFE054B10
S21400F2809C4202BF0023A4F588742370BDE810409A
S21400F290FFF7D8BFE83900202DE9F0479A462A4BF9
S21400F2A081461B7888461646BDF82050002B49D06C
S21400F2B0FF2D3ED938252846BDE8F087234B0C2283
S21400F2C03146A01D636184F80090A4F802800BF01C
S21400F2D0E1F8A289414642F4004242F0400220464C
S21400F2E0A28122F0B3F92A46514660690BF0D2F8A3
S21400F2F041464846A21D258323F0FDFCA076002843
S21400F300D8D00544013DB5FBF0F0FF28D2DC002341
S21400F310E0762046A383FFF731FF054680B92379C0
S21400F3204FF48070B372FFF7A9FB227C099B1A800A
S21400F330C1E7074C2778FF2FC0D040F60345BAE751
S21400F3402770F2E70225B6E78F65002047570020B2
S21400F350083A0020B0F9063010B5002B25DA144C18
S21400F3602278237CFF2A02D0827A9A4207D0114C58
S21400F3702378FF2B17D0827A237C9A4213D169B95F
S21400F380637F013BDBB263775BB90B4A237F12785E
S21400F390204613442377FFF7F1FE0146204622F06D
S21400F3A064F9FFF74FFF012010BD0020FCE700BF07
S21400F3B0083A0020F86000208F6500202DE9F04F05
S21400F3C09A46B1F9063091B0002B0D461746DDF887
S21400F3D06880049080F22981B8F80030FF2B04D9A9
S21400F3E04FF4B871A64829F027FEA64B00241A78D9
S21400F3F093F80401B3F80211002A40F0A5802E7A93
S21400F400A14A1278B24240F2AF800222A3F80271FB
S21400F4101A70AA7AFF2483F804210022A3F8084170
S21400F42083F80521A3F80621B8F80020954883F84C
S21400F4300C21FFF78BFE3846FFF7E0FE214600EB77
S21400F4404002924821F0C5FD4FF48070FFF716FB8E
S21400F4508C4C94F80A91B9F1FF0F20D18A4A94F89F
S21400F460053112781344B34219DC94F80C1184F871
S21400F4700531B4F80631204601FB0233A4F8063104
S21400F480FFF764FE0122824B38461A70FFF7B6FE7D
S21400F490494600EB400204F5887021F09AFD94F886
S21400F4A00531B34260D8DFF8E0B19BF800C00CEB42
S21400F4B00302964258DA764994F808210878013A09
S21400F4C0002853D0964205DAB8F8002084F80C21BC
S21400F4D000220A70B6FBFCF901220CFB196994F8AD
S21400F4E00A015FFA89F902FA09F2D1B2024076B946
S21400F4F02889000A844584F8080108D92046CDE901
S21400F50006210593FFF722FEDDE90621059B94F808
S21400F5100A01014384F80A1182B994F80921B4F863
S21400F52006C1013284F80921B8F80020DAF8001084
S21400F5300CEB0200FF2826DD0323237094F8083125
S21400F540013B9E4230D138E0AE7A864202D18F42ED
S21400F55000D11C462E7A002C7FF47BAF002A3FF4A5
S21400F5604FAF012A3FF44CAF01205FE09642B1DA7C
S21400F57094F80C1198F800209142ABD004F58870EE
S21400F580FFF778FEF0E794F80CE1F31A0EFB03C3DE
S21400F590A01C10FA83F005920AF07CFF94F808315C
S21400F5A0059A013B9E4244D0012394F80A2103FAAF
S21400F5B009F3013B1343FF2B04D122462946384664
S21400F5C022F045F894F8083194F809219A42CBD1F4
S21400F5D09BF80030B2FBF3F103FB112212F0FF029E
S21400F5E018BF13462278022A26D1264A02341078FB
S21400F5F05178012804BF01315170012224F8022CF1
S21400F600EA88B4F8041122F04002EA8094F809214E
S21400F6100A44591E94F80A3113FB01F31344A8F860
S21400F6200030CAF80040FFF70DFE002011B0BDE81C
S21400F630F08F84F80B21C0E76979002994D0032A5B
S21400F64092D1B4F8062194F80B1108AE11445A1E54
S21400F65094F80C31284613FB02F30B4400219BB2AE
S21400F660A21CA8F80030CAF80020CDE90071029666
S21400F670049907F005FD8921304623F039FB7DE724
S21400F68095B30300D83800208F650020E8390020A5
S21400F6904657002013B5044618B101280BD002B017
S21400F6A010BDFF2301460093064A0748FEF7E8FC14
S21400F6B0064B1C70F3E7FFF743FDFF22044B1A705E
S21400F6C0EDE700BF75F20000E8390020D8380020CA
S21400F6D0083A002013B501A909F04AFE044648B9C5
S21400F6E0BDF806309DF80420034906F0E9FA2046E6
S21400F6F002B010BD8120FBE72CB4030013B56946A9
S21400F70009F042FE044688B9BDF802309DF8002094
S21400F710074906F0EFFA2046019906F043FA20461C
S21400F720044906F0CDFA204602B010BD8120FBE762
S21400F73050B4030076B4030037B5694609F048FEB6
S21400F740044618BB9DF801309DF80020104906F0CD
S21400F750D1FA104D9DF80120E3B29A4206D8002057
S21400F7600D4906F0ADFA002003B030BD01986300E5
S21400F77003F4FF7302220021184423F0D2F929462D
S21400F7800246002006F0B6FA0134E3E78120EBE7F4
S21400F79078B40300A7B4030050E6030013B501A92C
S21400F7A009F0ECFD044648B9BDF806309DF8042083
S21400F7B0034906F085FA204602B010BD8120FBE71B
S21400F7C0B1B4030030B500240B4D85B06946E0B2F5
S21400F7D023F00BFD50B99DF80030032B06D12946C7
S21400F7E0BDF805309DF8012006F06AFA0134202C99
S21400F7F0ECD105B030BD00BFD8B4030008B500207A
S21400F800034906F05DFABDE80840FF2000F0DEBAC6
S21400F810EAB403002DE9F04F85B006460D461746BC
S21400F82021F063FF044640B130463A46294621F0AF
S21400F83046FF002005B0BDE8F08F4FF003094FEA01
S21400F84015285FFA84FA6946504623F0CEFCB8B90C
S21400F8509DF800B0BBF1000F12D1694650468DF8F6
S21400F86000908DF805508DF806808DF8016023F025
S21400F870C0FC02460028D7D05846064906F020FAB3
S21400F8800134202CDDD10020034906F019FA892026
S21400F890D0E700BFFFB4030026B503001FB5002362
S21400F8A004468DF80F3021F00BFF28B19DF80F307D
S21400F8B063F07F038DF80F30182301930DF10F03CB
S21400F8C00022009304214023204622F0A9FF02468E
S21400F8D018B10020024906F0F3F904B010BD00BFCD
S21400F8E041B503001FB502A909F060FD044688BBB8
S21400F8F0BDF80820184906F0FDF92046039906F0E1
S21400F90051F92046154906F0DBF94FF6F672BDF8B8
S21400F9100810134C4B1E9BB2934219D82368039AC7
S21400F9201B685879FFF776FF23681B79012B0BD8E5
S21400F930BDF808300022CDE900030421094B092058
S21400F94006F044F823F0CEF96FF0FF0004B010BDC7
S21400F9508720E9E78120F9E760B5030076B4030065
S21400F960B03D002077B5030070B504468AB005ADFB
S21400F9701122002128460AF03BFD204604A909F082
S21400F98009FD044600283AD11E4EBDF810201E4937
S21400F99006F096F932681379012B28D84FF6F670E0
S21400F9A0BDF810104B1E9BB2834224D813685879BA
S21400F9B021F09BFE08B333682A461B68BDF810107A
S21400F9C0587921F07BFEBDF8103001220421CDE9E4
S21400F9D0004309200D4B029505F0F8FF23F082F94D
S21400F9E0034620B100200A4A0A4906F069F96FF07A
S21400F9F0FF000AB070BD8724E5E78B24E3E781208B
S21400FA00F7E700BFB03D00207AB503008FB50300CE
S21400FA1093B503009EB503002DE9F0479AB004A9FC
S21400FA2009F0D0FC0446002840F0B5809DF8102070
S21400FA305B4906F05FF925465A4E9DF81020EBB25A
S21400FA409A4254D80020584906F03AF99DF81050CA
S21400FA50002D40F099802C462E46544F06A9F0B251
S21400FA6023F0C3FBC8B99DF81830032B15D13B68AB
S21400FA709DF819201B685B799A420ED19DF81D20CF
S21400FA8005F168036B4403F8402C9DF81E200235F0
S21400FA90013403F83F2CEDB2E4B20136202EDDD15E
S21400FAA09DF810300BB1002C77D00AABCDE901439E
S21400FAB0FF2302220421009309203D4B039505F005
S21400FAC085FF23F00FF9034660B19DF81020002A49
S21400FAD05FD0384A3849002C08BF0A46002037490C
S21400FAE006F0EEF86FF0FF001AB0BDE8F087059854
S21400FAF06B0003F4FF7302220021184423F011F870
S21400FB0031460246002006F0F5F8013595E70598DF
S21400FB10730003F4FF7302220021184423F001F857
S21400FB20002780465FFA80FA06A9F8B223F05DFB4C
S21400FB3000BB9DF81830032B1CD1D9F800309DF877
S21400FB4019201B685B799A4214D19DF81D305345E5
S21400FB5010D19DF81E30C8F307229A420AD105F14B
S21400FB6068036B440235013403F840AC03F83F2CBD
S21400FB70EDB2E4B20137202FD6D101369DF8102021
S21400FB80F3B29A42C3D88BE70025DFF820902E46C2
S21400FB90F4E7084AA2E78120A6E78B20A4E700BF87
S21400FBA0F8B50300A7B4030050E60300B03D0020FC
S21400FBB017B60300C9B50300E7B503001BB603007C
S21400FBC02DE9F04389B002A909F0EAFB04460028B3
S21400FBD067D1BDF80820344906F072F84FF6F67281
S21400FBE0BDF80850DFF8D4906B1E9BB2934254D8F1
S21400FBF0D9F8003029461B685F79384621F075FD34
S21400FC0000284CD026465FFA86F8404603A923F023
S21400FC10ECFA28B92946384603AA21F053FD20B944
S21400FC200136202EEFD14FF0FF08404623F0DBFAD6
S21400FC30014658BB112203A80AF0DAFB29463846CB
S21400FC4003AA21F03CFDD9F800301A79012A18D809
S21400FC501B68BDF80810587922F024FFBDF808305C
S21400FC6003220421CDE900430920104B05F0AEFE27
S21400FC7023F038F8034620B100200D4A0D4906F05F
S21400FC801FF86FF0FF0009B0BDE8F08302460A498E
S21400FC90002006F015F80124D5E78724D3E78B2447
S21400FCA0D1E78120EFE700BF3DB6030077B503003C
S21400FCB07BB603009EB5030054B60300B03D00209B
S21400FCC02DE9F043DFF894800020D8F80030214971
S21400FCD01B688BB05E79002505F0F2FF01275FFAFE
S21400FCE085F9484601A923F080FA044690B99DF8A4
S21400FCF00430032B0ED19DF80530B3420AD1484696
S21400FD0023F071FA0146A0B102461349204605F0D9
S21400FD10D7FF27460135202DE1D1D8F80030002145
S21400FD201B68587922F0BEFE87F001000BB0BDE8D4
S21400FD30F083112205A80AF05BFBBDF809403046A7
S21400FD40214605AA21F0BBFC2146304622F0AAFE39
S21400FD50E0E700BF88B6030054B60300B03D0020BD
S21400FD6037B5694609F028FB044638BBBDF80020C5
S21400FD70134905F0BFFF134D2046019905F012FF09
S21400FD802046114905F09CFF2B681B68587922F025
S21400FD9098FF70B14FF6F672BDF800104B1E9BB27E
S21400FDA0934209D82B68019A1B685879FFF732FDF1
S21400FDB00446204603B030BD8724FAE78120F9E7E1
S21400FDC09CB60300B03D002076B403007FB5054620
S21400FDD00024E6B26946304623F007FAA8B99DF833
S21400FDE00030032B11D19DF80130AB4204D0FF2D1B
S21400FDF00BD19DF80D3043B9304623F0F4F9024696
S21400FE0018B10020034905F05BFF0134202CE0D137
S21400FE1004B070BD54B60300034B1B681878012865
S21400FE2008BF0220704700BFEC3C0020D0E9023239
S21400FE3053F822301A78024B1A7000F0E7BA00BF67
S21400FE404658002070B5D0E902456B1EDBB254F868
S21400FE50230003221B490AF017FE54F8253004EB52
S21400FE608504197863681A78A2F10B030F2B05D95D
S21400FE7015490020BDE8704005F022BF01290FD1CA
S21400FE80124C9140236840B90B43114A236000206E
S21400FE90BDE870400F4905F013BF23EA0103F4E7FD
S21400FEA002290CD101230C4903FA02F20B6818B997
S21400FEB013430A4A0B60EAE723EA0203F9E70A4615
S21400FEC00749D6E7C0B60300C4B603001C6100208D
S21400FED0DAB60300E2B6030018610020F5B60300A8
S21400FEE0FFB6030007B5D0E9023103EB810253F8F1
S21400FEF021300B491B785268012B0A4B08BF0B4672
S21400FF0012684FF000001A600092074A074B084933
S21400FF1018BF1346074A05F0D3FE03B05DF804FB8E
S21400FF201C610020186100201AB7030012B70300F6
S21400FF3024B703000C39040038B5254A254B264C57
S21400FF400020264905F0BCFE0020254905F0B8FE35
S21400FF5022682449002005F0CDFE2068224C234D5F
S21400FF6005F088FE2146002005F0AAFE2A682049F2
S21400FF70002005F0BFFE286805F07CFE2146002024
S21400FF8005F09EFE1B4B1C491A781C4B002053F8AC
S21400FF90223005F095FE00F00DF9194902460020C2
S21400FFA005F08EFE174B00201A78174905F088FEDC
S21400FFB0164B17491A78002005F082FE04F0C6F9A1
S21400FFC0BDE8384002461349002005F079BE00BF60
S21400FFD00C3904003EB703001C61002045B703003F
S21400FFE04DB703005BB70300BE9D030018610020F9
S21400FFF06CB70300745800207DB703002061002012
S21401000090B7030059580020A4B7030058580020A1
S214010010B6B70300C8B7030007B500F071F8054B83
S2140100200090054A0020054905F04AFE03B05DF838
S21401003004FB00BFDEB703000C3904005FB3030006
S214010040F8B504460B4F0C4E0C4D00200C4A0D49DA
S21401005005F036FE20463B7829783278F5F78CFE97
S21401006000233B7033702B70FF21BDE8F840064833
S21401007020F0C0BF7458002058580020595800205E
S2140100800C390400E3B70300283A002037B51248BC
S214010090FF2120F0AFFF114B187810F0100505D0A6
S2140100A0002003B0BDE8304003F01CBF0121B4209E
S2140100B004F0C6FA04460A4B0A4A0B490090284641
S2140100C005F0FEFD2046FFF7BBFF4FF4806003B04E
S2140100D0BDE83040FEF7ECBC283A002074580020FA
S2140100E0FAB703000C3904005FB303000021024A8B
S2140100F00248FDF7FBBF00BF8D000100283A002033
S21401010008B5054B1B7823B11720FFF799FF002090
S21401011008BD0220FCE700BF7458002010B550B19E
S214010120054B00F1100250F8044B904243F8044B83
S214010130F9D1024B197010BD5A5800206A58002098
S21401014037B5174D04462B78DB0626D50090154BA0
S2140101500020154A154905F0B3FD1E2C0BD0652C61
S21401016009D0032C19D0002023F0B7F840F61C4024
S214010170FFF766FF0DE023F0D8F84FF4FA63B0FB03
S214010180F3F202FB1300C218FF21094892B220F0D5
S21401019020FF2B7823F010032B7003B030BD00BF77
S2140101A07458002013B803000C3904005FB3030031
S2140101B0283A0020014B1879704700BFEC51002007
S2140101C070B54C4E8EB0337803F0FB02A3F10905EF
S2140101D0022AEDB258D0042B41F6041257D0A3F1EF
S2140101E008014B424B415B0013434348ADF80C30CA
S2140101F021F0ABFA48B9414B3F4A03F1100153F8DD
S214010200040B8B4242F8040BF9D13D4B1B78002BB3
S2140102103FD03C4B0DF10E0203F1100153F8040BD5
S2140102208B4242F8040BF9D103A823F076F8232871
S214010230044610D1012D49D80020334A334905F030
S2140102403FFDBDF80C3003A823F40053ADF80C3085
S21401025023F063F80446002C41D14FF40C7023F0D0
S2140102605AF8044600283AD103F0FAFE012D36D892
S214010270274A01AB1068516803C3264901A823F039
S214010280A8F878B319242AE043F60412A7E7022354
S214010290AAE73378042B0DD0082B0BD01E4B0DF19B
S2140102A00E0203F1100153F8040B8B4242F8040BC3
S2140102B0F9D1B9E7104A0DF10E0302F1100152F817
S2140102C0040B8A4243F8040BF9D1ADE7337803F007
S2140102D0FB03022B03D10020104905F0F1FC204658
S2140102E00EB070BD044901A823F073F80446002837
S2140102F0C8D1F4E77458002048580020E0B803003D
S2140103006A5800205A5800200C39040037B80300F8
S214010310F1B80300FC380400FAB8030092B80300F1
S21401032070B5002686B00446252022F0DCFF162292
S214010330002116480AF05CF8154B1E60154B18781C
S214010340FFF76AFD022814BF0123042303208DF85A
S214010350083023F016F804238DF810300E4B02A84F
S2140103600593039403F030FD05460C4B0C4A1968BF
S2140103700C4B3046A14208BF134600940A4A0B496B
S21401038005F09EFC284606B070BD00BFEC5100206B
S214010390483A002074580020810601001C610020A4
S2140103A012B703001AB703000C3904000BB9030097
S2140103B008B5134A1378042B09BF124B01331B7877
S2140103C0C3F10603DBB2137003F0FD02092A04D160
S2140103D01720FFF735FE172008BD0A4A1278002AB3
S2140103E014BF052206229A4207D1074B1868002837
S2140103F0EED0FFF795FF4D20EEE70020ECE700BFBB
S214010400745800206A5800201861002073B51E4CED
S2140104101E4E23683268134334D01D4B1B6853B3FA
S2140104201C4D2B783BBB03F091FFF8B94FF480606D
S214010430FEF724FB184B24681B7894B1C3F1020322
S2140104402B7003F047FD2046FFF76AFF04460020A5
S214010450124B134A1349009405F032FC204602B0B1
S21401046070BDC3F1060334682B70EAE70121B4209E
S21401047004F0E6F8EAE70020094A0B4905F020FCFB
S2140104800224E4E70224E9E71C6100201861002049
S214010490EC3C0020745800206A58002053B9030031
S2140104A00C3904005FB3030039B903002DE9F347A3
S2140104B0384D394E00202A792B88384905F000FC42
S2140104C03268287922FA00F010F0010002D134498E
S2140104D005F0F6FB334F3C783CB1082232493348ED
S2140104E00AF0D2FA041E18BF0124DFF8DC80DFF818
S2140104F0A490DFF8B4A014E098F800004946013053
S214010500C0B288F8000022F0E0FE002835D13C7821
S2140105103CB10822514625480AF0B6FA041E18BF17
S21401052001242A793368D340DB07E5D5002CE3D1D3
S21401053000922B881E4A1F49204605F0C1FB1E4B20
S2140105401878FFF769FC01230322124922F0C3FE43
S2140105501A4A054613780133137010B902B0BDE884
S214010560F08720462B46124A154905F0A9FB284676
S21401057002B0BDE8F047FFF763BD0020114905F062
S2140105809FFBFFF715FF0028E8D102B0BDE8F04752
S21401059000F01CB8EC510020483A002059B903007D
S2140105A08AB90300735800206B580020FA510020C6
S2140105B00C39040059BA030074580020585800201A
S2140105C0FAB9030023BA0300475800202DE9F04189
S2140105D0214C224D2378002055F82330204A21490A
S2140105E005F06EFBFFF7ECFD03461D4E1E4FDFF8D0
S2140105F074802BB92378042B15D8B3B91B4B15E09F
S21401060032463946002005F05BFBFFF7D1FE00BB02
S2140106102378324655F82330414605F051FBFFF763
S214010620CFFD0346E5E7092BE8D1114B00201B68F7
S214010630104A11491360114B187022F046FE20B182
S214010640BDE8F0410120FFF7FBBCBDE8F041FFF734
S2140106502DBFBDE8F08100BF745800202061002046
S2140106600C39040079BA030086BA03001861002029
S2140106701C610020483A0020EC5100204758002019
S21401068070B51C4C23789BB3838913F4407F2FD01D
S214010690056835B12A46BDE870400020164905F0C8
S2140106A00FBB22F010FE154E03463070144A284642
S2140106B0144905F005FB33781BB1BDE87040FFF720
S2140106C085BF2378082B0CD8042B0CD80E4B1B782F
S2140106D0C3F1060323700D4BBDE870401868FFF7A1
S2140106E01FBE0A2BF2D1BDE870401820FFF7A8BC48
S2140106F070BD00BF74580020B1BA030059580020DD
S2140107000C390400DEBA03006A5800201861002084
S21401071030B5464D03460446454A0020454987B054
S21401072005F0CEFA2B782BBB01A822F054FE02234B
S21401073001A88DF8043022F03CFEB0B93E4901A86C
S21401074022F039FE88B1152C0FD122F0EEFD47F2CA
S2140107503153B0FBF3F202FB130000F51C501030CE
S21401076080B203F0BFFB07B030BD162CFBD103F0FF
S214010770F3FBF8E7152C2AD100202D4A2F4905F066
S2140107809FFA2B78042B11D0082B0FD02C4B1B78FB
S214010790DA070BD401A822F0BAFD18B9BDF8043067
S2140107A09B0703D42B7843F010032B7022F0BDFD7A
S2140107B04FF4FA63B0FBF3F2FF2102FB1300C218F9
S2140107C0204892B207B0BDE8304020F002BC22F0CB
S2140107D0DEFD04460028C6D12B78013B092B1ED826
S2140107E0134A194905F06CFA184A19491378013366
S2140107F0D8B2107022F069FD60B12046154905F0A7
S2140108005FFAFFF7D5FD0028ADD107B0BDE830404F
S214010810FFF7DCBE07B0BDE83040FFF747BE40F645
S2140108201C4007B0BDE83040FFF70ABC74580020F2
S2140108300C39040002BB0300FC38040019BB03009A
S21401084046580020283A00202CBB030047580020B9
S214010850EC51002023BA03002DE9F0410B4686B087
S21401086004460E4617463A490246002005F028FA85
S2140108704FF000080123CDE901380DF1160300936E
S214010880424640230621204621F0FFFF054640B19F
S21401089002463049404605F013FA284606B0BDE840
S2140108A0F0819DF816202AB936B900202A4905F0AC
S2140108B007FAF2E7012EF8D082F00103002027495B
S2140108C08DF8173005F0FCF99DF817300DF1170675
S2140108D033B310230022CDE90063062140232046CE
S2140108E021F09EFF064630B1324600201C4905F035
S2140108F0E7F93546D1E74FB90821204621F0F2FD48
S21401090020B120469DF8171022F0CDF8052120468B
S21401091021F0E8FD0028C0D0204622F0C1F8BCE74F
S2140109204FB90821204621F0DDFD20B120469DF873
S214010930171022F0B8F810230022CDE90063062133
S2140109404023204621F06CFF06460028DED0CBE788
S2140109505BBD030077BD030090BD0300B0BD03007F
S214010960D0BD0300002208B5034B11461B681B6867
S2140109705879FFF771FF08BDB03D002008B5044B5C
S21401098000221B6801211B685879FFF765FF08BD27
S214010990B03D002008B5044B00221B6802211B68ED
S2140109A05879FFF759FF08BDB03D002010B5012367
S2140109B0002488B001A88DF80430CDE90244F5F78B
S2140109C06DFF20469DF80420124905F079F920466E
S2140109D0039A114905F074F92046029A0F4905F069
S2140109E06FF910220E4B0DEB0201188840F06040A3
S2140109F040F48010FBF74AF920460A4905F07AF9D7
S214010A0004A822F0D0F82046074905F059F908B0A5
S214010A1010BD00BFE9BD030008BE030027BE0300EA
S214010A20BC38040046BE030050E6030008B520F0BB
S214010A30BDFE0020024905F043F9012008BD00BFB4
S214010A4063BE03000023054A8360C360044BC0E90C
S214010A50002311B14FF6FF730B80704749102EAA81
S214010A602830021110B5044660B10020064905F091
S214010A7027F9052C06D002F0CBF9044902460020DE
S214010A8005F01EF9012010BD77BE030088BE0300E5
S214010A9037B500216A4601AB054620F048FF0446FB
S214010AA068B100220F49104605F00AF902F0B0F9C4
S214010AB00D490246002005F003F903B030BD0B498D
S214010AC005F0FEF801201FF086FE01F099FF431C99
S214010AD002D007F09DFFF0E721462846FFF7A6FF64
S214010AE0EBE700BFB1BE030088BE0300F9BE0300FA
S214010AF038B5054601F084FF044621F09BFF4DB151
S214010B0000200E4905F0DCF8631C14BF20460020C7
S214010B1007F040FF20F058FE0228044605D00128C1
S214010B2005D10020064905F0CBF8204638BD002047
S214010B30044905F0C5F80024F7E700BF16BF030017
S214010B4030BF030049BF030008B50020034A04492B
S214010B5005F0B6F8BDE8084000F050BDF3CE03003E
S214010B6062BF030008B50020034A044905F0A8F84F
S214010B70BDE8084001F0CAB981BF030062BF0300A7
S214010B801FB5D0E9023253F8223068461C78214658
S214010B9001F0D0FB684601F073FC28B922460449EF
S214010BA005F08EF804B010BD6846FFF771FFF9E74F
S214010BB087BF03000020014905F082B8A3BF0300E8
S214010BC07FB50DF1060102A8FFF73CFF002026497C
S214010BD005F076F80020BDF80820244905F070F8E5
S214010BE00020BDF80A20224905F06AF8039A002081
S214010BF0204905F065F800201F4905F07BF84FF6FF
S214010C00FF73BDF806209A4229D000201B4905F043
S214010C1057F800201A4A1B4905F052F800201A4AD4
S214010C201A4905F04DF800221949104605F048F812
S214010C300020154A174905F043F80A2200201649F4
S214010C4005F03EF80A220020144905F039F80A2278
S214010C500020134905F034F807B05DF804FB0020C6
S214010C60104905F02DF8D4E7B2BF0300CABF030050
S214010C70E3BF0300FCBF030015C0030020BE030052
S214010C80E09304002BC00300C02709004AC00300FC
S214010C9069C0030088C00300A7C00300C6C00300E4
S214010CA0E4C0030028C0030008B50020034905F08E
S214010CB007F8BDE80840012001F0FAB902C10300B7
S214010CC008B50020034904F0FBFFBDE808400020FA
S214010CD001F0EEB91BC1030030B5104B104D1B5C83
S214010CE085B08DF80F302B780446834206D00D4B25
S214010CF00D4953F82020002004F0E2FF30232C7029
S214010D000A4801930DF10F0300930622802319214F
S214010D10007821F085FD05B030BD00BF2339040001
S214010D207C5800203039040033C103007965002067
S214010D301FB5232303900193064803AB00930122BA
S214010D4080231921007821F06BFD039805B05DF82A
S214010D5004FB00BF7965002073B5164D04462B7859
S214010D60154ECBB120F051FD012815D0346040F668
S214010D70B244124B1B78072B17D02D78C5B920F03B
S214010D8044FD031E18BF01230D4800952246192174
S214010D90007821F0C9F803E000233360002CE8D185
S214010DA0201E18BF012002B070BD02250123EBE70B
S214010DB00025FBE7795800204C3A00207C5800209B
S214010DC07965002008B50448FFF7C6FFBDE808406E
S214010DD00220FFF781BF00BFC027090010B5064CEF
S214010DE0208821F061FE608821F05EFE6068BDE823
S214010DF0104021F068BE00BF503A00207FB5232383
S214010E008DF813300DF11303029304230648019362
S214010E1005AB0093012280231921007821F035FDCE
S214010E20059807B05DF804FB796500202DE9F047C9
S214010E30DFF84C91044699F8000090460F4621F0E1
S214010E4033FB0B2899F8002005D9BDE8F0470020B0
S214010E503F4904F035BF00263E4B3F4D1E803F4BB9
S214010E60DFF820A103EB00135B8801202B802A7199
S214010E7004F04EFE05F0F6FE04F04AFE204604F0AD
S214010E8047FE0123042C8AF800300BD8022C45D8E3
S214010E909C4216D02346BDE8F0470020304A31492F
S214010EA004F00EBF062CF5D130462F4904F008FF9A
S214010EB0384604F02DFEFFF791FF97B18AF80060DF
S214010EC00FE04FF6FF76294F3888801B18BF0120A8
S214010ED004F01EFEFFF782FF3888B04201D021F0F1
S214010EE0E3FD19236B8099F8003000202B71204B0D
S214010EF01B786B71EB8843F04003EB801D4B198820
S214010F0021F07FFD034620B1224600201A4904F055
S214010F10D7FE4046BDE8F047FFF71EBF304604F057
S214010F20F7FDFFF75BFFFFF769FF21F0CCFD134BE1
S214010F301B78002B0CBF3F20202004F0E9FD042C79
S214010F40CFD14FF4806021F0AFFD3220C7E700BF5C
S214010F5046C103001052002014520020203C0020FD
S214010F6000AF030092C1030075C1030004520020C4
S214010F70786500201A650020ABC103007858002070
S214010F80796500207958002038B5044605200D46BD
S214010F90FFF7A2FE184B1A884FF6FD739A4207D147
S214010FA00020164904F08CFEBDE83840FFF70ABF62
S214010FB065B1134A13780133DBB2092B137014D9C8
S214010FC00A2200200F4904F07BFEEDE7012C0ED12A
S214010FD00B4B1D700C490D48FFF734FDBDE838403A
S214010FE0002101200A4AFFF721BF012CF2D0BDE8FB
S214010FF038400748FFF7B0BE1A650020E5C1030078
S2140110007B58002010C2030004520020503A0020F2
S214011010E093040008B50649002004F051FE054897
S214011020FFF736FDBDE8084000210846FFF7ACBFD4
S21401103054C20300503A0020814237B50346154694
S21401104008D2002000910F4A0F4904F039FE002013
S21401105003B030BD0C1A224600200C4904F030FEC5
S21401106040F6BB5322460020094904F029FE4FF4FE
S2140110707A735C43074B01209C4294BF2C602B6023
S214011080E6E700BF00AF030065C20300A2C203008B
S214011090BDC2030080EE360010B504460820FFF7F7
S2140110A01BFE0D4B3CB91C700021BDE8104006200C
S2140110B00A4AFFF7BBBE1B78092BF5D90A22002086
S2140110C0074904F0FDFD0020064904F0F9FDBDE8DE
S2140110D01040FFF79FBF00BF7B580020C0270900C4
S2140110E0E9C203002AC3030073B51F4D2C7834B13F
S2140110F000201E4902B0BDE8704004F0E1BD0220A8
S214011100FFF7EAFDFF221A4E1A4B30781A7021F0CB
S214011110CBF90B2807D920463278174902B0BDE82B
S214011120704004F0CDBD154B1549009301EB00113D
S214011130012319224FF6FD70498805F037FA70B180
S2140111402046104904F0BCFD00220F4B0F481C70CE
S2140111500F4B1A7002B0BDE87040FFF7FDBD0124C9
S2140111600C492C70EEE700BF7A5800203BC3030001
S214011170796500207865002046C1030079140100D6
S214011180203C00207CC3030079580020C0270900BA
S2140111907B580020A2C3030038B5144D04462B78B3
S2140111A0052B21D91249FFF75DFC24B918B911495D
S2140111B004F086FD0424104B195D21B9BDE83840C2
S2140111C00846FFF769BF032C06D02B78052B03D002
S2140111D006200A4AFFF72AFE0021094B0846197025
S2140111E0BDE83840FFF7D0BE38BD00BF7C580020B0
S2140111F0503A0020C4C3030019390400C02709006F
S2140112007958002030B5044689B00720FFF764FD01
S214011210052C0AD100222A4B03A91A7002A804AA97
S21401122001F0FEFD30B1022045E09CB90122244BBD
S2140112301A700224224D287878B1421E5042214964
S2140112405041FFF755FC022304462B70022C0ED1A9
S2140112500A200FE0022CE6D1EBE7631F5A424FF05B
S214011260050018495A4120F0D7FA0446EEE7032C48
S21401127004D10020FFF770FD09B030BD062C06D161
S2140112800020114904F01CFD01232B70E0E70F4AF2
S2140112900F4B2878002C18BF13460E490E4A0094AF
S2140112A0002808BF0A4600200C4904F009FD201E4C
S2140112B018BF0120400009B0BDE83040FFF76CBF01
S2140112C077580020503A0020FFC30300F8C30300FC
S2140112D0F1C30300E0C30300EAC303003AC40300FA
S2140112E013B51F4C0620FFF7F7FC2278092A09D907
S2140112F000201C4904F0E4FC042002B0BDE81040C4
S214011300FFF74ABF184B1B782BB300201FF087FA54
S21401131020F07BFA68B9FFF771FD144B196820F0CD
S2140113206BFA02460420002102B0BDE81040FFF728
S2140113307DBD01A820F067FAFF2809D14FF4FA60B5
S21401134023780133237002B0BDE81040FFF704BDD7
S2140113500198FFF7EDFC4FF4FA620320E3E700BFC4
S2140113607B58002055C4030078580020603A0020BE
S214011370F023F0B589B0CDE900033448802300227C
S21401138019210078324E334F21F04AFA00203249B3
S21401139004F096FC3246394603A801F041FD0328C5
S2140113A004462E4D1CD10626039A2D49002004F032
S2140113B087FC0398FFF7BCFC0020396800F0ACFE00
S2140113C02E7001F09FF900220446264B30461A7013
S2140113D0FFF782FC84BB09B0BDE8F040FFF780BF91
S2140113E028BB7268204904F06BFC214604A8FFF76D
S2140113F029FB059B726893420BD020461B4904F0DB
S2140114005FFC072305202B7009B0BDE8F040FFF70D
S214011410F9BE1A462046164904F052FC052300215F
S21401142001202B7009B0BDE8F040FFF7ADBD0020EC
S214011430104904F045FCF1E7042C05D0042009B05E
S214011440BDE8F040FFF7A8BE09B0F0BD7965002001
S214011450503A0020603A00208DC403007C580020DA
S214011460BEC403007B580020F9C4030032C5030044
S21401147086C50300C2C50300F7B504468768002089
S2140114802378364D012B287004D0354B354918701A
S21401149004F016FC26785EBB334B1B78FF2B04D179
S2140114A003B0BDE8F040FFF78DBC304B1B78032B33
S2140114B011D82F4C0320FFF70FFC6946208821F036
S2140114C04EFF002843D02B49208805F0EDF820B1C7
S2140114D02E70FFF777FC03B0F0BD0124204B2649A0
S2140114E01C7004F0EDFB0320FFF7F6FB2C70F2E70F
S2140114F0012E25D13B78002BEDD01B4D2B78FF2BF1
S214011500E9D1A68802F04AFF864206D100201B498F
S21401151003B0BDE8F04004F0D3BB194BA2881B789A
S2140115203BB132B11749002003B0BDE8F04004F0EA
S214011530C7BB7B6814491B782B700D4B1A80F2E7EA
S214011540032E08D108226846A16808F0A3FF684662
S214011550FFF70EFFBFE700232B70A1E779580020A5
S2140115607A580020DDC50300786500207C580020ED
S2140115701A65002079140100A2C30300FDC503000B
S2140115807658002023C603004EC603007FB5094BDC
S2140115901A78FF2A0AD1187001F088FB0022064B40
S2140115A00DF1060102A81A80FFF74CFA07B05DF8A4
S2140115B004FB00BF7965002002520020152838B5CB
S2140115C017D10C4B1D78A5B921F0AFFEC4B2012C82
S2140115D038BF01240120FFF77FFB28462246064933
S2140115E004F06EFB4FF47A706043BDE83840FFF7B5
S2140115F0B3BB38BD7C5800206BC60300034B1B7879
S214011600022B01D8FFF770BD704700BF7C58002041
S21401161070B5284C20F0F4F82578274EBDB100208F
S214011620264904F04DFB264A137801331370002334
S21401163023703378062B0AD1BDE87040214B186819
S214011640B0F5FA6F38BF4FF4FA60FFF785BB337811
S214011650013B082B2CD8DFE803F005090D2B1319E5
S2140116601D222700BDE87040FFF7C8BFBDE87040E7
S214011670FFF73ABD00232370BDE87040FFF7A2BB19
S2140116802946BDE870400120FFF77EBCBDE87040EA
S214011690FFF726BE0220BDE87040FFF7B3BD01206C
S2140116A0BDE87040FFF7F8BCBDE87040FFF7B2BC7C
S2140116B070BD00BF795800207C5800209AC60300F0
S2140116C07B5800204C3A002010B90520FFF764BD76
S2140116D0034B1B78062B01D1FFF79ABF704700BF5B
S2140116E07C5800202DE9F0478E68054633189A7815
S2140116F00C46092A8EB008D90020A34904F0E0FA66
S214011700852420460EB0BDE8F08750B98B899F49E5
S214011710895C8B4205D200919D4904F0D1FA802460
S214011720EFE79C4BE7881B889F4236D09A49097899
S214011730012932D932B13A460020984904F0C0FA5C
S2140117407E24DEE7964B1A70934B26791B78052B81
S21401175003D0012B3AD8FFF751FF5EB93146204638
S21401176021F0C6FA0346002851D030468D4A8E49EC
S21401177004F0A6FAD4F80880A48998F8037098F8BB
S2140117800450002E4CD13046884A894904F098FA14
S21401179000210120FFF7F8FB4FE00021804B197074
S2140117A0072A00F28A8301A353F822F049170100A1
S2140117B0F7180100F7180100091B0100091B0100B9
S2140117C0091B01009F1D01009F1D0100022B17D15F
S2140117D002F0E4FD8742B3D00020764A764904F051
S2140117E06FFAFFF781FC46BB3146204621F080FAAE
S2140117F0034610B36B4A6C49002004F061FA1CE002
S2140118006E4A00206E4904F05BFA012479E7A3686A
S2140118101B78DA06AED432466A4904F051FAA9E7D3
S21401182000210AA8FFF70EF9032F08D95F4B664A75
S21401183066490097002004F043FA002461E76B1E16
S214011840632B04D9594B604A61490095F2E7614B15
S214011850E4B2DB5D9C4209D0CDE901430020534B45
S214011860594A5D49009704F02BFAE6E757B3A4B24C
S21401187022460521404621F054F9BDF8283083421E
S21401188003D04A4B554A5649B6E7012F1AD022468D
S2140118900721404621F045F9BDF82A30834203D09E
S2140118A0424B4E4A4F49A7E7032F0BD12246092147
S2140118B0404621F033F90B9B984203D13B4B474AF4
S2140118C0494999E7642D3FF463AF21F02EFD642367
S2140118D0C0B2B0FBF3F203FB12030133DBB29D424D
S2140118E0BFF456AFCDE900530020304B3B4A3F4989
S2140118F004F0E6F9A1E7284B1B78052B01D03C4AFA
S2140119007FE7EB1CDBB2277BF45C44B12346002067
S214011910374A384904F0D4F900210C460BE00F2F62
S2140119200DD81023204634490093314A3B4604F033
S214011930C7F9802401210020FFF726FBE1E60435E4
S214011940EDB220462A4A2D4904F0BAF97A1B7119DC
S214011950D2B206A81FF067FF05443A46E9B2304600
S21401196021F0DCF8264D069A2B68264F9A423860FD
S21401197001D100284AD1244900201D4A04F0A0F9CB
S21401198085240121D7E700BFB7C603005C390400F0
S214011990CFC603001A6500207C580020FEC603004F
S2140119A07958002074C703007CC7030004C80300ED
S2140119B019C8030042C703004FC70300A4C70300AA
S2140119C0B1C70300CEC703002EC8030036C8030004
S2140119D050C803001F3904006EC80300C3CC0300BF
S2140119E0A8C80300D2C80300FAC8030021C903002F
S2140119F055C903006FC903009EC90300B5C903009A
S214011A00503A0020603A0020DEC9030000F08EFF45
S214011A103E68B0420AD200F089FF9D49034632462D
S214011A20204604F04DF98924012184E7079A6B6862
S214011A309A4205D12046974A974904F041F96BE747
S214011A409649097859B19A4209D22046944904F038
S214011A5037F996210620934AFFF7E8F95CE7924AA0
S214011A60924905A801F0DCF9079E48B96A689642D2
S214011A7006D88F4904F024F90520FFF7C3FB40E69A
S214011A80324600208B4904F01BF9396800270020F4
S214011A9000F042FB00206E60FFF74AF9864B0620F5
S214011AA01F80FFF719F9854B1F7001F0B1F9064643
S214011AB0F8B94FF6FF73824A0AA81188994214BFF3
S214011AC013463B466A88298801F012F90AA800F0F5
S214011AD0D7FC58B10AA801F0DDF938B1304679498A
S214011AE004F0EEF80420FFF757FB0AE6FFF7F8FBD1
S214011AF007E6042805D1744B1921187820F02BFA33
S214011B00FFE538467149EBE7714B1B78062B01D090
S214011B10704A76E6DFF8A0A1EB1C94F80C90BAF8B0
S214011B200080DBB22EB930466B4904F0C9F8872431
S214011B30E7E5F75C2C1D972FE4B22FD025D8812F2F
S214011B4071D0952F67D017BBB9F1100F7FF6E7ADAF
S214011B5031194A460AA81FF066FE0444E4B221463B
S214011B604A46304620F0DAFF231DDBB2053416F86C
S214011B7003A0E4B2A9EB04035345054666DA0093D5
S214011B8038465346534A5549C7E5982F43D03B46F6
S214011B900020504A524904F093F8C8E7B9F10A0FF9
S214011BA07FF6BDAD1FFA89F721463A46304620F04A
S214011BB0B5FF05F1080104463A46C9B2304620F0A1
S214011BC0ADFF0AAA01462046FFF736FA08B9454B8B
S214011BD00A93B9F10C0F12D905F10C013A46C9B2B4
S214011BE03046DDF8288020F09CFF044602463E4938
S214011BF0002004F065F8AAF8004044440A940A9CC0
S214011C003A492246002004F05BF82046FFF7A4F884
S214011C101FF001FE11E63649002004F051F80320BA
S214011C20FFF7BAFA09E6334C23786BB11FF0E6FDED
S214011C3050B10020304904F043F8002323701FF010
S214011C40EAFDFFF74DFBF8E52C49E5E7DFF8A49040
S214011C5099F8003043B9FFF7D1F88542034607D01B
S214011C601C4A27490095E5E51FF0CFFD0128F2D172
S214011C7010220D480AA908F007FF10B9BAF13F0F64
S214011C8042D9144A1F49002004F01AF84FE700BF52
S214011C90FDC9030055C9030035CA03007558002065
S214011CA06ACA0300C0270900503A0020603A0020A3
S214011CB0F9C40300ABCA0300025200207B5800207F
S214011CC004520020CDCA030079650020ECCA030047
S214011CD07C58002012CB030027CB030054CC030012
S214011CE036CC0300E093040062CB03008DCB0300E7
S214011CF0ACCB030078580020C8CB030007CC030008
S214011D0090CC0300CCCC03006D4B187099F80030D2
S214011D104BB11FF073FD30B128461FF072FD042849
S214011D2007463FF48AAD5146284632191FF0ACFEED
S214011D3028B10020634903F0C3FF042070E799F837
S214011D400030554463B11FF059FD48B1FF2FF4D060
S214011D50012F3FF472AD032F16D11FF05AFD054631
S214011D602846FEF7E5FF04460246052156481FF0C1
S214011D7081FD564B1B689C420AD320461FF07FFE0E
S214011D800520FFF73FFA58E51FF041FD8046E7E7DB
S214011D904046FEF7E1FF00287FF44FAD51E74C4B7C
S214011DA01B7803F0FD03082B01D04A4A29E5A489D4
S214011DB035B1F27822B10020474903F081FF2EE7C2
S214011DC0E4B22246F11C0AA81FF02DFD434BBDF8D4
S214011DD028201988054691420DD04FF6FF718A4298
S214011DE009D03C4A00203E4B3E4903F083FFBDF834
S214011DF028203D4947E7BDF82A20598891420CD052
S214011E004FF6FF718A4208D0324A0020374B3549D7
S214011E1003F070FFBDF82A20EBE70B9A5B689A4245
S214011E200AD0013208D02B4A2E490020304B03F04D
S214011E3061FF0B9A2F4926E7A4B2E91C2246C9B2D4
S214011E40304620F06BFEE91DC9B2074622463046F1
S214011E5020F064FE431C014606D10820FEF73CFF35
S214011E602548FEF779FFE8E4384606AAFFF7E4F8C6
S214011E70A8B9214B0693214B00221978204B1878DC
S214011E801FF0ADFC069C2046FEF766FF22460020AA
S214011E901C4903F015FF0920FEF71EFFCDE440F6AE
S214011EA0B733069A9A42E6D840F6B8320020164969
S214011EB003F006FF40F6B833DCE7812421E400BFD7
S214011EC07B580020FFCC030022CD0300603A00209F
S214011ED07C5800202BCD030040CD0300503A002053
S214011EE0C2C8030067CD030020BE0300ECC8030090
S214011EF082CD03007FD5030080EE36007865002092
S214011F0079650020BACD03008FCD030008B5042003
S214011F10FFF742F90020FEF7DFFE0023054A1921EC
S214011F201370054A1370054B1878BDE8084020F079
S214011F3012B800BF795800207A5800207965002031
S214011F4010B5164B164C1A78164B002053F8222063
S214011F50154903F0B5FE2178144B154A00200029D7
S214011F6018BF1A46134903F0ABFE23782BB1124B68
S214011F7000201A68114903F0A3FEFEF73FFF04464E
S214011F80FEF73CFF0E4B19681FF067FC2246BDE8C2
S214011F90104003460B49002003F092BE7C580020F7
S214011FA07958002030390400D6CD0300ACD40300A4
S214011FB08DD40300E3CD03004C3A0020FDCD030091
S214011FC0603A002016CE030038B5014604460020CC
S214011FD0FFF788FB054698B1E37C00200A4A0B49C7
S214011FE003F06EFE2379042B0AD02946204620F002
S214011FF07FFE034620B10020054A064903F060FE35
S2140120006FF0FF0038BD00BF00AF03003ECE0300F7
S21401201074C703007CC7030010B51346094A12783B
S21401202082420DD163B1084A002014680A46074966
S21401203003F046FE2146BDE810400120FFF752BBE3
S21401204010BD00BF79650020B03D002060CE0300C2
S21401205010B50D4B1C782CB1BDE8104000200B4983
S21401206003F02EBE6420FEF763FE4FF6F0716FF0AC
S2140120700F02074B0320C3E9001222462146BDE8A2
S2140120801040FEF7D3BE00BF7C58002099CE030057
S214012090503A0020014B1870704700BF7858002056
S2140120A000210620014AFEF7C1BE00BFC027090075
S2140120B0014B1870704700BF75580020114B2DE971
S2140120C0F04107460D4618680F49101A09681FF0B7
S2140120D0C4FBDFF840800D4E98F800400346FF2C05
S2140120E0307004D0A8420AD32C44A04207DB3A46FB
S2140120F00020074903F0E4FD337888F80030307893
S214012100BDE8F081683A0020643A00207D5800203E
S214012110C7CF03007A65002050EA010208D0FF22EB
S214012120054B091A1A70054B1860054B1960704764
S21401213011461046FFF7C2BF7A650020683A0020B4
S214012140643A00202DE9F04FAFB006AD284600F006
S214012150FDFD0026624FDFF8D091284600F090F989
S214012160044648B900F0BEFD5E490246204603F02B
S214012170A7FD2FB0BDE8F08F39460020F2B203F07C
S2140121809FFD284616A900F0FFFD044620B15649DA
S214012190002003F095FD8FE0BDF85820534903F069
S2140121A08FFD49462046BDF85A2003F089FD20469A
S2140121B0BDF85C204E4903F083FD2046BDF85E2045
S2140121C04C4903F07DFD2046BDF860204A4903F0E6
S2140121D077FD2046199A494903F072FD2046BDF85D
S2140121E06820474903F06CFD204646490DF16A0216
S2140121F003F066FD44492046239A03F061FDBDF8CD
S2140122005C30D90705D520469DF890203F4903F05C
S21401221057FDBDF85C309A0714D500203C4903F001
S21401222069FDBDF85830B3F5807F4FD1002020F00E
S214012230BFFC18B10DF1910003F0C4FC0020354934
S21401224003F03EFDBDF85C305B070BD50020BDF802
S214012250B220314903F034FD0020BDF8B4202F49E7
S21401226003F02EFD062228460DF116030AA91FF0DB
S21401227023FB044690BBBDF81620294903F020FD38
S214012280DFF8A8A0DFF8A8B00DF12808BDF81610F1
S214012290A2B2914210D9B8F800205146002003F0AE
S2140122A00FFD0134D8F804205946002003F008FD3C
S2140122B0062C08F10808E9D16C46204600F05AFDC4
S2140122C094E80F00013685E80F0046E70123202237
S2140122D000200DF1910103F057FCAFE7114957E7D4
S2140122E0D9CF0300A6D10300E2CF030006D0030036
S2140122F03AD0030053D003006CD0030085D003000E
S2140123009ED00300B7D00300CCD00300E8D0030072
S21401231001D1030050E6030014D103002DD10300C0
S21401232046D1030079D103001FD0030057D1030023
S21401233067D103002DE9F04188B004AD0446284674
S2140123408846002700F002FD6E46474507D195E80E
S2140123500F0084E80F00204608B0BDE8F081304643
S21401236000F008FD96E80F0085E80F00284600F00B
S21401237087F801370028E8D1014B0FCBE9E700BF0A
S214012380B03B04001FB5D0E9023253F8223068464C
S2140123901978FFF7CFFF684600F07CFD48B10428A6
S2140123A009D1074A0020074903F08AFC05B05DF809
S2140123B004FB054AF6E70020044903F081FCF5E733
S2140123C048DB0300C1D10300F8D40300CDCA0300E3
S2140123D010B5D0E9023203EB8201496853F8223086
S2140123E098B00C6804A81978FFF7A4FF03AB402245
S2140123F00093214608AB04A800F0E2FC024628B18F
S21401240000200E4903F05CFC18B010BD039808A923
S21401241000F007040122C0F3C70003F0FBFB039999
S21401242008A8091B0144064801232246008803F038
S214012430ABFB044803F0E4FBE6E700BFD1D10300A1
S2140124402052002050E60300F0B504460D460B4B23
S214012450EF880FCB84E80F00AB882E899B0741BF1E
S214012460D5F83900D5F83D1004F1080303C3EA682E
S2140124702046278066806260F0BD00BF6839040090
S214012480102208B5034908F0FFFA003818BF0120EA
S21401249008BD00BFB03B040008B521F0A4FBC2880C
S2140124A0FF219208012A38BF012202481EF091FD41
S2140124B0012008BD783A002038B5134690B10120B6
S2140124C0274A1070274A00201160274A13600A46DF
S2140124D0264903F0F5FB02F043FB254B187002205A
S2140124E002F044FB21F09AFBE8B91D4D1D4C2B78F8
S2140124F02BB921F078FB2268C368134423601A4B7A
S21401250024681B689C4229D221F06DFBC1682046D5
S21401251006F022F8002402462C7050B921F07EFB0A
S214012520FFF7BAFF03E0FFF7B7FF0028DDD0012071
S21401253038BD20460F4903F0C3FB0D4B187802F057
S21401254015FB00200C4903F0BBFB00F091F908B91C
S21401255000F0AEF92046FFF7B7F8E8E70124ECE70C
S2140125607F580020703A00206C3A0020F8D1030012
S2140125707E58002024D2030044D2030038B500F070
S2140125804BFA044600F042FA241A21F02CFB0546C9
S21401259018B9B1211B4826F04FFDAB8803F00303A1
S2140125A0032B03D0B221174826F046FD00F02EFA81
S2140125B005461FF0F4F901238340013B2B4203D06B
S2140125C0B421104826F038FD1FF0E9F901238340B5
S2140125D0013B234203D0B5210A4826F02DFD05F024
S2140125E091FD05461FF0DBF94FF48063B3FBF5F36D
S2140125F0C440A34205D2BDE83840BA21014826F0BE
S2140126001BBD38BD5AD20300FF2108B504481EF091
S214012610F1FCBDE80840002211461046FFF74CBF0A
S214012620783A0020F7B504460E4600F089F80546CC
S21401263021F0D9FAC3682B449C4220D31FF0AFF98E
S2140126402C44C440013C114F3B68DEB1A34219D172
S21401265001340023ADF8043000F0E4F9054605F036
S21401266051FD103504FB005405F04CFD01A902464E
S214012670204605F099FD1FF0A2F9386004E04FF0FE
S214012680FF34E0E7A342E4DB03B0F0BD4C61002079
S2140126904FF0FF320A4B10B51A600022094B1A7030
S2140126A000F0B4F9044600F0B7F9214602460120CD
S2140126B0FFF702FF00280CBF0120042010BD00BF59
S2140126C04C6100208058002038B500F0D1F808B9D8
S2140126D0002038BD094D0A4C2B7823B91FF06FF93D
S2140126E0012320602B7024681FF059F901348440BF
S2140126F0EED000F025F82044EBE700BF805800201C
S2140127004C61002070B50D4C2368002B01DA0120C6
S21401271070BD00F07BF9054621F065FA2468C668AD
S2140127201FF03DF9013404FA00F1294401208A1909
S214012730FFF7C2FE0028EAD00420E9E74C6100203A
S214012740024B18680C301FF06AB900BF50610020B8
S214012750FF2307B50021044A04480093FBF790FCC9
S21401276003B05DF804FB00BF09260100783A00209B
S2140127700E4B70B51C680546036804F582641C445C
S2140127800E46FFF7DDFF2B68834208D232681A44F3
S214012790824208D9C31A012033602C6070BD044AF6
S2140127A0126813441C1A0020F7E700BF506100208E
S2140127B0743A00202DE9F04FB3F5803F87B00F46FD
S2140127C09846019003D3002007B0BDE8F08F03A917
S2140127D004A8CDE90332FFF7CBFF0024824600F1BF
S2140127E00109DFF888B05FFA89F9019BDDE9035634
S2140127F0AAB27BB13046109921F0FCF90028E2D14B
S214012800B9F1020F2BD1DBF800300493019B03BB17
S2140128102F4421E03946304605F0C6FC0028D2D1C7
S214012820BAF1000FECD0002CEDD105F06BFC2E4474
S214012830B6FBF0F303FB10600028E4D005F062FC61
S21401284005A902463046059405F0AEFC0028DAD00C
S214012850B9E7109B2B441093A8EB05050395631C61
S2140128604B454FF00104C0D32046ADE7743A002033
S2140128707FB56B460C4A1068516803C390680C22FA
S21401288018600A4B0DEB0201186821F0B3F90C220F
S21401289068460DEB020108F0F7F8B0FA80F040093F
S2140128A007B05DF804FB00BF7839040050610020D2
S2140128B01FB5084A01AB1068516803C3906801A9A7
S2140128C01860054B0C22186805F06EFC05B05DF823
S2140128D004FB00BF7839040050610020F7B50446B8
S2140128E015460E4681B9072A03D80024204603B0B0
S2140128F0F0BD0D4B80791968E379063000EB0320B3
S2140129000C3180B21FF095F8002721462B4632463F
S21401291038460097FFF74EFF04460028E5D03946B3
S2140129207019FFF77FFEE1E750610020024B18683F
S214012930A0F50060704700BF5C61002010B58AB04A
S214012940684606F015F810F0FF0027D1009BFBB192
S214012950174C01A9206005F083FF10F0FF001DD180
S2140129602268009B9A4204D34FF4DD71114826F089
S21401297063FB019B104A11491360029A13440B60D2
S2140129800F49A3F500630A600E4A1360009B63B902
S21401299040F2CF11074826F04FFB06E0044A0346F3
S2140129A012680020084903F08BF90AB010BD00BF79
S2140129B0546100200DD30300743A002058610020B2
S2140129C05C61002050610020B5D3030008B5FFF715
S2140129D0B5FF21F008F950B121F005F9064B02695F
S2140129E01B689A4203D2B321044826F025FBFFF761
S2140129F0C5FD012008BD00BF5C6100200DD30300AA
S214012A00014B1868704700BF54610020014B1868DD
S214012A10704700BF743A0020014B1868704700BF2A
S214012A2058610020014B1868704700BF50610020B4
S214012A3010B5FFF749FE04462849002003F040F987
S214012A400020274903F03CF90020264903F038F915
S214012A500020254903F034F9244B00201A68244944
S214012A6003F02EF922462349002003F029F9FFF747
S214012A7067FE21490246002003F022F91F4B002081
S214012A801A681F4903F01CF91E4B1F4C1A680020D8
S214012A901E4903F015F9226800201D4903F010F9BC
S214012AA04FF4806200201B4903F00AF922680020D7
S214012AB01949103203F004F92268002017490C3234
S214012AC003F0FEF822680020154902F5826203F041
S214012AD0F7F8BDE8104005F049BA00BF34D403004A
S214012AE071D4030090D40300B0D4030054610020D5
S214012AF0DBD40300FAD403001DD50300743A00208A
S214012B0040D50300586100205061002063D50300C2
S214012B1086D50300A9D50300CCD50300EFD5030065
S214012B2012D603002DE9F04194B004460D4600206C
S214012B30482102AA1EF08EFF18B9534903F0C0F8C7
S214012B4019E060220021204607F052FC04224F497A
S214012B5002A807F099FF90B16DB19DF80B300020E7
S214012B6001939DF80A309DF80820009348499DF886
S214012B70093003F0A5F8012014B0BDE8F081BDF8D6
S214012B800C20B2F5807F228003D0424903F098F8EA
S214012B90F1E7BDF81420BDF80E102281DDF81620ED
S214012BA06180E2600499BDF81A206160228284F88F
S214012BB0320007AD04F112020FAE2B4603CBB3422F
S214012BC0106051601D4602F10802F6D10F9B324A91
S214012BD063631360314B10221846002107F008FC8E
S214012BE0E288A388028022894280E26842600BB9AB
S214012BF00020C1E700263546A388D90709D536B196
S214012C0005F150026A4412F8482C84F83820013540
S214012C10EDB29A0714D520881EF032FE07466EB133
S214012C2002AB03EB05080246414604F1390007F002
S214012C306FFD3A4641461A4807F06AFD2F44FDB239
S214012C40A3885B070DD556B105F150036B4433F8E5
S214012C50482C33F8463CA4F85A20A4F85C300435D6
S214012C60EDB2002EC4D1482D02D930460D4965E794
S214012C702946382002AA1EF0EDFE08B90A495DE78A
S214012C8038250126B8E700BF35D60300843904008D
S214012C9067D603009DD60300983A00209C3A002090
S214012CA0A43A0020B8D6030008D7030030B50B4C71
S214012CB099B025786DB9FFF789FE68B1294668464F
S214012CC0FFF730FFB0FA80F0054B4009187001237A
S214012CD02370002019B030BD0120FBE78158002089
S214012CE082580020014B1878704700BF8258002098
S214012CF070B51E46134B044618881D46884298B088
S214012D0002D15B88934206D00F4B0FCB84E80F00AD
S214012D10204618B070BD96B100216846FFF702FF45
S214012D200028F1D1BDF804305B0708D53388BDF81B
S214012D305A209A42E8D8BDF85C209A42E4D395E836
S214012D400F00E3E79C3A0020B03B0400064B10B5A9
S214012D501B7804462BB9054B0FCB84E80F002046A1
S214012D6010BD034BF8E700BF82580020B03B0400BB
S214012D709C3A002010B50446024B0FCB84E80F00A6
S214012D80204610BDB03B04000B4B10B51B78044623
S214012D9008467BB10021FFF7C5FE48B9102221463F
S214012DA0064807F071FE003818BF0120C0B210BDFA
S214012DB00120FBE70120FAE7825800209C3A002018
S214012DC02DE9F0410E4690460E4910221F4607F0A7
S214012DD05BFE044670B90C4B3A461D683046AD1B87
S214012DE0454528BF454629461EF034FE28B9074901
S214012DF002F066FF0120BDE8F081069B20461D60BB
S214012E00F9E700BF9C3A0020983A002008D7030053
S214012E100022024B1A70FFF73BBC00BF825800200D
S214012E202DE9F0419CB00F4616468046FFF74CFC54
S214012E30054602461549002002F042FF382D20D9EA
S214012E40012104A8FFF76EFE0446D0B9119B04A920
S214012E503B606F463846FFF7F7FA97E80F0086E8BB
S214012E600F00119BAB4297BF01210324084AC8F803
S214012E70003094BF1170C8F8005020461CB0BDE861
S214012E80F0810022024B01241A70F6E73AD70300BC
S214012E908258002070B5084D00262B7853B1FFF7F5
S214012EA0F7FB04461022002104482E7007F0A0FA12
S214012EB0204670BD3446F5E7825800209C3A002033
S214012EC008B50020064902F0FBFE064B00201A78E2
S214012ED0054902F0F5FEBDE80840FFF7A9BD00BFB1
S214012EE059D703008258002083D7030003460120E8
S214012EF0024AC3E9032000221A7070470100FEFF50
S214012F002DE9F0410024264E264FDFF8A88088B030
S214012F1000F0D4F9A5B2854202D308B0BDE8F0812D
S214012F20284603A91EF0CCFDA2B23146002002F0CD
S214012F30E1FE9DF80D2012B39DF81210BDF8103079
S214012F40402914BF6E2179210020CDE90031394690
S214012F50BDF80E3002F0CEFEBDF814201AB10020E6
S214012F60114902F0C7FE9DF80C00BDF8182070B993
S214012F70079B0E490093BDF81A3002F0BBFE0020F5
S214012F800B4902F09DFE013426F063F8C0E7BDF858
S214012F901C304146009300209DF81A30EDE700BF33
S214012FA09CD70300A2D70300C5D70300CFD70300E1
S214012FB050E60300F6D7030010B500F0ABFABDE803
S214012FC010400346024A0020024902F079BE00BFC3
S214012FD01ED8030055A00300D0E9023253F8223070
S214012FE010B5188800F086FABDE810400346024A7C
S214012FF00020024902F064BE24D8030055A0030055
S21401300010B5D0E90232002486B08DF8044053F89A
S214013010221003EB8203097801A88DF805105A687F
S2140130201288ADF806209A681288ADF80820DA688A
S2140130301278ADF80C40A24214BF402280228DF8CF
S2140130400A201A691288ADF810205A699B691288FD
S214013050ADF812201B68059300F0D0FB034A034627
S2140130600349204602F02CFE06B010BDC0B6030090
S21401307055A0030038B50024064D25F0D6FF45F8C7
S21401308024000634C02CF8D10020BDE8384002499F
S21401309002F016BE801000202BD8030030B50020A9
S2140130A087B0204902F00CFE00201F4902F008FEFE
S2140130B000201E4902F004FE25F0B7FF0024054655
S2140130C0A0B201A901341EF0FBFC202CF8D125F09A
S2140130D0ACFF1749421B002002F0F2FD1549002003
S2140130E002F0EEFD25F0A1FF0446012000F09EF857
S2140130F025F09BFF0E49021B002002F0E1FD0E4960
S214013100002002F0DDFD25F090FF04461EF0C9FC0C
S21401311025F08BFF021B0020054907B0BDE83040B3
S21401312002F0CEBD57D8030086D80300B6D80300F8
S214013130D3D80300E2D80300FCD8030010B50C4630
S21401314003F022FD08B9032C12D101F0FFF8042880
S2140131500ED001F0FBF805280AD0064802F060FC04
S2140131601C2801D11FF04AFCBDE8104002F068BCE3
S21401317010BD00BFAD1A03002DE9F04F00274FF038
S214013180FF36DFF8A4B0264C87B0BBF80030B8B2E3
S214013190834209D8731C3BD03246FF21214807B031
S2140131A0BDE8F04F1DF015BF01A91EF089FC9DF882
S2140131B0050001F001FFF8B19DF80480B8F1000F99
S2140131C01AD1BDF810A0BDF8129025F02EFF1821D7
S2140131D00246BBB24B43E018E158007C4FF47A73C9
S2140131E0A2EB010C50B103FB0AF363450ED30B446B
S2140131F0981A864228BF06460137C6E74D466B43F6
S214013200FAD06345F5D31944881AF2E74046F0E749
S214013210FF21044807B0BDE8F04F1DF0EBBE00BF2C
S21401322080100020AC3A0020065200202DE9F04123
S214013230014688B058B1022810D01EF05BFC78B366
S214013240D221194808B0BDE8F04125F0F5BEFF23AC
S214013250164A17480093FAF713FFEEE700244FF0DB
S21401326001082746134EA5B2284603A98DF80D700E
S2140132701EF026FC9DF80D0068B101F09DFE20B100
S2140132809DF80C300BB986F810800134202C06F11D
S2140132901806E8D12546084B1D80FFF76DFFCCE7E1
S2140132A008B0BDE8F08100BF1CD90300E13501007C
S2140132B0AC3A00208010002006520020014B1888EE
S2140132C0704700BF065200202DE9F04F634A077D84
S2140132D089B004466249002002F00CFD00201FF070
S2140132E067FC20B12368218A588803F09BFC0020E4
S2140132F05C4902F0E5FC637DDFF87491002B2368DE
S21401330008BF08205988574B18BF00200093228A0F
S2140133104FF0090314BF4FF080084FF0400802F049
S2140133202FFBA289BB1C93420CDB1FF0DBFC034680
S21401333020B100204C4A4D4902F0C2FC012009B0E0
S214013340BDE8F08FA068791C89B2C55D1FF0E9FB66
S2140133500337012D0646BFB213D823683246598873
S2140133605879238A009343461FF023F882460028A3
S2140133703ED1862002F0CCFB284602F0C9FB30463F
S21401338068E08520F6E703A91EF09AFB9DF80C304D
S214013390AB4223D123689DF80D105A7991421DD175
S2140133A0BDF80E105A88914218D1BDF81020B242CD
S2140133B014D19DF81220424510D1BDF81410228A6E
S2140133C091420BD1002D38D0BDF81810E2889142F9
S2140133D004D19DF81A201B799A422ED00BF1010BCD
S2140133E0B9F800305FFA8BF08342CCD88B20C1E766
S2140133F04FF0000BF4E79AF8020002F089FBBDF8E3
S21401340018001FF051FBBDF81A001FF04DFB9AF88B
S214013410020003F027FE002883D19AF8020001F08B
S2140134209DFC0546079E002D3FF47BAFF0B2013DA3
S21401343002F06EFB360AEDB2F5E7002002F068FBFB
S214013440284602F065FB30461FF02EFB012DD2D137
S214013450BDF81C001FF028FB63E700BFABD90300D3
S2140134607DCD030050E60300B8D90300D5D903008B
S214013470065200202DE9F04391B0694680461EF0C1
S2140134801FFB0023194F8DF801303888431E98B270
S2140134908045388009D1694640461EF019FB6846CA
S2140134A01EF0FDFA11B0BDE8F0834FF0180905A92A
S2140134B01EF006FB0E4C3E880AAD09FB06460FCEF3
S2140134C00FC596E8030009FB084485E803000AAE29
S2140134D0404605A91EF0FCFA0FCE0FC495E803007E
S2140134E084E8030069463888D7E700BF0652002003
S2140134F08010002008B5064B1B88834205D9FFF7CC
S214013500B9FFFFF739FE002008BD2720FCE700BF02
S2140135100652002038B5074D2C882CB9FF210648E5
S2140135201DF068FD204638BD601E80B2FFF7A2FF81
S214013530F2E700BF06520020AC3A00202DE9F3471F
S2140135409A4618239DF82890244FCDE9001203FBD4
S21401355009731446D3E902231FF0A3FC064620464E
S2140135600D4603F07FFD04F0FD03382B80460FD196
S214013570009432462B460021DAF810001EF0CBFAF2
S214013580B8F1010F1BD135431ED102B0BDE8F0875B
S214013590392CDAF810300BD107EE906A07EE103AA4
S2140135A0F4EEC77AF1EE10FAACBF01200020E7E78F
S2140135B09E4275F100032CBF01200020E0E7B8F120
S2140135C0000FE2D10028E0D0182303FB097701237E
S2140135D03B7402B0BDE8F047FFF7CEBD8010002077
S2140135E02DE9F04F00252E46A846AA462C46DFF8C0
S2140135F0BC91D1B0694BA8B21B88834209D81CB1D3
S21401360061882079FFF79AFDFFF7B6FD51B0BDE856
S214013610F08F0BA91EF054FA25F007FD1823AFB260
S2140136207B4309EB030B59F8033005909DF82D00F9
S214013630049301F0C1FC002800F0AE809DF82C1028
S214013640002940F0A980DDE90432D01A4FF47A72DD
S214013650BDF838305343834200F29E809BF8103009
S21401366043B9BDF83A30002B00F0968053438342AD
S21401367000F29280FD230022CDE9013210AB0093C7
S2140136800DF119020DF11A03E9B20BA8F0F720FEAD
S214013690002877D1BDF81A30DA1C0493D2B214B3DD
S2140136A03F4B9DF82D101B8813442279914214D16B
S2140136B0BDF82E10628891420FD19DF83220B8EBEA
S2140136C0D21F0AD1BDF83420524506D1B3424DDD92
S2140136D00020344902F0F4FA01E0B342F8DC6188D4
S2140136E02079FFF72BFD02F0E7F904469DF9320039
S2140136F02D4BC043C00F0093BDF834200A23BDF8FC
S2140137002E10C0009DF8328002F03AF99DF82D3057
S2140137104FF0000B23714FF48A53FF26BDF834A0F7
S2140137204FEAD818E38007A95FFA8BF01FF05DFD1A
S214013730C0B2B0B99DF81D109DF82D20914210D150
S214013740BDF81E10BDF82E2091420AD122469DF8E2
S21401375029109DF81C001FF0CEFAB04228BF304653
S214013760C6B20BF1010BBBF1200FDCD1BDF8300066
S2140137701FF09AF99DF8190002F0CAF9049910A8E9
S21401378002F0DAF9182300225F4309EB07031A74E3
S21401379025F04BFC49F8070001352BE706520020BF
S2140137A01052002094DA030050E603008010002037
S2140137B070B500240126104D8AB02B88A0B2834232
S2140137C004D80AB0BDE87040FFF7D6BC05A91EF0C4
S2140137D077F99DF8150001F0EFFB50B19DF8143014
S2140137E03BB91A46CDE901360093E1B205A8F0F7D8
S2140137F06FFD0134E1E700BF065200202DE9F043DA
S2140138000389DFF858818BB0B8F80090009304461E
S21401381083798288418840781EF0CBFD002800F02D
S2140138209580E78927B1A389BB4200F291800027E2
S214013830B8F80030BDB2AB4214D84D4601264FF65B
S214013840FF73E2899A4226D146B9B8F80030AB42F6
S21401385002D92846FFF70EFEFFF78EFC00200BB0BC
S214013860BDE8F083284605A91EF02AF99DF8143014
S2140138707BB92268059B5340FF2B0AD86368069ED6
S2140138805E4036F07F4604D1BDF81C2023899A425B
S214013890D5D00137CCE7E2689A422BD0002E53D11F
S2140138A0D4E90323CDE9082305A81EF0F8F800287B
S2140138B0D5D1B8F80030AB4204BF6B1CA8F8003075
S2140138C025F0B3FB18236B43234AE9B2D050D41832
S2140138D0002305A81A46CDE901330093F0F7F8FC5A
S2140138E018B100220023C4E90223284605A91EF0C8
S2140138F0EFF8B1E7234605AA04F1100C174618683D
S2140139005968083303C763453A46F7D118683860E3
S21401391005A81EF0C7F80028C0D01F2D1AD800230E
S2140139208DF8143063788DF815306388ADF816304D
S214013930A388ADF81830A3798DF81A302389ADF82D
S2140139401C300028B0D1ABE70020E6E7862086E7EA
S214013950872084E7892082E7801000200652002015
S2140139602DE9F04FB04A90F814908DB00446AF4957
S214013970002002F0BFF900201FF01AF920B12368D9
S214013980218A588803F04EF90020A94902F098F9D7
S214013990637DDFF8B8A2002B14BF80234023029377
S2140139A0236808BF08205988A14B18BF0020009340
S2140139B0228A072301F0E4FF00230393A28909F179
S2140139C00305954211DB039B13B9184602F0A0F8D4
S2140139D01FF088F9034620B10020964A964902F066
S2140139E06FF901200DB0BDE8F08FA06809F1010163
S2140139F089B210F809601FF094F8324680460346F3
S214013A008E490020ADB202F05BF98EB1012E00F0B6
S214013A108A808527384602F07BF8304602F078F82F
S214013A2040461FF041F8852FD2D00123039376E05C
S214013A30A06809F10401A28989B2475D1FF071F8F7
S214013A4009F10601A289049089B2A0681FF069F8FD
S214013A503A4605900090049B3046794902F030F9C9
S214013A6009F1080938461FFA89F503F0FBFA002820
S214013A7057D1384601F072F9294603468146A28994
S214013A80A0681FF03FF86F498346304602F032F9CE
S214013A90A1684A4629443346304602F075F8304656
S214013AA0634902F00DF9A9441FFA89F523684246D5
S214013AB059885879238A0093029B1EF07AFC18B124
S214013AC08378BB4240F0AC80483FFFB2092F05D84F
S214013AD040F21133FB40DB0700F1A48000238DF890
S214013AE01C30236807A85A798DF81D205B88ADF82D
S214013AF02080ADF81E30029BCDF82CB08DF8223018
S214013B00238AADF82430049BADF82830059BADF828
S214013B102A30FFF773FE074600287FF47BAFA946DD
S214013B204CE7B346C2E72946A289A0681EF0F9FF12
S214013B304FF0000B024607464349002002F0C0F84A
S214013B4009F10509BAF800301FFA89F5BAF800201C
S214013B501FFA8BF94A4503D81F2B31D9892759E714
S214013B60484607A904931DF0ABFF9DF81C20049B53
S214013B70012A22D122689DF81D00517988421CD164
S214013B80BDF81E005188884217D1BDF82010414566
S214013B9013D19DF82210029881420ED1BDF824005F
S214013BA0218A884209D1BDF82800E188884204D1DB
S214013BB09DF82A10127991421BD00BF1010BC5E733
S214013BC0012299468DF81C20226851798DF81D1026
S214013BD05188ADF82080ADF81E1002998DF822109C
S214013BE0218AADF82410E188ADF8281012798DF8F5
S214013BF02A2007A8ADF82C701DF051FF07460028B3
S214013C007FF408AFBAF800304846994508BF09F175
S214013C10010307A908BFAAF800301DF059FF7EE787
S214013C208D27F7E68C27F5E6BFDA03007DCD030086
S214013C3050E6030020DB0300D5D90300C7DA0300F2
S214013C40E4DA030005DB030010DB03000652002064
S214013C502DE9F04F074688469146002589B09A46D9
S214013C60BDF848B09DF84C60149C224B1A88A8B247
S214013C70824235D903A91DF023FF9DF80C201D4B68
S214013C80B2BB9DF80D10B94232D1BDF80E104145B8
S214013C902ED1BDF8101049452AD19DF81210514574
S214013CA026D1BDF81410594522D13046029201F0B2
S214013CB055F8A6F14103012B01460AD820461EF00D
S214013CC036FF0D4B0D4A204484420CD10421029349
S214013CD002ACEDB232462046009503ABFFF72EFC50
S214013CE009B0BDE8F08F14F8011F4B405343EBE7D2
S214013CF00135BBE706520020C59D1C8193010001DA
S214013D001FB50F4C2478C4B142EA03229DF818303F
S214013D108DF8051042EA43220A4BADF80C201A78BA
S214013D20094B8DF80610079903EB021300908DF8E6
S214013D300400DB6868460291984704B010BD00BFD6
S214013D408358002085580020CC3A002073B51A4DC0
S214013D50FF211A481DF04EF92B7853B3184C194E13
S214013D602378180106EB03131A7A5968305C1FF0A2
S214013D70C0FA4D281DD0E0B1012300212278CDE9FB
S214013D8000311201B25CC0B2FFF7BAFF0A222378F3
S214013D900A480133DBB2B3FBF2F102FB1133FF2118
S214013DA023702B78013B2B7002B0BDE870401DF0EC
S214013DB019B902B070BD00BF835800206C3B0020CB
S214013DC085580020CC3A0020F8B5104F3E780A2ED0
S214013DD01AD00FC8DFF840C00D4D9CF800400136E0
S214013DE005EB041585E80F000A230134E4B2B4FBA1
S214013DF0F3F203FB12440748FF218CF800403E70A3
S214013E001DF0F0F80020F8BD0120FCE783580020E3
S214013E10CC3A00206C3B0020845800200021024A46
S214013E200248FAF763B900BF4D3D01006C3B002024
S214013E30002337B50C46124D12492A78CDE90033D6
S214013E4012018A5C01230146E0B2FFF759FFA4B9CB
S214013E500D490A788AB10A202B78013A0133DBB280
S214013E60B3FBF0F40A70FF2100FB143307482B70F4
S214013E7003B0BDE830401DF0B5B803B030BD00BF9B
S214013E8085580020CC3A0020835800206C3B002047
S214013E9008B500F0BDF850B1054B064A064905289D
S214013EA008BF1A46BDE80840002001F009BF08BD5A
S214013EB034DB030050E6030055DB030008B503209E
S214013EC01FF031FA10B90122014B1A7008BD00BF6C
S214013ED0865800200022024B18781A70704700BFDF
S214013EE0865800200246FF2101481DF072B800BF27
S214013EF08C3B0020114B37B51D78C5B9FF21104802
S214013F001DF078F8FFF7DAFF044600900D4B2846BF
S214013F100D4A0E4901F0D4FE4CB10D4B1B78DB0661
S214013F2005D528461FF0D9F920461DF029FC094B76
S214013F30186803B0BDE83040FFF7D4BF86580020AC
S214013F408C3B002072DB0300A0DB03005FB30300A1
S214013F507458002060610020FF2101481DF04AB816
S214013F608C3B002070B51A4E054633780C466BB371
S214013F700020184A184901F0BDFE032C01D0652C1B
S214013F8020D11649002001F0B5FE22460020144932
S214013F9001F096FE0020134901F0ACFE01232946EC
S214013FA00822002001F0F0FD00200F4901F088FEF4
S214013FB0032C88BF0023204688BF3370BDE87040BD
S214013FC0FCF7BEB8012CE0D00849DBE770BD00BFA6
S214013FD086580020A0DB030049B70300B3DB0300CB
S214013FE000BE0300D1DB030050E60300C9DB03007B
S214013FF0014B1860704700BF606100200021024A33
S2140140000248FAF773B800BFF53E01008C3B00206A
S214014010054B10B51C782CB90448FF211CF0E2FFB3
S214014020204610BD0520FCE7865800208C3B00206A
S214014030F8B50024074B084E1D68084FE3B29D42B1
S21401404004F1010400D8F8BD394656F823001CF0E7
S21401405088F9F3E784570400885704002C6200208F
S21401406010B5044C23780BB11FF04DF901232370D2
S21401407010BD00BF7B6500202DE9F743254B0D469B
S21401408016460446019350B14AB1042301AA12F818
S214014090011BA94235D0013B13F0FF03F7D12120C4
S2140140A003B0BDE8F08317F8010F90FAA0F0000EF8
S2140140B01CF093FB014608EB07039945F3DCCAB2F3
S2140140C0C1F30F2392FAA2F293FAA3F3120E1B0E78
S2140140D003EB0223DB43621912F8020C99B2DBB23E
S2140140E098420CD112F8013CB3EB112F07D132469E
S2140140F02146284603B0BDE8F0431FF06CB82320E4
S214014100CEE74FF6FF71671EA5F10209C4F101085B
S214014110D1E700BF080A0E12014B1870704700BFA6
S21401412087580020024B1A6818608260704700BFEB
S21401413064610020024B186800B14068704700BFF8
S2140141406461002070B5044600250A4B1B687BB1EC
S21401415000211E8807E05A6802EB0110013145B9BB
S214014160021B554255418AB29642F4D89B68EEE747
S214014170184670BD646100202DE9F04F1E460023ED
S21401418093B0022E074688461446DDF870909DF8D7
S21401419074A0ADF81A3040F2C08099F800305A0782
S2140141A029D5042E40F2B98099F804B000255F4B5A
S2140141B033F83520002A00F0B68001350A2DF7D1F4
S2140141C0209B002B40F0AD80FF250023207908AA14
S2140141D00DF119018DF819301EF035FC70B1BDF8DE
S2140141E02C309DF8190023801EF0B1FC0790C0B159
S2140141F013B0BDE8F08F99F802B0D7E720791EF02A
S21401420053F90B28059000F28A8020791EF0B0FC45
S21401421007900028ECD1464A059B02EB03135B8806
S21401422023804FF6FF73002F08BF434662880021A4
S214014230CDE9002358465246238802F0FDFD18B109
S214014240E38843F02003E380209B07A90DA8CDE96E
S2140142500D34CDF83C90ADF84080ADF842608DF855
S21401426044708DF845A01EF003FC08B10798BFE71F
S214014270484602F025FDA01D02F010FD22464146EB
S21401428038461EF038FDB04227D3E3882246C3F3F2
S2140142900E03E3809DF87C3041460393BDF87830E9
S2140142A0384602930DF11A03CDE90093F3B21DF0DF
S2140142B06EFE209B079003B3F8B9BDF81A2042B1F1
S2140142C0092D06D81B4B03EBC5018A80209A43F8BB
S2140142D035201120FAF7D2FB1CE0BAF1000F0AD103
S2140142E00DF11A03CDE9006322464B464146384696
S2140142F0FAF7D2FFDDE73820DBE7052807D1E388A8
S214014300DB0607D5002301200793FFF705FF079B70
S214014310002BDED01EF020FCA8E7012068E7212054
S21401432066E71C2064E7EDB24FE700BFB43B002010
S214014330203C0020B03B00204FF6FF72024B1A8053
S2140143405A809A80704700BF0852002010B5044C6E
S2140143502379FF2B02D11FF004F82071207910BDBC
S2140143600852002010B50C4C2379FF2B08D10020F1
S2140143701EF0EDFB20B91EF0F4FF20711EF0ECFBE1
S2140143802079022805D00438012894BF0020012096
S21401439010BD0020FCE700BF085200204FF6FF7357
S2140143A010B5044C22889A4202D11EF0D0FF20801C
S2140143B0208810BD0852002010B5FFF7BDFF40F65B
S2140143C01D439842044607D8B0F5416F05D2182818
S2140143D026D8152848D829D010BDA0F541630D2B45
S2140143E0FAD801A252F823F02D4401002D44010011
S2140143F0D9430100D9430100D9430100D943010043
S214014400D9430100D94301007D4401008F440100D6
S21401441029440100294401002944010029440100DE
S21401442040F606439842D7D11C4920E0FFF7B6FF75
S2140144301B490246002001F043FC152C05D11EF055
S21401444070FFBDE810401EF01CBB164B164A1749FC
S214014450B4F5416F08BF1A46002001F031FC1EF08A
S2140144600FFB1EF00EFBECE71628DDD110490020ED
S21401447001F026FCBDE810401EF025BC1DF06EFEC6
S214014480BDE8104002460B49002001F019BC00208F
S214014490BDE81040084901F013BC00BF30E303003B
S2140144A0DDE2030050E60300D8E20300F9E2030070
S2140144B019E3030045E303006DE3030007B5094A6A
S2140144C00346108831B9084A084903B05DF804EB81
S2140144D001F010BC0091064A064901F00BFC03B03E
S2140144E05DF804FB205200205CAE03008DE3030060
S2140144F000AF03005FB303000D4B37B51B680446DE
S21401450093B11D780389012D08BF02250093C37A54
S214014510084A0020084901F0D3FB2146284603B08B
S214014520BDE830401EF0D5BE022003B030BD00BF4E
S214014530EC3C002002E40300B1E30300002010B5C8
S2140145401EF005FB0D4B1B6863B15A78052A03D88C
S21401455062B1052402220AE0FF2AFAD000200849A7
S21401456001F0AEFBBDE810401EF0F6BA1446104648
S2140145701EF00BFF20461EF006FFF3E7EC3C002082
S21401458007E4030013B5134C00201EF0E0FAFFF712
S214014590D3FE23689BB101A81DF0D3FD78B923682B
S2140145A01A789DF804309A4209D0D91E032906D9F3
S2140145B0D11E012903D9012A07D1022B05D10323D4
S2140145C001A8ADF804301EF08AFE02B0BDE8104026
S2140145D01EF0C2BAEC3C002000231946034A013300
S2140145E00A2B918042F8081BF9D17047B03B002096
S2140145F07FB50E4605461EF074FE2A46044603465F
S2140146000D49002001F05CFB96B10C4B36211A884F
S2140146109B78ADF80C208DF80E3003230022009312
S2140146204FF6FC7003AB8DF80D501EF0AEFD044640
S214014630204604B070BD00BF28E40300C03B040060
S214014640FF2810B50C4604D10020044901F038FBC0
S214014650FE202146BDE81040FFF7CABF41E4030033
S214014660F8B51E460B8807460C461546002B64D146
S2140146704A88B1F9021000200029B8BF6B7830498A
S21401468001F01EFB6288132A1DD002F5FF437F331B
S2140146909BB2052B23D8A2F50042013A052A1ED863
S2140146A0DFE802F0193F1D033C09264A264900208F
S2140146B001F006FB13E0254A2349002001F01AFB0E
S2140146C02A792349F3E7022E94BF4FF6FF72B5F815
S2140146D001202049EBE700201F4901F0F1FA33469B
S2140146E02A46214638461FF046FD70B933462A460B
S2140146F0214638461FF041FD48F2210362889A425E
S21401470003D1384669781EF0A7F96388B3F5004FE0
S21401471002D90820FAF7CCF90120F8BD2A790F4909
S214014720C5E70F4A0849002001F0E4FA032E94BFBA
S2140147304FF6FF726A880B49B9E70020EDE700BF24
S2140147407CE40300A4E40300ABE40300BCE4030040
S214014750C2E40300D0E40300E8E4030002E503003A
S21401476024E5030029E503002DE9F04116888AB007
S214014770DFF88C80ADF80E300DF10E03C8F800207E
S21401478015460093324610AB07460C46FAF716FE5E
S21401479090BB109B8DF824000693BDF80E3004A83C
S2140147A0ADF81C30AB898DF81070ADF820306B89F0
S2140147B00594ADF81E60ADF822301EF057F9D8B951
S2140147C021463046BDF80E30109A01F0C9FF98B95F
S2140147D021463046BDF80E30109AFFF741FF58B912
S2140147E0CDE9006039462046BDF80E30109A02F039
S2140147F049FB08B9C8F800000AB0BDE8F08100BF5F
S214014800AC3B0020F0B585B004AB03E90300002300
S2140148101C469DF80D609DF80E70154AD9B202EB44
S214014820C1004568EDB99DF80C30284600939DF807
S2140148300A209DF80B300F4901F05CFA26B132468A
S21401484028460D4901F056FA0C4A0020002C18BFE4
S2140148502246BDF808300A4905B0BDE8F04001F02F
S2140148602FBA12F831100133B94208BF2C46D5E7EA
S214014870683B04003BE503004CE50300CBAD0300B9
S21401488050E503004FF6FF7310B5084C88B06288F8
S2140148909A4207D102A90DF107001DF050FCBDF8A0
S2140148A010306380608808B010BD00BF0852002039
S2140148B02DE9F04F85B0894692461C460746BDF85D
S2140148C03850BDF83C80109E002833D00346464A37
S2140148D00020464901F00EFA2388002B76D040F2DC
S2140148E00912934274D0424A4249B3F5827F08BF07
S2140148F00A46CDF804806188002000913E4901F007
S214014900F9F9238893B1B8F1020F0FD933783B49EF
S21401491013F0010F3A4A18BF0A4659074FF0000034
S2140149204CBF3379B378374901F0E4F900203649B2
S21401493001F0C6F90023354931F83320AA4249D19E
S214014940334A52F833B0002331F83300DA00A84274
S21401495046D100202E490A44908041F8330047B9D9
S214014960238833B9B4F90230002B02DB0820FAF7AA
S21401497085F80120FAF79CF89EB13578EB0710D53B
S21401498015F0040004D04246012130461EF0C9F855
S214014990CDE90170434622465146484600961DF031
S2140149A0E0FDBBF1000F06D043462246514648467D
S2140149B0CDE90067D8474346224651464846CDE9E9
S2140149C000671DF094FA05B0BDE8F08F114A90E734
S2140149D0114A8EE701330A2BAED14FF0000BB2E736
S2140149E001330A2BB0D1BAE708A5030077E5030027
S2140149F0CCAD030065E5030085E5030068E503002B
S214014A0070E50300B6E5030050E60300B43B002062
S214014A10B03B00205EE5030062E503000D4BF0B5F8
S214014A204FF00C0C1F88054600230B4EDCB2BC422F
S214014A3001D30020F0BD0CFB04F43019345DAC4208
S214014A4005D144888C4202D104799442F2D00133D4
S214014A50ECE700BF1C6500207461002073B50126D9
S214014A602B4D2C4C2A462046FF2300210096F9F7B1
S214014A7007FB2A462046FF2300210096F9F700FB94
S214014A802A462046FF2300210096F9F7F9FA2A461E
S214014A902046FF2300210096F9F7F2FA2A4620461F
S214014AA0FF2300210096F9F7EBFA2A462046FF235A
S214014AB000210096F9F7E4FA2A462046FF23002152
S214014AC00096F9F7DDFA2A462046FF2300210096D4
S214014AD0F9F7D6FA2A462046FF2300210096F9F771
S214014AE0CFFA2A462046FF2300210096F9F7C8FA96
S214014AF02A462046FF2300210096F9F7C1FAFF2334
S214014B002A46002120460096F9F7BAFA02B070BD8F
S214014B101D180300003C00202DE9F84300244FF047
S214014B200C090C4B0C4F1E78DFF830803A88E5B242
S214014B30954202D33046BDE8F88309FB0585FF217F
S214014B40A8681CF065FA18B9AB799E4238BF1E46B4
S214014B500134EBE7885800201C65002074610020B2
S214014B60014B1878704700BF88580020014B187019
S214014B70704700BF88580020F8B506460C461DF061
S214014B8060FF0546C8B930461DF08EFC0B2815D8C7
S214014B900B4B03EB00131F7B87B95A880121228038
S214014BA09A88304662809B79237100F037FA39463D
S214014BB06071304600F032FAA07101252846F8BD32
S214014BC0203C002070B504460E4615461DF06CFCD0
S214014BD00B2802D94FF6FF7070BD094B03EB00138B
S214014BE01A7B002AF6D146B901222946204600F052
S214014BF03DFA0028EED00088EEE7012EEAD1F4E770
S214014C00203C0020FF2313B50DF1070104468DF863
S214014C1007301DF014FF18B19DF8070002B010BD53
S214014C20074B03EB04131B7B0BB1FF20F6E7204673
S214014C3000F03AF90028F8D0204600F0E9F9EDE74F
S214014C40203C002013B5F6F711FA0446F6F714FADD
S214014C50224603461249002001F032F800F084FF94
S214014C60FFF7BAFC00F0A6F80221084602F046FD5E
S214014C70FFF764FC41F249001EF099FB4FF0FF1369
S214014C800093FF2368468DF804301EF076FB4FF440
S214014C9000401EF054FB00201EF071FB02B010BD58
S214014CA005E6030038B505461DF0EDFE90B9284629
S214014CB01EF099FA044628B140F60443984214BF00
S214014CC088248D2423462A460020034900F0F8FF55
S214014CD0204638BD8D24FBE71DE603002DE9FF477E
S214014CE005460E4617469846BDF83090DDF834A0C6
S214014CF0BDF83840CDF80090CDE9014AE4B2FFF79F
S214014D00D7FD43463A4631462846CDE90094CDF8CC
S214014D1008A01FF0F9F9FF21034B044A044804B028
S214014D20BDE8F04700F01ABE1452002010520020D1
S214014D30605A0020044B01461888102240F040407B
S214014D4040F48010F6F7A2BFBE380400024B186884
S214014D505968FFF757BD00BF6A7C04000123064A65
S214014D60D15C814202D1054AD05C704702335F2B89
S214014D70F6D10020704700BFC23B0400C33B0400CD
S214014D8070B500220446094B1D78094BD0B2854206
S214014D9001D8FF2070BD1E78A64204D10029F9D0A3
S214014DA05E7BF607F6D401321033EFE78958002010
S214014DB0203C00202DE9F04198B06B46304A10683F
S214014DC0516803C390680CAA18602E4B14469C4683
S214014DD003F11806154618685968083303C5B34227
S214014DE02A46F7D112AA1746274B03F1180615468D
S214014DF018685968083303C5B3422A46F7D1234ACF
S214014E0003AB106851684FF0010E03C390687168D8
S214014E101860DCF83000002206AB03C30C21EC4618
S214014E20B068CDE909221860194BDFF86C8019705B
S214014E30184B0DEB01060B9206AD09A91CF8010BE8
S214014E400132187034F8020B0C2A588037F8020B1E
S214014E5083F80DE0988016F8010B03F1100303F8B0
S214014E600A0C15F8010B08EBC00043F8080C11F802
S214014E70010B03F8040CE1D118B0BDE8F08100BFC6
S214014E8037E60300323F04004A3F040044E60300CD
S214014E9089580020203C00202C3C0400014B187847
S214014EA0704700BF89580020034B03EB0013587B63
S214014EB000F00100704700BF203C0020F0B504461A
S214014EC00846D9B100220E4B11461F780D4B1D46E0
S214014ED0D6B2B74201D8002010E01E78A64206D00E
S214014EE09E68F688314489B201321033F0E75E7B62
S214014EF0F607F9D505EB02150180A868F0BD00BFDD
S214014F0089580020203C00202DE9F3478946904629
S214014F101D46074618B9002002B0BDE8F0870029F3
S214014F20F9D0002AF7D0002BF5D0002400780DF137
S214014F300601ADF80640FFF7C1FF0028EBD0394661
S214014F400DF10602BDF806601DF0A3F9074600281C
S214014F50E1D00DF10602BDF806A01DF0C1F900284A
S214014F60D9D0C9F80070C8F80000037913F0200200
S214014F7019D1DB0614D4BDF806300C4A564413FA90
S214014F8086F612FA86F20BE01A790C33920642BFC5
S214014F9013F8092C891889B29842F5D8044A0A44AC
S214014FA001202A60B8E72146024BF5E7AC590020FC
S214014FB08A5800206C3E040008B50021FFF7E0FE89
S214014FC0FF2817BF044B084603EB0013587B18BF96
S214014FD000F0010008BD00BF203C00202DE9F04193
S214014FE00D4616461F461DF05FFA0B280AD8074CD9
S214014FF03B4604EB001032462946BDE8F041806886
S2140150001DF01FBA0020BDE8F08100BF203C002043
S214015010014B0001185C7047203C002070B50C461F
S2140150201DF042FA0B281BD80F4B03EB00139A68AE
S214015030C2B10023142618461579D9B28D4200D87C
S21401504070BD116806FB0311097B34B911F0800F9E
S2140150501CBF0130C0B20133EFE711F0400FF7E794
S2140150600020EDE71046EBE7203C0020F8B50D46A2
S21401507016461DF019FA0B280BD80F4B4FF0140CDF
S21401508003EB00139A6800231C461779D9B28F42A6
S21401509001D80020F8BD10680CFB0300017B46B95F
S2140150A011F0800F03D0AC42F4D00134E4B20133E6
S2140150B0ECE711F0400FF5E7203C00202DE9F04F1A
S2140150C0064600243A4B87B01B783A4F0093009B64
S2140150D09C4207D2FF2E08D030461DF0E5F90B287A
S2140150E0044606D907B0BDE8F08F07EB04131B7B17
S2140150F02BBB23014FF00008019307EB041A14E0C1
S21401510014221B6802FB05352B89B3F5967F01D95E
S21401511023F09FFF4FF000094FF00C0B29891FFA6F
S21401512089F291420ED808F10108019B5FFA88F5D1
S214015130FB189B681A79AA42E2D8FF2ED2D1013415
S214015140E4B2C4E71FFA89F00BFB00F06B6819188C
S2140151500A7912F0100F23D19AF800E012F0400FEE
S2140151608DF80CE0B5F800E0185AADF80EE00CBF6B
S2140151704FF0400E4FF0800EADF8120028468DF825
S21401518010E01DF052F85307ADF81400C8780AD5A0
S2140151900228896800D90968002203A81DF021F9B0
S2140151A009F10109BAE702288CBF89680831F3E7DB
S2140151B089580020203C0020052370B5094A06883E
S2140151C01488B44208D19578047B2C403F2C03D92F
S2140151D00D4201D0506870BD013B02F10802EFD1CB
S2140151E01846F8E7DC3E040070B50024074D084E6B
S2140151F02B78E0B2834200D870BD06EB0010437BEB
S214015200DB0701D51DF02FFA0134F1E7895800209C
S214015210203C0020F8B50C4600210546FFF7B0FDFE
S214015220FF2829D0154A060102EB00135B7B03F029
S21401523001016CB143F001031644A142737305D01A
S214015240C4B100B202EB00101DF00DFA0120F8BD4A
S2140152502346F1E77B4311682846CA18127BC95AD0
S214015260D2091CF06CFE0134B268E3B2117999429E
S214015270F0D8EBE71427F7E70846E8E7203C0020DC
S214015280F0B59446497D20B339B3012918BF0421EE
S21401529000254FF6FF702F462A46144E3488644583
S2140152A011D196F803E01EEA010F0CD0B4789C42A7
S2140152B009D30AB1BC4206D81EF0100F03D08AB13A
S2140152C0BC420CD370B90135072D06F10406E5D1B1
S2140152D0F0BD002908BF0821D8E70221D8E72746F4
S2140152E00020F0E727460122FAE700BFC03E04008F
S2140152F02DE9F04F0A9FBDF824E09DF82C809DF81B
S21401530030904C7D78B394B3012C18BF042400254B
S214015310194800F11C0C068896421ED190F803B07D
S2140153201BEA040F19D08678464516D31BF0100FDA
S21401533091F80FA004D0BAF1000F0ED0B1F810A06A
S214015340BAF1000F09D1A94513D0AE4511D95E5562
S2140153503E88013501363E80ADB204306045DAD173
S2140153600120BDE8F08F002C08BF0824CDE70224F9
S214015370CDE70020F5E700BFC03E04002DE9F04F61
S2140153800024B1F57C4F0E4638BF4FF0010BA24604
S214015390A1464FF6FF781F4628BF274B85B028BF8A
S2140153A0B3F800B0009001925C4503D3404605B0C7
S2140153B0BDE8F08FB6F57C4F0CD3204B3A4603EB95
S2140153C0840331465B880098FFF708FE054680B3E4
S2140153D000232AE03A46314600981DF095F8F5E795
S2140153E00C229CB254436A680199105B02EB040CD0
S2140153F0884219D3B9F1000F01D0504514D861463F
S2140154002846CDE902321CF010FF029B60B1039AD8
S214015410125BB9F1000F03D0524501D3804503D981
S214015420924680464FF0010901332A899CB2A24276
S214015430D6D80134A4B2B7E7223C0400243C0400C9
S2140154402DE9F04F91461A4600238BB08DF82020A7
S214015450BDF850208DF81C00ADF81E10ADF82420C4
S21401546005460F461A4604A907A8159C9DF85860DC
S2140154709DF85CA09DF860B09DF864800493ADF83B
S21401548022901CF05AFF049850B92B46CDE90079BA
S214015490644A654900F014FC86200BB0BDE8F08F25
S2140154A0BAF1000F14D18378B34206D050465D4A54
S2140154B05E4900F005FC8D20EFE7037913F0010348
S2140154C006D11846574A5A4900F0FAFB8820E4E705
S2140154D003795B072CD583685A689B680592069307
S2140154E080781DF0C0FC049B0546DF782146022F1C
S2140154F003463A4610D805A81DF071FC81462B4696
S2140155003A46214606A81DF06AFCB9F1010F01D002
S21401551001300DD18720C0E705981DF060FC0128F9
S214015520F8D02B463A46214606981DF058FCEFE780
S214015530BBF1000F6FD1049F4FF6FF722146B8787A
S2140155401CF011FE00286BD0BDF82430C5B20093C4
S214015550CDE902549DF82030BDF82220BDF81E107A
S2140155609DF81C0001961DF07BFA002895D1BDF828
S2140155702430CDE902540093BDF822209DF8203056
S214015580BDF81E109DF81C0001961DF046F8002877
S21401559083D121469DF8682007A81CF022FF002829
S2140155A07FF47BAFB8F1000F07D03B462046BDF82D
S2140155B01E209DF81C101CF0B7FFBDF82430BDF866
S2140155C02220BDF81E109DF81C000093CDE9016451
S2140155D09DF82030FEF73CFBBDF82430BDF82220B4
S2140155E0BDF81E109DF81C000093CDE902549DF8ED
S2140155F0203001961DF033FABDF82430BDF8222084
S2140156000093BDF81E109DF820309DF81C001CF07C
S214015610DCFF002041E70020064900F051FBF8E7D7
S21401562001203AE751E603005DE6030089E6030040
S2140156309DE60300B1E603007FB500258DF808302E
S214015640BDF820308DF80400ADF80610ADF80A203C
S214015650ADF80C306946BDF82830099A01A80B9EB2
S21401566000951CF06AFE044630B916B1009B9B7883
S2140156703370204604B070BD8928FAD12846024905
S21401568000F01EFBF5E700BFCEE603002DE9F04F64
S2140156904FF0000AC7B0FFF701FC5FFA8AF6B04286
S2140156A002D847B0BDE8F08F5B4B36019A5D00200B
S2140156B05A4900F005FB0020594900F001FB002380
S2140156C00593554B9DF8144033449B681A79A242C2
S2140156D002D80AF1010ADEE714224FF000091B681E
S2140156E002FB043422891FFA89F39A4202D8059BE9
S2140156F00133E5E70C231FFA89F803FB08F8D4F811
S21401570004B023F0A6FC0BEB08052B79454913F0F2
S214015710400F3BF8083022884FF000000093424BC0
S21401572018BF0B46414900F0E5FA294620461CF011
S2140157307CFD074600283CD13D4900F0DBFA29797B
S214015740DFF814C111F0010F3A4818BF604611F096
S214015750020FAA78EB7832D1DFF800C111F0100FF2
S214015760354918BF6146CDE900010020334900F0F4
S214015770C1FA2B793BF8082013F0400F4FF0000BCD
S2140157804FF0FD030DF118082188CDE9023BCDE964
S214015790007821480CBF40238023805DFFF74CFF33
S2140157A086280ED12649002000F08AFA09F101095F
S2140157B098E702462349002000F09CFABFE72249F9
S2140157C0D1E7A8781CF021FDD8B140461DF0AFF90D
S2140157D0421C92B201234146002000F0D5F9394619
S2140157E0208801F001FA4FF6FF73984207D0174B55
S2140157F0174903EBC0035A68002000F061FA154907
S214015800D1E7A8781CF007FD20B140461DF094F9B9
S214015810821CDEE7EA78DDE7203C002020E7030073
S2140158202EE70300F8E60300FDE603006EE703003B
S214015830B1D8030005E7030008E7030082E7030089
S2140158409EE703003FEC030010E70300AC3F0400B3
S2140158508BB7030050E6030002E7030018E70300D6
S2140158602DE9F04FC7B0BDF844A10646BAF1040FC2
S2140158700D4614461F46BDF840B163D9CDE9013B3C
S21401588000920B4602463049002000F019FAFD232B
S2140158900DF117090DF118083046029322463B46D2
S2140158A02946CDE900B8CDF80C90FFF7C5FE0646AF
S2140158B0B8B9FD22414699F800001CF054FC074691
S2140158C0C0B1AAF10403834238BF892620461DF0E1
S2140158D0EBF88EB1304600F01BF9304647B0BDE814
S2140158E0F08F009023462A460020184900F0E8F978
S2140158F00027EBE78926E9E7DFF85CA0BA1CBAF8CF
S2140159000030C3F1FF039A4219DA304600F000F97D
S21401591099F8000000F0FCF8BAF800900C483A46F6
S21401592041464844B94404F0F3FEAAF800902346E1
S2140159302A4630460749009700F0C2F9CDE789208C
S21401594000F0E6F88926C8E7AAE70300E5E70300C2
S214015950605A00200CE803001052002010B5044CD9
S21401596020600448018004490A60044A136010BD9F
S214015970E83C00200E520020E43C0020E03C0020E1
S21401598030B587B00AAC0D4654F8041B0093CDE938
S2140159900114134609490246094809880068059416
S2140159A01CF082FF4FF48A52064B1B681880064B88
S2140159B01B685D80DA8007B030BD00BF0E52002044
S2140159C0E83C0020E43C0020E03C002008B410B590
S2140159D087B009AB0C4653F8041B0092CDE90113BE
S2140159E002460B490B4805930988002300681CF002
S2140159F05BFF4FF48A52084B1B681880074B1B68E5
S214015A005C80DA8007B0BDE8104001B0704700BF87
S214015A100E520020E83C0020E43C0020E03C002040
S214015A20044A034611680448044A09881268006853
S214015A301CF013BAE43C0020E03C0020E83C0020C7
S214015A40044B054A1B6812681988044B18681CF039
S214015A5077B900BFE43C0020E83C0020E03C002091
S214015A6007B5074B1B681B880192064A126800920D
S214015A70054A12681CF0C5F903B05DF804FB00BFC7
S214015A80E43C0020E83C0020E03C00201FB5144622
S214015A90064A12681288CDE901430091044B054974
S214015AA01B6809681CF089F904B010BDE43C0020AD
S214015AB0E83C0020E03C0020014B1868704700BF1E
S214015AC0E03C0020024B1B6818715971704700BFFB
S214015AD0E03C002010B50024084B1C70FEF75EFC6D
S214015AE0074BFF2218802146064804F081FC064B2E
S214015AF01C80064B1C605C609C6010BD6A5B0020CD
S214015B0012520020605A0020105200201452002029
S214015B1007490B88FE2B9FBF064AD054581C80B2FB
S214015B209DBF088000F1FF3080180020704700BF3D
S214015B3010520020605A0020F8B5094F0D463B88E8
S214015B405C18FE2C0ADC074E0A46A4B20146F01881
S214015B5004F0A0FC3C80641BA019F8BD0020FCE703
S214015B6010520020605A0020024B034A00201A609F
S214015B70704700BFEC3C0020283C0400014B18781D
S214015B80704700BF203C002030B4044D044C002B6D
S214015B900CBF2B46234630BC1CF0F2BFF8A5030011
S214015BA0DFE8030070B5054608460C461CF0BFFF4B
S214015BB0611C0246024B2846BDE870401CF0E0BF5F
S214015BC0FEEF030000B5037889B0069343783E22C2
S214015BD00593837808490493C37803930379029362
S214015BE04379019383790093C3790448008800F0D0
S214015BF081F809B05DF804FB3AE803002052002062
S214015C00024B02460249188800F05AB8205200207A
S214015C1064AC03002DE9F04705460E4617460024FE
S214015C20DFF84480DFF844A0DFF84490AC4201D1AD
S214015C30BDE8F087B8F8000006EBC4015346082219
S214015C401CF09EFF0134B8F800003FB9044AA54293
S214015C5008BF4A46034900F04DF8E7E74A46F9E728
S214015C6050E6030063AC030020520020DFE8030087
S214015C70BA9703002DE9F0410E4E044630881CF019
S214015C8097FFA8B100250C4FDFF83080E3070AD54F
S214015C9018B94146308800F02DF830882A46394632
S214015CA000F028F8002001351B2D4FEA5404EDD1F1
S214015CB0BDE8F08120520020F7D4030082E50300FE
S214015CC00EB417B505A9044651F8040B019103F06B
S214015CD091FA01210220054AF8F7F2FC044B1C80D8
S214015CE003B0BDE8104003B0704700BF50E60300A4
S214015CF0205200200EB417B505A9044651F8040B2E
S214015D00019103F077FA034B1C8003B0BDE8104005
S214015D1003B070472052002013B503680446587933
S214015D2000F032FF90B923685A88032A0ED0E17C2E
S214015D305B79CDE900211649164AFFF7C1FF01211B
S214015D4020461CF0D5FF012002B010BD637D012B5B
S214015D500AD0637D33B92368228A598858791CF0A2
S214015D60AFFB48B9C3200AE02368228A59885879CC
S214015D701CF0AFFB0028ECD020461CF01BFF064BA6
S214015D801B78002BDFD110F5807FDCD0C1B2D7E7BE
S214015D9067E803005FE80300615B0020002970B537
S214015DA00F491D460F4B14460CBF6E227922002860
S214015DB008BF0B4600200C49FFF79CFF0B4E2544FD
S214015DC0AC4205D1BDE8704000200949FFF778BF15
S214015DD03146002014F8012BFFF78CFFF0E700BFD7
S214015DE0A0E8030096E80300A9E80300DDE8030045
S214015DF034CC03002DE9F04FC27C8BB00592427D76
S214015E000368002A14BF80224022077D0446856865
S214015E1086895879B846B3F80290069200F0B4FE27
S214015E20A0B9059B052B05D86FF02D03059A1341E4
S214015E30DB070BD5B9F1030F08D0AB490020FFF7FC
S214015E403FFF012120461CF053FF76E0E37B1BB1A8
S214015E50228A002A00F0B781607D0022B0FA80F025
S214015E605B4203F00403DFF88CB2400943EAC0004A
S214015E70ABF80020FFF74CFEE37B1BB3208A1CF037
S214015E8013FE8246A07CFFF743FE059A162A00F20F
S214015E909A81DFE812F019009E016C005600D201CB
S214015EA06C009201D9019A01E001E701EE01390186
S214015EB00202980198019801140258021402700215
S214015EC0390102029A46DDE700204B46874A884997
S214015ED0FFF7F6FE0120FFF71BFE08F10207B742A7
S214015EE029D84146324628461CF01BFE80462368C8
S214015EF042465879BBF800304946C3F1FF039BB2CE
S214015F000193238A0093069B1EF038F910B11FFAFD
S214015F1087F8E2E7236842465879BBF800304946DD
S214015F20C3F1FF039BB20193238A0093069BFFF7FD
S214015F3097FC8928EBD11CF0D5FE01200BB0BDE8FB
S214015F40F08F4FF0000B0420FFF7E2FDF31E0893DD
S214015F50089B984552D3BBF1000FECD1E37B94F834
S214015F601480002B0CBF02220422624B1A804FF0D1
S214015F70000B0420FFF7CCFD5F4608F1030A5645E7
S214015F8040F29D803246414628461CF0CAFD05EB8C
S214015F9008039B78F21EAA44A2EB0802079051461A
S214015FA0184692B209931CF0DEF80890002879D0C2
S214015FB02268099B5079CDE901A3238A49460093BB
S214015FC0DDE906321CF0FEFB82464A460020079BAE
S214015FD04949FFF78FFEBAF1000F55D10BF10103C6
S214015FE0504646495FFA83FBFFF76AFE089B08F1B5
S214015FF0030813FA88F81FFA88F8BEE732464146C6
S21401600028461CF08EFD05EB08039F78089B08F1D7
S2140160100301A3EB08022944824692B2384609914D
S2140160201CF0A1F8079068B323680999587902977C
S2140160300191238A524600934946069B1CF012FCA6
S2140160400746B8B10BF1010338465FFA83FBFFF749
S2140160505FFD50461CF028FD53464A46002026495F
S214016060FFF72EFE3A4600202549FFF729FE802F2E
S2140160703FF471AF079B08F1030813FA88F81FFA7B
S21401608088F865E78027DDE75046FFF741FD07986A
S2140160901CF00AFD0137524600201949FFB2FFF7EE
S2140160A00FFEA3E78720FFF733FD07981CF0FCFCE3
S2140160B00137872212490898FFB2FFF701FE059BB8
S2140160C0052B3FF43AAF002F7FF435AFBBF1000F3D
S2140160D005D10C495846FFF7F3FD8021B2E6384654
S2140160E0FFF716FD27E700BFAF9C0300EAE80300B1
S2140160F037E9030010520020F4E8030037E80300F4
S21401610010E903001AE903000599A84AA84B0020E4
S214016110152918BF1346CDF80090A64AA649FFF7E1
S214016120CFFD059B0C2B14BF16200D20FFF7F0FCAE
S2140161303246284639461CF0F4FC059B3D440C2BA0
S2140161400646AD7835D1192D28BF1925E37BB3B1A5
S2140161504FF6FF73278A9F4211D12068324649467F
S214016160069B4079FFF70AF9B84208D0BAF1000F4A
S21401617005D020828AF80000000A8AF80100002073
S214016180BBF80070FFF7C4FC236832465879059BBC
S2140161904946A3F1150CDCF1000343EB0C03CDE9F2
S2140161A00153238A0093069B1CF080FA834BD85533
S2140161B0C1E6132D28BF1325C8E72046FDF7D0FBFF
S2140161C000287FF4BAAE81213CE62046FDF77CF834
S2140161D0F6E7B9F10A0F05EB0708A6EB070A21D186
S2140161E0DFF8DCB19BF80030E3B1E37BD3B9BAF159
S2140161F0080F17D13246394628461CF092FC88B95A
S21401620098F8023073B998F80320E22A0AD1324688
S214016210391D284605931CF081FC1CF04EFD059B9C
S2140162208BF80030414648461FFA8AF21DF0A8FF57
S21401623000287FF482AE002104E6F21B484692B2A3
S214016240E9191CF02BFCF3E7F21B484692B2E91958
S2140162501CF0E6FBECE7F21B484692B2E9191CF08B
S2140162600DFCE5E7F21B484692B2E9191DF08AFFDC
S214016270DEE72368EE5D5879238A0137ED5D0193E9
S214016280069B3246494600932B461CF04EF92A4699
S214016290314648461CF0C6FB4FE605987A1CE95D78
S2140162A0B31AA0F11606704270410039009018BF6B
S2140162B0012148469BB22A441CF0B6FBB8E7059B71
S2140162C0EE5D112B3D446F7838D11220FFF720FC8C
S2140162D00025E37BB3B14FF6FF73B4F81080984501
S2140162E010D133464A4621462846FEF7C9FF4045A7
S2140162F008D0BAF1000F05D020828AF80000000A03
S2140163008AF80100BBF80080DFF8B0A0C8F1FE02F1
S21401631092B208F10103009253444A4621462846A8
S214016320CDE90267CDF804B0FEF7E2FFBBF8003016
S2140163300AF808000133ABF80030FCE51420FFF73B
S214016340E7FB0125C5E77B1C9E422CD3EF5D1D4470
S214016350003F18BF0127F31A9EB233462A46394634
S2140163600020FFF71BFD00962B463A464846218A39
S2140163701CF05EFB5CE77B1C9E4214D3EF5DF61AB5
S214016380003F18BF01271D44B6B233462A46394698
S2140163900120FFF703FD00962B463A464846218A20
S2140163A01CF044FB44E70020C8E500BF50E60300AC
S2140163B0E5E803002BE9030035E90300605A0020F5
S2140163C05F5B002038B54FF6FB750446A9424FF0D7
S2140163D001019DF8100098BF43F40043217023810A
S2140163E06260A07202230020084A0949FFF768FC90
S2140163F0E07A084B40F6CA0203EB4010FF211AF080
S214016400E8FDBDE838400420F8F738BB45E903004D
S21401641050E90300303D002030B5054685B028B967
S2140164201D4905B0BDE83040FFF74ABC0024007B9B
S2140164301CF08DFB2046194A19492C70FFF740FCC9
S214016440184BE87AFF2103EB40101AF0D3FD2046E3
S214016450154B02019A5C22B901300428F9D1F8F7EC
S21401646027FB696899B1B5F908302A899B1303F0AF
S21401647002038DF80430C2F30E03ADF806304FF672
S214016480FF73ADF80830002301A80393884705B0D1
S214016490BDE830401CF060BB7BE9030045E9030022
S2140164A0ADE90300303D0020F03C002009480378A8
S2140164B073B91946084AD3720133042B117311704C
S2140164C051601181917202F11002F4D1012303701F
S2140164D0704700BF605B0020F03C002008B5FFF766
S2140164E0E5FF002305491A018A5C01EB03101AB186
S2140164F00133042BF7D1002008BD00BFF03C00207B
S21401650070B50D460646FFF7D1FF0023094800EB9C
S2140165100514A17AB14205D1217819B12B4400EBBB
S214016520031070BD0133042B04F11004F1D10020D7
S214016530F7E700BFF03C002010B50446FFF7B6FFB2
S2140165400E4B9C4212D003F12002944210D003F16C
S214016550400294420ED060339C420DD1032308487A
S21401656000EB0310BDE81040FFF756BF0023F6E727
S2140165700123F4E70223F2E70020F3E7303D002091
S214016580F03C002070B50024064D074E28463246E2
S21401659000210134F7F7AAFD042C05F12005F5D1F9
S2140165A070BD00BF303D0020396501002DE9F34183
S2140165B005460C4617469846FFF790FF064640B933
S2140165C01C4A1D49FFF77CFB0224204602B0BDE8A9
S2140165D0F0814FF6FB739D420AD94FF6FD739D423B
S2140165E004D00020134A1549FFF76AFB4FF6FD75E4
S2140165F0434621463A4628461CF047FB044600F02F
S2140166002FFE804634B1234600200A4A0C49FFF784
S21401661057FBDAE73B462046064A0A49FFF750FB96
S214016620062329463046089ACDF80080FFF7CAFEB1
S214016630CBE700BF45E90300BAE90300E4E903003C
S21401664019EA030042EA0300F7B506460C46174668
S214016650FFF744FF054638B9104A1149FFF730FBEA
S2140166600224204603B0F0BD21464FF48A5230463C
S2140166701CF0D3FC044600F0F3FD34B123460020A1
S214016680064A0849FFF71CFBEBE7009004233A464D
S21401669031462846FFF796FEE3E700BF45E90300CB
S2140166A0BAE903006AEA0300F7B506460F46FFF7A4
S2140166B015FF054638B9104A1049FFF701FB0224B9
S2140166C0204603B0F0BD00224023114630461CF0A0
S2140166D068FE04461CF063FE34B123460020064AD9
S2140166E00749FFF7EDFAEBE7009001233A463146FA
S2140166F02846FFF767FEE3E745E90300BAE903002A
S2140167009DEA030073B504460E46FFF7E7FE05460D
S21401671038B9104A1049FFF7D3FA0224204602B0CE
S21401672070BD0022204611461CF03DFE04461CF0BA
S21401673036FE34B123460020064A0849FFF7C0FA60
S214016740ECE70090234632464FF6FC712846FFF7E9
S21401675039FEE3E745E90300BAE90300CBEA0300A3
S2140167602DE9F0418846107800219EB014461D465A
S214016770FFF7C6FE0646002800F0FD800778002FCA
S2140167807BD0B8F80010002940F0F5800389B8F8EE
S214016790022043F40040824240F0ED8061780029F7
S2140167A06BD1A2F50042062A00F2E580DFE812F07E
S2140167B0A100A100E300E3000700B8006900E38838
S2140167C00D3DADF82430238915F00105ADF82630CE
S2140167D063798DF82830E37A03F1060214F8122063
S2140167E08DF814308DF81C2042D10BA98E460691E7
S2140167F004F10C005FFA85FC9C4500F1020009D209
S21401680010F8018C10F802CC01350CEB082C2EF890
S21401681002CBEFE701EB43011A440891D2B25900CB
S21401682001F10D009A42C0B20BD025186D78205C9C
S2140168307831694400EB0520013321F84C0CDBB2BA
S214016840EDE7B6F908203389002AACBF01220322FE
S214016850C3F30E038DF808206288ADF80A3005AB45
S214016860ADF80C20049302A930461CF0F9F904E0B7
S214016870424A43490020FFF723FA38461EB0BDE8D6
S214016880F081042D02D83D4A3E49F3E72379053DC0
S214016890ADB29D42B4F8028002D0384A3A49E9E7DF
S2140168A03A4A3B4B0020002D08BF13463949334A6C
S2140168B0CDF80080FFF704FA05348DF81450B6F9C8
S2140168C00830069485B1002BACBF012303238DF855
S2140168D02C303389ADF83080C3F30E03ADF82E307B
S2140168E005AB0D930BA9BFE7002BACBF0623052311
S2140168F0EDE70B2DC7D9D4F80200D4F8061013F42F
S214016900004F05AA03C20CBF042203228DF82C20D7
S2140169106289C3F30E03ADF83020ADF82E30DFE701
S214016920042DB0D96388ADF8303023790533DBB256
S2140169309D4206D00020114A17490095FFF7C0F97D
S2140169409BE70E4A00201549FFF7BAF9B6F9082069
S2140169503389002AACBF01220322C3F30E03ADF82C
S2140169602E3005AB0D93631D069323798DF82C20ED
S2140169708DF81430B6E700277FE700BF45E903002E
S214016980F8EA030020EB030034EB030074A40300D1
S21401699050E603005BEB030078EB0300B9EB030062
S2140169A0304BF0B5B0FBF3F24FF4616503FB120018
S2140169B0B0FBF5F3DCB205FB13033C25B3FBF5F3A3
S2140169C0DBB2A0EB04104B71C3EB0313A0EB830007
S2140169D04FF4FA630B8040F201134B8001230C71D4
S2140169E01F4600246425204E8871944200D1F0BDD4
S2140169F091F802C013B1BCF1020F2BD006EB0C00CC
S214016A0010F801ECC87870450BBF012001300CF17D
S214016A10010CC0B208BF81F802C0C87088780D2882
S214016A2016D10B888F7001339BB298070B8014D157
S214016A30B3FBF5F005FB103080B280B94FF4C87097
S214016A40B3FBF0FC00FB1C339BB2B3FA83F35B0988
S214016A500134CAE74FF01D0ED4E70023F8E70123FF
S214016A60F6E700BF805101006E3F040010B50446F2
S214016A7088B006A9FFF794FF9DF81E300A480393D5
S214016A809DF81D30049402939DF81C309DF81A2041
S214016A900193BDF818300549009300889DF81B3016
S214016AA0FFF70EF908B010BD20520020D2EB03000C
S214016AB0026808B51188154B19805188598051799B
S214016AC01971117959714FF48A51D980D28812F00F
S214016AD0200F0CBF0A464FF48B528169DA800C4AAC
S214016AE0137831B9C0880B4923F00203088013706C
S214016AF008BD43F002031370074B152218460131F7
S214016B0003F0C8FC002200F8012CF1E71452002023
S214016B106A5B0020125200202352002010B5184C48
S214016B20236858791BF0C0FC0B2822D8154B03EBC1
S214016B300010027B237F9A421BD123684288198862
S214016B408A4205D04FF6FF70814212D1120410D44A
S214016B502279023A012A06D9A37B63B9BDE810401F
S214016B600748FFF747B9198958791AF0D3FD002865
S214016B70F2D1002010BD0248BDE81040FFF7CCB8A6
S214016B80B43D0020203C002008B51BF08DFC0B28EE
S214016B9096BF024B0020185C08BD00BF6F5B00204B
S214016BA008B500201BF0D3FFFF201BF0B0FC1BF044
S214016BB0D3FF1BF078FEFEF771F901210246064865
S214016BC003F016FC054BFF21054A0648FEF7C6FEF4
S214016BD0BDE80840FEF708BB6F5B0020145200209A
S214016BE010520020605A0020F0B5002204464FF6ED
S214016BF0FF750B4F90B237F830600346AE4201D1B5
S214016C002846F0BDA64209D1B4F57C4FF9D307EB6F
S214016C10C3035B888B42F4D00029F2D00132E9E746
S214016C20AC3F040010B50446FFF7DEFF094A0346F1
S214016C3010884FF6FF72934214BF074A2246BDE8FA
S214016C40104017BF02EBC30304495A680449FFF713
S214016C5051B800BF20520020AC3F0400F5EB030002
S214016C608BB70300034B18780130C0B2187000F0E0
S214016C707F0070477D650020044A137818B143F001
S214016C8001031370704703F0FE03FAE76A5B002006
S214016C90014B1870704700BF6D5B002038B1074B81
S214016CA01B78012B04D1038843F04003038070470F
S214016CB0022BFCD1038823F04003F7E76D5B00202D
S214016CC068B1074A1378012B07D1064B1B7813705E
S214016CD0037843F01003037001E0022BF8D07047ED
S214016CE06C5B00206B5B00207FB50121264B274E95
S214016CF0197033780246D90744D42549096881B109
S214016D000868C1888D0641BF224CE18841F0200108
S214016D10E180C1884C0641BF1E48C18841F0400150
S214016D20C1801D4D1D492878097840074CBFE97080
S214016D3069701B4913F00204098809D0164A1948DC
S214016D401BF086FE337823F00203337004B070BD67
S214016D50154B18884FF6FB73984208D80B46CDE9B9
S214016D60005201460B4A20461BF04BF8EEE74FF661
S214016D70FF73CDE9014200930A46074B05491BF014
S214016D801CF8E3E70020E1E7615B00206A5B002076
S214016D90B03D002014520020605A00207E6500207D
S214016DA010520020225200201252002070B50379A2
S214016DB00446012B0D46164631D883681B78DB0640
S214016DC000D561B3A37B13B9E37C0B2B27D000223C
S214016DD0144B1A80637DB3FA83F35B09D800E37B17
S214016DE0ABB9FEF795FEA07CFEF792FE0B20FEF7F0
S214016DF08FFEE07CFEF78CFE2846FEF789FE2046D5
S214016E00FFF756FE3046BDE87040FFF76DBF40F015
S214016E100400FEF77DFE208A1BF046FEE3E7002015
S214016E2070BD00BF10520020024B0A46014618688A
S214016E30FFF7BCBFB03D0020F0B4054618460F4B27
S214016E400C461B78BDF81010012B0D4E01D037787B
S214016E5027B1002333700020F0BC70470CB9002A1C
S214016E60F9D143B14FF65743994204D02B462246F7
S214016E70F0BC1BF0D3BD0120EEE700BF7F6500200C
S214016E806E5B00202DE9F04F684C4FF0000A254656
S214016E908446964698460F46654B664E83F800A094
S214016EA00FCE0FC596E80F0085B085E80F00DDF818
S214016EB03C90BDF8383072460093394643466046EA
S214016EC0CDE9019400F0DCF8DFF89081064670B950
S214016ED00025FEF7FFFD16220021574803F088FA29
S214016EE000232846C8F8003005B0BDE8F08F534BA4
S214016EF0A27CC8F800401A70514B1B78002B36D084
S214016F001BF0DDFE4F4902465046FEF7F3FE2268AF
S214016F105046537952884C490092A289FEF7EAFE00
S214016F2050461BF045FE20B12368218A5888FFF79A
S214016F3079FEE37B23B10020228A4449FEF7DAFE7C
S214016F40A36800201A78E37C41490093A37CFEF7EE
S214016F50D1FE207DA289A168121A014401230020D6
S214016F6092B2FEF711FE00203A49FEF7A9FE2F481D
S214016F70FFF79EFD2D481DF0FCF8054630BBB9F124
S214016F80000F25D12168E0880B8801904988BA1E38
S214016F90032A00918CBF002201220121E07CFFF729
S214016FA04BFF38B923685B79FF2B3AD0FFF7B6FD64
S214016FB005468EE72368DB889A06F3D40121264C22
S214016FC01A4821701BF094FE84F80090354680E73D
S214016FD0B9F814309B07E5D47AE75846FEF718F857
S214016FE082465846FDF760FF88B123685046228ADC
S214016FF059881BF05CFA50B13846FFF759FD2368F3
S21401700089F804A083F805A0FFF788FD00B9284693
S21401701005460136FDF742FF5FFA86FB5845DCD888
S21401702057E70026014FDFF83890F3E7B43D00201C
S214017030615B00208C3F0400225200207E65002008
S2140170407C6500200EEC030017EC030038EC03000F
S21401705044EC0300BE9D03006E5B0020B03D0020A3
S214017060145200200023054AD15C814202D31A44FF
S214017070507870470233DBB2F6E700BF7A3F040070
S21401708073B515462E781A4616F0040F0CBF032664
S21401709005269E42089C08D9224A234900960020CC
S2140170A0FEF70EFE002002B070BDBDF8183021714B
S2140170B02060E380A560A2812B7803F00103A3730F
S2140170C02B7803F00403002B14BF01210021E17388
S2140170D02978C1F3C00161754FF00101217518D0FF
S2140170E028461BF01EFD237D208202332375227D58
S2140170F0531CDBB22375A95C0232D2B2A17422758D
S214017100EB5CE374A3899A4205D900920749054AC4
S214017110C5E72382EBE7079B0120A36100232377C2
S214017120C1E700BF08A5030087EC0300A3EC03003A
S2140171302DE9F7430024204FDFF89C80DFF89C9070
S214017140E0B21CF06AF8FF2805460FD1234601215C
S21401715002201A4AF7F7B4FA194B0134187819F0D5
S2140171603AFB152CECD103B0BDE8F08346B238EA01
S214017170260328BF4B4601210093022057F82430EE
S214017180104AF7F79DFA002EE6DA0923E340DB07FB
S2140171900AD50D4A0D4B15F0010F18BF1A460121ED
S2140171A00220F7F78DFAD7E70A2CD5D1084A094B02
S2140171B015F0010FF1E700BFC43F0400FCEC03002B
S2140171C08065002024ED0300D5EC0300BFEC03002E
S2140171D0F1EC0300E7EC030074A4030050E603009F
S2140171E008B554220021024803F002F9002008BD28
S2140171F01053002008B55422FF21024803F0F8F886
S214017200002008BDBC520020024B23F810100020BD
S214017210704700BFBC520020002310B4074ADCB2FE
S214017220A14203D85DF8044BFFF7DABF2A2BF9D049
S21401723032F8024B20F813400133F0E710530020D8
S214017240002310B5054A994201DD2A2B00D110BD55
S21401725032F8024B20F813400133F4E710530020B4
S214017260024B187800F07F00704700BF7B5B002060
S214017270034B18780130C0B2187000F07F007047D9
S2140172807B5B002030B51C4600238BB0ADF8222076
S214017290021D92B2012A0E9DADF82030ADF81E10E7
S2140172A0ADF81C3003D94FF6FF7290420FD1002281
S2140172B0CDE90352CDE90124094B01461B784FF66F
S2140172C0FF70009307AB1BF0C8FF0BB030BD014643
S2140172D0CDE901531846009407AA1BF0DAFFF4E73C
S2140172E08165002038B505464FF480500C4603F002
S2140172F085FA4FF480532860236030B940F2A51117
S214017300BDE83840014821F097BE38BD13EE0300B2
S21401731000487047CE540020014B1878704700BFD4
S2140173209A650020014B1888704700BF246500202D
S214017330014B1878704700BF93650020014B187801
S214017340704700BF7F5B0020014B1878704700BF75
S2140173508E650020014B1870704700BF825B0020CD
S214017360014B1870704700BF815B0020014B1888E5
S214017370704700BF226500202DE9F74F4FF0000847
S214017380394B3A4F93F80090394B3A4E3A4D3B4CB5
S2140173903B483C49DFF8F4C0DFF8FCE0DFF810A119
S2140173A0DFF810B10193019B2037203301935FFA78
S2140173B088F3994506F1200605F1200504F120041D
S2140173C000F1200001F120010FD8002211462E4BBA
S2140173D02E4D1C782E4E2F4B2F4FD0B2844203F1E8
S2140173E0200338D803B0BDE8F08F2C4B2C4A47F861
S2140173F01C3C002346E907232A4A47E9063E45E99D
S2140174000723294A46E905E344E90723274A45E9CC
S21401741005E340E90723019A44E905E340E905E36A
S21401742041E908CA41E9063E47F820CC47F8103C36
S21401743046F820CC45F820CC44F820CC40F820CCA7
S21401744041F8103C08F1010842E908CB42E9063E42
S21401745042F8103CA7E743E9085643E9061743F804
S214017460101C0132B9E700BF9E6500208C41002048
S2140174708C4000206C4100204C410020EC40002054
S214017480CC400020AC400020986500200850002029
S2140174908D9F02000C41002050E603009558030022
S2140174A06D570300C967020069810200D5310300E8
S2140174B03DE50200CD560200002208B5074B1A60D2
S2140174C05A601BF079FE064B18701BF075FE054BD3
S2140174D01870054B1A78054B1A7008BDAA4F002084
S2140174E0BD5B0020BC5B00208C650020BB5B0020E0
S2140174F0002100B593B008466A460AF0E7F901464E
S214017500C8B90E4B0E4A09930E4B0D920A930E4ABA
S2140175100E4B0E920B930E4A0E4BCDE90F230C9396
S2140175200D4B6A4611930AF087FC003818BF0120FC
S21401753013B05DF804FB0120FAE700BFFF52030019
S2140175406563020003550300253802000332030079
S2140175509172020063550300955F0200084B18788C
S214017560112806D8012809D9064BC34003F00100AB
S2140175707047A0F1430358425841704700207047B6
S214017580BF5B00203400020008B5064B1B78013BA8
S214017590022B05D80020FFF7E1FF0138C0B208BD75
S2140175A0FF20FCE7C05B0020044B00F1100250F8FE
S2140175B0041B904243F8041BF9D17047C15B0020BD
S2140175C0044B03F1100253F8041B934240F8041BCA
S2140175D0F9D17047C15B002030B5002491B0114B42
S2140175E00546214614220BA8CDE9094302F000FF07
S2140175F0102209ABCDE900440693CDE90452CDE94A
S2140176000252094B09490AA818F0E4FC04460AA8E4
S2140176101CF04CFB1CB1A021054821F00DFD11B05A
S21401762030BD00BF0024800000444004C15B002040
S2140176309EEE030070B5002490B0154B05460E462D
S214017640142221460BA8CDE9094302F0D1FE1022EF
S21401765009ABCDE9004406933146CDE90452CDE9A4
S21401766002520C4B0AA818F0B5FC04460AA81CF0F6
S2140176701DFB1CB1BA21084821F0DEFC099B102B2A
S21401768003D0BB21044821F0D7FC10B070BD00BF69
S21401769000248000004440049EEE030030B50D46F1
S2140176A000218FB0124B0446142209A8CDE9071316
S2140176B002F09EFE102207ABCDE90242CDE9004260
S2140176C0049329460B4B08A818F086FC044608A824
S2140176D01CF0ECFA1CB1D121074821F0ADFC079B48
S2140176E0102B03D0D221044821F0A6FC0FB030BDE8
S2140176F000248000004440049EEE03000022034B59
S2140177001870034B1970034B1A707047D25B002038
S214017710D35B0020D15B00202DE9F04FDFF890808D
S214017720064698F800300D4685B0002B3AD04FF645
S214017730FB73984236D84FF0000B1C4FDFF874A04D
S2140177403C7898F800305FFA8BF94B459AF80000C0
S21401775011D9484402AA0DF10601C0B214F00CFB7F
S214017760082229460DEB020003F08EF90BF1010BFE
S2140177700028E6D14C463B78A34208D198F8002071
S214017780631CDBB29A423B7004BF00233B70324657
S21401779029469AF800301C44E0B205B0BDE8F04F27
S2140177A014F0D8BB05B0BDE8F08F00BFD15B002058
S2140177B0D35B0020D25B00202DE9F74F06460D462D
S2140177C014461F464FF0010BDFF8789003F10C0AC0
S2140177D015B903B0BDE8F08F102DA84628BF4FF0AD
S2140177E010083A46164B5FFA88F152F8040B5245D8
S2140177F043F8040BF9D101919AF8002011481A7048
S214017800002389F80F4089F800B089F80E30FFF799
S214017810E3FE324601340B480199E4B212F801CB7B
S21401782010F8013B83EA0C0302F8013C931BDBB220
S2140178308B42F3D3A5EB080816461FFA88F5C7E76F
S214017840D55B0020D45B00202DE9F04F9046914691
S21401785085B00090981A029383B20193009B0F465D
S214017860354903F10C0453F8045BA34241F8045B69
S214017870F9D11B78314E0B7049233370019BF0739D
S2140178801B0A3046B373FFF7A7FE0221BB460D461F
S214017890737888EA030373704FF0000A1DE0C5F1A0
S2140178A01004A9EB0A039BB2A4B29C4228BF1C4653
S2140178B000231FFA83FCE8186445C0B21FD825448C
S2140178C0EDB2A344102D54441FFA84FA05D10025C5
S2140178D030460391FFF780FE0399D145DFD807EBC9
S2140178E0080B25B115480391FFF776FE0399012988
S2140178F04FF000050DD00121DDF80490CCE71BF810
S21401790003C016F800E001338CEA0E0C06F800C03E
S214017910CFE7029B09491F44094B38461C7822468B
S21401792002F0F6FE2A4621463846009B05B0BDE821
S214017930F04FFFF741BF00BFD55B0020D45B0020AE
S2140179409F65002030B540780C4601284FF01103A2
S21401795087B001F1100516D1144A01A90AF0F4FF07
S214017960234601AC224618685968083303C2AB4265
S2140179701446F7D111230D4A002001A90AF0E4FFAD
S214017980002007B030BD0120094A01A90AF0DCFF3A
S214017990234601AC224618685968083303C2AB4235
S2140179A01446F7D11123024AE6E700BF75E4010049
S2140179B079EB010030B50C46407887B001284FF0CE
S2140179C011030DBF0B4A0C4A012001A918BF01A9DA
S2140179D00AF0BAFF234601AA05AD144603CCAC4211
S2140179E018605960224603F10803F6D1002007B05B
S2140179F030BD00BF75E4010079EB010010B50C46FF
S214017A0088B01A230C4A01A901200AF09DFF2146DD
S214017A100DF10E0304F1100251F8040B914243F8E4
S214017A20040BF9D11A230020034A01A90AF08CFF9E
S214017A30002008B010BD00BF24E10100F0B58BB0F6
S214017A4004460D461DF020FCA8B101A812F044F929
S214017A5088B1667B271D16F0020F05D0082238462E
S214017A6001A903F011F8D0B901AB46F0020603CB29
S214017A706060796066731A230A4A03A901200AF036
S214017A8063FF29460DF116030DF1260253F8040B88
S214017A90934241F8040BF9D100200BB0F0BD2D2024
S214017AA0FBE700BF24E10100F0B50546071D0022F3
S214017AB00C463846082193B01DF074FB6A7B0646D7
S214017AC0D0070BD5687808A91CF021F8DDF83D3001
S214017AD06B60DDF841307B6080B10BE0910709D522
S214017AE0D2000121384602F080021CF01BF8FF2864
S214017AF0687002D12D2013B0F0BDD6B1687801A907
S214017B001BF0A2FF9DF81C305B0604D54FF4C6712E
S214017B100A4821F091FA234603AD07AC2A4603CA68
S214017B20A24218605960154603F10803F6D10020F9
S214017B30E1E708A91BF0EBFFCEE700BF1CEF03004F
S214017B402DE9F04106468AB01F480F461546002427
S214017B50FFF736FD002C01A914BF4FF05C0C4FF067
S214017B60360C10238846184A12F8010B013B8CEAA2
S214017B70000013F0FF0301F8010BF5D105A81EF074
S214017B804CF94246102105A81EF04BF9C4B93946F6
S214017B90324605A81EF0ADF92A460DF1140C0DF17A
S214017BA0240E634603CB7345106051609C4602F178
S214017BB00802F6D114B10AB0BDE8F0810124C9E784
S214017BC02A461021E5E700BF045C00202DE9F047B6
S214017BD091460D46C0B09DF82041DDF828811E462D
S214017BE0DFF87CA09DF824310746224649464046E8
S214017BF08AF8003002F08CFD9DB12346324641469C
S214017C003846FFF721FEB44207D9A11B3B460122A5
S214017C1089B208EB0600FFF7CFFD002040B0BDE8B3
S214017C20F087A11B3B46012289B208EB0600FFF74D
S214017C30C3FD22464146684602F06AFD3246694661
S214017C4038462346FFF700FE9AF800200DEB0401A4
S214017C5009EB040002F018FF0028DED02C20DDE737
S214017C609F65002038B50346104601F1100451F80F
S214017C70045BA14242F8045BF9D104491BB1FFF74A
S214017C80D9FC002038BDFFF709FDFAE7045C0020A7
S214017C9030B5054689B069461BF05AFD6B8804ACC1
S214017CA0ABB12246294668461BF0F2FC0E4A08ADE7
S214017CB0234603CBAB42106051601C4602F108021A
S214017CC0F6D10948FFF770FC002009B030BD6B46BD
S214017CD0054D1A4603CAA24228606960134605F19B
S214017CE00805F6D1EDE700BF045C002050B10B4B50
S214017CF00B4A03F1100153F8040B8B4242F8040BB4
S214017D00F9D17047064B054A03F1100153F8040BED
S214017D108B4242F8040BF9D1704700BF045C002087
S214017D20E45B002008B51022024802F0B3FB0020F5
S214017D3008BD00BFF45B002008B5084610220249C2
S214017D4002F0A8FB002008BDF45B002010B5044635
S214017D5086B001A9114A112301200AF0F5FD9DF80C
S214017D60143001A8E3701EF01FFC80F001000C4ADD
S214017D7001A96070112301200AF0E6FD9DF8143078
S214017D8001A8A3701EF010FC80F00100207010F016
S214017D903DFB6060002006B010BD00BF75E4010029
S214017DA079EB010010B5044686B01123134A012071
S214017DB001A90AF0C9FDA3789DF814209A4207D0BC
S214017DC08DF81430002011230C4A01A90AF0BCFDDD
S214017DD011230B4A012001A90AF0B6FDE3789DF8AC
S214017DE014209A4207D08DF8143000201123044A3B
S214017DF001A90AF0A9FD06B010BD00BF79EB01008C
S214017E0075E401002DE9F04186B0064603A80C464C
S214017E1012F000FF054600284AD1BDF80C3098063E
S214017E2046D510222946204602F0E2FA01A811F0B2
S214017E3053FFC0B1777B06F1040817F0020F06D096
S214017E400822404601A902F01FFE00282ED101ABF0
S214017E5047F0020703CB7060C8F8041077732388D5
S214017E6043F008032380238843F00203238011F0A4
S214017E700DFB60601DF008FA30B10E4B1B68A36065
S214017E80238843F0040323800B4B1A68D1035EBF9B
S214017E90238843F010032380130203D5238843F479
S214017EA000632380284606B0BDE8F0812D25F9E75A
S214017EB02425F7E7BC410020C041002010B5D0E9D9
S214017EC0023253F8223090B01C68402269462046A0
S214017ED01BF090FE034630B1224600200549FDF70F
S214017EE0EFFE10B010BD012269460820FDF792FE94
S214017EF0F7E700BFB2EF030070B500F0B1F8002855
S214017F000CBF6E22792200201349FDF7D9FE00F03E
S214017F10A7F8F0B11BF082FE00280CBF6E22792272
S214017F2000200E49FDF7CCFE082200200C49FDF783
S214017F30C7FE00250B4C0C4E234654F8042C314644
S214017F4000200335FDF7BCFE182D04F10C04F3D117
S214017F5070BD3F22E4E700BFEAEF030001F0030033
S214017F6011F00300E442002030F0030070B51BF06E
S214017F703AFE044621490020FDF7A2FE2CB9204610
S214017F80BDE870401E49FDF79BBE00F0BBF80546F4
S214017F901C4B62690020002A08BF1A461A49266847
S214017FA0FDF78EFEA28800201849FDF789FE1849C4
S214017FB0E2880020FDF784FEA388228913F01000D2
S214017FC01ABF002013491449FDF77AFEE268002023
S214017FD01249FDF775FE226900201149FDF770FE72
S214017FE0104A114B0020B6F5817F38BF13460F4962
S214017FF02A46BDE87040FDF763BE00BF65F003008A
S21401800072F0030028C0030093F00300B1F00300F0
S214018010D2F00300EFF003000CF103002AF1030095
S21401802048F103005DF0030053F0030066F103001E
S21401803038B5014600230C25084A05FB03F4A018B1
S2140180401459013404D10C2202F024FA002038BD60
S2140180500133082BF1D10120F9E700BFE0420020EF
S214018060034B1878012894BF00200120704700BFF9
S214018070165C002038B50446044D2878A04203D08B
S21401808021461BF090FD2C7038BD00BF165C002009
S21401809000B58FB03422002101A802F0A9F901A889
S2140180A0EEF79AFD0598D0B182680E4BB2F5803F87
S2140180B034BF92B2C2F38F2241881A81028828BF48
S2140180C041F010011A6042689980DA80C268DA606D
S2140180D002691A6142695A61027E18461A760FB021
S2140180E05DF804FB64420020054B1B7820B1012B90
S2140180F004D80220FFF7BEBF012BFBD8704700BF94
S214018100165C002010B5084C237853B91BF06BFDA4
S2140181100123237028B10368B3F5817F24BF037E52
S2140181202370207810BD00BF155C002070B5184B79
S2140181301B78012B2BD81BF039FD164D024616492C
S2140181400020FDF7BDFD0120FFF7CEFF2E78FF2EA4
S2140181501DD1FFF79DFFC8B1848860223146C4F364
S21401816040040E482C7002F043F9602231460C4858
S21401817002F03EF95CB1FFF7C5FF042807D9BDE858
S214018180704040F22B11074820F056BF287070BD92
S214018190165C0020A065002089F10300E042002063
S2140181A0804200209BF103002DE9F04FDFF8849216
S2140181B08DB003AB07468846144699E8070083E866
S2140181C00700FFF7B3FFFFF79DFF944B06461D78A8
S2140181D04B46012D40F07081012840F27281B7FBB9
S2140181E0F0F200FB1272002A00F06B818C4900222B
S2140181F08B46D1F800C0BCF1FF3F04D0087A60443A
S214018200874200F019810132082A01F10C01F0D1F0
S21401821093E8070006AE0DF1240A86E807008AE80F
S2140182200700FFF76FFFB7FBF0FB00FB1B7BA0EB24
S2140182300B094A46414606460AA809978DF82C902E
S21401824002F066FA00224FF00C0E764902E0013287
S214018250082A0ED00EFB02F000EB010C0858013084
S214018260F5D19AE807008CE807006F490A780132D1
S2140182700A70A14504DD4FF4E2716C4820F0DCFE83
S214018280A41B5C444F44A1B217FA84F4B4FBF6F283
S21401829006FB1242C8448E1A91B1A41A08EB0601D5
S2140182A007A88DF82020069402F032FA06A8FFF7F8
S2140182B0BFFEFF2804D140F2D9115C4820F0BCFE75
S2140182C0B6B2B6B10320FFF7D5FE802E0AD83246E5
S2140182D04146574802F01CFA3246384654491BF0CC
S2140182E06DFC05460220FFF7C5FE28460DB0BDE829
S2140182F0F08F0025F9E74FF40E714C4820F09CFEF4
S214018300464B1B78012B00F0E380002C36D003206F
S214018310FFF7B0FE802C2FD822464146444802F093
S214018320F7F92246384642491BF048FC054602202A
S214018330FFF7A0FEDFF8F09099F8003093B1039CA8
S214018340FFF7E0FE374B002798461A68511C04D009
S214018350197A411A521A944224D00137082F03F190
S2140183600C03F2D1002DC0D1039B0133C1D003A869
S214018370FFF75EFE0546B8E70125D8E72546D9E7AB
S21401838040F26D21294820F057FE012524E0012DF9
S21401839030D0802E2FD83246254903981BF00EFC8C
S2140183A0054628E0002DA0D10C247C4308EB0403ED
S2140183B09DF814A093F808B00AEB0B03802BDFDCC2
S2140183C01B4B524604A9184602F0A2F9211D5A4633
S2140183D04144504402F09CF90C2303FB07839DF8AB
S2140183E014201B7A13449E42D1D040F273210F48C9
S2140183F020F022FE01250220FFF73CFE99F800300E
S21401840013B1013B89F800304FF0FF3308EB04024B
S21401841048F80430C2E9013367E700BFA0650020D1
S214018420E042002080420020145C00209BF1030003
S214018430E4410020284004004FF00C0A0AFB02B376
S214018440187AA6EB00095FFA89F9A14501D35FFA0C
S21401845084F90AFB02FA0AF1040528444A46414611
S214018460584402F055F90BEB0A031A7AA4EB0904F7
S2140184704A44D2B2B242A4B21A7219D1032001936D
S214018480FFF7F8FD32460BEB05015BF80A001BF01F
S21401849095FB05460220FFF7EDFD4FF0FF32019BED
S2140184A04BF80A20C3E90122002D7FF41EAFC84411
S2140184B0002C3FF41EAF4F44104B1B78012B7FF46A
S2140184C024AFB7FBF6F306FB1373002B7FF413AF51
S2140184D0E319B3FBF6F506FB1535002D3FF415AF92
S2140184E0641B5B1B08EB04012A4604A80393A4B291
S2140184F002F00EF98DF8145007E700BFA0650020C2
S21401850070B5134B1B78012B0CD1FFF70FFE00261D
S214018510104D55F8043C013306D10336182E05F1EB
S2140185200C05F6D1002411E00320FFF7A3FD55F852
S214018530044CFFF7E7FD2946024620461BF03EFBAA
S21401854004460220FFF796FD002CE6D0204670BDBB
S214018550A0650020E442002070B505460C46FFF7F2
S214018560E5FD0520FFF786FD214628461BF034FB76
S21401857006460220FFF77EFD00220A4B2C441968AE
S214018580481C08D0A94206D3A1423EBF4FF0FF3196
S214018590C3E9001199600332182A03F10C03EED1E6
S2140185A0304670BDE0420020D0E9023253F8223056
S2140185B010B51C68204600F095FA28B12146BDE8A2
S2140185C01040024800F002BE10BD00BF19F20300C1
S2140185D008B5D0E9023253F82230186800F06CF979
S2140185E020B1BDE80840024800F0F0BD08BD00BF5C
S2140185F03BF203002DE9F041D0E9023253F8221094
S21401860003EB82035B680F681D789AB0642D04D96A
S2140186106421114800F0DAFD64252A46384601A98E
S21401862000F002F9044698B90C4800F0CFFDDFF8D7
S214018630348001AE013DA54202DC1AB0BDE8F081EE
S2140186403919404616F8012B00F0C0FD0134F2E757
S214018650034800F0BBFDF0E75EF203007EF2030084
S214018660A8F2030095F203002DE9F04700252D4FEF
S214018670DFF8E080DFF8E0908CB0284603A900F030
S214018680EFF810B10CB0BDE8F087049B2946039AB9
S2140186900093384600F09AFD404600F097FD059994
S2140186A010290CD810290CD8DFE801F00F14320B72
S2140186B0340B0B0B360B0B0B0B0B0B0B3A00202959
S2140186C02CD0194800F082FD07E0184800F07EFD26
S2140186D00135D2E7164800F079FD0699484600F0C4
S2140186E075FD0799134800F071FD134800F06EFD03
S2140186F01024DFF868A00DF11F06504616F8011F7A
S214018700013C00F063FD14F0FF04F6D10B48DDE7F1
S2140187100B48E0E70B48DEE70B48DCE70B48DAE7F7
S2140187200B48D8E7C3F2030068F3030018F303000D
S21401873028F303008EF30300A6F30300BB970300A0
S21401874030F3030038F3030041F303004CF3030056
S21401875063F3030007F3030077F30300B7F30300A3
S21401876010B50B4C8EB023785BB9EEF7AFF9014626
S21401877050B9012301A82370EEF72EFA054B049A8F
S2140187801A6020780EB010BD034800F01FFDF8E710
S214018790175C002024460020BDF3030000B58FB00F
S2140187A0FFF7DEFF002829D001A8EEF715FA059B92
S2140187B01448198800F00AFD059B13485969134BA4
S2140187C0002908BF194600F001FD059B104859888D
S2140187D000F0FCFC059B0F48196900F0F7FC059BAF
S2140187E00D48D96800F0F2FC059B0C48197E00F094
S2140187F0EDFC0B4B0B48196800F0E8FC0FB05DF878
S21401880004FB00BFFAF303000CF4030028C00300C6
S2140188101EF4030032F4030046F403005AF4030086
S214018820244600206EF4030070B5064615460C4635
S21401883079B172B1FFF794FF68B121462A463046F6
S214018840EEF7D4FA014618B1044800F0BFFC012047
S21401885070BD2120FCE71120FAE700BF80F4030079
S21401886037B505460C46FFF77BFFE0B1114B1B6899
S214018870AB421AD9CCB100212422204601F0B8FD22
S2140188802146284616F0FEFB88B9284601AA04F1BF
S2140188900801EEF75DFA20B140F20643C01A18BF90
S2140188A0012003B030BD1120FBE72120F9E70120AC
S2140188B0F7E700BF24460020F0B593B00546FFF762
S2140188C04FFF002845D0254B1A68AA4207D82946EB
S2140188D02348013A00F07AFC212013B0F0BD05A828
S2140188E0EEF77AF9284603A916F0CCFB98BB049A52
S2140188F022F4FF57C2F30C0327F01F072BB14FF4E6
S21401890000532946174800F061FC039E7FB120F012
S214018910A0FB30464FF40051EEF7F4FA3346044616
S21401892006F5005650B9039BF31ABB42EFD32A460D
S21401893039460D4800F04AFC002406E000902A461D
S2140189404FF40051094800F041FC201E18BF0120D9
S214018950C3E71120C1E70120BFE700BF244600207E
S214018960AEF403005CF503001BF60300CAF5030032
S21401897010B5044638B1FFF7F3FE30B10020044BC2
S2140189801B68236010BD2120FCE71120FAE700BF19
S2140189902446002010B50446FFF7E2FEB0B10C4BAA
S2140189A01A68A24206D821460A48013A00F00EFC8F
S2140189B0212010BD20F04DFB40F2C1222046064981
S2140189C0EEF786F9003818BF0120F2E71120F0E72C
S2140189D024460020AEF403006043002010B5044690
S2140189E0FFF7BEFE70B121460848EEF791F940F256
S2140189F00323984208D040F2012398420CBF052079
S214018A00012010BD1120FCE70020FAE7604300209A
S214018A102DE9F0412D4D04462F68FFF7A1FE0028F1
S214018A2051D02968A14207D84A1E2948214600F09C
S214018A30CDFB2120BDE8F0812648EEF729F9DFF8C5
S214018A4094800246B0B943462E68964222D1BE4271
S214018A5014BF3A4606F1FF3212BB31461D48C8F82C
S214018A600040EEF7F5F8014600B31B4800F0AEFBF8
S214018A700120DFE72046EEF7CBF8044638B1014681
S214018A80164800F0A3FB201E18BF0120D2E7EDF721
S214018A901BFFF8E753F8041B8C42DDD00132D4E704
S214018AA00C499200081D01F0F5FCD6E72968094833
S214018AB0EEF7EEF8044610B101460948D6E7EDF7A1
S214018AC003FF2046B6E71120B4E700BF2446002086
S214018AD0AEF403004043002061F6030037F60300BE
S214018AE094F60300F8B50446FFF73AFE002845D091
S214018AF0234B1A68A24207D821462248013A00F0C1
S214018B0065FB21242046F8BD1F4800F05FFB20F0DE
S214018B10A0FA40F2C1221D492046EEF7D9F840F2EC
S214018B200327054620F095FA184E65B140F2032357
S214018B309D421AD02946164800F048FB01241548E4
S214018B4000F044FBDEE720F084FA29463046EEF7D3
S214018B50DFF8B84209D040F20123984203D10E480B
S214018B6000F034FBE1E70546DFE721460B4800F05D
S214018B702DFB2046FFF74CFF0446E0E71124C1E732
S214018B8024460020AEF40300CBF603006043002029
S214018B90EBF60300BB97030034CC030003F7030096
S214018BA010B50A46044619B1024B00211B689847C6
S214018BB010BD00BF3440040010B5114C237858078F
S214018BC044BF23F0040323702378990705D500F0EA
S214018BD05DF8237823F00203237063781BB100232A
S214018BE0084A636053600023082106486370FFF754
S214018BF0D7FF2378DA0744BF23F00103237010BDA3
S214018C00284600202C46002038B51A4C6278237876
S214018C10022A01D1072B11D0DD0712D52378980738
S214018C2007D400F02BF82378054643F0020323709F
S214018C3080B96278237882B15A0716D5002528466E
S214018C4038BD17F045F92378054643F00103237034
S214018C500028E3D0FFF7B0FFF1E7D907ECD50649C6
S214018C6062604A6002226270E6E743F00403237002
S214018C70E4E700BF284600202C4600200122024BD4
S214018C80002083F8F0207047344600202DE9F0419B
S214018C900A4C002526464FF0010803272046C4F853
S214018CA01C80277601351AF0E4FF062D04F128040E
S214018CB0F4D1002386F8F030BDE8F0813446002078
S214018CC02DE9F04F984691B00B1E0A93B44B91468E
S214018CD014BF83469B4600251A9E98F8000070B97B
S214018CE04D4538BF2A464B464FF000000A9928BF2B
S214018CF009F1FF32D847284611B0BDE8F08F252884
S214018D0008F1010806D02A464B460A996C1CD8473A
S214018D102546E2E70023414611F8012B2B2A16D0FF
S214018D200AD8202A16D0232A17D0A2F13000092803
S214018D3034D800270A2418E02D2A05D0302AF4D189
S214018D4043F001038846E6E743F00203FAE743F0FF
S214018D500403F7E743F00803F4E743F01003F1E7F1
S214018D60884604FB0722A2F13007414611F8012B81
S214018D70A2F130000928F3D998F800202E2A52D102
S214018D8098F8011008F10102A1F13000092843F416
S214018D9080633ED800244FF00A0E11E02A2A08D13B
S214018DA056F8047B8846002FBCBF43F002037F427F
S214018DB0E2E70027E0E702460EFB0411A1F13004CA
S214018DC0104610F8011BA1F1300CBCF1090FF2D9C5
S214018DD09046424612F8011B6C292DD025D86829E9
S214018DE033D06A293BD04246904618F8010B6728D3
S214018DF060D8572836D8452808D084D9462800F0A8
S214018E00188147287FF47FAF43F4006343F02003C3
S214018E1027E12A2906D156F8044B08F1020824EA6C
S214018E20E474D6E790460024D3E7742901D07A2962
S214018E30D9D143F48073D7E798F801106C29F8D19B
S214018E4043F4407308F10202CEE798F8011068294E
S214018E5002D043F08003C7E743F0C003F2E743F4D0
S214018E600073C1E7A0F158020F2A3FF64CAF01A1EB
S214018E7051F822F0158F0100078D0100078D0100C2
S214018E80078D0100078D0100078D0100078D010088
S214018E90078D0100078D0100078D0100158F010068
S214018EA081900100158F0100579001003790010055
S214018EB057900100A0F16901C9B20F293FF623AF0F
S214018EC0012249F2410C8A4012EA0C0218D10A2901
S214018ED000F0158107297FF416AF43F021030593AF
S214018EE00823CDE903431023CDE9012356F8043BBB
S214018EF02A46009358464B460A991AF0AAFFA8E05C
S214018F006F2800F05E8110D9782808D1102223F04E
S214018F100C0310E0582839D0622800F054810A2248
S214018F2023F01003642806D0F1E769284FF00A02FF
S214018F3023F01003F6D1590548BF23F00103692831
S214018F4003F4007101D0642840D111B3073626F02E
S214018F500706B24670685AF8081BCDE90773002366
S214018F600593C30F0028029306940B46049202DA77
S214018F704B4260EB4000CDE900304B462A4658464E
S214018F800A991AF0A8FF05465646A6E643F02003BE
S214018F90BCE7D90506F1040A04D5316805E000BF2F
S214018FA0B53C030058060CD53178CDE90224CDE94D
S214018FB0047300294FEAD1730193B8BF4942009167
S214018FC020E01906E9D5B6F90010EEE779B1CDE94A
S214018FD007730023CDE9042306F1070A2AF0070ADE
S214018FE006940293FAE80223CDE90023C5E7D805E3
S214018FF006F1040A0DD5CDE90473CDE902240191E9
S214019000336800934B462A4658460A991AF021FFC0
S214019010B9E7590607D53178CDE904730023CDE9C0
S21401902002240193CBE7316813F0800F18BF89B291
S214019030F2E743F02003CDE90173073626F0070671
S2140190400094B6EC020B4B462A4658460A99EBF7B3
S2140190509FFB054641E600F0DF00472801D143F4B7
S2140190600063CDE90173073626F007060094B6ECD7
S214019070020B4B462A4658460A99EBF7CDF9E8E724
S21401908013F0020426D04FF0010A6B1C0B932A46FC
S2140190904B460A9916F8040BD84774B354460B9AF4
S2140190A021E04B4620200A99D8470AEB05020AF12F
S2140190B0010A5745F5D83A1E18BF0122002A07F1C2
S2140190C0FF3308BF002307F1010A1D4408BF4FF014
S2140190D0020ADAE7A246E8E7551C4B4620200A9921
S2140190E0D8472A460134BC42F6D3A7EB0A035745B4
S2140190F038BF00230B9A1A440B920B9DEDE53246BE
S214019100002C52F8046B14BF21464FF0FF310B922E
S21401911032463144107808B1914211D1A2EB060AC9
S21401912013F480620C9202D0A24528BFA24613F027
S21401913002030D931BD1AAEB05032A460F9308E001
S2140191400132E7E7531C0E9320204B460A99D84775
S2140191500E9A0F9BD318BB42F4D3A7EB0A035745CD
S21401916038BF00230AF101021D4403EB020AAB1BC0
S2140191700E9304E01C464B462A460A99D8470E9B96
S214019180F51816F8010B28B10C9B002BF3D0631EC3
S214019190002CEFD10D9B93B12A46AAEB050405E0FE
S2140191A0561C4B4620200A99D84732461319BB4213
S2140191B0F6D3A7EB0A03574538BF00231D440B9E81
S2140191C08BE50822A3E60222A1E600BF0FB41FB575
S2140191D006AA52F8043B02A90392009204484FF0F3
S2140191E0FF32FFF76DFD05B05DF804EB04B0704784
S2140191F0773F03001FB5034600914FF0FF3203A9E6
S2140192000248FFF75DFD05B05DF804FB773F0300FC
S2140192101FB5CDE90201009302A9134603484FF09A
S214019220FF32FFF74DFD05B05DF804FB7F3F0300FD
S2140192301FB5094B094A1868094B01A91860094B63
S2140192401360094A0192094A1268CDE9022316F011
S214019250E6FE05B05DF804FB146200202C37002002
S2140192603037002008620020062F0400E449002061
S214019270014B186816F0E7BE1462002038B5F1F706
S21401928021FE0446064D2B68D3F8B002F1F70EFE18
S214019290286816F0EBFE2046BDE83840F1F706BE1A
S2140192A01462002010B51F4CF0F766F9236F0120F9
S2140192B023F0070343F002032367F0F76BF9D4F8B2
S2140192C02031002023F0070343F00103C4F82031C6
S2140192D0D4F8403123F0030343F00103C4F84031CE
S2140192E0D4F8603123F0030343F00103C4F860317E
S2140192F0D4F8403223F0030343F00103C4F84032AC
S214019300D4F8003223F0070343F00103C4F8003217
S214019310D4F8083223F0070343F00103C4F80832F7
S21401932010BD00BF00800050064B1B681A7A022A47
S21401933001D81AB97047032A00D070471B68024A41
S2140193401360704718620020E44900200022024B97
S2140193505A60DA601A607047E849002008B501F0E3
S21401936037FF0022014B1A7008BD00BF185C0020B1
S2140193700A4601491AF06DBECD5804000A46014955
S2140193801AF067BEC85804000A4601491AF061BEC1
S214019390C15804000A4601491AF05BBEBE580400D3
S2140193A00A4601491AF055BEBB5804000A4601494F
S2140193B01AF04FBEB65804000A4601491AF049BED3
S2140193C0B15804000A4601491AF043BEAC580400DD
S2140193D00A4601491AF03DBEA558040081F0004135
S2140193E002E000BF83F0004330B54FEA41044FEA84
S2140193F0430594EA050F08BF90EA020F1FBF54EA1F
S214019400000C55EA020C7FEA645C7FEA655C00F0BA
S214019410E2804FEA5454D4EB5555B8BF6D420CDD8B
S2140194202C4480EA020281EA030382EA000083EA0E
S214019430010180EA020281EA0303362D88BF30BDAE
S21401944011F0004F4FEA01314FF4801C4CEA113104
S21401945002D0404261EB410113F0004F4FEA033363
S2140194604CEA133302D0524263EB430394EA050FEE
S21401947000F0A780A4F10104D5F1200E0DDB02FA5D
S2140194800EFC22FA05F2801841F1000103FA0EF2F1
S214019490801843FA05F359410EE0A5F120050EF1B7
S2140194A0200E012A03FA0EFC28BF4CF0020C43FAE8
S2140194B005F3C01851EBE37101F0004507D54FF0F5
S2140194C0000EDCF1000C7EEB00006EEB0101B1F545
S2140194D0801F1BD3B1F5001F0CD349085FEA30008B
S2140194E04FEA3C0C04F101044FEA445212F5800F96
S2140194F080F09A80BCF1004F08BF5FEA500C50F133
S214019500000041EB045141EA050130BD5FEA4C0C15
S214019510404141EB0101013C28BFB1F5801FE9D272
S21401952091F0000F04BF01460020B1FA81F308BF95
S2140195302033A3F10B03B3F120020CDA0C3208DD61
S21401954002F1140CC2F10C0201FA0CF021FA02F13C
S2140195500CE002F11402D8BFC2F1200C01FA02F1AC
S21401956020FA0CFCDCBF41EA0C019040E41AA2BFD1
S21401957001EB0451294330BD6FEA04041F3C1CDA99
S2140195800C340EDC04F11404C4F1200220FA04F0B9
S21401959001FA02F340EA030021FA04F345EA030163
S2140195A030BDC4F10C04C4F1200220FA02F001FA25
S2140195B004F340EA0300294630BD21FA04F02946A7
S2140195C030BD94F0000F83F4801306BF81F4801140
S2140195D00134013D4EE77FEA645C18BF7FEA655CB3
S2140195E029D094EA050F08BF90EA020F05D054EA85
S2140195F0000C04BF1946104630BD91EA030F1EBF8A
S2140196000021002030BD5FEA545C05D1400049418D
S21401961028BF41F0004130BD14F580043CBF01F580
S214019620801130BD01F0004545F0FE4141F4700166
S2140196304FF0000030BD7FEA645C1ABF1946104641
S2140196407FEA655C1CBF0B46024650EA013406BF42
S21401965052EA033591EA030F41F4002130BD00BF01
S21401966090F0000F04BF0021704730B54FF48064BE
S21401967004F132044FF000054FF0000150E700BF3F
S21401968090F0000F04BF0021704730B54FF480649E
S21401969004F1320410F0004548BF40424FF000018B
S2140196A03EE700BF42004FEAE2014FEA31014FEACE
S2140196B002701FBF12F07F4393F07F4F81F060511D
S2140196C0704732F07F4208BF704793F07F4F04BF68
S2140196D041F40021704730B54FF4607401F0004545
S2140196E021F000411CE700BF50EA010208BF7047A5
S2140196F030B54FF000050AE050EA010208BF704796
S21401970030B511F0004502D5404261EB41014FF4FE
S214019710806404F132045FEA915C3FF4D8AE4FF006
S21401972003025FEADC0C18BF03325FEADC0C18BFE9
S214019730033202EBDC02C2F1200300FA03FC20FA3A
S21401974002F001FA03FE40EA0E0021FA02F1144487
S214019750BDE600BF70B54FF0FF0C4CF4E06C1CEAA0
S21401976011541DBF1CEA135594EA0C0F95EA0C0F11
S21401977000F0DEF82C4481EA030621EA4C5123EA84
S2140197804C5350EA013518BF52EA033541F48011B3
S21401979043F4801338D0A0FB02CE4FF00005E1FB66
S2140197A002E506F00042E0FB03E54FF00006E1FBB0
S2140197B003569CF0000F18BF4EF0010EA4F1FF04F3
S2140197C0B6F5007F64F5407404D25FEA4E0E6D4133
S2140197D046EB060642EAC62141EA55514FEAC52044
S2140197E040EA5E504FEACE2EB4F1FD0C88BFBCF5C0
S2140197F0E06F1ED8BEF1004F08BF5FEA500E50F171
S214019800000041EB045170BD06F0004646EA010136
S21401981040EA020081EA0301B4EB5C04C2BFD4EB68
S2140198200C0541EA045170BD41F480114FF0000E61
S214019830013C00F3AB8014F1360FDEBF002001F0CF
S214019840004170BDC4F10004203C35DA0C341BDC49
S21401985004F11404C4F1200500FA05F320FA04F01B
S21401986001FA05F240EA020001F0004221F000414F
S21401987010EBD37021FA04F642EB06015EEA430EC2
S21401988008BF20EAD37070BDC4F10C04C4F12005F2
S21401989000FA04F320FA05F001FA04F240EA0200A5
S2140198A001F0004110EBD37041F100015EEA430E76
S2140198B008BF20EAD37070BDC4F1200500FA05F296
S2140198C04EEA020E20FA04F301FA05F243EA020315
S2140198D021FA04F001F0004121FA04F220EA020024
S2140198E000EBD3705EEA430E08BF20EAD37070BD6A
S2140198F094F0000F0FD101F00046400041EB01014A
S21401990011F4801F08BF013CF7D041EA060195F02B
S214019910000F18BF704703F00046520043EB0303E5
S21401992013F4801F08BF013DF7D043EA06037047D2
S21401993094EA0C0F0CEA135518BF95EA0C0F0CD0DD
S21401994050EA410618BF52EA4306D1D181EA030123
S21401995001F000414FF0000070BD50EA410606BF1D
S2140199601046194652EA430619D094EA0C0F02D162
S21401997050EA013613D195EA0C0F05D152EA0336A7
S2140199801CBF104619460AD181EA030101F00041C5
S21401999041F0FE4141F470014FF0000070BD41F00E
S2140199A0FE4141F4780170BD70B54FF0FF0C4CF4E8
S2140199B0E06C1CEA11541DBF1CEA135594EA0C0F07
S2140199C095EA0C0F00F0A7F8A4EB050481EA030E54
S2140199D052EA03354FEA013100F088804FEA03333B
S2140199E04FF0805545EA131343EA12634FEA022209
S2140199F045EA111545EA10654FEA00260EF00041CA
S214019A009D4208BF964244F1FD0404F5407402D21B
S214019A105B084FEA3202B61A65EB03055B084FEAAC
S214019A2032024FF480104FF4002CB6EB020E75EBA9
S214019A30030E22BFB61A754640EA0C005B084FEAD1
S214019A403202B6EB020E75EB030E22BFB61A75464E
S214019A5040EA5C005B084FEA3202B6EB020E75EB99
S214019A60030E22BFB61A754640EA9C005B084FEA11
S214019A703202B6EB020E75EB030E22BFB61A75461E
S214019A8040EADC0055EA060E18D04FEA051545EA0D
S214019A9016754FEA06164FEAC30343EA52734FEAB6
S214019AA0C2025FEA1C1CC0D111F4801F0BD141EA2F
S214019AB000014FF000004FF0004CB6E711F4801F94
S214019AC004BF01430020B4F1FD0C88BFBCF5E06F74
S214019AD03FF6AFAEB5EB030C04BFB6EB020C5FEA84
S214019AE0500C50F1000041EB045170BD0EF0004ED9
S214019AF04EEA113114EB5C04C2BFD4EB0C0541EA0B
S214019B00045170BD41F480114FF0000E013C90E607
S214019B1045EA060E8DE60CEA135594EA0C0F08BFCB
S214019B2095EA0C0F3FF43BAF94EA0C0F0AD150EACA
S214019B3001347FF434AF95EA0C0F7FF425AF10465D
S214019B4019462CE795EA0C0F06D152EA03353FF485
S214019B50FDAE1046194622E750EA410618BF52EA02
S214019B6043067FF4C5AE50EA41047FF40DAF52EAD6
S214019B7043057FF4EBAE12E74FF0FF3C06E000BF73
S214019B804FF0010C02E000BF4FF0010C4DF804CD80
S214019B904FEA410C7FEA6C5C4FEA430C18BF7FEA40
S214019BA06C5C1BD001B050EA410C0CBF52EA430C6E
S214019BB091EA030F02BF90EA020F0020704710F1EE
S214019BC0000F91EA030F58BF994208BF90422CBF7D
S214019BD0D8176FEAE37040F0010070474FEA410C76
S214019BE07FEA6C5C02D150EA013C07D14FEA430C94
S214019BF07FEA6C5CD6D152EA033CD3D05DF8040B05
S214019C00704700BF8446104662468C461946634636
S214019C1000E000BF01B5FFF7B7FF002848BF10F10D
S214019C20000F01BD4DF808EDFFF7F4FF0CBF012052
S214019C3000205DF808FB00BF4DF808EDFFF7EAFFCE
S214019C4034BF012000205DF808FB00BF4DF808ED89
S214019C50FFF7E0FF94BF012000205DF808FB00BF7E
S214019C604DF808EDFFF7CEFF94BF012000205DF808
S214019C7008FB00BF4DF808EDFFF7C4FF34BF012015
S214019C8000205DF808FB00BF4FEA410212F5001202
S214019C9015D211D56FF47873B3EB625212D94FEA2D
S214019CA0C12343F0004343EA505311F0004F23FA17
S214019CB002F018BF404270474FF00000704750EA6C
S214019CC0013005D111F0004008BF6FF00040704729
S214019CD04FF00000704700BF4A0011D212F5001283
S214019CE011D20DD56FF47873B3EB62520ED44FEAEE
S214019CF0C12343F0004343EA505323FA02F070476E
S214019D004FF00000704750EA013002D14FF0FF30AB
S214019D1070474FF00000704753B94AB9002908BF91
S214019D2000281CBF4FF0FF314FF0FF3000F08CB918
S214019D30ADF1080C6DE904CE00F006F8DDF804E09C
S214019D40DDE9022304B070472DE9F04F099D0E4668
S214019D5004460F46002B47D18A429446B2FA82F354
S214019D605AD943B102FA03FCC3F120029F409C403A
S214019D7020FA02F217434FEA1C461FFA8CFE220C09
S214019D80B7FBF6F106FB117701FB0EF042EA07423C
S214019D90904208D91CEB020201F1FF3702D2904231
S214019DA000F23C813946121AA4B2B2FBF6F006FB69
S214019DB0102200FB0EFE44EA0244A64508D91CEB1D
S214019DC0040400F1FF3202D2A64500F22A811046B1
S214019DD040EA0140A4EB0E0400211DB1DC40002343
S214019DE0C5E90043BDE8F08F8B4205D90DB1C5E941
S214019DF0000100210846F5E7B3FA83F100294FD1A7
S214019E00B342C0F00281824240F2FF800846002D34
S214019E10E8D0C5E90047E5E7002B40F0AF808A1A95
S214019E204FEA1C4E1FFA8CF70121B2FBFEF60EFB21
S214019E301620220C42EA004207FB06F090420FD998
S214019E401CEB020206F1FF382CBF4FF001094FF060
S214019E500009904203D9B9F1000F00F0DC804646B4
S214019E60121AA4B2B2FBFEF00EFB102200FB07F79B
S214019E7044EA0244A7420FD91CEB040400F1FF3266
S214019E802CBF4FF0010E4FF0000EA74203D9BEF1D2
S214019E90000F00F0C9801046E41B40EA06409CE72C
S214019EA0C1F120048B4006FA01FC00FA01FE22FAF9
S214019EB004F7E6408A401F4320FA04F34FEA1748A6
S214019EC043EA0C031FFA87FC4FEA1349B6FBF8F086
S214019ED008FB106649EA064600FB0CF9B1450ED9A7
S214019EE0BE1900F1FF3A2CBF4FF0010B4FF0000BEB
S214019EF0B14503D9BBF1000F00F0A2805046A6EB96
S214019F0009061FFA83F9B6FBF8F308FB136603FB91
S214019F100CFC49EA0646B4450ED9BE1903F1FF38D2
S214019F202CBF4FF001094FF00009B44503D9B9F130
S214019F30000F00F08280434643EA0040A6EB0C0681
S214019F40A0FB028C66454346E14602D307D1C645CF
S214019F5005D2B8EB02036CEB070C0138E1465DB1A4
S214019F60BEEB030266EB090606FA04F422FA01F3D5
S214019F70CE401C43C5E90046002133E702FA03FC44
S214019F80C3F1200299409C40D6404FEA1C4E20FA6D
S214019F9002F21FFA8CF7B6FBFEF00A430EFB1066C0
S214019FA0110C41EA064100FB07F68E420ED91CEB66
S214019FB0010100F1FF382CBF4FF001094FF00009F5
S214019FC08E4202D9B9F1000F34D04046891B92B2B5
S214019FD0B1FBFEF60EFB161142EA014206FB07F143
S214019FE091420ED91CEB020206F1FF382CBF4FF04E
S214019FF001094FF00009914202D9B9F1000F16D0BC
S21401A0004646521A46EA00410FE7841A66EB0302F7
S21401A01001201746FBE6023E624421E7023962440C
S21401A020C1E664440238D3E66444023834E7023EAB
S21401A0306244E6E702386144C8E7023B3E447BE7F8
S21401A04002383E445BE700BF704700BF2DE9F04F82
S21401A050924685B089461E460D46554A03902946C6
S21401A06015F8014B135D13F00803F8D12D2C7CD0A5
S21401A0702B2C4ED04FF0FF3102936FF00043CDE909
S21401A080001336F0100851D037464FEAE6783A46C4
S21401A0904346DDE90001FFF73FFE002383468E4677
S21401A0A018461946A44613E0ACF13704A6421FDD54
S21401A0B0002B09DB83457EEB010305D38E4508BFE4
S21401A0C083453BD1A24239DA4FF0FF3315F801CB75
S21401A0D0ACF13004092CE9D9ACF14104192CE3D9CF
S21401A0E0ACF16104192C03D8ACF15704A642DFDCAD
S21401A0F05A1C2FD0029A12B1404261EB4101BAF1CB
S21401A100000F03D0002B48D1CAF8009005B0BDE877
S21401A110F08F4FF0FF30029336F010086FF00043D7
S21401A1202C7801F10205CDE90003ADD1302C25D004
S21401A130002E3AD10A27B0463E46A8E700FB08F3B0
S21401A14007FB0133A0FB07010B44201843EBE47126
S21401A1500123BBE72223039A1360BAF1000F17D03D
S21401A16005F1FF39DDE90001CEE74FF00047009326
S21401A17001232C788D1CCDE9017382E72B7803F03F
S21401A180DF03582B0CD086B90827B0463E467EE73B
S21401A190DDE9000105B0BDE8F08FCDE90001DFE79C
S21401A1A010276C7802353E4671E710273E466EE76B
S21401A1B0D55804004AE700BF10B4044C13460A46BB
S21401A1C0014620685DF8044B40E700BF4862002066
S21401A1D010B4044C13460A46014620685DF8044B49
S21401A1E034E700BF4862002020F0030110F00300AE
S21401A1F0C0F1000051F8043B00F1040C4FEACC0C0E
S21401A2006FF000021CBF22FA0CF213434FF0010C50
S21401A2104CEA0C2C4CEA0C4CA3EB0C0222EA03028F
S21401A22012EACC1204BF51F8043B0430F4D0C2F158
S21401A230000102EA0102B2FA82F2C2F11F0200EB49
S21401A240D20070472DE9F04780460C464548264621
S21401A25014F801EB10F80EC01CF0080CF7D1BEF193
S21401A2602D0F5BD0BEF12B0F3AD0654633F01000B0
S21401A2703ED04FF0FF379A46B7FBF3F703FB07F9DB
S21401A2806FEA0909002630460EE0AEF1370C634549
S21401A2901DDD002E04DBB84202D833D1CC4531DDBA
S21401A2A04FF0FF3614F801EBAEF1300CBCF1090F9C
S21401A2B0EDD9AEF1410CBCF1190FE6D9AEF1610C46
S21401A2C0BCF1190F03D8AEF1570C6345E1DC731CE2
S21401A2D01CD005B140420AB1F6B91160BDE8F0875D
S21401A2E033F0100094F800E0654606F10204C0D190
S21401A2F0BEF1300F17D06BBB0A234FF005091A4F7A
S21401A3009A46BFE700FB0AC00126CBE72223304668
S21401A310C8F80030002AE1D0611EDEE794F800E0BC
S21401A3200125B41CA2E7207800F0DF00582807D0EA
S21401A33083B908234FF007096FF060479A46A1E7F3
S21401A340102394F801E04FF00F0902346FF07047C4
S21401A3509A4697E710234FF00F096FF070479A4619
S21401A36090E700BFD5580400999999196AE700BF8C
S21401A37010B4044C13460A46014620685DF8044BA7
S21401A38060E700BF4862002010B4044C13460A463A
S21401A390014620685DF8044B54E700BF4862002080
S21401A3A00F4B70B50F4DAB42A3EB050607D0B610A9
S21401A3B00024013455F8043B9847A642F9D80A4DC3
S21401A3C01FF03EF8094B5E1BAB424FEAA60606D0CD
S21401A3D00024013455F8043B9847A642F9D870BDCD
S21401A3E0D0650020D0650020D0650020D46500200F
S21401A3F070B5860747D0541E002A3ED0CAB203461F
S21401A40001E0013C39D303F8012B9D07F9D1032C58
S21401A4102CD9CDB20F2C05EB052505EB054535D915
S21401A420A4F1100C03F1100E1A462CF00F064FEA99
S21401A4301C1CB644C2E90055C2E9025510327245E9
S21401A440F8D10CF1010214F00C0F04F00F0C03EB21
S21401A450021213D0ACF1040323F0030304331344B4
S21401A46042F8045B9342FBD10CF003042CB1C9B251
S21401A4701C4403F8011BA342FBD170BD644613467E
S21401A480002CF4D1F9E703461446C0E71A46A44661
S21401A490E0E700BF88420ED98B1883420BD900EB48
S21401A4A0020C002A6ED0624613F801CD994202F8DA
S21401A4B001CDF9D170470F2A0FD8034602F1FF3CB0
S21401A4C0002A5FD00CF1010C013B8C4411F8012BE2
S21401A4D0614503F8012FF9D1704740EA01039B0754
S21401A4E051D1A2F1100301F1200C70B523F00F0534
S21401A4F001F1100E00F110041B09AC445EF8105C6B
S21401A5000EF1100E103444F8205C5EF81C5C44F822
S21401A5101C5C5EF8185C44F8185C5EF8145CE64552
S21401A52044F8145CEAD1013312F00C0F02F00F0C60
S21401A53001EB031100EB031329D0ACF1040C1C1F33
S21401A5408E462CF003064FEA9C0C1E445EF8045B14
S21401A55044F8045FB442F9D10CF1010402F003029D
S21401A56003EB840301EB840102F1FF3C4AB10CF1D9
S21401A570010C013B8C4411F8012B614503F8012FB6
S21401A580F9D170BD704702F1FF3C03469AE7624677
S21401A590EAE700BF2DE9F04F82468E463F487546F2
S21401A5A01EF801BB10F80B4014F00804F7D1BBF1FC
S21401A5B02D0F5BD0BBF12B0F6FF0004904BF9EF847
S21401A5C000B005F1020E33F0100010D1BBF1300FD0
S21401A5D004D0002B5ED10A231F4609E09EF8000036
S21401A5E000F0DF0058284ED0002B53D108231F4619
S21401A5F00025B9FBF7F6284607FB16980EE0ABF1E7
S21401A600370C63451DDD002D04DB864202D321D1C4
S21401A610E0451FDA4FF0FF351EF801BBABF1300CF9
S21401A620BCF1090FEDD9ABF1410CBCF1190FE6D91C
S21401A630ABF1610CBCF1190F03D8ABF1570C6345B4
S21401A640E1DC6B1C0AD004B140420AB1CDB91160FD
S21401A650BDE8F08F07FB00C00125DDE72223CAF81D
S21401A66000305AB10EF1FF314846F0E79EF800B0CF
S21401A6704FF0004905F1020E0124A4E74846BDE863
S21401A680F08F8146EEE710239EF801B00EF1020E20
S21401A6901F46ADE710231F46AAE700BFD5580400A2
S21401A6A0242B02D8012B00D074E710B500F02EFA47
S21401A6B016230360002010BD10B5242A084C13464B
S21401A6C0246807D8012A05D00A4601462046BDE877
S21401A6D010405FE700F01AFA16230360002010BD51
S21401A6E04862002010B5242A084C1346246807D86F
S21401A6F0012A05D00A4601462046BDE8104049E732
S21401A70000F004FA16230360002010BD4862002002
S21401A710844641EA000313F0030349D1403A23D3A8
S21401A7200B6803604B6843608B688360CB68C360CB
S21401A7300B6903614B6943618B698361CB69C361B3
S21401A7400B6A03624B6A43628B6A8362CB6AC3629B
S21401A7500B6B03634B6B43638B6B8363CB6BC36383
S21401A76040304031403ADBD230320BD30B680360C5
S21401A7704B6843608B688360CB68C36010301031D0
S21401A780103AF3D20C3205D351F8043B40F8043B9F
S21401A790043AF9D2043208D0D2071CBF11F8013BA3
S21401A7A000F8013B01D30B8803806046704700BF69
S21401A7B0082A13D38B07B1D010F00303AED0C3F130
S21401A7C00403D21ADB071CBF11F8013B00F8013B5A
S21401A7D0A4D331F8023B20F8023B9FE7043AD9D3D1
S21401A7E0013A11F8013B00F8013BF9D20B780370EE
S21401A7F04B7843708B78837060467047024B0146F6
S21401A800186816F0F2B900BF48620020024B0146F4
S21401A810186816F0EDB900BF48620020CAB3844636
S21401A8200B4630B504460843800719D09CF8000053
S21401A8300C78A04212D150B3012A28D0E64603E094
S21401A8401CEB030F23D010B31EF8010F11F8014FB4
S21401A850A2EB0E03A04203F1FF33F1D0001B30BD83
S21401A860032A07D8E2E7043A11D01EF0803F0ED142
S21401A870032A10D92068194653F8045BA446A0F1B0
S21401A880013E0434A8422EEA000EECD0CEE70020AA
S21401A89030BD10467047A4461946C7E780EA010C4A
S21401A8A01CF0030F37D110F0030C20F0030021F049
S21401A8B0030150F8042B08BF51F8043B0ED08CF06E
S21401A8C0030C6FF07F434FEACC0C23FA0CFC51F8D3
S21401A8D0043B42EA0C0243EA0C0300BFA2F1013C2E
S21401A8E09A4201BF2CEA020C1CF0803F50F8042B60
S21401A8F051F8043BF2D04FEA02604FEA12220128D7
S21401A90028BFB0EB036F08BF1B0AF4D003F0FF03A8
S21401A910000EC01A704710F0030F0AD010F8012B72
S21401A92011F8013B012A28BF9A42F4D0A2EB03009A
S21401A93070474DF8045D50F8042B01F0030521F033
S21401A940030151F8043B022D26D04DD822F07F4555
S21401A950B5EB132FA2F1013C2CEA020C0DD11CF031
S21401A960803C08BF51F8043B0AD185EA0205B5EBE5
S21401A970036F0CD150F8042BE8E74FEA13235BE092
S21401A9803CF07F4C54D10B784FEA126554E04FEA05
S21401A990126503F0FF034FE04FEA0245A2F1013CC6
S21401A9A04FEA15452CEA020CB5EB134F18D11CF0F3
S21401A9B0803C08BF51F8043B07D185EA0205B5EB98
S21401A9C0034F09D150F8042BE6E75FEA0C4C2FD170
S21401A9D00B884FEA12452FE04FEA03434FEA124530
S21401A9E04FEA134328E000BF02F0FF05B5EB136FF3
S21401A9F0A2F1013C2CEA020C0DD11CF0803C08BFF0
S21401AA0051F8043B0AD185EA0205B5EB032F0AD1BA
S21401AA1050F8042BE8E74FEA13630DE012F0FF0F3E
S21401AA2006D051F8043B4FEA122523F07F4303E09A
S21401AA304FF0000020BC704705F0FF0203F0FF0056
S21401AA40012828BF904204BF2D0A1B0AF4D0A2EBAE
S21401AA50000020BC704700BF08B5064B044613B182
S21401AA60002100F0AFF8044B1B6803B1984720465D
S21401AA7014F090FBC5AB0100304B002000230146CB
S21401AA801A46184600F048B8032A30B415D941EAE8
S21401AA90000484460B46A40704D0541E0FE0043A73
S21401AAA0032A08D91946604653F8044B5CF8045B40
S21401AAB0A542F4D0F1E760461946541E7AB1431E0A
S21401AAC00139021901E09A4209D013F8010F11F871
S21401AAD001CF6045F7D0A0EB0C0030BC70470020DA
S21401AAE030BC704738B5074D074C2C1BA41005D059
S21401AAF0013C55F8043D9847002CF9D1BDE8384093
S21401AB001EF0A4BCD8650020D4650020014B18684F
S21401AB10704700BF48620020F0B5264C83B0064659
S21401AB200F46256805B36C681F2C3FDCA6B1D5F827
S21401AB30880048B3D0F800114FF0010C40F82420EB
S21401AB40022E00EB84020CFA04FC4CEA0101C0F868
S21401AB500011C2F8803010D0631C002002346B60F4
S21401AB6045F8247003B0F0BD13491448216010B1B4
S21401AB700068C1F88800104DD5E7D0F8043143EAE3
S21401AB800C03C0F80431E7E70D49CDE9002369B1AC
S21401AB904FF48470FFF732FE40B100216C68C0E9C3
S21401ABA04011DDE90023C5F88800C5E74FF0FF3006
S21401ABB0D8E700BFC04B0020344B00200000000047
S21401ABC0FDA701002DE9F04FDFF8B49083B0D9F866
S21401ABD0006096B3884601907568D6F888706C1E3A
S21401ABE02BD4013507F1800B06EB8505B8F1000F74
S21401ABF026D173682A68013BA3423BD000232B6011
S21401AC00BAB1D6F804A05FB30123D7F80011A34068
S21401AC100B4225D0D7F8040157F8241003422BD154
S21401AC20019890477368D9F8002053451ED1B24267
S21401AC301CD1013C043D631CD8D103B0BDE8F08FA4
S21401AC404FB15BF824304345D3D0013C043D621C30
S21401AC50F3D0002FF5D1013CEFD3013CFBD2ECE75A
S21401AC6090477368D9F800205345E0D0002AE4D015
S21401AC701646B1E77460C3E708469047D2E700BFBF
S21401AC80C04B0020431E033306D8044B984228BF0E
S21401AC901846642838BF6420704700BF40420F0042
S21401ACA038B5194B05461B680C4603B1984744B1A5
S21401ACB0236833B11B68013303D0E3680BB1A36883
S21401ACC04BB919F08CFE00204FF4C172412100F0FF
S21401ACD0FFF9212038BD204602F04AFC00230B4A2A
S21401ACE085F83C31C5E93743C2E9003363694BB1A6
S21401ACF0074A422110684FF4D272C31A584258418B
S21401AD0000F0E6F90020E5E7304E0020C85E00209E
S21401AD10944E0020F8B504461EF08FF8002607462C
S21401AD200E4B1B6893B19E68AEB196F82420D207ED
S21401AD3011D435460FCC0FC50FCC0FC523682B6039
S21401AD4096F8243043F0010386F8243038461EF086
S21401AD506FF83046F8BD1B68E4E700BF9C62002030
S21401AD6010B5044618B9054B054A136010BD00F02E
S21401AD70D9FCD4F8E830002BF6D1F4E7894103007A
S21401AD8098620020014B1868704700BFC85E00201B
S21401AD9008B502460868FFF775FF08604868FFF7C0
S21401ADA071FF48608868FFF76DFF8860C868FFF725
S21401ADB069FF0B69C860581C03D00B48834228BF43
S21401ADC003460B614B69581C03D00748834228BFD2
S21401ADD0034688694B61FFF755FFBDE80840886167
S21401ADE0104601F07BBC00BF40420F00D0F8E030B7
S21401ADF02DE9F04105460C4613B1C38D8B424CD06C
S21401AE00D5F8DC30002B4BD09E68002E48D0D86891
S21401AE10002845D0013800B200281ADB002106E0E0
S21401AE20128A591CA24217D209B2884211DB0B18AA
S21401AE3003EBD3735B1003EBC30206EB8202B2F89B
S21401AE400EC003F1FF3EA445EAD90FFA8EF0884200
S21401AE50EDDA2120BDE8F0814FF6FF7299B29142FA
S21401AE60F7D09BB203EBC30306EB83062846B6F97D
S21401AE70122095F83011D5F8F080EEF70FFE074650
S21401AE80B8F1000F04D00023324628461946C047C1
S21401AE90EC85C5F8E06085F839710020BDE8F081E1
S21401AEA00E20BDE8F08100BF2DE9F04782B00446D0
S21401AEB00F46164601F086FE002863D14F4D2B68DB
S21401AEC0D4F8DCA0D4F8E0800BB1534576D04FF02F
S21401AED00009AF6001F09EFE0128074665D12046B5
S21401AEE019F0BCFC002851D12B68DAF80010D8F80C
S21401AEF0002013B1186888426BD0204619F060FC18
S21401AF00C5E900A8D4F8F0508DF80760002D67D089
S21401AF100022204611460DF10703A847204600F0FF
S21401AF20EDFF0546B9F1000F0FD076B9D4F88C3095
S21401AF300BBB012F05D025B1314B002103205B68E7
S21401AF409847284602B0BDE8F087B5FA85F040F28A
S21401AF5007523321400900F0BBF83146204601F084
S21401AF600BFA284B05461B68414620469847D4F8FD
S21401AF708C30002BDDD000224FF40073204600F009
S21401AF80E1FBD6E700231D4D6B6098E794F825306A
S21401AF90DA07A9D5D4F894305B05A5D51A4B01225A
S21401AFA0002120461B6898479EE70021012000F0FB
S21401AFB001FC01F02FFE0128FBD190E76B68002B06
S21401AFC085D0434583D1AB689F4215D04FF0010928
S21401AFD07FE7696811B10968914291D059688CE799
S21401AFE094F82A1094F839313246994228BF194606
S21401AFF0204600F0D1FE91E70025A2E7C85E0020BA
S21401B000A462002098620020344E0020F8B50F4656
S21401B01005461DF012FF394606462846FFF7E6FEAE
S21401B020044620B130461DF003FF2046F8BD01F06E
S21401B030A7FD224639462846FFF736FF0446002874
S21401B040F0D1284619F00AFC0028EBD095F82530F7
S21401B05013F001030DD0D5F8942052050DD5B5F89F
S21401B0602A21BA4205D0B5F82C31DB1BB3FA83F39B
S21401B0705B09034A82F8C430D4E72346F9E700BFE8
S21401B080001E00B013B50446694619F0ABF9204618
S21401B09019F0EFFAFF28024606D020469DF8001068
S21401B0A0EEF77AFD02B010BD0048FBE70080FFFF17
S21401B0B038B5044D044C054B286021601A601DF01C
S21401B0C0B7FB38BDC44D0020A0620020C84D00204B
S21401B0D010B550B90548064B01600648026018686D
S21401B0E0054B18601868FFF7E3FF10BDA06200204B
S21401B0F0204F0020C84D0020C44D00202DE9F0410E
S21401B1008AB001AC05460B462746194A02F1200CC7
S21401B110264610685168083203C662453446F7D1A0
S21401B120002B08BF3B46002710681C463060384697
S21401B13003F10C0690B95FFA87F842462846218843
S21401B14019F08FFB50B942462846E18819F09AFB60
S21401B15020B942463146284619F0A6FB0137032F8F
S21401B16006F1080604F10204E4D10AB0BDE8F08154
S21401B170F8590400F0B589B005460E4619F0A3FB50
S21401B180044600BB01AC06F10C070FCF0FC497E8CD
S21401B190070084E8070001A92846FFF7F9FD2846BD
S21401B1A0311D19F06AFD044648B92846074901F0E1
S21401B1B057FA044618B9284601F0C6FD0446284643
S21401B1C03168FFF79BFF204609B0F0BDF059040037
S21401B1D0014919F05AB900BF19CD010070B5164ED4
S21401B1E0032804460D4633781ED023FA04F202F0F3
S21401B1F00102AA421DD053B10122A240A54023EA72
S21401B20002032B43DBB233704BB1012070BD2DB16D
S21401B2100A4B01201B6898473378EDE73570074BDA
S21401B22000201B689847F0E79A07DED003F0FC037E
S21401B230E9E7002070BD00BF195C0020084E002021
S21401B24038B504460D4605F077FD60B101F0C6FC41
S21401B25048B9012D07D8012019F0E0FA0D4B1B68FB
S21401B26023B15B6898470C4B1C7038BD1DF03CFF42
S21401B2700A4B1A68801A18601CF054FC4FF47A7254
S21401B280074B1B6802FB003019F0FDF8012001F0A6
S21401B290ADFCE8E72C4E0020A2650020004E002001
S21401B2A0044E0020F8B505460C461DF0C6FD104FAD
S21401B2B006463B7833B1012D04D01CB90D481CF06D
S21401B2C083FB3C7021462846FFF788FF0A4B04465D
S21401B2D01B783BB93B782BB919F094FA10B1074BA0
S21401B2E01B68984730461DF0A3FD2046F8BD00BFF9
S21401B2F01A5C0020DC4D0020195C0020A4620020AE
S21401B300054A0B46117831B100211170034A01211B
S21401B31052681878104770471A5C0020A462002013
S21401B320124B0239012910B518701ED805F004FD1C
S21401B330D8B101F053FCC0B101F034FAA8B90C4BF6
S21401B3401C6834B123689847BDE81040002019F006
S21401B35065BA19F096F8074B18601DF0C5FE064B46
S21401B3601860204601F042FCEEE710BDA265002001
S21401B3702C4E0020044E0020004E002038B5044616
S21401B38080B11DF05AFD0121044608461BF0C0FF9E
S21401B39001210B4A084615F0FCFC2046BDE8384062
S21401B3A01DF046BD1DF049FD0546214601201BF056
S21401B3B0AFFF01202146024A15F0EBFC2846EDE7D7
S21401B3C0EA2F0400F0B585B01DF037FD344D044674
S21401B3D02B7823B133481CF0F7FA002852D11CF021
S21401B3E07DFB02AA03A919F0F7F90346002838D015
S21401B3F019F006FA029B98421CD100202A4B0399A9
S21401B4001B682A4E9942307020D90027C91A012399
S21401B41024482B70264A3346CDE900771DF040FEBE
S21401B420002837D1234A1378D90701D53178F9B1E5
S21401B430204611E019F0E2F9029B984228D0002339
S21401B44018461949194A0968137003910121FFF733
S21401B450C5FE002320462B701DF0EAFC002005B037
S21401B460F0BD20462B701DF0E3FC212005B0F0BD99
S21401B47003F0FE031370002BDAD10F4B1B689847BD
S21401B4802046E9E720461DF0D3FC0E2005B0F0BDAE
S21401B4900220B3E7032320462F703370F3E700BF83
S21401B4A01A5C0020DC4D0020FC4D0020A165002028
S21401B4B001B30100195C0020084E002038B51DF0CC
S21401B4C0BCFC0F4D04462B789BB90E4A0E491370EF
S21401B4D00E4B0F4A0F481A600F4A5A60EFF788FF63
S21401B4E00E490F48EFF784FF0E4B0F4A1A600123EF
S21401B4F02B70F0F787F820461DF09AFC002038BD27
S21401B5001B5C00201A5C00201C5A0400A462002068
S21401B510C5B30100CC4D0020A5B20100245A040099
S21401B520D44D0020084E00207DB301002DE9F043E4
S21401B5308F7880460F2F0C4685B003D9212005B0A1
S21401B540BDE8F08327B90123374A00201370F6E7D8
S21401B5500D784E78EDB9002EF0D194F90310E088FD
S21401B56003F00AF82128E9D055EA0603A088DFF897
S21401B570C89013D003F064F84FF60403B9F800201E
S21401B58001469A424BD1AE42334638BF2B4600267F
S21401B5902DE0082DD2D8082ED0D8DEE703F050F8DB
S21401B5A04FF6040501464FF60500204A136E9BB27E
S21401B5B0AB4208BF0346B1F5803FA9F800300FD96A
S21401B5C002230825136680230126C2F880302B4605
S21401B5D049084FF6FF720139914228BF114608E02B
S21401B5E08023012608251666C2F880302B460029DE
S21401B5F0EFD1002202920122013FFFB20092019791
S21401B6002A4608F1F80002F0B7FE1EB14FF4801288
S21401B610074B5A65074BA2681A60022394E7034852
S21401B6200266A9F80030AEE71C5C002000C001B835
S21401B63000D001B8144E00202A65002010B504463B
S21401B640D0F818210B4B4FF40061C3F8A82090F8EE
S21401B6502420D20102F4006205F0D2FA94F82430D4
S21401B66013F0100F4FF4007314BF034A034A136715
S21401B67010BD00BF001E00B0001002B8002002B8C6
S21401B680431C07D06FF0FF02034B10401A62A3F56C
S21401B69080531862704700BF00E000B8F8B5044652
S21401B6A00F4616461DF0C9FB0546A047044620B1C5
S21401B6B028461DF0BDFB2046F8BD04F07FFC0422A1
S21401B6C00549D1F8D83E23EA07033343C1F8D83EEB
S21401B6D0024B1A67ECE700BF001000B0002002B86A
S21401B6E000F01803182B0AD003070AD440F20113FE
S21401B6F010F0100018BF1846034B1865704700205D
S21401B700FAE70120F8E700BF001F00B0044B1868F5
S21401B710830654BFC0F30F204FF6FF70704700BF7B
S21401B720FC4E002038B10368044A002B08BF1346BC
S21401B730034A13607047014BFAE700BFD144030088
S21401B740B062002010B4D0E9544122400B4052EAC6
S21401B750030104D003495DF8044B096808475DF806
S21401B760044B7047B06200200F2938B505460C46D9
S21401B7700ED801F04FFA01280CD1074A2846D36BA0
S21401B78023F00F032343D36319F0ACF8002038BD30
S21401B7902120FCE70220FAE7001F00B0014B186CDD
S21401B7A0704700BF001F00B0014B002019647047AE
S21401B7B0001F00B003282DE9F347884655D82C4BC7
S21401B7C013F800902B4B1E5C2B4B13F800A01DF0BA
S21401B7D034FB074604F03EFB054640B10023002239
S21401B7E0CDE9003301200023002104F079F904F0AB
S21401B7F039FB48B100230022CDE9003300200023A5
S21401B8004FF4004104F06CF96EB31C4BDC6C04F091
S21401B81008041B4B3146DC64484604F02DFC5246B6
S21401B8203146484604F092FC164BDC646DB1164B6B
S21401B8301868D0F89410F83003F06EFA13490868C7
S21401B840FFF71EFF4FF0FF330B60B8F1000F04D077
S21401B8500F4B002103205B689847384602B0BDE8CD
S21401B860F0471DF0E5BA3446D3E702B0BDE8F087ED
S21401B870345A0400305A04002C5A0400004000B820
S21401B880006000B8005000B8204F0020AC620020D5
S21401B890A46200200F4A136F13F0A00F15D1506F4A
S21401B8A010F0040013D10C4BD3F8D83E23F07F439D
S21401B8B023F0FF035BB1D368C3F30362092A07D001
S21401B8C0B2F10C0018BF012070470020704701201C
S21401B8D0704700BF000002B8001000B070B50D46FA
S21401B8E0064620B91A4B1B68A3B10E2011E001F0E1
S21401B8F091F9012829D1174B93F90040C4F11C0492
S21401B900641BC4F11C03002BB8BF5B42232B0CDD68
S21401B910212070BD81EAE173A3EBE173DBB2232B37
S21401B920F6D80C4B19700020F3E786F828501DF066
S21401B93084FA094AE402D36904F4FF2423F4FF23BA
S21401B9401C43D4611DF074FAEDE70220E1E700BF65
S21401B950204F00201D5C002000C000B818B9034B22
S21401B96093F90000704790F9280070471D5C00208D
S21401B97010B5044618F072FF10B1012001F0D4F999
S21401B9802046FFF75BFE1DF058FA0A4A0121D2F85D
S21401B990A030044623F02003C2F8A0300222064B52
S21401B9A008469A60054B5B68984720461DF040FAAA
S21401B9B0002010BD001E00B0001002B8A4620020D6
S21401B9C0064B5A6A920207D4D3F8803013F4706F8C
S21401B9D014BF01200020704701207047004001B8C5
S21401B9E0F8B50E46D0F8943002EA010423EA0103C2
S21401B9F02343C0F89430464A01F00B0323EA0401BE
S21401BA00D1642340A2F58052D3647207054610D54F
S21401BA100121FFF7D5FF60B104F0D0FA4FF40073AF
S21401BA2014F0040F14BF3B4A3B4A536204223B4BBB
S21401BA301A67F30606D514F0100F14BF00221B2256
S21401BA40374B5A6537061DD5200616D54FF400121A
S21401BA50304B1A62012203F58053C3F800211DF012
S21401BA60ECF90E210746032003F09EF840F201226E
S21401BA702B4B3846DA621DF0DBF9214605F1F8005A
S21401BA8003F04AF9F10503D5E2052AD503F05CF87F
S21401BA90B30503D5A70527D503F062F816F48C6F16
S21401BAA01DD014F4806224D095F82530DC070CD51F
S21401BAB0EA8DB5F82A31934219D0B5F82C31981A87
S21401BAC043424341174A82F8C430D5F8E410284669
S21401BAD018F0FFFC8022144BD864144B1A61002026
S21401BAE0F8BD03F02BF8D3E703F034F8D6E70123CB
S21401BAF0E8E77105E9D595F82530DB07E5D5094B6B
S21401BB00114683F8C4200A4B28461B689847DCE791
S21401BB10006000B8005001B8006001B8002002B80B
S21401BB20004000B8001E00B0001F00B0000002B8C0
S21401BB30344E0020014B1868704700BF204E00208D
S21401BB4037B51DF07AF9002401230022CDE900342F
S21401BB50002305461946104603F0C2FF022002F0F4
S21401BB60E7FA064B21461C60054B02205B689847A6
S21401BB7028461DF05DF9204603B030BD284E002052
S21401BB80A46200202DE9FF4102290D46164698467B
S21401BB90039004D1FFF7D4FF04B0BDE8F0811DF097
S21401BBA04CF91E4F04463B683BB1B34205D01DF02D
S21401BBB03FF9002321203B60EEE7194B0022C3F832
S21401BBC000803E60002301264FF00008104619460B
S21401BBD0CDE9006603F084FF124B022083F8008053
S21401BBE002F0A6FA43462A46022003A902F0BEFA4C
S21401BBF00D4B039A1A6008B92046D8E70B4D2B68FF
S21401BC009847212804D020461DF012F90020C3E7EA
S21401BC1031466B6802209847F5E700BF284E0020A2
S21401BC20244E00201F5C0020204E0020A46200202D
S21401BC30044B5B6E5B054EBF0120034B187800F08A
S21401BC400100704700C001B81F5C00200A78022A74
S21401BC5011D0101F4242424152004B781201022B72
S21401BC600BD0191F4B424B415B000549054842EA80
S21401BC708312FFF713BD0122EFE70123F5E700BFAB
S21401BC80F0FFFF005DCC01000B78022B10D0181FCF
S21401BC90434243415B004A78022A0BD0111F4A42B5
S21401BCA04A4152000F21044843EA8202FFF7F6BCDC
S21401BCB00123F0E70122F5E789CC01002DE9F843DD
S21401BCC00E780446042E0D4690F830810BD10027DD
S21401BCD05FFA87F9484601F07DFD08B14E4602E05D
S21401BCE00137042FF4D1304601F074FD002849D005
S21401BCF094F83031B34209D1AA88D4F8A8309A42D0
S21401BD0004D16A88B4F832319A4238D084F8306166
S21401BD10AB883046A4F834316B88A4F83231AB884E
S21401BD2004F59875C4F8A830FF2384F82B3018F072
S21401BD308AFE84F82A00284601F078FC18BB2846BB
S21401BD4001F03EFDF8B9D4F8E03053B194F8301163
S21401BD50414506D02046B3F91220EDF79FFE84F840
S21401BD603901204601F09AFE0949A4F8340101235D
S21401BD70084AD1F8FC1004F1F80003F0AFFC0020EB
S21401BD80BDE8F88321200C2384F83031F8E700BFA2
S21401BD90001F00B0581F00B0F8B5054690F83001F6
S21401BDA00C460C28164623D0FF2923D01AB14FF093
S21401BDB0FF32114B1A6018F046FE074695F830011F
S21401BDC001F068FD844228BF0446E4B2BC4238BF95
S21401BDD03C46E0B285F82B0001F002FEFF280CBFBE
S21401BDE02124002416B9284601F068FD2046F8BD36
S21401BDF00224FBE72124F9E7B462002010B590F88D
S21401BE00303104460C2B43D0D0F8E03080F82A10AD
S21401BE10D3B3D0F8F020CAB990F839318B421BD38E
S21401BE2000222046FFF7B8FF40BB1A4B1B78022BB7
S21401BE3023D8204601F032FE17490123174AD1F8CC
S21401BE40FC1004F1F80003F049FC16E0B0F94220BA
S21401BE50B3F912309A42E3DD0022204694F83911F4
S21401BE60FFF79AFF50B9C4F8E000204618F034FAFC
S21401BE704FF6FF739842014601D1002010BD2046BF
S21401BE80BDE81040FFF7C2B8FF2380F82B30F4E777
S21401BE900220F3E72E650020001F00B0581F00B0F7
S21401BEA0F0B51D46144B04461B780F46164685B062
S21401BEB05BB1D0F8E030E3B102AAB3F912300092D8
S21401BEC0002213F0C8FE05B0F0BD02A918F08AFAE8
S21401BED09DF808103A462046EDF7E0FD014626B9E2
S21401BEE02A462046FFF758FFEDE72046FFF786FF74
S21401BEF0E9E71846E7E700BF86310400D0F89C3032
S21401BF00012B01D10020704770B5044665498CB0FD
S21401BF1018F0CEFDD4F8E0600146E58DC4F8E400E3
S21401BF2026B1336813B15B68002B71D11CF085FF15
S21401BF301CF07EFF0123D4F8E4108DF80630B38997
S21401BF40D6E90120EB1A9BB200FB03225648ADF856
S21401BF500430036800928B4207D0204618F0B9FAE5
S21401BF6080225249524BC8641A61514D00F052FE6C
S21401BF700128FBD1AB689E06F8D420469DF8062022
S21401BF80009906AB03F0E6F800283ED100F042FE29
S21401BF900128FBD1464A136FD801FCD49368990651
S21401BFA0F9D4684606A903F08DFA054668BBE28D0A
S21401BFB0404B5A6494F8243060F3410384F82430EB
S21401BFC000F0EEFFD4F8E0305969431E0E68DBB28C
S21401BFD0FD2B029622D9F31C34D84B68FF28039315
S21401BFE05ED10126DA1C25D8024602A9204618F0A1
S21401BFF088FCE6B9D4F8543199053FD494F8243036
S21401C00043F0020384F8243011E002200CB070BD26
S21401C0101A68032A8AD99B6A5B0E8EE74B68012849
S21401C0200393DED00246204602A918F06AFC0020DF
S21401C0300CB070BD0133204B5B6816D0DA1C23D8D8
S21401C0400393D1E71C4B01361B6818BF0126DD1C84
S21401C05006D802934B68FF280393C3D00020C3E79A
S21401C060FF284B6819D00393C3E7DD1C0FD802469F
S21401C070204602A9039318F044FCBBE720464FF480
S21401C080803118F0C6FDD2E7FF28B2D1E6E7FF28D7
S21401C090B0D10022204602A9EDE701200393A1E7D3
S21401C0A02A46C0E7FC1F00B0104E0020001F00B05B
S21401C0B0000002B8008001B8BC62002010B50C4632
S21401C0C019B118F0CBFB00B10434204602F0B8FADF
S21401C0D0024B4042C3F8C80E002010BD001000B04D
S21401C0E0838E70B593420C4615461CD3836C8B42E7
S21401C0F008BF00241CF0A1FE4FF49C530B490646D2
S21401C100CA68C2F30362D340DA0702D50B6F9B03FA
S21401C11004D401222946204601F016F830461CF0C8
S21401C12087FE002070BD2120FCE700BF000002B89A
S21401C1302DE9F84F064615460B4611B92120BDE8F4
S21401C140F88F002AFAD0032905D8002201F05EF9FB
S21401C15003460028F2D01C889978B4F5804F01F088
S21401C160070080F0C580A0F1070C1A7993F805A0A6
S21401C170DF88DCF1000343EB0C0305282B7394BF27
S21401C1800023C1F30013C1F3801C6B738B0985F880
S21401C19010C003F00203C1F3C00C43EA0C03C1F361
S21401C1A040116B74A974AF82002A40F0828096F821
S21401C1B01E31013BDBB2EB74D6F89430DF0600F19A
S21401C1C08380063801287FD8B6F81280F76908F10F
S21401C1D0FF38484B083C04EA08045B6D3B5D0134BC
S21401C1E0802B0EBF6FF07F03323B5BB2AB73002335
S21401C1F0AB6096F8279004EA0804B9F1000F61D104
S21401C200631D03EA08035A1C02EA0802BA5CFB5CD7
S21401C21043EA0223D9040FFA83FB4CD5D6F8E4305F
S21401C22013B11B68022B05D841F24D724C21002038
S21401C230FEF74EFFD6F8E420CBF30B0392F824204A
S21401C240DB000AB1B3FBF2F39A4508D83BB1CAEB5F
S21401C2500A2ABAFBF3FA6FEA0A0A5FFA8AF9D6F8EB
S21401C260EC3023B1484695F90E1098478146631C79
S21401C27085F80F9003EA0803F95C013303EA080323
S21401C280FA5C013303EA080341EA0221FA5C01334E
S21401C29003EA0803F85C41EA0241002341EA00612F
S21401C2A06A7C304603F0D8FA06232860AB7100207A
S21401C2B045E7531E7EE717F804904FEA49095FFAEF
S21401C2C089F9CCE79946D2E700230020EB730A4BA5
S21401C2D05A69C2F30723120448BF63F0FF035AB238
S21401C2E012F1800F1CBF323B5AB2AA730346DCE739
S21401C2F0022024E7004000B800C000B838B5148812
S21401C30011F003054FEAC40422D13F2C20D9B4FA18
S21401C31084F4C4F11903DBB2052B01D8192C15D00E
S21401C320052B28BF052301240633DBB29C40C4F34A
S21401C330CF03138003828161448700F02DFF054AF5
S21401C340631E2343C2F8A430284638BD2B46EAE7CD
S21401C3502125F9E7001E00B011F5004F1FBF01F3BC
S21401C3600E01044BC1F30E01002014BF9964212075
S21401C370704700BF008001B8F8B504460E4619B9EB
S21401C38090F824305A063FD44FF6FF73618ED4F8E6
S21401C390E470994204D0314B1B680BB12046984794
S21401C3A02F4D2B68BB424DD02E4B1B683BB11FB1A6
S21401C3B03A68002A48D0BF6839462046984707277A
S21401C3C0204601F06BFB002E32D006270126264BB5
S21401C3D094F9282093F900302449C3F11C039B1AD1
S21401C3E0CA69DB0222F4FF2203F4FF231343CB6165
S21401C3F0D4F8E4301E4A2B601E4B976720461E7009
S21401C40018F070FA0020F8BD4FF6FF71144DD0F801
S21401C410E4702A6866F386139742418680F82430D2
S21401C42017D0104B1B68002BC1D101F037FB072733
S21401C43011493B46114AD1F8FC1004F1F80003F00B
S21401C4404DF9C2E70127BBE717462046394698470C
S21401C450B5E701F023FB0127EAE700BF1C4E0020E9
S21401C460104E0020184E00201D5C002000C000B8B1
S21401C470006000B81E5C0020001F00B0581F00B00E
S21401C480054A12681AB190F81E1119B910470846E4
S21401C49002F0AABB014870470C4E002000FEFFFFC9
S21401C4A0344B2DE9F7431C6801F4007900F00103D1
S21401C4B0174653EA090206460D4635D04FF00008E6
S21401C4C03BB30023002200210120CDE9008803F0C0
S21401C4D007FB042001F02CFE41462046FFF7D0FF63
S21401C4E0012241462086104617F0A8FED4F8941083
S21401C4F004F1F80002F010FC1F490868FFF7C0F8C5
S21401C5004FF0FF330B6094F8243043F0040384F8B3
S21401C5102430B9F1000F07D00121204618F079FB2D
S21401C52025F4007506430D432B4632462046FFF799
S21401C53009F9FB070FD51149114A0868002113684C
S21401C540116001210F4A117003B198470E4B00216B
S21401C55002205B68984717F00E0F08D04FF4097257
S21401C5603B21002003B0BDE8F043FEF7B1BD03B0A8
S21401C570BDE8F083204F0020AC620020244E00204E
S21401C580284E00201F5C0020A462002008B5482227
S21401C59000210248FDF72CFF002008BDDC1E00B07C
S21401C5A073B578216422A0F8141182210C23C0E906
S21401C5B04112C0E94322C0F8002107224FF0FF359F
S21401C5C0002680F830314FF6FF730446C28700F12B
S21401C5D04C0282641E4AC385A0F8403080F82C3095
S21401C5E043864263038780F82860C0F8A8504585D3
S21401C5F080F8265003F03EFC2046FFF7C7FF94F96B
S21401C60028102046FFF76AF9602340F6FF71114AA9
S21401C6102046D36402F11C42D162D1650E4A2946F6
S21401C620D36440220D4B1A67D4F89420FFF7D8F94B
S21401C6300E230022CDE9003340F2022310461946AC
S21401C64003F04EFA01F0E2F8304602B070BD00BFCA
S21401C6504000FFFF004000B8005000B8002002B8BC
S21401C66010B50C46FFF792FFBCB1A378082B16D87D
S21401C670E278082A13D843EA021313F0FF030CBF2B
S21401C68019466168074AC2F8DC10217882F8201141
S21401C690617882F8233182F82111002010BD212013
S21401C6A0FCE700BF001E00B0012A10B512D8032B0C
S21401C6B010D803EB82020123074C934094F8220121
S21401C6C0DBB221B10343002084F8223110BD20EAF9
S21401C6D00303F8E72120F9E7001E00B0034670B512
S21401C6E00C68B0F83421013408BFD3F800418D68D6
S21401C6F008BF0C604C68F830013404BFD3F80C4115
S21401C7004C606E1C3CD1D3F80841CE688C60751C19
S21401C7103CD1D3F804510E69CD60013604BFD3F87D
S21401C720F8600E614E69013604BFD3F8FC604E61B5
S21401C7308E69013604BFD3F810618E618E695EB3CF
S21401C7405A32B24238BF32460E688A6116B15A2E44
S21401C75038BF5A26C3F808414C68C3E94065C3E9A7
S21401C76043420A69C3F8F8204A690C49C3F8FC2019
S21401C770D1F8FC1007230A4A02F0B0FF002070BD72
S21401C78002F15A04AC4238BF2C46BEE702F17805E6
S21401C790B54238BF3546BEE76422D5E7001F00B074
S21401C7A0581F00B070B51CF048FB04460B4E00F055
S21401C7B031FA012805D020461CF03AFB022528460E
S21401C7C070BDF36813F0706FC3F30365EFD1B36AFE
S21401C7D0DB06ECD520461CF02BFBF0E7000002B888
S21401C7E038B51CF02AFB4FF6FF710A4A13888B42B4
S21401C7F003D11CF01DFB0E2038BD074C074D1B0452
S21401C8006566A4F58054636611801CF011FB002058
S21401C810F2E700BF2C650020006001B80000FFFFB2
S21401C8202DE9F74304460F4615461E46FFF732F834
S21401C83030B3A38A23B3204617F016FE78B9002E2C
S21401C84040F0F280794BD3F8D83E03F03002102A3C
S21401C85000F0EA8003F0C003402B00F0E580DFF82B
S21401C8600082D8F81430D90740F1DE801CF0E5FAD2
S21401C8700646032001F058FD30B130461CF0D8FAC8
S21401C880022003B0BDE8F083D8F8142012F00608A1
S21401C890F3D130461CF0CCFA644B4FF400612046CD
S21401C8A0D3F8D89ED3F8AC6E04F0BEF940B14FF47D
S21401C8B0007201215E4B08461A67424617F0BEFC1D
S21401C8C094F82530DA0707D5D4F894305B0542BFD3
S21401C8D04FF40022574B1A6739462046FEF796FB5F
S21401C8E0524BC3F8D89EC3F8AC6E0028C9D194F851
S21401C8F02430980601D4002D57D0C5F3400003F02C
S21401C90023FB022315F4807F1BBF0021494A484AB6
S21401C910136717BF484A13675161136303F04EFB51
S21401C9204FF4806315F0040F14BF444A444A15F0CF
S21401C930400F53624FF004023D4B28461A674FF0F2
S21401C940400314BF3F4A404AC2F88830FEF7C8FE8B
S21401C950204617F0B3FE38B14FF4807315F0010F7F
S21401C96014BF344A324A1367A90647D54FF6FF72F9
S21401C970B4F8403093420FD0344A3549526E100C09
S21401C980C2F301120132B3FBF2F308802B4A2C49A1
S21401C99030481B0448665366003D18BF012594F8CD
S21401C9A0243065F3451384F82430204617F056FFEB
S21401C9B0F0B1204617F082FED0B14FF40031204688
S21401C9C004F032F9431C03229BB2234801A917F055
S21401C9D0FDFF9DF8042002F00703052B9DF80530A6
S21401C9E015D112070DD443F480731C4AC2F8B8302F
S21401C9F0002003B0BDE8F04317F0F5BFFFF7F0FEE7
S21401CA00CAE713F0040F09D19DF80630EBE703F0EF
S21401CA103002202A05D113F0010FF4E74FF480739A
S21401CA20E3E79DF80630E0E70E202AE7001000B0A5
S21401CA30002002B8001002B800400054005001B8AF
S21401CA40006001B800D000B800E000B8004001B8AE
S21401CA502C6500200000FFFF08400054001E00B0B7
S21401CA6000C001B82DE9F3410646884615461F4623
S21401CA701CF0E3F90446032001F056FC38B12046C9
S21401CA801CF0D6F90E24204602B0BDE8F081042041
S21401CA9001F04AFC0028F2D120461CF0C9F9012316
S21401CAA02A4641463046FFF7BBFE04460028EAD137
S21401CAB0DFF8C8805FB388F8000039463046FEF7D5
S21401CAC035FD00284CD198F80030012B1CD02022CF
S21401CAD0244B1A67244BDB6CB3F5817F1FD20120F0
S21401CAE017F0C2FF1CF0A9F9204B06461B680193FC
S21401CAF0CBB901F093FC15F0800526D101F0E0FCDE
S21401CB00284603F0F5F925E003F008FABBE798F8A4
S21401CB100030012BF8D0002BD9D12124B3E7802295
S21401CB20134B1A61DBE7042001F002FB002301220C
S21401CB30042001A901F01AFB0028DAD103F056FA05
S21401CB40212430461CF074F99DE70022094B9A67B0
S21401CB5001F0B6FC084B01215B6800209847F0E71E
S21401CB60044690E7001002B8001F00B0144E0020E3
S21401CB70000002B800C001B8A46200201C5C0020BE
S21401CB8008B50C4BD3F84C114B1C12D011F0804158
S21401CB900FD1094B1B6813B10320FEF70BFE4FF0B4
S21401CBA080624FF40071054BDA67054AD1620122B3
S21401CBB05A6108BD0080E00F204F0020001002B827
S21401CBC0004000B84FF40022034B186F03F50053E2
S21401CBD01A67C0F3C0407047000002B8024B58699C
S21401CBE000F00100704700BF00C001B8084B5A6949
S21401CBF0D10707D508B901F077BA5B69DA0706D419
S21401CC0001F064BA5B69DB0701D40028F8D17047EC
S21401CC1000C001B80F4BDB68C3F30363013B0B2B6A
S21401CC200FD8DFE803F006060C06060606080A0813
S21401CC30080802207047042070470520704703202B
S21401CC407047054B5B6913F0060F0CBF01200420EB
S21401CC50704700BF000002B800C001B8094AD36897
S21401CC60C3F303630B2B08D06FF49050184100F008
S21401CC70010080F0010040007047106F10F4803012
S21401CC80EDD17047000002B80C4AD368C3F30363C2
S21401CC90062B07D8042BD8B20BD8C31E58425841CE
S21401CCA040007047072B06D1D2F830010028ECD19E
S21401CCB07047022070470020704700BF000002B88E
S21401CCC0094BDB68C3F303639A1E012A8CBF00225B
S21401CCD00122012B02701EBF4FF4026222FA03F3F7
S21401CCE003F001030B707047000002B8094AD368CD
S21401CCF0C3F30363032B01D0072B08D1536FDB0665
S21401CD0005D4906F80F00800C0F3C0007047002083
S21401CD10704700BF000002B8024B0022196817F0E6
S21401CD207EBD00BF985A0400024B1B6803B118472A
S21401CD30704700BF404E0020024B1B6803B11847E6
S21401CD40704700BF3C4E002010B5FF224FF6FF7122
S21401CD50044617F086FD68B9FF224FF6FF7120469C
S21401CD6017F090FD30B92046BDE81040FF22024979
S21401CD7017F09ABD10BD00BF3C5A04002DE9F041E2
S21401CD801C46184B05461E680F46904646B130684D
S21401CD9001F01CFEF3681BB1B368186801F016FEBB
S21401CDA0114B1B682BB1DA681AB19B68186801F041
S21401CDB00DFE9DF81830640744EA08425B0503F04F
S21401CDC0BC6342EAC7621A432846084942F4C8725D
S21401CDD003F016FF002228461146FFF781F90020CE
S21401CDE0BDE8F081945A0400985A04009007E12D9A
S21401CDF008B5FFF77BFF88B1094BDA6912030DD539
S21401CE00186F10F4003009D19B6F13F0100F4FF01C
S21401CE1010030CBF034A044A936708BD0220FCE7CF
S21401CE20000002B8001002B8002002B838B5044667
S21401CE30F8B1124AD3691B031DD5556F104BC5F3C4
S21401CE408115032DB3F8B4300DD10822083B9BB2EF
S21401CE5021460C4817F0BAFD0020084B25729B6F3F
S21401CE601B0A637238BD022D05D1023B2A469BB2CE
S21401CE70EEE72120F6E70220F4E700BF000002B843
S21401CE80001E00B038400054431EDBB2FD2B14D9FF
S21401CE90FF280B6801D14A68134313F0802F1EBF89
S21401CEA042F20102074BC3F8282251F82020054B15
S21401CEB0C3F85022C3F8542270470128F5D1002345
S21401CEC0E9E700BF004001B8F0B585B06D460E46F3
S21401CED00F4B074614460FCB85E80F000D4BD3F8D2
S21401CEE048020090D3F84C2201923EB1631EDBB299
S21401CEF0FD2B0AD93060FF2C00D1726022462946EC
S21401CF00384617F0FEFC05B0F0BD012CF4E700BF73
S21401CF10445A04000080E00FF0B585B06E460D4B14
S21401CF2007460D460FCB86E80F0000F039F831466C
S21401CF3004460246384617F05DFE4DB140B9FF2C57
S21401CF401BBF04AB03EB8404009B54F8103C2B601E
S21401CF5005B0F0BD445A040030B50C4B05461870B8
S21401CF6085B0082380B90A4AC2F8FC3351B96C4629
S21401CF70084B0FCB84E80F00074B2A46214618685A
S21401CF80FFF7A2FF05B030BD044AEDE7A365002018
S21401CF90001002B8545A0400204F0020002002B8A6
S21401CFA0014B1878704700BFA3650020124BD3F8D9
S21401CFB0E020D2031ED54FF480321049C1F8E0209C
S21401CFC0A1F58051C1F8EC201A6CD1B2C2F3072248
S21401CFD0C3F88010C3F880200422C3F88020002202
S21401CFE0C3F88020C3F88020C3F88020C3F88020CF
S21401CFF0C3F88020704700BF004000540060005412
S21401D000F0220A4B01219A64A022A3F580539A6468
S21401D010074B826CC3F8C010FC21C3F89810C3F804
S21401D0209C204FF40052C3F8BC207047006000B843
S21401D03000400054F8B50D46174606461BF0FDFEA7
S21401D04001230421084C094A2363A760E660256191
S21401D050C2F8E010064AC2F884311BF0E9FE0DB1B1
S21401D06002232363F8BD00BF004000540060005453
S21401D07000E100E00222024B58611A63704700BFCC
S21401D080004000540122044B1A6640F6FF72996371
S21401D090D863DA65704700BF004000542DE9F04FB1
S21401D0A0042A05460B4683B039D901260978141F90
S21401D0B081615A7803F1040982619A788261DB788A
S21401D0C083610368D0F808B003F0070306339E4077
S21401D0D006F1FF3A0AEA0B084768A6EB08029442F3
S21401D0E047F000570ED84946224607EB0800FDF7E1
S21401D0F00FFB46EA0A0604EB0B023240AA6003B0B5
S21401D100BDE8F08F494607EB08000192FDF700FBEA
S21401D110019A384609EB0201A21B4244E7E7013AAD
S21401D120032AECD8DFE802F00B08050213F8012BFE
S21401D130826113F8012BAA6113F8012BAA611B78EF
S21401D140AB6103B0BDE8F08F38B50C461546014615
S21401D1500F4B60B101220F48C3F8C0202246FFF7EB
S21401D1609DFF1DB104220A4BC3F8C02038BD64B12F
S21401D170D3F8A420A24284BF0122C3F8C020022211
S21401D180C3F8A040C3F8C020EBE70122FAE700BFCE
S21401D190004000549840005438B504461BF04DFE3C
S21401D1A001211A4A638F054611663BB3B3FA83F32E
S21401D1B0C3F11903DBB2A069C2F890109366072386
S21401D1C0D066C2F88C304FF4A02302F50052C2F8A4
S21401D1D0E030A2F58052C2F8EC3000220C4B1A6007
S21401D1E00C4B1B6F5B0209D54FF480020A4B04F10E
S21401D1F0F8001A67D4F8941001F08EFD4FF4E0237E
S21401D2002846E363BDE838401BF012BE00400054D8
S21401D210444E0020000002B8002002B82DE9F84371
S21401D22005460C46B1B1D0F81880478F1BF005FEB5
S21401D230B5F83CC0791E01EA0C0323F00702032C63
S21401D2400646DFF8F8E042445CD1DEF8004024B937
S21401D2501BF0EEFD0E20BDE8F88324F00104DEF895
S21401D260000020F00100A04251D10023CEF800308A
S21401D270238894426FEA43436FEA534323803CD1A9
S21401D280EB8F08EB07091846083880B202F108044C
S21401D2904C4528BF4446082804D9B4F800E0BEF53A
S21401D2A0804F3ED263440F431B1A3B409BB2AB8771
S21401D2B0E887118894781C4AC1F30C0151645367BE
S21401D2C0C2F88C004FF48022184B04F00704C3F810
S21401D2D0E0200122164BC3F88421FFF767FE042CD9
S21401D2E00BD14FF48002134B05F1F8001B6F124B64
S21401D2F01A67D5F8941001F00FFD30461BF098FD23
S21401D3000020A8E7601E012898BF1446A7E7E88F0B
S21401D3104344E31A48BFDB1908389842A8DC304674
S21401D32096E72246B0E700BF004000540060005474
S21401D33000E100E0000002B8002002B8444E0020E0
S21401D340144B10B51968CA8F8B8F488F1344013858
S21401D350073B8C69034023F007031C4402F10803D2
S21401D3600D4A9BB2CB87C2F88C304FF480220B4B10
S21401D370C3F8E02001220A4BC3F88421A07800F00C
S21401D3800700042803D1074AD3681B03FCD4064BC5
S21401D3901C6010BD204F0020004000540060005467
S21401D3A000E100E0000002B8444E002010B5064C33
S21401D3B0216839B1CB0703D4044B1868FFF72EFF59
S21401D3C00023236010BD00BF444E0020204F0020E4
S21401D3D04FF480320B4B0C49C3F8EC20A3F50053F5
S21401D3E0C1F8E020D3F888109A6E012302F00702F4
S21401D3F006329340C1F30C01083B994201D8FFF76E
S21401D400D5BD704700600054005000542DE9F04728
S21401D41080460C4616468769458F1BF00EFDB8F808
S21401D4203C2005F1FF3C02EA0C0323F00701032C24
S21401D43082463944B8F83E0019D1494C24689CB953
S21401D4400244073A02EA0C0222F00702BC183B44E7
S21401D450E31A48BF5B19834210DB50461BF0E8FC19
S21401D46000242046BDE8F08724F00104EFE7012CF4
S21401D47002D0022CEBD108380C46E8E7002E3DD04E
S21401D4808C423FD1374AD2F844903649B8F81270E8
S21401D490D1F88820C2F30C02934247DA2588B5F505
S21401D4A0804FDAD2A378C5F30C0503F007037A1E82
S21401D4B0A5EB09053A43052B337005EA02052DD87D
S21401D4C02DB2E84340F241420421C00FFDF700FEB1
S21401D4D07580E3783374D8F81C207B1E03EA0903B1
S21401D4E0D118B160A9B213FA85F5AF422FBF002358
S21401D4F0FF1AB780F26024BFB180F36050461BF07C
S21401D50097FCAEE7A4F10802974284BFED0802EB50
S21401D510C502B2F80090C9F30C09B6E7124B5B6D71
S21401D520003B18BF0123A5EBC305C9E70B6C7A1EA8
S21401D530A3EB09033A431A400C4915B2002DCB68F8
S21401D5400BDCC3F30363D81E43424341DB00337055
S21401D5508B6F72801B0A3374BDE70823F7E700BFA1
S21401D560444E002000400054004000B8000002B8BD
S21401D570054BA822D3F84C013121431C0CBF0120D6
S21401D580C0F38070FDF7A4BD0080E00F38B5094DEB
S21401D5900446286840F69702003818BF01202B2160
S21401D5A0FDF796FDFA235C432B680A20B4FBF3F4DF
S21401D5B0604338BD784E0020174B30B51A68431CBF
S21401D5C0164B22D0B2F1407F1FD3154D00F03F0419
S21401D5D0D5F8002122F03F021443C3F8C84001F0F9
S21401D5E03F042243C3F8D020D5F804310D4A1A402F
S21401D5F00D4B03EA500003EA510110431143074B58
S21401D600C3F8CC00C3F8D41030BD00200146C3F8DF
S21401D610C800C3F8D000F2E70080E00F001F00B09A
S21401D620000002B81FF087E1E0FFFF7F73B5574E99
S21401D6300446317819B91C225548FCF7D9FE2378DF
S21401D640544A6188137051804FF0FC62524CFF219E
S21401D650C4F8FC204FF47F02C4F808214F4A022B7D
S21401D6604F4D117033D1042307224E49C4F8FC23D1
S21401D670C5F8FC33C4F800114FF4C071C5F80011A9
S21401D680C4F8FC234FF48052C5F8FC33C5F870216A
S21401D6904FF40052C4F87021C4F808314FF4FF1358
S21401D6A0C4F8FC304FF4BB13C5F8FC308023C4F833
S21401D6B0703148F2C8023C4BC3F8D8203B4B3C4A79
S21401D6C00020C3F8C02F0123337002B070BD394A61
S21401D6D0012BC4F80021384B27D14FF4C072C5F88E
S21401D6E00021D3F83802D3F83C12FFF765FF072371
S21401D6F0C4F8FC330223C5F8FC334FF48053C5F855
S21401D70070314FF40053C4F870310423C4F8083163
S21401D7100DEB0300ECF7FAF89DF80530023B012B00
S21401D7209CBF8023C5F87031C3E7244AC5F80021A1
S21401D730D3F83002D3F83412FFF73EFF0723C4F8BC
S21401D740FC330123C5F8FC338023C4F870314FF451
S21401D750805301A8C4F87031ECF7D8F89DF805306D
S21401D760012B05D19DF8043053B948F25D1309E049
S21401D770FBD9023B012B9CBF4FF40053C5F8703117
S21401D78048F25813084AC2F8D83097E7205C0020C0
S21401D790C41F00B02E650020002002B8A765002037
S21401D7A0001002B8C0F10F00001F00B0001000B05A
S21401D7B04C4E0020C0F70F000080E00FC0F60F00AF
S21401D7C0034B1A6802609B8883800020704700BF65
S21401D7D02E65002010B5044601F026F80A4BD3F852
S21401D7E0F83724B983F40023C3F3C04010BD012CDD
S21401D7F005D113F4C02F0CBF01200020F6E7A31EAD
S21401D80058425841F2E700BF000002B86FF07F426D
S21401D810154BD3F8FC37934208D0144A03F03F0364
S21401D8201370F123124A1370124A13701249134BE4
S21401D83009781A68A9B1B2F1A06F12D3D3F85012C1
S21401D8400F4A104BB1F1FF3F18BF13460E4A136043
S21401D85041F66A020D4B1B68B3FBF2F30C4A1360E8
S21401D8607047084BF2E700BF000002B8A865002029
S21401D870A9650020AA650020A66500200080E00FAB
S21401D8805082E00F785A0400484E0020944E002043
S21401D890784E0020012807D0022802D030B100209F
S21401D8A07047034B18787047024BFBE7024BF9E7CA
S21401D8B0A8650020A9650020AA6500200023F0B510
S21401D8C090F8304185B002462046CDE90133CDF8C7
S21401D8D00B30FFF7DFFF92F82B30411EC9B28B42A7
S21401D8E028BF0B46002C3CD0012C38D10424184606
S21401D8F04FF00F0C384E0DEB0405B0FBFCF7F75D4F
S21401D900013CC01BC0B2814238BF00206055002CCC
S21401D910F3D105240F278DF80830B3FBF7F0305C00
S21401D9200344DBB28B4228BF0B462B5501340B2C2C
S21401D930F3D10F2602F1A800D43215F8013BB3FB50
S21401D940F6F14C1CC1EB01115B1A0133DBB2E4B2F8
S21401D9501B0443EA045340F8043F8242EDD105B06C
S21401D960F0BD042418464FF00F0C1C4F0DEB0406B7
S21401D970B0FBFCF5EDB27D5D013C401BC0B28142BF
S21401D98038BF0020A055002CF2D105240F258DF8B4
S21401D9900830B3FBF5F0385C0344DBB28B4228BF9A
S21401D9A00B46335501340B2CF3D10F2502F1A80495
S21401D9B0D43216F8013BB3FBF5F1481CC1EB01115B
S21401D9C05B1A0133DBB2C0B21B0443EA005344F8CE
S21401D9D0043FA242EDD1C2E7715A0400645A040022
S21401D9E038B5284B05461A7827490C2A02D1FF205C
S21401D9F0087038BD104617F026F804461046FFF7A3
S21401DA0049FFA84228BF2846C0B2A04238BF2046D8
S21401DA100B78C0B28342ECD0087088B1431EDBB2EB
S21401DA20022A1A490ED14FF0FC62C1F8FC20A1F57A
S21401DA300051D1F8FC2042EA4353C1F8FC30D8E744
S21401DA400346EDE7124A134C1268AC32C4F8C02FF5
S21401DA504FF47F02C1F808210F49CA6FD202C8D419
S21401DA600F22B3FBF2F2551CC2EB02129B1A0133D2
S21401DA70D1F808411B0443EA05532343C1F8083192
S21401DA80B7E700BF2E650020A7650020002002B87A
S21401DA90204F0020001000B0000002B82DE9F04F22
S21401DAA090F830510646D0F8A82087B035BB1F2A1B
S21401DAB038BF1F22093A4C24844B85481B6A96F8C6
S21401DAC02B10C3F38213DC400368DFF82CA29342C9
S21401DAD0DFF828827F4B04F0010414D11F78A74297
S21401DAE011D19AF80070AF420DD17B4F3F788F422B
S21401DAF009D1B8F8040007B0BDE8F08F032A38BF93
S21401DB000322023AD7E7026098F800001C70FFF77C
S21401DB10C1FEFF2924D1284616F095FF07466F4916
S21401DB203CB3D6F8E4702FB13B68082B40F2CB80AB
S21401DB3097F838701DBB0B6840F27121B3FBF1F307
S21401DB4053431922B3FBF2F339462A4605A8059337
S21401DB5016F04FFF02023C04059842F0110988E0D6
S21401DB60471E8F4228BF0F46012F38BF0127FFB23D
S21401DB70D5E7012D29D0022D01D0B5B327460B6874
S21401DB8040F27121B3FBF1F353431922B3FBF2F3D5
S21401DB903946012207EB072405A8059307EB042461
S21401DBA016F027FF7F00032F38BF0327020242EA41
S21401DBB0001242EA0009033F00F01F0007FA00F0D6
S21401DBC0FFF7E4FC00F5FA6758E00F23B7FBF3F321
S21401DBD0581CC3EB0313FB1A0133DBB2C0B21B04A0
S21401DBE043EA0053C3F30747C9E70C6840F27121C3
S21401DBF0B4FBF1F40F2354431922B7FBF3F3B4FB40
S21401DC00F2F43748374A0068A2FB0412013350FA8F
S21401DC1083F313F8013C0392A3F140012A4603A8BB
S21401DC20019316F0E6FE039F2F4AE41BA2FB0412A3
S21401DC3000903021049204A82A4616F0DAFEDDF898
S21401DC4010B08146A4EB0B0401220594102144F286
S21401DC50100405A816F0CDFE009B1A02019B42EAAD
S21401DC60091244EA0344059B42EA000907EB0B004C
S21401DC701844FFF78BFC00F50C57283740F6FF7168
S21401DC801A4B3846C3F8C010A3F58053C3F8C090AA
S21401DC90A3F58053C3F8C440154C276001F0B0FCCF
S21401DCA04FF47A72134B4042986523680A49B3FBD6
S21401DCB0F2F3A8F8043096F82B30B7FBF2F08AF8A6
S21401DCC000500B7017E7002734E700BF004001B88B
S21401DCD0B4620020215C0020A4650020944E002040
S21401DCE0484E002069C2F568911E856B006001B838
S21401DCF07C4E0020001F00B0A56500202E65002088
S21401DD00014B1870704700BFA665002010B5044689
S21401DD1003F012F878B1174B1B786BB964B1164B48
S21401DD201B784BB1154B1B78013B012B04D84FF4E4
S21401DD300042134BDA6710BD124BDB6F1B04FAD49B
S21401DD401BF07BF84FF400420F4B0446DA67A3F54D
S21401DD50A0435B682BB1FEF741FF10B1022016F01D
S21401DD6083FE0222094B2046BDE81040C3F88424F6
S21401DD701BF05EB8225C0020235C0020804E002051
S21401DD80002002B8000002B8001002B800D003500C
S21401DD900122024B00201A70FFF7B8BF225C002058
S21401DDA00022024B01201A70FFF7B0BF225C002050
S21401DDB0F7B50646504C00F037FD504B2578504FCE
S21401DDC01E7085BB2846FFF7A1FF2378013B012B78
S21401DDD019D8E37B01A88DF80430237C8DF8053033
S21401DDE0E9F738FAC7F884544FF6FF72454BC3F883
S21401DDF08420F822A3F58053C3F884200022404BE8
S21401DE00C3F884240DE04FF6FF723E4BC7F88454E6
S21401DE10C3F88420F822A3F58053C3F88420C7F8FA
S21401DE208454394B5BE00020FFF770FF2378013BF9
S21401DE30012B08D8E37B01A88DF80430237C8DF8EC
S21401DE400530E9F707FA0023C7F88434002ECBD053
S21401DE5062685AB32D4B1B6803EB5203B3FBF2F314
S21401DE60013B1B0243F0F80326782649022E284A76
S21401DE701ED0032E4FF6FF75214826D0012E34D131
S21401DE8043F00203C1F88450C2F884300723C0F877
S21401DE908434E37B01A88DF80430237C8DF80530AB
S21401DEA0E9F7ACF90120FFF731FF17E0F823DBE7CC
S21401DEB04FF6FF7043F00103C1F88400C2F88430C6
S21401DEC006220F4BC3F88424E3E743F00503C1F8A9
S21401DED08450C2F884300423C0F884340D4B4FF0CC
S21401DEE080420020DA6703B0F0BDC1F88450C2F862
S21401DEF084300023F0E700BF804E0020235C002022
S21401DF0000C00350006000B8002002B8944E002004
S21401DF10005000B8001002B8F0B5294F06463D463D
S21401DF2004460FCE0FC5336885B02B6000F07CFC2D
S21401DF300022244BC3F88424A17A627A42EA014281
S21401DF40C3F89024217CE27B42EA0142C3F88C2488
S21401DF50217B627B41EA0240C3F888043B78032BAD
S21401DF602AD8DFE803F022020C178DF804100421EA
S21401DF708DF805200DEB01000022E9F70BF9E37B94
S21401DF8000228DF80830237C042102A88DF8093080
S21401DF90E9F700F9637A01228DF80C30A37A04219F
S21401DFA003A88DF80D30E9F7F5F8074B187805B09A
S21401DFB0BDE8F040FFF7FCBE212005B0F0BD00BF74
S21401DFC0804E002000C00350235C0020034BDB6F13
S21401DFD0002BBCBF024BC3F888007047000002B894
S21401DFE0004000B82DE9F04716F0A2FD4FF47A760E
S21401DFF02D4BB0FBF6F618604FF4FA7373430746E1
S21401E0002A48190E1B021818294A4FF0000341F13D
S21401E0100001FBF781FE274BA0F5807205461A63C7
S21401E02020B948222B21FDF753F801254FF47A72C7
S21401E0304FF0000A6A43534650083102FBF76CFE64
S21401E0401C4B1D4AB7F57A7F9A601C4B4FEA056850
S21401E05019601B4B8946044618604FEA152505D200
S21401E0609B222B215046FDF733F801264FF47A7395
S21401E070A8FB030103FB05117308C01841F1000159
S21401E08000233246FBF748FE0E4B023419600E4B56
S21401E09049F10009A408186044EA8974054B013C5B
S21401E0A09C63BDE8F08700BF944E002020A10700C6
S21401E0B040420F0000C001B802110100A44E00202A
S21401E0C0A04E00209C4E0020984E00201022044BAB
S21401E0D0C3F884215A600122024BDA60704700BF00
S21401E0E000E100E000C001B81022064BC3F884210D
S21401E0F0C3F88420BFF34F8FBFF36F8F0422024B08
S21401E100DA60704700E100E000C001B810B50446CF
S21401E110A242A2EB0000A3EB010104D2034B01399A
S21401E1209B6B0133184401F0030110BD00C001B818
S21401E13038B501250A4B02019D504FF48073044601
S21401E140084A834053661AF078FE074AA5401378BA
S21401E15023EA05031370BDE838401AF069BE00BF14
S21401E16000E101B800E001B82C5C00202DE9F84F71
S21401E170164605468A461F461AF05FFE022E00F036
S21401E180908080461AF066FE594B5A4AD3F8209082
S21401E190147D5A6EE4B2520744BFD3F8209001347E
S21401E1A004F003041AF051FE4846214600F036FA00
S21401E1B08446DAF80000012E04BF01306044ACEB5F
S21401E1C0000C08BFCAF80000BCF1804F7DD300F0F8
S21401E1D037FA8145A1EB040188BF454BDFF834C10E
S21401E1E088BF01F1FF3101F0030188BF9B6BA0EBF3
S21401E1F0090E0CF80510A1B1F90742BF41F61F72CE
S21401E2003D4B5A67BA0742BF3B4B3C4A5A677B07AE
S21401E21042BF0022364B9A673C0742BF0022344B6E
S21401E2209A6511244FF0010A314B05F110021201D3
S21401E23003EB051BCBF80C0131499C501A6A0AFA0C
S21401E24005F4586E0B78A2EB0902E4B2234372453B
S21401E2500B7025D34FF48073AB40034220D11CF8DA
S21401E2600520002A40D10EB3264AF807536607D583
S21401E27041F61F7140F201101F4B596750675967ED
S21401E280B90706D51C4B1D4A1E491F485A674867E1
S21401E2905A677A0742BF01221C4B1A613B071AD400
S21401E2A040461AF0C5FD0120BDE8F88F184A2D0139
S21401E2B042F805A042F89C3C1AF0BFFD10490B78C5
S21401E2C023EA04030B701AF0B3FD40461AF0B0FDC2
S21401E2D00020BDE8F88F2120FFF778FE4FF480324A
S21401E2E0034B4046DA60DCE7064A40465366D8E709
S21401E2F000C001B8044F002000E001B800001F1F55
S21401E3002C5C002000D001B800000101000002B81A
S21401E31000E101B8245C0020024B1878003818BFD1
S21401E320012070472C5C0020034B10300001185868
S21401E33000F00100704700BF00C001B870B5064686
S21401E340FEF74CFC044608B1FFF7CEFE0023084D4D
S21401E3503046AB61EB612B6200F072F9054BC9B236
S21401E360197528620CB1FFF7B1FE002070BD00BF21
S21401E37000C001B8044F00202DE9F0419DF8188037
S21401E3800D46B8F1000F08BF0022214EB5F5803FBB
S21401E390B168074621F4700141F4A001B1609DF80F
S21401E3A020409DF81C104FEA042444EA016444EA24
S21401E3B0031444EA084444EA02044FF0180140F208
S21401E3C0E9222CBF002001207465FCF781FE35642C
S21401E3D0B8F1000F1AD00F4BBC68D3F888305A2C0E
S21401E3E038BF5A245B0606D500F0F0FB18B10A4B7D
S21401E3F0B3FBF0F31C44204600F022F901308542BD
S21401E40038BF0022024B34BF5A645864BDE8F0811D
S21401E41000C001B800C000B800093D00214B10B58E
S21401E4201A6E1A66596C59B11F49C96800292EDB44
S21401E430596D4FF0FF3301F00F018B409A4326D1FF
S21401E44010242020FFF7C2FD184B9C6002F088FBC9
S21401E4502022174BC3F8842101F0F4FC48B10022B6
S21401E46000200821FEF71CF8124B5C66A3F58053CA
S21401E4701C670D4AD36803F07063B3F1807FF9D946
S21401E480084B0D4A5A6741F201429A6710BD01F0E6
S21401E490D9FC0028F4D0094B064A5366A2F58052EF
S21401E4A01367EDE700C001B8000002B8001002B81B
S21401E4B000E100E000E001B8011B01181000002097
S21401E4C008B52120FFF782FD4FF48032014BDA6058
S21401E4D008BD00BF00C001B8F8B5184D04462B6A48
S21401E4E01B0426D500F0E6FB2B6AA0FB044613F0BE
S21401E4F0787F4FEA9367C3F34450C3F3044505D1CD
S21401E50040F25A422B21FCF7E3FD0120AD01B5FB99
S21401E510F0F010EB871005D140F25F422B21FCF79B
S21401E520D7FD01200246002320463146FBF7F4FBC7
S21401E530F8BD00F04BFBA0FB0401F9E700C000B8F2
S21401E5400246012030B50B4CA0F12003C0F1200596
S21401E55024FA05F504FA03F32B4304FA00F5954271
S21401E5608B4100D330BD0F2801D00130ECE7FF20EE
S21401E570F8E700BF40420F0010B50C46FFF7ACFFAE
S21401E580C30943EA4163C01A61EBD111FFF7D8FF13
S21401E590FF2814D00F220C4B40F01000C3F888203F
S21401E5A0A3F58053C3F88800A3F580531B6ADBB23A
S21401E5B0802B06D02046BDE8104000F067BB212026
S21401E5C010BD0220FCE700BF00E000B838B51AF025
S21401E5D041FC084B084A1D6A147D5A6EE4B2520784
S21401E5E044BF1D6A01341AF030FC284604F00301CA
S21401E5F038BD00BF00C001B8044F00200346064ADC
S21401E600103302EB00111B01D1F80C01D158C1F3F4
S21401E610400116F034BA00BF00C001B8064B1B68B3
S21401E620434303EB8171054B1B68A3FB003013F1D9
S21401E630004341EB000070479C4E0020984E00209E
S21401E6400C4A20F04043014610B5002014684FF0F4
S21401E6500042E4FB0320084A890F126802FB03000C
S21401E660064B9B6B984204D901330131C01A01F065
S21401E670030110BDA04E0020A44E002000C001B82A
S21401E680044B01F0F071103041F003010001195004
S21401E690704700BF00C001B808B52220FFF796FCFE
S21401E6A04FF48022014BDA6008BD00BF00C001B8FC
S21401E6B008B5064B4FF030401A6805499200FCF742
S21401E6C027F8BDE8084001F0E3B800BFB45A0400DB
S21401E6D0B85A040070B50C68651C15D0C4F3026600
S21401E6E09E42C4F3074530D1A4B294422DD804EB20
S21401E6F08506B24229D2141BA50824F003040E593C
S21401E700340F04D0012C08D00022212402E06B1C17
S21401E71051F82320C0E9002470BD0E4C34F81330A4
S21401E72042EA03431A686B1C51F8234001EB83014C
S21401E7304B6822405E4036F0704404D11B0F032B19
S21401E74004BF8B681A430024E4E7013501EB850119
S21401E750C1E700BF8C5A040007B501A8EBF7D6F84D
S21401E7604822164B5A65164AD2F8D43023F4FC33A5
S21401E770C2F8D430134B1B689DF80530023B012BC1
S21401E78019D84022104BC3F8FC23104BD3F85C3247
S21401E790DBB2FF2B00D10623094A1B03D2F8FC1378
S21401E7A09BB20B43C2F8FC33D2F83021084B1A60F7
S21401E7B003B05DF804FB00F0E7FEECE7008001B86B
S21401E7C0000002B8002000B0001002B80080E00F80
S21401E7D0384E002000224FF400710F4B10B51A6717
S21401E7E05A679A670D4AD162012102F5E8325161F2
S21401E7F0DA6812F0706FFBD14FF0304201245A668E
S21401E80002F5FC5208329C66DA64054B1B68984791
S21401E810044B5C6110BD00BF000002B8004000B8A8
S21401E820B8620020002002B801230F4A0F49C2F83F
S21401E83080328A6A22F002028A620D4A53600D4AC9
S21401E84053600D4A5360A2F580425360A2F54042E0
S21401E850536002F5C032536002F580425360A2F560
S21401E86000425360704700BF0080005000C0005057
S21401E87000D000B800500054005001B808B5FFF7AA
S21401E880D3FF0E4B0E4ADA6700F076FEFFF764FF01
S21401E89003220C4BC3F8E020012203F54043DA675C
S21401E8A04FF460725A614FF40072DA67FEF778FB34
S21401E8B0BDE808400021FEF74FBB00BF000002B8CC
S21401E8C00048F000005001B82DE9F04F054687B02A
S21401E8D002900F4657F8044B631C06D1029B2C602E
S21401E8E0E81A801007B0BDE8F08F5FEA147B18BF06
S21401E8F00123344AC4F3016108BFC4F3074332F865
S21401E9001120A4B24FEAC30A2F4844EA02440AF18E
S21401E91004022A4482421BD20722CA4002F00102A4
S21401E92001929A0004EB830303930123B94603FA89
S21401E9300BF808F0940305F1080604920593039B6F
S21401E94009F10409A34208D1049955443944C0E7A2
S21401E9501D4A9542E0D80020C4E7059B53B918F03C
S21401E960420F19D118F0280F0BD146F8084C59F868
S21401E970042C21E04FF4206232210020FCF7A8FB92
S21401E980F3E740F6042232210198FCF7A1FB04F5D7
S21401E990805246F8082CEAE740F60D22322101980B
S21401E9A0FCF796FB04F50052BBF1010F46F8082C64
S21401E9B0DDD159F8042CD24346F8042C0434083629
S21401E9C0BDE700BF8C5A0400003000B0F8B505461C
S21401E9D0F0B10026154B34461F46154953F8042B53
S21401E9E0BAB9A00000F13040294600F50150FFF702
S21401E9F06BFF30B940F6AE323621BDE8F840FCF781
S21401EA0067BB0C4B0134044447F8265023F81640E4
S21401EA10F8BDAA42FCD001360C2E02D031F81640C1
S21401EA20DCE740F6C83236210020E6E7A84E002093
S21401EA30FA540020FC54002070B50446A8B1C1B1B8
S21401EA40384A52F8043B984215D1002336498A6861
S21401EA509206FCD49B00354A03F1304303F501537B
S21401EA60C2F8B0302022324B9A6070BD01330C2BB5
S21401EA7002D1304D12E0012352F8041BA142F5D118
S21401EA802D4A32F81330E1E704D16268C3E9001277
S21401EA90083403E0012A01D1043419602268531CAA
S21401EAA0E3D0C2F3016335F81300110C93B211F0F1
S21401EAB0FE0F43EA004360680DD00434CAB2022A4E
S21401EAC02168E1D9D4E90160033AC3E900169860E8
S21401EAD00C340C33F3E7120F072AD9D8DFE802F01B
S21401EAE00704090D1013181DC04303F500531860E1
S21401EAF0CEE71A6842401A60CAE703F58053F6E784
S21401EB0015F0B2FFC4E7012203F580538240F2E715
S21401EB10012203F500538240EDE71A6830EA02024B
S21401EB20FBD1B5E7A84E0020000002B8001E00B0D9
S21401EB30001002B88C5A0400FA5400200122014B3E
S21401EB40DA677047001002B80122014BDA67704796
S21401EB50002002B84022014BDA677047002002B855
S21401EB604022014BDA677047001002B80B4B1B6856
S21401EB70D3F8E43023B11A68022A01D9186A70471B
S21401EB80074B9A6D90B238B1064BC2F307421B6829
S21401EB90DB085343B3FBF0F0704700BF204F002063
S21401EBA0004001B8944E0020064BDB68C3F30363B4
S21401EBB0984206D1044AD36B23F0F00343EA0111CD
S21401EBC0D1637047000002B8001F00B0054B1B68F8
S21401EBD0D3F8E43013B11A680A2A01D8FFF7C6BF82
S21401EBE0186C7047204F00202DE9F743064615F0B4
S21401EBF034FF00248046DFF890901AF01EF90DF1DC
S21401EC00070105460DF10600FEF75AF89DF8063095
S21401EC108BB9721C29D015F020FFA0EB08042846FA
S21401EC201AF006F99DF8063013B99DF807303BB384
S21401EC30A642E2D824E0D9F80C3013F4603FE8D0BD
S21401EC40D9F8100015F076FF731C074603D015F0AF
S21401EC5004FFA0EB080428461AF0EAF817F5007F2F
S21401EC60E0D0384603B0BDE8F08328461AF0E0F855
S21401EC709DF80630002BC0D19DF80730002BBCD183
S21401EC80004FEEE700FEFFFF00C000B810F1800F56
S21401EC9004D04D28CEBF7F20323040B2FF22044B35
S21401ECA0C0B21A62A3F5805318620020704700BFF5
S21401ECB000E000B80B4A10B5136E0B4C116E03F052
S21401ECC00703E35CC1F3CD0101FB0333126E074872
S21401ECD0C2F3454202FB033300688001B0FBF3F048
S21401ECE010BD00BF004001B8845A0400944E0020B5
S21401ECF0084910B5D1F89C3040B11C46CA68D1F815
S21401ED009C309C42F9D1C2F30362027003F00F00FB
S21401ED1010BD00BF000002B8094B01F080011B6F57
S21401ED2003F480030B4309D14FF40012054B1A621A
S21401ED30837F1BB10122044BC3F80021704700BF3B
S21401ED40000002B8006001B8005001B82DE9F04F8C
S21401ED50404F804685B038680C4615F085FB20B9D3
S21401ED600024204605B0BDE8F08F2246002140462B
S21401ED70FBF73EFB384B5D6915F00105F0D1FCF75A
S21401ED8001F806460028EBD03F68384615F0A4FA8D
S21401ED904FF6FF73984234D04FF060512F4E304BF0
S21401EDA0304AD3F82090D6F88C3011624FF00061CB
S21401EDB0A2F58052116224220421C6F88C202A4A28
S21401EDC04FF4804B91604FF480520027DFF8A4A0E7
S21401EDD0CAF868B0F262A7421ED30421234A9160A2
S21401EDE0A2F5F032C2F88C304FF060521D4B1A6219
S21401EDF009EA02031E4A13624FF480421D4B9A66CB
S21401EE00AFE73146384615F00BFA01463846FCF7AF
S21401EE10FDF80028C0D0A3E7B26E5104FCD5B26855
S21401EE20D205F9D5CAF868B0D6F890200135012D7B
S21401EE300392D0D9E21B042AA8BF042208EB0700DC
S21401EE4003A901930092FBF763FC009A019B3A44E5
S21401EE5097B2C0E7204F0020000002B8004000B87B
S21401EE60004001B8006001B8001002B8002002B8E6
S21401EE70005001B8006000B84FF604014FF60502D5
S21401EE80044B01201B6C9BB28B4208BF1346024AFF
S21401EE90136670470080E00F00C001B82DE9F74FF8
S21401EEA081460F464FF0FF35FFF790FB0026019095
S21401EEB08A462C463046DFF8D8B006F110031B010F
S21401EEC05BF8033003F00308B8F1010F15D13046A3
S21401EED0FFF794FB02460B4601985146FFF716F9D9
S21401EEE0DBF8643006F10802D340DB0739D5002F82
S21401EEF040D000252C463E6040460136082EDCD127
S21401EF0060B3234A0027D2F808C0916B0CF4403353
S21401EF100131A4FB0141641941F10001B3F5003F41
S21401EF2030D1536B0CF4405C013347F10006BCF55D
S21401EF30805F22D1156B15F5807505FB06F647F146
S21401EF40000203FB0266A5FB03323244594304FB6D
S21401EF500212A3FB04341444C9E9003403B0BDE82B
S21401EF60F08FA84271EB0403C6D207B13E60054696
S21401EF700C46C1E73D463C46BEE7320242EA136212
S21401EF801B02E3E7136B13F5807347F10002DDE71D
S21401EF9000C001B808B515F0E1FD044B5A7C012309
S21401EFA002329340024A536108BD00BF044F00205D
S21401EFB0002000582DE9F34105460F4668461146E4
S21401EFC0FFF76CFF0646B0B1AFB1DDE900321B0AB0
S21401EFD043EA0263A5FB0384094B120A05FB0244BC
S21401EFE01A6812B915F0A4FD0246002340462146D0
S21401EFF0FAF792FE3860304602B0BDE8F08100BFF5
S21401F000944E002037B50446FFF70EFCE1782279CE
S21401F0101B4841EA0243C0F8CC34E579A37943EAB8
S21401F0200543C0F8D03423784BB18DF80410042181
S21401F0308DF805200DEB01000022E8F7ABF86378A8
S21401F0405BB10421A37900228DF80430E3790DEB3E
S21401F05001008DF80530E8F79DF8227801235AB1B2
S21401F060084AC2F8C834627802233AB1054A002039
S21401F070C2F8C83403B030BD034AF2E7024AF6E7E5
S21401F08000C0035000D0035000E0035070B52C4B75
S21401F0900C461A7812B92B4A926D1A702A4AD26F08
S21401F0A052054AD51D78294B05F00F06B0FBF3F043
S21401F0B040434FEA151505D140F27C622B21FCF73F
S21401F0C007F80120224A0A217243B2FBF0F34843B3
S21401F0D0B3FBF1F602EB5002B2FBF0F201FB163382
S21401F0E0042BD2B207D8C3EB8310C3EB80035BB209
S21401F0F083B96DB217E0C3F10B0303EB8303DBB2F5
S21401F100B3FBF1F32B44DDB20F2DF2D9013AD2B2A3
S21401F110053DEEE7053B5BB293FBF1F31D44EBB215
S21401F1206DB2002D04DB002042EA0512226070BD9C
S21401F13001320533D2B25DB2F5E70220F7E700BF30
S21401F1402D5C0020008001B8000002B8403B25007D
S21401F150809698004FF0000C2DE9F84FA2FB017B3A
S21401F160C84EDFF85CE3BE1999466BF10003B6455D
S21401F1707CEB030308D240F23E220E216046FBF7E9
S21401F180A7FF0220BDE8F88FD0F8E4A00C4615468C
S21401F190BAF1000F04D0DAF80030032B00F21B811D
S21401F1A0B94BBA4A9B6BD2F8FCA0C3F31408B84B10
S21401F1B0D3F8EC305E00B64B48BF48F400181B6E1F
S21401F1C048EA456858074EBF4FF440039B0503F0D5
S21401F1D0E07348EA030817F0AFFF012D0646D0D1C9
S21401F1E00028CED0AB4B984200F0048103F51223E1
S21401F1F003F5F863984200F00381A74B984200F0AC
S21401F2002F81002502462B4600204FF00071FAF7A9
S21401F21083FD2B46013007FB03F3C8F3130100FB04
S21401F2200B33A1FB0662A7FB007001FB052203441A
S21401F23020339B09C9F80030F60C984B46EA423653
S21401F24018F4801F1C6008BF7642954B954DC9F88F
S21401F250144034441E602C60BAF1000F00F0B980EF
S21401F26000239149C8F381528A5C194618F0807FC1
S21401F27018BF6408002EB8BF764292066008C2FB2B
S21401F28006012246FAF748FDDAF800300E2B08D9B7
S21401F2907F4B7D4A926BD969D3F80C31C90600F1D0
S21401F2A0D68018F4001814BFC42240F207127F4912
S21401F2B0C0F31300A1FB04614FEA511102FB01F1F7
S21401F2C0C9F80400DAF818004FF4FA73B1FBF0F14C
S21401F2D018BF4FF0000801FB03F3A4FB0262FA33E8
S21401F2E0A3FB003004FB0822B342904138BF013132
S21401F2F0C9B241F4006CC9F808C000297ED0DAF81A
S21401F3001C00A1FB003624B1B4FA84F20E2A40F3A5
S21401F3108880E203002E77D1B2FBF3F2530003FBA1
S21401F3200113A3FB00764FEA044EBE454FEA144490
S21401F33074EB060609D34E003344A0FB0371BE45A9
S21401F34074EB010102F10102F6D2C2F30E024CEA9D
S21401F350023C4CF00063C9F8083017F0EDFE2B684C
S21401F360002B00F08880B3FA83F4D4F102044CBF7A
S21401F3701C4623FA04F44E4B9C4288BF64080028BE
S21401F38046D0B4FBF0F3642100FB134201FB02F20A
S21401F390904244D85A1E52085B08013B120242EAC8
S21401F3A00313C9F80C3017F093FE00285CD0B4FBA9
S21401F3B0F0F2642100FB124401FB04F4A0425ED883
S21401F3C0531E5B085208013A1B0243EA0213C9F8AE
S21401F3D010300020D6E6042BDAF828807FF4FBAE46
S21401F3E018F0807F0CBF08F0E0734FF4400328F05C
S21401F3F0E078EEE600232F481D460CE72120C1E603
S21401F40000232D481D4606E70B46002289E70446E1
S21401F41040F2C2422B210020FBF75AFE2346013B55
S21401F420B8E7C2F10F0702F1110E06FA0EFEFB4015
S21401F43043EA0E03A7F1200E26FA0EFE43EA0E0358
S21401F440FE40013304FA02F246F1000662E702F4D6
S21401F450801203F400131A4308BFC0F5801020E79A
S21401F460002316481D46D6E640F2E5422B21FBF75F
S21401F4702FFE621EA4E70028C9D01C46CFE714461B
S21401F480F7E700BF006CCA88008001B8001F00B013
S21401F490004001B800F04902005A6202E04E002026
S21401F4A0DC4E0020D84E00209C5A0400D34D62103A
S21401F4B03FBE40250A3BB2DF313641DCD694BFD68B
S21401F4C0807C814A10B50B46044686B039B98279EC
S21401F4D0016821486B460068FFF73CFE6B461F4AF1
S21401F4E0196851631E4AD2F8FC2062B35A6842B1C9
S21401F4F01C4A1D49C2F80C115968A2F58052C2F87F
S21401F5000C119A6842B1174A1849C2F8EC1099686A
S21401F510A2F58052C2F8EC101549D868D1F86421DA
S21401F52022F4EE620243C1F86421D1F85C21186925
S21401F53022F4EE620243C1F85C21A1F5FF4158694D
S21401F5402839FFF7A3FD0020A2880A4B9A6203F52B
S21401F550A033186406B010BD204F0020008001B80B
S21401F560001F00B0006001B8FFFF0F00FFF8FF0F9B
S21401F570000002B8004000B84FF48062014BDA6721
S21401F580704700BF001002B84FF48062034BDA6781
S21401F590034B1B780BB1034A93657047002002B8F2
S21401F5A02D5C0020008001B840B10368012B05D90D
S21401F5B00069034B002808BF18467047004870478B
S21401F5C0A45A040010B590B10468012C0FD9026941
S21401F5D06AB11168094B102C19605168596091681D
S21401F5E088BFD268996094BFD960DA6010BD1022D6
S21401F5F000210248FAF7FCFEF8E700BFE84E0020BB
S21401F600084BC1171A68A2FB000302FB013310F175
S21401F610807043F10003400E40EAC310803820EAB0
S21401F620E0707047F84E00200722164B70B5DA6678
S21401F630154B164A1D68164BEC08E005C0184FEA34
S21401F640153141F100010023FAF766FB114B124E0A
S21401F65018604EF66020FFF7D3FF4042C6F88400DC
S21401F6600E48FEF7EDFF024658B1E30150081818A0
S21401F6704FEA15714FF0000341F10001FAF74CFB18
S21401F680F06570BD000002B8944E002065CD1D00E7
S21401F690B2E60E00F84E0020001F00B040420F00F8
S21401F6A010B5044698B10B4BD3F8FC00FFF78AFF60
S21401F6B04FF47A7303FB04F0074BA0F6AC50DA68FC
S21401F6C09B681044C01ABDE81040FFF799BF4EF67C
S21401F6D06020F8E7001F00B0E84E00202DE9F8434F
S21401F6E00546084614461E46FFF76CFF0DB306F0A6
S21401F6F0020716F004061ED1DFB14FF47A706B686C
S21401F7005843002B40F08C80FFF77AFF60626B69EC
S21401F710002B00F08C804B4AD0684FF47A7202FBC3
S21401F7200300A0F503501038FFF76AFF2062002E91
S21401F73057D1BDE8F8832869002868D04FF47A735A
S21401F7405843404BA0F6AC509B68C01AFFF758FFD1
S21401F750E061A88B00285DD04FF47A735843394B8B
S21401F760A0F6AC509B68C01AFFF74AFF2061364BE3
S21401F770E968D3F8008000294FD04FF47A735943D3
S21401F780304BA1F6AC519A685B68891AC91A2F4B9F
S21401F790C8171A68DFF8BC90A2FB011302FB0033FE
S21401F7A011F1807143F10003490E41EAC31180391A
S21401F7B0274B6161DB6EA361D9F8003053B1404637
S21401F7C015F04CF830B12246D9F800301D49D8F86A
S21401F7D0D80098470021A869FFF762FFA062002FB2
S21401F7E08BD1A86830BB47F23050FFF709FFA06005
S21401F7F04FF47A702B6858432BB1124B1B6803F5F4
S21401F8001C5310331844FFF7FBFEE06091E74EF6F9
S21401F81060209BE74EF66020A6E74EF66021B6E72D
S21401F820084B1B6803F51C53103318446CE747F26A
S21401F830305079E74FF47A735843A0F503501038E7
S21401F840D3E700BFE84E0020204F0020F84E0020EE
S21401F850001F00B0E44E002038B5054608461C4699
S21401F86015F01EF90246D5F8E400FFF79DFE436841
S21401F870A018002B044AA8BF4FF4FA721A44034B8F
S21401F88092FBF3F2104438BD0CFEFFFF18FCFFFF9D
S21401F89070B5124C88B001AD0FCC0FC594E80700C7
S21401F8A085E807008C2200210D48FAF7A1FDD42235
S21401F8B000210C48FAF79CFD0B4B0C4A5A6301F0E9
S21401F8C04DFA0B4B1B783BB1044E01AD0FCD0FC665
S21401F8D095E8070084E8070008B070BDC41F00B0B3
S21401F8E0A01E00B02C1F00B0001F00B01011111197
S21401F8F0205C002008B519F0A0FA0E4B1A78A2B9C0
S21401F9000D4A126812F4843F0FD10C4A1021D167B8
S21401F9101B7863B9084B1B68DB0508D4074B20220C
S21401F920DA67BDE8084019F083BA054AEEE7044BEA
S21401F930F5E700BF335C0020A0150020002002B8C8
S21401F940001002B80A4B197801F0FF0229B1002114
S21401F950197008499202C1F8B420597801F0FF02E3
S21401F96029B1002159709302024AC2F8B830704793
S21401F9702E5C0020005000B8064BD3F8D80E064B7C
S21401F9805B6F1A0103D4054B9B6E1B0401D500F572
S21401F99080707047001000B0000002B8004000B848
S21401F9A010B519F04AFA0E2104460320FFF7FCF8B9
S21401F9B040F20122034B2046BDE81040DA6219F0FE
S21401F9C037BA00BF004000B808B519F036FA4FF054
S21401F9D00042224BC3F88020BFF34F8FBFF36F8FD7
S21401F9E00122C3F88420BFF34F8FBFF36F8F02222B
S21401F9F0C3F88420BFF34F8FBFF36F8F0422C3F881
S21401FA008420BFF34F8FBFF36F8F0822C3F8842083
S21401FA10BFF34F8FBFF36F8F1022C3F88420BFF35D
S21401FA204F8FBFF36F8F2022C3F88420BFF34F8F11
S21401FA30BFF36F8F4022C3F88420BFF34F8FBFF30D
S21401FA406F8F4FF48072C3F88420BFF34F8FBFF3DC
S21401FA506F8FBDE8084019F0EBB900BF00E100E088
S21401FA6008B519F0EAF94FF00042094B1A60012275
S21401FA705A6004225A6008225A6010225A602022D4
S21401FA805A6040225A60BDE8084019F0D1B900BF5B
S21401FA9000E100E0012370B5074C2370074B1E6898
S21401FAA0074B3240D3E9005319402840FCF7F8FCD5
S21401FAB00023237070BD00BF315C0020004F002082
S21401FAC0A01500200022044B1A70044B197811B1BE
S21401FAD01A70FFF70FBF7047325C0020335C0020BE
S21401FAE02DE9F047DDF820A003EA0108099B064648
S21401FAF00C4602EA000703EA0A09BAF1000F40F0D1
S21401FB004E81031F0B4300F00E81052871F100039F
S21401FB1080F0E48050EA010300F06081431E0B434D
S21401FB2000F02481FFF750FFAD4AD2E9005323EAE3
S21401FB30040325EA06053D4343EA0807A94BC2E943
S21401FB4000571E68DFF8F48226EA0A0646EA090626
S21401FB501E60FFF7CFFE15F02A4F14BF48F20203CE
S21401FB604FF40043A04AB007D26EA04848BF43F402
S21401FB70005383EA020122EA0302C2669C4A0B4052
S21401FB808166D366C5F380421203290348BF42F457
S21401FB908072EB0648BF42F40052964BAC0648BF53
S21401FBA042F400726806D3F80C3248BF42F4806211
S21401FBB0290648BF42F400628F4882EA030123EA1D
S21401FBC00203C0F80C328D4B0A40C7F34024A4044C
S21401FBD0C0F80812C3F80C22EA0448BF44F4803483
S21401FBE0AB0348BF44F48014A80748BF44F480041C
S21401FBF015F4001F06D0D8F8000015F085F808B9EE
S21401FC0044F40024E90248BF44F40034FA0648BF2D
S21401FC1044F4000473077A4B48BF44F004041A6A9C
S21401FC2044F4001484EA020323F0010375491A40E0
S21401FC300A621C40CB61744B16F0010F1C62734BB9
S21401FC40734A18BF1A46734B7C071B6F48BF42F0B6
S21401FC500062714882EA030123EA020303676F4BDD
S21401FC600A4041661A676E4A05F00103516CA0F519
S21401FC70803081EA030221EA0301416482631A406B
S21401FC80684B28025A64D8F8002048BF664B92F8A1
S21401FC90F62058BF654B690748BF43F4806322B11D
S21401FCA015F4C06F18BF43F480733207604A48BF2B
S21401FCB043F00043D2F8EC105E4883EA010222F4D6
S21401FCC0A0221140C0F8EC101340C0F8E0205A4AB8
S21401FCD0BDE8F047C2F8EC30FFF7C2BEA0F580637E
S21401FCE00B4306D020F48063A3F500730B437FF427
S21401FCF019AF19F0A2F83A49D1E9003223EA06030E
S21401FD0022EA040242EA08023B43C1E900324B4AB6
S21401FD10126892F8F610474A09B313F4C06F1ED062
S21401FD204FF4807311E019F088F82D4AD2E90031BA
S21401FD3023F004033B4341EA080157EA0807C2E9F6
S21401FD4000314FF480633B4A0BD0C2F8E030A2F595
S21401FD508052C2F8EC30BDE8F04719F069B84FF4AC
S21401FD608073C2F8EC30C2F8E030F4E719F065F8B9
S21401FD701B4AD2E9003123F001033B4341EA080163
S21401FD80C2E9003101232E4A57EA08071BBF9363D5
S21401FD90A2F580525364536408BF9363DBE750EACD
S21401FDA001037FF4BFAEBAF1010F7FF4BBAE19F0C9
S21401FDB044F80C4A136823F0010343EA090313606D
S21401FDC04FF48063144AB9F1000F04D05366A2F5CC
S21401FDD080521367BFE713675366BCE7BDE8F08739
S21401FDE0A0150020004F0020004000B8006000B8B9
S21401FDF0005000B8004001B8006001B8005001B8DA
S21401FE00000002B8002002B8001002B8041C00036B
S21401FE100418000300C001B800E001B800D001B822
S21401FE2000C000B800D000B80D0A0A09090A0A097C
S21401FE30004000540060005400500054204F002041
S21401FE4000E000B8024B5868C0F3C000704700BF1E
S21401FE50A0150020024B186800F00100704700BF93
S21401FE60A0150020024B5868C0F3C030704700BF91
S21401FE70A015002010B50446FEF700FDFFF7A4FD0F
S21401FE802046FDF7BDF8FEF7A5FCFEF7ABF8FEF73A
S21401FE901DF9FFF7C9FB13490723134AD1F8FC10D4
S21401FEA004F1F800FFF71AFC4FF080710020FEF70E
S21401FEB0E7FB4FF000720D4B4FF400110120C3F821
S21401FEC00021FEF7DDFBFEF7D7FF20B940F29232A4
S21401FED01421FBF7FDF814F04AFEBDE8104001209E
S21401FEE0FDF766BF001F00B0581F00B000D001B874
S21401FEF08023074A1367082340B11367054AD2F8DF
S21401FF00A03023F02003C2F8A0307047024AF4E77D
S21401FF10001002B8001E00B0002002B810B518F09C
S21401FF208CFF012104460020FFF7E2FF044B196114
S21401FF30044B5B6898472046BDE8104018F078BF30
S21401FF40000002B8A4620020F8B5194C05462078D6
S21401FF5040F2E442B0FA80F03E214009FBF7B8F8DF
S21401FF6055B9607840F2E442BDE8F840B0FA80F056
S21401FF703E214009FBF7ACB84FF440660D4F0E4DDD
S21401FF80D7F8B43040F2E442C3F381232370C5F8B6
S21401FF90B46060783E21B0FA80F04009FBF798F82B
S21401FFA0D7F8B830C3F381236370C5F8B860F8BDDD
S21401FFB02E5C0020004000B8006000B8F8B5084C80
S21401FFC0084D236F0423084F2B67236F5B0300D470
S21401FFD0F8BD042602203E6714F046FD2E67F4E7BE
S21401FFE0000002B8001002B8002002B8A82238B5F6
S21401FFF01A4B1D6F03F500531A6710229A60A3F57A
S214020000804302F100521A675A66FFF79BFC144BB4
S2140200101B7813B90320FEF78BF80024114B9C675C
S214020020FFF7CCFF104A114BD2F8D81E0B40C2F88D
S214020030D83E04220E4B1A670E4BAA06C3F8AC40F3
S21402004008D503F58073DB6CB3F5817F22BF80226F
S214020050024B1A61BDE83840FCF7C2BB000002B88A
S214020060305C002000C001B8001000B0DF0000FFC6
S214020070002002B8001E00B010B549B930B3164AC7
S214020080D3681B0E13F00E0F20D193689A061DD468
S214020090FFF786FC104C0020FEF72AFE032801D04C
S2140200A0092805D1636FDB03F5D4E36D0C2BF2D977
S2140200B0FFF784FF4FF40072084BDA62012203F561
S2140200C0E8335A61042203F580531A674FF4C0627C
S2140200D0034BDA6210BD00BF000002B8004000B851
S2140200E0006001B808B503210920FEF75DFD202255
S2140200F0014B1A6108BD00BF000002B838B50546BC
S21402010018F09BFE0E4B04461868FDF745F835B10D
S214020110FFF7D8FC2046BDE8384018F089BE094BE8
S2140201201B78002BF6D0084B1D78002DF2D1FFF776
S214020130C9FC2A464FF480400021FFF7ABFCE9E7F2
S214020140204F0020325C0020315C00202DE9F84F61
S2140201505C4B06460D4614461B6F002A40F0AE80E6
S21402016013F0A00F14BF4FF001094FF00009FCF77F
S21402017037FBA0234FF0000ADFF868810320C8F897
S2140201807030FDF7D5FF0420FDF7D2FF4E4FFFF784
S21402019099FC4E4B4FF0040B7B67C7F878A0FFF72D
S2140201A00DFF4B4B4FF48071D3F8A020494842F024
S2140201B02002C3F8A020FF22C8F80820414A116195
S2140201C0D0F8D82E44491140C0F8D81EC8F870B0EE
S2140201D0C3F8ACA07B6913F0060F04D0FEF75CFAF6
S2140201E05846FDF7A5FFB9F1000F08D04FF400629C
S2140201F03A4B1A674FF40042A3F5E0339A6666B1AB
S214020200374BDB6C180701D4FFF7CAFBFFF76AFF10
S2140202100420FDF78DFFFFF795FB2A4B5A69D1079D
S21402022047D5DA6812F0706FFBD12E4B2E4A1A674A
S2140202302E4AD36B23F0F003D36315B12046FFF7A3
S2140202405DFF2B4BD3F84C315A1C01D05B0002D514
S2140202500122244B5A6164B3214BDA6E03F5005334
S2140202609A6603F5D0331B6A1E4A23F00103D36154
S214020270204BD3F80C1203F50053C3F8081203F50B
S2140202800053D3F8841003F5005399671A4BD3F83A
S214020290EC1003F50053C3F8E010184B596C03F545
S2140202A000539963164903F5803359664FF608439F
S2140202B013670020BDE8F84FFCF736BD4FF0000983
S2140202C055E700BF000002B800C001B800000101F7
S2140202D0001E00B0001000B0DF0000FF001002B8E1
S2140202E0004000B8002002B810003000001F00B026
S2140202F00080E00F004001B80040005400C000B883
S2140203005000002F9B4B2DE9F04F9F6EDB6E85B0A1
S2140203101F40994B9F66994BD3F8E050D3F8EC30C8
S2140203201D40974BC3F8E050964BD3F80822D3F8FB
S2140203300C3202EA0309944BC3F8089203F52043F1
S214020340DA691B6A02EA0308904B08F47702DA615C
S2140203508F4BD3F80422D20605D4D3F80431C3F364
S2140203600016DB0651D518F068FD8A4B5A695E6E98
S2140203701B6F12F0060F06EA0306874A26F0007382
S21402038014BF4FF0010A4FF0000A23F4006374070B
S214020390536604D5814A137D0133DBB2137518F018
S2140203A047FD002F00F0E28017F4004300F0D380F0
S2140203B018F043FD0146FFF7DFFA0446784BD3F800
S2140203C000B0DBF80020DBF800309A42FBD0DBF806
S2140203D000209A42FBD0FFF7CFFAA04217D1084678
S2140203E018F026FD6F4B1C606F4BD3F870B01BF4F1
S2140203F0E0520ED124F07F4424F0DF040CB9FFF75C
S214020400F5FD4FF0807B002414E0B246C9E70446AF
S214020410D7E70192FFF7EAFD5C4B019A1BF4805482
S2140204201A6740F09A801BF4806F0CBF4FF0805B17
S2140204304FF0806BB80715D55B4A5448126F02F42A
S21402044060410167002900F08B80110400F18B8067
S21402045012F4005F0CBF4FF000524FF0006200240F
S2140204604BEA020BC7F340377F00504A2A40002A65
S2140204704AD015F4206F0AD040F6A31206210020B7
S214020480FAF726FE0020FFF739FE25F48025EB0555
S21402049006D5FF213D4A4BF4C06B9160FFF780FA08
S2140204A015F0090F0AD040F6B81208210020FAF714
S2140204B00FFEFFF717FE0121304A116315F0106F89
S2140204C00CD040F6C11209210020FAF701FEFFF710
S2140204D009FE002211461046FCF736FE15F4202FC0
S2140204E00AD040F6C91207210020FAF7F1FD0020D3
S2140204F0FFF704FE25F48025E80301D5FCF768FF24
S214020500002DB8BF47F0080769070DD51B4AD26A07
S21402051012F4005F4FF4005217BF19492449CA6209
S2140205204BF4000B08BFCA626A0548BF4BF0040BC7
S21402053015F48023019300F0A480FCF701FF013834
S214020540062837D8DFE810F028012B0128012E01F3
S2140205503101340134019B4655E74FF0804B52E798
S2140205604FF000727BE74FF0004278E7BB463C460E
S2140205707BE700BF004000B8006000B800400054AF
S21402058000600054004001B8006001B8002002B8C4
S21402059000E100E000C001B800E001B8044F00200E
S2140205A0385A0400FC4E0020000002B8090B0B89E2
S2140205B00050005440F6FA1203210020FAF788FD94
S2140205C001218548826ED0F8883002F00702063292
S2140205D001FA02F2C3F30C0CA2EB0C0292B2072A47
S2140205E012D97E4A126F53020ED47D4B826B806DF7
S2140205F05B6D5BB102F0070206329140C0F30C005D
S214020600091A89B2072901D84BF4007B754A127879
S214020610002A36D0704AD2F8E02012F4A02F30D149
S214020620714A724912789AB9F20411D40A787AB1E8
S2140206304FEADB026E4842EA447282F00102D0F8C8
S214020640D80E02F00102520020FA02F2930718D1E5
S2140206500420FDF76DFD674A67485067FFF732FAD8
S21402066062490A784AB9654A127832B1644A6549DB
S21402067012680BEA02020A4201D14BF4804B26F4BE
S2140206808056B9F1000F1DD019F4805F18BF4BF4E5
S214020690802B19F4807F18BF4BF4002B19F4005FEF
S2140206A018BF4BF0100B19F4007F18BF4BF0200B4D
S2140206B019F4806F18BF4BF0400B19F4006F18BF87
S2140206C04BF0800BB8F1000F48D018F4001F0AD088
S2140206D04D4A13683BB1414A4C48116F00680022EC
S2140206E0C1F3C061984718F4802F18BF44F4007411
S2140206F018F4803F18BF4BF4805B18F4801F18BFB5
S2140207004BF4003B18F4800F18BF4BF0020B18F4A2
S214020710003F18BF4BF4801B18F4000F18BF44F0BC
S214020720100418F4002F19D0394AD2F8A02012F07B
S214020730C00F13D02949CA68C2F30362032A01D044
S214020740072A05D14A6FD00602D48A6F120732D51D
S2140207504FF400212F4A28F40028D161002E00F021
S2140207601B81330540F18F802B48DFF88890C278D2
S2140207702A49002A58D04FF40063013AD2B24B6697
S214020780C27032B9264A1278C2B140F60141254AF1
S21402079051670022002173E04BF4803B10E74BF4D4
S2140207A0006B0DE74BF4806B0AE74BF4807B07E7A0
S2140207B04BF0080B04E74BF4001BCFE7D9F8782080
S2140207C012F4A05F15BF4FF4807240F60142C9F8DA
S2140207D05820C9F87820DCE700400054000002B830
S2140207E0004000B8335C0020325C0020355C0020FC
S2140207F0001000B000C001B800000101345C002007
S214020800A0150020088D0100344E0020204F002045
S214020810001E00B0002002B8245C002000E001B8F0
S214020820305C002000D001B80320FDF781FCD9F827
S2140208301420A84B12F0060F04BF41F61F72A649F9
S214020840A64808BF4A674FF40061A34A5166D9F822
S214020850142012F0060208BFC9F878205A8A12F449
S214020860006162D022F400625A82027802F0FF0926
S214020870002A5ED1FDF710FFFFF7B8FB4A4620219B
S2140208804BEA020B0C43B00009D52E20FDF79EFB67
S2140208904FF00051904A44F0080411675166F10681
S2140208A006D52B20FDF792FB10218B4A1167516665
S2140208B016F0306F05D1F20463D5BAF1000F00F0DE
S2140208C0C080330117D52920FDF780FB844A526C7D
S2140208D012B11021834A9160FFF7B4FA48B1824AF6
S2140208E082487D494A66026700F54050C068400467
S2140208F022D444F0040416F0007A28D00420FDF72F
S21402090017FC2720FDF762FBFFF770FB4FF0007124
S214020910714A5166764AD2F8D82E520679D4022106
S214020920704A916044F0020428E002784FF40052C4
S214020930A6E74FF400422DE70A6720204A66FDF735
S21402094045FB2D2044F00C04FDF740FBD3E716F0E0
S214020950807FDFF88C9147D00420FDF7E9FB282042
S214020960FDF734FBD9F87820002A3AD1FFF73EFB90
S214020970594A5D4944F00104116751660021584AFC
S2140209809165720508D55B498A78002A00F0D880FE
S214020990013A8A7000221743574AD2F8A02013065B
S2140209A003D558462146FCF7C7F93A46584621462B
S2140209B0FFF770F8019B0BB1FCF7F8FC01224F4BD6
S2140209C005F00435C3F8E0504D4B18F4002FC3F879
S2140209D084211EBF4FF40022424BDA6105B0BDE807
S2140209E0F08FC9F878A0C3E7F104C7D50420FDF755
S2140209F09FFB444AC9F87420FDF74EFED9F86420DE
S214020A0012F0407FBAD12A20FDF7E0FAFFF7EEFA9D
S214020A1080E7394AD2F8A0108B0683D402203A49DE
S214020A2088603A49096891F82510C8077FF57AAFB9
S214020A3092F8C420002A3FF475AF8021344A11612F
S214020A4070E7344A1268013202D04BF0010B98E785
S214020A5028490A7952B1013AD2B20A7112B9234A26
S214020A602D49516700224BEA020B8AE70420FDF764
S214020A705FFB0320FDF75CFB194A2249516718F019
S214020A80DCF981460DF10F00FEF732F9234A824661
S214020A9012780AB1FEF784FFBAF1030F0ED1DFF81F
S214020AA070A00020FEF724F9032807D1DAF8742094
S214020AB0D103F6D4DAF85C200C2AF2D99DF80F207E
S214020AC0032A2FD10121164A4846117018F0B0F9B0
S214020AD0C8E700BF044F002000E001B8305C0020E9
S214020AE000C001B8002002B81000002000D001B8F3
S214020AF0001000B0245C0020001E00B0006000540D
S214020B0000E100E000000101001002B8204F0020C2
S214020B10000002B8AC6200200000010D365C002026
S214020B20325C0020094AD2F8E02012F4A02FC9D184
S214020B30FEF7C8FF484618F07BF94FF4804292E76A
S214020B400220FDF7F5FA012225E700BF0040005417
S214020B500122024B1A62DA61704700BF002002B817
S214020B600D4B10B5DC691A6A14400C4A24F47F0156
S214020B70D161E20706D5D9684FF0FF30C1F30361B1
S214020B8013F0FFFF630706D5BDE8104004220020DD
S214020B900021FEF77FBF10BD000002B8002002B899
S214020BA00C4A08B5936B526C13400B4A9363DB07EF
S214020BB00FD50A4B40F663421878122100F0010066
S214020BC0FAF786FABDE80840002201200021FEF767
S214020BD061BF08BD00C000B800E000B8A015002044
S214020BE0054AD2F88430DB07FBD4936FD2F8842010
S214020BF01340024A93677047008001B800A001B80C
S214020C0070B514460D4618F018F9064BD3F8A060D6
S214020C1074402C407440C3F8A04018F009F906EA64
S214020C20050070BD001E00B0034BD3F8A0309943F8
S214020C300CBF012000207047001E00B02DE9F041D5
S214020C4017460A43012A1D469DF818409DF81C6067
S214020C50DDF8208029D8B44227D2082E25D8032BC7
S214020C6023D8B8F1000F20D00A460021FBF71CFD5E
S214020C70FF21EB009940C943DFF834C008F1FF3882
S214020C80FF00E2B2964202D80020BDE8F0813D198C
S214020C900CEB8505D5F8E02018F8010F0A409840BD
S214020CA01043C5F8E0000134EBE72120EDE700BF72
S214020CB0001E00B0034B1868034B002808BF1846F6
S214020CC0704700BF1C4F0020887B04002DE9F843C4
S214020CD0DFF860900646D9F8008008461746B8F155
S214020CE0000F03D00E242046BDE8F88306B333680F
S214020CF001331DD1E1B1FAF70DF805460028F1D00F
S214020D00C9F80000FAF72CF8284613F04EFA044603
S214020D1040B14046C9F80080FAF722F8284613F098
S214020D203FFAE0E73560002FDDD02846B847DAE71D
S214020D302124D8E7204F0020024B1868003818BF3D
S214020D4001207047204F0020002108B5024B0846BC
S214020D505B689847002008BDA46200200523064A67
S214020D60A2F84A3092F8493003F0010363F07303A5
S214020D7082F84930704700BF001F00B00023F0B56C
S214020D8085B0CDE901330393124B134D1B78134EF6
S214020D908DF8043018F05EF82A78337804469A42C2
S214020DA00F4F0CD03178386801AA297013F01EFF55
S214020DB050B140F608210B4818F03EF904E03868B6
S214020DC013F0F4FE0128EDD0204618F03EF805B0E8
S214020DD0F0BD00BF82650020B3650020B465002028
S214020DE03C4F0020EF2F0400F8B52B4B1B7823B1A5
S214020DF040F6FC31294818F01FF918F02BF8284B5A
S214020E0007461C8814F0060409D001214FF48070AE
S214020E1017F07AF83846BDE8F84018F016B82146BA
S214020E204FF4807017F070F8204600F09DFF0228FD
S214020E3008D180221B4B8021186813F080FAFFF736
S214020E409DFFE7E7204600F08FFF054638B10128F0
S214020E5007D040F63141114818F0EEF8DAE70246BC
S214020E60E8E7FF220F4E104B30681A70FFF76CFF50
S214020E70306813F09BFE0128CCD02A4629463068FB
S214020E8013F096FE21462C2017F06AF821460A2017
S214020E9017F066F8BEE700BF3C5C0020EF2F0400A8
S214020EA0165500203C4F0020B36500200021014863
S214020EB017F070BE246300207F2837B5044610D191
S214020EC04FF6FF73022217480DF10601ADF8063001
S214020ED0EAF7DCFEBDF80640E2054CBF6FF04A04B6
S214020EE064B217F0B7FF104B05461C700F4B1B88F9
S214020EF0DB0710D50E4B1B78002B0E4B0CBF214682
S214020F006FF07F01186813F03FFA20B140F678615F
S214020F10094818F091F8284603B0BDE8304017F0AB
S214020F2094BF00BF641002C0AB65002016550020B7
S214020F303D5C00203C4F0020EF2F040010B50EF061
S214020F4086FE60B10EF085FE0B4A80B141F20D03BB
S214020F50BDE8104041F20D01074817F027B9074BCC
S214020F601A781B799A4204D100220023F0E70D2357
S214020F70EEE7034AF9E700BF400D03008265002052
S214020F80488D0100F8B5164E0D46337802F001047E
S214020F9023B140F2C531134818F04EF8124B134FE6
S214020FA01D60134DA4B1134B997801B10121202085
S214020FB016F0AAFF2B783B700F4B1C780F4B0021C4
S214020FC01C70042333700E48BDE8F84017F0E2BDEB
S214020FD02146202016F098FF2B783B70EEE700BFE4
S214020FE03C5C0020EF2F04002C4F0020395C0020D0
S214020FF0B5650020304F00203A5C00203B5C0020A4
S214021000246300202DE9F84317F024FFDFF8A081BF
S2140210100546B8F80030614C13F4807F03D023787D
S21402102073BBFFF7E1FE0021084616F099FF5C4B02
S2140210301A78FF2A13D01A7802F0FF0632BBFF2274
S2140210401A702378052B0AD100232846237017F03E
S214021050FCFE304613F05AFE17F0FCFE05462378D7
S214021060504E062B09D13378FF2B06D03378022B4D
S21402107015D100214C4817F08DFDFF2333702BE06D
S21402108000214FF4807016F03FFFCCE71A78012A51
S2140210904FF0FF0214BF33264C261A70D4E733787B
S2140210A013B13378012B22D116F0CEFF07463E4805
S2140210B096F8009001F0CEFBFF235FFA89F93370B1
S2140210C077B1B9F1010F44D16421374884F8009012
S2140210D017F060FDFFF752FE284617F0B6FE06E050
S2140210E02846277017F0B1FE384613F00FFEB8F800
S2140210F000301B0605D50021802016F005FF12F0F1
S21402110018F901F0E3FA294E308000B32778012F50
S21402111042D117F053FC054610B3013018F06AF8B6
S21402112000F44060B0F5006F1AD104223946284612
S21402113017F084FB284418F05DF84FF6FF739842C8
S2140211400ED10020318800F0F1FC00233380BDE888
S214021150F88300232846237017F077FE3F20C4E763
S214021160114801F077FB002108462170012500F0A6
S2140211708FFC23780BB9FFF737FE0020318800F08A
S214021180D5FC00233380002DE1D020780028DED164
S214021190BDE8F84313F0F2BE0025EAE73C5C002007
S2140211A0B2650020B165002024630020145500209B
S2140211B01655002008B513460A461946064B186807
S2140211C013F06FF930B1BDE8084040F2F44103482D
S2140211D017F032BF08BD00BF3C4F0020EF2F0400BF
S2140211E008B513460A461946064B186813F053F913
S2140211F030B1BDE8084040F2FB41034817F01CBF7F
S21402120008BD00BF3C4F0020EF2F0400024B1878A9
S214021210431E5842584170473C5C002008B5064BB6
S2140212201B7823B140F22551044817F005FFFFF75B
S214021230DBFD002008BD00BF3C5C0020EF2F040051
S21402124008B5054B01EB81011868490013F09EF8BA
S214021250002818BF212008BD3C4F002008B5044BCB
S2140212601868F9F70FFF0A2390FBF3F040B208BDA7
S2140212703C4F0020014B1878704700BFB465002031
S21402128008B5044B186812F0ECFFB0FA80F040097B
S21402129008BD00BF3C4F002038B5124D0C462B78D7
S2140212A0012B04D940F246510F4817F0C5FE2146DD
S2140212B00020FFF7E5FF90B10C4B1C702B785BB952
S2140212C0FFF792FD0A4B93F900100A4BC901186802
S2140212D013F030F8002038BDFFF750FDF2E721206A
S2140212E0F9E700BF3C5C0020EF2F0400B465002045
S2140212F03E5C00203C4F002008B5074B186812F0F1
S214021300AEFF30B1054BB3FBF0F083B20BB118461B
S21402131008BD0120FCE700BF3C4F002040420F0002
S2140213202DE9F3475C4E012017F083FE33889907B8
S21402133004D440F63F41594817F07EFEDFF880811C
S21402134098F80030053B012B04D940F6414153483A
S21402135017F072FE524F3B6823B940F644414F489D
S21402136017F06AFE348814F0200478D00121222077
S21402137016F0F6FD4FF47A74FFF7BEFF3B681B7853
S2140213800933434304EBC30498F80030A5B2062B96
S2140213900BD117F021FA0446FFF7AEFF602358433D
S2140213A00C2303FB0400284485B2D7F800903D4B7B
S2140213B099F800801C7808F1FF381FFA88F8002C8C
S2140213C052D133885A0505D409F1010017F012FFED
S2140213D0C0F340143449354A887812784B7812FBA9
S2140213E000F2334F93423B70A4BF9B1A3B703B788C
S2140213F0CA78BD60934238BF13463B700EF02FFC8E
S214021400002833D00EF029FC012814BF1025082529
S21402141025430023DFF8ACA00093802243464946CA
S214021420DAF8000012F0E4FF20B14FF43B611B48EB
S21402143017F002FE1F4BDAF8000019781E4B1970DF
S21402144033889B0614D52A461C4B009713F0CCFB18
S214021450C0B9002002B0BDE8F04717F0EABD214649
S214021460222016F07DFD87E70024B3E72546D0E765
S2140214702A460F4B13F0B6FB014618B9252016F084
S2140214806FFDE6E72146262016F06AFD40F6F431A7
S214021490024817F0D1FDDCE716550020EF2F0400B6
S2140214A02C4F00203F5C002082650020395C002023
S2140214B0D4620020B4650020B3650020304F0020BF
S2140214C03C5C00203C4F0020184B10B51B889B0745
S2140214D004D440F6A661164817F0AEFD154B1B78ED
S2140214E0053B012B04D940F6A761114817F0A4FD6D
S2140214F0114B1B6823B940F6A9610D4817F09CFDF5
S21402150000240E4B0E4921201C7016F029FD0146C0
S21402151018B9BDE81040FFF703BF022804D12046E1
S214021520BDE8104016F0B2BD10BD00BF1655002033
S214021530EF2F04003C5C00202C4F0020375C00207C
S214021540E1160200F8B55A4C23889A0704D54FF4E0
S2140215503E71584817F070FD574801F07BF917F0B6
S21402156079FC238805465B070DD54FF0FF3012F055
S21402157086FF524B1B68C01AB0F5717F03D9002153
S214021580042016F0C1FC28464D4D17F05EFC2B7861
S214021590042B32D117F05EFC238806465F0708D577
S2140215A04548002117F0F6FA3046BDE8F84017F035
S2140215B04CBC17F04AFC17F04DFC424B06461B7813
S2140215C0414F13B9238859050FD50523012102205F
S2140215D02B7016F099FCFFF777FF304617F035FCB4
S2140215E03B68DA78394B1A70F8BD3868013017F064
S2140215F001FE8206E9D50623E8E7062B4DD1344BD9
S2140216001B78FF2BF0D1334E0EF02BFB3378002BDA
S2140216103DD017F01FFC238805465B0705D52648F4
S214021620002117F0B7FA2846BFE717F00EFC33780A
S214021630013B337017F00EFC04460121022016F01F
S21402164063FCFFF741FF20461F4C17F0FEFB2068A5
S214021650013017F0CFFD00F44060B0F5006F13D1F3
S214021660246801210422204617F0E8F8204417F0E7
S214021670C1FD0146184B04201A783378D21AD2B22A
S214021680BDE8F84017F07FBD4FF6FF71F2E7402045
S2140216902B70BDE8F84013F039BB012BA4D1002310
S2140216A02B700E4B1868FFF74FFB3F20F1E700BF89
S2140216B016550020EF2F040024630020284F002038
S2140216C03C5C00203F5C00202C4F0020385C002051
S2140216D0B1650020395C0020B56500203C4F002033
S2140216E008B50A4B1A7882B9012210281A7004D05B
S2140216F040F69D61064817F09FFC0021202016F058
S21402170003FCBDE80840FFF70BBE08BD375C0020AF
S214021710EF2F040008B5094B1B88DB0604D440F201
S214021720C351074817F088FC1020002116F0ECFB86
S214021730044B1868BDE8084013F04DBA1655002051
S214021740EF2F04003C4F0020012208B5074B11463C
S214021750186813F02DFA00212C2016F001FCBDE8C3
S214021760084000210A2016F0FBBB00BF3C4F0020B9
S214021770014B4008185C7047AD65002008B513465B
S2140217800A461946064B186812F091FE30B1BDE8BB
S214021790084040F6E941034817F04EBC08BD00BFBA
S2140217A03C4F0020EF2F040008B5044B186813F0D6
S2140217B0FDF9013818BF012008BD00BF3C4F0020CC
S2140217C070B5054617F046FB0E4B0F4E1B880446B7
S2140217D0DA07357008D50D4B0D4D1B78012B08D94D
S2140217E00121286813F08CFA2046BDE8704017F0F5
S2140217F02CBB1BB10EF029FAC305F1D4317881F067
S2140218000101EEE716550020AC6500203D5C002085
S2140218103C4F00200C4B10B51B880446DB0711D545
S214021820FFF78CFB094B84F0010208211868D200EE
S21402183012F085FD30B1BDE8104040F6367104481E
S21402184017F0FABB10BD00BF165500203C4F002013
S214021850EF2F040008B5044B0146186812F032FE5A
S214021860003818BF012008BD3C4F002010B50A4CB6
S21402187023787BB1FFF768FF0021042016F044FBB3
S2140218800021022016F040FB00232370BDE8104022
S214021890FFF7AABA10BD00BF3C5C002038B5094865
S2140218A000F0E8FC0024084D95F84430E0B283428C
S2140218B000D838BD05EBC000043000F0DBFC013474
S2140218C0F2E700BFE04F0020404F002008B5104668
S2140218D002494822F8F71CFF002008BD984F002056
S2140218E008B5054817F018FD014620B9BDE80840BE
S2140218F0014817F04FB908BD44630020002238B5EE
S2140219001C4B15461C461A700132082A5D609D80E3
S21402191043F8085FF8D1482200211748F8F768FD17
S2140219204FF6FE73A4F868306FF48033E365134B0A
S21402193000211A88124B1868F8F75AFD114BC4E9B1
S2140219401255C4E9283584F8445084F85050656529
S21402195084F8A850E9F704FDFF220B4B012118700A
S2140219600A4B00201A70E3F78FF80020FFF7B8FF43
S214021970002038BD404F0020984F002026650020EA
S214021980046200200000FFFF405C0020865C00200E
S21402199010B5AC24084B04FB0030836C53B990F8A6
S2140219A050403CB931B1C0E912122046FFF798FF09
S2140219B0204610BD2120FCE7404F0020AC2370B526
S2140219C003FB00F5094E731993F850405CB92046A4
S2140219D00BF022FF735D204643F002037355FFF7B8
S2140219E07FFF204670BD0120FCE700BF404F00206D
S2140219F0AC235843024A135C23F003031354704784
S214021A00404F002070B516461F4A04461278C2BBE5
S214021A10AC211E4D01FB00518A6C92BB91F85020FE
S214021A203AB1022B2DD191F84410072907D91C2070
S214021A3026E091F844100729F9D8012B08D0AC20EB
S214021A4000FB0450CA00011D0C30F8F723FD0021EC
S214021A50AC2303FB04F000249DF8143000EBC10114
S214021A602944CB71049B8E808B602B1893F84420FC
S214021A70204601328C7183F84420FFF731FF20465E
S214021A8070BD0120FCE700BF3F5C0020404F0020F5
S214021A90F8B5234B04461B780F46002B3ED1AC23E9
S214021AA0204D03FB0053B3F8A03023B940F2453172
S214021AB01D4817F0C1FAAC2202FB0452D2F8A46009
S214021AC036B192F8A33039460020B2F8A020B047CB
S214021AD0AC2300216343EA18A2F8A010C2F8A410AF
S214021AE0482192F8A82001FB02322A44D2F8982014
S214021AF0964213D0EB5C9B070CD5AC226243AB5CE0
S214021B00204623F0020343F00103AB54BDE8F8403D
S214021B10FFF7E6BE0BF0A2FE0028EED1F8BD00BF2E
S214021B203F5C0020404F0020463004002DE9F04F75
S214021B3089B0059008460D4616F040FF044618B9CF
S214021B40212009B0BDE8F08F284616F053FFC0B238
S214021B500838215C221892F802A00491D1785268C3
S214021B60277803920022B4F80130ADF81E20434ACB
S214021B70029192F800B0BBF1000F08D0404B1B68F0
S214021B801BB120464FFA8AF298470020D9E703F0A5
S214021B900703022B70D0013409225946204616F05C
S214021BA04DFE023F3F1A3B0606465FFA87F8C7D449
S214021BB0344FD7F89090B9F1000F27D100210DF1DC
S214021BC01E0B434622460846CDF800B00BF05CFDDD
S214021BD0C3B20546002B4BD1BDF81E0013F0DAF84F
S214021BE0E0B9BDF81E0013F0BEF98146BDF81E002E
S214021BF013F0D0F8F0B906EB080201232146584646
S214021C0092B200F07BFDD0B119209AE75B465A46A5
S214021C1001212846C8470028D0D191E7D7F894304A
S214021C20BDF81E00002BDCD0A11998470028D8D199
S214021C30022086E742464846A119F8F769FDBDF834
S214021C401E0016F0BBFE029B059A0372049B80F8E8
S214021C5009A08372039B1BBAC360AC2303FB027307
S214021C6093F85020BDF81E0022B1DB6C03B19847F2
S214021C70E8B266E7BB6FF9E7012062E73F5C002047
S214021C80244F0020404F00202DE9F84308460F4617
S214021C90164602F1010913F06BF98046384613F036
S214021CA072F8042856D1384613F091F848F66105C2
S214021CB04FF6FF7248F64103294C904208BF1D4674
S214021CC0B4F85C10301D17F097FA384613F07FF818
S214021CD00146B01D17F090FAB4F85E1006F108003F
S214021CE017F08AFA06F10A04384614F004FE10B118
S214021CF045F01005ADB22946484617F07DFA38463B
S214021D0013F031F9424601462046F8F701FD3846FF
S214021D10012116F08BFE4444074660B116F06AFEB7
S214021D200546384616F04AFEEDB201462A462046D9
S214021D30F8F7EEFC2C440B4AA41B13780134591C0A
S214021D401170F37034703046BDE8F8430922012161
S214021D5016F074BD484617F04DFA4C460546C3E7E2
S214021D60404F0020405C0020AC2210B5482450436F
S214021D70094B1A1892F8A81004FB0100034493F8C2
S214021D807700022806D092F850301BB9032818BFF5
S214021D90012010BD0020FCE7404F002070B508B1BE
S214021DA0012070BD234C94F8A850002DF8D1294686
S214021DB0B4F85C20FFF714FA29462846B4F85E20E9
S214021DC0FFF7F8F92946284604F16002FFF7D6FC29
S214021DD094F87730002BE3D0284694F85860FFF743
S214021DE049FA864215D1002094F95A50FFF736FA7E
S214021DF0854216D10020FFF7B7FF0446002016F0F2
S214021E00D3FC0028CDD02146BDE870400020FFF765
S214021E1005BA284694F85810FFF73EFA0028E2D092
S214021E20BFE7002094F95A10FFF70AFA0028E1D01B
S214021E30B7E700BF404F00200346AC2010B514465B
S214021E40164A00FB032292F8770002280CD1E07FA4
S214021E50022809D141B112490978012913D992F809
S214021E605810227891420ED118462178FFF708FAC8
S214021E7090B1482221460B48F8F74AFC002016F09B
S214021E8093FC08B9002010BD044B93F8A800002864
S214021E90F8D1FFF783FFF5E72120F4E7404F002053
S214021EA07D5B0020984F002038B5AC230D4C0546CC
S214021EB003FB004300205A6DD86483F8500012B129
S214021EC05865FFF727FCF5F75FFBFF281EBFAC231C
S214021ED003FB054484F8A8000020FFF75FFF0020FC
S214021EE038BD00BF404F00207FB51D4C94F8A83087
S214021EF023B1002084F8A800FFF750FF94F85A3068
S214021F00B4F8A0608DF80F3026B940F2FD211548CE
S214021F1017F092F8144B31461D6800202A46FFF748
S214021F20B3FEE46F02469CB10DF10F03019300234A
S214021F30294630460093A04702462C7854B92046DC
S214021F402146FFF7A5FD2046FFF7CAFC04B070BD88
S214021F500122F2E729460020FFF714F8F6E700BF51
S214021F60404F0020463004000462002038B5494B3A
S214021F701C78002C58D1484800F06CFC204616F01D
S214021F8013FC002850D0454C2378D90733D594F853
S214021F9050201AB123F00303237045E023F0010317
S214021FA023700BF043FC237805469A0701D50BF005
S214021FB033FC294600200BF049FA40B9237828461C
S214021FC043F001032370BDE838400BF025BC002324
S214021FD0482284F8A33094F8A83084F8A25002FB72
S214021FE00343D3F89830A4F8A000C4F8A430BDE8A0
S214021FF03840FFF779BF94F84400B0B104F1A0036B
S214022000251D95E8030083E80300FFF76DFF94F8AB
S21402201044202846D20004F10C01F8F73BFA94F863
S2140220204430013B84F8443038BDA26C62B99B0749
S21402203011D52378002023F0020343F00103237016
S214022040BDE83840FFF74CBC0123A06484F850304A
S214022050904723789EE70BF001FC0028E9D194F81C
S214022060A83073B1F5F790FA94F85030002BDBD114
S214022070FF2818BF84F8A800BDE838400020FFF704
S2140220808DBED4F88C30002BECD098470028CBD1EC
S214022090E8E700BF3F5C002044630020404F00207A
S2140220A070B50446002016F07FFBAC235C430B4E53
S2140220B0351995F850300BB1002070BD0028FBD0C2
S2140220C0074817F029F90028F6D1335D002BF3D123
S2140220D095F84400B0FA80F04009EEE7404F002041
S2140220E04463002010B5084A034612F04FFF1468F6
S2140220F04FF6FF7203EB40039C42184603D9018851
S21402210002339142F8D010BDFC4F00202DE9F04773
S214022110204F05463B88A3B3B0F90230002B30DBD4
S214022120DFF87C801C49D8F80000F8F7B7FB20B926
S2140221304FF4EA71194816F07FFF0026DFF85CA01C
S214022140DFF860903A88B3B29A4204D84FF4EB7143
S214022150504616F071FFD9F80030B2B253F832008A
S214022160D8F8001003EBC20468B943F83210A3880B
S21402217028460133A38012F009FFE38803EB4003ED
S214022180E380BDE8F087F8F789FB01360028D9D14D
S214022190EDE700BF18550020133004001D30040080
S2140221A064630020F04F002038B5094C094D2268C0
S2140221B02B689A4204D94FF48771074816F03CFF01
S2140221C028682368C01A20F0010080B238BD00BF1C
S2140221D0FC4F0020045000201D30040038B5124C7D
S2140221E0124D21462846F5F77DF823680BB12B6879
S2140221F01BB9DE210E4816F01FFF2A680D4B0E494A
S2140222001A60236823F0010313440B600B4B1A6019
S2140222102AB9BDE83840F821054816F00DBFFFF789
S214022220C3FF6428F5D938BDF44F0020F84F0020CC
S2140222301D3004000050002004500020FC4F0020F7
S21402224038B5094C094D22682B689A4204D34FF4DC
S2140222508A71074816F0F0FE28682368C01A20F034
S214022260010080B238BD00BF00500020045000209C
S2140222701D3004002DE9F0411D4B04461B78012B4E
S21402228024D1008816F07CFB0546D8B10426DFF878
S21402229064802C4616F0DEFD07462046FFF736FF22
S2140222A0638843EA08036380A05B16F069FB044672
S2140222B0384616F0CAFD1CB1B4F90230002BE9DA32
S2140222C0062E01D1BDE8F0810626E2E7022BF9D1FF
S2140222D016F0C0FD0246208816F052FB18B103889D
S2140222E0C3F30E0323801046BDE8F04116F0ADBDE1
S2140222F0415C00200080FFFF2DE9F04F0024BA4B1E
S21402230097B006461C8016F0A5FD0123DFF8EC8286
S214022310B64F3B70B8F80030A8F80040ADF816305B
S214022320B34B1B68019316F090FDB24B21461A88F8
S214022330B14BD2001868F8F75BF80DF11600FFF7FC
S21402234099FF002E3CD1DFF8B8924FF0000B012522
S214022350D9F80040019B9C4239D3BBF1000F39D11A
S214022360002DF2D0D9F80040DFF898A22546224682
S214022370019B9A4273D302230DF116003B70FFF7BE
S21402238079FF002E40F08F80D9F800603246AA42CC
S21402239080F0A280908816F0F3FA18B10388C3F38F
S2140223A00E039380D08816F0EBFA18B10388C3F3B5
S2140223B00E03D3801046FFF795FE0246E7E79847DE
S2140223C0E3B256F823300134002BF8D1BBE7BBF159
S2140223D0000F3ED00BF1FF335FFA83FB16AB03EB25
S2140223E08B0252F8402CB2F9020051880028B1DA6A
S2140223F04B04AFD4924641F48040931D2AF8020F54
S21402240002933AF8020F16F0BBFAF0B1B0F902E006
S214022410B0F802C0BEF1000F17DB6FEA4C4C6FEA51
S2140224205C4CA0F802C00390FFF770FEBBF10F0FE2
S2140224308FBF002516AB039A03EB8B009EBF0BF1F2
S214022440010340F8402C5FFA83FB029B9A45D8D1E1
S21402245080E72046FFF746FE22460446C3E71046BC
S21402246012F094FD8346B2F90200118800280AEAA7
S214022470010108DA204616F079FA084381B204EB25
S2140224804B0402EB4B0510461180FFF72BFE02466B
S2140224906EE798475FFA8AF356F823300AF1010A84
S2140224A0002BF6D170E74FF0000AF3E73046FFF74D
S2140224B019FE82467EB1B6F902307188002B0ADA1E
S2140224C03088C0F30E0016F05BFA864203462DD122
S2140224D0C1F30D0171805646AE42E7D3DFF81CA168
S2140224E016F0B8FC00210646504612F0A0FD16F083
S2140224F047FA0546002800F08780304616F0A5FC0D
S214022500284612F043FD0646204616F02FFA81466C
S2140225107600324629462046F7F7BCFF0022494697
S2140225200DF1160016F0D0FE3444D9E71BD930461A
S21402253012F02CFDC1F30D0142007180184631469F
S21402254092B2F7F7A7FFC6E75046FFF7CBFDD14694
S214022550854203D9B0F90230002B01DA824603E045
S214022560FFF7C0FDF4E7B146554507D9BAF80000B3
S214022570C0F30E0016F004FA8245E5D3B9F1000F57
S21402258030D0B9F80000C0F30E0016F0F9F9034691
S21402259038B93346CB46994513D8B1459BD0D94670
S2140225A0ECE7484612F0F2FCB9F802204946C2F3BC
S2140225B00D02A9F80220420092B21846F7F76AFF07
S2140225C0E7E718460193FFF78DFD019B9B46854280
S2140225D003D9B0F90230002B01DA0346DBE7FFF736
S2140225E081FDF4E7CB46DAE71A550020415C00206D
S2140225F0FC4F002018550020F04F00201C550020EC
S214022600005000200080FFFFBDF816303870A8F892
S2140226100030044B30461C6016F017FC17B0BDE8BD
S214022620F08F00BFFC4F00202DE9F041054616F062
S214022630A7F90F460446D8B116F030FE20B940F28C
S214022640FB41204816F0F8FC284616F0D3F905465A
S2140226502046FFF747FDBD42064609D004D840F2A1
S2140226600351184816F0E8FC2588ED0B02D02781A6
S214022670BDE8F0816780204612F088FC074604EB2E
S214022680400816F0E7FB104B1A68B2420AD1C3F8AC
S214022690008016F0DAFB2A464046BDE8F041FF21EC
S2140226A0F7F7A6BEA6EB0806B5B216F0CEFB072DC8
S2140226B0F1D90023083D44F81730C8F80430A8F8CA
S2140226C00250D5E71D300400FC4F002038B516F046
S2140226D0C1FB00210546044812F0A9FC0446284620
S2140226E016F0B3FB204638BD1C550020024B188856
S2140226F0B0FA80F0400970471C5500202DE9F74FCC
S214022700044600881F4616F03BF9884615460646DC
S21402271016F0C4FD20B940F2FE613F4816F08CFC6C
S2140227203388DB0B009306D033892B443381002099
S21402273003B0BDE8F08F208816F05CF9824630467A
S214022740FFF7D0FC019016F085FBDFF8D0B0019BB6
S214022750DBF8002081469A421DD1FFF725FDA842EC
S21402276004D2484616F071FB1A20E1E70AEB05038D
S21402277073803FB1208816F021F92A46414650441C
S214022780F7F7C6FF3046FFF7ADFCCBF80000484629
S21402279016F05BFBCBE716F058FB208816F02AF9FA
S2140227A02844009980B216F07DF906460028DBD050
S2140227B016F004F98146208816F000F98246208831
S2140227C016F018F9514602464846F7F7A1FF30467A
S2140227D0AFB116F0F3F80746208816F00BF92A4632
S2140227E041463844F7F794FF0121208816F01EF977
S2140227F001210246304616F02DF9268097E716F09C
S214022800DDF88046208816F0F5F82A463946404418
S214022810F7F7EEFDE8E700BF1D300400FC4F00208E
S2140228203421014816F008BC31300400036910B5A3
S2140228305BB18268064B9A4201D1002010BD446902
S21402284016F0F3FB201AF9D5F7E74FF0FF30F5E75D
S2140228502128020082681C4B70B59A42044605681D
S21402286019D116F0F7FA236923B1A34206D1002242
S2140228702A601A61BDE8704016F0E7BA1A46114699
S2140228801269A242FBD12A68A24208BF29600B61E4
S21402289000232361EEE7036993B198426E6803D181
S2140228A09D210A4816F0C8FB2B46B44209D122697C
S2140228B09D4218BF1A614FF0000308BF6A60236189
S2140228C070BD33463669F0E7212802003130040035
S2140228D02DE9F047074600254FF0010A154EDFF8AE
S2140228E058808AB0347914B90AB0BDE8F087D6F8B1
S2140228F0009087B900972A46B8F80010234603A826
S21402290016F071FD2246484603A9E9F7EBF925447D
S214022910EDB20836E6E7224603A94846E9F7B6F9D5
S214022920CDF800A023462A46B8F8001003A816F0F1
S2140229305AFDECE7B47B04001E5500200148FFF761
S21402294099BC00BF1E5500209C46174BF7B505469E
S21402295008461988164611B1144B1C78CCB10146AC
S21402296062463046BDB103B0BDE8F040E9F78EB925
S2140229701C44E4B208373B79002BF0D03A68964202
S214022980F6D185F001052246009516F02CFD03B01F
S214022990F0BD074FEFE7E9F7A5F9B0B203B0BDE81F
S2140229A0F04010F0CABC00BF1E550020B6650020DD
S2140229B0B47B040010B5074C238843B10020FFF710
S2140229C087FF0020FF22044B20801A7010BD0220D1
S2140229D0FCE700BF1E550020B6650020142810B57F
S2140229E018D8082805D110F011FDC401E4B220461B
S2140229F010BD0E2802D110F00CFDF6E7064B53F878
S214022A002040002CF3D00A282478F0D105F0A0FE4E
S214022A100443EBE7FF24EAE7047C0400014BB3F827
S214022A2068007047404F002000487047AA4F0020B9
S214022A30014B1878704700BFBB5B0020014B187033
S214022A40704700BFBB5B0020194B022810B51870F8
S214022A5002D0043801281BD8164B1B78042B03D04F
S214022A600021154816F096F8144B1B689A001BD5E1
S214022A7013F0805F40F6114418BF4FF441642046BD
S214022A8011F05EF890B92046BDE8104010F053BC35
S214022A900948FFF7DFFE0A48FFF7DCFE162412F0AD
S214022AA0F2FC11F047F8EAE71524E8E710BD00BF8C
S214022AB0BF5B0020C05B002068630020C04100208E
S214022AC02C410020024B187800F00F00704700BF20
S214022AD0BF5B0020034B187800F00F00831E58429D
S214022AE058417047BF5B002008B512F0B7FCC0B172
S214022AF012F0CDFCA8B10AF0A7FF90B90A4812F06E
S214022B005FFA70B1094812F05BFA50B110F086FC19
S214022B1038B111F017F820B9BDE80840044812F0A1
S214022B2000BB002008BD00BF2055002052550020E3
S214022B300850002030B505460C4693B081B910B94E
S214022B40002013B030BD1023214A69460120FFF74A
S214022B50FBFE9DF805305A1E052A28D91720F0E7F5
S214022B60182200212046F7F743FC002DEBD1FFF791
S214022B70B1FF30B310F01DFB6A4601460020FEF797
S214022B80A5FEBDF80430204623819DF80230A372CC
S214022B909DF80030E37212F000FE002304F11401E7
S214022BA0237304F1100003F0CBFDE081C8E7094A65
S214022BB09DF8041012789142D0D12B70002CD6D1F9
S214022BC0BEE7054B1B78033B022BD3D9C6E700BFF3
S214022BD064EE01008D650020BF5B002030B593B027
S214022BE005460C46FFF776FF20B90C4B1B78033BD5
S214022BF0022B10D810F0DDFA6A4601462846FEF788
S214022C0065FE00209DF80230607023709DF800304B
S214022C10A37013B030BD1720FBE700BFBF5B0020D8
S214022C20054B1878012805D000F0FD00A0F131030D
S214022C3058425841704700BFBF5B00201FB501468F
S214022C40002201A816F076F8064801A916F099FBAC
S214022C5020B115F0B3FE4089C0F3400005B05DF820
S214022C6004FB00BF3465002030B585B00D46002257
S214022C70014601A816F05EF8084801A916F081FB85
S214022C8050B115F09BFE0446014608222846F7F787
S214022C9001FC6089C0F3400005B030BD34650020F9
S214022CA0F8B50546F8B100210F4816F007FB0446B2
S214022CB0A8B10D4F204615F081FE064616F026F8FE
S214022CC0830705D4082229463046F7F7DDFE38B1D9
S214022CD02146384616F016FB04460028EAD10024A0
S214022CE0201E18BF0120F8BD3465002010B50C4622
S214022CF00146064816F045FB30B115F05FFE4389E3
S214022D001C4214BF0120002010BD00BF3465002005
S214022D101FB51446024601A816F00CF8074801A98A
S214022D2016F02FFB40B134B115F048FE14220146CE
S214022D302046F7F7AFFB012004B010BD3465002033
S214022D401FB50146002201A815F0F4FF094801A9A3
S214022D5016F017FB58B115F031FE4389024613F000
S214022D60020004D0507B80F00800C0F3C00005B01B
S214022D705DF804FB34650020F7B59DF824400D4647
S214022D8001949DF82040064600941F4613F0A2FDCB
S214022D904FF6FF718842044610D0BB0711D428466E
S214022DA000F056FF204616F013FBFF281FBF084A06
S214022DB032F8103023F4804322F81030204603B055
S214022DC0F0BD02462946304612F041FAEAE700BF55
S214022DD0F054002073B50E460146144816F0D1FA98
S214022DE00546D8B115F0EAFD43890446334012D0B1
S214022DF09B0736B20BD5002E09DAA17B437B0289EC
S214022E00007B0191012100912146FFF7B5FF6389FE
S214022E1023EA06036381628912B1012002B070BD03
S214022E202946024812F022F9F7E700BF346500206F
S214022E300148FFF71FBA00BF3465002013B53E4CA9
S214022E400DF0C7FCD4F8FC311020C3F307430193FE
S214022E50FFF7C4FD000650D50020FFF7BFFD0106B0
S214022E604BD5019B802B3ED1236A9A0704D440F6A9
S214022E701544204602B010BDE3699B07F7D52F48DC
S214022E8011F08CF9012011F05CFF0DF0B5FC044640
S214022E900028EED100F042F9294812F01CF900F0A1
S214022EA099F9E8F75DF80DF093FC08F003FF08F0D7
S214022EB055FFF4F761FAF4F7FFFAF4F719FB03F09B
S214022EC0DBFD10F0A5FA10F0A6FA10F03EFE1D4843
S214022ED013F009FD06F08CFA10F0FAFD0028C8D0AF
S214022EE010F0F8FDC5E7019B812BC0D1D4F80C3158
S214022EF05B00BCD5D4F80C31BFE71020FFF76EFD9F
S214022F000006BCD40020FFF769FD0106B7D5019B79
S214022F10802B05D1084B1A6AD207A8D5DB69ACE725
S214022F20019B812BA3D1044BD3F80C21002A9EDAF5
S214022F30D3F80C31A1E700BF0080E00F690345EC2F
S214022F40085000203D2C020010B512F099FA70B31A
S214022F5001F0E0FA80F00104E4B20020FEF724FC5F
S214022F6044EA800424B212F079FA10BB0220044329
S214022F70164816F0D1F944EA4014154816F0CCF972
S214022F8024B244EA0014134816F0C6F924B244EAFE
S214022F908014114816F0C0F924B244EA40240F48BF
S214022FA016F0BAF924B244EAC02080B210BD012459
S214022FB0D3E70B4812F004F80028D7D0094811F0DE
S214022FC0FFFF80F00100C0B24000D0E7A8630020F7
S214022FD08C640020C44100200C6400206C64002035
S214022FE0205500205255002008B501F07FF8FEF764
S214022FF009F8144811F0E4FF08B904F025FF124856
S21402300011F0DEFF08B906F0DDF902F095FF0F4871
S21402301012F093F80E4B1B78043B022B09D80D488E
S21402302016F07AF928B1FFF78FFF102801D107F0C2
S214023030E1FC10F0F5F912F019F9BDE8084006486F
S214023040FFF75AB92055002052550020085000209C
S214023050C05B00208C6400207C7C0400014B186856
S214023060704700BF3C4F00204FF6F77370B598428A
S21402307004460D4686B043D812F006F9A04207D1A0
S214023080082220492846F7F705FA002006B070BD48
S2140230901D4EB6F86830A3420AD10022082106F176
S2140230A06A0012F07FF818B9082206F16A01E9E709
S2140230B084B10023012219462046009308F05CFDE5
S2140230C0FF2811D12946204608F000FF80F00100B3
S2140230D0C0B2DBE70D4B1B689B07EAD4284606F016
S2140230E0FBFD0028E5D0D0E702A913F09EFA0028DF
S2140230F0E8D1DDF80D302B60DDF811306B60C4E7E7
S2140231000120C3E7425C0020404F0020C04100205F
S214023110014B1870704700BF8D65002010B5054C36
S214023120082221460448E8F7B1FD204612F0E6F8E8
S21402313010BD00BF425C002034B608C0004870478D
S214023140425C0020082208B50349F7F79DFCB0FA56
S21402315080F0400908BD00BF425C0020014B187099
S214023160704700BFB35B0020F7B50D46044616460F
S2140231701F460021284601F061FD0B4B002183F813
S21402318059402A463346204600970AF03FF9014640
S21402319030B10222204603B0BDE8F04000F006B887
S2140231A0012003B0F0BD00BF404F002013B5134608
S2140231B00C461AB1022A0CBF134601230021044A08
S2140231C0019100922246FEF71DFC02B010BD00BF20
S2140231D06355030000B5002093B0FEF78FFB1E4B2D
S2140231E0188813F081FB1D4B1D491A7800200AF03F
S2140231F091F9342200216846F7F7FAF80B238DF886
S21402320000306FF4803301934FF6FE73ADF8103042
S21402321003238DF81D30134B134A0893134B106883
S2140232200993134B51680D93124B6A460E93124B39
S2140232300F93124B1093124B119302AB03C3002150
S2140232400846FEF7F9FD6A4601210020FEF7F4FD66
S21402325013B05DF804FB00BF206500209C650020CB
S214023260184004007D360200425C0020FF52030034
S214023270656302002538020091720200635503005E
S214023280955F0200014B1878704700BF4A5C002029
S214023290014B1888704700BF386500202DE9F74FAC
S2140232A0814610460E46904615F0A4FFDFF840B160
S2140232B005469BF8003033B94A4B1B681BB94A4B8C
S2140232C01B68002B7FD015F4406A05F040071BD11F
S2140232D09FBBB5F5804F61D24FF48074B9F1400FB1
S2140232E073D0B9F1800F63D0B9F1100F6BD1002300
S2140232F09BF800003D4AD9B2884264D932F8021BD4
S2140233000133A142F7D166E008F1030015F072FF1F
S2140233104FF6FF73984214BF0124022487B1052793
S21402332005F44043B3F5004F44F0080425D0B5F544
S214023330804F24D244F4807421E054460327EFE7FA
S214023340B5F5804F4FF00507F4D3BAF5406F14BFBA
S214023350022008203844404415F04CFF019011F03A
S214023360B0FF019B05F4404598420CBF44F00804A8
S21402337044F00404B5F5004F01D144F08004BAF5D8
S214023380006F0FD108EB070015F034FF054611F069
S2140233907BFFA842A2D144F010049FE754460327BD
S2140233A00220D7E7BAF5406F08BF44F0200495E73D
S2140233B00C4B1B683BB10022D1B233F8110033F933
S2140233C01110002903DA002008E0074BF1E7A042BB
S2140233D002F10102F0D106B13480012003B0BDE84B
S2140233E0F08F00BF185000201C500020705500209F
S2140233F0835C0020034B1A78022A04BF09221A7043
S214023400704700BF4B5C00200C22034B1A211A7037
S2140234100320002201F090BD4B5C00200C2208B570
S214023420054B1A211A700022104601F085FD002273
S214023430024B1A6008BD00BF4B5C002024500020DF
S2140234400C2270B50D4B05461E781A7030B9304600
S214023450BDE8704000221A2101F06EBD084B1C78B0
S214023460E1B21A29F3D825FA04F3DB0703D544227E
S214023470304601F061FD0134F2E700BF4B5C0020EC
S214023480B86500200C22024B1A7010F054BB00BF25
S2140234904B5C0020F0B50C8805460E468BB0E4B9AE
S2140234A04FF6FF77ADF8247010F05AFB10B90220E1
S2140234B00BB0F0BDCDE90340CDE90544134A0294B2
S2140234C0B2F85C306032019300923B464CF6010142
S2140234D0FF2009AA13F023FA3080284612F01AF8C1
S2140234E00B4C70B1237863B1013BDBB228462370E4
S2140234F012F010F838B12078B0FA80F04009C0B265
S214023500D6E70523F2E70120F9E700BF404F002087
S214023510B7650020034B11461B6803B118470FF02E
S214023520CABE00BF245000200C22024B1A7008F0BC
S21402353039BF00BF4B5C00200148FEF79BBE00BFB0
S214023540225500207FB505460C46164615F060FC4F
S21402355000286BD1062D03D85223EB40DB071AD482
S214023560B4F1006F05D3E30E1C3B032B18D94F2092
S2140235702EE000222F4B1A602F4B1D7011F038FEE2
S21402358003460A2D54D8DFE805F02D183E491825C3
S21402359018535341360002F0A3F8B4F1006FE2D29A
S2140235A00022244B042D1A60234B1D70E6D1022004
S2140235B001F0B6F911F01CFE0346012202921F4AE0
S2140235C001921F4A00921F4A314620460AF078FAB4
S2140235D004B070BD314620461B4A04B0BDE87040B8
S2140235E00AF056BA31462046184B194A04B0BDE8CE
S2140235F070400AF031BA00220292164A0192104A2C
S2140236000092154AE0E702220B4B1A70002210467F
S214023610124904B0BDE87040FEF7BAB90022029221
S2140236200F4A0192064A00920E4ACDE74D20CFE796
S2140236300120CDE7245000204B5C002041340200DC
S2140236407D3602004F550300293502001D34020064
S214023650153502008534020095340200F533020067
S214023660093402001155030008B50AF059FA0C2273
S214023670014B00201A7008BD4B5C0020F0B585B0E7
S214023680ADF8060018B97621644815F0D5FCBDF8E9
S214023690060011F078FB0446BDF8060011F073FB35
S2140236A0082846D00C2CBDF8060042D111F05BFC6F
S2140236B0074615F09FFD0DF10F010646BDF8060000
S2140236C00FF097FE002879D009220021384615F01F
S2140236D0B5F89DF80F301033C518BDF8060015F082
S2140236E089F9EDB2854269D22946BDF806000AF08C
S2140236F025FB06F44C4416F44066054614D0F81C26
S21402370015F078FD4FF6FF73984208BF44F0400468
S214023710B6F5006F08D1781D15F06CFD4FF6FF73F5
S214023720984208BF44F010049DF80F305BB3072D93
S21402373044D1BDF8060011F01CFB0446BDF8060095
S21402374011F021FB082817D0A30615D524F0200176
S21402375089B2BDF8060011F0F7FABDF8060011F0BE
S21402376002FC0021092215F069F800F1100189B265
S2140237700DF1060013F0FCF90022BDF806102848E9
S21402378015F0A2FD1AE0082D16D8BDB1013D072D91
S21402379014D801A353F825F0F537020001380200C9
S2140237A0BD370200C1370200BD3702000D380200E5
S2140237B033370200133802007C2D24D005B0F0BD4A
S2140237C024F48844A4B2B4F5084FF7D1BDF8060035
S2140237D011F0D4FABDF8061013F08BF80028A8D022
S2140237E0BDF8060011F022FB00220146022015F069
S2140237F0CAFCE3E724F48064A4B2B4F5484F97E722
S214023800B4F54C4F94E7B4F54C4F92D04CF65003B7
S21402381001E04CF640439C428AE700BF3F3004007A
S214023820205500202DE9F7430F4690469946064656
S21402383015F0C4F80446304615F0DCF8C5B2083D6B
S2140238402C44E178094BA2781970094B31461A705C
S214023850002043463A46CDF800900DF045FC00386D
S21402386018BF012003B0BDE8F08300BF655C0020EE
S214023870645C00202DE9F04FDFF84081DFF84091CC
S21402388098F8002099F8003006469A4285B004D38C
S21402389040F21911424815F0CFFB30460DF10F01E8
S2140238A015F060FA20B14FF48E713D4815F0C4FB56
S2140238B098F800709DF80F403D1B15F0FF0530D0BC
S2140238C04FF0FF3C374B01211B78A140184699F870
S2140238D000304FF6FF790CFA03FC0023324A01F15E
S2140238E0FF3E0193C1F1000A9DF80430984243D886
S2140238F0122004FB00002D4BA0F1120105EBC502BD
S2140239005200194404F101091844F6F7C3FD4FEAC0
S21402391089092748A9F104010144AA004844F6F798
S214023920B9FD224904EBC40201EB420321F81260FE
S214023930204A013712784FF6FF71DA731A745A74F6
S21402394012025A801C4A0D2012781A7110225A71DD
S21402395000229A73C3F80620C3F80A20144B43F8D1
S214023960242088F8007015F00EFC0EB912F020FE26
S214023970204605B0BDE8F08F13884B450AD0536841
S2140239800AEA030B03EA0E030B4403EB4B0343EA78
S2140239900C035360019B083201330193A4E700BF76
S2140239A05230040099650020903F0020BC5400204D
S2140239B08C3F0020655C00204C5C0020B95B002038
S2140239C09765002010B5074C2046FEF743FF04F02B
S2140239D06BFB02F0DDFE2046BDE810404FF47A5144
S2140239E015F0D8B8686300202DE9F0410746002597
S2140239F00A4B0B4E93F80080ECB2A04503D8FF2486
S214023A002046BDE8F08108223846B11DF7F73CF89B
S214023A1001350028F4D01236EEE700BFB95B00206D
S214023A20BC54002007B50DF1070115F09BF930B123
S214023A309DF80730034803EBC30300EB430003B0D3
S214023A405DF804FBBC5400202DE9F843294E0446D9
S214023A5033785D1E2D1A8342EDB204D84FF4A1715D
S214023A60254815F0E9FA0123A3404FF0FF305F1E08
S214023A703B4400214FF6FF7E6FEA03081F4A92F886
S214023A8000C01F4A127890401E4ACBB29C4523D8EB
S214023A90BDB127B204EBC4041B48640005EBC502A3
S214023AA004F11201014452002044F6F7F3FCBF0071
S214023AB01648AA00391D014402F0FC023844F6F703
S214023AC0E9FC33780022013B33704FF6FF71BDE804
S214023AD0F8430E2015F057BB1388734507D053687A
S214023AE008EA03093B4003EB5903034353600832D9
S214023AF00131CAE7B95B0020523004009965002004
S214023B0097650020903F0020BC5400208C3F002088
S214023B1010B50A4C207858B9094B1B781A2B03D9D2
S214023B209921084815F088FA0322074B1A7010BD2F
S214023B300138C0B2FFF788FFECE700BFB95B002090
S214023B409765002052300400B55B00202DE9F0474F
S214023B50054615F02CFCFF28044624D1DFF8849095
S214023B601E4B99F800201B789A422BD22846BDE8B5
S214023B70F047FFF77FBE38883B79504518D86F2B41
S214023B804FEA131214D85B0710D0123708F1010857
S214023B9099F800105FFA88F6B142ECD80023104A72
S214023BA0DEB28E4214D32046BDE8F087022AECD954
S214023BB012F06FFE0028E8D129463046BDE8F047ED
S214023BC011F0E9BC4FF000084FF6F77A044FDFE732
S214023BD0107901338F28EFD81232E1E7976500207B
S214023BE0BC540020B95B00204FF6F773984210B51C
S214023BF014D8FFF7ABFFFF2810D0134C00B200EB2F
S214023C00C00004EB40040DF082FC104938B962880B
S214023C100B7802EB0313A3EB1213638010BD227C16
S214023C20637C09789A42E2732374617407D98B42E3
S214023C3003D213468B4228BF0B461B02EDE78A428D
S214023C40F8D31346F9E700BFBC540020655C002099
S214023C502DE9F04106460F4600240E4DDFF8388067
S214023C6098F80030A34201D8BDE8F0810822294620
S214023C703046F6F709FF40B935F8063CBB4204D099
S214023C802046FFF7E1FE013CE4B20134E4B212350D
S214023C90E6E700BFC2540020B95B0020F8B505462F
S214023CA008460E46FFF7A0FEFF2830D01D4B2946D9
S214023CB053F820703046FFF7CBFF2846FFF746FF43
S214023CC0FF28044625D112F0FFFDFF280AD1164C24
S214023CD0207838B10FF070FA2378B0FBF3F202FBCB
S214023CE01300C0B2294611F056FC044623B20F4D0B
S214023CF003EBC30305EB430508223146A81DF6F77E
S214023D00C9FB2B79204603F00F032B71F8BD002761
S214023D10D3E7074B1B78002B18BF0027014B43F84D
S214023D202070E3E78C3F002097650020BC540020FB
S214023D30B965002038B50B4B04461B780D46834206
S214023D4004D840F25A21084815F076F9074804EBE1
S214023D50C40400EB44002946BDE838400822063079
S214023D60F6F798BB9765002052300400BC5400203A
S214023D7070B5044608460E4615F019FBFF280546A0
S214023D8010D02046FFF730FEFF2807D0084B1B78DE
S214023D9023B9084B53F8202043F82520214628460D
S214023DA0FFF7C8FF31462046BDE87040FFF750BF18
S214023DB0B96500208C3F00202DE9F8430024804698
S214023DC001272646114DDFF84C9099F80030A342A1
S214023DD010D83E430134E4B21A2C4FEA470705F1E5
S214023DE01205F2D14FF0FF30094B1B789840304352
S214023DF0BDE8F8832B884345EBD0284611F014FC27
S214023E000328E6D82B796F2BE3D8E3E7BC540020CF
S214023E1097650020B95B002010B5084C00EBC00087
S214023E2004EB400423795B0707D1204611F0FCFB24
S214023E30237923F007031843207110BDBC540020D9
S214023E400022084B1878084BD1B2884203F11203BD
S214023E5000D8704713F80D1C013221F0100103F848
S214023E600D1CF1E7B95B0020BC5400202DE9F04799
S214023E7002261227DFF85C90DFF85C8099F8004093
S214023E8000250CE007FB05F338F803A00021504696
S214023E9011F0DFFB10B15CB1013CE4B2013599F8D8
S214023EA00030EAB29342EDD8A34204D14FF6FF7A2D
S214023EB05046BDE8F0870FF07FF999F80030012EE2
S214023EC0A3EB040390FBF3F202FB1300C4B2EDD0A3
S214023ED00126D5E7B95B0020BC540020034B002125
S214023EE01A7803489200F6F783BA00BF9765002057
S214023EF08C3F002010B5134B0C461B7886B08342CD
S214023F0012D9114900EBC00001EB400108222046FD
S214023F100631F6F7BFFA00220821204611F042F9D0
S214023F2080F00100C0B206E0C01A01A9C0B212F0C9
S214023F30D4FC10B1002006B010BD01AB03CB20604C
S214023F406160E8E797650020BC54002008B5074B7F
S214023F50024653F820308B4206D915204FF6FF71E1
S214023F6015F011F9002008BD0120FCE78C3F002067
S214023F70024B013143F82010704700BF8C3F0020EF
S214023F802DE9F34781460C4600272A4EDFF8ACA0FF
S214023F909AF80030FDB2AB4210D86946204612F0BD
S214023FA0B5FCC0B3082269464846F6F76DFD90B3E5
S214023FB04946204611F0F3FDFE2537E006F10608D5
S214023FC0082241464846F6F75FFD90B94FF6FF7362
S214023FD09C422BD03388A34228D0204615F0F8F90D
S214023FE0FF2814D14946204602B0BDE8F047FFF745
S214023FF055BE14B912360137CAE73388A342F9D13F
S21402400000220821404611F0CDF80028F2D12846B9
S214024010FFF71AFDCCE74946002015F0D7F9FF282E
S214024020054603D0044B1B780344DDB2284602B093
S214024030BDE8F087BC54002097650020B95B0020DD
S2140240400F4B1B7883420CD8C01A0E4AC0B232F805
S2140240501030D90411D443F4805322F810300120D2
S2140240607047094B00EBC00003EB40035A79D106B8
S21402407003D442F010025A71F1E70020704700BFE5
S21402408097650020F0540020BC540020F0B5134B76
S21402409006461B78FBB100251148DFF84CC090F8A5
S2140240A000E0104807781F44E8B2864501D8002091
S2140240B0F0BD7C1B94FBF3F003FB10440CEBC40036
S2140240C03CF83440B44204D1002AF1D184788C42C0
S2140240D0EED00135E8E71846EAE700BF996500200A
S2140240E0AC410020B75B0020903F002070B50CF07A
S2140240F061FB14250F49104E0B78328830809B1ACC
S21402410003449BB2B3FBF5F405FB14330B700B4967
S214024110E2B20B78934292BF00239B1ADBB2032AC9
S2140241200B7088BF002306499EBFD2000B68D3409F
S2140241300B6070BD4E5C002024550020B65B00204C
S214024140AC410020084B1868084BC2B21B789A4252
S21402415008D2074BC0F307201B78984234BF0020D2
S2140241600120704701207047AC410020996500206D
S2140241704D5C0020F8B505461746FFF7E3FF0646F6
S21402418010B9184B1A783AB9212001224FF6FF715E
S21402419014F0F9FF0020F8BD1348DFF854C0037886
S2140241A00133B3FBF2F402FB143303700F48DCF85E
S2140241B0002000EBC30420F8335002F10132A17054
S2140241C03846CCF80020FFF7F7FDE670606011F085
S2140241D05BF8A84201D10120DDE7E3780133E37002
S2140241E0F9E700BF99650020B75B0020903F0020EA
S2140241F0AC41002010B50B4C0B4A2378063B1370DB
S2140242000CF0D8FA0022094BFF211880084B094807
S2140242101A602278D200F6F7EBF80422064B1A70E0
S21402422010BD00BF996500204D5C0020245500207B
S214024230AC410020903F0020B65B00202DE9F843F9
S214024240074614F0F2FE05461A4815F065F81A4BB2
S21402425048B31C683C1B2C44A4B20022174BDFF860
S21402426064901B78164D99F8006005EB03155FFA0B
S21402427082F8464509D9AB8805F11000A34215D944
S214024280B21A29461201F6F705F9013689F80060D6
S214024290AC80B8F1000F03D13946064814F07AFC18
S2140242A02846BDE8F8833C461D60D6E7054601323F
S2140242B0DDE700BF8863002028500020505C002005
S2140242C08C3E0020515C00202DE9F74F14F0ADFE25
S2140242D04FF0000E284D294F2978294C97F800A058
S2140242E004EB011303EB0A120092F3465246DFF880
S2140242F098801FFA80FC0646B8F80000ACEB00096E
S214024300A0EB0C001FFA89F901900098984217D189
S214024310BEF1000F00D02970524503D200203A7039
S214024320FDF7DEFA3B7823B32B78164804EB03142A
S214024330A188C8F8006003B0BDE8F04F14F02ABCAC
S214024340B3F804C0CC450FD84FF0010E93F802C064
S21402435001310CF1FF3C013AA3F804B083F802C025
S214024360C9B2D2B21033D0E701988444A3F804C08D
S214024370F8E703B0BDE8F08F505C0020515C0020E7
S2140243808C3E002088630020285000207FB56C46B3
S2140243901E4B1F4D1E78013EF6B21E7095E80F00AA
S2140243A084E80F001B4B28461A7805F110013244A8
S2140243B01201F6F76FF89DF8026016F00F0511D19C
S2140243C0BDF8080009F02CFE360918BF29464FF042
S2140243D00002BDF8000008BF039904B0BDE87040B3
S2140243E002F022BDBDF80400FFF728FF03468288CC
S2140243F004ADADF80420224603CAAA4218605960EA
S214024400144603F10803F6D104B070BD505C0020D8
S2140244108C3E0020515C0020F8B50024084D094F60
S214024420094E3B783178E2B20B449A4204F1010419
S21402443000DBF8BD2846FDF71DFF1035F1E700BF8B
S2140244408C3E0020515C0020505C002070B5134B5F
S21402445006460D46104612491A78124B09781B7802
S2140244600B44934206DB1F204FF6FF7114F08BFEBF
S214024470002070BDFFF7E2FE013506808570044617
S21402448014F0CEFDE08009F0D1FD40F60243208113
S214024490E3600020FDF724FA0120EAE79665002093
S2140244A0515C0020505C00202DE9F843864600232C
S2140244B0144FDFF85C803E7898F800501249721963
S2140244C0DCB294421CDA4FEA041C31F80C90013339
S2140244D0F14501EB0410F3D1631CD21A0CF1100C57
S2140244E012016144F5F7D6FFA5428BBF05F1FF35F1
S2140244F006F1FF3688F800503E700CB9034B1C706C
S214024500BDE8F883515C00208C3E00204F5C002002
S214024510505C0020044B054A1B781278D3420CBF2D
S21402452001200020704700BF505C0020515C002034
S214024530024B1878003818BF01207047505C0020E4
S214024540002108B5084B09481970094B1970094B28
S2140245501970094B1A781201F5F74AFFBDE80840B0
S2140245600648FEF777B900BF515C00208C3E00205B
S214024570505C00204F5C0020966500208863002077
S21402458010B50B4C23784BB10A4802F03BFD58B1EC
S214024590084B0121188810F069FF08B9002010BDE9
S2140245A00122054B1A70FAE7FFF7F0FEEAE700BFB2
S2140245B0505C00208C3E00204F5C002010B50E4B55
S2140245C01B78BBB10D4C238883424FF0000311D1F8
S2140245D00B4AE160137049B9A3781033A37011F047
S2140245E00FFA18B9A37823F00F03A370FFF7CEFED5
S2140245F0012010BD1846FCE7505C00208C3E0020CF
S2140246004F5C002070B592B00C4606460EF0D1FD07
S214024610E17A05460020FCF733FE28B394F90A0037
S21402462010F0CBFD10BB134BE27A294683F85820D4
S214024630A27A83F85A206A46FDF748F94FF6FE73C7
S2140246409E420CBF4FF6FF7323896A462946002016
S214024650ADF80660ADF80430FDF7EEFB40B92289EE
S214024660054B5A8012B070BD5520FBE75620F9E77D
S2140246702120F7E7404F00202C50002010B50446BA
S214024680014608220948F5F705FF237B022B0AD8C4
S214024690002B14BF3122012205490B7017234B61F0
S2140246A0044B1A7010BD00230122F5E7305000209B
S2140246B02C500020BF5B0020014610230120014A37
S2140246C0FEF742B964EE0100014B5861704700BF25
S2140246D02C500020014B1878704700BF2C50002049
S2140246E010B5054C2378112B03D0E221034814F0B1
S2140246F0A3FC4123237010BDBF5B00205D30040085
S214024700064B01461B78042B04D1054A137E05335B
S21402471013767047034814F03DBA00BFC05B002012
S2140247202C500020A863002008B50648FDF7A2FD1D
S2140247300548FDF79FFD0EF068FEBDE8084000F054
S214024740EBBF00BF2055002052550020064B1878BC
S214024750332806D000F0EF00A0F143035842584138
S21402476070470120704700BFBF5B0020002208B5DB
S214024770074B4FF6FE701A7010F092FD4FF6FF7060
S21402478010F0ABFD034B5869BDE808400EF0D3BDF0
S214024790BF5B00202C50002008B5064B187838B1B5
S2140247A00548FEF743F84FF47A73B0FBF3F0C0B255
S2140247B008BD00BFB45B00206C4100202DE9F04329
S2140247C08BB00746154698460E469DF8489049B95E
S2140247D0104605AC14F0FCFD214612F07EF81728B0
S2140247E018BF2646B9F1000F0AD1124B1B781BB927
S2140247F0284612F08FF8D0B92846FEF7A1FA02E052
S214024800284612F087F880F00104E4B29DF8503092
S2140248102A4602939DF84C303146CDE9009338463D
S2140248204346039410F066FF0BB0BDE8F0834C4697
S214024830ECE700BFBB5B00200022014B1A767047F4
S2140248402C50002008B50020FEF788FC0023024A00
S214024850C2E90133538008BD2C50002010B5144B1A
S2140248601B78033B012B16D8124BB3F868204FF681
S214024870FF739A420FD10320FEF7E6F801F052FFCB
S214024880FFF7E0FF002013F08FFF78B1BDE810407D
S214024890002010F076BBFEF7C7F80446FEF7BEF817
S2140248A00146204607F01AF80220E5E710BD00BFD1
S2140248B0C05B0020404F002008B5114A114B5861DA
S2140248C01378032B1BD0D3B1332B01D0432B10D13B
S2140248D00D4B1B78033B012B05D803231370BDE851
S2140248E008400EF028BD0EF026FDBDE80840FFF792
S2140248F0B5BF21231370BDE8084001F07DBD08BD99
S214024900BF5B00202C500020C05B002008B5034887
S214024910FDF7A0FFFFF796FF022008BD6C410020BE
S21402492038B5114D04462B78834218BF28700FF015
S2140249300FF980B124B920460FF00CF902220DE0DF
S21402494001200FF007F92B781A1F012A05D9062B2A
S214024950F4D1032202E0002CF5D10122BDE8384052
S2140249600021084610F006BEC05B002030B50446A3
S21402497085B068460D46FFF79FFE94B10021284693
S214024980144A01F0F3FE144B20681B7861688DF818
S2140249900430124B1B788DF8053002AB03C305F0CA
S2140249A071F90F4B93F8582093F85A308DF803207C
S2140249B08DF8023010F085FCADF8000010F064FCB3
S2140249C01023ADF8060069460020064AFDF7BCFF34
S2140249D005B030BD00F8FF078D650020C05B0020E3
S2140249E0404F002064EE010010B5104B04461A78C2
S2140249F00F4B002083F8582013F0D6FE10B100208B
S214024A0010F0BFFA00210846FFF7B0FF0FF092F849
S214024A102046FDF749FA40F617400EF08CFC0023BC
S214024A20044A1380044A138010BD00BF525C002063
S214024A30404F0020FA540020F85400201FB50446C8
S214024A406846FFF739FE54B100238DF8053010236F
S214024A5069460020064AFDF777FF04B010BD10F045
S214024A6013FCADF8060010F02CFCADF80000EEE7E3
S214024A7064EE010010B5014604460020FCF700FC77
S214024A8090B10C4B1B78023B032B0FD80A4B1C70C1
S214024A9014F0BEF960B9094A0949FCF779FF0038F3
S214024AA018BF0120800010BD5520FCE70220FAE75F
S214024AB04D20F8E7BF5B0020525C002039730200ED
S214024AC0E9490200F8B5064614F0A2F9044668B9A8
S214024AD013F06AFE50B1064D204695F8587085F8D8
S214024AE0586010F04EFA10B185F858704D20F8BD97
S214024AF0404F00202DE9F04180461846033B012B2B
S214024B000E46174602D918B1212438E0FFF708FFEF
S214024B10274B1D78022D08D0032D46D1B8F1000F81
S214024B2003D1244B1B689B073FD43320FDF78CFF31
S214024B3001F096FAB6F1006F34BF1F4B05223146DC
S214024B404FF0060038BF1A78FEF7FCFC044628BB76
S214024B501A4D2873012000F017FE10F0B2FB688091
S214024B602846B8F1000F0DD0022300F8043B10F0DF
S214024B7014FE6C732F61394630460EF020FB204639
S214024B80BDE8F081012300F8043B10F006FE6C73CA
S214024B902F61394630460EF011FBF0E72846FDF746
S214024BA053FFB8F1000FF4D0E5E70224E7E700BFB1
S214024BB0BF5B0020C0410020BA6500202C500020B8
S214024BC0034B187818B9034B034A1B78D05C70471E
S214024BD0BE5B0020C05B0020607D040038B5437BCE
S214024BE00446DB0703D590F909000EF0A2FF002564
S214024BF00F4B83F859502079FFF764FFFFF7E0FF69
S214024C0061882488034622462846FEF7ADFA044603
S214024C1020B11720FFF750FE204638BD1723054D5A
S214024C20C82105486B6113F0B5FF03232B76F3E723
S214024C30404F00202C500020A8630020F0B51A4DEB
S214024C4006460C4693B0A5F8680005F16A0729BB2C
S214024C50C5F86A1079600EF0ACFA6A460146002082
S214024C60FCF734FED5F86A30ADF81060CDF8123095
S214024C707B68CDF816300EF09CFA6A460146002094
S214024C80FDF7DAF84FF6FF73B5F86800984203D0DE
S214024C9014B106490EF096FA13B0F0BD0822384653
S214024CA0F5F7F8FBD7E700BF404F0020AA4F0020D9
S214024CB02DE9F041DFF8B8801F4698F80030054627
S214024CC00C4616461BB102252846BDE8F081531E47
S214024CD0052BF8D814F09CF80028F4D13B7B032B64
S214024CE014D14FF6FE739C4212D1012E09D0022E29
S214024CF0E9D110F0C9FA4FF6FB73984203D810F0C8
S214024D00C3FA044604E010F01AFFFAE7012EDAD0DE
S214024D10EDB939462046FFF775FC05460028D3D183
S214024D2098F80030332B03D0532B1CBF0E4B186160
S214024D303046FFF7F5FD00214FF6FF70FFF77EFFC6
S214024D400A4B1B78002BBFD011F0CAFDBCE7397B9B
S214024D50721ECB1E594259415042504105F07CFF0B
S214024D6005460028D5D0AFE72C500020BB650020B2
S214024D70BF5B00202DE9F04105460F46904610F035
S214024D8083FA6B7B0446DB0703D595F909000EF020
S214024D90D0FE10F079FA384B384E188010F091FA9F
S214024DA0374B1880FDF73AFE364B1880FDF73CFE6F
S214024DB0082201463448F5F76DFB10F027FA334B0C
S214024DC018702879FFF77EFE00216888FFF736FF05
S214024DD0FDF726FF60B14FF6F672631E9BB2934252
S214024DE006D910F0ACFEB6F8683004468342F8D016
S214024DF0204610F055FA288810F06FFA4146B6F8A9
S214024E006800B847044628B91920FFF755FD19204F
S214024E10BDE8F081B6F868100FF0EFFF00231C4DD6
S214024E2086F859302B7803F0FB03022B02D020467B
S214024E3010F050FC002220461146FFF707FB0446FE
S214024E40B0B117236B61134B1B78042B09D1C82111
S214024E50114813F09FFE03232B7684F00100C0B2A4
S214024E60D6E74FF416710C4813F094FE0023F3E7CE
S214024E701720FFF721FDF0E72A550020404F0020BB
S214024E802855002026550020535C00205B5C00203D
S214024E902C500020C05B0020A8630020F0B50C4612
S214024EA01E460B462049074689B004F1140053F803
S214024EB0045B834241F8045BF9D11B8802AD0B8088
S214024EC0D4F80E00D4F81210238803C5ADF81030BB
S214024ED023798DF812208DF8133000233A468DF888
S214024EE014304FF6FE71012002ABFFF7E1FEC8B99F
S214024EF002A8FFF7C3FB237B4BB10C4D0C4B01AA58
S214024F002946012001930EF0F2FD2A781AB92046AE
S214024F10FFF764FE03E020460199FFF72BFF08B96E
S214024F20044B1E7009B0F0BD2C5500202C500020FA
S214024F30B15703005C5C002001232DE9F341304E9B
S214024F4005460F4600202F491446737300F0EAFB0D
S214024F500EF0F1FDDFF8AC8038B9012D01D9042D31
S214024F600FD1214638460EF0AAF91020002111F082
S214024F70CFFC00283CD0002002B0BDE8F041FCF790
S214024F80AFBC002CF1D1204B1B78212B03D0062B73
S214024F9001D0532B02D101F02FFAE6E7FDF740FECF
S214024FA00028E2D000F0EAFB28B9307BC0F11800F6
S214024FB0FFF782FCD9E7154B41462046019300F0E5
S214024FC0B1FB20B140F61901114814F035F801AAD8
S214024FD00B4998F80C000EF08AFD32781AB9094887
S214024FE0FFF7FCFDC1E701990648FFF7C3FEBCE7E1
S214024FF0FFF79EFA0028BED102B0BDE8F08100BFDE
S2140250002C5000202C550020BF5B0020B157030017
S2140250105D3004001FB5144B04461B88DB0707D41B
S2140250204FF6FF700021FFF709FE002004B010BD06
S2140250300A230E4A012001A9FDF786FC4FF6FF73EC
S214025040BDF80C209A42EBD00822FF2101A810F0EE
S214025050A9F80028E4D10CB90120E7E7BDF80C0056
S21402506001A9FFF7EBFDF7E74455002026E1010012
S21402507038B50C46154610F013F902F053FF2946D0
S2140250802046FFF7DBFD00F079FB48B1054BDB79E4
S2140250900E2B28BF0E230133DBB2034A137038BD32
S2140250A00123FAE72C550020685C002038B51D461F
S2140250B0FFF7FEFD0446C8B92B7B2846032B03D117
S2140250C0BDE8384010F088BBFFF7D8FA084B2546F3
S2140250D09C8110F09BF80121064B81401A7806202D
S2140250E0FEF730FA044608B1034B1D70204638BD61
S2140250F02C500020BA650020BF5B002030B501208E
S21402510087B0FFF787FF6B460446144A106851685B
S21402511003C384B904F0C4FD02A8FFF7CDFA4FF624
S214025120FF752246BDF80E002946FFF7A1FF0EF0D6
S2140251304DF807B030BD6B46094AD2F86A00D2F87D
S2140251406E10B2F8685003C304F0AAFD02A8FFF777
S214025150B3FA6A46BDF80E00E6E700BFF1B80300F0
S214025160404F002037B5324B04461B781BB1022451
S214025170204603B030BD13F04BFE0028F7D100F0F6
S2140251800DFB14B122882B4B1A8000210DF107006B
S214025190FDF7D0FC002848D110F0F0FA04460028AB
S2140251A0E6D1254D9DF80700FFF7BAFB2B78033BA7
S2140251B0012B27D82046FFF72DFF18B3FFF79EFFD7
S2140251C000F0FCFEFFF74AFB01200FF0E9FF48B9AA
S2140251D0184B1B889A0707D5234605220120174934
S2140251E0FFF788FC0446C3E7154D02232946012033
S2140251F0144AFDF7A9FB2B885B07B9D5204600F0B9
S214025200F1FEB5E72B78053B012BB1D8FFF776FF09
S214025210FFF724FB2B78052B0CBF04200520FDF797
S21402522013FC01200FF0BCFFDCE71724A0E700BF49
S214025230BF5B002044550020C05B002000F8FF073B
S214025240F654002027E101007FB50024184E194DC0
S2140252503278E3B29A4201D804B070BD4FF6FF73BB
S214025260B5F868209A421AD0134B1B88DB0714D570
S214025270124AB5F8683010685168ADF80C3001ABC8
S21402528003C30F4A0A23002001A9FDF75DFB022390
S21402529000200C4A0C49FDF757FB0134D8E70022E0
S2140252A0082106480FF07EFF0028F6D1DCE700BF93
S2140252B098650020404F002044550020AA4F002049
S2140252C026E1010027E10100F654002010B500F0A7
S2140252D0C7FE01F013FCD8B10E48FDF7BBFA0E4824
S2140252E00E4C017A0E30FFF741FB23781BB100F01B
S2140252F0F7F9002323700022094B1A73FFF7AEFA60
S21402530007F0B8F900F012FFBDE81040FFF79CBFA7
S21402531010BD00BFA86300202C5500205C5C002056
S2140253202C50002010B52548FDF794FA01F0E6FB54
S21402533030B1234B1B781BB9BDE81040FFF7C6BF40
S21402534001F0DCFB78B11F4C237E83B1C8211B48D9
S21402535013F020FC0021237E0846013B2376BDE89D
S2140253601040FCF72BBBFDF75BFC0028EBD1FDF7EA
S21402537057FC154B1B7858B9112B03D003F0FD03CD
S214025380412B19D1BDE810400E4B5869FFF794BA6D
S214025390332BF7D10D4B18880FF082FF0C4B188871
S2140253A00FF09BFF0B4B0C491888FFF747FC0B4B83
S2140253B01878FFF787FBE5E710BD00BFA86300205B
S2140253C0BB5B00202C500020BF5B00202A5500202B
S2140253D02855002026550020535C00205B5C0020E8
S2140253E02DE9F04F0F4685B002AD044629463846F1
S2140253F0914611F01FFD4FF0000B82463846CDF85D
S21402540004B00FF0B0FD4678022C804606F0020685
S21402541009D85CB1FDF704FC0446002848D1754B58
S21402542001241B7865E0043C022C3AD9FDF7F8FB10
S21402543038460FF011FD00240546A046DFF8D8A135
S21402544038460FF090FD50F809300DF10500019333
S21402545013F0D0FE9DF807B00746B8F1000F4DD105
S214025460BBF1000F5BD0DFF88C9199F800300BB1DE
S214025470002E63D0002C61D05F4B1B78022B5DD1CF
S214025480BBF1000F53D138460FF00AFF5846594673
S214025490FFF76CFA07F0EEF840F607400DF04BFF08
S2140254A034E010F05FF9FDF7BBFB0446F8B15C464A
S2140254B04EB1524B1B78012B02D0043B012B0BD86A
S2140254C005B0BDE8F08F4B4B1B782BB14B4B1B78CE
S2140254D003F0FB03022BF3D0BAF1000F404608BFDD
S2140254E0002511F09AFC4FF001088246A8E7414BCE
S2140254F01B78002BF0D0002EEED1E1E7BAF1000FB8
S214025500AED05046FDF71EFE0028A9D1002013F0AB
S2140255104BF90028D4D000200FF033FDD0E74FF629
S214025520F7739F429FD91720FFF7C6F9EEE7FDF7FC
S21402553077FB48B13248FDF78DF9F4E7FDF770FBCB
S21402554010B1BBF1000FF5D1FDF76AFB0028DDD0E4
S2140255502846FEF749FAFF28DFF89CA0294C03D01C
S2140255609AF80030012B04D12946B4F86800FEF7F9
S21402557095FBFEF751FC2A463846B4F86810FFF74A
S21402558077FD214B214A93F906301B0213809AF8C5
S2140255900030012B19D0312B14BF432311238AF874
S2140255A000301B4B1648196813F0F4FA00F006FD9B
S2140255B00023124C99F80010237641B9104813F0D4
S2140255C0E9FA40F61B436361A0E71123E7E7B8F167
S2140255D0000F03D016B1FFF779FEF2E70D4B1B78EA
S2140255E0042BEED10521064813F0D4FA09232376BC
S2140255F0E7E700BFBB5B0020BF5B00202C5000200B
S214025600A8630020404F00202C5500204255002061
S214025610C8630020C05B0020425C002070B50846CC
S2140256208CB00D460FF09FFC09220021064613F0AF
S21402563005F9044628460FF00FFC052228460DF110
S2140256400F0304A90DF0C9FE02281BD09DF80F30E7
S21402565029461C440023E4B204F11002365D012000
S2140256600093D2B20BF040FD60B1022E0AD1064B77
S2140256701B78012B06D1054B187818B92246294605
S214025680FFF7AEFE0CB070BDBF5B00202C500020B2
S21402569008B5084B187050B1074B1B883BB14FF446
S2140256A07A710648594313F075FA002008BD0120A6
S2140256B0FCE700BFB25B00203A6500208C40002069
S2140256C0014B1880002070473A65002008B5FDF7A8
S2140256D0C1F80022014B1A7008BD00BFB25B002061
S2140256E010B50024044B05481C80054B1C70FDF7C2
S2140256F0B1F8204610BD00BF46550020CC630020FE
S2140257005D5C002008B50348FDF7A4F8BDE8084034
S214025710FFF7E6BFCC6300200148FCF7ABBD00BF35
S21402572046550020F7B5134B04461B780E46EBB1E0
S21402573083421DD90021104813F0C0FD0025014602
S2140257400D4F09B9012009E0AC4209D10024162305
S21402575022463046009413F046FE204603B0F0BDC3
S214025760384613F0CFFD01350146EAE71820F5E783
S2140257702720F3E75D5C002046550020014B187891
S214025780704700BF5D5C002025289DBF024B187045
S21402579000202120704700BFBC650020012307B50A
S2140257A01846064A0DF10701FDF7CEF89DF80720C8
S2140257B0034B1A7003B05DF804FB00BF29E1010039
S2140257C03C65002084B010B502AC84E80F000822C5
S2140257D024480DF11601089CF5F756F938BB9DF8DA
S2140257E015309B0705D4204B1B7803F0FD03312BA5
S2140257F023D11E496378097803F00F028A4203D048
S214025800012928D1022A18D12278B2B91B09022B03
S21402581013D194F90230002B21DB154BB3F8682024
S214025820BDF80A309A4208D1FEF790FF06E0002241
S21402583008210C480FF0B6FC20B90020BDE8104045
S21402584004B070470B4BBDF808205B889A42C6D05E
S214025850002BC4D0F1E70229EFD1012AD3E70120B9
S214025860ECE700BF30500020BF5B00208D650020B3
S214025870404F00202C50002084B02DE9F0478EB017
S21402588016AC84E80F00DFF868C1564BBCF802007D
S2140258909DF85D9010F001049DF96220BDF870E05D
S2140258A09DF875A09DF976709DF878509DF97A104E
S2140258B09DF95E809DF860601B782FD09DF87D0074
S2140258C0C0F34004C0F38000002B44D0464B1B7844
S2140258D0012B02D1002C00F08280C0B19CF800306F
S2140258E01E335BB2BB42ACBF002701279845D4BF2C
S2140258F000230123BB4209D18A4208DB0CD1A81B34
S214025900C0B280288CBF0020012000E038460EB0CE
S214025910BDE8F04704B070470020F8E710F0020F29
S21402592018D0C3B1490814BF01200020520814BF82
S214025930012300238342EAD1AB1BDBB2802B0AD9B8
S214025940AE42E9D1B84506DB49D1CA4594BF00202C
S2140259500120DCE70BB90120D9E7AE4216D002AC33
S2140259601CAF0FCF0FC497E8030044F8040B218046
S214025970DDE91A0116AB0090ADF804100FCB0EF05D
S214025980AFF80028E7D1AE42B9D1C0E7BDF858302B
S21402599073451ED008AC0DF1700CBCE80F000FC4A6
S2140259A09CE8030044F8040B2180104C638873457E
S2140259B00FD10822211D0DF12E00F5F765F80246DB
S2140259C038B90821201D0FF0EDFB10B96388002BB3
S2140259D0C1D1B845BFDBC2D1CA45BCD8BFE7204655
S2140259E095E700BF5D5C0020BF5B00202C500020C6
S2140259F03C65002084B02DE9F04F8FB06A4E18AC9B
S214025A0008AD84E80F00162200212846F4F7F0FCC1
S214025A1033783BB90024654B32781B789A4239D2E8
S214025A20002726E00021624813F048FC00270446BF
S214025A30B846DFF87C91002C45D13FB12246394664
S214025A405B480FF013FB3378013B33703378002B3F
S214025A50E0D0002156484FF0000913F02FFC4F46C5
S214025A608046CA46DFF848B1B8F1000F6CD1002F65
S214025A70D1D01621002218A80FF090FA014648B19C
S214025A80002F00F08B80224649480FF0A7FA3378A1
S214025A9001333370454B32781B789A4207D9444813
S214025AA0002201880FF0E2FA3378013B3370337834
S214025AB0012B03D13F49404813F06CF80FB0BDE804
S214025AC0F04F04B070470022214616232846CDF830
S214025AD0008013F088FC1622294618A8F4F7D4FF93
S214025AE00028EBD09DF864209DF824309A4225D1F8
S214025AF0BDF86020BDF820309A421FD108220DF171
S214025B002E010DF16E00F4F7BFFFB8B902AF0DF12A
S214025B10600CBCE80F000FC79CE8030047F8040BB4
S214025B2039800EAB13E903000090ADF8041095E837
S214025B300F00FFF7A1FE0028C0D0274621464846A0
S214025B4013F0E0FB044676E7162300224146284679
S214025B50CDF800A013F047FC02AF0DF1600CBCE8D4
S214025B600F000FC79CE8030047F8040B39800EAB02
S214025B7013E903000090ADF8041095E80F00FFF754
S214025B807BFE074620B1B9F1000F04BF44468146AA
S214025B904146584613F0B6FB804665E73A46044847
S214025BA013F092FB73E700BF5D5C0020BC6500202B
S214025BB04655002020BF0200CC6300202DE9F04F9E
S214025BC0002104469FB00DF14008162240460E9171
S214025BD0CDE90C11CDF83B10F4F70AFC052220465D
S214025BE00DF11F0316A90DF0F8FB0228074600F078
S214025BF0F28020460FF0B7F9064613F0FBFA81460C
S214025C00F01C13F0F7FAADF84000701D13F0F2FA2C
S214025C10012FADF84200204640F0E0800FF0A3F9D5
S214025C200546204612F0CAFE0D3502232D1A0093B1
S214025C30214643460820EAB20BF056FA002800F046
S214025C40CA8020460FF094F9012F83469DF84D3006
S214025C5040F0DC8000252F4643F001038DF84D30DE
S214025C6016AE3388022B4DD1F1782046023108F069
S214025C7065F81B2846D1F1782046033108F05EF815
S214025C8019283FD1F1782046043108F057F84A28FF
S214025C9038D14FF0050AF17820460131514408F018
S214025CA04DF8F17805905144204608F047F8059BD8
S214025CB000EB032083B200F03F02932B059240F0E4
S214025CC095800023F778214602375744FFB23A46BA
S214025CD000930CA80F2313F086FB07F10F01204652
S214025CE010F081FF07F111010546204610F07BFFF8
S214025CF0ADF84200059B023353445FFA83FA3379C8
S214025D005345C8D806360DF17603B342A9D19DF89D
S214025D104D20C5F3C03363F3410220468DF84D2073
S214025D200FF0B8F88DF8440020460FF0A8F88DF86A
S214025D30450020460FF0A8F89DF83230BBF1190F47
S214025D40C3F3C3028DF84720DDF833208DF84600F2
S214025D50CDF84E20DDF83720CDF8522094BF002231
S214025D609DF83E208DF8482003F003028DF84A2065
S214025D709DF84D20DB0963F38202694B8DF84D20B6
S214025D801B78022B56D1BDF840600FF09AFA864275
S214025D9050D108A80FF001FDBBF1190F47D9082210
S214025DA00DF14E0108A8F4F76FFE00283CD1B9F5B4
S214025DB0004F02D0B9F5624F0DD140F6FF7325F4BD
S214025DC040459D4207D1002208210DF14E000FF0FA
S214025DD0E9F900283ED01FB0BDE8F08F0FF0C3F8F7
S214025DE00546204612F0EAFD07351EE7412B81D113
S214025DF0F17820460231514407F0A0FF494B1B7848
S214025E00C3F1B30318448DF8490073E76FF3000338
S214025E10F01D8DF84D3013F0EDF90CA9054620461D
S214025E200FF00DFD0B2772E700F058FDBFE700F0FC
S214025E3055FDD0E7B9F5004F02D0B9F5624FCAD189
S214025E4040F6FF7325F440459D42C4D1BBF1190FBD
S214025E50C1D9B8E7BBF11A0F06D007F11F014246B7
S214025E602046C9B20DF042FE2F4C304D637BDBB1AB
S214025E702B78012B1DD1012323730CAB029314AC98
S214025E8094E803000090ADF8041098E80F00FFF7BE
S214025E9099FC90B194E803000090ADF8041098E8DD
S214025EA00F00FFF7A7FD08E0FCF7BAFE0028DFD0D8
S214025EB0E1E703F0FD03042BDDD02B78012B01D0A4
S214025EC0042B88D11A4BDDF84E001B78DDF85210F1
S214025ED08DF82230BDF84030ADF820309DF84D30B8
S214025EE0C3F340038DF823309DF8313003F00F03DF
S214025EF08DF82C309DF848308DF82D3009AB03C351
S214025F000C4B1B681BB1414608A8984763E79DF9EE
S214025F1046209DF8451008A80DF0CFF95BE700BFB4
S214025F20BF5B0020645C00202C5000204B5C0020ED
S214025F30635C00202050002010B513F076F8114B59
S214025F401B78022B1CD1104A1468A04218D00F49A5
S214025F5010600A68121B10440D4A086012786AB173
S214025F60013A93403C2253434FF47A725343984289
S214025F7006D9BDE810400320FCF766BD0A23F3E706
S214025F8010BD00BFBF5B0020B8410020B441002016
S214025F9089650020064B1B88DB0708D50022054BC7
S214025FA043F82020044A135C63F00F03135470472F
S214025FB04855002008400020845B002008B513F0F6
S214025FC034F80022024B1860024B1A6008BD00BF6C
S214025FD0B8410020B4410020014B1868704700BF4A
S214025FE0B441002008B50C48FCF734FCFCF772FDFF
S214025FF080B10A4B0322B3F8681001200DF096FD1B
S2140260004FF47A71064B04481B885943BDE8084092
S21402601012F0C0BD08BD00BFEC630020404F002058
S2140260201E650020014B1880002070474065002046
S214026030044A054B1870138823F003031843108094
S21402604000207047485500208A650020034B1888B8
S214026050C0F30E00003818BF01207047F654002027
S21402606008B5FFF7F3FF30B1002004490223044AC3
S2140260700880FCF769FC002008BD00BFF65400202B
S21402608027E10100024B1888C0F30E00704700BFDC
S214026090F65400200023084A01201370074A0849D4
S2140260A01370084B084A1B7843F00403138002233C
S2140260B0064AFCF749BC00BF605C00205F5C00201B
S2140260C0F65400208A6500204855002027E101008A
S2140260D030B5012100240B2385B0104D01940091A8
S2140260E08DF80C308DF80D000323B5F8680003AA6E
S2140260F08DF80E4010F030FE68B1B5F868100FF05B
S2140261005BFC40B10522064B64211A70054B06481B
S2140261101C7012F03FFD05B030BD00BF404F00209E
S2140261205F5C0020605C00200C640020064B1B783D
S214026130033B012B06D8054B1B781BB9044B18787A
S214026140FFF7C6BF704700BFC05B00205E5C002042
S2140261508965002010B51548FCF77CFB144B1978AE
S214026160F9B9144A13787BB1013B1370124B1B78B2
S214026170042B02D10846FBF721FCBDE810404FF481
S21402618096710A4812F006BD0C4A128802F0030203
S214026190022A0AD1BDE81040032201200849FEF770
S2140261A0A9BCBDE81040FFF7C1BF10BD0C640020BB
S2140261B0605C00205F5C0020C05B0020F65400207C
S2140261C000F8FF07084B1A785AB10223013A9340A7
S2140261D04EF66022534303210448B3FBF1F112F05A
S2140261E0D9BC42F21073F6E7896500200C640020E1
S2140261F070B505461748FCF72DFB0122164B2846BC
S2140262001A7010F0CDFD411C044689B2284607F0EC
S21402621095FDA11C064689B2284607F08FFD0F4C55
S21402622002232080214600200D4AFCF78DFB86B90A
S214026230238803F00303022B03D1FFF7BFFEFFF709
S214026240C1FF23885B0704D5BDE870400548FFF709
S214026250C9BE70BD0C640020605C0020F6540020AD
S21402626027E10100EC6300202DE9F0431F4C0546B0
S214026270238889B0002B33D01D4E00214FF4807046
S21402628010F026FB3378DB0728D50121208812F090
S214026290CDFB074620880EF066FE023012F0AAFFFB
S2140262A005A98046208810F062FE3378384613F03F
S2140262B0020F104B18BF0025B3F8009012F09AFB9D
S2140262C00646384612F07AFBF6B20290424606219D
S2140262D02846CDE9009605AB0CF0ABFF00232380E1
S2140262E0054809B0BDE8F043FCF7B4BA4E550020A5
S2140262F0615C00204C5500202C64002010B504463A
S21402630040F62140FFF7B0FF01214FF4807010F0F5
S214026310DFFA78B10022084B1C80084B1A7007F08F
S21402632085FEBDE81040064B1880064B06481988C5
S21402633012F030BC10BD00BF4E550020615C00203C
S2140263404C550020206500202C640020044A137857
S21402635018B943F001031370704743F00303FAE7DA
S214026360615C0020044B1B781BB9044A1380FEF7BD
S21402637007B90020704700BF4F5C00204A55002036
S214026380042230B501F0400387B0002B054614BF47
S214026390012400248DF80C208DF80D1004D004A9D9
S2140263A010F0B4FA10B304ABCDE900430121022386
S2140263B0284603AA10F0D0FC0446C8B10D4BB3F829
S2140263C068100EF01AFD4FF6F7739D4209D9322275
S2140263D002212046FEF73AF880F00100C0B207B06C
S2140263E030BD294620460FF0E7FAF5E70120F6E72A
S2140263F01920F4E7404F002010B5FFF731FE04F0F5
S21402640031FA0FF065F9002010F078FA12F000FD6C
S21402641008B1FDF729F9204C2378532B12D1032318
S21402642023700023FF2219460120FEF763FB00209B
S21402643012F0BAF910B100200EF0A3FDBDE810402C
S2140264400DF078BB062B01D0212BF0D10120FEF7F0
S214026450F5FA4FF6FE700EF023FF4FF6FF700EF0C1
S2140264603CFF0020FEF752FA0020FEF759FAFEF72C
S214026470E9F900F029FB0DF060FB2378212B02D10D
S214026480FEF774F9D3E70020FCF7DEFA00214FF49A
S214026490004010F00DF8CAE7BF5B002010B50A4CAA
S2140264A00A48FCF7D7F92378062B02D10120FEF71B
S2140264B0C5FA2378062B01D0532B03D1BDE8104032
S2140264C0FFF79ABF10BD00BFBF5B00204C640020E0
S2140264D02DE9F047DFF8C08004460E461746FFF760
S2140264E0BFFD98F8005015B90220BDE8F087212DAF
S2140264F0FAD0284812F010FF0028F5D114F0200434
S21402650039463046DFF894A0DFF8949005F00F0580
S2140265101BD00CF056FE012D8AF80070A9F8006018
S21402652029D1212388F80030FFF766FF0020DCE738
S214026530212388F80030FFF75FFF00214FF6FE7038
S214026540FEF77CFBFEF780FEF0E70CF039FE012D2D
S2140265508AF80070A9F80060EAD0062321464FF6B2
S214026560FD7088F80030FFF70BFF40F2262109483D
S21402657012F010FBE1E7532321464FF6FD7088F830
S2140265800030FFF7FDFE40F22621024812F002FB21
S214026590CCE700BF4C640020BF5B0020625C00209A
S2140265A042650020F8B50D460646511C284607F0FF
S2140265B0C5FB044628460EF0D6FC0546023012F00D
S2140265C019FE154B07461B78022B02D0043B012B03
S2140265D021D8124B1B68580201D5A1061BD56206AC
S2140265E019D50F4BB3F86830B34214D16B781B073A
S2140265F00DD5284610F011FCFCF7A4FD58B1314623
S21402660004F020000122BDE8F840FFF761BF0EF05B
S2140266103BFEB842F3D0F8BDBF5B0020C04100206D
S214026620404F002073B504460D4612F0D1FEFF28F7
S214026630034625D0134A12784AB1134A32F810207C
S214026640520404D510F04BF9002002B070BD184673
S21402665010F056F96946064610F058F940B1FCF7B4
S214026660E7F928B1002302226946304605F0DCF835
S214026670204645F0400102B0BDE87040FFF780BEFC
S2140266800120E2E7BB5B0020F054002038B5054647
S2140266900EF069FC0446284610F082FB411C89B2C3
S2140266A0284607F04BFB42060DD563781B070FD52D
S2140266B0204610F0B2FB0146002012F087FEBDE82D
S2140266C0384010F00CB90348BDE83840FFF7E6BE84
S2140266D038BD00BF4C64002038B54FF6FF75A8429F
S2140266E0044617D00EF0EDFDA04213D04FF6FD7211
S2140266F0094B198891420DD9084A1288AA4201D03C
S214026700A24207D11C804FF47A71BDE83840044893
S21402671012F040BA38BD00BF28650020446500204C
S2140267204C41002008B50448FCF794F84FF6FF7277
S214026730024B1A8008BD00BF4C410020286500208D
S21402674037B505460C46082369460120064AFCF77B
S214026750FBF815B19DF806302B700CB1009B236038
S214026760BDF8040003B030BD25E1010007B50823DB
S2140267708DF80600ADF80410009269460020034A20
S214026780FCF7E2F803B05DF804FB00BF25E1010068
S214026790024A13780BB1013B13707047B05B0020BE
S2140267A008B50EF09AFD00214FF6FF72054B08461B
S2140267B01A80FEF7DBF8BDE8084040F616400CF0FB
S2140267C0BABD00BF2865002008B5FCF743F80A4B9F
S2140267D01B78023B032B08D84FF6FE73074A108835
S2140267E098424FF6FF7301D1138008BD9842FCD041
S2140267F0BDE80840FFF7D4BFBF5B00202865002035
S21402680010B5084B1B78042B0AD00EF03DFD002174
S21402681004460846FFF794FF231A5842584110BD13
S2140268200020FCE7C05B0020F0B5002689B00546D4
S214026830CDE90566ADF81C6010F0B2FA0A230246EE
S21402684004462946009605A812F0CDFD9DF815309F
S2140268509DF814701F2B27D803A80EF09EFF08225F
S2140268600DF1160103A8F4F70FF90646E0B9092F51
S2140268701CD1FFF7C5FFB8B1144B1B78A3B1144B5C
S2140268801A884FF6FD739A420ED9124C124A237892
S2140268900433DBB223701278013AB3EB820F03DDC6
S2140268A058B20AF000FE267009B0F0BD0A34E4B20F
S2140268B02146284607F042FA0FF002F8611C2846E5
S2140268C010F091F9FFF708FFEEE700BF9D65002084
S2140268D028650020B05B00208865002038B5134B81
S2140268E01B78033B012B20D9114B4FF6FF711B7807
S2140268F0ABB1104D2B888B4217D10EF0E2FC4EF650
S214026900602104460C4812F045F94FF6FE73224603
S2140269102B800021BDE8384009200EF0DFBF074A71
S21402692013888B421CBF0133138038BDC05B002026
S2140269309D650020286500204C410020F25400206E
S21402694008B50448FBF786FFBDE808400021084664
S214026950FBF734B86C64002010B5044661B1FF2121
S2140269600EF0A2FA002120460EF0A4FA0EF0E5F987
S214026970014620460EF0A4FA2146BDE81040002249
S214026980014812F0A1BC00BF525500202DE9F0418B
S2140269900D46174604460EF0E6FA06782846FCF739
S2140269A04DF92946804620460EF027FA0EF06CFC7A
S2140269B0A84206D120460121FFF7CEFF0120BDE8FE
S2140269C0F0812846B8F1000F0AD0FCF7B9F950B9A1
S2140269D0144B3A462046BDE8F0411978FDF736BD1D
S2140269E00FF098FFF3E706F00306012E08D00EF02C
S2140269F04BFC00232246294602F042FA0028D9D14F
S214026A0020460EF0B6F9430505D52046BDE8F0410E
S214026A1000210EF02BBD20460FF067FFB0FA80F083
S214026A204009CCE78765002010B586B0044610F012
S214026A30B7F9104B0246186819790290D3F8050088
S214026A405B7A01328DF8143000238DF80C10049016
S214026A502146009392B2052304A812F0C4FC052234
S214026A6004A902A8F4F710F8B0FA80F0400906B0BC
S214026A7010BD00BFD87C040008B511480EF030FBEC
S214026A80104B1B78012B06D8FF200FF001FFFDF7F5
S214026A90B1FB0FF01CFFFDF73BF801F091FCFFF78E
S214026AA0F9FA10F0F5FA07F0F1FDFDF749FD07F0E7
S214026AB03DFB0CF088FBBDE8084002F0D3BC00BFEB
S214026AC0085000207D5B002008B5F0F75DFDFF282A
S214026AD003D0094B1B78012B06D900200FF0D8FEF5
S214026AE0FDF788FB0FF0F3FEFDF712F801F068FCE5
S214026AF0BDE8084002F0B6BC7D5B0020064B187865
S214026B00112806D000F0FD00A0F14103584258417A
S214026B1070470120704700BFBF5B00202DE9F84395
S214026B200446FDF70FFB18B100263046BDE8F88391
S214026B304FF6FF78184BB3F868104145F4D020465C
S214026B400EF05BF9154B022120461A88FDF77EFCF3
S214026B5006460028E8D020460EF005FA90F8079080
S214026B600546043012F046FB07460EF08DFB4946FA
S214026B7002463846FDF7FEFAA81C12F03BFB4045DB
S214026B8002D12046FFF7BAFB2B789B07CDD1012115
S214026B902046FFF7E1FEC8E7404F00205055002090
S214026BA0F8B507460EF0DFF90546043012F022FB70
S214026BB00646A81C12F01EFB0446304612F008FCDD
S214026BC03046FCF73BF82B789B0701D10EF05CFBB6
S214026BD0AB790BB90320F8BD0EF056FBA0420CD1E0
S214026BE00EF052FB0446094B214638461A78FFF748
S214026BF0CDFE0028EED00020EDE7054B1B78052BD6
S214026C001CBF044BB3F86840EDE700BF50550020A8
S214026C10C05B0020404F00202DE9F041064610469A
S214026C200D4610F0BDF8A0F11004E7B256FA84F44F
S214026C302146EA1B04F10E00F3F72CFC2823DFF8AA
S214026C404480F35598F80030637301F0CDFB611C65
S214026C50024601200CF086FF08220949601DF3F760
S214026C6019FC98F800000FF07FFC05F10E01304683
S214026C703B460022C9B201F069FC1220BDE8F08151
S214026C80425C0020BA5B00202DE9F04F87B0044634
S214026C900EF069F9064620460EF0C8F80746301D83
S214026CA012F0A8FA8146B01C12F0A4FA384696F8FA
S214026CB007A012F096FB33789A075FD1214604208C
S214026CC001F04CFD002859D0204610F069F8014624
S214026CD0204607F033F8830750D1204610F060F8BC
S214026CE00146204607F02AF810F00303039345D125
S214026CF02046FFF799FE002840D0204610F026F9DD
S214026D00451C204611F076FEEDB205F10A0B8345CE
S214026D105DDA304A04AB1068516803C3691C20462A
S214026D2007F00CF829468046204607F007F800EBE5
S214026D30082059461FFA80F8204606F0FFFF8346D1
S214026D40039B2146AA1C009304A8082312F04BFBBF
S214026D5020460EF06BF85A4641460CF0F5FE01222C
S214026D60404604A90EF036FF88BB022007F032FC2C
S214026D70013003D1404604A9F0F7CEFC0EF084FAA7
S214026D8048453A46514607D10EF086FCF8B907B098
S214026D90BDE8F04F0EF0D2BE48460EF07DFCB0B90C
S214026DA00D4B1B781BB9394648460EF0DDFD3A46B8
S214026DB051464846FDF7DEF948B1317811F0030135
S214026DC005D1204607B0BDE8F04FFFF7C5BD07B0B6
S214026DD0BDE8F08FF1B80300B65B002038B5114D60
S214026DE02B78023B012B18D80CF0B0FE0446B0B943
S214026DF0FFF7A2F82B78032B07D12346FF22214662
S214026E000120FDF777FE012038BD21462046FAF71D
S214026E10D5FD003818BF0120F6E71720F4E7022058
S214026E20F2E700BFBF5B00202DE9F74305460E469A
S214026E3014460DF0A8FF0C2828464AD10EF093F807
S214026E400922002111F0FAFC00F11001C9B228460D
S214026E5006F074FF042813D07C282BD0012840F0BB
S214026E60AC8046B9132128460FF0BDFE03B0BDE83C
S214026E70F0430EF032BA03B0BDE8F043FDF7DCBCD7
S214026E805B4B1B78022B40F0988046B9FFF7FAF866
S214026E90C3070AD5FFF792F8002C08BF3F263046F4
S214026EA003B0BDE8F0430CF0AAB9FFF7CFF800280C
S214026EB0F0D0F1E7284611F09DFD0446284611F071
S214026EC07DFD02463046E1B203B0BDE8F0430CF069
S214026ED094B90EF048F88046043012F08BF9074653
S214026EE008F1020012F086F94FF6F773984204464C
S214026EF00CD8404A138801339BB213800BB93E4A22
S214026F0013801EB13C4A13880133138098F8009010
S214026F1009F00309B9F1010F1DD128460FF040FF11
S214026F200146284606F00AFF0B2809D00D2807D08E
S214026F30042842D1284603B0BDE8F043FFF7A6BBBB
S214026F402E4B1B78042B38D10021084603B0BDE82F
S214026F50F043FAF733BDB9F1000F2ED13146284679
S214026F6003F05EFD4EB34FF6F7739C4225D898F8B1
S214026F700160204616F0040622D10FF099FC054661
S214026F8020467DB10FF0C6FC034600BB0C220090E3
S214026F90214638460EF0B6FE0C220023394620461D
S214026FA0009308E00FF0B6FC0346C8B9144A0090F6
S214026FB01278214638460EF0A5FE03B0BDE8F083EF
S214026FC00FF0A8FC034678B90B220090F1E70622E0
S214026FD033462146384600960EF094FE0622DCE73B
S214026FE02B4600950622E4E74B46CDF80090F9E7DB
S214026FF0BF5B0020FA540020F8540020C05B00203B
S214027000BE6500202DE9F04F05888BB00446284661
S2140270100DF0A9FF0746043012F0ECF88146B81CC2
S21402702012F0E8F805A9804628460FF003FF284626
S2140270300FF0B6FE01460646284606F07FFE3B786F
S214027040824603F00303012B0CBF83464FF0FF0B6F
S21402705011F0E6FFE388019002930EF015F9FB7932
S21402706000904846039300F081FF002876D1404600
S21402707000F07CFF002840F08880FDF72BFB80465E
S214027080FBF7CEFD10B9FFF739FD30B1A8F10408C1
S2140270905FFA88F8B8F1020F1BD90BF0FD03042B38
S2140270A000F0B380FFF72AFD20B10AF0030ABAF116
S2140270B0010F0ED0FBF70EFD28B9714B1B7803F0BB
S2140270C00F03062B68D16F4B2846B3F868100DF0F5
S2140270D094FEBBF1010F63D128460DF078FE4FF601
S2140270E0FF73984240F0918000233146284607AA53
S2140270F00FF0E6FB0746002842D042799DF825307D
S214027100934209D9711D284689B206F02BFEA37850
S21402711023F00F030233A3700CF04EF87E23B0FB6D
S214027120F3F202FB130303F58073A3809DF8263067
S21402713013F0180F0AD0A3781B0707D1009B4B4504
S21402714004D048467A7905A90CF06BF89DF827001A
S214027150003818BF01200BB0BDE8F08F28460DF0AE
S21402716002FF023012F046F84FF6F773984207D93C
S214027170039B2BB92846FFF757FC00287FF477AF0E
S214027180A37823F00F03A37008E0404612F029F913
S21402719000287FF472AFF3E72823A3800020DAE703
S2140271A0BBF1020F54D10123314607AA28460FF03D
S2140271B087FB80460EF068F8BDF8223098421FD151
S2140271C0B8F1000FDCD00122B8F80230314628466A
S2140271D00FF074FB2C4A13780133DBB2FB71137089
S2140271E0B8F80230BDF81E209A421FBFA37823F0DB
S2140271F00F030233A3704FF4C873A3800120AAE7DB
S214027200184612F0EEF80028DAD128460DF0DFFD17
S21402721012F087F8012808BF1C4BA27809BF1B781A
S214027220FA2303EB830303EB830302BF9B00FA33C9
S2140272309BB21209A4D1DDE90121521A92B29342FD
S2140272409ED30BF0B9FF00F01F001030A080D5E7E8
S214027250BBF1030FD9D1009B4B45D6D1711C2846F2
S21402726089B206F06BFD0C28CFD1FCF7FFFD4FF676
S214027270FF7398420146C8D028460DF0BEFDC4E70B
S214027280BF5B0020404F0020BD5B002096650020BB
S2140272902DE9F04105460C460DF075FD082802D191
S2140272A00120BDE8F081201D11F0A4FF0646284605
S2140272B094F807800DF0BAFD074628460DF059FDF2
S2140272C0010612D5184B1B78042B0ED1174B1B78D0
S2140272D0022B0AD1164BB3F868204FF6FF739A4278
S2140272E003D000210846FAF769FB124B1B78002BE5
S2140272F0D6D1A01C11F07EFF4FF6F773984202D843
S2140273006378DA070DD523789B070AD13A464146B9
S21402731030460EF0C1F980F00100C0B200F0010064
S214027320BFE70120FAE700BFC05B0020BF5B00207A
S214027330404F0020675C00202DE9F04F9DB00446C8
S2140273400DF021FD054620460DF01DFD082869D1E9
S2140273504FF400432046ADF85030ADF85C4011F0D3
S21402736049FBBDF85C20A0F11005EDB210461023D3
S214027370002100950FF024FC294617A80FF0F8FB11
S214027380204611F01BFB0AF0A4F8002321461A46F9
S2140273900C20009309F0A8FE98B3204611F00EFBCD
S2140273A014A902461020FBF779FF0501204611F0CA
S2140273B005FB14A902464020EDB2FBF76FFF10B1A1
S2140273C020460BF002FF204611F0F8FA14A90246F6
S2140273D08020FBF763FFB8B99DB1102517A805F00A
S2140273E067FF2046BDF8507011F004FB06462046A3
S2140273F011F0E4FA29460090F3B2384617AA0BF0C9
S2140274007AFF1DB0BDE8F08FBDF8503017A8ADF872
S2140274105E40ADF85C300CF091FB0028DCD145F004
S2140274208005DBE720460DF0EEFCB0F5006F40F07D
S214027430058120460DF0FAFC0646042D40F0018137
S21402744020460DF096FC80F40060C0F3C0200022B7
S2140274503146400011F097FE944B1A78022A0DD05E
S214027460FFF74CFB50B902F0FD03312B06D0043A6D
S214027470012A03D98E4B1B78002BC2D0214602204C
S21402748001F06CF905900028BBD02046ADF84640C6
S2140274900DF069FD0446BDF846000DF0C7FC064631
S2140274A0201D11F0A7FEA31C83461846039311F075
S2140274B0A1FE12A90746BDF846000FF0BBFC637892
S2140274C00690BDF8460094F8008008930FF068FC1A
S2140274D06378054608F0030830460C93FBF7AEFBCC
S2140274E0B8F1010F0CBF032302230E93714B08BFA2
S2140274F04FF00B091E80237818BF4FF00A0903F0DD
S2140275003C03082B0D907FF47CAFBDF8460011F0CB
S21402751071FAA8427FF675AFB8F1010F03D023784F
S2140275209B077FF46EAF644BB3F86830B3420DD15D
S214027530624A634BB2F9001093F90030002900F05A
S214027540A58001EB0313A3EB211313804FF0010A6E
S214027550A5F11003DBB20A938DF845301022484697
S214027560BDF84610CDF800A00DF1450309F0BCFDAC
S21402757000283FF446AF089B13F00203099300F07D
S2140275800981504B1B78002B3FF43BAFBDF8469069
S21402759048460FF005FC002307904846CDE917330E
S2140275A01993ADF868300DF041FC079B039003F188
S2140275B00E01484689B20FF0C6FB002870D00023A1
S2140275C04946079A009317A80E2311F00CFF50465F
S2140275D00DF15D010CF0D4FA9DF869300B9004931E
S2140275E09DF85C30282B5BD10DF16100FBF7AAFDFC
S2140275F00F90002854D104980EF0B6FF0F9B002877
S21402760066D1314B049A1B78D31A1C0648D404F070
S21402761059F950453CD111F008FD2C4E0546346808
S21402762024B104F055F92C1B844239D30023FF22DF
S21402763019461846FDF75EFA356031E04FF6FD76DC
S214027640FBE64FF6FF70301A18BF012000223146C3
S214027650400011F098FD0C2D0DD12146012001F0BD
S2140276607DF800283FF4CDAE214600201DB0BDE8CF
S214027670F04FFDF7D3BF2DB920461DB0BDE8F04F41
S214027680FEF79CBA042D7FF4BCAEE5E61B025CE76F
S21402769004F018F9022803D104F0F6F80028BAD04C
S2140276A000221920039911F06EFDAAE6BF5B0020A6
S2140276B0675C00206E550020404F00204255002097
S2140276C0645C0020BB5B0020BA5B002050500020A8
S2140276D010214846079ACDF800A00EF095FD002826
S2140276E0DED0BB4B049A1B78934240F0AA800399E3
S2140276F00DF1610214A811F01DFB012114A8FBF77D
S214027700F5FA824648F2030114A8FBF763FBBAF1C6
S214027710000F03D0082114A80CF0D5F948460FF044
S2140277205DFB03990DF16100FCF72AFCFE288246F8
S214027730B6D0FF280AD1039811F039FEFF288246F8
S21402774000F087800DF16101FCF7F4FAA04B049A71
S2140277501B78934200F0A38050460B99FCF7F6FB89
S21402776000283FF44EAE50460B99FCF701FC2378F6
S21402777098070FD148460FF013FB0146484606F01D
S214027780DDFA00F00300012804D103980DF161012F
S214027790EFF7C2FFBDF846000DF0EBFA010440F128
S2140277A08580204611F026FD40F4007189B22046FD
S2140277B011F022FD00224FF40041BDF846000DF004
S2140277C0C9FADDF81490012310220093BDF8461082
S2140277D00E980DF1450309F087FC00283FF411AE20
S2140277E0032866D1204611F005FD40F4007189B2E7
S2140277F0204611F001FD304611F0F3FD002840F05E
S214027800B680DDF81490B8F1010F40F0B680032080
S214027810BDF8461000F0A2FF002840F0AE802946D0
S214027820BDF8460006F08AFA0F2801467FF6E9AD53
S2140278304FF6F7739F423FF6E4AD30460EF001F97D
S214027840DFE55046049903F085FA00287FF44FAF2F
S21402785026E7237803F00303012B08D148460FF0EE
S2140278609FFA0146484606F069FA082892D0594B14
S2140278701A78594B1B789A4209D20DF16101039886
S214027880FCF70CFA039811F092FD82465EE7A01C04
S21402789011F0B0FC4FF6F7739842EED900E7504667
S2140278A0FCF7CEFB00283FF457AF5CE74FF0000929
S2140278B089E7304611F095FD0028A4D0099B002BDD
S2140278C057D1B9F1000F52D1B8F1010FBDF84600F9
S2140278D09DD0294606F032FA8246DFF8089199F8DA
S2140278E00030002B54D00DF0CFFC87427FF489ADD8
S2140278F0B8F1010F7ED1BAF1070F75D8BAF1050FAC
S2140279007FF67FAD354B1B78022B02D0043B012B52
S21402791003D899F80030002B41D00C9B9A0640F110
S214027920B4800D9B002B40F0AC80304611F050FD29
S214027930FF2840F0A6805E457FF463AD069B002BD1
S21402794000F09D8012AB46F204020124ADF85C20E2
S2140279500193214602233046009417AA0FF0FCF941
S21402796000283FF44EAD21460DF080FD49E5DDF8D6
S214027970149030460EF0B6FF45E72946BDF846009D
S21402798006F0DCF9099B824613B9B9F1000FA4D0C0
S214027990124B1B78022B02D0043B012BBDD830467B
S2140279A000F0E4FA814600287FF42BAD0DF06CFC63
S2140279B0864225D10A4BB3F868400DF065FC4B466B
S2140279C001460D222046CDF800900EF09BF918E5F0
S2140279D0BA5B0020B95B002097650020BF5B0020E1
S2140279E0404F0020BB5B0020AAF10E03DBB2012B46
S2140279F088D906E50AF00303012B7FF402AD81E77E
S214027A00304611F0EEFC58B90DF05BFC4FF6FF73F2
S214027A10984205D011F0FCF910B93046FCF7E4F8AC
S214027A20304611F0DEFC88B10DF04BFC4FF6FF73CA
S214027A3098420BD011F0ECF940B9B8F1010F02D11F
S214027A40BAF1060F02D030460EF04BFF069BA3B9E2
S214027A501946012258460EF0BDF8814600287FF4EA
S214027A60D0AC20460FF0D9F94A46014638460EF009
S214027A70B1F800283FF451AFC3E412A9E9E7069B28
S214027A8061E7637823F0200363704FF6FC739F422E
S214027A903FF4B7AC4FF6FD739F4204D1B34B1B784D
S214027AA0042B3FF4AEACA3790BB1013BA371637810
S214027AB05B0727D50023584617AA14A917930EF07A
S214027AC0F1FE1798F0B10EF0E6FE8146384611F048
S214027AD07FFC179A0146137903F03000102806D06F
S214027AE003F00C0008281CBF23F00C031371137953
S214027AF003F03303202B05D1FF2903D00122484689
S214027B000EF0D8FE304611F063FCFF281EBF00229E
S214027B10974B43F82020089B03F001094FF6F773B2
S214027B209F4200F2F980B9F1000F40F00181314620
S214027B3058460DF019FF0DF0A7FB874200F0C680ED
S214027B40384611F04EFC002841D0B8F1010F27D17B
S214027B50BAF1010F17D14A462946BDF846000EF083
S214027B60ACFE384611F03DFC824B1B78002B72D1DE
S214027B70584611F036FC002866D1384611F031FC22
S214027B80002861D13DE4384611F02BFC50B3BAF11F
S214027B90030F27D12946BDF846000EF0EBF830E475
S214027BA0384611F01EFC38460EF0B4FE002847D0C8
S214027BB0002339465846BDF8462001F061F90028F0
S214027BC03ED00021BDF84600FEF7C6FE19E4384650
S214027BD011F007FC18B1B8F1010FD8D0E3E7B8F1FD
S214027BE0010FE0D1634B1B78002BC1D0BAF1050F11
S214027BF031D10DF049FB8DF85C000DF045FB000A13
S214027C008DF85D000123022217A90DF14600FAF74E
S214027C1075FD00287FF4F5AB691C89B2BDF84600F5
S214027C2006F07AF80378013303706378590715D49F
S214027C300DF02AFB834522D0002239461C2032E56D
S214027C404C4B1B78002B93D0B8F1010FCED0637843
S214027C505A0714D502E06378580718D5BDF846408F
S214027C6020460FF05FF8411C89B2204606F054F811
S214027C700378B8F1010F03F1FF33037004D0BDF8A7
S214027C804600FEF78DFF09E0BAF1050FD0D0BDF829
S214027C904600FEF785FFBAF1030FCDD00228CBD1FE
S214027CA00021584617AA0EF000FE30B1037946802E
S214027CB003F03C0343F04003037100232E4A009373
S214027CC03946584612780EF01DF8B5E7B8F1010F9E
S214027CD07FF477AF0AF1FF330C2B00F2868001A205
S214027CE052F823F0457D0200457D0200957B020096
S214027CF05B7D02007D7D020003740200A17D02000E
S214027D00B17D0200BD7D0200BD7D0200037402004B
S214027D10D37D0200DF7D0200B8F1010F71D0B9F108
S214027D20000F08D1BDF84600FEF7AEFFFFF769BBAD
S214027D30B8F1010FCED0237A03F00303012B7FF4B0
S214027D4060ABEFE7AAF102035A422946BDF84600A5
S214027D505A410EF0B2FDFFF754BB2A465846BDF80C
S214027D604610FEF71FFCFFF74CBB00BFC05B0020AF
S214027D70084000209B650020BE650020691CBDF8F7
S214027D80460089B205F0DAFF0235EDB20246BDF8CA
S214027D9046305846009512A906F0D4FDFFF731BBCF
S214027DA001200A9ABDF84610FDF71AFBFFF729BB19
S214027DB0BDF846000EF087FDFFF723BBBDF8460070
S214027DC0FEF732FDFFF71DBBBDF84600FEF72CFDA1
S214027DD0A8E7BDF84600FEF70BFAFFF712BBBDF8A0
S214027DE046000BF0A5FEFFF70CBB2B46224650467C
S214027DF0BDF846100BF072FE00287FF402AB514627
S214027E001BE50AF1FF330C2B3FF6FBAA01A252F840
S214027E1023F000BF457D0200457D0200957B0200EF
S214027E205B7D02007D7D020003740200A17D0200DC
S214027E30B17D0200C97D0200C97D02000374020002
S214027E40D37D0200DF7D020010B5002111480DF03F
S214027E50EEF80446E8B10DF012F80F4B1870204603
S214027E600DF012F80D4B187020460DF013F80C4B5F
S214027E70187020460DF013F80A4B1860012011F016
S214027E80D8F82046FFF758FABDE81040002011F057
S214027E90D0B810BD20550020655C0020645C002030
S214027EA0635C00204850002070B5144E04463368C8
S214027EB00D46BBB10CF067FF0C2813D120460DF01F
S214027EC052F809220021044610F0B8FC235C042B69
S214027ED008D10B4C25B10B4B22781B789A4203D360
S214027EE000232370002070BD0748316810F052FE50
S214027EF02378012001332370F5E700BF4C500020A1
S214027F00665C0020BD6500206C640020014B93F97E
S214027F100100704742550020014BB3F868007047D5
S214027F20404F002070B500240D4D2C70EFF706FA76
S214027F30E6B2B04208D800220A4B1A700A4B1988D9
S214027F4001B11A80012070BD304611F047FAC3070E
S214027F5048BF2B7804F1010444BF01332B70E5E7D8
S214027F60B85B0020B15B0020F454002038B50B4B00
S214027F7005461B7873B101335C08094B188810F06C
S214027F801DFD002330F81320AA4205D00133DAB2D1
S214027F90A242F7D3002038BD0120FCE7B15B0020E7
S214027FA0F454002030B5054685B008460C4611F05C
S214027FB011FAFF280CD00DF0C2FD01220021034663
S214027FC0CDE90112009221462A460720FCF7F6FB6D
S214027FD0284611F0FDF9FF2804460FD011F0FEF9ED
S214027FE0C2070DD5204611F0F9F9830708D40B4ACB
S214027FF032F8143043F4806322F8143005B030BDF2
S2140280000DF09DFD012200210346CDE901120092EA
S21402801007202A46FCF7D2FBF0E700BFF054002008
S2140280204FF6FA72431E9BB2934270B504462AD8A4
S214028030FFF79CFF38BB194B1B78042B23D0204636
S21402804011F0B5F9FF2801D0FBF7FEFC20460EF032
S21402805024FC08B10EF01BFC2046114E03F0ACFEC9
S21402806020460BF0DCF831780E4D69B1288810F006
S214028070A5FC054601461E220230F2F70BFA2C80BA
S21402808033781E2B07D970BD202010F00BFD2880F8
S2140280900028EBD1F7E702333370F4E7C05B002029
S2140280A0B15B0020F4540020044A13782BB1013B44
S2140280B0DBB213700BB9024A13807047B15B002023
S2140280C0F45400200148FAF7D5B800BFF454002053
S2140280D02DE9F047804617460D468CB061B903AECF
S2140280E000211B4811F0EAF84FF000090446DFF8B9
S2140280F060A01CB920461DE00E46F1E7002221468C
S21402810024233046CDF8009011F06DF9082241463E
S2140281103046F2F7B9FCA8B9337C9BB96FB945B9BA
S2140281202A4621460A480CF0A1FF0A4A1388013B58
S214028130138001200CB0BDE8F0873B88B28953401B
S2140281405B06ECD52146504611F0DCF80446D0E733
S2140281505655002054550020024B1888003818BF88
S21402816001207047545500202DE9F04330488DB069
S214028170FAF770FB10F059FF2E4D2B68C41A4FF415
S2140281807A73B4FBF3F4A4B214B110F04EFF286075
S214028190294F4FF6FF763B88DFF8A080ADF80A300D
S2140281A000233B8000210DF10A000CF040FF05463B
S2140281B058B9224B1B882BB14FF47A711C48714375
S2140281C010F0E8FC0DB0BDE8F0834FF00009242360
S2140281D04A462946CDF8009003A811F004F9BDF8E6
S2140281E01A30A34294BFDB1A1B1B9BB2ADF81A309F
S2140281F063B9BDF818301B0602D508980BF07CFA56
S214028200B8F80030013BA8F80030CBE79E4228BF02
S2140282101E4601234A462946009303A8242311F04A
S214028220E2F84A462946384611F04EF8BAE700BF49
S214028230EC40002054500020565500205455002093
S214028240F0B504462E4A8DB01068516801AB03C3E0
S214028250A378012B4FD1162200210DF11A00F2F756
S214028260C7F8D4F82110D4F81D0003AB03C3238843
S214028270190644BF62680892DA050BD5221D08AEBD
S21402828004F11407354610685168083203C5BA422D
S2140282902E46F7D1ADF8183013F0040318BFA369C1
S2140282A00593EFF763F80023ADF81A00082201A938
S2140282B003A88DF81C30F2F7E7FB18B106A903A84D
S2140282C00DF0D8FE0022242103A80CF067FE044617
S2140282D098B10020FFF748FF00222146094810F017
S2140282E0F3FF094A0020138801331380FFF73CFF8F
S2140282F000200DB0F0BD0220FBE71920F9E700BF11
S214028300F1B803005655002054550020F7B5044630
S21402831000200E46FFF728FF104B1B88A34202D808
S214028320212003B0F0BD00210D4810F0C7FF002544
S21402833001460B4F0029F3D0A54208D1002424237E
S21402834022463046009411F04EF82046E9E73846B9
S21402835010F0D8FF01350146ECE700BF5455002067
S214028360565500200148F9F785BF00BF5655002034
S214028370014B1888704700BF5455002070B50C4654
S21402838011460E4A23781278064613F0200542EA72
S2140283900302227018BF611D0822F2F77BF8002D37
S2140283A00CBF05200D20D4F80130B3602378337358
S2140283B003F01803082B08BF013070BDBB5B00201A
S2140283C0042307B501200DEB0301054AFAF7BCFAB0
S2140283D0019B044A1B03136003B05DF804FB00BF55
S2140283E063E51100B041002010B5064C2368C3F3C4
S2140283F00B0313B90448E3F739FC2068431C2360D7
S21402840010BD00BFB041002063E51100014B1868A3
S214028410704700BFB041002007B50020054B064A52
S214028420186004230DEB03010190FAF78DFA03B0EE
S2140284305DF804FBB041002063E511007FB511230F
S2140284400A4A012001A9FAF77FFA094B9DF814207F
S2140284501A70084B1B780BB1052B05D10AF0ABFE40
S214028460012007B05DF804FB0020FAE779EB010073
S214028470BA5B0020BB5B00202DE9F04F0646CBB06E
S214028480884600880121174610F0D0FA2E4B3A464D
S2140284903188ADF8160006A80DF08BFE0DF1280BFC
S2140284A05A464146C41930880DF00DFEE4B208EB78
S2140284B00003A34208BF044605464FF004091CBF4A
S2140284C0A4EB0804E4B223465A460121CDE900098A
S2140284D00BEB050ACDF808B02D1B06A8EFF776FBC6
S2140284E0EDB20BEB04030093019523465A46414630
S2140284F030880DF016FE34883946204605F01EFCFC
S214028500394600F0F802204605F02CFC012130889E
S21402851010F08CFA01234A46514680B10DF116003E
S214028520FAF7ECF801210446BDF81620308810F060
S21402853091FAB4FA84F040094BB0BDE8F08F3046A9
S214028540FAF7DCF80446F4E7425C00202DE9F04F27
S214028550C9B0044688469246C118224A04A81F4655
S214028560FFF70CFF4FF00409C519EDB208AB0293F2
S214028570A5EB0A0BA8EB0A035FFA8BFBA8EB050632
S214028580DBB2F6B204EB0A02009301215B46CDF899
S214028590049004A8EFF71AFB06F590730DEB03029E
S2140285A05A44A2F58072136808A844F80830E35DBE
S2140285B0324623F00703E3552C442146F2F7A8F887
S2140285C008ABCDE9019308AA00230121009604A86E
S2140285D0EFF7FCFA3246204608A9F2F799F849B0B6
S2140285E0BDE8F08F425C0020F8B506460EF0AEFC01
S2140285F0811C054689B230460EF0A5FBF0B1EDB1FE
S2140286002946304605F09AFB1228074616D80C4B28
S214028610691C1C5C89B2304605F090FB2C44052F81
S214028620E4B205D1052809D8064B1B5C1C44E4B20B
S21402863021463046BDE8F8400EF085BB0020F8BD66
S2140286401A7D0400147D0400F8B505460EF0A8FB5A
S214028650044628460CF087FCA11C074689B2284629
S2140286600EF071FB00283ED0002C3CD02146284656
S21402867005F064FB0646611C284689B205F05EFBDF
S2140286800F2E30D8194B9B5DE118731E89B2092B49
S2140286900ED8DFE803F009050D0D120D0D181E1E8B
S2140286A0C40644BF083189B2820601D5083189B2B0
S2140286B02846BDE8F8400EF046BB7B78DB0612D5AE
S2140286C001EB4001F3E700F01F0000EB400001441D
S2140286D0EDE71F2805D8092E0ABF4000022080B207
S2140286E0F5E7C828E4D00020F8BD00BF2D7D0400C1
S2140286F0F8B506460CF037FC09220021054610F0B4
S2140287009DF800F11004284610F074FDE4B2074606
S2140287102146304605F012FB0546304610F06AF94F
S214028720BA05A0EB0403DBB20AD47C2D0AD0082DCE
S2140287300AD8064A505D98428CBF00200120F8BD38
S2140287401220F8E70320F6E7FF20F4E73E7D040058
S214028750014B1878704700BFBF65002038B5114B33
S21402876004461B7808469BB9012038BDA24205F193
S21402877001050FD103EBC1035B6898470028F3D1CC
S2140287801E2022464FF6FF7110F0FDFC0020ECE79B
S2140287900025054BE9B213F83120002AE6D114462B
S2140287A0EEE700BFBF650020E47C04004FF6FF73CF
S2140287B007B502220DF106010348ADF80630E3F7CD
S2140287C091FA03B05DF804FB603202E0002307B5BD
S2140287D0ADF80430134B984221D10B88DA0703D543
S2140287E0232003B05DF804FB9B0748BF4FF47F438A
S2140287F04FF002020C480DF1060148BFADF80430F6
S214028800E3F744FA4FF6FF73BDF806209A42E7D123
S2140288100222054801A9E3F765FA0020E1E72120D4
S214028820DFE700BF1FD1BACA603202E0002313B5E9
S2140288300222038004460DF106010F48E3F726FAEA
S2140288402D2801D0112805D14FF6FF73ADF806305A
S214028850FFF7ACFF9DF80630BDF806201BB1238853
S21402886043F0010323800020FF2A82BF238843F0BF
S2140288700203238002B010BD603202E0034B1B7875
S214028880002B14BF442056200E307047BB5B0020DE
S2140288902DE9F04F8DB0179C06468946CDE9022396
S2140288A0BDF85870D588ADF816103CB9EC0605D55B
S2140288B000970AF0B1FD0DB0BDE8F08FC5F3802435
S2140288C02B054FEA043448BF44F40064A80511D5CA
S2140288D044F080040A2E00F26981DFE816F09A005E
S2140288E02F001700370067016701370010009A0053
S2140288F037009E00E90548BF44F04004EAE74FF01F
S21402890001084FF0020B4FF0000A14E008A95FFAC4
S21402891089F00DF08AFEDDF82500DDF8291006AB99
S21402892003C3A44B33F81930ADF816304FF00008E5
S214028930C3460DF1180A002F5DD125E006AA0DF1F7
S21402894016015FFA89F003F017FAEFE74FF6F773AE
S214028950994540F22B8115F4026F40F02781964B21
S2140289601B78022B03D0043B012B00F2218147BB6C
S214028970032E4FF001080CBF4FF00C0B4FF0080B04
S214028980BA4624F4C074A4B28C4B18884FF6FF7310
S214028990984206D08A49FAF767FB10B124F480544D
S2140289A0A4B2039B38460093BDF81620534644F4FF
S2140289B0027105F0EBF9ADF82000002838D1192035
S2140289C079E7384610F016F80246FFF757FF032EEF
S2140289D008BF0138824201DD38206CE7032E4FF0D3
S2140289E001080CBF4FF00C0B4FF0080B4FF0000ABB
S2140289F024F4C074A4B2029B1B889BB91A4639465B
S214028A000620009308F093FB0028BDD140F60140F3
S214028A1051E74FF00008C34675E74FF001084FF0E4
S214028A20030B70E7002339461A4607200093E9E74E
S214028A304FF6FF73614A118899421CD00CF093FAE4
S214028A4003465E4A04301188039310F0D5FB5D4955
S214028A50039B097814F4805FD9715949574A1FBF9E
S214028A60086898604868D8604FF6FF7313804FF026
S214028A70FF330B604B605946029A08A805F03AFA93
S214028A8000289CD0504C2378002B3CD1A7B1384606
S214028A900FF0B0FF0746BDF820000FF0ABFF2378BB
S214028AA00744002B14BF12220022EB1003F004032B
S214028AB017443B44842B8FDC15F400570AD0BDF8CC
S214028AC0204020460CF055F940F4806189B22046D9
S214028AD00CF03AF9A6F10803012B05D80122102161
S214028AE0BDF820000CF036F9179BBDF8204043B3C2
S214028AF02046BDF816100CF080F9BDF82030179A03
S214028B0000201380D7E6AA06C0D56B0103F0200327
S214028B100A2E14BF43F0010363F07E03DBB2B8F102
S214028B20000F08D000215246009108A800F082FEED
S214028B300028ABD0BFE61A46514608A80DF064FCE2
S214028B40F6E720460EF02CF9179B02462146042033
S214028B50009308F0ECFA00283FF458AF0A2E18D813
S214028B604FF4D963F340DB0713D5072E0AD00A2E3B
S214028B7008D0BDF820000CF007FF80F00100C0B25C
S214028B80800098E608A80AF0B6FF0028F1D0042074
S214028B9091E617B125F04005ADB22B463146BDF839
S214028BA020005FFA89F201F07DFE84E6012082E66B
S214028BB0162080E624540020BF5B00204665002075
S214028BC0C0650020725C0020BB5B0020F7B50F4634
S214028BD09DF828100446DDE90B061D46F1B94FF64E
S214028BE0FF739C421CBF174B1C804FF000041CBF37
S214028BF0154B1A70BDF8240005F012FA00232A4617
S214028C00CDE90043394606209DF82030FFF740FEA6
S214028C1010B90EB1AB7A337003B0F0BD78B14FF62F
S214028C20FF739C421FBF074B1C80074B1A70002223
S214028C300CF0B4F904460028DCD11920ECE7212018
S214028C40EAE700BF46650020725C00202DE9F04787
S214028C5088469DF82810074616461D469DF820A011
S214028C60BDF824900B9839B158B300220CF096F94F
S214028C70044610B9192025E00C464FF6FF739D42B4
S214028C801FBF114B1D80114B83F800A04FF6F773E0
S214028C909E4208D80E4B4FF6FD761A784FF6FF73B3
S214028CA0002A18BF1E46484605F0BAF900233A467F
S214028CB0CDE9084331464346BDE8F0470320FFF7B7
S214028CC0E7BD2120BDE8F08746650020725C0020E3
S214028CD07C5B00202DE9F04786B09DF8386005469B
S214028CE0DDE90FA80C4617469946B6BB374B1B78EC
S214028CF0022B1DD125BB4FF6F7739C4214D80026D3
S214028D00484605F08DF900233A46CDE90063214630
S214028D10FF232846FFF7BCFD38B9B8F1000F04D090
S214028D20BB7A88F8003000E0012006B0BDE8F08784
S214028D30043B012BDED908460AF0DAFE10B31DB357
S214028D40022D31D1EEF7F4FAA042EDD9204B33F8DA
S214028D5014204FF6FD739A4219E0BAF1000F32D092
S214028D601A4B1B78022B05D1FFF788FDB042E6D2DC
S214028D703820DAE7043B012BF6D908460AF0B8FE9B
S214028D800028F1D11620D0E74FF6F7739C42CBD8D5
S214028D90002EB4D03146002250460CF0FFF80646AC
S214028DA00028ADD11920C0E7012DBDD104AA0DF1CE
S214028DB00E01E0B202F0E0FF064B1B78A342B3D9E5
S214028DC0BDF80E20C5E72120AFE700BFBF5B00203D
S214028DD0245400209165002030B5104B87B005461C
S214028DE00C461868596803AA03C298680C491060B2
S214028DF09A88DB8852BA23F04003ADF8123000237B
S214028E00CDE90043ADF81020FF23098803AA072006
S214028E10ADF80E50FFF73CFD07B030BD625500209E
S214028E206E55002038B50C461146124A124D108077
S214028E3022682A6062686A60A268AA60E2885006AF
S214028E4016D5EA88520613D561B1002218460CF0F0
S214028E50A5F8014650B16088FFF7BEFF0522074B12
S214028E601A7038BD08460DF0DCFEF2E71920F5E769
S214028E700220F6E76E55002062550020825C002034
S214028E802DE9F04F074689B0104615461C468A461D
S214028E900DF086FF0146284604F050FF0646284697
S214028EA00CF061F8043010F0A5F980460CF0ECF9ED
S214028EB0804550D0B2074ED1DFF8AC80284605A9CF
S214028EC0B8F800B00EF053F89DF81930A8F8007004
S214028ED003BBBDF81430EBB928460CF044F8023058
S214028EE010F088F94FF6F773984294BF4FF00009D6
S214028EF04FF0010901230134E4B22A463846CDF880
S214028F00009005A9039303F001FC039B40B90133CB
S214028F109C421ED20020A8F800B009B0BDE8F08F2F
S214028F20022CF8D1012BF6D10C4A0D4BA3F800A067
S214028F301378591C11700B4A7F3B16F00C01137004
S214028F4007D1BDF81A305B0603D5BDF81600FFF749
S214028F5043FF0223D1E70020DFE700BFBD5B00200E
S214028F6046650020725C00206E5500202DE9F04F09
S214028F70ABB00F46ADF81E000BF0F5FF00F1020A8B
S214028F800646504610F036F9BDF81E400546204605
S214028F900DF006FF0146204604F0D0FE814600F0A2
S214028FA00308301D10F026F9414C20800CF06CF9B5
S214028FB0A8422DD04FF6F7739D4229D87378DA0768
S214028FC026D428460DF0A6FC30B101232946BDF86A
S214028FD01E202088FFF754FF0CF056F9344B1B88EE
S214028FE083420FD1BDF81E4020460DF0D9FE014641
S214028FF0204604F0A3FE10F00C0103D1BDF81E00BB
S21402900001F00EFD00222B4B1A602BB0BDE8F08F4C
S2140290102949BDF81E000DF0AAFF2849BDF81E001A
S2140290200DF008FF0028254B08BF0023214ABDF893
S2140290301E0013600BF023FF214B1870BDF81E00B4
S2140290400BF022FF1F4B1870BDF81E000BF027FF17
S2140290501D4B186000238DF82230002F3AD0164B95
S214029060DB889B0636D5194B1B689D071ED4B8F1C4
S214029070010F14BF082318230DF1220200920022CA
S2140290800DF11E00114600F0D5FB18B3B8F1010F22
S214029090A2D10F4B1B78112B9ED10DF054FA00284B
S2140290A09AD140F61D40FBF70FFB95E70823E3E74E
S2140290B06E5500205C500020625500206A5C00203D
S2140290C0655C0020645C002048500020C0410020FF
S2140290D0BF5B0020504610F08DF88246BDF81E0099
S2140290E00FF088FCA0F11005EDB22A4631460AA818
S2140290F0F1F70EFBFF238DF82F304FF6F7739A45E4
S21402910040F2DF80B8F1010F00F0E780B8F1020FFD
S21402911000F04681B8F1000F7FF45EAFA44DBDF8B3
S2140291201E00EB88ADF8240004930BF01CFFBDF87C
S2140291302460074630460DF033FE0146304604F002
S214029140FDFD8DF82300B81C7E7810F053F8074614
S2140291500CF09AF806F00106B4F8009003906C88BA
S214029160002E7FF439AF4FF6F77A42464946574506
S2140291708CBF0620082010F006F8BDF824B058462A
S2140291800DF00EFE5946024643460420CDF80080F6
S21402919007F0AAFF574583460AD8B5F90620EB889A
S2140291A0002A05DB580603D541462046FFF714FE83
S2140291B0BBF1000F3FF410AF2B88002B5AD16B790E
S2140291C0002B57D14FF6F7730DF126019F42BDF8DB
S2140291D0240094BF4FF0000B4FF0010B0DF084FA01
S2140291E0DFF8D8A100F1FF38BAF800301FFA88F18C
S2140291F00593EB88BDF82600069304F09FFD069BB8
S21402920004990190009322465B460598C1F34011EB
S2140292100AF07BFC00283FF4DFAE0423062000930E
S214029220BDF82610624B5FFA88F207F05DFF002851
S2140292303FF4D2AE48F202036A889A4205D1BDF8DC
S2140292402410BAF8000000F025FF594D09AA294655
S2140292500DF123000AF057FC034600287FF4BCAE4B
S2140292602104BAF80000BDF8242060D5234629461A
S2140292700DF04FFA9DF823304D4D03F00C030C2BE6
S21402928075D128890DF010FA00283FF4A5AE039B8D
S214029290002029894B4514BF0226032602F044FC0F
S2140292A0444B18704FF6F7739F42BDF8240075D8EA
S2140292B0A4F138025342534132463D4904F036F88F
S2140292C08AE6B8F1020F6BD0394BB3F90630002BA1
S2140292D026DAB8F1010F7FF41DAF0BF0D5FF238815
S2140292E083423FF479AE0520BDF81E10FFF736FA2A
S2140292F000283FF471AE2E4AD3885B0607D50023BA
S214029300CDE900330A20FF232188FFF7C1FA3A4647
S2140293109DF822302188BDF81E0002F01DF85BE69B
S21402932029460AA800F070F80028D2D054E6022196
S214029330DFF88C8088F800102946CDF800B003F0DC
S214029340E5F9132C96D0EB885D0493D41A4B1B7860
S214029350D80703D598F80020022A8BD099077FF504
S2140293603BAE98F80030012B7FF436AE82E700223F
S2140293702B79124800936B791146008802F0FCFBA9
S2140293800C4B18709DF8233003F00C03082B89D180
S214029390039B4B4514BF0426052683E701238BE770
S2140293A04846BDF81E20024901F0AEFA14E600BF98
S2140293B062550020815C0020805B00206E550020F4
S2140293C0735C002010B5002108480BF030FE0446FE
S2140293D050B101460420FFF7C1F928B12046BDE886
S2140293E010400121FFF7C2BD10BD00BF525500203C
S2140293F0034BFF211A7803489200F0F7F9BF00BF2B
S21402940092650020783E002070B5451804464FF05D
S214029410FF31AC4212D1104B10481A780546002391
S214029420934211DB0E4C2078431CB3FBF2F602FB90
S214029430163345F82010237000200CE014F8010BB8
S214029440E1F7A4FD0146E4E750F8044BA14201D03F
S2140294500133E5E7012070BD92650020783E0020CA
S214029460745C0020042307B501200DEB0301054AB6
S214029470F9F76AFA019B044A1B03136003B05DF80E
S21402948004FB00BF23E1110058500020014B18686E
S214029490704700BF58500020014B1868704700BF45
S2140294A05850002010B5064C2368C3F30B0313B9BB
S2140294B00448E2F7DBFB2068431C236010BD00BFB4
S2140294C05850002023E111002DE9F04F93B003938A
S2140294D00023DDE91C79069399F8003083460DA82F
S2140294E004930E46154609F09EFF99F8003013F0D5
S2140294F003043ED0039B0DF1250A8DF8243000228A
S214029500082138460BF04EFE002870D028880BF053
S2140295102AFD99F800301C074CBF043002300FF0C9
S21402952069FE07A98046F9F79FFB9DF8243004469A
S214029530980633D5288806F10D010DF004FCA8B173
S21402954000230093384608232988721D0FF04BFF2C
S21402955099F8003003F01803182B4AD1B8F1000F1F
S21402956047D0A94BB3F86830434542D040F60A4389
S21402957027E02888711D0DF0E6FB0028F6D000943F
S21402958005233246298809A80FF02DFF9DF82430BE
S2140295900DF1240A03F018030393B0E714BB39460F
S2140295A04046F9F761FD0028D2D099F800309907B5
S2140295B0DCD040232246214640460DF051F940F6C3
S2140295C0094399F8002012F0030440F0F780288837
S2140295D003930BF02BFC224601461A200FF0D3FD14
S2140295E0039BEBE007AB03CB38607960B0E74FF63E
S2140295F0FF780AF06DFA044620B104213846F9F7DE
S2140296004FFB04461E9B002B5AD009231E990DA819
S2140296108DF834300AF081F8209B0BB1209B06931C
S214029620039B002B40F08E800DA8EEF731FB99F8D5
S21402963000309A0700F09880FFF734FF5146024642
S21402964001200AF08FFA99F800309B0710D5594688
S21402965028880DF052FC0BF1090350FA83F35FFAE7
S21402966083FB594628880DF01FFC00EB0B06F6B26A
S21402967099F8003013F0C20F0AF104030DD09DF8DA
S2140296802420624942F020028DF824200A68CAF893
S21402969004204A685A600AF10C03012209A80092C3
S2140296A01B1A324629889BB20FF09DFE3246594657
S2140296B02846FEF7E1FE002800F0A48000237DE0A5
S2140296C01F9B5BB19E460DF1340CBEE80F00ACE862
S2140296D00F00DEF80030CCF800309DE7049B5946B8
S2140296E003F020032888049304F028FB10F0030FED
S2140296F00CBF012300230593049B059A003B18BF69
S214029700012342EA430300930DAA06AB38461F998B
S21402971000F0FEFA049A034682B1002880D0059B28
S2140297200DAA0093384606AB1F9900F0F1FA0346DD
S21402973099F8002022F0200289F80020002B3FF43E
S2140297406FAF3EE7039B102B06D1BDF8363043F0D1
S2140297500103ADF8363067E7039B182B4FD1BDF8EF
S214029760363043F00203F4E701200DF125010AF03A
S21402977007FA99F80030824613F0040F288821D1A0
S214029780069B1BB3002C35D00BF050FB0022014683
S21402979016200FF0F8FC84B17FB14FF6FF739845A0
S2140297A00BD000230DA91A4638460AF0C7F83946E8
S2140297B040469DF835200AF0A1F90123184613B059
S2140297C0BDE8F08F002CDFD1104F01E0002CDBD17A
S2140297D000233246009359463B460CF015FD0028FE
S2140297E03FF4C4AE002C3FF469AF069A0AF10103B7
S2140297F0136063E71B685345C6D80124E8E740F6C2
S2140298000A43DBE71923D9E7404F0020425C0020D9
S214029810002307B5054A0648136004220DEB020131
S2140298200193E2F75FFA03B05DF804FB585000209C
S21402983023E111002DE9F04F0446B1B000888DF8FF
S2140298402F3016468A460DF0ABFA0146814620882E
S2140298500DF02AFB00EB090820880DF077FB0023A9
S2140298609DF82F505FFA88F815F001070790ADF8BB
S214029870363008D101460DF1360220880DF01DFA69
S21402988008B1ADF8367016B9CDE90E660EAEFEF723
S21402989063FC18B145F020058DF82F500023CDE962
S2140298A0033302930DF12F03CDE90063224653469C
S2140298B041464846FFF708FE0546002800F0438169
S2140298C09DF82F3013F0010746D1B44A23F0200347
S2140298D0106851688DF82F3010AB03C3184600F09D
S2140298E0FBF90546FEF744FDBBB2984200F2B7808C
S2140298F03A9B13B100233A9A1370BDF83630CBB1B7
S214029900012120880FF092F827880546002800F0EB
S2140299104F81012138460FF089F8BDF836700546AA
S21402992038460FF067F8002300903A461946284654
S2140299300DF046F90023CDE9033302930DF12F0310
S214029940CDE900632246534641464846FFF7BCFD32
S2140299500546002800F0F7809DF82F3003F011032B
S214029960102B40F003818E4B1B78432B40F0FE8079
S2140299708C4B1B685B0640F1F980208808F10501D4
S2140299800DF0E1F98346002800F0F0804146208879
S21402999004F0D4F9844B10F0200F08BF1E4612A81C
S2140299A000F09AF90822314612A8F1F76DF800285D
S2140299B000F00E81314612A80AF069F8012326AE9D
S2140299C000933246002314A912A800F0A1F9002839
S2140299D040F0CC8012AB0DF12F07CDE90360029068
S2140299E0009322465346414648460197FFF76CFDD0
S2140299F0002800F0EF80BDF89A30102043F00803EC
S214029A0018AA14A9ADF89A300CF0D5FA002840F03E
S214029A10AD8012ABCDE90360CDE90170009322461A
S214029A20534641464846FFF74FFD0546002840F09C
S214029A309D8018AB4FF49071002012AA00F0D4F863
S214029A404FF0005100200CF033FDBBF1000F00F088
S214029A508C804FF0805100200CF02AFD85E018AB78
S214029A6014AA26A9F8B209F0BEFF002840F0948096
S214029A70082210A927A8F1F707F88346ADB19DF88A
S214029A80A53013F0020F08930FD0082212A927A8B8
S214029A90F0F7FAFF48B9089B590706D53A9B13B167
S214029AA001233A9A1370089507E03A9B002B61D17E
S214029AB0BBF1000F70D1002308930DF1740C14ABA8
S214029AC00FCB8CE80F00BDF83630CBB101212088D1
S214029AD00EF0ACFFB4F800B000284FD00121584673
S214029AE00EF0A4FFBDF836208346104609920EF00B
S214029AF081FF00231946099A009058460DF060F837
S214029B002A4B0DF1740B0493002303930DF12F03DC
S214029B10CDE900632246534641464846CDF808B092
S214029B20FFF7D2FC002837D1002D33D012AA5B46AD
S214029B304FF482714FF4005000F056F8089B13B1B0
S214029B4026A809F06BFD174B1B689A070DD4FEF783
S214029B5003FB50B1114A18AB1068516803C30022C8
S214029B6026A918A80CF04AFA68BB0025284631B088
S214029B70BDE8F08F00233A9A137099E7BDF83620B5
S214029B800A90104609920EF035FFDDE9092307997F
S214029B900090B2E72A46CAE70137A3E6F1B8030007
S214029BA0BF5B0020C0410020AA4F0020BC4100201D
S214029BB0BDF836B058460EF01DFF2B4600905A46AA
S214029BC038460799B4E626A918A80CF053FAC6E751
S214029BD08346F3E614AB2DE701461A230120014A19
S214029BE0F8F7B2BE24E10100F0B5164691B007467A
S214029BF009A80D461C46FFF7EFFF3EB1336845F055
S214029C004005CDF826307368CDF82A301B4B1A680B
S214029C1022EA070242EA050119604B040DD5BDF897
S214029C2024200B0A03F4E243C9B222F4E3420B43B4
S214029C3022F07F021343ADF824301A230020104A84
S214029C4009A9F8F781FEB4B104A809F0ECFB0223D7
S214029C506A468DF810301546234604F1100614465F
S214029C6018685968083303C4B3422246F7D1294616
S214029C7004A809F052FD11B0F0BD00BFC04100209B
S214029C8024E1010047F2FF10044B196841F48042B8
S214029C90014041F480411A600CF00ABCC041002029
S214029CA000B589B0FEF7CAFB01A8FFF795FF094881
S214029CB0BDF804200168130221F0FF0103F4E20359
S214029CC00B43D2B2134343F48043036009B05DF8FA
S214029CD004FB00BFC041002010B50C4B04461868B8
S214029CE088B0830706D54FF0FF33236001206360F8
S214029CF008B010BD10F04000FAD001A8FFF76CFFC4
S214029D00DDF806302360DDF80A30EFE7C0410020B8
S214029D102DE9F04F99B081460C461E4617469DF82F
S214029D208880A2B11546284609F07DFB18F0020B82
S214029D300FD004B911AC6B4622462946484609F0B4
S214029D4030FE0EB10023336019B0BDE8F08F0CADC3
S214029D50E9E76B462946484604AA09F0EFFD6B7808
S214029D6008F00108FF2B25D000287AD154B104ABA5
S214029D7008AF1A4603CABA4220606160134604F16D
S214029D800804F6D126B16A78374B03EB82033360B8
S214029D90B8F1000F01D10020D6E7BDF80030D90691
S214029DA0F9D418204FF6FF716A780FF0ECF940F6F6
S214029DB00E40C9E7DFF8B8A0DAF800302EB19A07ED
S214029DC056BF2A4AC6F800B0326003F03003102BA2
S214029DD001D0202B1ED111A8FFF7FEFE082248460E
S214029DE00DF14601F0F750FE28B1DAF8003003F024
S214029DF04403402B0ED0B8F1000F0ED108A80CF089
S214029E005BFB02232B70C4B9002FC4D0281DFFF7BA
S214029E1063FFC0E740F60A4096E7DAF80030DB0355
S214029E20ECD508A80CF048FB02232B70BCB9002F17
S214029E30B7D0281DFFF750FFB3E7002608AB0CAFDC
S214029E401A4603CABA4220606160134604F1080447
S214029E50F6D1281DFFF740FF002E9CD0A1E7012671
S214029E60ECE72D2070E700BFD43D0020BC41002067
S214029E70C041002049B9084B197849B14EF6602313
S214029E80594328B105480EF085BE41F28831F8E7FD
S214029E900248F8F7DFBC00BF7E5B00200C410020C2
S214029EA070B586B00546F8F7C3FD10B9022006B0B5
S214029EB070BD01A8FFF710FF06460028F6D08DB940
S214029EC02E4B1C6814F0020406D02D4B1B78112B67
S214029ED0ECD12C4BB3F868404FF481630221ADF805
S214029EE00C3023E02846F9F72DF90028DED1234B63
S214029EF01C6814F0020406D0214B1B78112BD5D116
S214029F00204BB3F868400822294601A8F0F7BCFDAA
S214029F100028E1D04FF4027300260A21ADF80C3077
S214029F202B68CDF80E306B68CDF81230002203A8ED
S214029F300BF034F8024608B91920B8E70F4B196837
S214029F4001F03003102B17D0202B14BF012303235C
S214029F50490001F004010B432046002100F0F4FF03
S214029F600028E9D000210120FFF784FF16B1012264
S214029F70054B1A7000209AE70323E9E7C041002048
S214029F80BF5B0020404F0020695C002030B50025F2
S214029F901D4C85B0CDE90055F8F75CFC23784BB331
S214029FA01A491B480A780078904223D90132012BBD
S214029FB00A700ED12A464FF4A071284602F0BEFA65
S214029FC0C0B2B8B941F2883112480EF0E3FD05B0CE
S214029FD030BD022B09D1284602A9F9F745F8002818
S214029FE0EED102A8FFF75CFFEAE7032B02D101F0ED
S214029FF065F9E5E7002108462170FFF73BFF0421DB
S21402A000684609F07EF9E2E7755C0020765C00207F
S21402A010C86500200C41002070B5194A194D044647
S21402A0205168106886B02E7801AB03C31EB10224B5
S21402A030204606B070BDF8F745FD0228F7D103A802
S21402A04000F0E8FD082201A90DF10E00F0F71CFD54
S21402A050A0B10D4B32464FF4A07130461C7002F090
S21402A0606DFA04460028E3D10123084A41F28831FA
S21402A07007482B7013700EF08DFDD9E72324D7E71F
S21402A080477D0400755C0020C8650020765C0020D1
S21402A0900C410020F0B50C4600219BB02B4F064623
S21402A0A0492207A80691F0F7A3F93B78012B34D191
S21402A0B09EBB0DF10E0120460CF016FB0546BDF8C0
S21402A0C00E000EF097FC441BE4B2BDF80E102346B9
S21402A0D02A46009606A80FF086F9304604A9F8F735
S21402A0E0C3FFD0B9CCB19DF81920B2B9BDF8233060
S21402A0F003F47E43B3F5285F1ED3B3F5385F0ED361
S21402A1001349BDF80E000B6843F400030B602946A2
S21402A11009F0D7FC18B104233B701BB0F0BD012236
S21402A1200C4B04A81A70FFF7BBFE41F288310A48AE
S21402A1300EF030FD0223EFE711463A70FFF79AFE63
S21402A1401E2104A809F0DDF8E7E700BF755C0020D1
S21402A150C0410020765C00200C410020014B1870A4
S21402A160704700BF765C0020014B1878704700BF2E
S21402A170755C0020014B1870704700BF755C0020AC
S21402A1802DE9F04F0446408891B00E298846ADF876
S21402A1901A0074D094F80890A7790AF0E4FE09A988
S21402A1A00546BDF81A00E6790CF0E1FEBDF81A0085
S21402A1B00AF0DFFD430542BFBDF82A3043F40053E0
S21402A1C0ADF82A30E379D80642BFBDF82A3043F408
S21402A1D08053ADF82A30BDF82A30990613D5022FDF
S21402A1E052D10CA9207A0CF020FADDF83500DDF801
S21402A1F0391007AB03C307AA0021042300910DF10F
S21402A2001A00FFF717FB0121BDF81A000EF00EFC2C
S21402A210022F824644D1454B33F81950B8F1000F4D
S21402A22079D0BDF82A305A0675D54FF6FB7295429C
S21402A23071D83F4AB2F86820AA426CD0DB0502D534
S21402A24028460CF038FBBDF82A30D80463D5002F18
S21402A25033D1BDF81A000AF08CFDC10663D548F268
S21402A2603403BDF826209A4209D1324E3078FF28B0
S21402A27005D003222946FCF72BF9FF23337000236F
S21402A280236011B0BDE8F08F012F01BF237A2A4A5E
S21402A29003EB430302EB830314BF00229A1CABE7D3
S21402A2A0012F05D10C2303FB09F3234AD55AB5E740
S21402A2B0A81C0EF09FFF0546B0E7284601F07CFD7D
S21402A2C0BDF81A000AF055FDC206C8D46389504686
S21402A2D005930EF08FFB834650460EF06FFB059BF0
S21402A2E002905FFA8BF04A46394601900093404648
S21402A2F009AB08F09EFFB8F1000F14BF0B2009202F
S21402A30016F0030218BF02F1FF32294618BFD2B276
S21402A3100EF039FFA3E7BDF81A000AF02AFDC306BD
S21402A3209DD4002FD2D1A946D0E700BF24540020E6
S21402A330404F0020CC6500206453002038B500242E
S21402A3400F4B104D2A78A24205D8C2B9BDE8384054
S21402A3500D48F8F77FBA598869B9013AD2B2A242D3
S21402A3602A70EFD0121B184603F110011201F0F703
S21402A37091F80346E6E701341033E4B2E2E738BD6B
S21402A380D83D0020795C00208C64002070B51A4B02
S21402A3901A4A1D780023DCB2A54200D870BD1446C6
S21402A3A066880133864202F11002F4D1E379A58869
S21402A3B0E16003F040028DB9CAB123F00403E371F1
S21402A3C00AF0D1FD037803F07F0303702188002989
S21402A3D0E4D1BDE870400A480EF0DCBB002165807F
S21402A3E0A180002AE9D1BDE87040FFF7A7BF20464A
S21402A3F0FFF7C6FEF7E700BF795C0020D83D0020D5
S21402A4008C6400202DE9F047044686B040880F464B
S21402A41015460AF0A8FDA3798046082B52D8DFE835
S21402A42003F0052E185151515151050002300EF01D
S21402A430E1FE002D4ED06946F8F716FE002841D1FF
S21402A440684601F063FDB0FA80F0400906B0BDE848
S21402A450F08702A9207A0CF0E8F86B466E46DDF823
S21402A4600D00DDF81110334A03C3237A32F8139035
S21402A470314AD05C75B131460CF0FBF8E6E7237A38
S21402A4802E4903EB430301EB830231F82390907AC3
S21402A490961CEFE74FF6FB7AD14515D930460CF0FD
S21402A4A032FA4FF6FF739842054615D001463046FB
S21402A4B001F09EFC554508D9E379DA060ED440F63B
S21402A4C02243E3600020C1E74D46294608F1020018
S21402A4D00EF092FE0120B9E74D46EDE74FF6FC7806
S21402A4E0454512D103F00C030C2B1CD1DFB13046CC
S21402A4F04FF6FD7101F07CFC40F61F412046E160FC
S21402A500FFF73EFEFFF71AFFDCE74FF6FD739D42AC
S21402A51009D10023304619461A4602F0DBF84146B6
S21402A520304601F065FCE37943F00C03E37140F634
S21402A5302343C6E724540020855B00206453002092
S21402A54073B5044640880E460AF00DFD02300EF042
S21402A55051FE09F0CDFA18B1A11C201D09F0CDFA62
S21402A560E6B1E5790135EDB2E57115F0400514D096
S21402A570ECF7D8FE0122054600212046FFF742FFEF
S21402A58018B1394B1B882B449DB2384B1B78042BD1
S21402A59001BF354B1B885B199DB2258000223146D0
S21402A5A02046FFF72FFF20B360880AF0DCFCE27932
S21402A5B02F4922F00C03E3710B7805460133DBB218
S21402A5C00B70C3712B4BA61C1B780BB3E379980652
S21402A5D01ED52949097871B159060CD592070AD5B4
S21402A5E000220423114630460092FFF723F910B1E9
S21402A5F0E06002B070BD0022012311463046009290
S21402A600FFF718F920B1E37943F00303E371EFE7AC
S21402A610304609F070FA0028EAD16088FCF7C0FAE2
S21402A6200328E6D8DFE800F0020D1D19E37943F0AF
S21402A6300403E3711B06DCD5104B1A78104B1A7014
S21402A640D7E740F62443E360E37943F00803E37177
S21402A6502B7803F07F032B70CBE740F62543E360AD
S21402A660C7E740F62643FAE720650020C05B0020D5
S21402A670BD5B0020BB5B0020C9650020835B002019
S21402A680785C00202DE9F74F06460EF0C9FC5F4BBA
S21402A6900546B3F8009018805D4BA0EB09041B78C2
S21402A6A0A4B2A34298BF00234FF000084FF6FF77EC
S21402A6B088BF1B1B564A88BFDBB21370DFF864B133
S21402A6C0A9EB00030093534B5FFA88F21978914284
S21402A6D00ED80EB1FFF732FE4FF6FF739F4200F020
S21402A6E08E8039464C4803B0BDE8F04F0EF052BAA1
S21402A6F0BBF80220002A3CD0484B9BF8072018786B
S21402A700BBF800A0042818D00020BAF1000F08BF3A
S21402A710A2462044504523D2BBF80010009B1944A1
S21402A720ABF80010002E4ED002F04802482A4AD15A
S21402A73000215846FFF704FF45E00192F8F704FCB3
S21402A74030F01003019ADFD1FBF746FC344B019A36
S21402A750B3F800C08445D7D9ACEB000080B2D4E78A
S21402A76002F00C00042807D10022ABF800200BF1FF
S21402A770100B08F10108A6E7510602F0030C02F0DE
S21402A78008000ED528B3BCF1030F25D1DEB1DBF8E5
S21402A7900C105846002908BF4FF44261FFF7F0FC40
S21402A7A011E040B3BCF1010F25D11206EED44FF4EE
S21402A7B0C862ABF800209BF8072022F0030242F0A2
S21402A7C002028BF80720BBF80020974228BF1746E4
S21402A7D0CDE703208445D9D213060ED50C4B1A7842
S21402A7E00AEB0200844208DA4A44521B0AEB0201D0
S21402A7F0ABF80010E7E70120ECE7012199E70648ED
S21402A80003B0BDE8F04FF8F725B800BF5855002052
S21402A810785C0020795C00208C640020C05B0020FD
S21402A82020650020D83D0020F8B500250A4E0B4FC3
S21402A8303378ECB2A34204D8BDE8F8400848F7F7EC
S21402A84019BD07EB0414A01CF7F714FD201DF7F73B
S21402A85011FD0135ECE700BF795C0020D83D0020F1
S21402A8604E55002070B500240B4D0C4E2B78A3429B
S21402A87008D81B1BDBB22B706BB9BDE870400848CA
S21402A880F7F7E8BF06EB041040F621410134FFF764
S21402A89077FCE4B2EAE770BD795C0020D83D002080
S21402A8A08C640020F8B5154EDFF858E035789EF82F
S21402A8B000E0134FAE454FEA051C07EB051419D00E
S21402A8C0002503F4835343EA1323A1712272E37132
S21402A8D0608027F80C50A58003F0A8FB40F60243E0
S21402A8E0E36033786081013328463370FFF7CAFE8F
S21402A8F02846F8BD40F60340FBE700BF795C00201F
S21402A900D83D0020906500202DE9F04F344B0D46CF
S21402A9101C78174685B05CB9B1F90680DFF8C89096
S21402A920DFF8C8A0DFF8C8B099F80030A34202D812
S21402A93005B0BDE8F08F0AEB0416B08800B970883F
S21402A94001A90CF014FBAA7A9DF80E309A4244D163
S21402A950B8F1000F0FDA297A9DF80C202B89914264
S21402A96009D8204800780844824236DA521A1B0A6E
S21402A9701341D90731D538460CF0E8FABDF80A304B
S21402A98004469A0602D5EB889B06D1D5F37903F0E6
S21402A9900C03042B08D17088F9F786FD0023728811
S21402A9A0194618460BF0A9FF00213046FFF7E8FBD0
S21402A9B0FFF7C4FC38460EF01DF8844208D2337AFC
S21402A9C001228BF8003029460023384602F0AEFCFE
S21402A9D0B8F1000FACDA0024A6E70134E4B2A3E72C
S21402A9E0775C00208F650020795C0020D83D00202F
S21402A9F0815C002008B50EF013FB074B1B88C01ABB
S21402AA0080B2B0F5807F05D9BDE808400021034832
S21402AA100EF0C0B808BD00BF585500208C64002058
S21402AA202DE9F04788B004460D460CF0B9F9014608
S21402AA30204603F083F910F003035FD110F00C0FE9
S21402AA4006D12946204608B0BDE8F047FFF79EBC6F
S21402AA5020460AF08EF9C30638D420460CF0A0F938
S21402AA600146204603F06AF9064620460AF07BFABB
S21402AA70804602300EF0BEFB05A9074620460CF0C3
S21402AA8076FA06F00C0698F801300C2E0CBF4FF042
S21402AA9003094FF00609012113F0010F204618BFE3
S21402AAA04FF003090DF0C2FF174B80461B88A342E6
S21402AAB00FD1B5FA85F04009FBF748FC20460AF0AC
S21402AAC086F90022014607200EF05DFB08B0BDE8BD
S21402AAD0F08703F0ABFA824640460DF08BFF06463F
S21402AAE040460DF06BFFF6B202903A4649462846BB
S21402AAF0CDE900A605AB08F09CFBDFE7012BE5D10C
S21402AB0010F00C0FE2D19CE74E550020002210B543
S21402AB10094B1C78094BD1B28C4201D8002010BDDB
S21402AB20197A814202D19979022902D01033013270
S21402AB30F1E70120F3E700BF795C0020D83D002052
S21402AB400146002210B5084B1C78084BD0B284424E
S21402AB5001D8002010BD187A884202D198790128BF
S21402AB60F8D010330132F1E7795C0020D83D00209E
S21402AB70002210B40A4B1C780A4BD1B28C4203D87E
S21402AB805DF8044BFFF7DABB197A814205D1997951
S21402AB90012902BF00211980598010330132ECE7E7
S21402ABA0795C0020D83D0020024B1878003818BF88
S21402ABB001207047795C0020044B1B6813F0300FAD
S21402ABC003D0202130200BF073BC7047C041002018
S21402ABD0002310B5044608491A4601EA00414FF020
S21402ABE07F60FFF701F8E30703D5002130200BF062
S21402ABF05FFC002010BD00BF00007207044B5B889C
S21402AC0023F4784323F08D0303800020704700BFAF
S21402AC10C041002008B500220346C3F80220C3F84C
S21402AC2006200B4A02301268D1B212F0200F18BF6B
S21402AC3041F010011980930701D4FFF74DF8054B38
S21402AC401B78023B032B8CBF1720002008BD00BFD9
S21402AC50C0410020BF5B002038B505460C46FDF714
S21402AC60EDFB98B10E4B187878B10E4B1B681A04A0
S21402AC700FD58CB113F0420F00D17DB103F44073AF
S21402AC80B3F5407F0CBF0020232038BD40F60840B5
S21402AC90FBE740F60B40F8E72046F6E72320F4E70A
S21402ACA0BB5B0020C0410020F0B504468DB007A86B
S21402ACB00D46164608F0B7FB1022002103A8EFF750
S21402ACC097FB5CB1234603AC03F1100722461868D3
S21402ACD05968083303C2BB421446F7D1012703A9B9
S21402ACE086EA070307A88DF81C708DF81D3008F059
S21402ACF005FD80EA070401A8E4B2EDF727F8B6B12D
S21402AD0001A88DF80650EDF74DF864B1002303A9AB
S21402AD1007A88DF81D3008F000FD0C4B1B78432B5E
S21402AD2001D1F9F7DBF80A4B1D700DB0F0BD01A892
S21402AD308DF80750EDF736F8002CF6D003A907A8D1
S21402AD408DF81D7008F0E9FCEFE700BFBF5B00203E
S21402AD50BA5B0020F0B5012593B007460DA80C4655
S21402AD6008F061FB05A90DA8ADF8345008F0F0FC18
S21402AD7001A8ECF7EBFF09A90DA88DF835509DF850
S21402AD80066008F0E5FC0DA89DF8075008F076FC72
S21402AD9070BB731BDBB2802B28D91FB1A64225D00D
S21402ADA0A54223D105A90DA808F0B7FC03A8ECF725
S21402ADB0CDFF03A88DF80F60ECF7F4FF01222946B9
S21402ADC009A8FFF771FF0AF059FC01214FF4007041
S21402ADD00BF07EFDFDF71AFBB0F1004F01D9FDF72F
S21402ADE01BFB044B187808F08AFA012013B0F0BD5A
S21402ADF00020FBE7BA5B002070B50E4614460546F7
S21402AE000320FFF7B7F946F004022946204608F069
S21402AE10DEFC0022014B1A6070BD00BFBC41002060
S21402AE20F0B587B0078805461022002102A8EFF782
S21402AE30DFFA3E4B1B78002B76D1BC055ED407F0BA
S21402AE408403842B63D00022394C11461046FFF748
S21402AE502BFF17F4045F276005F102061CD0B90425
S21402AE600AD5304602F09CFA00284ED1236823F415
S21402AE70005343F48073236030460BF095FB0028A2
S21402AE8042D108F0CEFA18B9236843F4803323601F
S21402AE90236843F02003236022680DF1060042F483
S21402AEA000432360FFF7AAFE12F4805FBDF8063067
S21402AEB031D043F02003ADF806302168334611F056
S21402AEC0400218BF05F123024FF07F60FEF78CFEAA
S21402AED0BDF80630DA0703D5002130200BF0E8FA79
S21402AEE023689B0506D5012295F8221005F112006B
S21402AEF0FFF7DAFE00200F4B186006E005F112009D
S21402AF000BF052FB00289AD0292007B0F0BDB807F4
S21402AF1099D52320F9E723F02003ADF80630FDF794
S21402AF207BFAFEF775FCC8E70220EEE7BF5B00205F
S21402AF30C0410020BC410020024B1868C0F30050FC
S21402AF40704700BFC04100202DE9F04F06468946F3
S21402AF501046002189B01546984602F0EFFE1028EA
S21402AF6007460AD86A4B0341DB0706D4C8F34004F7
S21402AF709DB9002009B0BDE8F08F664B1C78002C06
S21402AF80F6D0FFF7D9FF00280CBF4FF4F0744FF449
S21402AF90D074FC4004F00104EAE74FF0000A18F00F
S21402AFA0010F5346524629464FF00500CDF800A041
S21402AFB00CBF4FF0080B4FF4027B06F0B8F80028DF
S21402AFC0D7D0C8233246009359465346284602F045
S21402AFD0DDFEADF80E000028CBD018F0080A4AD1E4
S21402AFE04FF6F773A7F10F02D2B29E428CBF092327
S21402AFF00123012A01D843F04003474A8DF8103056
S21402B0001378591C11708DF81130002C4FD09DF812
S21402B0101030052F43F020038DF8103033D03F4B0D
S21402B0201D78002D5AD04FF6F77300259E424FF03A
S21402B0300F0248D9012304A90DF10E00F7F75EFBB3
S21402B040002896D1002C4DD1BAF1000133463A467B
S21402B05018BF0121BDF80E00CDF8009008F052FD91
S21402B060ADF80E00002884D018F0040F4DD03146FB
S21402B0700AF0A2FC7EE749460DF10E000BF04DFCED
S21402B0800028ADD175E70121BDF80E000DF0CEFC0B
S21402B090012102F053FE0123834013F0620F1CD1FC
S21402B0A01E4B1B78E3B14FF6F7731825BEE71B4B12
S21402B0B025461B780222002BBCD04FF6F7739E4221
S21402B0C0B8D8052FB6D0BAF1000FB3D19DF810301C
S21402B0D043F040038DF81030ACE710250F22A9E7A5
S21402B0E01825FBE7BAF1000F0AD002234A46009061
S21402B0F029460DF10E00FEF79DFB0028A4D038E786
S21402B10041235246CDF800A0F2E70AF03DFC31E7B3
S21402B1109FFEFEFFBB5B0020BC5B0020AF5B0020F7
S21402B1202DE9DF431E46144B80461B680F469B07DD
S21402B13091460A9C1BD4204614B108F0CDFCC0B23E
S21402B1400622CDE902403B460020CDE900890B49A4
S21402B1500BF0A6FD024650B10021002E0CBF0123C3
S21402B1600323084604B0BDE8D043FFF7EDBE002037
S21402B17004B0BDE8D08300BFC04100206B3004009D
S21402B1802DE9F04F8DB081468A461F4693469DF8BC
S21402B1905C803AB903A8FEF79FFDB0BB00200DB055
S21402B1A0BDE8F08F154600222321104609F0F6FE70
S21402B1B0ADF80A000028F1D00DF000FC0523044685
S21402B1C018F0100F00F8023B677020D01122002101
S21402B1D0EFF70EF904F11306032F4FF0080237D1EA
S21402B1E059463046EFF756F9C8F3801306F10905BB
S21402B1F0337208F06DFC00283ED000232B706B7073
S21402B2000123033505F8013C36E003ADCBE7012602
S21402B21010221699EFF73EF906FA07F313F0620FBB
S21402B22002D104F11206D7E707A808F0FCF805A831
S21402B2308DF81C60ECF78AFD9DF8162018F0200F9A
S21402B2409DF8173008BF134604F11306A374C3E72C
S21402B25051463046EFF71EF9012306F10802121B8B
S21402B26028460093BDF80A10082392B20EF0BBF8E7
S21402B270042F06F11005BCD02D1BA9B20DF10A0051
S21402B2800BF076FC002889D118F0040F0BD0484644
S21402B2900EF09EF8FF281FBF074A32F8103023F43C
S21402B2A0804322F81030434651464846BDF80A20ED
S21402B2B0FFF74AFE73E700BFF054002070B503267E
S21402B2C090B08DF80760F7F7B3FB18B90224204652
S21402B2D010B070BD02AD2846FEF7FEFC0028F5D081
S21402B2E01B4B1C6814F00204F0D140F20F43194ABB
S21402B2F0ADF82430136804A8CDF826305368CDF88C
S21402B3002A3008F090F895E8030005AB83E80300BE
S21402B310062304A88DF81D308DF81060ECF7B8FCF3
S21402B32001210DF12E020DF10700ECF709FC224671
S21402B3301A2109A809F032FE024608B91924C6E7FE
S21402B340012329462046FFF7FFFD0028BFD1F5E777
S21402B350C0410020425C00202DE9F04F04460D4615
S21402B360002191B01F2208A89B460791EFF740F8EC
S21402B37020460BF015FD0146204602F0DFFC8DF854
S21402B3801100204609F0EFFD9DF811304678990627
S21402B3908146C6F34006204648BF46F002060BF03A
S21402B3A0D5FD804620460DF025FB0022A0EB0803C3
S21402B3B0DBB2232B28BF232300922146424607A84E
S21402B3C00EF011F800283AD1A24B9DF81C701B789B
S21402B3D09DF81DA0B3B3FFF7AFFD00280CBF4FF4D6
S21402B3E0F0734FF4D073FB40DA072BD5B30729D49A
S21402B3F0082F22D1BAF1040F21D1FBF77FFBF0B957
S21402B400012342460093214605200DF1110305F063
S21402B4106BFEA0B1053F0D2F11D8DFE817F0240010
S21402B4201000AF01BC01C501100010001000100092
S21402B43010001000CB01F901F901052F07D011B059
S21402B440BDE8F08F102F05D1BBF1000FF7D0FBF748
S21402B45055FBD5E7FBF752FB0028D1D0052FCFD0FE
S21402B460112FCDD0EBE7BAF1050FE8D8204609F048
S21402B470DDFC029009F102000DF0BCFE82460DF1E1
S21402B4801200FFF7BBFB01239DF81D8003FA08F3A9
S21402B49013F0620303932DD0BDF812309D0722D518
S21402B4A0B407CCD5FBF72AFB0DF11E000BF07CF897
S21402B4B0B8F1030F04469DF82EB02FD10DF12F05DB
S21402B4C009F0E2FE824540F03181032EB7D19DF8A5
S21402B4D036100DF11E02003918BF01210DF12E00A3
S21402B4E008F01BFBABE7FBF709FB0028DCD1002EBC
S21402B4F0A5D0D9E7FBF702FB68B10DF11E000BF0F1
S21402B50053F8B8F1030F04464FF0000B40F0828068
S21402B5100DF12E05D4E7002E91D0EEE74E4B1B68B8
S21402B52098072AD5FF2208210DF1370009F03AFEC6
S21402B530814610BB034601460DF137020220FEF794
S21402B54053FB09F0A1FE82450DF137070DF12F05D9
S21402B55023D04FF6F7739A4540F2ED800022082179
S21402B560284609F01FFE002800F0E5800022594612
S21402B5700DF11E00FFF798FB61E70DF137070DF19D
S21402B5802F0538460AF0BCFF002848D009F07CFE9A
S21402B590824540F0CC804FF000092846F7F7D2FDEE
S21402B5A0002800F0C480B8F1010F5BD0B8F1040F98
S21402B5B07FF445AF0AF0C7FF10B1032E7FF43FAF0A
S21402B5C0002C7FF43CAF3A4602210DF11E00FFF735
S21402B5D013FC224B1B7863B1FFF770FEFEF7C4FD27
S21402B5E0022806D10120FEF7B9FD01210846FEF722
S21402B5F041FC1B4B1B78022B20D10321384607F057
S21402B60080FEFEF7B1FD014600287FF418AFFEF774
S21402B61031FC14E70DF136070DF12E05B1E7104B9C
S21402B6201B78432B7FF40BAFB8F1010F7FF407AF03
S21402B63009F02AFE82457AD1C146AEE7412B7FF455
S21402B640FEAE054B1B6859057FF5F9AEF9F73EFECF
S21402B650F5E600BFBB5B0020C0410020695C00200D
S21402B660BF5B00206C4D2B78022B22D02B78412B0F
S21402B6703FF4E5AE3CB9FBF741FA594602460DF1F6
S21402B6801E00FFF711FBFBF739FA00283FF4D7AE8E
S21402B6900AF059FF614C98B123681B0502D42B7837
S21402B6A0432B0DD1B0070BD440F61A40F9F70CF82D
S21402B6B0C5E60AF048FF0028D8D0B207D6D4BEE6C0
S21402B6C0206810F0020002D102990BF0FBF82B78EA
S21402B6D0112B16D12368590513D50020FEF7E0FB7F
S21402B6E0044600287FF4ABAE0AF03CF840F61C4055
S21402B6F0F8F7EAFF21462046FEF7BCFBF8F7F0FF14
S21402B7009DE6B20701D5FFF757FAB9F1000F9DD0B3
S21402B71007F087FE18B94FF480310AF0C9FE0022FE
S21402B7203F4B38461A600AF0E2FE8FE70027039B7B
S21402B730002B7FF40EAF4FF6FF73284605A9ADF82F
S21402B740143009F094FD20B1284609F071FDADF8D9
S21402B75014004FF6FF73BDF8140098423FF46FAE24
S21402B760002C0CBF0423152301930DF11E03009336
S21402B7703A4643462946FFF703FD60E60DF11D00F3
S21402B780F7F7E0FC00283FF45AAE022229460020D2
S21402B790FAF79EFE53E6F3077FF551AE3246284689
S21402B7A007A90BF0B9F84AE69DF81D100120FFF72D
S21402B7B0D1FA44E6184B1B78022B20D1002D7FF4D9
S21402B7C03EAE05A8FEF788FA00283FF438AE154BC1
S21402B7D01D709DF81D30002B14BF64246524FEF7EF
S21402B7E0C3FC032806D128462946FEF743FB284613
S21402B7F0FEF7C0FC214605A807F083FD1FE6043BC2
S21402B800012BDBD9284608F073F90028D6D116E6B4
S21402B810204608F06FF912E6BF5B0020C041002008
S21402B820BC410020695C00202DE9F34105460E4626
S21402B830174698460AF087FE044640B101233A4668
S21402B84031462846CDF80080FFF76AFC04460AF027
S21402B8507AFE30B1FFF770FB78B10A4B1B689B018A
S21402B8600BD400233A4631462846CDF80080FFF72F
S21402B87057FC002C0CBF0446012404F0010002B061
S21402B880BDE8F081C041002070B58AB005A807F077
S21402B890CAFD022301AA15468DF81430084B03F19F
S21402B8A01006144618685968083303C4B342224681
S21402B8B0F7D1294605A807F021FF0AB070BD00BFE0
S21402B8C04F7D0400014B1878704700BFCA65002000
S21402B8D0014B1888704700BF486500204FF6FF737B
S21402B8E02DE9F043994280460D4685B00BD00027DD
S21402B8F04FF6FD791C4EEBF71BFDFCB2A0420BD8AF
S21402B9004FF6FF701DE0F7F71DFC0028EFD005B0DC
S21402B910BDE8F04309F0B8BC36F814304B4517D8EA
S21402B920694620460AF045FE082241460DF105000A
S21402B930EFF7AAF84FF6FF7360B99D4204D136F8C6
S21402B940140005B0BDE8F08326F814500AF00BFE8A
S21402B9500137D0E79D42FBD036F81430AB4208BF21
S21402B96026F81490F4E700BF245400202DE9FF4780
S21402B97006460F4600254FF6FD79DFF83C80DFF8D5
S21402B9803CA0EBF7D5FCECB2A04202D804B0BDE86E
S21402B990F08738F814304B450CD8694620460AF032
S21402B9A008FE082231460DF10500EFF76DF808B9DA
S21402B9B00AF804700135E4E724540020855B002071
S21402B9C0014B33F81000704724540020F0B50646A9
S21402B9D000250D4F85B0EBF7ABFCECB2A04201D8C8
S21402B9E005B0F0BD37F81430B3420BD16946204695
S21402B9F00AF01BFE9DF80030022B1CBF4FF6FD73AB
S21402BA0027F814300135E6E72454002030B585B017
S21402BA1004460D46EBF78CFCA0420FD9084B33F8D0
S21402BA2014204FF6FD739A4208D8694620460AF05B
S21402BA30FCFD29460DF10500FFF750FF05B030BDAD
S21402BA402454002030B585B00446EBF771FCA042C2
S21402BA5019D92046FFF75AF80546B0B96946204676
S21402BA600AF0A7FD9DF800302BB1694620468DF8F6
S21402BA7000500AF0BCFD4FF6FF720020044B23F87C
S21402BA80142005B030BD2820FBE740F60440F8E756
S21402BA90245400202DE9F0410B7805460E461BB9CA
S21402BAA0BDE8F041FFF7CEBFEBF742FCA84231D922
S21402BAB02846FFF72BF878BB374617F8058B4FF664
S21402BAC0FF713846FFF70AFF0446384600F01EFAB2
S21402BAD0B0FA80F04009B8F1000F15D0B8F1030FA4
S21402BAE015D04FF6FF724FF6FD73944208BF1C4600
S21402BAF00B4B314623F815400A4B585528460AF098
S21402BB0076FD0020BDE8F0814FF6FF74F0E74FF6B1
S21402BB10FE74EDE72820F5E740F60440F2E700BFA2
S21402BB2024540020855B00202DE9FF410D46044683
S21402BB304FF6FE780F4F0E0AEBF7FAFBA04204D838
S21402BB40FF24204604B0BDE8F08137F814304345A0
S21402BB500CD1694620460AF02CFD9DF80520EBB272
S21402BB609A4203D19DF80630B342EAD00134E4B2D9
S21402BB70E2E700BF245400202DE9F04F0C4617469A
S21402BB80984600254FF6FD7B87B09DF840A0DFF86B
S21402BB905C900190EBF7CCFBEEB2B04201D8FF26E8
S21402BBA016E039F816205A451ED8304602A90AF081
S21402BBB000FD3FB99DF80920424515D19DF80C209D
S21402BBC0524511D144B939F81620019B9A420BD13D
S21402BBD0304607B0BDE8F08F082220460DF10D0171
S21402BBE0EEF752FF0028F3D00135D3E724540020A5
S21402BBF010B514460AF0DDFC2046BDE810400822C7
S21402BC000149EEF747BC00BF425C00202DE9FF4722
S21402BC10074615460846082224491E46EEF734FF14
S21402BC20044600283FD14FF6FF7ADFF88490EBF700
S21402BC307FFB5FFA84F880450BD385B3384605F060
S21402BC4015FB01250C9B18700120357004B0BDE869
S21402BC50F08739F8183053451FD0694640460AF037
S21402BC60A8FC7A789DF801309A4216D17A88BDF8F7
S21402BC7002309A4211D13A799DF804309A420CD198
S21402BC8008220DF10501781DEEF7FEFE28B9002DFB
S21402BC90D7D1404605F005FBD3E70134C7E7FF20BE
S21402BCA005F0FFFACEE70020D0E700BF425C002096
S21402BCB024540020F0B50025154E164F85B0EBF73C
S21402BCC037FBECB2A04201D805B0F0BD694620466B
S21402BCD00AF06FFC9DF80030032B06D90023694654
S21402BCE020468DF800300AF082FC9DF8002062B1F2
S21402BCF04FF6FD734FF6FE71032A08BF0B4626F871
S21402BD001430002301353B55D9E74FF6FF73F6E7AB
S21402BD1024540020855B0020F8B50E4604464FF6F4
S21402BD20FF770C4B0C4D1B7803EB430305EB8305A7
S21402BD30A54202D800242046F8BD2388BB4206D07E
S21402BD4008223146A01CEEF79FFE0028F3D00C34E2
S21402BD50EEE700BF9165002064530020044BFF21EC
S21402BD601A78044802EB42029200EEF741BB00BF8B
S21402BD709165002064530020F8B504460C4B0D462E
S21402BD801B781046A3420DD90C27022117FB04117B
S21402BD907C43084E08223144EEF77CFB335B0020DE
S21402BDA02B80F8BD0023136053604FF6FF73F6E74F
S21402BDB0916500206453002038B504464FF6FD75A1
S21402BDC0FFF704FE0022084B1878084BD1B28842CF
S21402BDD000D838BD33F80C1C0132A14208BF23F844
S21402BDE00C5C0C33F2E700BF916500207053002014
S21402BDF070B505460E460846FFF7DEFF3146284672
S21402BE00FFF76CFD29460648FFF786FF00B970BDAE
S21402BE10044624F80C6B0AF0A6FB29462046F3E7F4
S21402BE206453002010B5082286B023490446EEF774
S21402BE302BFE20B906B0BDE8104009F025BA08224C
S21402BE4020461E49EEF720FE20B91D4BB3F86800C7
S21402BE5006B010BD0023012221464FF6FF70009364
S21402BE60FFF78AFEFF2806D0164B33F810004FF66F
S21402BE70FB739842ECD903A8FEF7CCFE58B9BDF87E
S21402BE800C305B0607D5082221460DF10E00EEF7B0
S21402BE90FBFD0028DCD021460B48FFF73DFF40B1F2
S21402BEA04FF6FB724FF6FF730088904288BF184623
S21402BEB0CEE74FF6FF70CBE7425C0020AA4F002089
S21402BEC0404F0020245400206453002070B5002206
S21402BED004464FF6FB7608460A4B1D780A4BD1B24B
S21402BEE08D4201D8002009E01988B14207D8A14244
S21402BEF005D10822991CEEF7CDFA012070BD0C334D
S21402BF000132ECE7916500206453002037B5014604
S21402BF1005460E48FFF700FF044640B1807A2946E0
S21402BF200AF0A7FB80F00100C0B203B030BD0346A2
S21402BF300090012229464FF6FF70FFF71DFEFF28EC
S21402BF4016BF034B2046185CE9E700BF6453002087
S21402BF50855B00202DE9F341224B04461B780F46F1
S21402BF608342154638D9FEF7EBFDB8BB4FF6FD7394
S21402BF709D421D4E0ED004EB440326F823504FF686
S21402BF80FF739D421FD12046FEF7F2FD002002B04D
S21402BF90BDE8F0810DF10601384609F068F94FF662
S21402BFA0FF72BDF806303846934218BF1D460C2372
S21402BFB06343F55206EB0308FFF7A8FFB0FA80F0DA
S21402BFC0400988F80A000C2303FB0460082239465D
S21402BFD00230EEF75FFAD9E72820D8E740F60540A8
S21402BFE0D5E700BF916500206453002038B50446AB
S21402BFF00D46FFF7BBFC21460448FFF78DFE00B94D
S21402C00038BD857221460C30F7E700BF6453002026
S21402C0100023074A1370074A1370074A118801B1B2
S21402C0201380064B1A880AB100221A80704700BF96
S21402C0307B5C00207A5C00205E5500205C55002068
S21402C0402DE9F04F3C4C1D46238887B007468846AC
S21402C05010469DF840605BB952B10AF0A2FD2080FE
S21402C0604FF4FA61354807B0BDE8F04F0CF092BDC8
S21402C070DFF8D890B9F80040002C49D020460CF0E2
S21402C080B9FCC0F3470620460CF098FCDFF8C0A0C7
S21402C0900296BAF80030DFF8BCB00193BBF8003065
S21402C0A00446009300222B46012025490AF0F8FD9B
S21402C0B0ADF81600E8B1012504EB4606B4420DD1F0
S21402C0C0BDB9BDF81630A3B12A464146384600F03F
S21402C0D06FF9ABF80050AAF800500AE00123214697
S21402C0E01A460DF11600F6F709FB0234054600283B
S21402C0F0E4D00023134AA9F800301378013BDBB2E0
S21402C1001370002BACD107B0BDE8F04FFFF780BF2D
S21402C1100D4C237823B90CF07BFE08B9012323705B
S21402C120324629460520F7F70DFA0028EBD1207093
S21402C13007B0BDE8F08F00BF5E550020AC6400205B
S21402C140713004007B5C00207A5C00205C55002085
S21402C150F8540020FA54002030B5154D87B02C88CC
S21402C1609CB923464FF4A07248F2380103A80AF09D
S21402C1705CFB21462046FAF7E3FA22460D4B009472
S21402C18003A9FFF75DFF07B030BD204608F0EBFEBF
S21402C19004300DF02FF803A9044628880AF0E7FEBB
S21402C1A00023009320462A8803A900F0AFFAEAE7A4
S21402C1B05E55002000F8FF0737B5002001A9FAF700
S21402C1C0BFFA0D4C014623780C4D7BB10C4B019AFD
S21402C1D01878FAF7CBFA2078F8F74CFC002323708D
S21402C1E02B700848F6F736FB03B030BD2B78002BD1
S21402C1F0F7D0FFF7B1FFF4E77D5C00207B5C002000
S21402C2007C5C0020AC64002008B50548F6F732F8DE
S21402C2100448F6F72FF8BDE808400348F6F72AB8B0
S21402C2205E5500205C5500205A5500202DE9F04F3F
S21402C23089B089460446CDE905239DF84870139EC9
S21402C24030B316F801ABBAF1000F23D00AF1FF346F
S21402C250A400E4B23146012007F092FCC00E1BD1C6
S21402C260DFF838B13146012007F08AFC9BF800500F
S21402C27034442279BDB1002F47D180234846CDE908
S21402C2800277CDE900773E4A059900F091F83CE046
S21402C2908246DFE75446DDE71B28ECD9314601200B
S21402C2A007F06EFCE7E7DFF8F880FF2A00EA0808E6
S21402C2B00BD14246E379A179607901EB032189B279
S21402C2C009B0BDE8F04FFAF751BA2E4909688B0754
S21402C2D00AD5FE2A35D101230135EDB2202D4FEACB
S21402C2E043030AD1FF250AE0294628460792FAF7B1
S21402C2F027FA4845BFD1079AEBE79845ECD1224B7F
S21402C3001B78FF2B04D0AB4204D009B0BDE8F08FF7
S21402C310FF2DFAD029460020F4F7B2FF0028F4D009
S21402C3209BF800306479002BEFD1FFF771FE1748B7
S21402C3304FF410510CF02EFC154B8BF800501C706D
S21402C340E3E7052A97D8BAF1010F94D8B8F1000F9F
S21402C35091D0002FD9D17379002BD6D00D490988F8
S21402C36021B9082B28BF08230B490B7043464846C1
S21402C3701292DDE9051209B0BDE8F04FFFF760BE84
S21402C38071300400C0410020CB650020AC64002060
S21402C3907C5C00205E5500207B5C00207D5C0020DB
S21402C3A000F8FF07014B1880FFF7D6BE5C55002049
S21402C3B00CB42DE9F04F8BB014AA0E4652F8041BAB
S21402C3C007460992002940F08F80BDF85400ADF868
S21402C3D02200002800F0A18033794FF6F778002B70
S21402C3E040F0868047458CBF4FF009084FF008089A
S21402C3F04C4B1C78FF2C40F08380B6F90230002BA1
S21402C400A9BF494B347A1C780134A2BFE4B21C702F
S21402C41044F08004DFF81CB12246002101F0A2FCA1
S21402C4209BF80030BDF82200002B6CD0DFF808A184
S21402C4304FF00009BAF8003007930CF0DBFA054615
S21402C440BDF822000CF0BAFAEBB2CDE90193FF2355
S21402C450CDE9030900932246334639460798FCF78E
S21402C460B5FB4FF6FF7305468BF80090AAF800302E
S21402C470382D33D13246394640460DF1220307F0B5
S21402C4803FFB00284BD04FF6F7739F4226D8B6F9EB
S21402C49002307088002B21DA48F204022349244B2A
S21402C4A04FF00008904214BF8946994608F0ECFE09
S21402C4B0494603468A220120CDF800800AF0F0FBA6
S21402C4C0814658B12246414601F04CFCFF233246D3
S21402C4D039464046CDE90098FCF7DAF928460BB013
S21402C4E0BDE8F04F02B0704701200AF0B6FB6EE7D7
S21402C4F0002347458CBF4FF006089846337177E70E
S21402C500FF221A7086E7CDE900033246FF2339463A
S21402C5104046FCF7BDF90546AAE71925DEE70546BB
S21402C520DCE700BFCD6500207F5C0020823004007F
S21402C530773004007E5C00206055002070B54FF412
S21402C540003300240546164688B0ADF81A100DF1E1
S21402C5500F0204A90593ADF81840ADF81C400494E8
S21402C5608DF80F4007F0ABFA9DF80F30284601937E
S21402C570049B044A009305A93346FFF719FF08B047
S21402C58070BD00BF7B30040030B54FF48035002408
S21402C59087B00395BDF82850CDE900128DF810300B
S21402C5A0074A034603A9BDF82C008DF81140ADF8E2
S21402C5B01250ADF81440FFF7FBFE07B030BD00BFC7
S21402C5C087300400B1F1006F2DE9F04314462CBF0A
S21402C5D0392238228BB01D464FF00003ADF81E20DC
S21402C5E04FF480022CBF4FF001099946FF2C0646F5
S21402C5F0ADF81C300892ADF824304FEA11471FFA06
S21402C60081F80FD109F051F9B9F1000F19D1154A85
S21402C610CDE9020543463046CDE9007407A9FFF787
S21402C620C7FE1AE0FE2C0AD109F03FF90130C0B26B
S21402C63009F046F9B9F1000F12D00B4A02E0E8B24F
S21402C640F8E70A4ACDE9030501233046CDE901742D
S21402C650CDF8008007A9FFF7ABFE0BB0BDE8F0836C
S21402C660034AD5E77F300400853004007E3004009C
S21402C670863004004FF498124FF0806310B586B0EF
S21402C680CDE903230023ADF8143008F0FDFD04467F
S21402C690F8F796FA054B01900093054A234603A93C
S21402C6A04FF6FD70FFF784FE06B010BD425C002018
S21402C6B08B30040008B5064B1B78022B02D0043BD5
S21402C6C0012B03D8FFF7D6FF002008BD0220FCE7A7
S21402C6D0BF5B002030B500244FF4806587B0CDE9FB
S21402C6E000128DF81030084A034603A94FF6FD7073
S21402C6F08DF811400394ADF81250ADF81440FFF7D0
S21402C70057FE07B030BD00BF8F3004002DE9F04F52
S21402C71099B00E4605460CA91046CDE90A329DF898
S21402C720887009F0E1FFBDF83090804648460CF06C
S21402C73061F9B6F902300446002BB6F806A0B6F840
S21402C74002B004DA00228D4B1A70002049E04846F7
S21402C7500CF050F94045F5D3A4EB0804E3B2002FE1
S21402C76018BF4FF4A07A152B099328BF152300246F
S21402C770013308F1FF324946DBB292B2009412A8A6
S21402C7800CF031FE6FEA4B436FEA53437C499DF847
S21402C790482008684968ADF83E300DAB03C3ADF8D3
S21402C7A04040ADF83C40ADF842A0ADF84420BBF1A5
S21402C7B0000F24D10DF14900F6F7C4FCA0B108F031
S21402C7C063FD5C4680460DF151060DF149030A9A57
S21402C7D096F80090012A2CD14FB384F0010404F09D
S21402C7E0010019B0BDE8F08F0DF149000AF08BF890
S21402C7F04FF6FF74011B4C4280464C41E3E7BBF107
S21402C800010F57D1BDF8498008F03EFD80450AD099
S21402C81040460DA90AF07AF880F00104E4B20DF160
S21402C8204B060DABD3E7574B0DF14B06CFE70A9CF1
S21402C830D5E75FB344BBB9F1010F25D830D108F074
S21402C84023FD08F021FD2246804671784D4B029169
S21402C85000210120CDE900814B490AF021FAADF80A
S21402C860320088B124BBB9F1010F0CBF0D210C2197
S21402C8700DF132000AF07CF9024628B92846BDF8C6
S21402C88032300FA9FFF794FD0120AAE7B9F1010F94
S21402C89004D1002CD3D081227178D8E7002CFAD1AB
S21402C8A0B9F1010F94BF002201227178D201CEE7BE
S21402C8B00C21DDE70A9B002B7FF447AF7388342BED
S21402C8C04BD1099B092B7FF440AF002F7FF43DAF7D
S21402C8D09DF951603A46B41008210DF1490004F062
S21402C8E0200408F05FFCA0B1284B1B78012B3FF414
S21402C8F02CAF274A274BB2F868201B68AA421DD0E5
S21402C900DA001BD5C8232846234A0FA9FFF750FD95
S21402C9101BE70DF14900F6F715FC0028E4D10DF1EE
S21402C920490009F0F0FF4FF6FF739842EAD021461D
S21402C930F9F778FE03460028E4D1E4E75B0201D566
S21402C940002E08DA00232846134A0FA9FFF730FD07
S21402C950124B1C70F9E68D23D5E7099BCDE905A29B
S21402C96004930DF14903CDE9028331462846CDE909
S21402C97000790B9B0FAA00F03DF8E6E6735C0020F8
S21402C980F1B80300425C002093300400C05B002034
S21402C990404F0020C0410020DBE50300CC650020AC
S21402C9A0024B187840F08000704700BF7F5C002082
S21402C9B0014B188000207047506500204FF6FF712B
S21402C9C0034602881B798A4217BF074901200A805C
S21402C9D041881EBF054A00201180FF2B1EBF044A55
S21402C9E000201370704700BF4C6500204A65002087
S21402C9F0805C00202DE9F04FA1B09946BDF8AC301E
S21402CA002D9F0D939DF8B03004460E93BDF8BC30B2
S21402CA1038460F939DF8C0304E88884615469DF8D6
S21402CA20A8B010930CF0E6FB112E824671D808F0DF
S21402CA302BFC504576D0062E10D14FF6FD7292454D
S21402CA4026D0BBF1000F10D100228023CDE900A230
S21402CA5029462046BC4AFFF7ABFC06E0BBF1000FB6
S21402CA6003D1032E07D8012E09D80022B74B1A701D
S21402CA7021B0BDE8F08F043E022EF6D8E4E780230C
S21402CA8029462046B24ACDF800A0FFF791FCECE713
S21402CA90B04B1B785E074CD408F0F6FB0026034624
S21402CAA032460120A84900960AF0FAF83B79ADF81A
S21402CAB066000F930028DBD0DDE90E320D9803EBFB
S21402CAC042090BF097FF5FFA89F909F105085FFA48
S21402CAD088F88045CCD241460D9801F02FF9109087
S21402CAE008EB40080D980BF085FF8045C0DADDE9BB
S21402CAF00F321343DBB2002B40F03482BBF1000F3F
S21402CB00B6D1D84642460421BDF8660001F02AF99D
S21402CB1074E1904A3A2E127812D948F23B039E42AA
S21402CB2007D013E08B4A127850070BD5321F022A21
S21402CB3008D8B8F8063043F48043A8F8063097E7DA
S21402CB401B2E1DD8B21E91B213295FD9109B4946DF
S21402CB5002930F9B3046CDE900B30E9A234606F0A9
S21402CB60B5FF0F2884D10122784B1A70794B1B78B7
S21402CB709B0740F12783BBF1000F7FF479AFD8E71C
S21402CB80A6F11C011E29E1D801A050F821F000BF31
S21402CB90DBD102004DCB02004DCB020071CA02006F
S21402CBA04DCB0200C9CF0200C9CF02004DCB020016
S21402CBB04DCB02004DCB02004DCB02004DCB020006
S21402CBC04DCB02004DCB02004DCB02004DCB0200F6
S21402CBD04DCB02004DCB02004DCB02004DCB0200E6
S21402CBE04DCB0200FBCF0200FBCF0200ADD102000C
S21402CBF04DCB02004DCB0200CFD102004DCB02003E
S21402CC002BD2020041D202004FD20200132A9DD834
S21402CC1001A151F822F000BF69CC0200F9CC020053
S21402CC2017CD02002FCE020099CA02004DCB020099
S21402CC304DCB02004DCB02004DCB02004DCB020085
S21402CC404DCB02004DCB02004DCB02004DCB020075
S21402CC504DCB02004DCB02004DCB020073CF02003B
S21402CC604DCB020007D2020000231A938DF86630DD
S21402CC700DF1660322460E99484600931AAB06F05B
S21402CC801FFF08F001FB0646EAF75EFB162894BF74
S21402CC904FF002094FF02209F7F792FF2E4B074694
S21402CCA0B3F800A0FBF7EAFD2C4B80464FF6FF7068
S21402CCB0B3F800B009F0DFFD294B9DF8662019880D
S21402CCC0244B1B7813F002031CBF264B1B780B92D7
S21402CCD01A9ACDE90701CDE9093240232946CDE962
S21402CCE0019320460023CDE9058BCDE9037A1E4A3F
S21402CCF00096FFF75DFBBBE608F0C6FA1B4B1C4A24
S21402CD001B88CDE92A0300232946204621B0BDE828
S21402CD10F04FFFF74DBBBE781AA9731EDBB2EF2B9E
S21402CD20304627D9F22E25D005F0FAF9822608F0E9
S21402CD30ABFA00232946CDE90003034A33462046D0
S21402CD40FFF736FB94E600BF77300400735C0020E2
S21402CD5082300400805B0020506500204C65002075
S21402CD604A650020805C0020993004004E65002051
S21402CD70A630040005F0D4F9002856D008F084FA4C
S21402CD809DF86C209DF86E100492BDF86A2049004A
S21402CD900392BDF86820C9B2CDE901629DF86D2004
S21402CDA003465200D2B208320A4400920120002200
S21402CDB0C64909F075FF9DF86D30ADF866008DF82E
S21402CDC0633000283FF454AE4FF0000801230DF103
S21402CDD063011A460DF16600F5F790FC0746002837
S21402CDE07FF446AE9DF86330FAB293420CD89DF8B3
S21402CDF06E308DF86330B8F1000F02D0BDF86630A1
S21402CE0036E04FF00108E1E74146304605F08AF980
S21402CE100123ADF86400022219A90DF16600F5F7A8
S21402CE206DFC01370028DDD022E683267FE708F076
S21402CE302BFA064605F095F93346009000220120AB
S21402CE40A34909F02DFF00283FF412AE00273E4604
S21402CE50ADF8680005F085F95FFA87F840450DD809
S21402CE6032460421BDF8680000F07CFFBDF8683049
S21402CE70002229462046FFF79BFAF9E5404605F0D0
S21402CE804DF9FF288DF866000BD0012301361A46AD
S21402CE900DF166011AA8F6B2F5F730FC00287FF409
S21402CEA0E7AD0137D6E75046B7F8029005F036F9F7
S21402CEB0FF288DF8640000F0E2811AA905F030F927
S21402CEC0BDF868304B4507D04FF6FF72914540F0EB
S21402CED0D681190400F1D3819DF86D3012930E9B12
S21402CEE00533DBB213930F9B149300234FF0000914
S21402CEF011934B4613E017934900139BC9B219448A
S21402CF000D9889B209F06FFE4FF0000A179B159034
S21402CF1012995FFA8AF28A4216D309F10109149A23
S21402CF205FFA89F19142E6D39DF86E201292169A24
S21402CF301392002B40F09581119B002B40F09F81AD
S21402CF40109B14930123D1E711999DF8640017935F
S21402CF5005F0E8F8159A179B0AF1010A824208BF03
S21402CF600123D5E709F106095FFA89F3B04616935D
S21402CF7086E1BD1C29465046BC7A06F02AF90122F3
S21402CF802946504608F026FE504609F088FC2846F8
S21402CF9009F0B9FC3A88824207D04FF6FF729042F7
S21402CFA003D00CF015FA09F09AFC84F00804C4F3D6
S21402CFB0C00421462846FFF719F82146284621B024
S21402CFC0BDE8F04F06F0ABBDBBF1000F7FF450ADED
S21402CFD012073FF5AEAD33463A462946204601F0E3
S21402CFE08FF900287FF444AD842329462046394A27
S21402CFF021B0BDE8F04FFFF7DBB90F9897F8008035
S21402D00009F0F5F900210746204601F0E3FC312E2F
S21402D010A7EB0007FFB240F0D5804FF0000A0120D0
S21402D02053465246CDE9008A2B4909F039FEADF83F
S21402D030660000283FF41CAD162251461AA8EDF7EA
S21402D040D7F91AA808F0A9FB4FF0FF33DFF894B01F
S21402D050CDE91C339BF80090B9F1000F02D14FF0D6
S21402D060010A55E01D4E33796F2B02D9002632464F
S21402D07025E050461CA9F6F73DFF0028F6D0184BCF
S21402D080B6F80090B3F86830B9F1000F2CD1003B27
S21402D09018BF01235B0143F004038DF87A300223A4
S21402D0A08DF87B3073881B0A49461EA88DF87D30A2
S21402D0B00CF0A2F8B8F1000F65D00026012202217A
S21402D0C0BDF8660000F04EFE32461CE5AA300400AB
S21402D0D077300400DBE50300B2300400BC540020C5
S21402D0E0404F0020B95B0020B3EB090318BF0123B1
S21402D0F05B0143F005038DF87A3002238DF87B300E
S21402D1000F238DF87C30CDE70AF1010A5FFA8AFA1E
S21402D1100AF1FF36F6B230460CF060F9C307F3D5D3
S21402D1209BF8003019EB030F04D009F101095FFAEE
S21402D13089F9E9E7584B1CA918783044C0B2F6F7CB
S21402D140D9FE002892D0304609F0DAFB81463046F6
S21402D1500CF044F9C0070FD416238DF87A304F4BE3
S21402D1601B780133DBB20F2B28BF0F238DF87C30E0
S21402D1704B4B33F8163096E730460CF02FF9810702
S21402D180EAD41223E9E7BDF866000BF033FC16304A
S21402D190B84292DC012316221AA90DF16600F5F7B1
S21402D1A0ADFA00287FF464AC012660E712073FF56B
S21402D1B0C0AC3B46224629460F9801F0F9F80028F3
S21402D1C07FF456ACBBF1000F7FF452AC0CE7BBF118
S21402D1D0000F7FF44DAC802307E708F055F8504562
S21402D1E07FF446ACB81CF5F7ADFF00283FF440AC20
S21402D1F008F04AF8064608F047F82A4B2A4ACDE9CC
S21402D2002A03334680E538460BF0F4FF09F033FB79
S21402D21000283FF42DAC2A90002329462046234AB4
S21402D22021B0BDE8F04FFFF7C3B84B462A46214669
S21402D2300020CDE92AB721B0BDE8F04FFEF7F6BFD1
S21402D2404B462A4621460120CDE92AB7F3E75B463C
S21402D2504A46294620462A9721B0BDE8F04F06F0F6
S21402D26063BC012319A91A460DF16600F5F746FAC2
S21402D27000287FF4FDAB08F101085FFA88F8013652
S21402D28004F06FFF5FFA86FA50453FF60CAEB8F12F
S21402D290000F3FF433AC35E497650020685C00204D
S21402D2A0EE540020425C0020B730040082300400B6
S21402D2B0F8B5164B04461D88154B20F8025B196814
S21402D2C079B10822EDF7E6F8124B0C201B78124EC5
S21402D2D0A372124B19780023DAB2914205D8FF22C4
S21402D2E009E0C4F802104160EEE7013300FB03F7E1
S21402D2F0F75BAF42F0D10A4BE2721B782373094BFD
S21402D3001B786373084B1B682361F8BD6E550020BB
S21402D3105C500020815C002058530020916500205C
S21402D320655C0020645C002048500020F0B589B09F
S21402D33006460C46154609F009FE0DF10A0201469C
S21402D340304609F0BAFC144F0346F0B901223A708F
S21402D3502288BDF80A102AB102460090072003F080
S21402D360C3FE90B103A8FFF7A3FFBDF80A000BF0B7
S21402D37041FB0646BDF80A000BF020FB2146009052
S21402D380F3B2284603AA05F04EFF0023034A3B7079
S21402D390136009B0F0BD00BF825C00205C50002024
S21402D3A0142230B58BB005460DEB02011548DEF7A8
S21402D3B06DFC10BBBDF81430DA0720D413F0060F4C
S21402D3C0C3F3410208BFC3F341220F4B0DF116010E
S21402D3D09C5C68462246EDF79BF9BDF8263004F1C0
S21402D3E028026A4402F8283C02341B0A02F8273C48
S21402D3F069462A46E0B208F0DEFD0BB030BD2320B7
S21402D400FBE700BF703214E0677D040010B58AB0F7
S21402D410ADF826200022CDE9052204920CAA02923B
S21402D4204FF6FF720446AC2101200192064A039091
S21402D43004FB0122603200924CF620010DF1260216
S21402D44009F06DFA0AB010BD404F002010B54FF635
S21402D450FF741E4A8AB0B2F86800B2F85E10A042A4
S21402D460ADF82600B2F85C304FF6FD70ADF8241029
S21402D47018D081424FF0000094BF48F660014CF687
S21402D4806001CDE90500CDE90300CDE9010094BFB6
S21402D49009AA603200920DF12602042009F03FFA32
S21402D4A00AB010BD81424FF000008CBF603209AA5C
S21402D4B000928CBF4CF6604148F66041CDE905000B
S21402D4C0CDE90300CDE90100014AE6E7404F00201E
S21402D4D0AA4F002000B50E4B0022B3F85E308BB088
S21402D4E0ADF824304FF6FF73CDE90522CDE90322CD
S21402D4F0CDE9012209AA00924FF400610DF126023D
S21402D5000720ADF8263009F00AFA0BB05DF804FBE6
S21402D510404F0020202A10B5144614D8012A04D100
S21402D5200C88B4F5004418BF0124620030B10748E5
S21402D530ECF7B0FF064B00201C7010BD0548ECF758
S21402D540A9FF054BF7E72120F7E700BF705500203B
S21402D550835C0020B0550020845C00202DE9F04753
S21402D560104617460BF046FEDFF814A1DFF81491BA
S21402D5709AF8003099F800200546134302D100209D
S21402D580BDE8F08710F4406800F0400619D186BB6B
S21402D590B0F5804F5CD24FF4807400239AF80000F6
S21402D5A0344AD9B288425DD8002399F80000324A3C
S21402D5B0D9B28842E3D932F8021B0133A142F7D12D
S21402D5C055E0F81C0BF016FE4FF6FF73984214BF98
S21402D5D00124022486B1052605F44043B3F5004F24
S21402D5E044F0080424D0B5F5804F23D244F4807466
S21402D5F020E044460326EFE7B5F5804F4FF00506D8
S21402D600F4D3B8F5406F14BF0220082030443844E3
S21402D6100BF0F0FD194B05F44045B3F85C3083423D
S21402D6200CBF44F0080444F00404B5F5004F01D1E1
S21402D63044F08004B8F5006F0ED1B8190BF0DAFD8D
S21402D6400E4BB3F85E308342A7D144F01004A4E731
S21402D650444603260220D9E7B8F5406F08BF44F0D7
S21402D66020049AE732F8021B0133A14299D1012025
S21402D67086E700BFB055002070550020404F0020BE
S21402D680845C0020835C00202DE9F04F104685B0B4
S21402D690164698460BF0AEFD5D4F00F00803B7F84D
S21402D6A05C10044600F00709F01C02930391B7F8D9
S21402D6B05EB00BF09FFD06F1050A054650460BF0DC
S21402D6C099FD03464FF6FF70854218D00399A1EBE9
S21402D6D0050CDCF1000545EB0C056D004FF6FF71FD
S21402D6E08B420ED145F004050BF092FB029B6BB108
S21402D6F0B9F1000F11D0422005B0BDE8F08F012528
S21402D700ECE79B4508BF45F00805EDE7B9F1030FC6
S21402D710F1D8DFE809F0021B795D0BF079FB08B956
S21402D720A807E8D524F00804A4B2B4F5004F05D043
S21402D730B4F5624F02D0B4F5404FDCD1002529463D
S21402D74097F8A820002007F0ECFB3CE0D7F88030E2
S21402D750E3B9002132460846FFF700FFD8B948F67B
S21402D760410224F038039BB29342C4D10A2D49D019
S21402D770062DC0D197F87730023B012BBBD8F3F7C2
S21402D78045FD0028B7D140F6040505E0414630467F
S21402D79098470028DDD00825E20648BF45F08005F8
S21402D7A0A30648BF45F4805505F00C03042BC6D1EA
S21402D7B0F01D0BF01FFD97F8A83032460093414645
S21402D7C02B4607F083FB08B30E9B1880002093E7D6
S21402D7D0A90705D14FF6FF73B7F85C209A428AD1A3
S21402D7E004F44063B3F5006F0AD0B3F5406F82D1FC
S21402D7F0082250460749EDF747F900287FF47BAF29
S21402D8000C25C9E70425C7E7432075E7192073E707
S21402D810404F0020A04F0020034B1A781AB1FF2A6F
S21402D82004BF00221A707047865C002070B5084C50
S21402D830084E2378F55C1DB13E2107480BF0FCFB31
S21402D840FF2223782846F2540023237070BD00BFBF
S21402D850855C0020865C0020BB300400034B044A33
S21402D8601B78D05CFF3818BF01207047855C00200B
S21402D870865C00200023074A07491360074A1360A4
S21402D880074A1360074A11600121074A1170074AC6
S21402D890136070476C500020A96A0300685000208D
S21402D8A064500020CC640020CE6500207450002016
S21402D8B00E2A70B50C4606461546194603D9FFF7DA
S21402D8C0D9FF502070BD012807D10020F3F7B8FC1D
S21402D8D0B0B1FFF7CFFF2120F4E780220021224BD0
S21402D8E01A70224B1960224B1B684BB134200BF086
S21402D8F0D9F8204B188018B9FFF7BCFF0120E1E7E2
S21402D90024F0FF6323F4FF231BB1FFF7B3FF4F207E
S21402D910D8E774B92046F3F7ADFC0124032510F0CE
S21402D920800F43B21BBF00F01F039C409C4044F094
S21402D93078440020104B24F078441E700F4B104998
S21402D9401D70104B1C60104B1870104B1A68F4F7C1
S21402D9501FF818B1FFF78EFF0420B3E79DF81020DA
S21402D9600B4B1A70AEE700BF875C00207050002099
S21402D97064500020F05500208C5C00208A5C002059
S21402D98075DC0200745000208B5C00206C50002076
S21402D990885C00207FB5244B00251A780123234893
S21402D9A0234903FA02F200781A440A60ADF80E50D0
S21402D9B020B3984236D11F4C1F4B20781B680DF1BE
S21402D9C00E0198471D4EBDF80E20307092B11C4BCA
S21402D9D029460093284602230195F4F713F8327875
S21402D9E0237822B1012A12BF1B230133DBB2237034
S21402D9F004B070BD013818BF0120F0E778235A43FF
S21402DA00013A0A6008220F490AF092FF0B49094AB6
S21402DA100978137821B1012912BF1B230133DBB227
S21402DA201370E5E71846E3E78A5C00208C5C00206A
S21402DA30785000208B5C0020CC640020CE6500204D
S21402DA40B1DC02009D8D0300024B1868003818BF37
S21402DA50012070476450002037B505461C460BF07F
S21402DA60D7F968B974B1084B1A60084B0A461C60AD
S21402DA700123294600930323FFF71AFF03B030BDA4
S21402DA804D20FBE72520F9E7605000206850002073
S21402DA9013B504460BF0BCF958B962B1074B1A60CD
S21402DAA001230A46009321460323FFF701FF02B033
S21402DAB010BD4D20FBE72520F9E700BF645000208B
S21402DAC02DE9F0410446DDE906861D469DF82070E4
S21402DAD00BF09EF988B99EB1A2B10B4B01201A60D9
S21402DAE00A4B0A46C3F80080094B21461E602B46A5
S21402DAF00697BDE8F041FFF7DBBE4D20BDE8F0819A
S21402DB002520FBE72120F9E7CC6400206C5000209A
S21402DB10685000200148F4F7ADBB00BFF055002066
S21402DB202DE9F0410020F3F7A1FE114B114C1E68BF
S21402DB30114B20881D68114B114FD3F8008010B18D
S21402DB403978F4F771FD00203870FFF793FEF4F78A
S21402DB50ABF90EB14046B0473DB12088A847002336
S21402DB602380BDE8F0410BF0E2BABDE8F08100BFC9
S21402DB7068500020F05500206450002074500020A9
S21402DB808D5C0020F8B52F48F4F764FE2E4B18780B
S21402DB9030BBF3F76FFB2D4F06463B6803B32C4BA7
S21402DBA02C4D1C6824B195F900301A461946A04738
S21402DBB0294B1B6883B1294C2378312B0CD8284B70
S21402DBC018880AF0FBFE23785A1C22702A78C25460
S21402DBD023785A1C2270C65480232B7000233B6085
S21402DBE0204C23781A2B22D81F4A1278012A09D1F0
S21402DBF000211E4A156825FA03F0C007DAB20ED5D0
S21402DC0001B122700020F3F735FB2178884212D149
S21402DC100022174B1A70FFF7BDFE40B9F8BD01335C
S21402DC20D8B21A284FF00101E5D90A442270BDE89D
S21402DC30F840FFF775BF0020F3F72EFB0028E7D069
S21402DC40F5E700BFD06400208C5C002070500020F6
S21402DC5060500020875C0020645000208D5C00200D
S21402DC60F05500208B5C0020CE650020745000200A
S21402DC70895C002008B50B4B187880B90221F3F7AF
S21402DC80CDFA094B1B782BB100214FF6FF720846DE
S21402DC90F3F7A6FABDE808400448FFF773BF002171
S21402DCA00846ECE78C5C0020885C0020D0640020EC
S21402DCB038B5144B0C461D78012D21D181B9084682
S21402DCC0F3F7D8FA104A05FA00F013680F4923EA68
S21402DCD00003136020462A46BDE838400AF028BEF4
S21402DCE00B4A13780133DBB2022B137004D9BDE85A
S21402DCF038400848FFF746BFFFF74CFE0028F6D12B
S21402DD0038BD00BF8C5C0020745000209D8D03003F
S21402DD10895C0020D064002038B50C4605460AF01F
S21402DD2069FEA04203D82D2103480BF085F9284648
S21402DD300AF044FE204438BDCF30040070B50646D3
S21402DD400D460AF03BFE044648B130460AF052FE43
S21402DD50A84203D8352102480BF06EF9605D70BD0B
S21402DD60CF30040070B50C46064615460AF042FE51
S21402DD70A04203D83E2104480BF05EF930460AF072
S21402DD801DFE00B1055570BDCF3004002DE9F043ED
S21402DD908FB007460C4615461E469DF85880F8F783
S21402DDA055F920B1F4F796FE08B144F400544D4BF1
S21402DDB01B7813B924F40074A4B2200509D546B919
S21402DDC0284604A9F5F750F9002846D024F4006442
S21402DDD0A4B2ADF81840ADF81A5007F055FA424B07
S21402DDE0ADF81C00B8F1000F02D01A78424501D2F5
S21402DDF093F800803D4AE105137848BF0DF12101F2
S21402DE0003F10103DBB2137058BF08A922058DF88F
S21402DE101E808DF81F3006D53368083141F8083C5D
S21402DE20736841F8043CE30407D5314A08311368A5
S21402DE3041F8083C536841F8043C0DF11808A1EB80
S21402DE4008005FFA80F9002148460AF02BFE0646D3
S21402DE5028B900200FB0BDE8F08304AEB9E70AF097
S21402DE60ADFD41464A46ECF753FC30460AF0C2FD89
S21402DE70804630460AF0A2FD0023024600934FF683
S21402DE80FF7004235FFA88F107F020F8ADF80E0061
S21402DE900028DED040F201131C421AD14FF6F77367
S21402DEA09D4216D80AF0A6FD0DF10E01044628463C
S21402DEB000F090FDBDF80E000AF09CFDE4B2A04210
S21402DEC007D9BDF80E0007F04EF8437843F0040376
S21402DED04370BDF80E003A4601210AF0BBFDBDF8BC
S21402DEE00E00B7E7BB5B00208B650020BD5B002001
S21402DEF0425C0020F0B50829D58889B028D00C29C4
S21402DF0026D0AE0424D405F040030B43424C2678B8
S21402DF1016B105F0200423432FB2002FB8BF43F0FA
S21402DF208003032920D11223AC068DF80430937A9D
S21402DF3010D48DF805300DF1060401A9621A0123EA
S21402DF4092B2F4F7DBFBB0FA80F0400909B0F0BDFC
S21402DF500B46DBE732228DF805308DF80420002EC2
S21402DF60E9D00DF11304E8E70C298DF804300ABF56
S21402DF70138953798DF80530548805BF1B0A8DF82E
S21402DF8006308DF805300DF1070318BF0DF10603B4
S21402DF901C70240A5C70148802399C70240ADC7097
S21402DFA0147901291C7111D8917A002F597131DA2E
S21402DFB0022112899971DA71120A03F109041A729E
S21402DFC0002EBAD0AB06B8D50534B6E7A9071AD4E0
S21402DFD0002F0CDA117A51B1917A59711189127A9D
S21402DFE003F1080492B102229A71D971E8E70B4C48
S21402DFF0217801F1010C84F800C091729C1D002F5B
S21402E0005971DDDAEAE7917A9C1DF8E70122090ADE
S21402E0109A71EAE79C1DD3E7BB5B0020BC5B00203D
S21402E020014B1880704700BFF2550020014B18883C
S21402E030704700BFF25500202DE9F84307460AF064
S21402E040F4FF05461B480BF067F91B4B60B31C68D0
S21402E0503C1B2C44A4B20022184BDFF868901B78B5
S21402E060174D03EB830399F8006005EB43055FFA4F
S21402E07082F846450AD9AB8805F10A00A34216D9AA
S21402E0800A23B21A29465A43ECF704FA013689F8EB
S21402E0900060AC80B8F1000F03D1394605480AF09B
S21402E0A079FD2846BDE8F8833C461D60D3E7054661
S21402E0B00132DCE7F06400207C5000208E5C0020F9
S21402E0C08A5400208F5C00201FB5154A154C137821
S21402E0D0013BDBB213706168206801AA03C2218982
S21402E0E01180114A1278D21805D00A2320465A43C4
S21402E0F0E118ECF7CFF99DF806301B070DD0BDF8F6
S21402E1000C00FFF799FF03468288ADF8082001AAA3
S21402E11003CA1288186059601A8104B010BD00BF85
S21402E1208E5C00208A5400208F5C0020002108B5F7
S21402E130084B09481970094B1970094B1A7802EBFB
S21402E14082025200ECF754F9BDE808400548F4F79D
S21402E15081BB00BF8F5C00208A5400208E5C0020AA
S21402E16095650020F0640020F8B50024084D094F9C
S21402E170094E3B783178E2B20B449A4204F101042C
S21402E18000DBF8BD2846F4F775F80A35F1E700BF5C
S21402E1908A5400208F5C00208E5C002010B5064C4E
S21402E1A0207828B1054807F00AFC10B1034B1888FE
S21402E1B010BDFFF789FFF3E78E5C00208A5400202B
S21402E1C008B50A4A0346107860B1094A1088984290
S21402E1D009D121B99378103323F00F039370FFF718
S21402E1E073FF012008BD0020FCE700BF8E5C002004
S21402E1F08A5400202DE9F74F00260AF016FFDFF8B2
S21402E200F890B24699F80070B3463A46DFF8EC80CA
S21402E2101FFA80FEB8F800C0344CAEEB0C039BB27B
S21402E22001932378324D009303EB830305EB4303FC
S21402E230ACEB0E0C5FFA86FEBE4515D3BAF1000FA4
S21402E24001D0009B2370BA422AD3002F37D00A226D
S21402E2502378C8F8000002FB03532648998803B0C7
S21402E260BDE8F04F0AF096BCB3F804E001998E457B
S21402E27012D84FF0010A009993F802E001310EF12C
S21402E280FF3EC9B2013AA3F804B083F802E0009157
S21402E290D2B20A330136CDE7E644A3F804E0F8E743
S21402E2A089F800204AB10A222378C8F8000002FB47
S21402E2B00353104899880AF06DFC237813B903B00B
S21402E2C0BDE8F08FFFF76AFF06460028F5D006F095
S21402E2D07EFD0146304607F06FFB20B100212888FC
S21402E2E0FFF76EFFE9E740F60241F8E78E5C002092
S21402E2F08A540020F06400208F5C00207C500020AE
S21402E3002DE9F04192F808801F4608F1FF33DBB290
S21402E310EF2B05460E46144688B00BD982238DF89D
S21402E3200E30314628469DF80E30204AFEF740F859
S21402E330012037E00E22002104A8ECF759F8B4F8C1
S21402E34009308DF81180ADF81230E37A03F07F02BF
S21402E350032A08D0012B24D103238DF81030A38979
S21402E360ADF815300EE0032B14BF022301238DF8FF
S21402E3701030E368CDF815302369CDF81930237DC7
S21402E3808DF81430A7F121014A420DF10E034A41DD
S21402E390009321460DF10F0304A8FDF737FC002871
S21402E3A0BFD1002008B0BDE8F08100BFDBE5030066
S21402E3B02DE9F04F00241D7895B0CDE902010492B4
S21402E3C0234622460120CDE90054404908F068FC65
S21402E3D0ADF81E00F8B1A346264627460DF12009E1
S21402E3E00DF1380AE8F7A4FF5FFA84F8404516D81C
S21402E3F03A460221BDF81E00FFF7B4FC324604215D
S21402E400BDF81E00FFF7AEFCDDE903100022BDF8E2
S21402E4101E30FDF7CDFF012015B0BDE8F08F4A464D
S21402E42040460AA9FDF7E4FB9DF8282022B12DB14B
S21402E430013DEDB20137FFB20134D3E7BBF1000F65
S21402E440F8D199E803009DF829308AE803008DF890
S21402E4504030BDF82A30032A8DF841304FEA1323A4
S21402E4608DF8423017BF032301238DF843309DF801
S21402E4702C30DDF83110DDF82D0014BF8DF84C304D
S21402E4808DF8433011AB03C302980CBF4FF00E0851
S21402E4904FF0150807F0ABFF0590BDF81E000AF016
S21402E4A0A9FA059900EB080399420BDB01234246C1
S21402E4B051460DF11E00F4F721F90028ABD10136C2
S21402E4C0F6B2B7E74FF0010BB4E700BFB230040074
S21402E4D038B505460D4B0E481C88F4F7A7F9012DF2
S21402E4E00CD10C4B1C88FA21614358B1884209D2E0
S21402E4F08408012C204638BF012038BD022D08BFF3
S21402E5000224F0E702480AF045FBF2E786540020B0
S21402E510AC40002084540020012208B5054B064872
S21402E5201A7000210AF036FBBDE808400020FFF70B
S21402E530CFBF00BFA65B0020AC4000201E4B73B5C9
S21402E5401A8802F108039BB2012B02D81B4B1B78D8
S21402E55023B902B0BDE87040F4F77CB90024184B2A
S21402E560184D1C70184B1C702B787BB14FF6FC7341
S21402E570164E0093224623462146308808F05DF95F
S21402E5804FF6FD732C70338001200FE0104B1046BF
S21402E590197807F00FFA0028F6D10C4B1A884FF6B6
S21402E5A0FD739A42F0D0012302202B7002B0BDE820
S21402E5B07040FFF78DBF00BF88540020A65B002086
S21402E5C0A95B0020A75B0020A85B002082540020E5
S21402E5D0AA5B0020012808B50AD002280CD020B970
S21402E5E0084B18700848F4F735F94FF0FF3008BDAD
S21402E5F0BDE80840FFF790BF0020BDE80840FFF7DF
S21402E60067BF00BFA65B0020AC40002002280CD8E3
S21402E61059B1064A13780133DBB21370044A1278F2
S21402E6209A4202D80220FFF7D5BF7047A85B0020A7
S21402E630AB5B002038B5A0F61343012B04460D460B
S21402E64015D80E4A13780133DBB213700C4A1278CF
S21402E6509A420CD84FF6FD720A4B00201988914256
S21402E66001BF00221D80084B1A70FFF731FF2946B2
S21402E6702046BDE8384004F0DABD00BFA95B0020A2
S21402E680AC5B002082540020A75B002000234FF6DC
S21402E690FD71054A1370054A1370054A1180054A32
S21402E6A01370054A13707047A95B0020A85B002010
S21402E6B082540020A75B0020A65B002030B5094BE1
S21402E6C002461B7833B1084B084C19780023D8B29F
S21402E6D0884201D3FF2004E0013334F823509542E8
S21402E6E0F5D130BD94650020AE5B00206254002058
S21402E6F00022FF21044B05481A70054B1970054B82
S21402E7001A789200EBF774BEAE5B002066540020C7
S21402E710AD5B002094650020F7B58DF807100DF16B
S21402E7200701044602F04CFD234B1D78002D41D014
S21402E7302046FFF7C3FF214EFF283178204B05D134
S21402E740204A107885422DD9451C1570884219D06A
S21402E7501C4A1B4D92F800C00022D7B2BC450CD909
S21402E7602F4697F803E00132864505F10405F4D1F9
S21402E77002B203EB8202D278FA7002B203EB820292
S21402E780D170307002B203EB820123F82240FF22DE
S21402E7908A709DF80720FF2A02D003EB8203987046
S21402E7A003B0F0BD0A46104603EB8202D278FF2A77
S21402E7B0F9D1CBE7FF20F3E794650020AD5B00209C
S21402E7C066540020AE5B00202DE9F843FFF776FF83
S21402E7D0FF28044669D04FF6FF72354F03B2DFF8C2
S21402E7E0DC80344E27F8232098F80050A54202D148
S21402E7F00020BDE8F883337820B28100A34207EBFD
S21402E800800090F803E010D00023294A5FFA83F9CB
S21402E8104D45944606D99CF803900133A14502F172
S21402E8200402F3D18CF803E001E086F800E0013D33
S21402E830EDB22A1BD2B2043192003944EBF72AFE1B
S21402E84088F800503378FF2B04D0A34224BF03F18C
S21402E850FF33337000214FF6FF70154BCAB2AA423F
S21402E8600CD300234FF6FF71134ADCB2AC42BBD284
S21402E870013332F823008842F7D1B5E79A78A242EC
S21402E8800BD11880DA78FF2A04D0A24224BF02F104
S21402E890FF32DA7001310433E0E7FF2AF2D0A242F7
S21402E8A024BF02F1FF329A70ECE72D20A1E700BFE9
S21402E8B066540020AD5B002062540020AE5B002050
S21402E8C0F8B51C4B05461B78084673B3FFF7F6FEF1
S21402E8D0FF28044629D02846FFF7F0FEFF2806D078
S21402E8E0154B164E1A780023D9B2914218D3FF213F
S21402E8F02846FFF711FFFF28014616D00546104F9F
S21402E90023B207EB830237F823009678FFF704FF5B
S21402E910A84208BFFF25FF2E214608D12846F8BD8B
S21402E920013316F823108142DED1FF25F6E734467E
S21402E930E6E700BF94650020AE5B0020645400202A
S21402E940665400202DE9F04180460E461F460023FD
S21402E95086B001A814469DF830508DF80330FEF7B5
S21402E960A7FCADF804802EB13368CDF80630736884
S21402E970CDF80A3038460AF021F80DF103034219A1
S21402E980214601A804F05FFC9DF8033093B9314696
S21402E9904046E8F7C1FE0E4B1B785BB10B2C09D83C
S21402E9A0FF214046FFF7B8FE064605EB4404E4B2F4
S21402E9B0A54202D106B0BDE8F0812946384608F0E5
S21402E9C012F93146FFF7A8FE02350646EDB2EFE72A
S21402E9D09465002000232DE9F3470DF107028DF818
S21402E9E0073004460E4602F0D6FB9DF80730054671
S21402E9F063B92046FFF762FE04465EB1308809F02E
S21402EA00F9FF5FFA80F8FF2C45D10025284602B0B0
S21402EA10BDE8F087B046F6E701320C2AF5D02DB2F3
S21402EA2007EB8505AD78FF2DF6D112F0FF0AECD084
S21402EA304FEA4A050235EDB2002EE7D0304605EB26
S21402EA40080108F095F80028DFD152464146308882
S21402EA50FFF788F90AF1FF3208F1010108F102090D
S21402EA603088D2B2C9B25FFA89F9FFF77BF924B2CD
S21402EA7007EB8404A478FF2CC8D023B2494637F8A3
S21402EA802320308808F0BFF80028BED109F1020919
S21402EA905FFA89F9EBE725460022014FBFE700BF80
S21402EAA06654002008B5D6F7B9FED6F7DDFB00F0AF
S21402EAB073F9D7F797FBBDE80840D6F747B938B5DC
S21402EAC0044690F844108378826CCB1A5942594116
S21402EAD0D6F7C6F9E37893B1257985B900F0F4F84C
S21402EAE00346A268218A04F11C009C1A8C4236BF97
S21402EAF052182946D11ABDE8384000F0DCB838BDB5
S21402EB0009B1D6F7FBBED6F709BF38B583880446E7
S21402EB1003B3E3780088A17804F10C05A3B10023BF
S21402EB20B1FA81F1E3704909FFF7EAFF4FF6FF7287
S21402EB30A388218993421CBF03F1FF33A380284692
S21402EB40BDE8384000F0B7B80123E370FFF7D8FFFE
S21402EB50E188F4E738BD10B5044681780088FFF7EF
S21402EB60CFFF0123E3700023A38010BD10B5817888
S21402EB700446B1FA81F100884909FFF7C1FF002374
S21402EB80E370A38010BDFFF7F1BF70B504460546DB
S21402EB9000262B4655F8040B10B11B1B0C2B00DD70
S21402EBA070BD237C8680002BF3D0637C13B1FFF705
S21402EBB0D2FFEEE7FFF7DAFFEBE7FFF7E6BF70B547
S21402EBC0044605464FF6FF762B4655F8040B10B161
S21402EBD01B1B0C2B00DD70BD8388B342F4D04FF4B0
S21402EBE0FA724FF6FF731146D6F78AF9ECE709B1C7
S21402EBF0D6F784BED6F792BE00F053B80346184640
S21402EC0013F8012B8A4201D0002AF8D1704710B5BA
S21402EC103B2104460068FFF7F1FF0022034603F893
S21402EC20012B2068236010BD10B540B1421E0A2495
S21402EC30002012F8013F303BD9B2092900D910BD95
S21402EC4004FB0030F5E708B500F028F850F80C3C55
S21402EC5023B150F8041C30F80E0C184770470846CB
S21402EC6019B1FF21103002F0BDB97047007800F0EC
S21402EC70DF03552B07D0642807D0663818BF4FF03D
S21402EC80FF30C0B27047012070470320704718B1AA
S21402EC902D280CBF012002207047704708B501F0EE
S21402ECA093FD08B500F06DF8BDE8084004F099BA87
S21402ECB050E9023018470A460830FF2102F089B9A7
S21402ECC0FF21083002F096B908B50AF00DFABDE841
S21402ECD0084008F027BF2DE9F041044600274FF010
S21402ECE00C0E8F4202DB0020BDE8F08120789042B5
S21402ECF004D1002594F80780454502DB01370C3421
S21402ED00EFE70EFB05F6D4F808C00CEB06003CF85D
S21402ED1006609E42E8D00135EEE7F0B585B00546BE
S21402ED200E461746D6F724FF0446A0B131462846BB
S21402ED30D6F7ECFE83783A46002BA3683146029358
S21402ED40A378284601934FF0000300930CBF80235C
S21402ED504023E4F77DFF05B0F0BD08B51288D6F76C
S21402ED6007FF50B10279BDF80C309A4207D8816885
S21402ED700298EBF78FFB002008BD8620FCE789206F
S21402ED80FAE7002004F0A9BA08B504F00EFB002842
S21402ED9014BF0320002008BD704708B501F0FEFF2F
S21402EDA0FFF780FED7F73AF86420DFF7A7FE642065
S21402EDB0DFF794FE01F0F4FFD5F7F6FF08F00CFB40
S21402EDC0F8E7F8B5D0E90176437B04460D4613B161
S21402EDD033463E461F46FFF777FF012D206438462E
S21402EDE00ED1D6F737F93046D6F758F9257360783C
S21402EDF04FF47F42BDE8F8404FF48171FFF78DBFB4
S21402EE00022D05D1D6F74AF93046D6F723F9EDE7B3
S21402EE10D6F744F93046D6F741F90025E6E738B585
S21402EE20037B04468B420D4607D190F844305BB311
S21402EE30BDE838404830FFF743BFFFF745FF216C77
S21402EE40431AC72B0CD80123C83184F8455084F8DE
S21402EE504430091A04F14800BDE83840FFF72BBFDA
S21402EE600DB1237B2BB929462046BDE83840FFF773
S21402EE70A8BF00212046FFF7A4FF0123C82184F87B
S21402EE80455084F84430E5E738BD90F84510FFF762
S21402EE90C6BF0121FFF7C3BF0221FFF7C0BF002193
S21402EEA0FFF7BDBF4FF60173994210B5044602D173
S21402EEB00021FFF7B4FF2046BDE81040D7F7C8B8D8
S21402EEC010B50446806BD8B1E278022A04D0636B90
S21402EED05B7972B984F83C3094F83C306BB1FFF73A
S21402EEE03AFE60784FF60272BDE810400621FFF740
S21402EEF014BFB3FA83F35B09ECE7FFF737FEF0E7DC
S21402EF0010BD10B50446406BD6F7A4F82046BDE8FF
S21402EF101040FFF7D5BF10B50446406BD6F7BEF8D3
S21402EF202046BDE81040FFF7CBBF10B50446406B45
S21402EF30D6F7DAF82046BDE81040FFF7C1BF10B595
S21402EF400446002206214078FFF7E7FEA378022B4C
S21402EF5001D0FF2B04D12046BDE81040D7F796B962
S21402EF6010BD4FF60273994210B5044601D1FFF761
S21402EF70A7FFE378022B02D02046FFF7A1FF204628
S21402EF80BDE81040D7F782B9092901D9FFF789BE33
S21402EF90704710B58278044603797AB90BB1D7F771
S21402EFA025FA2046D7F74EFA03236078A4F86C3089
S21402EFB05522BDE810401221FFF7AFBE012B01D14A
S21402EFC0D7F714FAA379012B02D12046D7F73AFADB
S21402EFD00123EAE710B58378044683B903790BB1B7
S21402EFE0D7F71AFA2046D7F771FA04236078A4F8FE
S21402EFF06C305522BDE810401221FFF78EBEB0F8E5
S21402F0006C30022B0CD00379032B01D1D7F7EEF923
S21402F010A379032B02D12046D7F714FA0023E5E79B
S21402F020D7F794FAFAE7827883685AB9DB78002B26
S21402F03014BF03230423A0F86C3055221221407813
S21402F040FFF76BBE1A7922B9DB78003B18BF0123A3
S21402F050F1E70223EFE77FB500239E6A0446B6F582
S21402F060804F0D460CD201A8D7F718FC039B5B0510
S21402F07006D529462046336C04B0BDE870401847D2
S21402F08004B070BD00239B6AB3F5804F05D21B6B9C
S21402F090B3F5804F01D29B6818474FF481707047D2
S21402F0A01FB500239A6AB2F5804F04D340F20110CE
S21402F0B005B05DF804FB126BB2F5804FF6D2012262
S21402F0C001A8CDE902338DF80420D7F7E7FB039BAE
S21402F0D0DB03EBD5029B1A0EE8D0012A03D1C3F359
S21402F0E007430A2BE2D900239B6A1B6B1B6C9847CB
S21402F0F0DEE708B50AF0B0F9B0FA80F0400908BDBC
S21402F100134610B542B103439B0707D10AF0A8F98C
S21402F110B0FA80F0400910BD0120FCE70020FAE7B3
S21402F12000230360704703680B600160704710B5E8
S21402F13038B132B129B100230139D45C14B90023A5
S21402F140037010BD8B42FAD200F8014B0133F4E78C
S21402F150034638B10020814204D01A5C02B97047D7
S21402F1600130F8E770474FF0FF31FFF7F1BF70B597
S21402F1700C461646054660B15AB151B1FFF7F3FF89
S21402F180844206D9211A32462844BDE87040FFF769
S21402F190CEBF70BDFEE7FEE700239A4200D170475D
S21402F1A010B550F8234041F8234001339A42F8D173
S21402F1B010BDD7F7D3BF4369426CD91C143AB1FBD2
S21402F1C0F2F103EBC1000330B0FBF2F002307047FD
S21402F1D038B505460C46FFF7EEFF6A6CE31D143A97
S21402F1E0B3FBF2F3013304EBC30402FB004038BD69
S21402F1F038B5054644692146FFF7EAFF6A6CE31D07
S21402F200143AB3FBF2F3013304EBC304204438BDD3
S21402F210F7B507460E4600257C6CA819644280EABC
S21402F22006031C4003D02C46204603B0F0BDFB6B01
S21402F23001225B6901A99847019B0133F4D1043589
S21402F240EAE770B505460C46D9F75EFDEB6B20463D
S21402F250BDE87040DB68184770B50025044686B0E6
S21402F2600562E369AB4202D8206A06B070BD666CDE
S21402F2702068E36B05225B6901A906FB0500984737
S21402F28001A800F023FC00F046FC10B1236A01330B
S21402F29023620135E5E738B50446456C006804F19B
S21402F2A0400305FB0101E06B00F042FC05462046E8
S21402F2B0FFF7D2FF284638BDF0B50546002687B0D0
S21402F2C0EC69013CB44203D80C46204607B0F0BDB8
S21402F2D001B14C1E6F6C2868EB6B05225B6901A9B5
S21402F2E007FB0400984701A800F0F0FB00F013FCAF
S21402F2F00028EAD121460136E2E7F0B504460D467B
S21402F300466CE36B006887B005225B6901A906FBC1
S21402F3100500984701A800F0D9FB00F0FCFB20B1DD
S21402F32001A800F0AAFB07B0F0BD29462046FFF769
S21402F330C3FF0646676C2068E36B05225B6901A97A
S21402F34007FB0600984701A800F097FB431CEAD08B
S21402F350B54238BF0130E6E72DE9F0434FF6FF79B4
S21402F360D0F8248004460E46C84514BF45460025FC
S21402F370002787B0E369BB4202D807B0BDE8F08336
S21402F380E26B2368606CD2F814C000FB05300522DD
S21402F39001A9E04701A800F099FB022806D0C8455B
S21402F3A00CD1721C29462046FFF775FFE36901352A
S21402F3B0B5FBF3F2013703FB1255DBE7294620467D
S21402F3C0FFF79BFFB0F1FF3F14BF02463246013201
S21402F3D0E8E70368F0B5CC1A436C0646B4FBF3F4D0
S21402F3E0002587B0F36937685A1E9542706C08D3B9
S21402F3F0706C336800FB043007B0BDE8F04000F0E4
S21402F40095BB0134B4FBF3F203FB1244F36B052203
S21402F4105B6901A900FB0470984701A800F056FB3F
S21402F42000F079FB0028E3D10135DBE710B423F0C6
S21402F430030422449B070A44436C18BF04325B420F
S21402F44081EA0204234203D05DF8044BFFF7C1BFF2
S21402F45010465DF8044B70472DE9F041D0E90A36B4
S21402F4609E42044686B028D11422C369456802FB30
S21402F4701355284606B0BDE8F0812068676C331A3B
S21402F480B3FBF7F3E26B07FB0300D2F8148001A983
S21402F4900522C04701A800F019FB012804D0636CBE
S21402F4A01D44013B3340ED1A31462046FFF791FFDB
S21402F4B00646A36AB342E0D1DBE70025F9E708B5C2
S21402F4C008301346D1E90012D9F7A4FB012008BD83
S21402F4D013B50C4600212176009361681346224636
S21402F4E0D7F792FF18B1E37D03B1A07EA075A07D89
S21402F4F002B010BD73B5164600F108050C46284644
S21402F50009680DF1070200F098F9032E06D1636828
S21402F510834203D12846216800F076F9012002B022
S21402F52070BDD01E009B42424241187E824211D1DB
S21402F5301A688A420ED85A688A420BD35A6901322E
S21402F5405A61D3E9030282423FBF986840F822100C
S21402F55001321A610120704710B5032A029C07D1B6
S21402F560A26A5340626C5242134201D100F04CF937
S21402F570012010BD08B5C36800209847BDE80840C2
S21402F580D9F7CABB012814BF0420022070B5002494
S21402F59042431C70CC7D101D02F002024CB91AB117
S21402F5A0012220F003001A7000F10803486818448C
S21402F5B070BD1AB1012220F003001A7000230C7EDF
S21402F5C001F12005DAB2A24201D30020F0E735F8B5
S21402F5D033205E1C824206D901EBC30300F1080207
S21402F5E0D8691044E4E73346801AEBE773B505465C
S21402F5F090F842601C4630460DF10303FFF7C2FF47
S21402F600EB6B012E5B690DD1324601A998479DF836
S21402F610033013B1BDF806300193BDF80430236001
S21402F62002B070BD0122214602B0BDE87040184704
S21402F630F0B5054600244868EB6B87B00E460122FB
S21402F6405B69029402A908309847274695F842302B
S21402F650012B40F0AC80632C00F2AB80612C08D802
S21402F66005AB224631462846FFF7C0FF9DF8143008
S21402F6705BB305AB2246314628468DF81070FFF77D
S21402F680B5FF95F84230012B059B7FD14FF6FF72EE
S21402F690934256D0082205A904A800F063FA059BF7
S21402F6A09DF81010C3F3072291424AD1DBB2029AA8
S21402F6B01A44029245E0DCD005AB22463146284683
S21402F6C0FFF794FFBDF81430D2E795F84230012BCD
S21402F6D039D1612C2ED822463146284603ABFFF795
S21402F6E085FF3146284604AB621CFFF77FFF314692
S21402F6F0284605ABA21CFFF779FF102208230DEB64
S21402F70002010DF107008DF8073000F02BFA1022E7
S21402F71005A90DF1070000F025FA039BDAB24AB9F3
S21402F7209DF80720B2EB132F04D1DDE9043203EB78
S21402F7300243029395F84230012B14BF01230223A1
S21402F7401C44013482E7302CF4D82246314628463F
S21402F75003ABFFF74BFF3146284604AB621CFFF7AC
S21402F76045FF102320220DEB03010DF107008DF853
S21402F770073000F0F7F9039B9AB2002ADAD19DF817
S21402F7800720B2EB134FD5D1049BD2E70133D8D072
S21402F790102205A90DEB020000F0E4F9059B9DF886
S21402F7A01010C3F307429142CBD19BB27FE7312CB4
S21402F7B081D9029807B0F0BD13B500240194049CC9
S21402F7C00094D8F7FDFA02B010BD13B501240194D7
S21402F7D0049C0094D8F7F4FA02B010BD00234FF050
S21402F7E0FF3230B544689C4202D10023037230BD1A
S21402F7F0016801EBC30541F833206A600133F2E782
S21402F800C0E90012FFF7EABF0023F0B545689D4243
S21402F81010D00468DF0054F8332004EBC306B2F1BC
S21402F820FF3F08D0C2F31302914204D14FF0FF33D8
S21402F830E3517360F0BD0133E9E70023F0B5456894
S21402F8409D4202D14FF0FF300EE00468DE0054F80D
S21402F8503340671C09D0C4F31307B94205D1240DFF
S21402F8601470036833445868F0BD0133E8E7704704
S21402F87070B59400224605460E4609F0F1FD431C7B
S21402F8800AD058B9224631462846EBF7FDF800283A
S21402F89014BF3D20002070BD6E20FCE77120FAE701
S21402F8A013B5044601A8DAF731F89DF8063023802E
S21402F8B04FF480736380DAF737F86060002002B096
S21402F8C010BDD9F7A7BF08B5D9F798FF002008BD25
S21402F8D010B5044644EA010313F00303084609D1AF
S21402F8E0934201D1002010BD54F8231040F8231093
S21402F8F00133F5E721469200EAF70AFFF2E710B570
S21402F900044609F0A9FD431C10D088B9DAF70CF8B2
S21402F910234620F003002044984201D1002010BD67
S21402F92053F8042B0132F7D03E20F8E76E20F6E7B4
S21402F9307120F4E7704713B50023044601461B22E4
S21402F9400DF107008DF8073000F00CF922689DF8DB
S21402F9500730B3EBD26F0CBF0120002002B010BDFF
S21402F96013B500230446014620220DF107008DF848
S21402F970073000F0F7F80DF107001A22211D00F0FB
S21402F980F1F862689DF80730B3EB926F0CBF012066
S21402F990002002B010BD0068431C58425841704710
S21402F9A0006810F07E0F0CBFC0F3C16000207047E5
S21402F9B00068C0F3D3107047006800F07F0001288B
S21402F9C08CBF002001207047036813F07E0F14BF1F
S21402F9D0042008207047036813F07E0F03D14068A6
S21402F9E020F07C40704713F078001CBF03F07F03C2
S21402F9F0D81F7047006800F07F007047032809D0C0
S21402FA00022803D1C1F10201C8B2704700290CBF17
S21402FA1007200020704737B5054601F10C044369FC
S21402FA206946012220469847BDF80030012201931C
S21402FA302046AB6901A9984703B030BD37B501F13E
S21402FA400C044369012269460546204698474FF64C
S21402FA50FF72009B99B291420DD16FF30F0343F4EC
S21402FA60254343F0A503019301222046AB6901A971
S21402FA70984703B030BD0020FBE737B504460025A3
S21402FA801B22011D0DF107008DF8075000F06AF8E1
S21402FA9060689DF80720B2EBD06F03D120F0784063
S21402FAA003B030BD0DF107001B2204F108018DF8EA
S21402FAB0075000F057F8A0689DF80730B3EBD06FF8
S21402FAC001D1C043EAE74FF0FF30E9E74BF29A2252
S21402FAD0036810B5B2EB134F044613D19BB2012B49
S21402FAE013D1FFF7CAFF01300CD04FF6FF72E06861
S21402FAF0B2EB104F4FEA104309D180B2C01A18BFBA
S21402FB00012010BD2368013303D00420F9E7022048
S21402FB10F7E70320F5E701288CBF00200120704795
S21402FB20033801288CBF002001207047143070472C
S21402FB302DE9F04105469846036908460E461746E3
S21402FB409847044638B943463A4631462846D9F7D6
S21402FB5053F9044618B131462846FFF75CFF2046A3
S21402FB60BDE8F0811F2A0B689EBF4FF0FF3191401F
S21402FB708B43590801F055315B1A03F033319B0869
S21402FB8003F033330B44017803EB13130A444FF0AC
S21402FB90013103F00F334B43A2EB1362027070473E
S21402FBA008B507F0C1FABDE808400021D9F72EBA19
S21402FBB002210320D9F728BC704770477047704768
S21402FBC04FF050234FF400321A6770474FF0B0439D
S21402FBD05A6812B19A6A002AFAD1704770B5054679
S21402FBE014460E4609F029F92B685C4034405C4006
S21402FBF02C60BDE8704009F01BB9012241780378F9
S21402FC008A4030214B4342F2100103F1A04303F530
S21402FC1070335A50704721FA00F2D20730B50346C5
S21402FC2000F0FC040FD500220132D2B2042A02D11F
S21402FC304FF0FF3008E0831803F00303234421FA51
S21402FC4003F5ED07F0D4184630BD002070470020BB
S21402FC50704700207047002070470120704701203F
S21402FC6070470F207047EBF729BC002307B5CDE994
S21402FC700033012369464FF0FF308DF8023004F05E
S21402FC805BFB03B05DF804FB0020704710B508B9B3
S21402FC90212010BD0029FBD0036813F0704205D165
S21402FCA0C3F30E030B607BB10020F2E703F050446F
S21402FCB0B4F1004F05D0B2F1304F02D0B2F1404F4E
S21402FCC0E6D103F07F03EDE74368002BE0D00B603C
S21402FCD0EAE737B50C46054610B9212003B030BD19
S21402FCE00029FAD0002301A90193FFF7CFFF0028CD
S21402FCF0F4D12968019A11F0704102F1030222F050
S21402FD00030201D12260E9E7AD68B1F1004FC5F305
S21402FD108033C5F3403504D103EB450353432360D8
S21402FD20DCE7B1F1204F01D12B44F7E7B1F1304FB8
S21402FD30FAD0B1F1404FF7D0CFE737B50C460546BB
S21402FD40002800F08780002900F0848000230B60E2
S21402FD50036803F070430B60C26822B1032A79D1AC
S21402FD6043F080630B60AB689A0149D403F080735A
S21402FD70EA680AB9002B6DD1226822F0407213435A
S21402FD802360EA68032A05D12A69F62A62D962F351
S21402FD9017432360AB681B0442BF236843F4004347
S21402FDA02360EB68032B1FBF23682A6862F30E03E7
S21402FDB023602B68AA68002B2ADB12F4C84F49D1AD
S21402FDC02B6803F0704303F10043B3F1804F05D272
S21402FDD0530542BF236843F480632360002328460A
S21402FDE001A90193FFF752FF40B92B6813F0704246
S21402FDF01FD12368019A62F30E03236003B030BD5D
S21402FE0003F04073B3F1407F18BF4FF00073AFE7C3
S21402FE10500402F4005105D4E1B1236843F40053C0
S21402FE202360CDE7236843F4804323600029C7D0CC
S21402FE30F3E703F05043B3F1004F05D0B2F1304F71
S21402FE4002D0B2F1404F05D1019B5A1E236862F3DD
S21402FE500603D2E72120D1E738B131B101234B6046
S21402FE604FF0005300208B6070472120704737B553
S21402FE700C46054608B9212016E00029FBD00123CE
S21402FE804B60C368A3B901A90193FFF722FF58B9D3
S21402FE90019B6A699A4209D32A69002AEBD022603A
S21402FEA043F000530020A36003B030BD1D20FBE7E3
S21402FEB0032BE0D10023F5E7436813B9416070478E
S21402FEC05B685A68012AFBD159607047FFF7DCBEAF
S21402FED008B5FFF7D9FE002814BF6FF09200002085
S21402FEE008BD1346428870B50732072A0C464FEA09
S21402FEF0D20101D0A14222D14668058820221846A6
S21402FF000021EAF775FA360A0346DEB9BCB141F2B9
S21402FF100102954205D0B5F5885F02D0B5F5905F2F
S21402FF2002D100205C6070BDB5F5105F0DD1182CB3
S21402FF3003D0202C01D0102C01D11C60F1E76FF009
S21402FF408600F0E76FF08B00EDE76FF08500EAE7DA
S21402FF50F0B51C46436806461B0A0F46154689B08E
S21402FF6035D122462946FFF7BCFF68B9EB1C23F0C1
S21402FF700303C4E90307636145B920220021204632
S21402FF80EAF736FA6FF0860009B0F0BD0146202285
S21402FF906846EAF72DFA6A4629463046FFF7A1FF79
S21402FFA00028EAD12368009A9A42E6D16368019A49
S21402FFB09A42E2D1A368029A9A42DED1A369069ACD
S21402FFC09A42DAD1E369079A9A42DDD0D5E76FF012
S21402FFD08B00D9E7D9F7E2BFDAF7FCB87047002002
S21402FFE0704700207047C3681944836853F821009D
S21402FFF030F8023B13607047012310B580F8883052
S2140300000378044653B100F061FA21462046DAF736
S214030010D3F92046BDE8104000F04DBA10BD38B500
S2140300200D460446DAF7B0F96B682046C4F8B032DA
S214030030A96800F096F94FF0FF332046C4F8B432AF
S214030040FFF7CDFF38BDD0F8B43210B50133044600
S21403005001D0002010BD00F0BCFAC4F8B402013091
S214030060F7D194F8B80280F00100F3E708B5DAF7A1
S214030070C7F908BD0A7801382D2A0ABF01220022D3
S2140300808918DAF719BA07281BD8DFE800F0060A3A
S2140300900D10131504170120704700220820DAF705
S2140300A00BBA00221020FAE700222020F7E70820E8
S2140300B0FFF7E0BF1020FBE72020F9E70846DAF752
S2140300C05DBA002070472DE9F74307280C46DDE9A3
S2140300D00A7690461D4608D8013806280AD8DFE86F
S2140300E000F01D27303A44574A00212850D003B069
S2140300F0BDE8F083002220461146EAF745F9336847
S214030100C0B205EB83013A6845F82300013348F88B
S214030110221033603B6801333B60E8E70022204649
S2140301201146EAF731F9336880B205EB8301EAE753
S214030130002220461146EAF727F9336805EB8301C8
S214030140E1E7002220461146EAF7CCFA336840B2CC
S21403015005EB8301D7E7002220461146EAF7C2FAE9
S214030160336800B205EB8301CDE700222046114633
S214030170EAF7B8FAE1E7002389461E461D468DF8DE
S214030180063019F8013F7D2B06D125702D0A6570C0
S2140301903B6848F82340BDE7202BF2D006F0010267
S2140301A0013612B98DF80430EBE71022002101A8BE
S2140301B08DF80530EAF796FA631901359870ADB2F3
S2140301C0DFE72DE9F04F9B46002385B08B4581463C
S2140301D088469246CDE902336BDC1A461E4619F86A
S2140301E00340212C09D81F2C04D8103C072C98BF99
S2140301F0012200E001260133F1E7FF2CFBD15B442B
S21403020036B1013B43450ADD2B2005B0BDE8F08F30
S21403021062B1013B4345F7DC3546374602E000252D
S2140302202F462E46454504DB0020EEE79845F3D0DF
S214030230EAE75D453BDB19F80730202B18D109EBBD
S21403024007035B78FF2BDFD1CEB920465AF825107B
S214030250FFF719FF78B303AB019302AB0093204675
S214030260DDE90E235AF82510FFF72DFF0135D9E7F0
S214030270212B0ED109EB07035B78FF2BC4D1029B1E
S2140302805AF825200E99012641F8232001330293BC
S214030290ECE7A3F11004072C02D91C460137D3E779
S2140302A009EB07035B78FF2BAED1E4B2CCE7062459
S2140302B0CAE72120A9E72620A7E72DE9F04F07463E
S2140302C00E4615469846044685B0DDF84490DDE9AB
S2140302D00FAB206808B3DAF80020D8F800108A427B
S2140302E01BDA0E9B53F82210D6F76CFE48BBDAF8DF
S2140302F000200132CAF800206268117BFE291BD158
S2140303000E9B1068012100932A464346CDE902B9A5
S214030310CDF804A0FFF7D1FF04462B7843B999F82C
S21403032000302BB97EB101233C4689F800302B7090
S214030330204605B0BDE8F08F01238BF800302B7004
S214030340EBE70C34C5E73446F2E710B504462368FA
S21403035003B910BD237A13B92046DAF745F90C34EE
S214030360F5E710B541B10A7932B901249C300C7116
S214030370FEF7D9FE204610BD0020FCE72DE9F0412C
S214030380BAB005460AAA084603A900F05FF9044670
S214030390B0B90DF10A0301930DF10B038DF80A00B2
S2140303A000930AAA284604AB03A9DAF7CDFA9DF808
S2140303B00A20B2B19DF80B2048B12AB1DAF714F936
S2140303C020463AB0BDE8F081FFF7BFFFF8E7D5F85F
S2140303D09C50002DF4D0A86808B1FFF7B6FF2D682F
S2140303E0F7E700B346681AAB06F10C082AAF019389
S2140303F04046049B039900970AAAFFF7E2FE0446C9
S2140304000028DDD1039B05A8CDE90637049B059597
S214030410CDE90838DBF760FD05A83368984705A8DB
S21403042000F03FFDCCE72D24CAE710B50446AC30F8
S214030430E9F7DAFE04F1AB031A180020934200D161
S21403044010BD13F8011F0029FAD00A2908BF01308E
S214030450F4E70023F0B50B6013600646D0F8AC0251
S21403046078B196F8AC0060B1012406F1AC07D6F873
S214030470AC02844210D306F1AC00B3F5007F10D370
S2140304800120F0BD0D6801350D6015680135156056
S214030490F85C01330A2802D0B3F5007FF2D30134A7
S2140304A0E5E7C15C0A29EBD00029E9D011680133DE
S2140304B001311160E1E710B50021D0F88C20044625
S2140304C0E9F796FF0023C4E9243310BD73B5044649
S2140304D000F1AC0580212046FEF73AFE4FF400718A
S2140304E006462846FEF734FE0136C0F500708642FF
S2140304F020461FD8E9F778FE06462846E9F774FE35
S21403050001362946421CA819E9F7C4FF2046E9F735
S2140305106BFE214602462846EAF7FAF82046E9F734
S21403052063FE0A23204480F8AC300023C4F8AC32C0
S21403053002B070BDFFF779FF01AAC4F8AC026946A2
S2140305402046FFF786FF0022009B234483F8AC2057
S214030550C0E773B50D460446FFF767FF6B1C19D15A
S214030560D4F8AC3213B1013BC4F8AC3200252046B4
S214030570E9F73AFEA84215D82046FFF79CFFD4F8C1
S214030580AC322BB16946204601AAFFF762FFA0B939
S21403059002B070BD012DFBD1D4F8AC328342F7D242
S2140305A00133E1E7082000F023F8202000F020F8CC
S2140305B0082000F01DF80135D9E7009D04F1AC06CC
S2140305C0019BAB42E4D9715D2046DAF7EBFA0135BD
S2140305D0F6E707B500200DF1070100F0E7F820B9AC
S2140305E09DF8070003B05DF804FB4FF0FF30F9E712
S2140305F010B5C1B20446002000F0C8F800280CBFAE
S21403060020464FF0FF3010BD0FB407B504AA52F8CA
S214030610041B00200192DAF761FC002003B05DF8AA
S21403062004EB04B0704710B54C1C0B460119045D6F
S214030630222C03D07B2C01D05C2C05D1D21A184473
S214030640E9F728FF012010BD0020FCE72DE9F0475D
S214030650054691468846E9F7C7FD2A4606461346E9
S214030660197801322029FAD0C9F800305C1B01231F
S2140306706FF0404AC8F80030A64201D8002014E0C4
S2140306802F5D29197B2F12D0222F2ED1D8F80030B8
S214030690621C53442A4449F82320012C09D911F833
S2140306A0013C13F0DF0F04D02120BDE8F0877D273F
S2140306B0F3E701342B5DBB4209D12B195B7813F0AA
S2140306C0DF03F1D1222F00D12B550134D4E75C2B65
S2140306D007D1324621462846FFF7A5FF0028E3D078
S2140306E0013E0134A642E5D8DEE75C2F08D1324648
S2140306F021462846FFF797FF0028D5D0013EE4E7BA
S214030700202FE2D10022631CB3420A70DDD2EA181E
S214030710EB5C202BD9D0D8F800300F2B05DC49F83A
S21403072023200133C8F80030CFE71E20BDE700F0D2
S21403073000B800207047D6F733BC70B50C46154694
S21403074010B9DAF7BFFB38B143682BB12A46214606
S214030750BDE8704000681847232070BDF7B50D4606
S21403076016461C4638B9DAF7ADFB04B901AC20B916
S214030770232003B0F0BD03B901ACC768002FF7D040
S2140307802346324629460068B847F2E707B50122F2
S2140307908DF807100DF10701FFF7CFFF03B05DF8E3
S2140307A004FB0B4601461846FFF7F0BF0023012261
S2140307B0FFF7D4BF08B508F038FCFA23B0FBF3F014
S2140307C080B208BD0420704740F20160DAF770BCBF
S2140307D07047012070470020704749BA89B280EA03
S2140307E00103C3F303125340180380B258405B015E
S2140307F003F4FF535840704708B5DBF725F858B1A4
S214030800A0F15903042B06D8042B04D8DFE803F021
S2140308100404040304005C2008BDDBF76DB97047CD
S214030820F8B50C468D18073552421540A5F1080752
S2140308300646384600F0DFF9A188381B628801EBCC
S214030840E00189B2A2EBE00225F8041C25F8062C89
S214030850A288C310AAB1A4EBC202B2F802C0D18028
S21403086003EB0C015180E28892B1D31A9BB204EBDE
S214030870C20425F8023CA380B3680344B360384639
S214030880F8BD15F8082C42F0020205F8082CEAE732
S21403089025F8022CF0E72DE9F04F4FF0000887B05B
S2140308A09946531C109B0546174614BF1446082446
S2140308B0CDF81480002B00F0C580C3F80080002913
S2140308C000F0C28042688A4240F2BE80073121F0BF
S2140308D0070608F0BFFA05AACDE9008282463A4623
S2140308E04B463146284600F08AF9059F834607B1F2
S2140308F030B9504608F0A9FA192007B0BDE8F08FC2
S214030900B7F8028029694FEAC802C0EBC808013964
S214030910B8F1270F29617AD9B9F1000F51D1864270
S21403092006F1080848D0224639462846FFF778FFDE
S21403093004460590059B9844404600F05CF90599EB
S21403094006F10F004A88C308A2EBD002A8F80220DB
S214030950CA88A8F80430002A30D0D31A9BB201EB19
S214030960C202A8F8063093808B88F608A380B8F8EE
S21403097004303A46E380414600232846668000F06A
S214030980A6F9AB680833AB60237843F00103237002
S2140309902B6901332B616288AB68504603EBC203B5
S2140309A0EA68AB60934288BFEB6008F04EFA109B90
S2140309B0083400201C60A0E73C46BBE7A8F80620E6
S2140309C0D2E707EB08042046039200F014F90BF174
S2140309D00703DB080599638008F10703DB08A38098
S2140309E0CB8893B1DB00039AD81D821A5A44C2F30C
S2140309F0CF020B44E2809A80A38808F1FF384FEABF
S214030A00D808A1F80280CB80BBE7E380F4E7B9F10E
S214030A10010F1BD107F10803B3FBF4F204FB1233F7
S214030A20B3B1224639462846FFF7FAFE0446237832
S214030A303A4643F00103237021460123284600F07B
S214030A4046F9A8E7222058E7212056E78642E8D150
S214030A503C46ECE707B500224FF0FF3101AB0192AD
S214030A60DAF7AAFC019803B05DF804FB2DE9F74F0B
S214030A7004460D46002900F0AB80D0E9056808F06F
S214030A80E9F915F8087C35F8061CFB07009000D535
S214030A9031B9009808F0D9F9012003B0BDE8F08F0A
S214030AA0A368D4F8109035F804ECA3EBC10B09F156
S214030AB00103A5F1080C4A1CC4F808B02361BEF173
S214030AC0000F7BD0ACEBCE03D888B3F802A001901E
S214030AD0187807F00207C00765D4002F64D1019881
S214030AE0A0EB0A07012F69D18A1CABF10807524411
S214030AF0C4F81090A76035F802ECBEF1000F61D081
S214030B00D4E900700CEBCE0A07EB0009CA4559D2AC
S214030B101CF83EC057461CF0010C15D1AEEB010184
S214030B20012911D1BAF80210AAF802C001310A4409
S214030B30BAF80610002943D00AEBC1072169013928
S214030B402161A1680839A16015F8081C013A21F053
S214030B50010105F8081C002125F8061C5A801A789E
S214030B6061F300021A707FB3C3F107023A44C2F37B
S214030B70CF02DA80BA804EB3B34227D37288002AF4
S214030B8008BF1E46B8F1000F06D0434504D8B8F890
S214030B900220002A18BF43460098C4E9056308F0FC
S214030BA054F9002079E74FB115F8087C724427F012
S214030BB0020705F8087C00279F809CE763469AE7B0
S214030BC00F46BBE70027BFE7DF80D4E71E46D9E71B
S214030BD0222062E710B50446DAF706FC2146BDE894
S214030BE01040FFF743BFFFF7F5BF0846FFF732BFD6
S214030BF00846FFF7F8BF0023036043607047F0B56D
S214030C00D0E90554561C08BF0822002B4FF00000FD
S214030C1008BF2C46DDF818C0CCF80000002C37D0EF
S214030C209DF814706588FF0007EBC505C2F1000E3A
S214030C302078C00708D51BBBE088A0B104EBC0042E
S214030C40658807EBC505F3E78D42F4D363B904F172
S214030C500806B6FBF2F002FB106670180EB1A84247
S214030C60EAD8CCF80040F0BD082A0FD060880130DF
S214030C7004EBC000461A06EA0E06801B8542F0D235
S214030C80A0880028EFD0A4EBC004D9E70846E8E71D
S214030C902046E8E703460069C0B10AB951B91A68A5
S214030CA010460378DB0711D531B9C3885BB100EB77
S214030CB0C300F6E79A69F3E7012904D1838823B1D1
S214030CC0A0EBC300EDE700207047184670472DE9F8
S214030CD0F041D0E90554074688461646ABB195421F
S214030CE000D00ABB424600213846FFF7D3FFB44282
S214030CF0054600D02EB9424601213846FFF7CAFF03
S214030D000446C7E90554BDE8F081954208D08D42F4
S214030D1028BF0D46B44205D0444538BF4446F0E7E5
S214030D200D46F7E74446ECE79442EAD1E3E770B5AD
S214030D3000261C46C3E90001C3E90266C3E90500B1
S214030D401E611A775E62FFF756FF23690139C908E9
S214030D50013341802361A36830460833A360E36808
S214030D600833E36070BD002307B5684600938DF82B
S214030D700430D8F739FD03B05DF804FB10B508F06E
S214030D805CF8044606F062FA2046BDE8104008F018
S214030D904FB870474FF4C870DAF786BBDAF738BC3B
S214030DA000F01CB87047704708B503F004F903F069
S214030DB00CF903F013F903F022F9BDE8084003F039
S214030DC031B9704708B503F0F1F803F0F0F803F013
S214030DD0EFF803F0EFF8FFF7F4FF08BD08B503F0EC
S214030DE022F903F021F903F021F9BDE8084003F0E6
S214030DF024B97047012070472DE9F34112F001052D
S214030E000446884622D110F0030525D12F46520802
S214030E10BA4209D1D8F7F2FC0026B74204EB8600A3
S214030E2008D1D8F7F7FC11E054F8273001330CD17A
S214030E300137EDE7042258F826300DEB0201019343
S214030E4008F00EFB30B1D8F7E5FC3D25284602B086
S214030E50BDE8F0810136E0E70125F7E77047B0F11A
S214030E60006F0FD300F07843B3F1006F0CD000F09F
S214030E706040B0F1404F09D0B0F1604F14BF04207A
S214030E8003207047002070470120704702207047F8
S214030E90002070471AB111B180B2DAF72DBE2120B7
S214030EA0704701F059BEE3F751BFFFF78DBCD0E999
S214030EB0023253F8223000211878E3F799BB7047C3
S214030EC002F08FB901F0DDBDC3688268013BDBB277
S214030ED052F823305B78652B02D10020E5F7D8BEA5
S214030EE06E2B01D10120F9E7662B01D10220F5E72D
S214030EF0704710B5D0E90232044653F8223018780A
S214030F0002F049FAE368A268013352F82330BDE8D9
S214030F101040187802F03DBA10B50446C0B2DBF7AD
S214030F20B9FF200ABDE81040DBF7B4BFD0E90232B0
S214030F3053F822301878DCF7B5B802F0E4B9E4F7D2
S214030F40A5BB08B501F0BBFEBDE80840E5F78EBDBE
S214030F50D0E9023253F82230186801F0AEBE002002
S214030F60E5F78ABE0120E5F787BE0221DCF730B835
S214030F700321DCF72DB80521DCF72AB808B50146AE
S214030F800C20DCF701F8BDE80840DBF78FBF08B597
S214030F9001460020DBF7F8FFBDE80840DBF786BF15
S214030FA007B5C2688368043253F8223001211B88D0
S214030FB00DF10602ADF806300023DCF78DFD03B015
S214030FC05DF804FB08B508F044F8BDE80840F2F7FE
S214030FD00BB810B51446DDF79BF82146BDE8104064
S214030FE007F0D8BD08B5DDF793F8BDE80840002143
S214030FF007F0D0BD08B5DDF78BF8BDE80840F1F77C
S21403100029BC08B5DDF784F8BDE8084008F084B9C4
S21403101008B5DDF77DF8BDE80840F1F707BC704773
S214031020704708B508F015F8FFF7FAFF03F068F8FD
S214031030BDE80840DDF7B8B87047012070470120C7
S214031040704708B5DDF74CF900280CBF04200120D3
S21403105008BD70472DE9F34104460D4616461F4664
S214031060DDF8208008F08DF83B46324629462046B8
S214031070CDF8008003F046F83B4632462946204624
S214031080CDF80080FFF7E5FF02B0BDE8F04101F0C0
S21403109063BD2DE9FF4704460D4616461F46BDF8B9
S2140310A030809DF83490DDF838A008F06AF83B46A7
S2140310B0324629462046CDE9019ACDF8008000F055
S2140310C0FEFF04B0BDE8F04701F046BD704708B523
S2140310D008F057F803F019F8FFF7F8FFBDE80840E3
S2140310E001F03ABD012070472DE9F74304460D464B
S2140310F016461F469DF8289008F043F83B463246AE
S21403110029462046CDF80090FFF7ECFF80463B4685
S214031110324629462046CDF8009002F0F7FF01F04C
S2140311201BFD404603B0BDE8F083012070472DE960
S214031130F74304460D4616461F469DF8289008F0CA
S21403114020F83B46324629462046CDF80090FFF766
S214031150ECFF80463B46324629462046CDF80090B3
S21403116002F0D5FF01F0F8FC404603B0BDE8F0837B
S214031170F8B504460D4616461F4608F002F83B46E9
S21403118032462946204602F0C3FFBDE8F84001F088
S214031190E3BC00207047F8B504460D46164607F034
S2140311A0F0FF324629462046FFF7F3FF074632464E
S2140311B02946204602F0ADFF01F0CEFC3846F8BDC6
S2140311C038B504460D4607F0DCFF2946204602F0F4
S2140311D0A1FFBDE8384001F0BFBC704710B5044618
S2140311E007F0CFFF204602F096FF2046FFF7F5FFF5
S2140311F0BDE8104001F0B0BC704738B504460D4654
S21403120007F0BFFF2946204602F097FF29462046EF
S214031210FFF7F2FFBDE8384001F09EBC704770B59B
S21403122004460D46164607F0ACFF324629462046CE
S21403123002F085FF324629462046FFF7EFFFBDE85A
S214031240704001F089BC704738B504460D4607F078
S21403125098FF2946204602F074FF29462046FFF7EA
S214031260F2FFBDE8384001F077BC704738B5054655
S21403127007F087FF284600F0EFFE0446014628469F
S21403128001F0ADFF01F068FC204638BD38B50446D2
S2140312900D4602F058FF29462046FFF7E6FF38BD05
S2140312A0704738B5054607F06CFF2846E3F7FAFCA7
S2140312B004460146284601F090FF01F04DFC204607
S2140312C038BD38B504460D4602F03EFF2946204693
S2140312D0FFF7E6FF38BD704710B5044607F051FF29
S2140312E0204602F032FF2046FFF7F5FFBDE8104028
S2140312F001F032BC704738B504460D4607F041FF8F
S2140313002946204602F023FF29462046FFF7F2FF30
S214031310BDE8384001F020BC704770B504460D4662
S214031320164607F02EFF32462946204602F010FFE7
S214031330324629462046FFF7EFFFBDE8704001F02E
S2140313400BBC704738B504460D4607F01AFF29460E
S214031350204602F0FEFE29462046FFF7F2FFBDE8D0
S214031360384001F0F9BB704738B504460D4607F020
S21403137008FF2946204602F0EDFE29462046FFF7E1
S214031380F2FFBDE8384001F0E7BB704710B50446EE
S21403139007F0F7FE204602F0DEFE2046FFF7F5FFD5
S2140313A0BDE8104001F0D8BB704710B5044607F0FF
S2140313B0E8FE204602F0D0FE2046FFF7F5FFBDE824
S2140313C0104001F0C9BB7047704770B504460D4620
S2140313D0164607F0D6FE32462946204602F0BFFEE2
S2140313E0324629462046FFF7EFFFBDE8704001F07E
S2140313F0B3BB704710B5044607F0C3FE204602F0A1
S214031400AFFE2046FFF7F5FFBDE8104001F0A4BB92
S214031410704738B504460D4607F0B3FE2946204606
S21403142002F09FFE29462046FFF7F2FFBDE838404C
S21403143001F092BB704770B504460D46164607F09A
S214031440A0FE32462946204602F08DFE3246294645
S2140314502046FFF7EFFFBDE8704001F07DBB704705
S2140314602DE9F34104460D4616461F46DDF8208057
S21403147007F087FE3B46324629462046CDF80080D5
S21403148002F072FE3B46324629462046CDF80080DF
S214031490FFF7E5FF02B0BDE8F04101F05DBB0E20AB
S2140314A070470E20704738B5044607F06AFE20469C
S2140314B0FFF7F7FF0546204602F057FE2046FFF7E4
S2140314C0EEFF01F049FB284638BD00207047002098
S2140314D0704738B5044607F054FE2046FFF7F7FF7B
S2140314E00546204602F042FE2046FFF7EEFF01F0D7
S2140314F033FB284638BD704708B507F042FE02F0B6
S21403150036FEFFF7F8FFBDE8084001F025BB0020D4
S21403151070477047704708B5DCF7B4FF00280CBF68
S2140315200420012008BD70470B68DA7B1AB9DB7C00
S2140315300BB9DCF7CBBF8120704708B5DCF7DEFFBD
S214031540BDE80840DCF7E8BF7047DCF7D7BFDCF739
S214031550E3BF082808D84FF48B73C34013F0010F7A
S2140315600CBF212000207047212070470121DDF7A2
S214031570C5B80221DDF7C2B80421DDF7BFB80821DC
S214031580DDF7BCB81021DDF7B9B808B500F026F8CA
S21403159008B1002008BDDDF701F90028F9D1DDF711
S2140315A00FF90120F6E7152808B503D1BDE8084072
S2140315B0DDF7FAB801F08BFE60B9E2F7C7FE032841
S2140315C006D100F009F828B9BDE80840FFF7DDBFEB
S2140315D00028EBD008BD70470020704700207047F6
S2140315E008B5DDF7CDFAFA23B0FBF3F008BD032107
S2140315F0DDF7F6BA01207047D0E9023253F82230FD
S2140316001878DDF7F5BC0868C37B1BB9C37C0BB938
S214031610DDF71EBD81207047D0E9023253F8223031
S2140316201878DDF757BD704730B50546044615F8FC
S214031630100B85B0029565691D44CDE900250B4660
S214031640A21D618801F025FE05B030BD704710B4B9
S21403165092F80A4192F8053103EB04230B81002329
S2140316605DF8044B1A4601F012BE1FB50446084641
S21403167071B12178FF290BD0238B02936369019301
S214031680237C00936288A31DE3F728FBFF232370C4
S21403169004B010BD0868C37B73B9C37C032B0BD897
S2140316A0DFE803F002080406DEF714B8DEF744B8F2
S2140316B0DEF774B8DEF722B88120704770477047AC
S2140316C000207047137810B5032B0CD15479CBB296
S2140316D09C4208D19379B3EB112F04D153781B1A8C
S2140316E05842584110BD0020FCE77FB505460E461C
S2140316F000246946E0B201F078FD28B96A4631460F
S2140317002846FFF7DFFF18B90134202CF1D100205B
S21403171004B070BDFFF7E9BF0868C37B9BB9C37C01
S214031720052B10D8DFE803F0030D070B0905DEF7DA
S214031730D9B8DEF715BBDEF76FB9DEF7C1BADEF749
S2140317403FBADEF711B9812070470020704730B5E5
S214031750102587B001AA00210195FEF744FC044634
S2140317602A46002102A8E8F743FE2A46214602A895
S214031770E8F790FE012102A8DEF7D0FC07B030BDE3
S214031780DEF75EBC7047FFF7FDBF0B68DA7B5AB91E
S214031790DB7C012B04D0022B04D02BB9DFF7E2B895
S2140317A0DFF7ECB8DFF7F6B881207047002307B5FC
S2140317B0012101A80193D5F74BFA08B9D5F784F8A8
S2140317C0012003B05DF804FB08B502F032FA0528E1
S2140317D003D0003818BF012008BD0220FCE770477D
S2140317E0D0E9023253F822301878003818BF0120A7
S2140317F0E0F750BCE0F754BC002070470020704769
S2140318007047FF207047FF20704700207047002076
S214031810704700207047704706207047DFF7F8BE12
S2140318200868E0F7D1BB70B50D460446002128468C
S214031830164601F076F9324620800221284601F04A
S21403184070F9324660800421284601F067F90023C8
S214031850A360E3606060082070BD034641B1814227
S2140318604FF0640005D94343B3FBF1F0C0B27047B1
S21403187008467047E0F722BCE1F718BAE1F720BB49
S214031880B0F5807F05D0A0F500735842584140015B
S21403189070470820704730B599B00D466946144620
S2140318A0E1F772FA30B915B1BDF802302B600CB10E
S2140318B00D9B236019B030BD2DE9F04788B00E4666
S2140318C0904604A905AA07461D46FFF7E4FF04460B
S2140318D038BB28800DF10C09DDE904A39A4520D214
S2140318E0062251463846CDF8009006ABE1F768FA73
S2140318F0D8B9039B062B18D12A88DDF81A3042453F
S2140319000ED2BDF8181026F832102A8806EBC2024B
S21403191053602A885344013206332A800493DBE754
S214031920F7D9204608B0BDE8F0870124F9E72DE98A
S214031930F0438FB00F46904601A90022044699460D
S214031940FFF7A9FF18B101200FB0BDE8F083062208
S21403195020460DF1020302A9FFF7AEFF0028F2D1DD
S21403196005460246BDF80210019CEEB28E42EAD24C
S2140319700EAB03EBC60656F82C3C36F8306C063432
S214031980BE4217BFE418012213460022013522B1D6
S214031990C8F80040C9F80030D6E71A46E5E770B540
S2140319A00024012602F01FF9E5B2C26806FA05F51F
S2140319B09542234604F10104F4D3D8B270BD70B542
S2140319C086B0E1F72FF800F11006E6F79BFB00243C
S2140319D00546142201A9301902F00CF91CB99DF82A
S2140319E00430FF2B16D0002303F118026A4412F8C2
S2140319F0142CFF2A06D11C44601E90FBF5F080B21F
S214031A0006B070BD2B44DBB2132BEDD91434B4F5FA
S214031A10826FDED14FF0FF30F2E7E0F739BE07B54D
S214031A2004220DEB020102F0E5F8019803B05DF81D
S214031A3004FB37B5054608460C46FFF7F0FFA842F9
S214031A4006D0042220460DEB02010195E6F7ACFB17
S214031A5003B030BD07B50B460092002102460120B5
S214031A60E0F7A8FE03B05DF804FB08B50121E0F734
S214031A70D9FDBDE80840E6F743BDE1F717B908B559
S214031A80FFF7F3FF002008BD08B513460A460146D4
S214031A901846E0F723FF80F00100C0B208BD00201F
S214031AA07047704708B1E1F721BA704730B4DDE9F3
S214031AB002451DB1029430BC00F0C6B930BC704775
S214031AC01F2804D8142200F5A030DAF7DFB87047D1
S214031AD01F2804D8142200F5A030DAF703B970479C
S214031AE0152808B505D1FFF7DCFFBDE80840E1F788
S214031AF043BB08BD10B5142486B02246002101A8B6
S214031B00E8F776FC2023224601A94FF4A03001F023
S214031B107AFC06B010BD0020704713B500230C46B0
S214031B201A460146CDE90033E0B2E2F7E9F802B01F
S214031B3010BD13B500231446019001220093E0B2B2
S214031B40E2F7DEF802B010BDD0E9023253F82230D5
S214031B501868E2F74DBA194491420ADC421800208D
S214031B6003B9704712F8011D013B01EB0020DBB2FD
S214031B70F6E7002070472DE9F04F4FF0000A85B0D6
S214031B80019381460F4615465346019A11785FFA2C
S214031B908AF2914203D8002005B0BDE8F08F019980
S214031BA009EB050801EB4202517892F802B011F0F6
S214031BB04004009101F03F061BD0AC19BC42D4BFD1
S214031BC00024012433466400A20740F18880009B6A
S214031BD01B0640F192800E9B324603EB0B0000215E
S214031BE0E8F706FC3D4600231D44ADB20AF1010AA0
S214031BF0CBE7042E07D866B1B31E022B0BD8DFE85B
S214031C0003F0122130003E2E37D03F2E5BD03D2E00
S214031C104BD00320C0E7BD4234BF00240124012675
S214031C2064003346D0E7AB1CBB4250DC02233A4683
S214031C3029464846FFF78FFFADF80A0002230DF149
S214031C400A08C1E7EB1CBB4243DC03233A4629469A
S214031C504846FFF780FF0390042603230DF10C0884
S214031C60B2E72B1DBB4236DC04233A4629464846D8
S214031C70FFF771FF03900423F0E77A1E95422CDAF0
S214031C8002233A4629464846FFF765FF4FF6FF7399
S214031C9080B298420EBF0223023083B25C19A74279
S214031CA0B4BF0324012404268EE7BD4215D298F858
S214031CB00030FF2B0CBF01230133EC18BC42CCBF12
S214031CC003240124EFE70124042600237CE734469B
S214031CD0B4E70224C0E70224CDE70324E3E70E9A21
S214031CE002EB0B0014B142F80B807DE73246414607
S214031CF00093E8F70DFD009B76E702204CE710B54E
S214031D00144686B018811A460A9B0291CDE903430E
S214031D1001230193099B014600930320BDF820305D
S214031D20E2F72AFA06B010BD1FB500240294079CFA
S214031D300194BDF818400094FFF7E1FF04B010BD0E
S214031D402DE9F0410E461746054686B098B391B383
S214031D508AB34FF0000802A95FFA88F001F045FA4B
S214031D60044640B99DF80830032B08D008F1010853
S214031D70B8F1200FEFD1204606B0BDE8F0819DF8FC
S214031D8009202B799A42F1D1BDF80A206B889A4232
S214031D90ECD19DF80C30BDF80D006B7128812B46F5
S214031DA022464FF6FF71CDE90067FFF7BDFF002817
S214031DB0DCD00446DFE72124DDE710B586B00A9CB5
S214031DC004949DF824400394BDF820400294012413
S214031DD0CDE9003413460A4601460620E2F7CCF95D
S214031DE006B010BD1FB504460846194600230094E6
S214031DF0CDE90123079BBDF81820FFF7DEFF04B0EB
S214031E0010BDF0B5022805460E4614461F468BB095
S214031E100AD106A9F0B201F0E8F998B99DF819308D
S214031E2023719DF81C306371119B22460493002393
S214031E30CDE902330193109B3146009328463B4677
S214031E40E2F79AF90BB0F0BD13B500240194049C95
S214031E500094FFF7D6FF02B010BD2DE9F045064605
S214031E60884614469A46002701258BB006A9F8B281
S214031E7001F0BBF920BB9DF81830012B19D19DF852
S214031E80192033799A4214D1BDF81A2073889A42DE
S214031E900FD19DF81C3032467371B9B2CDE9030AEF
S214031EA0CDE90100434602200094E2F765F90546B2
S214031EB010B90137202FD9D128460BB0BDE8F085DD
S214031EC00546F9E70023FFF7C8BF10B50446E2F757
S214031ED031FF0021631E04F10F0213F8010FFF28E0
S214031EE008BF19709342F8D10023237410BD002055
S214031EF0704770B506461D46E2F790FD044608B9DE
S214031F00212070BD3046E3F757F80028F8D0A068C4
S214031F102A46FF21FFF75DF89DF810300020637115
S214031F209DF81430A371ECE713B59DF81040CDE986
S214031F30003413460122FFF7DCFF02B010BD08B5DC
S214031F40E2F76CFD28B18068FF21FFF753F8002005
S214031F5008BD2120FCE70122FFF7F1BF1FB50B46A2
S214031F606A460146184601F036F96A4608230020F9
S214031F7032F8021B013B13F0FF0380EA0100F7D19E
S214031F80012838BF012080B205B05DF804FB2DE9B7
S214031F90F04F87B0DDE9109B05468846484619464C
S214031FA01F461446BDF848609DF84CA0FFF7D6FFC1
S214031FB0042D0346ABF800001AD8022D1DD9042DB4
S214031FC007D04FF2F222A188914222D1E2889107EC
S214031FD01FD5E17A0022CDE9013720463346CDE905
S214031FE00392CDF800A001F045F907B0BDE8F08FE5
S214031FF06A1F012A11D92120F7E700224146CDE9BD
S214032000119228462246109707B0BDE8F04F01F01C
S21403201040B94FF6FF760C21DCE7052D0ED10023E1
S214032020E17A0022CDE90137CDE9039200912346F8
S21403203052464146304601F010F9D6E74FF2F222F7
S214032040A188914204D1E288920701D5E17AE8E7B4
S2140320504FF6FF760C21E4E7F0B585B00546E2F7C8
S2140320609DF948B16B88B3F5006F05D1681D05B0BF
S214032070BDE8F04000F0EEBC284600F006FD04463E
S214032080C8B9E7B26946384601F0AFF878B99DF8A3
S214032090006066B92946384601F0ABF820B140F631
S2140320A00443984207D08C26304605B0F0BD013471
S2140320B0202CE6D1F7E78D26F6E7E2F755BB2DE9A8
S2140320C0FF4704460D460146184617461E46BDF80A
S2140320D030809DF83490DDF838A0DDF73BF9D0B9B1
S2140320E02146284601F023F933463A462946204638
S2140320F0CDE9019ACDF80080E2F7DAFB33463A469B
S21403210029462046CDE90D9ACDF8308004B0BDE8C7
S214032110F04701F0F9BF04B0BDE8F087E2F772BDFF
S214032120E2F72ABDE2F74EBD10B5044601F00BF9FF
S214032130082201462046BDE81040E8F7ABB901F097
S21403214004B9002101F001B901F013B9002070476A
S21403215020207047F0F728B8F0F772B8F2F71CBBE8
S2140321607047E2F79BBE70B506460C46154600F070
S2140321704CF850B13CB135B1204600F0D8FC0130E4
S21403218080B2A84200D9002070BD304600F043F864
S21403219040B1002CF7D0012DF5D9204600F0CCFC39
S2140321A00230EDE73046E2F7D9FDEAE7F8B5BDF8C9
S2140321B0185010B3967855B9D478A6F14107012F75
S2140321C007D8621ED2B200F0D1FD0020F8BD2C461F
S2140321D0F3E7433E012E04D8A21E92B200F0DEFDC2
S2140321E0F3E7D27813B90DB1AA4206D811B9E8F7C6
S2140321F0FFF8EAE7E8F74EF9E7E78920E6E741382C
S21403220003288CBF002001207047413801288CBF6B
S214032210002001207047433801288CBF002001208E
S214032220704700207047002070470388B3F57C4F43
S21403223001D3FFF7F8BF0846FFF7F3BF10B54A8888
S2140322400488A2420DD1037B0C79234009D0B2F552
S2140322507C4F08D3FFF7E7FF0B891B1A58425841F8
S21403226010BD0020FCE70120FAE738B50D88D488B6
S214032270A5420AD10388B3F57C4F08D2FFF7D5FFF2
S21403228013891B1A5842584138BD0020FCE7012029
S214032290FAE72DE9F04715460446B8B149B1EAB165
S2140322A000264FF0140AB04690F80490F3B299450E
S2140322B001D800240AE027680AFB06773846FFF7AA
S2140322C0BDFF013628B13C46A5F800802046BDE890
S2140322D0F0877B8943441FFA83F8E7E71446F5E75C
S2140322E02DE9F0470E4615460446B8B149B112B378
S2140322F000274FF00C0AB846B0F80890BBB29945D1
S21403230001D800240AE06368324620460AFB0731F8
S214032310FFF7ABFF28B10C46A5F800802046BDE8C2
S214032320F0870B79013713F0300F02BFCB784344A5
S2140323301FFA83F8E2E71446F0E72DE9F04186B08A
S2140323400D461446984604AA05AB03A90646E2F7CB
S214032350DBFD40B30DB1049B2B6034B3049D03989F
S2140323602946FFF762FF2B880746024671883078B6
S21403237000F04FFBD8B1297911F010030BD0EB789E
S2140323802A46CDE900433B4671883078FCF7E5FCE6
S21403239006B0BDE8F0812A4620460599CDF80080B0
S2140323A0FFF704FFF4E78620F2E72046F0E77E20F7
S2140323B0EEE71FB51C460023ADF80A20BDF818202B
S2140323C08DF80400ADF80610ADF80C2069461A46E1
S2140323D001A800938DF80840FFF7AFFF009804B0FC
S2140323E010BDF0B587B00E4605AB04AA03A9044694
S2140323F0E2F78AFD08B3049D03982946FFF715FF05
S2140324002B88074602466188207800F004FBB0B1AB
S214032410297911F0100108D000963B462A466188B8
S2140324202078D3F76BFC07B0F0BD009101232A4652
S21403243031460598FFF7BAFEF5E78620F3E77E20D8
S214032440F1E72DE9F041064600254FF01408077919
S214032450E8B2874201D800241AE008FB05F0D6F854
S21403246000C00CEB00043CF8000081421AD132B1E4
S214032470802A10D194F90CC0BCF1000F12DAB0F523
S2140324807C4F05D32046FFF7CEFE834200D04BB9E0
S2140324902046BDE8F081402A04D194F80CC01CF015
S2140324A0400FECD10135D3E70121E2F769BC08B54B
S2140324B013460022E2F792FD003818BF012008BD3C
S2140324C008B513464022E2F789FD003818BF0120FD
S2140324D008BD08B513468022E2F780FD003818BF12
S2140324E0012008BD08B540220023E2F777FD003837
S2140324F018BF012008BD08B580220023E2F76EFD51
S214032500003818BF012008BD0023E2F767BD00218D
S214032510E2F7D4BD10B504460121E2F7CFFD20460D
S214032520BDE8104001F024BE7047F8B516461F46B6
S2140325309DF81820BDF81C300546E2F74FFD78B12C
S2140325400421E2F739FE044650B1284600F010FB9A
S2140325503A4631462846A047BDE8F84000F0FCBAA4
S214032560F8BD2DE9F74F1E46DDE90C9B0746884666
S2140325701446BDF838302AB3B9F1000F22D00EB393
S21403258092F804A099F80020504612F0080F0CBFEA
S214032590802240226188E2F721FD98B10821E2F704
S2140325A00BFE054670B1504600F0E2FA334622466B
S2140325B041463846CDE9009BA84703B0BDE8F04F37
S2140325C000F0CABA03B0BDE8F08FF8B5BDF81870CE
S2140325D016461A463B460446E2F700FDE0B177B9D5
S2140325E00221E2F7E9FD0546B0B1204600F0C0FA45
S2140325F031462046A847BDE8F84000F0ADBA1021A2
S214032600E2F7DAFD054638B1204600F0B1FA3A465D
S21403261031462046A847EEE7F8BD73B5BDF8184027
S21403262016461A4623460546E2F7D8FCB8B1C4B99F
S2140326302021E2F7C1FD044670B1284600F098FA5F
S214032640099B3146009328469DF820309DF81C20B0
S214032650A047044600F080FA204602B070BD8624E8
S214032660FAE70024F8E72DE9F04186680446007887
S21403267000F07EFA002514273279EBB29A4203D88B
S214032680BDE8F04100F068BA7B4332682078D15A3F
S21403269002EB030800F0C1F901214046E2F78CFD86
S2140326A0034608B1207898470135E5E72DE9F04F52
S2140326B01C4689B09DF84C30BDF8488001939DF8C0
S2140326C05030924602932246434607460D46E2F7AB
S2140326D085FC8DF814700646ADF816508DF8184034
S2140326E0ADF81AA0ADF81C8018B9012009B0BDE8F2
S2140326F0F08F05A9FFF7A2FD0028F6D000252F4688
S214032700A8462C4634E00C231FFA85F903FB09F987
S21403271031887368B1F57C4F33F8092003EB090B56
S2140327201AD333F8090050452CD3019BA3422DD965
S21403273000F0BAF99BF80200E3F7EAF9029B43B10B
S2140327409BF8043013F0010F0CBF05200720E3F7B6
S214032750DFF90134A4B219E0ADF81A205946304621
S21403276005AA0393FFF781FD039B0028D9D1013502
S2140327703289ABB29A42C6D804EB0800C31B584250
S2140327805841B3E708F101081FFA88F80137BFB2CA
S214032790EDE710B5012488B006949DF83C400594F7
S2140327A09DF8384004949DF8344003949DF83040D7
S2140327B002940B9C0194BDF828400094E2F740FE77
S2140327C008B010BD2DE9F04786B0BDF83880DDF8B7
S2140327D03C909DF840A0CDF80080CDE9019A0446D0
S2140327E00D4616461F4600F012F9B8B1431EDBB27B
S2140327F0012B10D800230122811E48424841CDE90F
S2140328000432CDE902A03B46324629462046CDE9AE
S2140328100089FFF7BEFF06B0BDE8F0870120FAE7A0
S21403282030B50024012587B0CDE9044503959DF80E
S2140328302C5002950A9DCDE90045FFF7AAFF07B085
S21403284030BD30B50024012587B0CDE90445039596
S2140328509DF828500094CDE901354023FFF799FFF2
S21403286007B030BD10B5012486B0CDE9044400247A
S21403287003949DF828400294099C0194BDF82040D7
S2140328800094FFF786FF06B010BD1FB5089C03949F
S2140328909DF81C400294069C019400240094E2F7E1
S2140328A0CBFE04B010BD70472DE9F84F022907464A
S2140328B088460C9D04D84FF0000A5046BDE8F88FB2
S2140328C01BB10429F7D942F004023A702BB3032450
S2140328D07B701B0ABB70E4F7C5F94FF000099DF83F
S2140328E02830385504F1020A01343B550B9A5FFA37
S2140328F089F3D45C002CE0D0732C10D82E464C2CD5
S21403290056F804BB3DD0532C15D0622C45D1AC8869
S21403291005F1080600231A4616E00124DBE7A4F1B6
S2140329207503032BC7D8763C2E1D022C52D8DFE83E
S21403293004F0565A58006A6805F1080694B2D2B2F3
S214032940B2F1FF0318BF01230AEB040119448845BB
S214032950B1DB50461946002947D153441FFA83FA80
S2140329605CB1BBF1000FA6D0224607EB0A0059461E
S214032970E7F7CEFE54441FFA84FA354609F10109F7
S214032980B4E74FF6FF736A6805F1080694B2224669
S2140329909C4214BF02230023D6E76C2C05D158466D
S2140329A000F0CAF8841CA4B2B4E7732C04D15846CA
S2140329B000F0BDF8441CF6E7A4F13003DAB2092AA6
S2140329C001D89CB2A6E7A4F14103062B3FF673AFEA
S2140329D0373CE8E7012300242A68A346B4E702232A
S2140329E0F9E70323F7E70423F5E700F1010C0139C0
S2140329F03A54C9B2120A1FFA8CF0ACE70020E3F788
S214032A000FB80022E3F72CB80023E3F73FB8012002
S214032A1070470120704701207047704700207047B9
S214032A200020704700207047002070470020704742
S214032A300020704770470E20704700207047002024
S214032A40704700207047002070477047FF2070478C
S214032A500E207047842070477047002070477047E9
S214032A600020704700207047002070470020704702
S214032A7000207047002070470020704700207047F2
S214032A8070470E20704700207047002070470020D4
S214032A907047704770470E20704770470020704796
S214032AA0812070477047704738B50546C0B2E3F7D4
S214032AB02FF80446280AE3F72BF814B1002808BFBA
S214032AC00024204638BDF8B50546C0B2E3F720F823
S214032AD00446C5F30720E3F71BF80746C5F307408C
S214032AE0E3F716F80646280EE3F712F824B12FB1DB
S214032AF036B1002808BF00242046F8BD3C46FBE755
S214032B003446F9E710B4CC18944203DC5DF8044B62
S214032B10FFF721B800205DF8044B70470423FFF746
S214032B20F1BF08B50223FFF7EDFF80B208BD0078BA
S214032B30FF2808BF0020704708B502220021FFF7D0
S214032B40F0FF4FF6FF73984208BF002008BD003819
S214032B5018BF0120400070470020704708B5FFF7F4
S214032B60A3FCFF284FF0FF3018BF0020C0B208BDFB
S214032B7008B5FFF7F3FFFF280CBF2120002008BD90
S214032B80F8B506460C4615461F4600F011F810B178
S214032B902544AC4200D1F8BD3946304614F8012B23
S214032BA0E3F7A8F8F5E7014600220220E3F732B878
S214032BB00120704737B50546E1F7BCFA0446019590
S214032BC00CB981201CE0237823B12046E1F7BAFA3A
S214032BD00446F5E72B6862685B889A42F5D1A368DA
S214032BE0EA7B99B272B12A8A9142EED16A7DB2EB40
S214032BF0134FEAD10020E36801A998478128E4D05F
S214032C0003B030BD4FF6FF72EEE72DE9F8430446F6
S214032C100F46904699460BB3012A1FD80C20E7F7B8
S214032C20EDFD064610B91920BDE8F8831020E7F736
S214032C30E5FD18B93046E7F7E9FDF4E7012300257B
S214032C4047EA084770600570C0F80C9044608760D8
S214032C5033803046E1F766FA2846E5E72120E3E7C6
S214032C6038B50446436808460D469847B4F9083015
S214032C70002B02DB2B78042B06D10023204663604F
S214032C80BDE83840E3F7C8BB38BD30B54FF48A55C6
S214032C9087B0ADF816200DF116041A46029543B117
S214032CA000230122CDE90033234600F01EFA07B0C5
S214032CB030BD019401240094F7E7FFF7EBBEFFF75E
S214032CC0BCBE0020704708B500F001FB20B900F039
S214032CD048FB08B9E0F71EFCFFF7D2FEBDE8084044
S214032CE0FFF7DBBE0020E3F7FFBF0021E4F79CB845
S214032CF00022E4F75BB81FB5D2880B4612F0200F0C
S214032D004FF6FD7114BF49245224ADF80610510541
S214032D1044BF083CE4B2110544BF083CE4B21204C5
S214032D2044BF023CE4B2032805D8DFE800F0020FF4
S214032D30161CADF80630BDF80600FFF787FEFF2821
S214032D401CBF241AE4B2204604B010BD02AA0DF13B
S214032D500601D8B200F079FAEDE7D8B200F047FAE8
S214032D60ADF80600E7E7013CE4B2E4E7F8B506464B
S214032D7017460D4681B10C78FF2C0BD00846FFF79B
S214032D80D6FEB84228BF3846C4B22246691C701C19
S214032D90E7F780FB3470F8BD0C46FBE770B50446D6
S214032DA015460E4611B94170017070BD0B78FF2BA6
S214032DB005D14B78FF2B02D103704370F5E73046FD
S214032DC0FFF7BAFEA84228BF284685B22A46B11C9A
S214032DD0A01CE7F75FFB25702D0A6570E5E7F0B5E5
S214032DE023B9013A531C2FD1002020E0042AFBD834
S214032DF000231C46551E6E1C1AD1042A10D001212E
S214032E00D200501E01FA00F020421EBF91404942F4
S214032E100C4318421EBF4FF0FF3101FA02F2134370
S214032E209C421EDCB4BF4FF0FF30002040B2F0BD22
S214032E3040B1465DEF00BE4034434E5D013DBE40AB
S214032E403343D8E70646F5E78C5C38B90346A34216
S214032E5002F1FF32C6D24FF0FF30E8E7835CA342AD
S214032E60F5D90120E3E7283807288CBF0020012086
S214032E7070471D2810D004D840B11C2804D0552014
S214032E8070471E380128FAD81A2901E00B390F2992
S214032E908CBF5520002070470829F9E70020002141
S214032EA07047F7B59DF820400546082C104619468E
S214032EB09DF8246036D8002213462C44AC4208D131
S214032EC006F0FD04382C0ED10096FFF7E7FF03B09B
S214032ED0F0BD14F8017D1B0243EA12631202BA180E
S214032EE043F10003EAE7392E10D107EE100A07EE86
S214032EF0902AB4EEE77AF1EE10FACCBF77EE677A53
S214032F0077EEC77A002117EE900AE0E7824273EB6A
S214032F10010403D2801A61EB0301D8E7101A63EBAE
S214032F200101D4E700200146D1E738B5C36814464B
S214032F301944836853F821501AB12846E7F754F921
S214032F402070284638BD2DE9F3411C4616460DF180
S214032F5007029DF82050FFF7E8FF9DF807308046EC
S214032F60A34288BF8DF807409DF807700DB1E41B98
S214032F70E5B22A4600213046E7F73AFA3A46414692
S214032F807019E7F787FA384602B0BDE8F0812DE9F5
S214032F90F3411D46164601AA9DF82040FDF723F887
S214032FA0019B80469D4238BF0195019F04B1EC1BEF
S214032FB0224600213046E7F71BFA3A4641463019C7
S214032FC0E7F768FAF8B202B0BDE8F08173B50024FB
S214032FD0154601AA1E460194FDF705F8019B072B2B
S214032FE00AD92146CCB216B1C4F10704E4B2425C56
S214032FF0013108292A55F5D1D8B202B070BD1FB5E4
S214033000030A8DF80E300323009303AB8DF80D00EF
S21403301000F0BBF805B05DF804FB1FB58DF80F1084
S2140330200421030A8DF80E30009103AB8DF80D00D2
S21403303000F0ABF805B05DF804FBF0B589B0166890
S2140330409DF83C50CDF809608DF811305668BDF8F0
S2140330503830012D109FBDF84440CDF80D60ADF813
S21403306012308DF8145014D0032D19D13B68CDF8C7
S21403307015307B68CDF819309DF848308DF81D3033
S21403308016230093BDF84C2002AB00F07EF809B07F
S214033090F0BD8DF81540240A0F238DF81640F0E78F
S2140330A00120F4E71FB50446084611461A460223D4
S2140330B08DF80D100093214603AB00F066F804B0BC
S2140330C010BD10B514461A460B6886B0CDF80D3001
S2140330D04B683421CDF811300A23009303AB8DF8E7
S2140330E0154000F052F806B010BD2DE9F041B6B019
S2140330F014461D4606460F469DF8F080E4F7B8F8DA
S21403310003AA8DF80C001046330A8DF80F703F0A99
S2140331108DF80E308DF80D602B468DF810708DF8F7
S214033120114005EB4405AB4202F102021FD16200D7
S214033130D2B2931DDBB23D99D8336B44073203F802
S214033140CC8C01EB4805D3B250FA82F2A94202F1C5
S214033150020212D103EB4803009006213046BDF865
S214033160F820DBB2E4F78EF836B0BDE8F08133F82A
S214033170021B1171090A5171D5E731F8024B02F8A7
S214033180024C240A02F8014CE0E72DE9F0411C4604
S21403319005460E4617469DF81880E4F769F8207032
S2140331A043463A46314628460694BDE8F041E4F7DE
S2140331B069B8002070477047D8F7D2B87047704791
S2140331C0704770477047002070477047704700206D
S2140331D070477047704702F0EEBEFEF772B8FEF710
S2140331E055B803F031BAF8F72DBC03F01EBAF8F75A
S2140331F0E7BBF8F74FBCF8F709BCFEF71CB9FEF7B8
S2140332006BB8FEF778B8F4F781BEF4F785BEF3F72C
S214033210E5BDF2F707BFF2F70BBFEFF7DFBBFEF72D
S214033220B5B8FEF77AB8FDF715BFFEF79DB8FEF7FB
S21403323089B830B4BDF808409DF80C50CDE9024576
S21403324030BCFDF726BFFDF793BFF8F795BDE4F74F
S21403325069B8F8F75BBEF7F7A7BC70B49DF80C40E7
S214033260BDF810509DF814600394CDE9045670BC65
S214033270F5F7ACBC70B49DF80C40BDF810509DF843
S21403328014600394CDE9045670BCF5F7DFBCF5F77C
S214033290C9BD10B49DF8044001945DF8044BF5F7DE
S2140332A019BD10B49DF8044001945DF8044B01F079
S2140332B073BF01F073BFFDF7A0BFFDF7B0BFFDF707
S2140332C0C3BFF1F717BCF2F759BAF2F72BBAF1F707
S2140332D03DBA02F09FBAF1F7E1BD02F0E1BAF1F7A9
S2140332E041BFF1F713BBF2F74FBAF2F7D1B9F2F7D2
S2140332F0E7B9F0F727B9FEF7B3B8FEF766B8FEF7F7
S21403330079B8FEF786B800F00BBC00F004BCF7F7FC
S21403331081BCF5F78BBAF7F75BBCF7F781BDF5F71A
S21403332055BAEFF747BBF6F777BEFFF745BFFBF790
S2140333306DB9FEF7E1B8FDF751BFFEF736B801F0F9
S21403334001BDE3F74DBFEFF7F9BEEFF7F3BB01F0AF
S2140333509BBF01F06BBFEFF741BCEFF77FBEEFF704
S21403336083BEEFF7AFBBE3F757BFE3F769BFE3F7F8
S21403337041BFEFF75DBBE3F747BFF9F71FBB01F0AC
S21403338053BF01F01ABFEFF759BBEFF7C1BEEFF714
S214033390A1BBE3F7E5BFE3F7DDBFF9F713B9F9F729
S2140333A0FFBA03F05DBA03F063BAF9F783B9F9F726
S2140333B0FFBA00F063B900F0A1B900F0C9B900F094
S2140333C0A0BA00F010BB00F079BAE4F7BFBC00F077
S2140333D0E6B900F013BA00F026B810B51C4601F0A3
S2140333E0C2FD05F007FF0023C0F340202370400012
S2140333F010BD002208B50B461146FFF7EEFF023854
S21403340018BF012008BD0020704770470020704792
S21403341070470020704770470E20704701207047A2
S21403342070470120704714220021E6F7E1BF70477A
S21403343070B505460C468AB0252200210DF103001F
S214033440E6F7D6FF6B68CDF81D30AB68CDF82130B4
S214033450234601AC03F11006224618685968083360
S21403346003C2B3421446F7D101236A7B8DF80230B8
S21403347012F0040F0CBF4FF480734FF4A0731107C0
S21403348048BF43F48063ADF80030930748BFBDF8E8
S2140334900030684644BF43F00803ADF80030F4F745
S2140334A0CFFE0AB070BD30B5427B0D46D107044649
S2140334B08BB007D5407801A9F4F728FFD8B12D20A3
S2140334C00BB030BD9307FAD5C2F3800310074FEA5B
S2140334D08313ADF8023044BF43F48063ADF8023083
S2140334E0BDF80220201D0AB10DF1020201A902F067
S2140334F07FFD0028E3D001AB03CB9DF81430A16019
S2140335002373BDF810306060590642BF627B42F0F9
S214033510040262735A0542BF627B42F0080262737A
S2140335201B0742BF637B43F0020363732B4606AC61
S2140335300AAD224603CAAA4218605960144603F12C
S2140335400803F6D10020BBE7F0B504460D4693B05A
S214033550252200210DF12300E6F74AFF636804F1F4
S214033560040CCDF83D30A36809AECDF841302B46A8
S21403357005F11007324618685968083303C2BB4280
S2140335801646F7D105238DF82230637B5B0103F4DF
S2140335900073ADF820306378FF2B1AD10023604602
S2140335A01A4601A900F0CAF99DF80530FF2B0DD184
S2140335B0002301A91A46184600F0C0F99DF8053005
S2140335C0FF2B03D11C26304613B0F0BD9DF8053003
S2140335D063700020617808AA00F09BFA064600286C
S2140335E0F1D1607801A900F02FFA2B4603AD2A46E5
S2140335F018685968083303C2BB421546F7D1637B84
S2140336006078DB0648BF9DF81C3001A944BF63F011
S2140336107F038DF81C3000F02EFAD4E710B504466D
S2140336208AB02422002101A8E6F7E2FE637B59074D
S21403363044BF4022ADF810201A0742BFBDF8102041
S21403364042F48062ADF81020DB070FD5607801A93D
S214033650F4F75CFE10B12D200AB010BD01AB03CB0E
S214033660637B606043F00203A160637304A9201DBB
S21403367002F0C0FC0028EED00020EDE71FB5694637
S21403368000F066F8002818BF2D2005B05DF804FB8F
S21403369073B50D4614460646E3F786FF6B881A078E
S2140336A01AD522463146102002F085FC2046E3F761
S2140336B07BFF6B88D90717D50023224601210DF11E
S2140336C007008DF80730E4F73BFA6B88002B0CBF36
S2140336D02120002002B070BDDE06EAD5224608216E
S2140336E0281DE4F72DFAE1E79A0701D50223E4E75C
S2140336F05B07EAD50323E0E70F2070471FB50C46A8
S214033700694600F025F8102221466846E7F7BCF91B
S214033710B0FA80F0400904B010BDB8B1B1B1438827
S214033720A3B90378013B082B10D8DFE803F005079D
S214033730090B0F0F0F0F0D00E4F704B9E4F75EB99A
S214033740FFF776BEFFF700BFE4F7ECBA2120704719
S21403375038B50D4609B300B30378013B082B1AD8D6
S214033760DFE803F0050D1013191919191600E4F70D
S21403377021F90446284602F01EFE204638BDE4F72B
S2140337805DF9F6E7FFF78FFEF3E7E4F78DF9F0E769
S214033790E4F7D2FAEDE72124ECE72124EDE770B550
S2140337A086B0064601A80C461546FFF73CFE0423E2
S2140337B08DF804301CB12068616802AB03C3294648
S2140337C001A88DF80560FFF7A8FF06B070BD70B5B9
S2140337D086B0044601A80D461646FFF724FE0323CB
S2140337E0206861688DF8043002AB8DF8116003C35E
S2140337F0294601A8FFF791FF06B070BD0022FFF728
S214033800E6BF30B5437B044613F001020D468BB08A
S21403381007D0407801A9F4F779FD70B12D200BB0DD
S21403382030BD9B07FAD5ADF8022001A90DF10202BF
S214033830043002F0DDFB0028F0D000210E22A81C85
S214033840E6F7D6FDBDF810302B80039BAB60BDF8C2
S2140338501230AB819DF81430237301AB03CB606049
S214033860A1600020DBE770B5437B0446DB070E460A
S2140338708AB003D42D2528460AB070BD6946407821
S21403388000F045F905460028F4D1DDF81D300E2278
S2140338906360DDF821300146A360637BB01C43F010
S2140338A002036373E6F7A4FDBDF80030069A43F0FF
S2140338B004033380059BB2607360DCE70B4610B5E8
S2140338C00446102200211846E6F792FD2278032AC2
S2140338D009D0042A0DD0022A11D101462046BDE89C
S2140338E01040E4F78FBA01462046BDE81040FFF7C4
S2140338F088BF01462046BDE81040FFF7B4BF262028
S21403390010BDF8B5074608460C4616461D46FFF793
S2140339108AFD04232370637B314643F0010320466C
S21403392067706373FFF714FF08B12D20F8BD2946AF
S2140339302046FFF7C3FF0028F8D0F6E7F8B505469C
S21403394008460C461F461646FFF76DFD04232370F4
S21403395025B108222946E018E6F79CFD637B43F071
S214033960020363734EB932460121284600F0DAF8A3
S214033970FF28607007D12D20F8BD31462046FFF79B
S214033980E7FE0028F7D1637B43F0010363730DB9A9
S2140339900020F1E7002FFBD039462046FFF78EFFC5
S2140339A0F6E7F8B50C460746084616461D46FFF7E3
S2140339B03AFD03232046394600F8043B0822E6F77F
S2140339C069FD637B314643F0020320466373FFF7CA
S2140339D0BFFE08B12D20F8BD29462046FFF76EFF2F
S2140339E00028F8D0F6E7F8B5074608460C4616460C
S2140339F01D46FFF718FD03232370637B314643F010
S214033A000103204667706373FFF7A2FE08B12D20FB
S214033A10F8BD29462046FFF751FF0028F8D0F6E701
S214033A2018B18022012100F07DB8FF2070470023E3
S214033A3007B51A4619460093F6F76AF9B0FA80F006
S214033A40400903B05DF804FB0B4610B51922044683
S214033A50FF211846E6F7CCFC7E2C01468CBF04F506
S214033A60C43004F583304FF01902BDE8104088BF18
S214033A70AD30D8F70BB97E2888BF00F5C4304FF0B9
S214033A80190294BF00F58330AD30D8F72BB930B5A3
S214033A9089B00D46FFF7C4FFFF2804460DD001A9E1
S214033AA0FFF7D2FF2868696801AB03C3204601A964
S214033AB0FFF7E1FF002009B030BD2D20FBE770477C
S214033AC070470020704770470F2070470F207047DD
S214033AD0002070470F207047002070470020704773
S214033AE084B08DE80F00002004B07047704770471D
S214033AF000207047704700207047704700207047CB
S214033B0001207047704700207047012070470E2041
S214033B1070470E2070470E2070470020704770478E
S214033B200E207047FF20704770477047002070478D
S214033B3070477047704700207047704700207047F3
S214033B40002070470020704770477047002070477A
S214033B50002070477047002070470020704770476A
S214033B600020704710B50024E3B210B9C3F1030375
S214033B70DBB20134042CCA544FEA1222F4D110BD2E
S214033B8010B50B784C788A78C97828B9104622463F
S214033B90044608461946034642EA012043EA04233C
S214033BA043EA004010BD7047E4F7E0B908B5D2F722
S214033BB08DFF002814BF8620002008BD08B5D3F764
S214033BC055F9003818BF012008BD08B5D3F70EF91C
S214033BD0003818BF012008BD08B5D3F793F900389D
S214033BE018BF012008BD08B5E4F7A0FABDE80840F1
S214033BF0E4F74EBA70B504460D461646E4F796FA51
S214033C000420E4F737FA324629462046FFF7DDFF5D
S214033C1004460220E4F72EFA204670BD08B5E4F702
S214033C2085FABDE80840D3F7C5B8E4F7B7BDE4F7AF
S214033C3097BD08B5E4F794FD20B1BDE80840002021
S214033C40E4F7CCBE112008BD10B5044608B1E4F76E
S214033C50A7FF2046BDE81040FCF7C5BF10B50446D5
S214033C60006A10B1616AFFF7EFFF0020C4E908009D
S214033C7010BD38B50546FFF7F1FF2B7E0446012B32
S214033C800ED0023B012B0ED8EB69012B18BF6FF049
S214033C909604282200212846E6F7AAFB204638BDCC
S214033CA0EB69002BF2E76FF09604F2E71822002187
S214033CB0E6F79EBB70472DE9F84F9846DDE90B49BA
S214033CC00D9B15469A0706460F4623D02A460A9B9F
S214033CD003EB040A1444A24220D10D9B9B0705D58F
S214033CE0A2EB050AD14505EB0A0420D82046BDE819
S214033CF0F88F434639462020B0470AF1010ACA45E1
S214033D000AEB0B02F5D3A9EB04024C4588BF00224D
S214033D102A44DCE7A246A5EB040BF0E702F1010B0D
S214033D20434639461AF8010DB0475A46D3E7434689
S214033D30224639462020B0470AF1010AD2E72DE988
S214033D40F047DDE90D7616F0020F9DF82880DDE9D1
S214033D500854DDE90BCE1FD106F001094FB1B9F1C6
S214033D60000F06D0B8F1000F02D116F00C0F00D0EA
S214033D70013F4FF0300A04E0202C04D005F804A0DD
S214033D8001347445F8D3B9F1000F05D04FF030096C
S214033D90A74201D9202C2DD116F0100F1FD016F4F0
S214033DA0806F2CD15CB3744501D0BC4227D1B4F1EB
S214033DB0010E23D0BCF1100F46D1023C16F0200FA3
S214033DC028D1202C28D04FF0780C05F804C00134F5
S214033DD0202C21D04FF0300C05F804C00134202CE1
S214033DE01AD0B8F1000F23D04FF02D0C05F804C0FD
S214033DF0013412E005F804900134C9E77446BCF1B7
S214033E00100FDBD0BCF1020FE2D1202C04D04FF010
S214033E10620CDAE7202C08D12024CDE90A76CDE916
S214033E200854BDE8F047FFF746BF4FF0580CCCE701
S214033E3016F0040F02D04FF02B0CD7E716F0080F3E
S214033E40EBD04FF0200CD1E7BCF1020F7446C1D182
S214033E50DDE72DE9F04391B0189D1A9E1D9F0DB91D
S214033E6027F010077C0500D515B317F0200F14BFF5
S214033E704FF0410E4FF0610EAC4600250DF12008C1
S214033E80AEF10A0EBCFBF6F906FB19C95FFA89F414
S214033E90B9F1090F94BF30347444E4B2B44508F85A
S214033EA0014B05F10105BCFBF6F401D3202D10D11F
S214033EB01C9C069705941B9CCDE903649DF86440FF
S214033EC0CDE9015408AC0094FFF739FF11B0BDE803
S214033ED0F083A446D6E72DE9F04F95B0269ECDE9AC
S214033EE00A23DDE91E74DDE9229B57EA040308BFB3
S214033EF026F010067205CDE9080102D557EA040339
S214033F0037D016F0200F14BF4123612300250DF18F
S214033F10300AA3F10A0821464A465B463846E5F7C7
S214033F20FBFED2B2092A94BF303242444F45D2B286
S214033F3074EB0B0405F101050AF8012B01D3202DC0
S214033F4014D1259B06960593249BDDE90801CDE94C
S214033F5003939DF88030CDE901530CAB0093DDE964
S214033F600A23FFF7ECFE15B0BDE8F08F07460C46B4
S214033F70D1E70025E5E708B100F014B8704710B1A3
S214033F80D1E900311847704738B5441E14F8015F6D
S214033F9025B90A2000F006F8284638BD284600F062
S214033FA001F8F3E701460020FCF7F0BB70477047C3
S214033FB0EEF714B9704708B5FCF7B9FBD2F786FDE0
S214033FC0BDE80840D4F796BE704708B5D3F7C6F8E1
S214033FD0FBF7EFF8BDE80840E4F7A8B808B5FBF729
S214033FE075FFE4F711FEFBF74FFEE5F7AFF9E5F7CC
S214033FF09BF9E5F71DF9BDE80840D7F721BE08B5DC
S214034000D5F738FEFBF72FFED5F740FEFBF72DFE60
S214034010DAF728F8DAF7CEF8DAF7D6F9BDE8084083
S214034020DAF7F4B870477047E5F728B908B5FCF730
S214034030C9FFBDE80840FCF7F4BF704707B5002288
S2140340400346114601200092D9F786F903B05DF8BE
S21403405004FB07B500920B46027D81898068FDF755
S2140340608AFD003818BF0120C00103B05DF804FBC9
S21403407008B50020E0F7F2FC0020E2F783FA002000
S214034080DAF782FB0020DAF713FE0020DBF712F8DC
S2140340900020DBF7FFFA0020DCF728F80020DEF725
S2140340A057FB0020DFF7C2F80020DFF7B7FEBDE8B6
S2140340B008400020DFF7A2BF08B50120FDF73DFA50
S2140340C00120DAF7C1FCBDE808400120DBF7E2BABD
S2140340D008B50220E0F7B6FD0220DFF7A9FF0220AD
S2140340E0E2F75EFD0220FFF7A2FD0220FDF7C5FC06
S2140340F00220DFF79BF8BDE808400220E0F742BA4B
S214034100DAF7E0BDFDF7D9BF7047704770477047D1
S21403411070477047704710B50446E0F74DF92046E0
S214034120FDF741FA2046DCF7F3FA2046DDF746FAB8
S2140341302046BDE81040FDF7D3BCFDF7EEBCFDF707
S214034140F8BCDFF775BE70477047FDF750BA704787
S2140341507047704770477047704705F011B870474F
S2140341607047DFF7FFBE704770477047704770476A
S2140341707047FEF779BCFEF77DBC7047002070479A
S214034180FEF77ABCFEF783BC7047431E012B03D9A8
S214034190031F5842584170470120704700F021BC66
S2140341A04FF4D0720021E6F723B970B50446E8F75A
S2140341B0F7F90546A8B9A169F1B1238AD3B1204618
S2140341C004F11002E8F79AF838BBE16919B3638A79
S2140341D0A3B1204604F1120200F0CAFA78B10546EC
S2140341E003E00023A3612361E361002328466361A0
S2140341F0236270BDA061E8E72082E6E7E361216AF7
S2140342000029F2D0A28A002AEFD02046E38ABDE82E
S214034210704000F06FBA6182F1E76582E561DEE720
S21403422011B9D0F8DC1021B1CB6813B18B68D889EB
S21403423070474FF6FF707047E7F796BA10B50C460F
S2140342401146E7F7B7FAE8F7E5FC012801D10020A5
S21403425010BD002CF7D10520FAE700F0CFB900F027
S214034260E3B970B500232425D0F8DC00C4689C426B
S21403427001D1212070BD826805FB0322D6898E42B8
S21403428002D8128A8A4201D20133F0E70020F1E70E
S214034290F8B506460D46E6F703FDD8B94FF6FF73A5
S2140342A04FF0240CEF68C1B28F4208D81C46214653
S2140342B03046E6F7ABFE00F09AFB2046F8BDAA6848
S2140342C00CFB0122D4899C4202D2002CEFD0234659
S2140342D00130E8E70024F0E7C08D70470A7838B568
S2140342E005461046FFF751FF60B14C782046FFF7AE
S2140342F04CFF38B12243530704D42846BDE8384060
S214034300E7F7A4BC212038BD10B504460878FFF7AC
S2140343103CFF58B14A781046FFF737FF30B1042AFE
S21403432004D02046BDE81040E7F7AEBC212010BD00
S21403433000F0E8B8E8F710B8084600F008BBE7F75F
S2140343404FBB38B504460D4600F08EF850B12946EB
S2140343502046E6F75BFE30B929462046BDE83840DE
S214034360E7F706BB0E2038BD70B516460C4604F0BC
S21403437064FD314605462046EAF7E8FC044628462F
S21403438004F056FD204670BD00F032B970B5044601
S21403439000200E4600F027FBD4F8F0503DB1002372
S2140343A031462046AC46BDE870401A4660472B4669
S2140343B0012231462046E7F773FD284670BD38B51F
S2140343C0044648880D4600F00EFBD4F8F0302BB9AF
S2140343D029462046BDE83840E7F770BC022038BDC2
S2140343E000F003BB00F03CB9E7F790B9E9F788BCE7
S2140343F070B5BDF81060054606B16BB13344284668
S2140344009BB200F077F9044620B91EB13146284620
S21403441000F0ABF9204670BD2124FBE7E8F7F6BFB2
S214034420C0F8EC1000207047E7F782BE00F05EB9D4
S21403443010B4BDF8044001945DF8044B00F09FB837
S2140344400B4610B514461846A1689288E6F760F93D
S214034450E168034631B1A0886288121A92B2184402
S214034460E6F756F9002010BD0346408A18B1188AAD
S214034470003818BF012070470846E9F74DBD00F025
S214034480ECBA00F0EABAE9F759BF084708B5E7F708
S21403449085F9C0B208BD022A01D800F0E2B921208E
S2140344A07047022A01D800F0EDB921207047022A8E
S2140344B001D800F0F9B921207047E8F799BC0846FF
S2140344C0E8F7B4BC00F018BA002070470020704725
S2140344D07047D0F8943003F06003402B0DD0602B68
S2140344E003D0203B58425841704749B10B68012B13
S2140344F006D9486940F00100704740F20110704742
S21403450000207047F7B504461046D4E954C7DDE9E2
S21403451008268CEA020587EA06010540194085EA63
S2140345200C057940C4E95451002523F4004106EAFA
S214034530010320F0010043F40073024043F002033A
S214034540CDE90055EBF7CCFA94F824309A0713D547
S214034550D4F854319B050FD54FF48811204600F04C
S21403456058FB94F82430024665F3410384F824305C
S21403457020460B46E7F7E6F8002003B0F0BDF0B59B
S21403458087B01C461746BDF830601AB9002420468B
S21403459007B0F0BD002BF9D00029F7D001AAE8F741
S2140345A035FF0028F2D0BDF80630A2199A42BDF8AE
S2140345B00850C4BF9B1B9CB2B54212D90399AD1BCE
S2140345C0ADB23144A5420391ADF808500DD22A4648
S2140345D03846E6F79DF80499621B7819E6F798F8CB
S2140345E0D5E70499761B3144049122463846F5E70D
S2140345F00846EAF74BBB0220E9F796BE08B5D0F8A3
S214034600E4304BB11A68022A06D993F825204AB13A
S214034610186AB0FBF2F008BD4FF446624C21002046
S214034620E6F756FD0020F6E7D0F8E42008B57AB1A1
S2140346301368022B0CD9536A13F47F4FC3F3072175
S21403464006D0126ADBB253438B42B3FBF1F006D2B9
S214034650002040F67F424C21E6F73AFD002008BDD5
S2140346600346D0F830010860B3F8343100208B805D
S214034670704790F830310C2B14BF90F82B00FF20B6
S214034680704738B50C464FF400610546ECF7CCFA94
S21403469070B17CB195F81E3173B94FF480724FF444
S2140346A080712846ECF7ACFA003818BF012038BDF5
S2140346B02202F4E72246F2E70020F8E74FF480717F
S2140346C0ECF7B2BA08B54A024FF40071ECF798FA61
S2140346D0002008BD08B58A024FF48061ECF790FA13
S2140346E0002008BD4FF40071ECF79EBA06230020A5
S2140346F08B717047B2F5805FF8B50F4606461546D0
S21403470019462ED89A422CD33F2A26D9B2FA82F4D7
S2140347100122C4F11F03DBB29A4092B2AA422CBF15
S214034720C4F11904C4F11A04E2B20124931DDBB2E6
S2140347309C40A4B2AC4212D096F8F5309BB9012047
S21403474096F8243060F3C71386F824303846E8F723
S21403475071FC00203762B582F8BD0022ECE700202A
S214034760EEE72120F8E70E20F6E70846E8F782BCD6
S21403477070B505460E46144602B313883F2B1DD963
S214034780B3FA83F3C3F11901C9B2062901D8192B69
S21403479012D0062928BF062101238A1DD2B29340D0
S2140347A030462380E8F76EFC23882846EE616B824A
S2140347B0E8F7F2FC002070BD0021EDE72120FAE7C0
S2140347C010B5144608460121EAF736F92046BDE837
S2140347D010400121EAF730B9F8B504460E461746ED
S2140347E004F02BFB3A46054631462046EAF7E2FB41
S2140347F00446284604F01CFB2046F8BD02207047FA
S21403480003207047E9F788BD10B50023E8F708F8DA
S214034810044608B9EBF782FB204610BD704770B517
S21403482005460E46144600F0E3F831462846FFF7E1
S2140348302FFD00F0DDF8230704D50B2C9CBF24F0D6
S2140348400804A4B221462846E6F7AEFF00224FF43A
S21403485000312846ECF7D4F9002070BD8021ECF730
S214034860E3B97FB5531C05AAADF8141002920221D2
S2140348700022DBB2CDE900211146ECF7DFF907B0E1
S2140348805DF804FB7FB5531C05AAADF8141002921D
S21403489004210222DBB2CDE9002100220121ECF73C
S2140348A0CDF907B05DF804FB1FB5531C0291002237
S2140348B00821CDE900210122DBB21146ECF7BEF94F
S2140348C005B05DF804FB07B591F82830009391F81E
S2140348D02B3091F8292091F82A10E8F74FFA03B005
S2140348E05DF804FB10B50446E6F758FF014620467C
S2140348F0BDE81040E6F758BF002914BF212000206A
S214034900704738B5054610460C46E8F7BDFAD5B1EC
S214034910D5F8E030BBB15B69ABB1421ED2B2FD2A1B
S21403492013D90A68013204BF6FF001020A600A68ED
S214034930FF281A6007D16268013202D16FF00102C4
S214034940626062685A60002038BD0128F2E738B515
S2140349500546EAF757FB04460021A878E8F7FCFA71
S214034960204638BD2DE9F74F01251C469DF830300B
S214034970064601930368174603F0070306339D4074
S21403498005F1FF380B46A1B1416804EA080BA5EB15
S2140349900B0A41F00059524509EB0B0114D9524654
S2140349A01846E5F7B5FE49467A1B5A445044E5F7E0
S2140349B0AFFE019B2BB13C4448EA050804EA080411
S2140349C0F46003B0BDE8F08F1846F0E737B500256E
S2140349D014460095FFF7C6FF204603B030BDE8F740
S2140349E0CFB80020704700207047002070477047FC
S2140349F0704730B549000446056812B102291FD92D
S214034A000339C90395B9E1B1B1FA81F3C3F12003C0
S214034A10C3F10F00012838BF012003F01F03D9405C
S214034A20A94201D901384908216030BDB5FA85F39A
S214034A3039B1B1FA81F29B1A002BE9DC0F20EFE7BC
S214034A4000210F20F0E7012805D9023818BF4FF0E0
S214034A50FF30C0B270470120704708B5E9F7B6FDCE
S214034A60BDE80840E9F7DABD38B50446FFF7F5FFB9
S214034A700546FFF7F2FF431BA342FAD338BD38B50A
S214034A800D460446E9F7A2FD35B1844200D9013943
S214034A90204601F0030138BD844238BF0131F7E7F1
S214034AA008B50121FFF7EBFFBDE80840E9F7B6BDFF
S214034AB00B0C23F48053B3F5284FF7B50D468FB28E
S214034AC0064699B216D04AF60103994214D04AF61E
S214034AD00203994212D0B1F5204F14BF04240324D5
S214034AE0D6F8E0300BB1196851B9D6F8DC3093B973
S214034AF028680EE00024F3E70124F1E70224EFE739
S214034B00234668463A46E9F7E5FDDDE90003002B50
S214034B10EBD103B0F0BD19680029E9D023466846F7
S214034B203A46E9F7D7FDDDE90003002BE0D1F0E7CD
S214034B3002F002BB0204C0F3891307D56FEA83535E
S214034B406FEA935313F5007F18B206D0A3F1C8009B
S214034B506FF4FF739842B8BF184670474FF0384358
S214034B6059699A6903F500530A405A6170470E2043
S214034B707047EBF7C7BBEBF7C5BBEBF7C3BBEBF76E
S214034B80C1BB08B50846EBF7E3FF08BDEBF7BABBB6
S214034B9002207047022070470020704701207047AC
S214034BA0002070470E20704700207047E8F732B8A1
S214034BB0084611460122FFF741BB70B505460C4671
S214034BC011461A46ECF776F806682B462046B44696
S214034BD0BDE87040604710B5ECF76CF8BDE81040D0
S214034BE083681847FFF710BEE7F73CBFFFF7A9BB7C
S214034BF0E7F746BC70B504460D4616464FF48811D3
S214034C0000F01CF8324629462046BDE87040E8F717
S214034C105BB938B505460C4604F00FF9D5F8903065
S214034C201C40D5F88C302343C5F88C3004F000F9CB
S214034C30211E18BF01210020490238BD38B504469D
S214034C400D4604F0FAF8D4F890301D40D4F88C30B2
S214034C5023EA0505C4F88C5004F0EAF8284638BD64
S214034C6038B504460D464FF48811FFF7E7FF29468B
S214034C702046BDE83840E8F74FB973B50D780646C9
S214034C800C4635B304238DF804302379304601A946
S214034C908DF80530FFF738FB0546B8B92278A379B7
S214034CA052BB8DF80430E379304601A98DF8053000
S214034CB0FFF714FB054648B923783BB161883046B5
S214034CC0E7F7FCF901213046FFF7DBFC284602B084
S214034CD070BD2946FFF7D5FC29463046FFF7F2FCA0
S214034CE029463046FFF7F6FC2378002BCAD12379F2
S214034CF08DF804306379C9E702228DF80420D3E7E0
S214034D00FFF7E0BCFFF7EEBC0020704710B5044683
S214034D10ECF76AF821460020ECF7BAFEBDE810402F
S214034D20002000F02BB970470120704708B5EDF757
S214034D30DDFC80F00100C0B208BD4FF0FF30FFF786
S214034D409EBB70470020704710B50C4603F036FE36
S214034D50048010BD38B50C46154603F02FFE0388B5
S214034D601DB11C43A1B2018038BD23EA040189B2F8
S214034D70F9E708B503F022FE008808BD08B503F07E
S214034D801DFEC07808BD08B503F018FE008800F0C5
S214034D900C0008BD08B503F011FE008800F00C00F7
S214034DA0031F5842584108BD38B5054603F006FEB2
S214034DB004462846FFF7EEFF30B904F1100004F06E
S214034DC019FA00F4406038BD4FF40060FBE738B5CD
S214034DD0054603F0F3FD04462846FFF7DBFF0146CE
S214034DE048B910342046042203F028FD2044BDE8C9
S214034DF0384004F0FFB9A08838BD10B50C4603F060
S214034E00DDFD848010BD38B5054603F0D7FD0446A6
S214034E102846FFF7BFFF30B904F1100004F0EAF9A3
S214034E2000F4404038BD4FF40060FBE738B5054654
S214034E3003F0C4FD04462846FFF7ACFF014648B915
S214034E4010342046062203F0F9FC2044BDE838401F
S214034E5004F0D0B9A08838BD38B5054603F0AEFDDA
S214034E6004462846FFF796FF014608B1201D38BDC5
S214034E7010340622204603F0E1FC2044F7E708B589
S214034E8003F09CFD007A08BD08B503F097FD90F982
S214034E90090008BD08B503F091FD807A08BD08B582
S214034EA003F08CFDC06808BD10B50C4603F086FD04
S214034EB0047210BD10B50C4603F080FD447210BD9D
S214034EC010B50C4603F07AFDC46010BD2DE9F84317
S214034ED00F468046002107F110001646994603F058
S214034EE0E1FD0446D0B103F069FD0546204603F014
S214034EF081FD002102462846E5F77AFA002320467C
S214034F00AB7049F00401FFF71FFFA5F804802EB12C
S214034F103A46314605F11000E5F7FAFB2046BDE8B0
S214034F20F883F8B505460F461020002103F0BAFDB6
S214034F300446B0B103F042FD0646204603F05AFD90
S214034F40002102463046E5F753FA00233946204649
S214034F50B370FFF7F9FE25B12A460121204603F078
S214034F6079FD2046F8BD08B503F028FD103008BDCE
S214034F7008B503F03FFD1038C0B208BD0020ECF7BB
S214034F80AFBC08B5ECF70AFF002008BD4088C0F3A5
S214034F900C000330800840000430704770B50E469E
S214034FA005461146304603F07DFD044635B128B16B
S214034FB003F004FD32462946E5F76CFA204670BD39
S214034FC00088B0FA80F04009704738B5058800229B
S214034FD0044604F079F905B1258038BDF8B50746CF
S214034FE00D4600880021164603F020FDB042044615
S214034FF005D129463846BDE8F840FFF7E6BF00214D
S214035000204603F013FDB04205D02046002103F0EE
S2140350100DFD0446F3E72A462046002103F01AFD59
S21403502032462846BDE8F840002103F013BDF8B524
S214035030058807467DB1CCB22146284603F0F6FC28
S2140350408542064609D100233B800022214630468E
S21403505003F000FD35462846F8BD214603F0E6FC7E
S21403506021460246284603F0F5FCEEE72DE9F04715
S21403507007888246884614465FB3384603F0BAFC70
S2140350803D460646E4B22146284603F0CFFC40459B
S214035090814616D1214603F0C9FC2146024628461E
S2140350A003F0D8FC474504D1454508BF0025AAF8B8
S2140350B0005000222146404603F0CCFC3046BDE8B3
S2140350C0F0878742FAD003F095FC30444D4686B20B
S2140350D0D9E73E46F2E700220123C0E900237047E2
S2140350E0F8B504460127002603F0B4FE23683BB94F
S2140350F003F0ABFE00226368012B0ED16360F8BD9C
S2140351001D691F61266003F0A0FE012DF2D02B4619
S2140351102D691E61012DFAD1E6E719691A610B465E
S214035120EAE7036823B94068012803D0EDF77EBB9E
S214035130002070474FF0FF307047F8B5054603F080
S21403514074FF012306460027A8602B7303F082FE34
S2140351502B6802467BB11C692169A1420CBF2F60F4
S21403516019612761104603F070FE012C08D0204613
S21403517063689847EAE76C68012C04D103F065FE80
S21403518000232B73F8BD6169711AB1F1004FF5D88E
S214035190216969602361E5E70220704702207047B2
S2140351A0002070470144884201D10120704710F85F
S2140351B0013B9342F7D00020704770B50146064680
S2140351C092B00020ECF73CF8044670B9FDF7F1FF07
S2140351D0054601466A462046ECF778FB6A462946AA
S2140351E020468DF80260ECF727FE204612B070BD0D
S2140351F000B593B0FDF7DDFF6A4601460020ECF7E5
S21403520065FB9DF9020013B05DF804FB00B593B08F
S214035210FDF7CFFF6A4601460020ECF757FB9DF8E3
S214035220000013B05DF804FBECF714BB01207047D5
S2140352307FB54FF6FF7101AAEDF76AFD20B1BDF801
S2140352400C0007B05DF804FB4FF6FF70F9E708B5EE
S2140352501046EEF723FDBDE80840EEF7DDBD7047C8
S214035260704770477047704770477047704738B548
S2140352704FF6FF750D800C46F6F7D4FD2080A84246
S2140352800CBF2D20002038BD002100B593B06A4620
S2140352900846ECF71BFBBDF8060013B05DF804FBED
S2140352A0002110B592B004466A460846ECF70EFB9A
S2140352B000216A460846ADF80640ECF7BDFD12B07D
S2140352C010BD002100B593B06A460846ECF7FEFA17
S2140352D0BDF8040013B05DF804FB002110B592B0CE
S2140352E004466A460846ECF7F1FA00216A46084681
S2140352F0ADF80440ECF7A0FD12B010BD70472DE9E1
S214035300F04F87B00C4691460746FFF73CFD05462F
S214035310661C304603F06EFF042D40F0908038463E
S214035320FFF721FE0378092203F00303012B14BFC2
S2140353300223032301212046039303F07FFA092265
S21403534000210546204603F079FA21788DF81700E8
S21403535001390022204689B2FFF720FE04EB090834
S2140353608346F0B14FF0010A2A460146CDF800A065
S21403537003980DF11703FBF7DAFE0228054626D13C
S214035380584603F037FB00222070C0B2431E00923B
S2140353909BB252465946304604F025F823785344C8
S2140353A023703846FFF7E5FC020424D498F801304E
S2140353B021789B071FD50139A1EB09013A464046E0
S2140353C0C9B2F1F729FC23781844207013E020B9FA
S2140353D02070284607B0BDE8F08F032809D1404661
S2140353E003F008FF20F4007189B2404603F004FF7F
S2140353F0D7E70428D5D10125002220462178FFF7D8
S214035400CDFD07460028E4D04FF00008014643468A
S21403541001224046CDF80080FBF789FE022819D109
S214035420384603F0E7FAC2B2013A207093B239461F
S21403543001223046CDF8008003F0D5FFC9E780F09F
S214035440800520F0800081B23046C5F3C01503F016
S214035450D3FED1E70028BCD12070BAE708B50020F8
S214035460FFF764FC80F00100C0B208BD0A4608B529
S21403547001460020EDF79AFEB0FA80F0400908BD19
S2140354800020ECF70DBE00210846ECF7B1BA002069
S214035490FFF74ABC70B5044603F0ACFE04220021B5
S2140354A00646204603F0CAF9204403F0A3FE03226F
S2140354B005460021204603F0C1F9204403F09AFE76
S2140354C04FF6FF730540ADB29D4214D1F30712D5D4
S2140354D006220021204603F0B1F9204403F08AFE99
S2140354E00446EDF7D5FE844214BF02240624EDF7E6
S2140354F0C9FE204070BD2046FBF7EBFFC400E4B2B4
S214035500F5E708B5FFF7C6FF003818BF012008BD4A
S2140355100120704710B50446FEF71DFB08B9FEF7D9
S2140355201CFB03050FD40C231B2B01D1002009E021
S21403553020FA03F1C90703F1010206D5DBB2E31A29
S2140355405842584110BD0B23F9E71346ECE710B554
S2140355500C46098819B90846F7F7BCFF20800120D6
S21403556010BD08B510461A4600F08CFABDE8084090
S21403557003F0DEBD70B504460D46164692B06A4685
S214035580ECF7A4F96A46294620468DF81F60ECF727
S21403559053FC12B070BD10B50C46EEF755FA204614
S2140355A0BDE81040EEF766B90129F8B505460C4686
S2140355B01DD003291ED0052920D0072922D0002676
S2140355C0002400270120ECF7D3F8304485421DDA87
S2140355D00320ECF7CDF82044854219DA0520ECF7D2
S2140355E0C7F838448542B4BF07200520F8BD6FF0DE
S2140355F00406E5E76FF004040526E2E700266FF0ED
S2140356000407DFE7002405272646DBE70120EDE74E
S2140356100320EBE738B14379490023F00C0301F08C
S2140356200C010B434371704710B5044678B14179BA
S2140356304088490801F006010131000AFFF7B4FF6C
S214035640024601462046FFF7E5FF104610BD072237
S214035650FBE738B50D46EEF7E5F9044608B9002032
S21403566038BDFFF7E1FF002DFAD1237913F00703C6
S214035670F5D0984238BF1846C0B2F1E7EEF7E0BB64
S2140356800022EEF703BD0021012208B5EEF7FEFC6B
S214035690401A18BF012008BD38B51546FFF7F0FFBE
S2140356A00446284603F083FE84B1FF2804D06268CC
S2140356B022FA00F3DB0701D5012038BD012383401E
S2140356C013436360E3780133E370F5E72046F4E7BA
S2140356D0EEF736BF10B503F071F900F1100420465B
S2140356E003F088FD20F4007189B22046BDE810401F
S2140356F003F082BD2DE9FF411546019101218DF886
S2140357000D301B0A8DF80E309DF82C308DF80C00EA
S2140357108DF80F3028460423009103AA9DF82880AD
S2140357209DF830709DF8346001F016FB044670B1A6
S2140357302946FFF762FBB8F1000F02D12046FFF7B8
S214035740C9FF2FB146B93146204601F0D0F80024F0
S214035750204604B0BDE8F081002220461146EEF74D
S21403576075FEF4E74FF47A70EEF7CABF08B5EDF7A7
S21403577071F8BDE808400020EFF7C8B800B58BB055
S2140357806846EEF799FF009BBDF8060004A906934A
S214035790EEF738FF0BB05DF804FB1FB5044668460A
S2140357A0EEF78AFF02AB03CB2060616004B010BD46
S2140357B01FB5062304468DF80C30EFF701FA0023D5
S2140357C08DF80D00CDE9003301210223204603AAFC
S2140357D001F0C2FA04B010BD38B500220821054610
S2140357E0FFF7E0FC044698B9FFF74EFD22464FF656
S2140357F0FF71EFF73DFC2846297CEFF7B7F8287CC6
S2140358006A69E989F0F7B2FFEFF728F8204638BD52
S2140358100120FCE770B50C4605460120EFF7B4FF00
S214035820237B4BB1FFF730FD014623462A46BDE8EE
S21403583070400120EFF73ABC4FF6FE71F5E7F8B576
S2140358400E460746FFF78FFB054603F0D3FC00F42E
S2140358504040B0F5404F14BF0022062202F10A036F
S214035860EB5C0B325C0004F00E045B08144403F09C
S214035870380338461C44FFF77BFB844208D2001BE0
S214035880C2B20F2A28BF0F2230462919E4F740FF79
S2140358902046F8BDECF7DEBF40F62740F0F7E4BC41
S2140358A0FF224FF6FF71F0F713BE07B500210DF187
S2140358B00700F0F745FF9DF8070003B05DF804FB0B
S2140358C013B5044601A90020F0F73AFF019A0146F2
S2140358D02046F0F74BFF204602B010BDF0B50F464A
S2140358E0002187B0044608461646F0F729FF012331
S2140358F005460DF10A008DF808408DF80930FFF7CC
S2140359004CFF092C1DD131460DF1120003F074FC37
S21403591005AB002102AA9B1A2846CDE90011DBB28B
S214035920642101F019FA0546E0B1092C15D1F0F708
S21403593067FF044688B12846F0F776FF204607B08F
S214035940F0BD31460DF113008DF812704FF6FF755A
S21403595003F052FC0DF11503DBE7284600F014F8BC
S2140359600446EBE70446E9E738B504460D4603F07C
S21403597038FD40B1AC4206D0204603F029FDBDE811
S214035980384000F0ACBF38BD10B50446FFF7EBFA5D
S214035990023003F02FFC4FF6F7739842204603D9E4
S2140359A0BDE81040F1F7BAB8F1F7FAF8B0FA80F0AC
S2140359B0400910BD012070470022F0F7E7BF70B51D
S2140359C004460088FFF7CFFA0546043003F012FCBE
S2140359D00646A81C03F00EFC054603F021FB3046E2
S2140359E0F2F7C4FA30B92846F2F7C0FA10B12846DF
S2140359F003F0F7FCA378002023F00F03A37070BD19
S214035A0070B50546FFF7AFFA0646284601F0C8F913
S214035A1001462846F8F792F904462846FFF7D7F9D1
S214035A204FF6F773984208D8337803F00303012B35
S214035A3005D1A31E5842584170BD0120FCE7002043
S214035A40FAE741F2033330B585B00D46ADF80830BA
S214035A500446FFF719FC8DF80A00FFF715FC002132
S214035A60000A8DF80B0005232046CDE9001102AA93
S214035A708DF80C5001F070F910B12146FFF79CFF2A
S214035A8005B030BD2DE9F041044617460D46E1B199
S214035A903F294FF0000600D135462046FFF773F93D
S214035AA0082814D10121204602F0C0FF064602F062
S214035AB0A1FF0446304602F081FF3B4601462A46D4
S214035AC0E0B2BDE8F041FDF718BC0126E5E7204645
S214035AD0FFF759F9024630B9BDE8F0414FF6FF71BA
S214035AE0012003F050BB2046FFF75EF9B0F5006FC8
S214035AF00ED12046FFF76BF94FF6FF739842014627
S214035B0017D0002D0CBF03200520002203F03BFB1B
S214035B1029462046EEF752FD68B929462046F2F795
S214035B20C3F940B9324629462046BDE8F041F1F7AD
S214035B307BB90120E9E7BDE8F0817047704737B5C8
S214035B404FF6F675FDF738FB431E9BB2AB42044691
S214035B50F8D8EDF767FF0028F4D169462046EDF73D
S214035B6083FA0028EED0204600F09AFE0028E9D1FA
S214035B702046FFF788FD0028E4D12046F2F7F6F921
S214035B800028DFD1204603F02CFC0028DAD120467B
S214035B90FDF71DFB0028D5D1204603B030BD73B5F5
S214035BA004460E46F2F7E2F9054688B92046F2F7B0
S214035BB037FA21462B460D224FF6FD70009500F06E
S214035BC0A1F83146204602B0BDE87040F2F7EAB9C4
S214035BD002B070BDF7B504460D461746FFF754FBF3
S214035BE00646002D3FD04FF6FB739C423BD820461B
S214035BF0F2F7BCF908B1A64235D02046F2F7B6F95B
S214035C0010B1012003B0F0BD2046FDF7E0FAC0B1A5
S214035C10A642F6D0F4B169462046EDF725FA0246C9
S214035C20C0B908216846FFF7BDFA98B90822694645
S214035C302846E4F729FF68B129462046FFF7AFFF59
S214035C40DFE7A642E6D12846EDF77CFA10B900F066
S214035C503DFED6E73FB121462846EEF789F82146B2
S214035C602846F6F7C5F80020CCE737B505461446B0
S214035C700C2914D8DFE801F02C132C131313071385
S214035C801313132424006946EDF7EEF918B901211E
S214035C906846F6F7ABF941202946F8F7CBFCD4B1B2
S214035CA02046FFF760F9023003F0A4FA4FF6F773C5
S214035CB0984210D9204603B0BDE83040F0F7E4BF61
S214035CC040F6144040F613430B2908BF1846E3E793
S214035CD000F0EDFDE3E703B030BD1FB5034608460D
S214035CE003218DF80D308DF80C1001230021ADF83B
S214035CF00E20CDE9003103AA042301F02DF805B0E8
S214035D005DF804FB2DE9F34106460F4614461D468F
S214035D109DF82080FFF7B8FAB04207D1002221464B
S214035D20384602B0BDE8F041FFF79FBF3A4631461A
S214035D302046FFF7D2FFADF8060060B10D2C05D163
S214035D4000224FF6FF71282003F01DFA35B9BDF87F
S214035D500600FFF719FE02B0BDE8F08101234246B4
S214035D6029460DF10600ECF7C9FCBDF80630002BFA
S214035D70EDD1F0E7F7B50C460546FFF7F4F8611CDE
S214035D8006462846F7F7DAFFA11C0746284600F022
S214035D902AFF014604463846FDF747FA0D2F34D14D
S214035DA02046F2F7E3F878B1301D03F023FA0446F1
S214035DB02846F679FFF73AF831460246204603B0FE
S214035DC0BDE8F040FFF768BCB01C03F013FA4FF6CB
S214035DD0F773984202D92846F0F756FF2046F2F7A3
S214035DE01FF9FFF751FAA04205D1002003B0BDE822
S214035DF0F040FFF7A2BE6B46B068F16803C369467E
S214035E002046F2F7CFF803B0F0BD2A4639462046BF
S214035E1003B0BDE8F040FFF728BF14220021E4F7E3
S214035E20E7BA2DE9F04F11F00F0704460E46154664
S214035E308FB05CD10120E1F759FF09A8FDF7F3FA0B
S214035E40092309A88DF82430FDF7F1FA09A8E1F72C
S214035E501FFF01A909A8FDF77BFC26F00F08A8443D
S214035E6004F1100904F10F0A454511D1236901A96C
S214035E703344236109A8FDF750FC0020E1F736FF01
S214035E80B6F1005F28BF272738460FB0BDE8F08F6E
S214035E9005AA234696469446186859680833ACE81C
S214035EA003004B456246F6D12B46224605F1100BFE
S214035EB053F8041B5B4542F8041BF9D1714609A845
S214035EC0FDF72BFC09A8E1F7E3FE22462146012055
S214035ED0E1F7C8FE013D631E13F8012F15F8011FF5
S214035EE0534582EA01021A70F6D15D46BCE70227E3
S214035EF0CAE7F0B5174685B005460C4610220021C2
S214035F006846E4F775FABFB3C4B30F2C04F00F0664
S214035F1008D924F00F043A4621462846FFF781FFA6
S214035F2040BB2744324639466846E4F7F1FB8022F5
S214035F302F6906F1100337446B44B7F5005F03F887
S214035F40102C2F61C6F110061AD3062E1FDDFB0098
S214035F501A0E8DF80A201A0C5BBA8DF80B20ADF8D2
S214035F600C306A4610212846FFF75BFF00202B699A
S214035F70103B2B6105B0F0BD3E46D8E72646D6E774
S214035F80022E04DDFB005BBAADF80E30E9E76A4685
S214035F9010212846FFF745FF2B691022A3F11004B2
S214035FA0002168462C61E4F723FAB7F5005F4FEA51
S214035FB0C403CDD2E7E770B50E46054686B001A802
S214035FC01446FFF72AFF3246294601A8FFF791FF3A
S214035FD02246054601AB05AE1C4603CCB442106010
S214035FE05160234602F10802F6D1284606B070BD7A
S214035FF0F2F76EB80A460021F2F76AB8F0B58BB02E
S2140360000C4601A9F2F764F8054680B32522002161
S214036010E01CE4F7EDF90123A3700E23BDF810701E
S2140360202380FA0510D523464FF4877206AE23F86D
S214036030042B0DF1280C324603CA624518605960DA
S214036040164603F10803F6D13B0605D5238843F02D
S21403605080032380069B636001AB03CB039BC4F8DA
S2140360601D00C4F82110A361F3F716FA60612846F1
S2140360700BB0F0BD30B505460C4687B001A8FDF75A
S214036080D2F92868696802AB03C39DF8113043F060
S21403609002028DF8112074B12288510644BF43F0E2
S2140360A006038DF81130530542BF9DF8113043F0B7
S2140360B008038DF8113001A8FDF7B0FAB0FA80F0A6
S2140360C0400907B030BD2DE9F3410F460546164695
S2140360D002F090FC4FF00008C41BE4B229462346A6
S2140360E03A463046CDF8008003F07DF90121284674
S2140360F002F09CFC88B10121284602F097FC074673
S21403610002F078FC0546C3B2424630193946CDF84C
S214036110008003F068F92544ECB2204602B0BDE8DF
S214036120F0812DE9F04F85B00C46054691461F4693
S2140361304FF0010ADDF838809DF83CB002F05AFCB7
S21403614022463B4629460646CDF800A0484603F0BD
S2140361504AF95146284602F069FC3C4418B35146B6
S214036160284602F063FCF6B2B442814610DAE7B280
S214036170F31BDBB2404622462946CDF800A0039324
S2140361805F4403F030F9039BBF1B984407F0FF0BF3
S214036190012300220E9349465B46404605B0BDE800
S2140361A0F04F03F020B95B4622462946CDF838A0C7
S2140361B0F3E72DE9F041002686B0074608460C466D
S2140361C015469846CDE9026604968DF8146002F0EB
S2140361D011FC411BCBB20D2B28BF0D232A462146AB
S2140361E0009602A803F0FFF8424602A93846F2F7E3
S2140361F0C5F80646294620469DF80820F7F7B2FD5F
S214036200304606B0BDE8F0812DE9F04F0E46CBB020
S2140362100121054617461C4602F008FC23463A466B
S2140362202946814606A8FFF7C4FF0DF1280A00EBAE
S214036230070B5246314628465FFA8BFBFFF743FFB0
S214036240B34503D200204BB0BDE8F08FABEB060896
S2140362505FFA88F808F104039842F3DB331F184407
S2140362600423C4B20193A31BDBB2009352464346F6
S2140362700021CDF808A006A8E1F7A8FC0028E1D184
S214036280A4EB0B040AEB0803E4B252462846314655
S214036290009301944346FFF744FF39462846F7F731
S2140362A04DFD394600F0F8022846F7F75BFD01215D
S2140362B0284602F0BBFB002818BF4D462846ADF81B
S2140362C0165002F097FB011FC9B20DF1160000F03D
S2140362D04FFC0120B7E72DE9D841064600F060FDE4
S2140362E0411C044689B2304600F02DFD98B394B3A2
S2140362F021463046F7F722FD00F00C03042B074631
S21403630029D000F00308B8F1020F00D11BBB3846B2
S21403631000F0B0FD3B060444A4B216D5611C30461B
S21403632089B200F010FDB0B121463046F7F706FDFE
S214036330B8F1010F014600F003030CD0032B0AD07B
S214036340384600F0A6FD03199CB221463046BDE848
S214036350D84100F0F8BC0020BDE8D881F8B5064661
S21403636000F0E0FC054604463046FEF7FCFD4378A5
S2140363705B0718D5AC1CA4B22146304600F0E3FCFC
S214036380B8B129463046F7F7D9FC0746691C3046AC
S21403639089B2F7F7D3FC1FB1874201D8FF2808D18B
S2140363A004EB4704A4B221463046BDE8F84000F0AB
S2140363B0CABC0020F8BD13B5044601A8F2F736FAA6
S2140363C0BDF80430DA0710D49B0707D41022002147
S2140363D0204602B0BDE81040E4F70AB8224621463C
S2140363E01020FFF7E8FD0028F0D102B010BD0246EA
S2140363F008B5F2F743FA510544BF0838C0B213058F
S21403640044BF0838C0B208BDF0B5D30705460C46EE
S2140364108BB04AD5008800F0C3FC002306460293DF
S21403642014B9CDE9034403AC002208212046FEF745
S214036430B9FEA8B12888FEF796FD023002F0DAFE10
S21403644021460746ECF710FE50B1002240231146C2
S214036450384600F005FA40F6094528460BB0F0BD6D
S21403646031462888F7F76AFC10F0030F0CBF0126A5
S2140364700026F1F771FE46EA4000C0B20090002104
S214036480204602AB05AAF3F743FC0546F1F764FE84
S2140364900028E2D0002DE0D000212046009602AB73
S2140364A005AAF3F735FC0546D7E740F60A45D4E7D1
S2140364B000231A46F3F798BB30B58BB005AD0446F8
S2140364C02846FCF7B0FF0223284601A98DF81430AE
S2140364D0FDF73EF9234601AA144603CCAC421860E6
S2140364E05960224603F10803F6D10BB030BD08B558
S2140364F00023024619461846F3F776FB012008BD2B
S21403650037B504466846F3F7E7FB054648B1082265
S21403651021466846E4F7B8FAB0FA80F0400903B0BB
S21403652030BDFF2208212046FEF73CFE034628B175
S21403653006212846FFF7BCFF0120F0E72246014666
S214036540F3F752FBF8E707B56846F3F7C5FB10B158
S2140365506846FDF76CFA00F0010003B05DF804FB33
S2140365600120F4F78FB8704730B50124054689B08B
S21403657003A8FCF758FF01A88DF80C40E1F7E6FBEB
S2140365809DF806209DF80730AA4209D0AB4209D1F0
S21403659003A88DF80D40E1F77BFB012009B030BD61
S2140365A00024F5E70020F9E700221021FEF7FABDE4
S2140365B070477FB50D4600F582300D22694600F51B
S2140365C08070D5F763FB6B462A4602AE1C4603CCA7
S2140365D0B44210605160234602F10802F6D12068E7
S2140365E010602379137100236B7304B070BDF0B58C
S2140365F085B06A4605460B46164601F1080714465B
S21403660018685968083303C4BB422246F7D1186892
S2140366100D2220601B7905F582303146237100F583
S2140366208070D5F75FFB05B0F0BD38B504460D4660
S214036630E0F77EFEA04205D920462946FFF7B9FFBC
S214036640002038BD2820FCE730B5002485B08DF83F
S2140366500040E0F76DFEE5B2A84204D8F5F72AFB42
S214036660002005B030BD69462846FFF7C0FF013459
S214036670EFE738B50446002002F0A8FEFF280546DB
S2140366800FD002F0ABFE10F0010009D0284602F04E
S214036690A5FE400840EAC17080F0010000F001004A
S2140366A038BD04F00100FBE70146F8B506460020B6
S2140366B0F5F73AFAFF2801D00120F8BDE0F728FEE7
S2140366C000240546871CE0F727FEE3B2984201D86C
S2140366D00020F2E735F82430B34203D117F824300C
S2140366E0002BE9D10134EEE738B50D460121044607
S2140366F002F09CF930B10121204602F097F9288078
S214036700012038BD20462C8000F020FC0130C0B2AA
S214036710F7E72DE9F04788B00746894610460DF19E
S2140367200A011D469046FFF7DFFF4FF0000ABDF84B
S2140367300A6004463046CDE905AACDF81BA002F050
S21403674059F9031BDBB20B2B28BF0B23224631461A
S214036750CDF800A005A802F046FE48F21F039D42AE
S21403676043D00BD885F40043012B15D92346424664
S214036770494628460097FDF7A7F933E048F23A035F
S2140367809D42F3D1FEF780FDB8422BD02246414608
S21403679005A8FDF7CAF925E09DF8143013BBBDF82C
S2140367A01D40DDF81500DDF8191003AB03C32046C2
S2140367B003A9E0F7B1FF0122204603A9FFF70AFA6F
S2140367C0A74206460ED0012103A8F5F70FFC48F2B0
S2140367D001039D4206D12EB933463246394620463A
S2140367E000F058FC08B0BDE8F0879DF81450002D63
S2140367F0F8D12F469DF815800234EAB24245F1D20D
S214036800D200D2B222440823314692B2009703A89C
S214036810CDE9037702F0E7FD03A800F074F802F071
S214036820D7FD00F05CF80135E7E710B5002441809A
S21403683084800480C280038110BD13B5BDF8104068
S214036840CDE900340023F5F79FFE02B010BD13B563
S214036850BDF8104001900094F5F796FE02B010BD07
S21403686007B500930123FFF7F2FF03B05DF804FBBF
S2140368700123F5F72FBF38B50546EFF7C1FF0446EA
S214036880E0F762FDA40144EA4020284038BD704783
S214036890704700207047FF207047002070477047FE
S2140368A0002070474FF6FF70704700207047704710
S2140368B000207047704700207047704700207047DD
S2140368C00020704770477047002070477047704736
S2140368D0002070474FF6FF707047172070477047C9
S2140368E07047704770477047704701207047012014
S2140368F07047002070470020704770477047704706
S2140369004FF6FF7070474FF6FF70704700207047D2
S21403691000207047002070477047002070472DE91D
S214036920F04F002785B081460C467E2039469846B0
S214036930BDF83CB09DF844A0BDF84C500192ADF8AC
S2140369400E7002F0AFF80646002800F0AA8002F0A8
S21403695035F839467E22E3F74BFD304602F02EF833
S2140369600090304602F02AF8B9F1FF0F0CBF274615
S21403697044F003073B0A14F44062077043705FD188
S2140369804FF00808C31C184642460199E3F782FDF8
S214036990034604F44044434484B1790606D41946B6
S2140369A04FEA1B2201F802BB5A700B46B4F5004FA0
S2140369B056D0A4F5404254425441E40022461846B9
S2140369C00E99E3F767FD009A03462044A0EB0208FE
S2140369D05FFA88F89DB14FF47C521A53841C2846FC
S2140369E001F0ECFF8346284602F004F8C5B22A46B7
S2140369F059462046E3F78CFE60190235EDB2B9F12D
S214036A00FF0F2FD05246109900F8019BE3F780FE44
S214036A1008F101015AFA81F129443046EBF704FEE6
S214036A200C210022FF0007F0800710463943FEF7CB
S214036A3078FAADF80E00E8B9002005B0BDE8F08F8F
S214036A40B2F5006F80F803804FEA182880F80480B8
S214036A5000F1050314BF4FF008084FF0020892E751
S214036A600224ABE708EB0A0129443046EBF7DCFDCA
S214036A700821D6E7304601F0A1FF0446304601F070
S214036A80B9FF0123024621460DF10E00EBF736FE51
S214036A900028D1D10121BDF84820BDF80E0001F031
S214036AA0D9FFBDF80E00C8E710B50C46098821B912
S214036AB00846F6F70FFD208008B1012010BD02201E
S214036AC0FCE72DE9F04780460F460646002402F110
S214036AD0FF39BC4202D219F8015F25B9A6EB0800BC
S214036AE080B2BDE8F0879A46A5F13102012A5AF82A
S214036AF0041B10D83246322D02F8011B06D101348E
S214036B00A4B2A74232D30912B21C717001345346A1
S214036B101646A4B2DDE7342D0CD10334BC42DDDACD
S214036B200B0A317073700B0C090EB370321DF170C3
S214036B30A4B2EBE7A5F13302062A0DD8303DADB279
S214036B402B19BB42CADA2A463046013CE3F7A2FCBD
S214036B5015FA84F47219EBE7A5F14102062A01D867
S214036B60373DECE79D8803F1080AE9E71646B5E7E3
S214036B7070B5054600880C4601F03CFFA042288805
S214036B800AD201F037FF0023221A19462846BDE829
S214036B90704092B2EBF7B2BD2146EBF745FD0020FD
S214036BA070BD38B5054601F009FF0446284601F0D6
S214036BB021FF002201462046BDE83840FEF7EEB925
S214036BC0F8B516460C461D46BDF8187001F0F6FEDD
S214036BD00444304601F0F2FE3A4641192046BDE829
S214036BE0F840E3F757BC70B50C46013189B2064648
S214036BF0F7F7A4F8214605463046F7F79FF800EB6B
S214036C00052080B270BD1FB50123ADF80C2000939C
S214036C100A460223014603A802F0E5FB05B05DF829
S214036C2004FB0FB437B5069D0021A8B201F03AFF66
S214036C30044601F0C3FE2CB1002207AB0193D1B288
S214036C408D4205D8204603B0BDE8304004B07047F7
S214036C5053F8041B81540132F1E773B504460D461D
S214036C6040200021164601F01DFFADF8060001F096
S214036C70A5FEBDF8063013B9002002B070BD402152
S214036C8033462A462044FFF71CFF211889B20DF12C
S214036C900600FFF76DFF0028EED1BDF80600ECE70F
S214036CA00EB403B503AA52F8041B0192FFF7D5FFEF
S214036CB002B05DF804EB03B070472DE9F7430F46C7
S214036CC001218146164601F0B1FE054658B1FFF78D
S214036CD068FF308088B9284601F08CFE68B1192019
S214036CE003B0BDE8F083484601F084FEFF2FA0EB17
S214036CF00704E4B214D014B934800020F0E72A461F
S214036D0021462846FEF74AF980460028E7D03B4648
S214036D104A4629460094FFF753FFA6F80080ECE79F
S214036D200120DDE708B5FEF71EF9437803F00100FE
S214036D301A074CBF10300830DB0644BF0830C0B219
S214036D401030C0B208BD10B50C4601F053FEA04289
S214036D5034BF0020012010BD7FB5144600910246C3
S214036D6041F2092141F609209DF820601D46002EB8
S214036D7018BF0146099B0020F7F708F8ADF80E0088
S214036D8010B9002004B070BD01232A4621460DF138
S214036D900E00EBF7B3FC0028F3D1BDF80E00F1E7C5
S214036DA038B50546FFF7BEFF0446284601F022FE27
S214036DB0631C9BB283420FD82846FEF7D4F8437869
S214036DC05B0707D521462846F6F7B8FF013004EBE4
S214036DD04004E4B2204638BD0024FBE71FB5ADF8F7
S214036DE00E0001F007FE0446BDF80E00FFF7D8FFBD
S214036DF000F10E03DBB2BDF80E200146E01A80B2A6
S214036E0000901046FFF7DCFEA4F10E0189B20DF1E7
S214036E100E00FFF7ADFE04B010BD4278034612F035
S214036E20080006D0D20702D403F10800704703F126
S214036E300900704737B505460C46FEF794F84378C5
S214036E4013F0100212D09CB103F001021B074FF09F
S214036E5000032946009320464FF0080354BF183218
S214036E60203202F0C0FA012003B030BD1046FBE723
S214036E702046F9E700F00303012B08D0C30606D427
S214036E8000F00C000C2814BF0820092070470220CD
S214036E907047034611F0030005D003F00303022BEB
S214036EA014BF022003207047F8B50C46064601F0CF
S214036EB0A1FD631C834202D900252846F8BD21465E
S214036EC03046F6F73BFF0746FFF7D4FF3B0605467B
S214036ED0F3D50444304601F08DFDA4B2631C9BB287
S214036EE08342E9D821463046F6F728FF014638465E
S214036EF0FFF7CFFF2844C5B2DFE770B506460D4659
S214036F00FFF7D2FF044610B90024204670BD294679
S214036F103046F6F713FF8206F7D5304601F06AFDD2
S214036F202544ADB26B1C9BB28342EDD8294630464E
S214036F30F6F704FF00F01803082B14BF05340634D5
S214036F40E4B2830644BF0834E4B2DEE738B5054648
S214036F50FFF726FF044608B9002038BD0146284639
S214036F60FFF7CBFF0028F7D02044C0B2F5E72DE9A2
S214036F70F04387B005460C46FDF7F5FF804602F062
S214036F8039F907462846FFF70BFF0646014628460B
S214036F90FFF78AFF0022034600922946324602A8DC
S214036FA002F021FA9DF8086006F00C030C2B06F09D
S214036FB003090BD0B9F1010F59D0F10657D49DF848
S214036FC009300DF10A050020637107E0FF230DF178
S214036FD00900637102F00EF90DF10B05208198F894
S214036FE00130DA0704D508F1020002F003F9208124
S214036FF0B9F1010F5FFA89F83DD0F3063BD4284672
S21403700002F0F8F86080A81C02F0F4F8053515F8CD
S214037010013C208023712B78B006A37206F0400350
S21403702048BF43F02003390627D543F40073F8041A
S21403703048BF43F48063390548BF43F40063320610
S214037040E38011D56A7812F003020DD06FEA43434A
S2140370506FEA5343A978B8F1020FE3800B4611D1C8
S214037060EB7841EA0321218107B0BDE8F083FF23D3
S2140370700DF10905A7E7FF23CCE77A0648BF43F4DB
S2140370808073D4E7012A04BF0B029BB22381EBE78C
S214037090F7F72EBB0BB1F7F797BB0AB9F7F710BC98
S2140370A0FF21F7F739BB431C08BF0020E4F756BCA3
S2140370B0034B5868C0F30800003818BF0120704718
S2140370C000ED00E0014B1868704700BFF45F002036
S2140370D0084B1B6F03F00703022B04D0032B05D0CA
S2140370E0012B05D0FEE7044B18687047034BFBE7FC
S2140370F00348704700800050F45F0020FC5F0020C8
S214037100002D310108B5FFF7E3FF054B1B6FC3F3F3
S21403711001330133B0FBF3F0024B186008BD00BF28
S21403712000800050F05F00200048704700B4C4049D
S21403713000487047002D3101014B1868704700BFA7
S214037140FC5F0020174A9368C3F304430C2B0AD84A
S214037150DFE803F00B0909090909072119091B1DB3
S2140371601F001148704700207047936803F0407370
S214037170B3F1807F11D0B3F1007F10D0002B0B4802
S21403718018BF002070470A4870470A4870470A48E5
S21403719070470A4870470A4870470A4870470A48C3
S2140371A0704700BF0040015A405DC60000093D001D
S2140371B0C0EA210180BA8C010048E801005A620245
S2140371C00024F40080841E0040420F00014B186820
S2140371D0704700BFF85F002007B500F065FC6A46FD
S2140371E000F0C2FC18B14721034801F025FFDDE992
S2140371F0000103B05DF804FBCC9A03000229F8B53E
S21403720096BF104B00245C5C012805460E4608D04A
S214037210022809D008B944F002040B4B1F6837B99B
S214037220F8BD44F00804F8E744F02004F5E77B686B
S2140372301A68144203D0314628465B6898473F686D
S214037240EDE700BF123504006837002038B5104D4F
S2140372502B78ABB10F4C23781BB100F031FA002327
S2140372602370002001F0FBFE0B4C50B100F07AFABD
S2140372700023012120782B70FFF7C0FF0123237022
S21403728038BD0122054B1A702278054B1A70F7E7B2
S2140372901E5600201C560020235600201F56002092
S2140372A0205600200E490B78FF2B01D198B170476A
S2140372B00BB990B97047002814BF0122FF2213446C
S2140372C00B7060B1074B1B78012B08D9064B1B7854
S2140372D02BB9FFF7BBBF1A46F1E70122EFE770476A
S2140372E022560020235600201F56002010B501F01A
S2140372F0A4FD064B04461B781BB1BDE8104001F005
S21403730097BDFFF7A3FF2046F7E700BF1B560020F5
S21403731002282DE9F04147D029480378FF2B41D1B5
S214037320002941D11A461344DBB2037000293BD02F
S214037330244E3278012A37D9002B3ED001F07DFD4A
S214037340214F04463B780BB3204D2B781BB9012203
S2140373502A701F4A1370DFF87C8098F8003023B138
S21403736000F0AEF9002388F80030204601F060FDF7
S214037370012001F074FE01F060FD2B7804461BB17A
S21403738000F0F0F900232B7000233B70204601F039
S2140373904FFD01243078A04206D02146FFF72EFF8A
S2140373A0347001E013B931B9BDE8F081002914BF88
S2140373B00122FF22B7E70122B5E70224EAE700BF6E
S2140373C022560020235600201E5600201B5600205F
S2140373D01F5600201C5600202DE9F04385B0EFF31E
S2140373E0108572B6AFF3008001F00EFF002800F0A0
S2140373F09280624E624F337823B10020FFF752FF2C
S21403740000233370387878B903A900F01DFB0446CF
S21403741050B95C4B039A1B689A4200F284800120A1
S214037420FFF740FF012333703B78002B40F0998031
S214037430554B1B78002B00F091804FF00208534CFD
S214037440DFF868912078404507D099F8003013B9E3
S2140374504146FFF7D3FE84F80080B8F1020F0FD140
S214037460DFF8248198F8003053B9494B1B7823B9C9
S21403747000F020F90122474B1A70012388F80030E8
S214037480207800F0F7F899F8003013B1424B1B78D8
S2140374902370AFF30080284601F0DCFDEFF3108580
S2140374A072B63E4B1A7852B100221A703A4B2078C5
S2140374B01B78984203D101212170FFF79FFE3848BD
S2140374C000F082FA01F0B4FE8046002893D12E4FD6
S2140374D03B789BB189F80000DFF8B89099F8003044
S2140374E01BB100F0EDF889F80080002001F0B7FD2D
S2140374F0002839D000F036F900233B70337823B1E7
S2140375000020FFF7CFFE0023337000212078FFF71B
S21403751075FE00232370AFF30080284605B0BDE850
S214037520F04301F097BD1F4BD3F8008000F048F9F5
S214037530039B80449845BFF472AF00F03BF982008A
S214037540039942F0020292B2CDE900422346164A5C
S214037550A1EB0801124801F084FD65E700F09CF8F2
S2140375606BE74FF001086AE7012000F083F828462E
S21403757001F070FDEFF3108572B6B6E71D560020D6
S21403758022560020703700201E5600202356002067
S214037590215600201C560020205600201956002095
S2140375A0743700206C370020ED7203001F5600204E
S2140375B010B501F042FC0022054B1C781A7001F04E
S2140375C037FC00F005FBE4B22043C0B210BD00BF99
S2140375D01A56002038B501F030FC094B05461B78D7
S2140375E0012B04D801F024FC0024204638BD054BAB
S2140375F01C6800F0E5F80444284601F019FCF4E79B
S214037600235600206C3700201549164A0B6F10B519
S21403761003F007031360144A144C9269032B02F019
S2140376200200C2F34002227017D0D1F8203103F0D3
S2140376300703022B11D0D1F8803203F001030C4A62
S214037640137048B143B9064BD3F8003103F0030374
S214037650591E4B424B41137010BD0123EFE700BF89
S21403766000800050D037002000C00150285600206C
S21403767029560020012805D00238012808D8002002
S214037680D2F792B8034A136923F00403136130BF99
S214037690704700BF00ED00E0044B054AD3F82031E5
S2140376A003F007031360F8F789BA00BF00800050A1
S2140376B0D83700200122014B1A7070472756002046
S2140376C0F8B51F4B1B78002B39D01E4C2378B3B963
S2140376D01D4B9A6DD10302D5DA6D92072FD49B6D9D
S2140376E0DB072CD401F000FD184B194A1860136F02
S2140376F023F0070343F003031367FFF703FD01F0CB
S214037700F3FC124B134D1B68134EC01A2B78134F02
S21403771056F8232046F82300111A3A681048521ADE
S2140377200A213A600932B2FBF1F20133DBB202609E
S214037730B3FBF1F201FB12332B7000232370F8BD69
S214037740295600202656002000C00050C8370020C7
S2140377500080005025560020A03700209C370020CC
S2140377609837002008B5F8F72AFA0D4A0D49136F23
S214037770096823F007030B4313670B49D2F820313C
S214037780096823F007030B43C2F82031074B1B7825
S21403779013B10122064B9A62BDE80840FFF7B2BC5C
S2140377A000800050D0370020D8370020295600200C
S2140377B000E00050014B1878704700BF29560020A0
S2140377C0054B187818B1054B186800EBD000044B2E
S2140377D01B681844704700BF2956002098370020BE
S2140377E0CC37002008B50D4B1A7892B100221A70D8
S2140377F00B4A136F23F0070343F001031367D2F812
S214037800203123F0070343F00403C2F82031FFF7C7
S21403781079FC0122034B5A6708BD00BF2756002098
S2140378200080005000E000500D490B68A0B1002214
S214037830A3B1834203D1836822B90B6003E01A46DF
S2140378409B68F5E7936083680BB9002070475A6915
S21403785041690A445A61F8E72220704702207047BC
S214037860E437002010B501F05BFC0A4C0A4B19689C
S2140378702368C31A09B9206010BD002BFBD04A69E0
S2140378809A423ABF9B1A0022D21A4A6128BF0023A3
S2140378908968EFE7E0370020E437002038B5154D58
S2140378A02B682BB35B69B3B1134A022014681C44DC
S2140378B000F088FA204600F047FA00220F492B68AA
S2140378C00A70012A05D823B1D88880070AD5012370
S2140378D00B70002038BD022000F074FA022000F07E
S2140378E093FAEAE79B68002BF3D058690244E8E76B
S2140378F02220EFE7E4370020E03700202B56002055
S214037900C38870B504460D463BB9FFF763FE854250
S214037910064602D2F9F732FA35460E4A656113680F
S2140379209BB91460A3600FE02D1A98681946656129
S214037930034618B15869A842F6D941B18C60A360D2
S21403794013B15A69521B5A6170BD0021F2E71460E5
S214037950F5E700BFE437002070B516469DF81420FF
S214037960C0E903360271049ABDF81830026000229B
S21403797004460D468260C38006BB01F0D1FB284453
S214037980A0613DB9E368656113B120462168984755
S21403799096B1354601F051FA0646FFF763FF2946CE
S2140379A02046FFF7ADFF074B1B68A34201D1FFF745
S2140379B075FF304601F03CFA002070BD01F0B0FBC5
S2140379C03044DDE7E4370020F8B50546D0B101F0D2
S2140379D034FA0646FFF746FF0B4B28461F68FFF7A9
S2140379E023FF044620B1304601F022FA2046F8BDB4
S2140379F0AF42F8D1FFF752FF2228F4D1022000F05D
S214037A00EDF9F0E72224F1E7E437002038B50C4619
S214037A100546A8B1A1B100230B7001F01BFA0121A2
S214037A20084B1B6833B901F010FA002038BD9D429D
S214037A3004D121702278002AF9D0F4E79B68F1E795
S214037A402220F3E7E4370020F8B506460F4601F098
S214037A5001FA00250446124B1B6823B9204601F0A1
S214037A60F4F91B2011E05A691544DA88B2420DD1A5
S214037A7001F056FB0B4E3368C01AA8420AD3002304
S214037A8020463B6001F0E1F90020F8BDFF2EEFD061
S214037A909B68E2E701F044FB33682B441B1AEFE7CD
S214037AA0E4370020E037002070B501F0D3F906462E
S214037AB001F036FB084B044601201D6801F020FB4D
S214037AC018B101F02DFB04460135304601F0BDF92F
S214037AD02046294670BD00BFEC370020014B1868CE
S214037AE0704700BFE8370020F8B50C4B05461B6807
S214037AF00E4683420FD3002440F2E7302146084B5C
S214037B004FF47A721F680023E5FB0701E2F704F9D6
S214037B1030602046F8BD2120FCE700BFDC3700209C
S214037B20E83700200F4B10B51A689AB14FF47A71F4
S214037B30531E1342A0FB01010ED1B2FA82F2C2F128
S214037B401F04531CD243E04001FA03F3184321FAFF
S214037B5002F20243104610BD0023E2F7DDF80246A8
S214037B60F8E700BFE837002038B5164B14468342C3
S214037B70154B8B4123D3154B1A6802B34FF47A7512
S214037B80A0FB050305FB0131531E134211D1B2FAC4
S214037B9082F3C3F11F055A1CDB4301FA02F2E840E5
S214037BA021FA03F310431843E940C4E90001002017
S214037BB038BD0023E2F7B0F8C4E90001F7E7212057
S214037BC0F6E700BFEFA7C64B37894100E83700202A
S214037BD010B501F03FF9034B1C7801F036F9E4B217
S214037BE0204610BD2A56002008B5084B1B7803F024
S214037BF0FF004BB101F078FA054B1B689B69C01A6E
S214037C0002288CBF0020012008BD00BF2B56002091
S214037C10E4370020C2072DE9F843044607D5474A50
S214037C20136801331360FFF71DFEFFF737FEA30744
S214037C3040F1818001F00EF94FF0000805464646F4
S214037C40FFF710FE3E4F3C680CB16369A3B10022F8
S214037C503C4B012E1A7003D118F0020F18BF1E708A
S214037C60FFF71CFE222802D1022000F0B7F82846B0
S214037C70BDE8F84301F0E9B823465A693AB91A79D8
S214037C802179914288BF1C469B68002BF5D1284674
S214037C9001F0DBF8D4F81080B8F1000F3FD001F004
S214037CA03FFAA269851AEB17454573F1000337DBE4
S214037CB023691344A36101232269CAB1C3B9A38B01
S214037CC0B8EB050833B1E28B13449BB2B3F57A7F66
S214037CD01CD2E38301F0BEF8054641462046FFF773
S214037CE00FFEA369226928461344A36101F0ADF889
S214037CF0E36813B1204621689847B4F8068001F07C
S214037D00A9F801360546FFF7ADFD9CE7A3F57A73A0
S214037D10E383A36918F1FF38013BA361DAE745461D
S214037D2001F098F881462046FFF77EFD484601F0AD
S214037D308CF80023C0E7BDE8F88300BFEC370020CB
S214037D40E43700202A56002010B5044601F075F8E3
S214037D504FF0B042936A1907FCD4136A116C526948
S214037D60120704D4CA1A032A01D899420ED1E21A7A
S214037D70022A98BFDC1CB4F1FF3F38BF013C4FF02A
S214037D80B04308221C6403F580539A6101F050F84F
S214037D90054A13783BB14FF0B041CB6B43F0020377
S214037DA0CB630023137010BD5465002007B5044B46
S214037DB001A9187901F0E7F8019803B05DF804FB10
S214037DC05433040000F001038207034A48BF43F01C
S214037DD008039361704700BF00100058820700F045
S214037DE001030AD50121064A43F0080311704FF038
S214037DF0B041CA6B22F00302CA63024A936170471A
S214037E005465002000200058830742BF0822014B18
S214037E105A6170470010005873B502AB164603E963
S214037E200600044600F052FF0546204600F05EFFBB
S214037E309DF800208DB1202C33780ED8012B2ED838
S214037E404FF6FF752D4803EB4313234430F8131006
S214037E50A94202D0013120F81310294B294E33F8DA
S214037E60141036F81400814232D34FF6FF75A94238
S214037E704FF0010502D0013123F8141004F0FD0180
S214037E80092927D1998AB68A0A44B242B4BF9A828C
S214037E909E8233F81430834227D202B070BD022B81
S214037EA0DBD14FF6FF704FF6FF75144B33F8141003
S214037EB0814218BF013104F1210018BF23F81410C2
S214037EC033F81010A9421CBF013123F81010C4E781
S214037ED00025D0E71D2CDCD1598F8E18864203DA95
S214037EE001390A445A87D4E75887002DD5D120464E
S214037EF002B0BDE8704001F02EB900BF3852002032
S214037F0010530020BC52002038B50D46044600F03E
S214037F10A1FF064A13889BB22DB123431380BDE805
S214037F20384000F092BF23EA0403F7E71655002013
S214037F300022034B01214FF480701A70FFF7E4BF51
S214037F403C5C002008B5054B1868FCF72FFE00F0D4
S214037F500300C31E5842584108BD00BF3C4F0020D3
S214037F6038B5044601F095F90C4B0546197818798F
S214037F7081420FD0631E082B0CD8DFE803F0050DF3
S214037F800B0D0B0D0D0D0D0000220146044B18685A
S214037F90FCF70AFE284638BD0022F7E78265002074
S214037FA03C4F002038B54FF0FF300C46FFF77BF808
S214037FB00A4B05461868FFF776F8641B241A20B2A6
S214037FC010F1630F06DB10F1240F05DA643080002E
S214037FD0C0B238BD0020FCE7FF20FAE73C4F002084
S214037FE008B5134B1B78062B04D040F62101114825
S214037FF001F022F8104B1B881B0704D440F622011D
S2140380000C4801F019F80D4B2A201978FFF7A8FF42
S21403801000210820FFF778FF0222094B1A70094B4C
S2140380201868E8F791FEBDE8084001F081B800BF84
S2140380303C5C0020EF2F040016550020395C00201E
S214038040B16500203C4F002010B50E4C236823B9C1
S21403805040F6A3410C4800F0EFFF2068013001F022
S214038060C9F800F0070003280AD124680922012171
S214038070204600F0E3FB205C031F5842584110BD26
S2140380800020FCE72C4F0020EF2F040038B50C46E9
S21403809040B100210420FFF737FF01F049F8012C17
S2140380A01DD038BD244B1B889B07F6D50129234AD0
S2140380B02FD1117869B30139C9B2117011B92020D3
S2140380C0FFF722FF00210220FFF71EFF04221C4BAE
S2140380D000211C481A7000F05DFD01F029F81A4CC7
S2140380E02068013001F086F800F44060B0F5006FB8
S2140380F01FD1246801210422204600F09FFB204460
S21403810001F078F80146BDE838400022202001F04F
S2140381103AB800210D4D02201170FFF7F5FE2B78BB
S214038120FF2B04D040F29961094800F085FF2C70BC
S214038130B3E74FF6FF71E6E7165500203B5C0020D9
S2140381403C5C0020046300202C4F0020B265002016
S214038150EF2F040038B5134C05462388580709D576
S214038160FFF7F0FE01460720FFF7FAFEFF21012086
S214038170FFF78CFF238899070BD50B4B28461978F6
S2140381808A1F51425141FFF7EBFE01210020FFF702
S2140381907DFF23881B0703D5BDE83840FFF720BFC4
S2140381A038BD00BF165500203C5C0020F7B5124CC6
S2140381B0D4E9006586EA020C85EA03070CEA000C9C
S2140381C00F405CEA070E15D086EA0C067D40C4E92C
S2140381D00065CDE900230B46084902460868FCF70C
S2140381E0A7F838B14FF4FD71054803B0BDE8F04079
S2140381F000F022BF03B0F0BDA81500203C4F0020BE
S214038200EF2F040008B50A4B1B88DB0604D440F6A0
S2140382104701084800F010FF00211020FFF774FE06
S214038220002000F06BFBBDE8084000F081BF00BFF4
S21403823016550020EF2F04002DE9F04F5706804611
S21403824014461D4691B005D5FFF77CFE0146012076
S214038250FFF786FEEE0403D500212D20FFF780FEF0
S214038260A00224D54046FCF74DFD0146F8B9402050
S214038270FFF74AFE40460AA9FCF721F9B8B99DF86C
S2140382803030022B40F0D980BDF8280001F0A0F86A
S214038290FF2808D14046FCF710F940B901214020D9
S2140382A0FFF732FE03E001F097F80028F2D1A103AE
S2140382B005D5FFF747FE01460320FFF751FEE2010F
S2140382C004F0807640F1C080854B1B889B072DD534
S2140382D0844E3068FCF788F840BB834B834F187096
S2140382E03B78FF2B04D040F25761814800F0A4FE90
S2140382F04FF0000900210220FFF706FE87F80090E2
S2140383007C4F3B78062B07D101210820FFF7FCFDA5
S21403831049462820FFF724FE3B78052B06D100218B
S2140383202B20FFF71DFE3068E8F70EFD00F000FF78
S214038330220717D56B4F0321386805AAFCF76EF89A
S214038340064620B940F2C961694800F075FE9DF8FB
S2140383501430072B00F0D080FFF7F4FD014604200D
S214038360FFF7FEFDE10505D5FFF7ECFD014604200A
S214038370FFF7F6FD14F4863F05D0FFF7E3FD01464D
S2140383800220FFF7EDFDA20113D5FFF7DBFD014643
S2140383900820FFF7E5FD00210420FFF7B5FD554B48
S2140383A01B78012B03D14F4B1868E8F7CDFC00F080
S2140383B0BFFE14F0084F09D0FFF7C4FD014607209F
S2140383C0FFF7CEFDFF210120FFF760FEA30009D5CE
S2140383D0FFF7B8FD01460620FFF7C2FDFF21012087
S2140383E0FFF754FEA70705D53D4B1B881E0701D58F
S2140383F0FFF7F6FD6C0603D500210A20FFF7B0FD54
S214038400280602D50120FCF78EFCE90540F185819C
S21403841040460AAA05A9FCF7C5FB9DF81430222B93
S21403842000F06D8100F28281152B40F26A8140F6DE
S2140384300A112F4800F000FE6FE1032B7FF437AFDD
S2140384400AA800F0C1FF30E705F0020756EA070363
S2140384500DD0284B26201978A1F1060EDEF1000177
S21403846041EB0E01FFF77CFD0121304611E004F0DD
S214038470805656EA07030FD01E4B26201978A1F123
S214038480060CDCF1000141EB0C01FFF769FD02214C
S2140384903846FFF7FBFD4BE704F0884151EA060335
S2140384A009D0144B272019788F1F79427941FFF79B
S2140384B057FD0221D9E705F008030B4302D023201A
S2140384C0FFF74EFD680703D500212420FFF748FD7C
S2140384D0E9077FF52DAF00212520FFF741FD27E7AC
S2140384E0165500203C4F00203B5C0020B265002060
S2140384F0EF2F04003C5C0020314638680AAAFBF7DD
S21403850093FF20B14FF4DA619E4800F095FDBDF865
S2140385101630386802330AA9ADF82C30FBF786FF0D
S21403852020B140F2DF61974800F086FD00230093F8
S21403853031460423386804AAFBF77AFF042804D0DC
S21403854040F2E4618F4800F077FDDFF8589299F81F
S2140385500030C3BB0DF1110000F04CFE00F0070025
S214038560022830D1FFF7EEFC01460920FFF7F8FC9E
S214038570854B1B78062B23D1844B9DF813201B7841
S2140385809A421DD19DF8353023B940F2FA617D48F1
S21403859000F052FD0DF1110000F02CFEC0F30016A2
S2140385A031462920FFF7DCFC00210820FFF7ACFC4E
S2140385B0774B1E70FFF748FD10B93868E8F7C4FB21
S2140385C000F0B6FDCEE6BDF816000121083080B2F5
S2140385D000F068FA039030B9FFF7B4FC01460420B4
S2140385E0FFF7BEFCECE700F0E9F905AA01460646EC
S2140385F03868FBF725FF99F800A0BAF1000F22D1DF
S21403860006F1010B584600F0F5FD83065AD5386887
S214038610FCF778FB0746FFF795FC05370146F8B2EB
S214038620FFF79EFC584600F0E5FD00F00700032820
S214038630584F2DD001210420FFF766FC4FF0FF3082
S214038640FBF71DFF386000225349BDF81630097842
S214038650F718F1549DF83630BB709DF83730FB7031
S2140386600A9B190E3971190C7971FB71190A99F85D
S2140386700030B97123B9737892B343F02003737053
S214038680002000F069F97870039800F071FA97E714
S21403869001210922304600F0D1F8305C012104287C
S2140386A0C9D1FFF731FC4FF0FF30FBF7E8FE3B4B39
S2140386B038601B885806C6D551464020FFF724FC71
S2140386C00122C1E7FFF73EFC01460920FFF748FCFD
S2140386D02D4B1B78012BB6D13868E8F735FBB2E78C
S2140386E023F02003CBE701227E33DBB202FA03F347
S2140386F013F00A1F31D113F0011F3FF498AE272061
S2140387002CE0012202FA03F3254A1A402ABB13F08F
S214038710041FF4D1DA077FF58AAEAB052FD5012106
S214038720802011B0BDE8F04FFFF7EEBB652B1AD8DB
S214038730622B12D8452B0CD8422B0ED8352B06D8D5
S214038740322B0AD8252B08D9322BD8D06FE6422BEA
S214038750FBE7552B05D8522BF7D92620FFF7FAFC53
S214038760DBE7622BF1E7952B3FF661AE812BBAD898
S214038770722BC4D0733B022B3FF659AEEDE711B014
S214038780BDE8F08FEF2F04003C5C0020385C00202F
S214038790B1650020284F0020B36500201655002041
S2140387A03A0038003F5C0020024B1878B0FA80F09D
S2140387B0400970473C5C002008B5064B4FF0FF317C
S2140387C01868FCF715FA0028B8BF033040F3870093
S2140387D008BD00BF3C4F002008B5074B1868FBF7E1
S2140387E03CFD30B1054BB3FBF0F083B20BB118463A
S2140387F008BD0120FCE700BF3C4F002040420F00AD
S21403880038B510200C460121FFF77EFB064B1D688A
S214038810FFF7E2FF012200FB04F1044B2846FCF7B6
S214038820CCF9002038BD00BF3C4F00200582030072
S214038830014800F001BC00BF09300400032A70B5EC
S214038840144602D82C4B985C70BD81F0010519B90B
S2140388500D2A07D1FF20F7E70D2A03D10078053844
S214038860C0B2F1E7084400F0C5FCC5F1040110F4FA
S21403887040660246C9B209D1042C0846E4D0052C4A
S21403888016D112F0400F18BF0846DDE7C5F1060300
S214038890042CD8B2D8D0B6F5006F03D1C5F10805BD
S2140388A0E8B2ECE7B6F5406FE9D1C5F10E05F7E798
S2140388B012F4404107D1062CC6D0072CC4D0082C8E
S2140388C013D10130CCE755065CBF831CD8B2062C07
S2140388D0BAD0B1F5004F02D1831CD8B2EDE7B1F59B
S2140388E0404FEAD100F10803F7E7130744BF05300A
S2140388F0C0B20C2CA8D9ADE7B07B0400AC2370B58E
S214038900094C054603FB00435E6D26B940F2FD3174
S214038910064800F091FBAC2303FB05440023636584
S2140389203346BDE870401847404F002046300400E9
S21403893010B40C461146AC22064B02FB0033586DAE
S21403894020B95C655DF8044BFFF75ABF02205DF85B
S214038950044B7047404F0020AC22034B02FB00330E
S21403896093F8A800704700BF404F002028B1034B80
S2140389701B68C01A4010013080B2704700500020B8
S21403898030B1044B00F100401B68013803EB400094
S214038990704700BF00500020064B1B68834206D872
S2140389A0054B1B68834294BF0020012070470020BC
S2140389B0704700BF00500020FC4F002010B504464F
S2140389C008B9002010BD00F072FC20B940F2CD417A
S2140389D0074800F031FB2046FFF7D2FF0028F0D00F
S2140389E00388DB0B14BFD0F80A000830EAE700BFA1
S2140389F01D30040010B508B9002010BDFFF7C0FFF6
S214038A00044600F04BFC20B94FF49D61064800F085
S214038A1013FB002CF0D02388DB0B0ABF6088208969
S214038A20C0F30C00E9E700BF1D30040038B5FFF7BC
S214038A30A7FF0D46044650B100F030FC20B940F2C3
S214038A404151034800F0F8FA023534F8150038BDF2
S214038A501D30040070B5FFF793FF0C461646054617
S214038A60B0B100F01BFC20B940F24D510C4800F0A9
S214038A70E3FA3046FFF784FF00F010FC20B940F21B
S214038A804E51074800F0D8FA023425F8146070BD3A
S214038A9040F25251BDE87040014800F0CDBA00BF25
S214038AA01D3004002DE9F8430746884600F066FBB0
S214038AB020B940F28E512A4800F0BEFAFC1CA408E6
S214038AC0284B64000434B7F5005F1E68A4B204D3D1
S214038AD040F29551224800F0AFFA00F0BBF9224964
S214038AE081460B687BB9214B1D68761BC6F34F0680
S214038AF0B44227D90025484600F0A7F92846BDE822
S214038B00F843FFF733BFB8F1000F11D0174A1568C3
S214038B105A1BC2F34F029442ECD81448620005EB8A
S214038B2044040460B8F1000F0FD113440B600CE04B
S214038B30F61AC6F34F0676B940F2A651084800F077
S214038B407BFAD7E705EB44041C6000236F80AB80F9
S214038B50EB802B80CFE7B442CCD8044A1568DCE719
S214038B601D30040004500020EC4F0020FC4F002072
S214038B7038B5054600F06EF9044629460448002237
S214038B8000F0A2FB2046BDE8384000F05EB900BF07
S214038B901C55002082684B4B2DE9F0419A4204464F
S214038BA00E46056815D121B140F21311464800F070
S214038BB043FA00F04FF923691BB92B682BB92461DC
S214038BC02C60BDE8F04100F040B91A6922611C61CF
S214038BD0F6E700F02AFA8046FEF76AFA20B14FF469
S214038BE09571394800F028FA6FF000439E422169D8
S214038BF04BD22B7B08EB0602002B4DD0AB6893427F
S214038C004AD1531C002949D06169994242D01EB902
S214038C10521AB2F1004F3DD9636123696E689C42D4
S214038C2003D19D21284800F007FA2F460023B442BB
S214038C300BD0002B41D172696169891AB1F1004FDB
S214038C4032D83269374694422CD12269BD420CBFD2
S214038C506A603A617BB92669B44203D1B8211A48DF
S214038C6000F0EAF93B46012E05D062697169521A93
S214038C70B2F1004F23D99D420BBF6B681A6923617B
S214038C8022610CBF6C601C6104E0434431B162692D
S214038C909342C1D1BDE8F0811346B3E76A68226107
S214038CA06C60B9E71646C6E7A8EB0202B2F1004FBE
S214038CB0C7D93B4637463669B9E71F46F9E7334611
S214038CC03669D0E721280200313004000823064A1B
S214038CD012F8011B814205D0013B13F0FF03F7D1C5
S214038CE01846704701207047617C04000823064A33
S214038CF012F8011B814205D0013B13F0FF03F7D1A5
S214038D001846704701207047597C040010B50822A6
S214038D1007490446E1F7B8FEB0FA80F04FF6FF7352
S214038D202289400940009A4208BF40F0010010BD66
S214038D30727C040030B504460D4685B002B9084A75
S214038D401068516801AB03C301AB03CB2060204618
S214038D50ADF80C501B886160238105B030BD00BFA1
S214038D60F1B80300002270B50A4B1C780A4BD5B243
S214038D70AC4202D800200C7008E01E8801328642FE
S214038D8005D30D701B881B1A5842584170BD123309
S214038D90EDE700BFB95B0020BC54002010B5164BAE
S214038DA0187860B1154C2368CBB14FF4707200206D
S214038DB01349FFF7BDFD2368013B236010BDFFF792
S214038DC0FBFC1049104A91F90040136884420B4C8F
S214038DD003F1010313602368B8BF087053B90B4847
S214038DE000F09AFA0028E9D1BDE81040014607488A
S214038DF0FFF7D0BE0822DAE78C5C0020785000200C
S214038E009D8D0300875C002070500020D0640020F6
S214038E10054B1B682BB9054B1868003818BF012093
S214038E2070470120704700BF685000206450002040
S214038E3010B962B6BFF36F8F7047EFF3108072B648
S214038E407047302383F31188704780F31188BFF38C
S214038E506F8F7047EFF31180302383F311887047C9
S214038E60002070474FF4004070474FF47A70704705
S214038E700122417803788A4030214B4341F21001A6
S214038E8003F1A04303F570335A507047B0F5802FB3
S214038E9024D010D8B0F5003F22D006D828B3B0F5BA
S214038EA0803F14BF012048207047B0F5403F14BFF1
S214038EB001202C207047B0F5302F13D008D8B0F51A
S214038EC0E02F11D0B0F5202F14BF012010207047DB
S214038ED0B0F57F0F14BF0120062070474B20704764
S214038EE02A207047112070472120704708B570B1BB
S214038EF000F022F84FF098435A6CD202FCD5586D16
S214038F0010F4702004D0BDE80840FFF7BFBF21204F
S214038F1008BD08B528B128220021E1F769FA002028
S214038F2008BD2120FCE7036A042B9FBF00EB8302E6
S214038F300133D16003627047036A052B14D84FF0E0
S214038F409842116CC902FCD504339B001365016873
S214038F50103B11604168116050F8081F11604FF014
S214038F6098420344984200D1704750F8041F11609A
S214038F70F8E7836813B9816070475B685A68012A0B
S214038F80FBD15960704709B100F005B8222070473D
S214038F90012100F043B870B506460D46FFF75AFFA9
S214038FA004461D2E37D8DFE806F00F18361C1E20A1
S214038FB03622243636362628362A2C2E30363636B1
S214038FC03634363636363632FEF782F800262860D2
S214038FD02046FFF73AFF304670BD0120D0F77EF9F2
S214038FE0F4E70320FAE70420F8E70C20F6E702206C
S214038FF0F4E70620F2E70720F0E70820EEE705206F
S214039000ECE70920EAE70A20E8E70D20E6E7102068
S214039010E4E70B20E2E700202126D8E7002070478C
S21403902008B5FEF7D9F880B208BD08B5FEF7D4F840
S21403903008BD704742DE704738B504460D4600F05B
S21403904008F8FFF7FEFE29462046BDE83840FFF73E
S214039050F1BF704710B962B6BFF36F8F7047012038
S21403906070472DE9FF410D4616461F460446A8B134
S2140390704FF00008C0F81C80FEF7A6FCBDF82C30A5
S214039080424602939DF828302946CDE900732046D0
S2140390903346FEF761FC04B0BDE8F0812220FAE710
S2140390A0F0B51F46002387B00D46164604468DF8D6
S2140390B01730A8B1C3610DF11701FEF7A7FC9DF8A1
S2140390C017207AB9BDF83430294602939DF830301C
S2140390D02046CDE900733346FEF73EFC07B0F0BDED
S2140390E02220FBE70320F9E738B5FFF7B3FE054672
S2140390F000F016F804462846FFF7A7FE204638BDBC
S2140391004FF0B04301285B6904D0022805D1C3F3AE
S214039110C000704703F00100704700207047704797
S2140391204FF0B0439A6A1207FCD4186A7047704728
S21403913008B5FFF7FCFF00F01DF808BD10B5FFF7F4
S2140391407CFE012104460846FEF7E2F82046BDE809
S2140391501040FFF76DBE10B5044600F012F8204627
S214039160FAF7FBFF2046F8F72EF9BDE81040F9F7AB
S214039170F3BC704708B5FFF7FCFF08BD0120704736
S21403918070470020704730B589B00446ADF8061026
S2140391908DF81020FFF79AFD05462046FFF7A6FD3B
S2140391A003469DB1BDF80600ABB900F0BAF8FF2838
S2140391B008BF00200DF10F038DF80F001A46204656
S2140391C004990593FEF728FE09B030BD0028F5D0B4
S2140391D00DF10603F2E700F0A4F8FF2808BF00200D
S2140391E0BDF806308DF80F00ADF81A308DF818006C
S2140391F006ABE3E7008870470170090A41707047C1
S214039200012070470120704738B5E0F731F804466F
S214039210D5F766F8051E18BF2546D5F733F9041E9D
S21403922018BF2C46FFF7ECFF002818BF204638BDB2
S21403923038B5FEF7BDF90446F7F7C4FA04281ED07E
S21403924002284FF0000508BF0124F8F764F9042844
S21403925017D0022808BF0124F7F7F3FE042812D01C
S214039260022808BF0124FFF7CDFF04280DD00228EB
S21403927008BF0124002D18BF0024204638BD012551
S214039280E3E70125E8E70125EDE70024F5E7FF20FE
S214039290704708B5FFF7FBFF002008BD08B520B1EF
S2140392A0FFF77AFB00F0010008BD0120FAE708B5D6
S2140392B0FFF766FBBDE80840FFF7F0BF008810B174
S2140392C0C9B2FFF7B3BB70472DE9F041B0F8008091
S2140392D006460C46D5B2B8F1000F11D029464046D3
S2140392E0FFF7A4FB2246074629464046FFF7B2FB94
S2140392F03A4629462046FFF7ADFB3480BDE8F081A9
S2140393000F46F5E703461B8808468B4202D000212A
S214039310FFF78CBB002070470069003818BF012098
S214039320704700207047F8B506460D46FFF7EEFC7B
S2140393300328044621D02846FFF7E8FC03280746FF
S2140393401BD010F0020318D1A0070DD5F90716D4C9
S21403935001233C43E20704D431892A89914218BF8A
S214039360002303F00100F8BD082229463046E1F742
S2140393708BFBB0FA80F35B09EBE70020F3E71846B4
S214039380F1E770B50D4600210646FFF797FF044642
S21403939030B1FFF713FB01462846FFF7C4FF08B1B9
S2140393A0204670BD21463046FFF7ACFFEFE707B512
S2140393B00DF10701FFF7D6FC20B19DF8070003B0B7
S2140393C05DF804FBFF20FAE700207047FF20704794
S2140393D0FF207047FF2070470020704700200021C1
S2140393E07047002070472DE9F843074608461546A0
S2140393F088461C469DF82090FFF7E0FA4619A4B16C
S2140394009EB14046FFF7F6FA254485420FDC224616
S214039410B9F1000F06D131463846E1F73BF8002094
S214039420BDE8F88339463046F7E72120F8E71D20E4
S214039430F6E7000000000000000000000000000047
S214039440F8B500BFF8BC08BC9E467047F8B500BF29
S214039450F8BC08BC9E4670475FF800F0BD5D002070
S2140394605FF800F0595E00204465766963652074F2
S214039470797065206368616E6765206465746563EB
S2140394807465643A202564202D3E2025640D0A0069
S214039490427574746F6E2076616C756520636861BF
S2140394A06E67656420746F2025640D0A005072652C
S2140394B073732064657465637465640D0A004D7583
S2140394C06C74692070726573732064657465637465
S2140394D065643A2025640D0A0052656C6561736500
S2140394E02064657465637465640D0A004C6F6E676B
S2140394F02070726573732064657465637465640DA8
S2140395000A0072656C61795F73746172745F6C6173
S214039510746368696E675F70756C73653A20616E15
S2140395206F746865722070756C736520697320614B
S21403953063746976650D0A0072656C61795F6F6E98
S2140395400D0A0072656C61795F6F66660D0A0072BC
S214039550656C61795F746F67676C650D0A00577297
S2140395606974696E6720636F6E66696720746F201F
S2140395706E763A2025730D0A0053697A653A2025DC
S214039580640D0A004661696C656420746F20777207
S214039590697465204445564943455F434F4E4649E3
S2140395A0475F4441544120746F204E562C207374F9
S2140395B0617475733A2025642E2028627974657366
S2140395C03A202564290D0A00737563636573732156
S2140395D00D0A004661696C656420746F20726561CC
S2140395E064204E565F4954454D5F444556494345AE
S2140395F05F434F4E4649472C207573696E67206458
S214039600656661756C7420636F6E66696720696E44
S21403961073746561642C207374617475733A2025C2
S214039620642E202862797465733A202564290D0A0E
S214039630005573696E6720636F6E6669673A202507
S214039640642063686172732066726F6D0D0A2573FA
S2140396500D0A006D72647575626F643B4D53343B3F
S214039660534231753B5241343B4944303B534230BD
S214039670753B5243303B4943323B534133753B5270
S21403968043313B4941353B534130753B5244313BB3
S2140396904941363B4D3B004E6574776F726B2073C2
S2140396A07461747573206368616E67656420746F94
S2140396B02025640D0A004D616E75666163747572CC
S2140396C0657220746F6F206269670D0A004D6F64C0
S2140396D0656C20746F6F206269670D0A00496E69B6
S2140396E07469616C697A696E67205A696762656531
S2140396F020776974682025642073776974636865C6
S214039700732C2025642072656C6179732C20256484
S21403971020636F766572730D0A00436F6E66696722
S2140397202070617273656420737563636573736613
S214039730756C6C790D0A00726561642076657273C8
S214039740696F6E20666F726D206E6577206C6F632F
S2140397506174696F6E0D0A004661696C65642074F6
S2140397606F207772697465206C6173745365656ED8
S21403977056657273696F6E20746F204E562C207375
S214039780743A2025640D0A004F6C64207665727364
S214039790696F6E3A2025640D0A0043757272656E12
S2140397A0742076657273696F6E3A2025640D0A001D
S2140397B0524553455420414C4C210D0A0068616CB8
S2140397C05F6770696F5F63616C6C6261636B3A209D
S2140397D065787469206C696E6520256C64207374E3
S2140397E06174757320256C750D0A0068616C5F677C
S2140397F070696F5F63616C6C6261636B3A206E6F56
S21403980020667265652045585449206C696E6573F9
S2140398100D0A002F686F6D652F72756E6E65722F59
S214039820776F726B2F747579612D7A6967626565D8
S2140398302D7377697463682F747579612D7A6967F8
S2140398406265652D7377697463682F73696C6162EB
S214039850735F746F6F6C732F73696D706C69636974
S21403986074795F73646B2F2E2E2F2E2E2F737263D5
S2140398702F73696C6162732F68616C2F7A696762F4
S21403988065652E630044726F7070696E67206F6C37
S21403989064204F544120696D6167652C206375729F
S2140398A072656E74206F66667365743A20256C75F0
S2140398B00A00556E6B6E6F776E20636F7665722047
S2140398C0636F6D6D616E643A2025640D0A00417402
S2140398D074726962757465206368616E6765642C6B
S2140398E02065703A2025642C20636C75737465724A
S2140398F03A2025642C20617474723A2025640D0A7C
S21403990000556E6B6E6F776E20636F6D6D616E6460
S2140399103A2025640D0A00496E6465782061742038
S214039920777269746520617474723A2025640D0A2F
S214039930004E6F2073776974636820636F6E666981
S2140399406720696E204E562C207573696E672064F7
S214039950656661756C74730D0A00496E76616C6991
S214039960642072656C61795F696E6465782025642E
S21403997020696E204E562C20726573657474696E6A
S2140399806720746F2064656661756C740D0A003E0B
S2140399902000556E6B6E6F776E206572726F720065
S2140399A0496E7075742062756666657220697320E9
S2140399B046554C4C004D6178696D756D206E756D1E
S2140399C0626572206F6620617267756D656E74736B
S2140399D02065786365656465640054686520617214
S2140399E067756D656E74206973206E6F7420666F7D
S2140399F0726D617474656420636F72726563746CF0
S214039A007900496E636F727265637420617267755D
S214039A106D656E74207479706500496E636F72723B
S214039A20656374206E756D626572206F6620617261
S214039A3067756D656E7473004E6F20636F6D6D6131
S214039A406E6420666F756E640075696E74380061A7
S214039A5064646974696F6E616C002A00756E6B6E60
S214039A606F776E0077696C6463617264006865780B
S214039A706F707400737472696E676F7074007569C3
S214039A806E7433326F70740075696E7431366F702E
S214039A90740075696E74386F707400686578007347
S214039AA07472696E670075696E7431360075696E17
S214039AB0743332002E2E2E200068656C70000A2543
S214039AC0730A257325730025732008002F686F6DAE
S214039AD0652F72756E6E65722F776F726B2F747546
S214039AE079612D7A69676265652D73776974636832
S214039AF02F747579612D7A69676265652D73776949
S214039B007463682F73696C6162735F746F6F6C73D1
S214039B102F73696D706C69636974795F73646B2FF7
S214039B20706C6174666F726D2F73657276696365A8
S214039B302F6C65676163795F68616C2F7372632F3F
S214039B40626173652D7265706C6163656D656E74B5
S214039B502E63002F686F6D652F72756E6E65722F9C
S214039B60776F726B2F747579612D7A696762656595
S214039B702D7377697463682F747579612D7A6967B5
S214039B806265652D7377697463682F73696C6162A8
S214039B90735F746F6F6C732F73696D706C69636931
S214039BA074795F73646B2F706C6174666F726D2F5C
S214039BB0736572766963652F746F6B656E5F6D612F
S214039BC06E616765722F6C65676163792F73726365
S214039BD02F736C5F746F6B656E5F6D616E61676527
S214039BE0722E63002F686F6D652F72756E6E6572C9
S214039BF02F776F726B2F747579612D7A696762653B
S214039C00652D7377697463682F747579612D7A6926
S214039C10676265652D7377697463682F73696C6112
S214039C2062735F746F6F6C732F73696D706C6963A7
S214039C306974795F73646B2F706C6174666F726D91
S214039C402F736572766963652F746F6B656E5F6DD0
S214039C50616E616765722F6C65676163792F7372D6
S214039C60632F736C5F746F6B656E5F6D616E756685
S214039C706163747572696E672E63004375727265ED
S214039C806E7420436F6E6669673A202530780053FA
S214039C90657420434341206D6F646520746F2025EF
S214039CA0643A2025307800656E61626C65640064F2
S214039CB0697361626C6564006F757428636C6965AB
S214039CC06E742900696E20287365727665722900A2
S214039CD04D464720537472696E673A2025730041D8
S214039CE070704275696C646572204D464720436FF9
S214039CF064653A20307825303458006E6F646520EA
S214039D005B004164646974696F6E616C20696E748C
S214039D106572666163657300202025643A200070CF
S214039D20616765205B25645D206368616E205B2543
S214039D30645D20707772205B25645D006E6F74200F
S214039D40616374697665006572726F722030782578
S214039D503038580070616E4944205B3078253034C3
S214039D60585D206E6F64654944205B307825303437
S214039D70585D20007870616E205B307800706172E9
S214039D80656E744944205B3078253034585D207006
S214039D906172656E7452737369205B25645D006E31
S214039DA06F646554797065205B00536563757269EB
S214039DB07479206C6576656C205B253032585D00BF
S214039DC06E6574776F726B207374617465205B25A0
S214039DD03032585D2000427566666572206279747B
S214039DE065733A202564202F202564004570206380
S214039DF06E743A202564006570202564205B656ECA
S214039E0064706F696E742025732C206465766963AD
S214039E10652025735D20006E776B205B25645D20CF
S214039E2070726F66696C65205B3078253034585DD8
S214039E30206465764964205B3078253034585D208D
S214039E40766572205B3078253032585D00202020FE
S214039E5020257320636C75737465723A20307825F9
S214039E6030345820004E776B20636E743A20256496
S214039E70006E776B202564205B25735D0050726946
S214039E806D617279202870726F290020206E6F64CE
S214039E906554797065205B3078253032585D002034
S214039EA020736563757269747950726F66696C6541
S214039EB0205B3078253032585D0045502025643AC3
S214039EC020257320004572726F723A2020556E6B00
S214039ED06E6F776E20656E64706F696E742E0045C4
S214039EE06E61626C65206576656E74206465627566
S214039EF06720696E666F20696E20436F7265204324
S214039F004C4920636F6D706F6E656E74006F6E6C78
S214039F107920636F6F7264696E61746F7273206306
S214039F20616E20666F726D0A006A6F696E20307804
S214039F30253038580A006C65617665002573203035
S214039F4078253032580A0072656A6F696E0072654A
S214039F506A6F696E446966664465766963655479B3
S214039F607065006578742E2050414E2049443A208F
S214039F70004E574B206F70656E3A2025752073652B
S214039F8063004E574B20636C6F7365640066696E9F
S214039F9064206A6F696E61626C653A20307825309A
S214039FA032580066696E6420756E757365643A2070
S214039FB0307825303258004368616E67696E6720D3
S214039FC0746F206368616E6E656C2025643A20307A
S214039FD0782530325800696E76616C6964206E6548
S214039FE074776F726B20696E6465780053686F725E
S214039FF0742049443A203078253034582C2045556F
S21403A0004936343A20002C2050616E2049443A20C9
S21403A0103078253034580053746172746564206D4B
S21403A020756C74692D70687920696E7465726661E3
S21403A0306365004661696C656420746F2025732030
S21403A040257320307825303258005465726D696E5A
S21403A0506174656420257320307825303258004BB0
S21403A06065657020616C69766520737570706F72B4
S21403A0707420656E61626C65642E006661696C654A
S21403A0806420746F20736574206B65657020616C43
S21403A090697665206D6F64652E00737563636573FB
S21403A0A07366756C6C7920736574207468652063B9
S21403A0B068696C642074696D656F7574206F70745D
S21403A0C0696F6E206D61736B2E006661696C6564E3
S21403A0D020746F2073657420746865206368696CE8
S21403A0E0642074696D656F7574206F7074696F6E24
S21403A0F0206D61736B2E00646973636F76657200FF
S21403A1004D61746368202573792066726F6D203005
S21403A11078253034582C206570202564004E574B24
S21403A120204164647265737320726573706F6E7317
S21403A130653A203078253034580049454545204156
S21403A14064647265737320726573706F6E73653AB9
S21403A1502000536572766963652025737920646FE2
S21403A1606E652E00232020747970652020206E777C
S21403A1706B20206C6F6320202072656D2020206387
S21403A1806C75732020206E6F6465202020657569CA
S21403A19000202025642020202030782530345820C5
S21403A1A02030782530345820203078253034582015
S21403A1B03078253034582000736C5F7A696762659F
S21403A1C0655F6765745F62696E64696E6720457272
S21403A1D0726F723A203078253038580A002564208A
S21403A1E06F662025642062696E64696E67732075E6
S21403A1F073656400656E61626C6564207072696E77
S21403A200740064697361626C6564207072696E744D
S21403A21000616464206C696E6B206B65790045523F
S21403A220523A2043616C63756C61746564204352D3
S21403A2304320646F6573206E6F74206D617463686A
S21403A240004552523A20496E7374616C6C20436F1A
S21403A2506465206D75737420626520382C20313058
S21403A2602C2031342C206F722031382062797465AB
S21403A2707320696E206C656E677468004552523AA7
S21403A280204145532D4D4D4F20686173682066610C
S21403A290696C65643A20307825303258005365740B
S21403A2A0206A6F696E696E67206C696E6B206B65DA
S21403A2B079007365742062696E642025643A2030E1
S21403A2C0782530327800454D50545900554E494351
S21403A2D041004D324F4E45004D554C5449003F20EA
S21403A2E020202000496E6465782049454545204175
S21403A2F06464726573732020202020202020204E63
S21403A300574B496E6465782020496E2046432020CB
S21403A31020202054544C28732920466C6167202043
S21403A32020204B6579202020200025642020202033
S21403A330200020202564202020202020200020200C
S21403A34025303858202000203078253034582020F7
S21403A35000496E646578204945454520416464722A
S21403A360657373202020202020202020496E20465D
S21403A370432020202020547970652020417574687E
S21403A38020204B6579002D202020202000256320E7
S21403A39020202020256320202020200069657300CC
S21403A3A05741524E494E473A202052454144494E62
S21403A3B047204F46204B45592056414C5545532080
S21403A3C044495341424C4544204259204D46472078
S21403A3D0544F4B454E004E574B204B657900257323
S21403A3E0206F75742046433A20253038580025736D
S21403A3F020736571206E756D3A203078253032589B
S21403A400002573206F75742046433A20253038782C
S21403A41000544320257320002573205461626C6525
S21403A4200025642F256420656E7472696573207534
S21403A4307365642E005472616E7369656E74204B87
S21403A440657900256420656E7472257320636F6ECC
S21403A45073756D696E67202564207061636B657420
S21403A4602062756666657225732E0057494C4C004C
S21403A47057494C4C204E4F54005472757374204306
S21403A480656E74657220257320616C6C6F7720741B
S21403A490727573742063656E7465722072656A6F75
S21403A4A0696E73207573696E672077656C6C2D6BA8
S21403A4B06E6F776E206B65792E0053657420746912
S21403A4C06D656F757420666F722054727573742091
S21403A4D043656E7465722072656A6F696E73207564
S21403A4E073696E672077656C6C2D6B6E6F776E2065
S21403A4F06C696E6B206B657920746F2025642073FE
S21403A50065636F6E64732E004552524F523A2000B5
S21403A5102573737461636B206D7573742062652095
S21403A520646F776E2E0052656164696E6720416CB6
S21403A5306C6F7765640048617368696E67206F6E39
S21403A5406C7900736C5F7A69676265655F6B6579C2
S21403A5505F73657474696E67735F743A2030782529
S21403A5603034580020205065726D697373696F6EBE
S21403A570733A202573004572726F723A20466169FA
S21403A5806C656420746F2067657420636F6E6669FC
S21403A590672C207374617475733A203078253038CD
S21403A5A058004661696C65643A203078253038581F
S21403A5B0004D73673A20636C75732030782530340A
S21403A5C0582C20636D64203078253032582C206C4C
S21403A5D0656E202564006275666665723A200045DE
S21403A5E04D4245525F0025735345435552495459CE
S21403A5F05F4C4556454C3A20253032580025736546
S21403A60072617365206B65792025643A203078255E
S21403A61030385800636D64206E6F74206275696C01
S21403A620740073726320657020253032782C2063A3
S21403A6306C757320253034780073656E64696E67B5
S21403A64020746F206D756C7469636173742062691E
S21403A6506E640025733A2065703A2025642C2063C7
S21403A6606C3A203078253034582C20617474723A52
S21403A67020307825303458002C207376723A202503
S21403A680630025733A20726561643A20307825307A
S21403A6903278002C207376723A2025632C2064745B
S21403A6A07970653A203078253032580041726775E4
S21403A6B06D656E7420617420696E6465783A202532
S21403A6C064206973206F7574206F662072616E67ED
S21403A6D06500436F6D6D616E6420616C72656164C5
S21403A6E079206275696C742E202043616E6E6F74D8
S21403A6F020736574204D46472073706563696669E9
S21403A7006320636F646520666F7220636F6D6D618F
S21403A7106E642E004D464720436F64652053657470
S21403A72020666F72206E65787420636F6D6D616E40
S21403A730643A2030782530345800557365204E65CA
S21403A74078742053657175656E6365205365742050
S21403A750666F72206E65787420636F6D6D616E64CC
S21403A7603A203078253032580044697361626C654C
S21403A7702044656661756C7420526573706F6E73E2
S21403A780652053657420666F72206E657874206347
S21403A7906F6D6D616E643A2030782530325800450F
S21403A7A052523A2072656164696E672061747472EE
S21403A7B069627574652025303278004552523A2016
S21403A7C06174747269627574652073697A6520258D
S21403A7D06420746F6F206C6172676520666F7220E9
S21403A7E0627566666572004572726F723A206174AE
S21403A7F07472696275746520494420307825303454
S21403A80058207265706F727461626C65206368614C
S21403A8106E67652069732073697A65202564422C08
S21403A820206275742025644220656E7465726564C3
S21403A8300A006E6F20636D64004572726F723A2071
S21403A840434C492053656E64206661696C65642CCD
S21403A850207374617475733A203078253038580045
S21403A8604572726F723A202045554936342061721C
S21403A87067756D656E7420697320656D70747920D5
S21403A880616E64206C6F6F6B7570206279206E6FDB
S21403A8906465204944206661696C65642E004772CE
S21403A8A06F757000556E696361737400556E6269E7
S21403A8B06E64202573202573307825303258005275
S21403A8C06571756573743A20005A444F2073696D39
S21403A8D0706C652064657363207265712025303261
S21403A8E078005A444F206E6F646520646573632056
S21403A8F07265712025303278005A444F206D61749A
S21403A900636820646573632072657120253032584E
S21403A910005573696E67206D79206C6F63616C20D8
S21403A920455549363420666F722064657374204536
S21403A9305549363420696E2062696E64696E670015
S21403A9405A444F2062696E64207265712025303246
S21403A9507800636C7573746572206C696D69742016
S21403A9607265616368656400696E76616C6964200C
S21403A970706167653A202564206F72206368616E94
S21403A9806E656C3A202564004368616E67652063D4
S21403A99068616E6E656C207374617475733A2030EB
S21403A9A07825303278006475726174696F6E206D35
S21403A9B075737420626520696E2072616E67652008
S21403A9C030202D203500636F756E74206D7573749B
S21403A9D020626520696E2072616E67652031202DC6
S21403A9E02038007363616E2073746174757320304E
S21403A9F07825303258006E6574776F726B207570E9
S21403AA006461746520736574207374617475732050
S21403AA103078253032580041637469766520455096
S21403AA202072657175657374207374617475733AF7
S21403AA3020307825303258004C5149205461626CDE
S21403AA406520726571756573743A203078253032E7
S21403AA50580042696E64696E67205461626C6520B3
S21403AA60726571756573743A2030782530325800F4
S21403AA704C65617665202573307825303258005052
S21403AA806F7765722044657363726970746F7220A2
S21403AA902573307825303258005573696E67206DFC
S21403AAA079206C6F63616C20455549363420666F98
S21403AAB072206465737420455549363420696E20C8
S21403AAC0756E62696E64696E6700526F7574652091
S21403AAD05461626C65202573307825303258002F18
S21403AAE0686F6D652F72756E6E65722F776F726BFA
S21403AAF02F747579612D7A69676265652D73776939
S21403AB007463682F747579612D7A69676265652D3C
S21403AB107377697463682F73696C6162735F746FAC
S21403AB206F6C732F73696D706C69636974795F7387
S21403AB30646B2F70726F746F636F6C2F7A696762C2
S21403AB4065652F6170702F6672616D65776F726BC6
S21403AB502F636F6D6D6F6E2F736C5F7A69676265B7
S21403AB60655F73797374656D5F636F6D6D6F6E2E5E
S21403AB706300457874656E64656420526573657416
S21403AB8020696E666F3A20307825303458202825A1
S21403AB907329002F686F6D652F72756E6E65722F41
S21403ABA0776F726B2F747579612D7A696762656545
S21403ABB02D7377697463682F747579612D7A696765
S21403ABC06265652D7377697463682F73696C616258
S21403ABD0735F746F6F6C732F73696D706C696369E1
S21403ABE074795F73646B2F70726F746F636F6C2FFF
S21403ABF07A69676265652F6170702F6672616D652D
S21403AC00776F726B2F636F6D6D6F6E2F7A696762E6
S21403AC1065655F6170705F6672616D65776F726B95
S21403AC205F736C6565702E6300537461792061777A
S21403AC30616B65207768656E206E6F74206A6F6936
S21403AC406E65643A20257300466F726365642073ED
S21403AC50746179206177616B653A2020202020207B
S21403AC6020202020257300466F7263696E67206478
S21403AC70657669636520746F2073746179206177E4
S21403AC80616B6500416C6C6F77696E6720646576EF
S21403AC9069636520746F20676F20746F20736C651B
S21403ACA06570002F686F6D652F72756E6E65722FF7
S21403ACB0776F726B2F747579612D7A696762656534
S21403ACC02D7377697463682F747579612D7A696754
S21403ACD06265652D7377697463682F73696C616247
S21403ACE0735F746F6F6C732F73696D706C696369D0
S21403ACF074795F73646B2F70726F746F636F6C2FEE
S21403AD007A69676265652F6170702F6672616D651B
S21403AD10776F726B2F636F6D6D6F6E2F7A696762D5
S21403AD2065655F737461636B5F736C6565702E63D3
S21403AD300052583A205265736574546F46616374C3
S21403AD406F727944656661756C747343616C6C628B
S21403AD5061636B00657A737020636F756E746572DA
S21403AD6073206661696C656420257500657A737067
S21403AD70205265736574205468726573686F6C64DB
S21403AD80206572726F7220257500657A7370205382
S21403AD906574205468726573686F6C64206572729C
S21403ADA06F72202575002575292025733A20257591
S21403ADB00053657474696E67205468726573686FB0
S21403ADC06C6420636F6D6D616E64003F3F3F004DA2
S21403ADD06163205278204263617374004D6163207F
S21403ADE05478204263617374004D61632052782067
S21403ADF05563617374004D61632054782055636115
S21403AE007374004D61632054782055636173742016
S21403AE105265747279004D616320547820556361DE
S21403AE207374204661696C00415053205278204267
S21403AE3063617374004150532054782042636173F6
S21403AE407400415053205278205563617374004157
S21403AE50505320547820556361737420537563638D
S21403AE60657373004150532054782055636173749F
S21403AE7020526574727900415053205478205563EC
S21403AE80617374204661696C00526F757465204463
S21403AE9069736320496E69746961746564004E65FD
S21403AEA0696768626F72204164646564004E656911
S21403AEB06768626F722052656D6F766564004E65D3
S21403AEC0696768626F72205374616C65004A6F69C4
S21403AED06E20496E6469636174696F6E00436869C6
S21403AEE06C64204D6F76656400415348204F766549
S21403AEF072666C6F7700415348204672616D652019
S21403AF004572726F7200415348204F7665727275B0
S21403AF106E204572726F72004E574B204643204692
S21403AF2061696C7572650041505320464320466143
S21403AF30696C7572650041534820584F6666004138
S21403AF40505320556E617574686F72697A65642014
S21403AF504B6579004E574B204465637279707420B5
S21403AF604661696C7572657300415053204465638E
S21403AF7072797074204661696C75726573005061EE
S21403AF80636B65742042756666657220416C6C6FF0
S21403AF9063617465204661696C75726573005265FA
S21403AFA06C61796564205563617374005068792019
S21403AFB0746F204D4143207175657565206C696D0E
S21403AFC069742072656163686564005061636B65CC
S21403AFD0742056616C69646174652064726F7020B6
S21403AFE0636F756E74004E574B20726574727920CA
S21403AFF06F766572666C6F770043434120466169DE
S21403B0006C757265730042726F616463617374205A
S21403B0107461626C652066756C6C00505441204CFC
S21403B0206F20507269205265710050544120486960
S21403B030205072692052657100505441204C6F2095
S21403B0405072692044656E69656400505441204817
S21403B05069205072692044656E69656400505441E6
S21403B060204C6F205072692054782041627274001D
S21403B0705054412048692050726920547820416218
S21403B0807274004164647265737320436F6E666CFA
S21403B0906963742053656E740043534C20527820C2
S21403B0A07363686564756C65206661696C656400C6
S21403B0B00D004465627567207072696E742067724E
S21403B0C06F75702025730A0057726F6E6720706164
S21403B0D072616D657465720A005363686564756CA6
S21403B0E065206D6F7665206E776B0025732025646B
S21403B0F03A202564004D6178206D6F7665206C6973
S21403B1006D69742072656163686564206E776B2071
S21403B11025643A20256400456E6420446576696399
S21403B1206520506F6C6C20496E666F726D61746932
S21403B1306F6E00454D4245525F454E445F4445564B
S21403B1404943455F54494D454F55543A20202020E6
S21403B150202020256400506F6C6C20636F6D706C2C
S21403B160657465642063616C6C6261636B3A202569
S21403B1707300202043757272656E7420506F6C6C7A
S21403B18020496E74657276616C20287173293A20A3
S21403B1902020256C640020204C6F6E6720506F6C57
S21403B1A06C20496E74657276616C20287173293A37
S21403B1B0202020202020256C6400202053686F72F6
S21403B1C07420506F6C6C20496E74657276616C20C7
S21403B1D0287173293A2020202020256C6400202023
S21403B1E057616B652054696D656F7574202871739C
S21403B1F0293A202020202020202020202020256CD3
S21403B2006400202057616B652054696D656F757403
S21403B210204269746D61736B3A2020202020202021
S21403B2202020307825303858002020437572726508
S21403B2306E7420417070205461736B733A20202023
S21403B2402020202020202020203078253038580049
S21403B250202043757272656E7420506F6C6C2043A9
S21403B2606F6E74726F6C20202020202020202020F8
S21403B270257300202044656661756C7420506F6CDE
S21403B2806C20436F6E74726F6C2020202020202069
S21403B290202020257300466F7263696E67206465FD
S21403B2A07669636520746F2073686F727420706F9D
S21403B2B06C6C00416C6C6F77696E672064657669A9
S21403B2C0636520746F206C6F6E6720706F6C6C0004
S21403B2D0534C5F5A49474245455F41465F4C4F4E84
S21403B2E0475F504F4C4C00534C5F5A4947424545C5
S21403B2F05F41465F53484F52545F504F4C4C00706B
S21403B3006F6C6C206E776B2025643A20307825307E
S21403B31032580046696E6420616E642042696E642A
S21403B32020496E69746961746F723A20436F6D7059
S21403B3306C6574653A203078253032580053746152
S21403B3407274207461726765740046696E64206166
S21403B3506E642042696E64205461726765740025CA
S21403B360733A2025733A20307825303258004672D7
S21403B37061676D656E746174696F6E2052582077CD
S21403B380696E646F772073697A65207365742074B9
S21403B3906F202564002F686F6D652F72756E6E655E
S21403B3A0722F776F726B2F747579612D7A69676266
S21403B3B065652D7377697463682F747579612D7A63
S21403B3C069676265652D7377697463682F73696C43
S21403B3D06162735F746F6F6C732F73696D706C69E2
S21403B3E0636974795F73646B2F70726F746F636FC6
S21403B3F06C2F7A69676265652F6170702F6672615C
S21403B4006D65776F726B2F706C7567696E2F6672DA
S21403B41061676D656E746174696F6E2F66726167BE
S21403B4206D656E746174696F6E2E630052583A20B0
S21403B43041646447726F7570526573706F6E73659F
S21403B440203078253032582C203078253034580078
S21403B45052583A205669657747726F75705265730E
S21403B460706F6E7365203078253032582C20307814
S21403B470253034582C20220052583A20476574470A
S21403B480726F75704D656D6265727368697052652B
S21403B49073706F6E7365203078253032582C2030E9
S21403B4A078253032582C00205B3078253034585DB0
S21403B4B00052583A2052656D6F766547726F757005
S21403B4C0526573706F6E7365203078253032582C52
S21403B4D0203078253034580065705B253032585D4F
S21403B4E02069645B253034585D00436C656172697E
S21403B4F06E6720616C6C2067726F7570732E0045E3
S21403B50052523A204661696C656420746F206372F8
S21403B510656174652062696E64696E672028307899
S21403B5202530325829004552523A2042696E6469E2
S21403B5306E67207461626C652069732066756C6C37
S21403B540004552523A2077726974696E67206E61BD
S21403B5506D6520737570706F7274202530325800D5
S21403B56052583A2041646447726F757020307825CC
S21403B5703034582C20220075760052583A205669EB
S21403B580657747726F7570203078253034580075AC
S21403B590767300766965775F67726F7570004772BA
S21403B5A06F7570733A206661696C656420746F20EA
S21403B5B073656E6420257320726573706F6E736592
S21403B5C03A20307825303258006765745F67726FAB
S21403B5D075705F6D656D62657273686970207265FC
S21403B5E073706F6E73650064656661756C745F7205
S21403B5F06573706F6E73650052583A2047657447DB
S21403B600726F75704D656D62657273686970203010
S21403B61078253032582C007575620047726F757046
S21403B620733A206661696C656420746F2073656E77
S21403B630642025733A203078253032580052583A21
S21403B6402052656D6F766547726F7570203078256A
S21403B650303458004552523A204661696C6564207E
S21403B660746F2064656C6574652062696E64696EC8
S21403B670672028307825303258290072656D6F763A
S21403B680655F67726F75700052583A2052656D6F2A
S21403B6907665416C6C47726F7570730052583A202A
S21403B6A041646447726F757049664964656E746970
S21403B6B06679696E67203078253034582C2022004E
S21403B6C0616464004368616E6E656C206E6F7420FF
S21403B6D076616C69643A202564005072696D617204
S21403B6E079002573206D61736B206E6F7720307839
S21403B6F025303858005365636F6E64617279004D68
S21403B70061736B206E6F742076616C69643A2025D2
S21403B71064007072696D617279007365636F6E643D
S21403B7206172790025733A20536574202573206D62
S21403B73061736B20746F203078253038580053744B
S21403B740617475730025733A2025733A0043686164
S21403B7506E6E656C206D61736B3A00202020202886
S21403B760312920307825303858205B0020202020CF
S21403B77028322920307825303858205B00537461EE
S21403B78074653A20307825303258202825732900EE
S21403B79043757272656E74206368616E6E656C3A8B
S21403B7A020256400546F74616C20626561636F6E5C
S21403B7B0733A202564004A6F696E20617474656D60
S21403B7C07074733A202564004E6574776F726B202D
S21403B7D073746174653A2030782530325800537498
S21403B7E06F700025732053746F702E2020436C6592
S21403B7F0616E696E672075702E0042726F616463B6
S21403B800617374696E67207065726D6974206A6F00
S21403B810696E0054727573742063656E7465722066
S21403B8206C696E6B206B6579207570646174652036
S21403B8307374617475730025733A205741524E49E9
S21403B8404E473A20736C5F7A69676265655F736516
S21403B850745F696E697469616C5F73656375726939
S21403B86074795F7374617465206661696C65642EB0
S21403B87020436F6E74696E75696E672077697468A6
S21403B8806F757420696E7374616C6C20636F646586
S21403B8902E004572726F723A20696E7374616C6C17
S21403B8A020636F6465207365747570206661696CC8
S21403B8B065642E20497320616E20696E7374616C13
S21403B8C06C20636F646520666C6173686564206FC3
S21403B8D06E746F20746865206465766963653F00DF
S21403B8E0D0D1D2D3D4D5D6D7D8D9DADBDCDDDEDFD8
S21403B8F000FFFFFFFFFFFFFFFF005A696742656512
S21403B900416C6C69616E636530390025733A206952
S21403B910737375696E67207363616E206F6E20257F
S21403B92073206368616E6E656C7320286D61736B3C
S21403B9302030782530385829002573206973206114
S21403B9406C726561647920696E2070726F677265C8
S21403B9507373005374617274004578616D696E6920
S21403B9606E6720626561636F6E206F6E2063686129
S21403B9706E6E656C20256420776974682070616E2E
S21403B980496420307825303458005468697320623F
S21403B9906561636F6E206973206E6F7420706172C9
S21403B9A074206F66207468652063757272656E74A2
S21403B9B0206368616E6E656C206D61736B20283042
S21403B9C07825303858292E2047657474696E6720A9
S21403B9D06E65787420626561636F6E2077686F7337
S21403B9E065206368616E6E656C206269746D617351
S21403B9F06B206973207365742E004572726F723AFA
S21403BA0020257320636F756C64206E6F74206174D9
S21403BA1074656D7074206A6F696E3A2030782530CD
S21403BA203258004E6F20626561636F6E73206C65DB
S21403BA306674206F6E2063757272656E74206D6116
S21403BA40736B2E204D6F76696E6720746F206E655C
S21403BA507874207374617465002573206A6F696E49
S21403BA60696E6720307825303458206F6E206368FF
S21403BA70616E6E656C2025640025732053746174B3
S21403BA80653A202573004572726F723A202573203B
S21403BA90636F756C64206E6F7420736574757020A5
S21403BAA073656375726974793A2030782530325835
S21403BAB0004572726F723A205363616E20636F6D36
S21403BAC0706C6574652068616E646C65722072655F
S21403BAD07475726E6564203078253032580025738D
S21403BAE0207363616E20636F6D706C6574652E20C2
S21403BAF0426561636F6E732068656172643A2025E0
S21403BB006400257320737461636B207374617475AA
S21403BB107320307825303258002573206E6574778D
S21403BB206F726B206A6F696E65642E0025732074CE
S21403BB307279696E67206E657874206E6574776FA8
S21403BB40726B2E004E6F6E65005363616E205072EB
S21403BB50696D617279204368616E6E656C732061EE
S21403BB606E642075736520436F6E666967757265CC
S21403BB7064204B6579005363616E205072696D6172
S21403BB807279204368616E6E656C7320616E642003
S21403BB9075736520496E7374616C6C20436F6465BE
S21403BBA0005363616E205072696D61727920436839
S21403BBB0616E6E656C7320616E64205573652043F9
S21403BBC0656E7472616C697A6564204B657900539F
S21403BBD063616E205072696D617279204368616E8D
S21403BBE06E656C7320616E642055736520446973BB
S21403BBF07472696275746564204B6579005363617A
S21403BC006E205365636F6E64617279204368616E5C
S21403BC106E656C7320616E642075736520436F6E6A
S21403BC2066696775726564204B6579005363616E58
S21403BC30205365636F6E64617279204368616E6E2C
S21403BC40656C7320616E642075736520496E73742A
S21403BC50616C6C20436F6465005363616E205365AB
S21403BC60636F6E64617279204368616E6E656C7390
S21403BC7020616E64205573652043656E7472616C33
S21403BC80697A6564204B6579005363616E2053655A
S21403BC90636F6E64617279204368616E6E656C7360
S21403BCA020616E64205573652044697374726962FB
S21403BCB075746564204B6579005363616E2050721A
S21403BCC0696D617279204368616E6E656C7320617D
S21403BCD06E642055736520416C6C204B6579732028
S21403BCE028696E7374616C6C20636F64652C2063C3
S21403BCF0656E7472616C697A65642C20646973740A
S21403BD007269627574656429005363616E205365B6
S21403BD10636F6E64617279204368616E6E656C73DF
S21403BD2020616E642055736520416C6C204B6579E9
S21403BD30732028696E7374616C6C20636F64652C62
S21403BD402063656E7472616C697A65642C2064691D
S21403BD5073747269627574656429004F6E2F4F663B
S21403BD6066207365742076616C75653A20253032DB
S21403BD70582025303258004552523A207265616485
S21403BD80696E67206F6E2F6F666620253032580007
S21403BD904F6E2F6F666620616C72656164792073DF
S21403BDA0657420746F206E65772076616C75650008
S21403BDB0546F67676C65206F6E2F6F6666206672BA
S21403BDC06F6D202530325820746F2025303258008E
S21403BDD04552523A2077726974696E67206F6E2FE8
S21403BDE06F6666202530325800496E7374616C6C3A
S21403BDF065642054797065202842617365293A206A
S21403BE0020307825303258004361706162696C696E
S21403BE10746965733A2020202020202020202020CB
S21403BE2030782530345800426F6F746C6F616465E8
S21403BE30722056657273696F6E3A20202020203078
S21403BE4078253034580053656375726520426F6FEA
S21403BE50746C6F61646572204B65793A20202020EC
S21403BE60202000426F6F746C6F6164696E67206692
S21403BE7061696C65642100446F776E6C6F61642042
S21403BE806661696C65642E0044656C6574696E67EB
S21403BE90206661696C656420646F776E6C6F61649D
S21403BEA02C207374617475733A20307825303258B9
S21403BEB000496D61676520646F6573206E6F74203B
S21403BEC0636F6E7461696E20616E20557067726170
S21403BED0646520496D616765205461672028307862
S21403BEE025303458292E20536B697070696E67208D
S21403BEF0757067726164652E00457865637574694D
S21403BF006E6720626F6F746C6F61642063616C6C24
S21403BF106261636B2E005374617274696E672045A9
S21403BF20424C20766572696669636174696F6E0058
S21403BF3045424C206661696C656420766572696665
S21403BF4069636174696F6E2E0045424C207061739D
S21403BF5073656420766572696669636174696F6E7A
S21403BF602E002573696E67204F544120636C696504
S21403BF706E74207374617465206D616368696E65A1
S21403BF800073746F7070004572726F723A204E6F52
S21403BF9020696D61676520617420696E6465782029
S21403BFA02564004E6F7420737570706F72746564C9
S21403BFB02E00436C69656E7420696D616765207138
S21403BFC07565727920696E666F004D616E756620C1
S21403BFD049443A2020202020202020203078253075
S21403BFE0345800496D61676520547970652049446B
S21403BFF03A2020202030782530345800437572725A
S21403C000656E742056657273696F6E3A20203078B9
S21403C010253038580048617264776172652056652A
S21403C0207273696F6E3A20004E41005175657279DE
S21403C0302044656C6179206D733A202020202020EF
S21403C040202020202020256C6400536572766572BC
S21403C05020446973636F766572792044656C6179F1
S21403C060206D733A20256C6400446F776E6C6F61A5
S21403C070642044656C6179206D733A20202020206B
S21403C08020202020256C640052756E205570677240
S21403C0906164652044656C6179206D733A202020C5
S21403C0A0202020256C6400566572696679204465F5
S21403C0B06C6179206D733A202020202020202020D8
S21403C0C02020256C6400446F776E6C6F6164204596
S21403C0D072726F72205468726573686F6C643A206C
S21403C0E02025640055706772616465205761697422
S21403C0F0205468726573686F6C643A20202020258C
S21403C10064004F544120446F776E677261646573B1
S21403C1103A2044697361626C6564004F544120445D
S21403C1206F776E6772616465733A20456E61626C01
S21403C130656400426F6F746C6F616420737461741E
S21403C140653A20257300496E76616C696420455014
S21403C150202564207768656E20747279696E67207F
S21403C160746F2073656E64204F5441206D6573733E
S21403C1706167652E0053656E64696E672055706748
S21403C1807261646520456E642072657175657374AB
S21403C1902E0025733A20696E76616C696420636DA0
S21403C1A064496420307825303258004572726F72C5
S21403C1B03A20204661696C656420746F2073656E4F
S21403C1C064204F544120636F6D6D616E6420307838
S21403C1D0253032582C207374617475733A20307886
S21403C1E0253032580053657276657220756E6B6E15
S21403C1F06F776E2C2066616C6C696E672062616374
S21403C2006B20746F20646973636F766572792E0092
S21403C2104D6178696D756D207175657279206572EB
S21403C220726F72732068697420282564292C207322
S21403C23074617274696E67207365617263682066E1
S21403C2406F72206E6577204F544120736572766552
S21403C250722E0A004170706C79696E67207570677C
S21403C260726164650025733A20696E76616C696451
S21403C270206F66667365742063757272656E745498
S21403C280696D652830782530385829203E2075702A
S21403C290677261646554696D65283078253038584F
S21403C2A029004F544120436C75737465723A2077A6
S21403C2B061697420666F7220256420730052586586
S21403C2C0642074696D654F7574203078253038584E
S21403C2D020732C204D41582074696D654F7574206A
S21403C2E03078253038582073004D6178696D756D48
S21403C2F02075706772616465207265717565737405
S21403C30073206D6164652028256429207769746825
S21403C3106F757420726573706F6E73652066726FC7
S21403C3206D207365727665722E0055706772616450
S21403C330696E6720616E79776179004F54412053A7
S21403C34065727669636520646973636F766572796F
S21403C3502070726576656E746564202D20616E6F3D
S21403C3607468657220697320616C726561647920F4
S21403C370696E2070726F6772657373004661696CCD
S21403C380656420746F20696E6974696174652073CF
S21403C39065727669636520646973636F766572791F
S21403C3A02E004F54412053657276696365204469B5
S21403C3B073636F7665727920696E2070726F677229
S21403C3C065737300436C69656E742076657269667F
S21403C3D069636174696F6E206661696C65642E00BB
S21403C3E05369676E617475726500437573746F6D18
S21403C3F000706173736564004641494C4544004EC2
S21403C4006F207369676E61747572652076657269ED
S21403C4106669636174696F6E20737570706F72748A
S21403C4202C20617373756D696E6720696D6167652E
S21403C430206973206F6B61792E00257320766572F1
S21403C440696669636174696F6E2025733A20307874
S21403C45025303258004D6178696D756D206E756DA7
S21403C460626572206F6620646F776E6C6F616420FE
S21403C4706572726F72732072656163682028256423
S21403C480292C2061626F7274696E672E004F5441C7
S21403C49020436C75737465723A2073657474696EA1
S21403C4A06720494545452061646472657373206F50
S21403C4B066204F544120636C757374657200506137
S21403C4C0727469616C2066696C6520646F776E6C44
S21403C4D06F616420666F756E642C20636F6E74697B
S21403C4E06E75696E672066726F6D206F666673651C
S21403C4F0742030782530385800466F756E64206691
S21403C500756C6C7920646F776E6C6F6164656420FC
S21403C51066696C6520696E2073746F726167652047
S21403C5202876657273696F6E2030782530385829FF
S21403C5302E00466F756E642066696C6520696E20F2
S21403C54073746F72616765207769746820646966BF
S21403C550666572656E742076657273696F6E2028E1
S21403C56030782530385829207468616E20637572D8
S21403C57072656E742076657273696F6E20283078E4
S21403C58025303858290046696C6520696E20737417
S21403C5906F726167652069732073616D65206173CF
S21403C5A02063757272656E742072756E6E696E673F
S21403C5B02076657273696F6E202830782530385878
S21403C5C029004E6F20696D61676520666F756E641E
S21403C5D020696E2073746F726167652E004F544135
S21403C5E0205365727669636520446973636F766565
S21403C5F0727920756E626C6F636B65640049676E53
S21403C6006F72696E67207365727665722066726FE5
S21403C6106D206C6F6F706261636B2061646472651A
S21403C62073730049676E6F72696E672030782530C2
S21403C6303458204F54412073657276657220696EB4
S21403C64020736561726368206F66205443005365E8
S21403C6507474696E67204F54412053657276657211
S21403C66020746F203078253034580044656C617927
S21403C670696E67202564207365636F6E647320623A
S21403C68065666F7265207374617274696E67204F96
S21403C690544120636C69656E740054696D656F75EB
S21403C6A0742077616974696E6720666F72206D65A2
S21403C6B073736167652E00426164204F54412063A3
S21403C6C06F6D6D616E643A20307825303258004FB6
S21403C6D0544120636F6D6D616E642030782530326F
S21403C6E05820746F6F2073686F727420286C656EA1
S21403C6F0202564203C206D696E20256429004F5454
S21403C7004120636F6D6D616E642066726F6D207578
S21403C7106E7265636F676E697A6564207365727699
S21403C7206572203078253034582E20204D79204FDE
S21403C7305441207365727665723A2030782530341A
S21403C7405800496D616765204E6F746966790047C6
S21403C7506F7420756E6578706563746564202573E1
S21403C7602E2020537461727420646973636F766538
S21403C77072792E0064656661756C74004F54413A95
S21403C780206661696C656420746F2073656E64202F
S21403C790257320726573706F6E73653A2030782543
S21403C7A030325800496D616765206E6F746966792B
S21403C7B000476F7420756E657870656374656420D2
S21403C7C025732E202049676E6F7265642E004F54C2
S21403C7D0413A2044656661756C7420726573706FA8
S21403C7E06E736520666F7220496D616765206E6F94
S21403C7F0746966792C207374617475732030782598
S21403C80030325800496D616765206E6F74696679CA
S21403C81020636F6D6D616E6400257320756E6963AA
S21403C8206173742C207175657279696E6700496E41
S21403C83076616C6964002573202573207061796CBA
S21403C8406F61642074797065203078253032580023
S21403C85025732025733A206F7574206F66207261E6
S21403C8606E6765206A697474657220256400257393
S21403C8702025733A207061796C6F6164206C656E55
S21403C88067746820646F65736E2774206D617463C4
S21403C8906820747970652030782530325820282532
S21403C8A064203C20256429002573202573206475A5
S21403C8B06520746F206E6F6E2D6D61746368696E8C
S21403C8C067206D616E756661637475726572204963
S21403C8D0440025732025732064756520746F206ECD
S21403C8E06F6E2D6D61746368696E6720696D61672D
S21403C8F065207479706520494400257320257320CC
S21403C90064756520746F206D61746368696E672053
S21403C9106669726D776172652076657273696F6E8C
S21403C9200025732025732C2052782764204A6974C7
S21403C9307465722028307825303258292C205069A7
S21403C940636B6564204A69747465722028307825A1
S21403C95030325829005175657279206E65787420D7
S21403C960696D61676520726573706F6E7365002508
S21403C970732072657475726E656420307825303264
S21403C980582E20204E6F206E657720696D6167658F
S21403C99020746F20646F776E6C6F61642E0025734E
S21403C9A020746F6F2073686F727420282564203C90
S21403C9B0202564290025733A204E657720696D612A
S21403C9C0676520697320617661696C61626C6520B6
S21403C9D0666F7220646F776E6C6F61642E002573CA
S21403C9E0206973206E6F74207573696E67206D7986
S21403C9F020696D61676520696E666F2E0045525229
S21403CA004F523A204E65787420496D6167652069F8
S21403CA107320746F6F2062696720746F2073746F5E
S21403CA2072652028307825303858203E2030782507
S21403CA30303858290025732072657475726E6564E4
S21403CA402073616D652046696C6556657273696F00
S21403CA506E2061732063757272656E746C792069DB
S21403CA606E7374616C6C65642E004F544120446F82
S21403CA70776E6772616465732044697361626C657F
S21403CA80643A2046696C6556657273696F6E2062F8
S21403CA906568696E642063757272656E7420696E6C
S21403CAA07374616C6C6174696F6E00537461727435
S21403CAB0696E6720646F776E6C6F61642C205665B1
S21403CAC07273696F6E20307825303858004572725D
S21403CAD06F723A204661696C656420746F206465E2
S21403CAE06C65746520696D6167652E004572726FAB
S21403CAF0723A204661696C656420746F20657261C2
S21403CB007365206F6C642074656D70206461746156
S21403CB102E00496D61676520626C6F636B207265DA
S21403CB2073706F6E7365004F54413A20496D6167A9
S21403CB3065426C6F636B5265706F6E736520636FCF
S21403CB406E7461696E7320696E76616C6964206FBA
S21403CB507220696E636F6D706C65746520646174B2
S21403CB6061005570646174696E67204D696E20427A
S21403CB706C6F636B205265717565737420506572B4
S21403CB80696F6420746F202564206D7300446F778B
S21403CB906E6C6F61642064656C61792062792073C2
S21403CBA06572766572202564206D7300446F776E18
S21403CBB06C6F61642061626F7274656420627920B1
S21403CBC07365727665722E0053657276657220649D
S21403CBD06F65736E277420737570706F7274207030
S21403CBE061676520726571756573742C206F6E6C52
S21403CBF079207573696E6720626C6F636B2072654C
S21403CC0071756573742E005365727665722072654E
S21403CC107475726E65642027756E737570706F72A7
S21403CC2074656420636C757374657220636F6D6DD1
S21403CC30616E64272E00556E6B6E6F776E202573BC
S21403CC402073746174757320636F64652030782570
S21403CC503032580025732068617320646174612044
S21403CC6073697A65202825642920736D616C6C6569
S21403CC7072207468616E2061637475616C207061E4
S21403CC80636B65742073697A6520282564292E00F2
S21403CC902573206572726F723A20457870656374E7
S21403CCA06564206F6666736574203078253038585F
S21403CCB02C2062757420676F7420307825303858BE
S21403CCC02E202049676E6F72696E67002573206990
S21403CCD06E666F20646964206E6F74206D61746382
S21403CCE068206D7920657870656374656420696E65
S21403CCF0666F2E202044726F7070696E672E004632
S21403CD0061696C656420746F20777269746520743A
S21403CD106F2073746F7261676520646576696365F7
S21403CD202100446F776E6C6F6164005570677261A3
S21403CD30646520656E6420726573706F6E7365003C
S21403CD405365727665722061626F727465642075CE
S21403CD507067726164652C207374617475733A200E
S21403CD60307825303258004572726F723A20257338
S21403CD702068616420696E76616C69642025733A65
S21403CD80200066696C652076657273696F6E004174
S21403CD906464696E67202564206D732E2064656C59
S21403CDA0617920666F7220696D6D6564696174656B
S21403CDB020757067726164652E00436F756E7464C8
S21403CDC06F776E20746F20757067726164653A20A2
S21403CDD02564206D73002053746174653A20202007
S21403CDE02573002057616974696E6720666F722029
S21403CDF0726573706F6E73653A20257300204E65F7
S21403CE007874204576656E742054696D65723A2091
S21403CE102564206D73002043757272656E7420441A
S21403CE206F776E6C6F6164204F66667365743A2025
S21403CE303078253038582028256425252900257381
S21403CE403A206661696C65642070617273696E6707
S21403CE50204F544120636D642030782530325800CB
S21403CE604F54412044656661756C74207265737017
S21403CE706F6E736520746F20636F6D6D616E6420D3
S21403CE804944203078253032582C207374617475E9
S21403CE90732030782530325800496D61676520620B
S21403CEA06C6F636B2072657175657374207465733C
S21403CEB074206F6E6C7920776F726B73207768655A
S21403CEC06E20737461746520697320424F4F544C0F
S21403CED04F41445F53544154455F4E4F4E450052B5
S21403CEE0616E646F6D2044656C6179206265666F60
S21403CEF0726520737461727400446973636F766538
S21403CF0072696E67204F54412053657276657200CE
S21403CF10476574204F5441205365727665722045E9
S21403CF205549004F627461696E206C696E6B206BA5
S21403CF306579005175657279696E67204E657874F8
S21403CF4020496D61676500446F776E6C6F61646935
S21403CF506E6720496D616765005665726966796913
S21403CF606E6720496D6167650057616974696E670E
S21403CF7020666F722055706772616465206D6573F5
S21403CF807361676500436F756E74646F776E2074A4
S21403CF906F20557067726164650057616974696EC6
S21403CFA06720746F207570677261646520766961A7
S21403CFB0206F75742D6F662D62616E64206D6563D8
S21403CFC068616E69736D0025733A202564252520F4
S21403CFD0636F6D706C65746500496D6167652025C8
S21403CFE0640020204552524F523A20436F756C64BA
S21403CFF0206E6F74206765742066756C6C20686598
S21403D000616465722100202048656164657220565C
S21403D010657273696F6E3A20307825303458002075
S21403D02020486561646572204C656E6774683A20B3
S21403D0302025642062797465730020204669656C38
S21403D0406420436F6E74726F6C3A202030782530FC
S21403D05034580020204D616E75662049443A2020DE
S21403D0602020202020307825303458002020496D99
S21403D07061676520547970653A2020202020307837
S21403D0802530345800202056657273696F6E3A2037
S21403D09020202020202020307825303858002020DB
S21403D0A05A69676265652056657273696F6E3A20C2
S21403D0B03078253034580020204865616465722036
S21403D0C0537472696E673A20202573002020496DD9
S21403D0D06167652053697A653A2020202020256CF5
S21403D0E064206279746573002020536563757269E2
S21403D0F0747920437265643A20203078253032589C
S21403D1000020205570677261646520446573743A25
S21403D1102020200020204D696E2E2048572056657B
S21403D120723A202020203078253034580020204DB5
S21403D13061782E204857205665723A2020202030EA
S21403D1407825303458002020546F74616C20546165
S21403D15067733A20256400202020205461673A2014
S21403D160307825303458002020202020204C656E4F
S21403D1706774683A20256C64004572726F723A20B1
S21403D180436F756C64206E6F74206F627461696E92
S21403D1902074616720696E666F2066726F6D206902
S21403D1A06D6167652E000A256420696D6167657386
S21403D1B020696E204F54412073746F726167652E29
S21403D1C000496D6167652064656C65746525732E1B
S21403D1D0004572726F723A2020436F756C64206E3E
S21403D1E06F74207265616420626C6F636B3A2030E3
S21403D1F078253032582E0A005374617274696E674C
S21403D2002065726173652066726F6D206F66667344
S21403D21065742030782530385820746F2030782590
S21403D22030385800436F756C64206E6F74207374C7
S21403D23061727420455241534521202830782530A9
S21403D24032582900454550524F4D2045726173654B
S21403D25020636F6D706C657465002F686F6D652F46
S21403D26072756E6E65722F776F726B2F7475796138
S21403D2702D7A69676265652D7377697463682F74A1
S21403D2807579612D7A69676265652D73776974634D
S21403D290682F73696C6162735F746F6F6C732F733F
S21403D2A0696D706C69636974795F73646B2F7072F0
S21403D2B06F746F636F6C2F7A69676265652F617031
S21403D2C0702F6672616D65776F726B2F706C756702
S21403D2D0696E2F6F74612D73746F726167652D733A
S21403D2E0696D706C652D656570726F6D2F6F7461F7
S21403D2F02D73746F726167652D656570726F6D2D22
S21403D300706167652D65726173652E63002F686FA4
S21403D3106D652F72756E6E65722F776F726B2F74D5
S21403D3207579612D7A69676265652D7377697463AC
S21403D330682F747579612D7A69676265652D7377D1
S21403D340697463682F73696C6162735F746F6F6C63
S21403D350732F73696D706C69636974795F73646B3B
S21403D3602F70726F746F636F6C2F7A69676265656F
S21403D3702F6170702F6672616D65776F726B2F7099
S21403D3806C7567696E2F6F74612D73746F72616746
S21403D390652D73696D706C652D656570726F6D2F85
S21403D3A06F74612D73746F726167652D6565707236
S21403D3B06F6D2E63004F54412053696D706C65206A
S21403D3C053746F7261676520454550524F4D207701
S21403D3D061726E696E673A20636F756C64206E6F58
S21403D3E0742067657420736C6F7420696E666F2093
S21403D3F0666F7220736C6F742025642028657272C2
S21403D4006F7220307825303258292E2044656661A5
S21403D410756C74696E6720746F20737065636966D4
S21403D4206965642061646472657373206F666673EE
S21403D4306574730053746F7261676520447269760E
S21403D44065723A2020202020202020202020202023
S21403D4504F54412053696D706C652053746F72612D
S21403D460676520454550524F4D20506C7567696E71
S21403D4700052656164204D6F64696679205772694E
S21403D480746520537570706F72743A20206E6F0047
S21403D490534F4320426F6F746C6F6164696E6720ED
S21403D4A0537570706F72743A20202020796573006C
S21403D4B0426F6F746C6F616465722053746F726130
S21403D4C0676520537570706F72743A2055736520C4
S21403D4D0666972737420736C6F7400536C6F742078
S21403D4E0746F207573653A2020202020202020208A
S21403D4F02020202020202025640043757272656E4C
S21403D5007420446F776E6C6F6164204F6666736534
S21403D510743A202020203078253038580045424C75
S21403D520205374617274204F66667365743A2020C4
S21403D5302020202020202020203078253038580036
S21403D540454550524F4D2053746172743A20202043
S21403D5502020202020202020202020203078253046
S21403D560385800454550524F4D20456E643A2020AA
S21403D5702020202020202020202020202020203093
S21403D580782530385800496D61676520496E666FA7
S21403D5902053746172743A202020202020202020FB
S21403D5A02020307825303858005361766520526144
S21403D5B07465202862797465732920202020202032
S21403D5C02020202020307825303858004F66667398
S21403D5D06574206F6620646F776E6C6F6164206F6E
S21403D5E06666736574202020307825303858004FDF
S21403D5F06666736574206F662045424C206F6666C8
S21403D6007365743A20202020202020307825303877
S21403D61058004F6666736574206F6620696D616790
S21403D620652073746172743A20202020202030789D
S21403D6302530385800736C5F7A69676265655F6189
S21403D640665F6F74615F73746F726167655F647240
S21403D650697665725F726561645F63622829206616
S21403D66061696C65642100426164206D616769636A
S21403D670206E756D62657220696E2066696C653A08
S21403D68020307825303258203078253032582030F4
S21403D690782530325820307825303258004261647D
S21403D6A02076657273696F6E20696E2066696C6595
S21403D6B020307825303458004572726F723A2072E3
S21403D6C0656164416E6456616C6964617465537424
S21403D6D06F726564496D6167652829207472696590
S21403D6E06420746F2072656164206D6F72652064B8
S21403D6F0617461207468616E20697420636F756C51
S21403D7006420686F6C642E00736C5F7A6967626569
S21403D710655F61665F6F74615F73746F726167657F
S21403D7205F6472697665725F726561645F636228BF
S21403D73029204641494C454421004C617374206FAF
S21403D740666673657420646F776E6C6F6164656478
S21403D7503A203078253038580053746F7261676505
S21403D760204D6F64756C653A204F54412053696DA4
S21403D770706C652053746F7261676520506C7567B3
S21403D780696E00496D616765732053746F726564D3
S21403D7903A20202564206F6620310A00253032584F
S21403D7A03A006570202530325820636C7573202547
S21403D7B030345820617474722025303458207376C0
S21403D7C07220256300206D666720253032580020BE
S21403D7D07265706F7274206D696E20253034582020
S21403D7E06D61782025303458207270742D63686715
S21403D7F02025303858002072656365697665206693
S21403D800726F6D20253034582065702025303258CD
S21403D8102074696D656F7574202530345800636C09
S21403D8206561720072656D6F766500636C65617223
S21403D830696E67206C617374207265706F727420F2
S21403D84074696D65206F6620616C6C2061747472F8
S21403D8506962757465730074657374696E672074A2
S21403D860696D696E67206F6620766172696F75737E
S21403D870207265706F7274696E67206F706572616F
S21403D88074696F6E73002D2D2D2D2D2D2D2D2D2DA1
S21403D8902D2D2D2D2D2D2D2D2D2D2D2D2D2D2D2DB0
S21403D8A02D2D2D2D2D2D2D2D2D2D2D2D2D2D2D2DA0
S21403D8B02D2D2D2D2D002D2D7461626C6520726526
S21403D8C0616473202D2066756C6C207461626C65D0
S21403D8D02D2D00726573756C74203D202564206DB4
S21403D8E073002D2D696E6974202F20736368656439
S21403D8F0756C65207469636B2D2D2D002D2D6C6F53
S21403D900616420636F6E66696775726174696F6EB2
S21403D9102064656661756C74732D2D002F686F6DBA
S21403D920652F72756E6E65722F776F726B2F7475B7
S21403D93079612D7A69676265652D737769746368A3
S21403D9402F747579612D7A69676265652D737769BA
S21403D9507463682F73696C6162735F746F6F6C7343
S21403D9602F73696D706C69636974795F73646B2F69
S21403D97070726F746F636F6C2F7A69676265652F59
S21403D9806170702F6672616D65776F726B2F706C46
S21403D9907567696E2F7265706F7274696E672F7222
S21403D9A065706F7274696E672E6300524541445FFB
S21403D9B05250545F43464700726561645F726570F8
S21403D9C06F7274696E675F636F6E6669677572619F
S21403D9D074696F6E005265706F7274696E673A2071
S21403D9E06661696C656420746F2073656E642025B8
S21403D9F07320726573706F6E73653A2030782530C6
S21403DA003258004552523A2072656164696E672047
S21403DA10636C7573746572203078253034582061D2
S21403DA207474726962757465203078253034583A98
S21403DA3020307825303258004552523A20726570AD
S21403DA406F7274696E67206F66204C4F4E47207363
S21403DA507472696E67206174747269627574652086
S21403DA6074797065206E6F7420737570706F72743E
S21403DA7065643A20636C757374657220307825305C
S21403DA803458206174747269627574652030782521
S21403DA90303458005265706F7274696E6720456E35
S21403DAA07472792046756C6C202D206372656174E0
S21403DAB0696E67206E6577207265706F72740043B7
S21403DAC046475F52505400202D2064697265637484
S21403DAD0696F6E3A253032582C20617474723A2579
S21403DAE030345800202020747970653A2530325837
S21403DAF02C206D696E3A253034582C206D61783AA7
S21403DB0025303458002020206368616E67653A002C
S21403DB1020202074696D656F75743A25303458007B
S21403DB20636F6E6669677572655F7265706F727430
S21403DB30696E67002054434C4B20757064617465AE
S21403DB4020616C726561647920696E2070726F67FC
S21403DB5072657373004D616E75616C2054434C4B54
S21403DB6020757064617465206661696C65642E2532
S21403DB7073005374617274696E67207570646174A0
S21403DB80652074727573742063656E746572206C99
S21403DB90696E6B206B65792070726F6365737300B3
S21403DBA0557064617465205443204C696E6B204B3A
S21403DBB0657900204E6577206B65792065737461FF
S21403DBC0626C69736865643A00204572726F723AD4
S21403DBD000506172746E65723A20005A434C206797
S21403DBE06C6F62616C20636C757374657220636F0F
S21403DBF06D6D616E647300646972656374696F6EDC
S21403DC0000646973632D636F6D2D67656E006469C9
S21403DC1073632D636F6D2D7265630065787065633E
S21403DC20742D7265706F72742D66726F6D2D6D65CF
S21403DC3000757772697465006E7772697465007231
S21403DC4065706F72742D726561640073656E642D02
S21403DC506D652D612D7265706F7274004372656118
S21403DC60746573206120676C6F62616C20646973EE
S21403DC70636F76657220636F6D6D616E6420666F89
S21403DC807220746865206173736F63696174656479
S21403DC902076616C7565732E00636C75737465729C
S21403DCA049641F61747472696275746549641F6D93
S21403DCB061784E756D626572546F5265706F7274DB
S21403DCC01F0043726561746573206120676C6F6221
S21403DCD0616C2073656E64206D65206120726570CB
S21403DCE06F727420636F6D6D616E6420666F722051
S21403DCF0746865206173736F636961746564207605
S21403DD00616C7565732E00636C7573746572496414
S21403DD101F61747472696275746549641F64617403
S21403DD2061547970651F6D696E5265706F727454B5
S21403DD30696D651F6D61785265706F727454696D95
S21403DD40651F7265706F727461626C654368616E9D
S21403DD5067651F0043726561746573206120676C95
S21403DD606F62616C2072656164207265706F727495
S21403DD70696E6720636F6D6D616E6420666F7220D7
S21403DD80746865206173736F636961746564206387
S21403DD906C75737465722C20617474726962757421
S21403DDA06520616E64207365727665722F636C6995
S21403DDB0656E7420646972656374696F6E2E0063A2
S21403DDC06C757374657249641F61747472696275E5
S21403DDD0746549641F646972656374696F6E1F00B6
S21403DDE0476C6F62616C207265706F7274696E67E0
S21403DDF020636F6D6D616E6400656E64706F696E2F
S21403DE00741F636C757374657249641F61747472EE
S21403DE10696275746549641F6D61736B1F00437295
S21403DE206561746573206120676C6F62616C207234
S21403DE3065616420636F6D6D616E64206D657373D9
S21403DE4061676520746F20726561642066726F6D0A
S21403DE502074686520636C757374657220616E64E4
S21403DE602061747472696275746520737065636982
S21403DE70666965642E00636C757374657249641F06
S21403DE8061747472696275746549641F00437265D0
S21403DE9061746573206120676C6F62616C207772B2
S21403DEA069746520636F6D6D616E64206D65737351
S21403DEB061676520746F20777269746520746F20BC
S21403DEC074686520636C757374657220616E642074
S21403DED061747472696275746520737065636966CC
S21403DEE069656400636C757374657249641F617455
S21403DEF07472696275746549641F747970651F640A
S21403DF006174611F004372656174652061206578E2
S21403DF10706563742D7265706F72742D66726F6DA3
S21403DF202D6D65206D657373616765207769746809
S21403DF30206173736F6369617465642076616C75C1
S21403DF4065732E00636C757374657249641F617420
S21403DF507472696275746549641F74696D656F755B
S21403DF60741F00437265617465206120446973639E
S21403DF706F76657220436F6D6D616E6473204765BF
S21403DF806E65726174656420636F6D6D616E642087
S21403DF9077697468206173736F636961746564205D
S21403DFA076616C7565732E00636C75737465724960
S21403DFB0641F7374617274436F6D6D616E6449643C
S21403DFC01F6D6178436F6D6D616E6449641F005306
S21403DFD06574732074686520646972656374696F19
S21403DFE06E20666F7220676C6F62616C20636F6D64
S21403DFF06D616E64732C2065697468657220636C4A
S21403E00069656E7420746F20736572766572206F0F
S21403E010722073657276657220746F20636C69650F
S21403E0206E742E0053657473206120666C616720DE
S21403E030736F207468617420746865206170706CF7
S21403E04069636174696F6E206672616D65776F725E
S21403E0506B2057494C4C204E4F5420726573706F9B
S21403E0606E6420746F20746865206E657874205A19
S21403E070434C206D65737361676520746861742013
S21403E080636F6D657320696E206F766572207468A2
S21403E09065206169722E0053657473206120666C77
S21403E0A0616720736F2074686174207468652061EB
S21403E0B070706C69636174696F6E206672616D65FA
S21403E0C0776F726B2057494C4C20726573706F6E76
S21403E0D06420746F20746865206E657874205A43D4
S21403E0E04C206D6573736167652074686174206383
S21403E0F06F6D657320696E206F7665722074686530
S21403E100206169722E005365747320746865204419
S21403E110697361626C652044656661756C74205230
S21403E1206573706F6E7365204672616D6520436F0D
S21403E1306E74726F6C2062697420746F20757365D9
S21403E14020666F7220746865206E65787420636F2E
S21403E1506D6D616E642069662074686520636F6DFB
S21403E1606D616E64206973206E6F7420616C7265D6
S21403E170616479206275696C742E006469736162E8
S21403E1806C6544656661756C74526573706F6E7307
S21403E190651F00536574732074686520666C616739
S21403E1A020746F207573652074686520696E6372CA
S21403E1B0656D656E7465642073657175656E6365FC
S21403E1C0206E756D6265722066726F6D2074686569
S21403E1D0206672616D65776F726B20666F7220744E
S21403E1E06865206E6578742072617720636F6D6D45
S21403E1F0616E642E007573654E657874536571752C
S21403E200656E63651F00436C6920636F6D6D616E99
S21403E2106420746F2063616C6C20736C5F7A69672B
S21403E2206265655F61665F7365745F74696D6520BB
S21403E23066756E6374696F6E20646F63756D656E65
S21403E24074656420696E2061662E68007574635475
S21403E250696D651F00536574732074686520747751
S21403E2606F2062797465206D616E7566616374757F
S21403E2707265722073706563696669632069646595
S21403E2806E74696669657220746F2075736520669F
S21403E2906F7220746865206E65787420636F6D6D89
S21403E2A0616E642069662074686520636F6D6D61B6
S21403E2B06E64206973206E6F7420616C726561648E
S21403E2C079206275696C742E006D6667537065639A
S21403E2D06966696349641F006E6F742000534C5F60
S21403E2E05354415455535F4E4554574F524B5F5505
S21403E2F05020307825303458005472757374204398
S21403E300656E7465722045554920686173202573D0
S21403E3106368616E6765642E00534C5F53544154C3
S21403E32055535F4E4554574F524B5F444F574E001D
S21403E330534C5F5354415455535F4E4F545F4A4FAB
S21403E340494E454400534C5F5354415455535F5A0A
S21403E35049474245455F4E4554574F524B5F4F50D2
S21403E360454E45443A2025642073656300534C5F4D
S21403E3705354415455535F5A49474245455F4E45AA
S21403E38054574F524B5F434C4F5345440025733A03
S21403E390202573006469737472696275746564001A
S21403E3A063656E7472616C697A656400466F726D3C
S21403E3B0002573696E67206F6E2063682025642CC2
S21403E3C02070616E496420307825303458004572D9
S21403E3D0726F723A2044657669636520646F65736D
S21403E3E0206E6F7420737570706F7274202573209F
S21403E3F06E6574776F726B20666F726D6174696F8A
S21403E4006E004A6F696E00496E76616C69642053CC
S21403E410656375726974792050726F66696C653AC4
S21403E4202030782530325800704A6F696E20666F48
S21403E43072202564207365633A203078253032587D
S21403E440004C696D6974696E6720647572617469DE
S21403E4506F6E206F66207065726D6974206A6F69CF
S21403E4606E2066726F6D20666F7265766572202801
S21403E4703235352920746F203235340052583A200D
S21403E4805A444F2C20636F6D6D616E64203078257F
S21403E4903034582C207374617475733A20307825A1
S21403E4A03032580053696D706C650052583A202517
S21403E4B07320446573632052657370004D61746303
S21403E4C068002C204D6174636865733A20256400E8
S21403E4D044657669636520416E6E6F756E63653A53
S21403E4E0203078253034580052583A20494545455F
S21403E4F0204164647265737320526573706F6E7324
S21403E500650052583A204163746976652045502069
S21403E510526573706F6E73652C20436F756E743A15
S21403E520202564004E6F6465002C204D617463687B
S21403E53065733A2030782530345800737461636B02
S21403E540207665722E205B25642E25642E256400B6
S21403E550202573206275696C642025645D005A4427
S21403E5604F00534500484100436C75737465720051
S21403E570476C6F62616C00257374782030782530A1
S21403E58038582C200050726F66696C653A202573E4
S21403E5902028307825303458292C20436C75737422
S21403E5A065723A203078253034582C202564206252
S21403E5B0797465732C00205A434C20257320436DD1
S21403E5C0642049443A202564005072652D52656CD8
S21403E5D06561736500416C706861203100416C7041
S21403E5E06861203200416C706861203300426574B4
S21403E5F061203100426574612032004265746120F7
S21403E6003300474100526573657420696E666F3A3E
S21403E6102030782530325820282573290064656C0D
S21403E6206574652062696E64696E673A20253032C8
S21403E630582025303258000102030405060708094E
S21403E6400A0B0C0001010101010101010101010195
S21403E650005752495445204552523A2000257365C7
S21403E66070202530325820636C757320253034585B
S21403E67020617474722025303458206E6F742073B2
S21403E6807570706F72746564002573696E76616C5D
S21403E6906964206461746120747970650025736110
S21403E6A0747472206E6F74207772697461626C651D
S21403E6B00057524954453A206E6F20777269746545
S21403E6C02C206A7573742061207465737400524538
S21403E6D041443A2061747472696275746520736983
S21403E6E07A6520746F6F206C6172676520666F723F
S21403E6F02063616C6C657200636C6E740073727673
S21403E7007200525700524F00202052414D202000E5
S21403E71020746F6B656E200065787465726E2000DA
S21403E720454E44504F494E54202530325800636CB2
S21403E7307573202F2073696465202F2061747472AB
S21403E740202F206D666720202F74797065286C65EE
S21403E7506E292F207277202F2073746F726167657E
S21403E760202F206461746120287261772900253088
S21403E7703458202F202573202F2025303458202F5F
S21403E7802000202F202530325820282530325829C3
S21403E790202F202573202F202573202F2000556E31
S21403E7A0737570706F72746564004F5441205245E0
S21403E7B041443A2065703A25303258206369643AFA
S21403E7C0253034582061747469643A2530345820EF
S21403E7D06D736B3A25303258206D66636F64653A05
S21403E7E02530345800524541443A20636C757320F3
S21403E7F0253034582C206174747220253034582008
S21403E8006661696C65642025303258005245414480
S21403E8103A20636C757320253034582C2061747449
S21403E8207220253034582C20646174614C656E3A2E
S21403E83020253032582C204F4B00282563292530BD
S21403E8403258253032582530325825303258253044
S21403E8503258253032582530325825303258006425
S21403E860697361626C65002573642C2064726F7033
S21403E87070696E67206570203078253032582063C3
S21403E8806C75732030782530345820636D642030DF
S21403E89078253032580047656E657261746564008A
S21403E8A0526563656976656400446973636F76656C
S21403E8B07220436F6D6D616E647320726573706F43
S21403E8C06E73652028636F6D706C6574653A2025DA
S21403E8D063292C202573204944733A200030782579
S21403E8E030325820005F45585400524541445F413A
S21403E8F05454520057524954453A20636C7573205A
S21403E9002530345820617474722025303458200022
S21403E9104641494C20253032580057524954453A0F
S21403E92020746F6F2073686F727400444953435F9B
S21403E9304154545200257325733A20636C75732033
S21403E940253034580053766320446973633A2000B5
S21403E950257357616974696E672025642073656340
S21403E96020666F7220646973636F766572792074AC
S21403E9706F20636F6D706C657465005374617465A6
S21403E98020636F72726573706F6E64696E6720744E
S21403E9906F20746865207468652072657175657389
S21403E9A074206E6F7420666F756E640A0025736339
S21403E9B06F6D706C6574652E0A00257353657276E9
S21403E9C069636520446973636F766572792053744F
S21403E9D0617465206C696D69747320726561636820
S21403E9E065640A002573496C6C6567616C20627206
S21403E9F06F61646361737420616464726573732CFE
S21403EA002072656D617070696E6720746F20766121
S21403EA106C6964206F6E652E0025734661696C65AC
S21403EA206420746F2073656E64206D617463682060
S21403EA30646973636F766572793A2030782530326D
S21403EA40580025735374617274696E672064697322
S21403EA50636F7665727920666F7220636C75737464
S21403EA606572203078253034580025734661696C0A
S21403EA70656420746F2073656E642073696D706CB3
S21403EA80652064657363726970746F722072657152
S21403EA90756573743A2030782530325800257346EE
S21403EAA061696C656420746F2073656E64204945E4
S21403EAB0454520616464726573732072657175657C
S21403EAC073743A20307825303258002573466169CE
S21403EAD06C656420746F2073656E64204E574B20FC
S21403EAE06164647265737320726571756573743AD5
S21403EAF020307825303258004572726F723A2025DE
S21403EB0073206261642073696D706C65206465733D
S21403EB1063726970746F72206C656E6774682E001A
S21403EB2025734D65737361676520746F6F20736813
S21403EB306F72740025734D65737361676520746F18
S21403EB406F2073686F727420666F72206E756D2EF9
S21403EB5020656E64706F696E74730025734D6174FF
S21403EB606368257320666F756E642066726F6D200A
S21403EB703078253034582E004572726F723A20254D
S21403EB807320696E76616C6964206C656E67746861
S21403EB902028256420213D2025642920666F7220C5
S21403EBA041637469766520456E64706F696E742080
S21403EBB0726573706F6E7365002573676F7420617B
S21403EBC0637469766520455020726573706F6E7343
S21403EBD065005554432074696D653A2025642F25D6
S21403EBE0642F25642025643A25643A256420282565
S21403EBF0303858290028556E6B6E6F776E20636C1D
S21403EC0075732E205B3078253034585D29000D0A45
S21403EC1054253038583A005258206C656E202564C7
S21403EC202C20657020253032582C20636C75732099
S21403EC303078253034582000206D666749642025D7
S21403EC4030345800204643202530325820736571EF
S21403EC50202530325820636D6420253032582070CA
S21403EC6061796C6F61645B004261736963004F7620
S21403EC706572207468652041697220426F6F746CF8
S21403EC806F6164696E67002573525820706B742039
S21403EC90746F6F2073686F72743A202564203C206B
S21403ECA02564002573525820706B74206D616C6662
S21403ECB06F726D65643A202564203C20256400202D
S21403ECC0204861766520526F75746572205375709F
S21403ECD0706F7274002020456E6420446576696305
S21403ECE065204F6E6C79002020456E61626C65640A
S21403ECF000202044697361626C6564004572726F1C
S21403ED00722072657472696576696E6720696E66CD
S21403ED106F20666F72206C69627261727920494453
S21403ED20202564002573206C6962726172792573ED
S21403ED302070726573656E74005A69676265652034
S21403ED4050726F0042696E64696E6700536563753F
S21403ED507269747920436F726500536563757269CF
S21403ED607479204C696E6B204B6579730043424B74
S21403ED7045203136334B310043424B452044534103
S21403ED80205369676E004543430043424B45204486
S21403ED90534120566572696679005061636B6574EA
S21403EDA02056616C6964617465005A4C4C0043429A
S21403EDB04B45203238334B310045434320323833FA
S21403EDC04B310043424B4520636F7265004E435000
S21403EDD0004D756C7469206E6574776F726B0045B1
S21403EDE06E68616E63656420426561636F6E205270
S21403EDF065710043424B45203238334B3120445330
S21403EE004120566572696679004D756C74692D509C
S21403EE10414E002F686F6D652F72756E6E65722F8B
S21403EE20776F726B2F747579612D7A696762656582
S21403EE302D7377697463682F747579612D7A6967A2
S21403EE406265652D7377697463682F73696C616295
S21403EE50735F746F6F6C732F73696D706C6963691E
S21403EE6074795F73646B2F70726F746F636F6C2F3C
S21403EE707A69676265652F737461636B2F636F6E60
S21403EE806669672F736C5F7A69676265655F636F30
S21403EE906E66696775726174696F6E2E63002F689C
S21403EEA06F6D652F72756E6E65722F776F726B2F2F
S21403EEB0747579612D7A69676265652D73776974F0
S21403EEC063682F747579612D7A69676265652D733A
S21403EED077697463682F73696C6162735F746F6FAD
S21403EEE06C732F73696D706C69636974795F73648F
S21403EEF06B2F70726F746F636F6C2F7A69676265BE
S21403EF00652F737461636B2F6672616D65776F72BD
S21403EF106B2F6165732D6563622E63002F686F6DBB
S21403EF20652F72756E6E65722F776F726B2F7475A1
S21403EF3079612D7A69676265652D7377697463688D
S21403EF402F747579612D7A69676265652D737769A4
S21403EF507463682F73696C6162735F746F6F6C732D
S21403EF602F73696D706C69636974795F73646B2F53
S21403EF7070726F746F636F6C2F7A69676265652F43
S21403EF80737461636B2F73656375726974792F7A13
S21403EF9069676265652D73656375726974792D6D2E
S21403EFA0616E616765722D6E6F2D7661756C742E5A
S21403EFB063004572726F723A20204661696C65641D
S21403EFC020746F20726561642066726F6D204545FC
S21403EFD050524F4D2061742030782534582C2073BE
S21403EFE074617475733A20256400454550524F4D3D
S21403EFF020496E697469616C697A65643A20256391
S21403F00000454550524F4D20427573793A2025638B
S21403F010005061727469616C20576F726420537478
S21403F0206F7261676520436F756E743A20256400BE
S21403F030416464726573733A2030782534582C2003
S21403F0405061727469616C20576F72643A2030782D
S21403F050255800636F6E6669726D6564006173732D
S21403F060756D6564000A454550524F4D20496E66DE
S21403F0706F004E6F7420617661696C61626C652007
S21403F080286F6C64657220626F6F746C6F61646561
S21403F09072290050617274204465736372697074D8
S21403F0A0696F6E3A20202020202020202020257300
S21403F0B0004361706162696C69746965733A202004
S21403F0C020202020202020202020202030782532B9
S21403F0D05800506167652045726173652074696DD9
S21403F0E065202873293A20202020202025640050FC
S21403F0F06172742045726173652074696D6520289A
S21403F10073293A2020202020202564005061727441
S21403F1102045726173652074696D6520286D7329B7
S21403F1203A20202020202025640050616765207344
S21403F130697A6520286279746573293A202020202D
S21403F1402020202020256C00506172742073697A79
S21403F1506520286279746573293A202020202020B0
S21403F160202020256C00576F72642073697A65200F
S21403F170286279746573293A2020202020202020D5
S21403F180202564202825702900454550524F4D20E0
S21403F190696E69743A2030782558002F686F6D655C
S21403F1A02F72756E6E65722F776F726B2F7475790B
S21403F1B0612D7A69676265652D7377697463682F55
S21403F1C0747579612D7A69676265652D73776974DD
S21403F1D063682F73696C6162735F746F6F6C732FF0
S21403F1E073696D706C69636974795F73646B2F758B
S21403F1F074696C2F706C7567696E2F706C756769B0
S21403F2006E2D636F6D6D6F6E2F656570726F6D2FEC
S21403F210656570726F6D2E6300556E61626C652056
S21403F220746F20626F6F7420696D61676520617407
S21403F23020736C6F7420256C640A00536C6F742003
S21403F2404D616E61676572206661696C65642074E2
S21403F2506F20657261736520736C6F740A004D616D
S21403F260782072656164206C696D697420736574B7
S21403F27020746F2025642062797465730A004164E4
S21403F28064726573732020202020202020202044D1
S21403F2906174610A00307825346C782020202020A1
S21403F2A02020307825780A004661696C65642074EE
S21403F2B06F20726561642066726F6D20666C617381
S21403F2C0680A00536C6F7420256C640A202041641E
S21403F2D0647265737320202020203A20307825340A
S21403F2E06C580A20204C656E677468202020202006
S21403F2F0203A20307825346C582028256C64206208
S21403F30079746573290A00202054797065202020BB
S21403F31020202020203A20004E6F2047424C2070A9
S21403F320726573656E740A005A69674265650A00FA
S21403F3305468726561640A00436F6E6E6563740A8F
S21403F34000426C7565746F6F74680A00426C75656D
S21403F350746F6F7468206170706C69636174696F31
S21403F3606E0A004D43550A004F74686572202830B4
S21403F37078256C58290A00202056657273696F6ECB
S21403F38020202020203A203078256C580A002020A0
S21403F3904361706162696C69746965733A20307899
S21403F3A025346C580A00202050726F6475637420ED
S21403F3B0494420203A2000307825582000536C6FAB
S21403F3C074204D616E616765723A206661696C658B
S21403F3D06420746F20696E697469616C697A65204C
S21403F3E0626F6F746C6F6164657220286572726FEA
S21403F3F072203078253478290A0056657273696F4F
S21403F4006E20202020203A2025640A005061727462
S21403F41020202020202020203A2025730A00436144
S21403F420706162696C69746965733A20307825780F
S21403F4300A00506172742073697A652020203A208E
S21403F440256420420A00506167652073697A652047
S21403F45020203A20256420420A00576F72642073E6
S21403F460697A652020203A20256420420A00536CDE
S21403F4706F7473202020202020203A2025640A0061
S21403F4804661696C656420746F20726561642066EA
S21403F490726F6D2073746F7261676520666C61733B
S21403F4A06820286572726F72202564290A00496EE7
S21403F4B076616C696420736C6F7420256420286DF4
S21403F4C0617820736C6F74202564290A004661698D
S21403F4D06C656420746F2067657420696E666F20A0
S21403F4E0666F7220736C6F742025640A00536C6F0A
S21403F4F074204D616E616765723A20736C6F742079
S21403F5007772697465206661696C7572652E204131
S21403F510646472657373206F66667365742028254A
S21403F5206429202B207772697465206C656E677476
S21403F53068202825642920677265617465722074C3
S21403F54068616E20746F74616C20736C6F74206CCA
S21403F550656E67746820282564290A00536C6F74E7
S21403F560204D616E61676572207761726E696E67A2
S21403F5703A20736C6F74202564206C656E6774681C
S21403F5802028256429206E6F7420616C69676E6578
S21403F5906420746F20706167652073697A6520281C
S21403F5A02564292E2054686520656E74697265206B
S21403F5B0736C6F742077696C6C206E6F7420626551
S21403F5C0206572617365642E0A00536C6F74204D58
S21403F5D0616E616765723A206661696C6564207462
S21403F5E06F20657261736520256420627974657384
S21403F5F020696E20736C6F7420256420617420610B
S21403F60064647265737320307825347820286572B5
S21403F610726F722030782578290A00457261736507
S21403F6206420256420627974657320696E20736C88
S21403F6306F742025640A004661696C656420746FE4
S21403F6402073657420736C6F7420746F20626F6F01
S21403F6507420286572726F72203078253478290AF0
S21403F660004661696C656420746F20736574206C52
S21403F670697374206F6620736C6F747320746F20C5
S21403F680626F6F7420286572726F7220307825342B
S21403F69078290A004661696C656420746F20676583
S21403F6A074206E6577206C697374206F6620736CA4
S21403F6B06F747320746F20626F6F74202865727284
S21403F6C06F72203078253478290A00426567696EA0
S21403F6D06E696E6720696D61676520766572696617
S21403F6E069636174696F6E2E2E2E002E6661696CD7
S21403F6F065642120284572726F722030782534782D
S21403F700290A002E7061737365642120426F6F743B
S21403F710696E6720736C6F742025640A00666E69D1
S21403F7202B00666E69006E616E00666E692D006C56
S21403F730696273006273656E640072657365740054
S21403F7407261770073656E645F6D756C746963616F
S21403F75073740073656E642D7573696E672D6D75AE
S21403F7606C7469636173742D62696E64696E670095
S21403F77074696D6573796E63006765742D7074695B
S21403F7802D726164696F2D636F6E66696700636FC0
S21403F7906E6669672D6363612D6D6F6465006576BC
S21403F7A0656E7473007365637572697479007A693C
S21403F7B0676265655F7072696E7400706C75676901
S21403F7C06E006E6574006B657973006F7074696F95
S21403F7D06E00706C7567006368616E67656B65794C
S21403F7E0006368616E67656B007A646F00707269A8
S21403F7F06E742072656C6174656420636F6D6D61F1
S21403F8006E64732E0061747472005A646F2072659E
S21403F8106C6174656420636F6D6D616E64732E0036
S21403F820726F75746500706F776572006D676D74BF
S21403F8302D6C7169006D676D742D62696E64006E60
S21403F8406F64650073696D706C6500696565650056
S21403F850756E62696E64006E776B2D757064006FEB
S21403F86075742D636C2D6C69737400696E2D636CEF
S21403F8702D6C697374005A646F20696E2D636C2D4A
S21403F8806C6973742072656C6174656420636F6D54
S21403F8906D616E64732E005A646F206F75742D63EA
S21403F8A06C2D6C6973742072656C61746564206377
S21403F8B06F6D6D616E64732E005A646F206E776B86
S21403F8C02D7570642072656C6174656420636F6D5A
S21403F8D06D616E64732E007363616E2D6368616E73
S21403F8E02D6D61736B007363616E006368616E50A8
S21403F8F067006368616E005A646F20756E62696E96
S21403F900642072656C6174656420636F6D6D616EEF
S21403F91064732E00756E6963617374006368616E49
S21403F92067656B65792072656C6174656420636FC7
S21403F9306D6D616E64732E006C696E6B004F707430
S21403F940696F6E2072656C6174656420636F6D6D9C
S21403F950616E64732E007265676973746572006402
S21403F96069736300696E7374616C6C2D636F646591
S21403F9700062696E64696E672D7461626C650070FF
S21403F98072696E742D72782D6D7367730061707370
S21403F99072657472790041505320726574727920CF
S21403F9A0666C616720666F72636520636F6D6D6159
S21403F9B06E647300456E61626C65732F4469736190
S21403F9C0626C6573207072696E74696E67206F6609
S21403F9D0205278206D657373616765732E00656EBC
S21403F9E061626C650042696E64696E672074616269
S21403F9F06C652072656C6174656420636F6D6D6100
S21403FA006E64732E005365637572697479206B6533
S21403FA1079732072656C6174656420636F6D6D61C4
S21403FA206E64732E0064656C657465004E6574774A
S21403FA306F726B2072656C6174656420636F6D6DA5
S21403FA40616E64732E00666F726D0072656A6F690D
S21403FA506E2D646966662D6465766963652D7479B3
S21403FA6070650065787470616E69640069736F70A1
S21403FA70656E0062726F61642D706A6F696E0063F3
S21403FA8068616E67652D6368616E6E656C00696E8E
S21403FA906974006368616E67652D6B6565702D61BB
S21403FAA06C6976652D6D6F64650074696D656F7539
S21403FAB0742D6F7074696F6E2D6D61736B006D7549
S21403FAC06C74692D7068792D7374617274006D752A
S21403FAD06C74692D7068792D73746F700066696E27
S21403FAE064006E6574776F726B2066696E6420635C
S21403FAF06F6D6D616E64732E006A6F696E61626C02
S21403FB006500756E7573656400736C6F742D6D6137
S21403FB106E6167657200636F756E746572730065F8
S21403FB206E642D6465766963652D737570706F7288
S21403FB30740066696E642D616E642D62696E64007E
S21403FB40667261676D656E746174696F6E00677265
S21403FB506F7570732D736572766572006E65747754
S21403FB606F726B2D7374656572696E67006F74616F
S21403FB702D626F6F746C6F6164006F74612D636CBC
S21403FB8069656E74006F74612D73746F7261676557
S21403FB902D636F6D6D6F6E006F74612D73746F726E
S21403FBA06167652D656570726F6D0069646C652DA0
S21403FBB0736C656570007570646174652D74632D70
S21403FBC06C696E6B2D6B6579007570646174652D59
S21403FBD074632D6C696E6B2D6B65792072656C6131
S21403FBE074656420636F6D6D616E64730074696D14
S21403FBF06572006E6F7700436F6D6D616E64732080
S21403FC00746F20636F6E74726F6C2069646C696EB8
S21403FC10672F736C656570696E67206F66207468FE
S21403FC20652064657669636500666F7263652D613A
S21403FC3077616B65006177616B652D7768656E2DFF
S21403FC406E6F742D6A6F696E6564007265706F728D
S21403FC5074696E672072656C6174656420636F6D8A
S21403FC606D616E64732E00636C6561722D6C6173D7
S21403FC70742D7265706F72742D74696D650074658A
S21403FC8073742D74696D696E67006F74612D737478
S21403FC906F726167652D656570726F6D2072656C36
S21403FCA06174656420636F6D6D616E64732E007797
S21403FCB0697065006F74612D73746F726167652D6B
S21403FCC0636F6D6D6F6E2072656C6174656420631F
S21403FCD06F6D6D616E6473007072696E74496D61E9
S21403FCE06765730072656C6F61640073746F72612D
S21403FCF067652D696E666F00646174612D70726945
S21403FD006E74006F74612D636C69656E7420726522
S21403FD106C6174656420636F6D6D616E64732E0031
S21403FD2076657269667900626C6F636B2D746573B2
S21403FD307400706167652D726571756573740075FF
S21403FD407067726164652D7265717565737400649E
S21403FD50697361626C652D646F776E677261646543
S21403FD607300656E61626C652D646F776E67726192
S21403FD70646573006F74612D626F6F746C6F61647A
S21403FD802072656C6174656420636F6D6D616E646B
S21403FD9073006E6574776F726B2D73746565726925
S21403FDA06E672072656C6174656420636F6D6D6148
S21403FDB06E64732E007072652D636F6E6669677569
S21403FDC07265642D6B65792D736574006D61736B55
S21403FDD02072656C6174656420636F6D6D616E641B
S21403FDE02E0073756274726163740067726F757048
S21403FDF0732D7365727665722072656C61746564C3
S21403FE0020636F6D6D616E64732E00667261676D3D
S21403FE10656E746174696F6E2072656C6174656477
S21403FE2020636F6D6D616E64732E007365742D723F
S21403FE30782D77696E646F772D73697A65006172C2
S21403FE40746966696369616C2D626C6F636B2D649C
S21403FE50726F700046696E6420616E642062696E1C
S21403FE60642072656C6174656420636F6D6D616E8A
S21403FE7064732E00696E69746961746F7200656ECF
S21403FE80642D6465766963652D737570706F72741F
S21403FE902072656C6174656420636F6D6D616E645A
S21403FEA0732E00706F6C6C2D636F6D706C6574656C
S21403FEB0642D63616C6C6261636B00666F7263656D
S21403FEC02D73686F72742D706F6C6C00656E616253
S21403FED06C655F7479706500737461636B00617041
S21403FEE070007A636C006C65676163795F61665F57
S21403FEF0646562756700636F756E746572732072EE
S21403FF00656C6174656420636F6D6D616E64732EDA
S21403FF10007072696E742D636F756E7465722D74DE
S21403FF207970650073696D706C652D7072696E7497
S21403FF30007072696E742D7468726573686F6C6492
S21403FF4073007365742D7468726573686F6C6400F0
S21403FF5072657365742D7468726573686F6C647309
S21403FF600073656E642D72657175657374007365D1
S21403FF706375726974792072656C61746564206355
S21403FF806F6D6D616E6473007365742D616C6C6F59
S21403FF90772D74727573742D63656E7465722D7226
S21403FFA0656A6F696E2D7573696E672D77656C6C00
S21403FFB02D6B6E6F776E2D6B6579007365742D618F
S21403FFC06C6C6F772D74727573742D63656E7465C0
S21403FFD0722D72656A6F696E2D7573696E672D77FC
S21403FFE0656C6C2D6B6E6F776E2D6B65792D7469F2
S21403FFF06D656F7574007365742D6B65792D726509
S21404000071756573742D706F6C696379006D6667BE
S2140400102D746F6B656E0061707300536563757243
S214040020697479206170732072656C6174656420EC
S214040030636F6D6D616E64732E004765742F736510
S21404004074204D464720746F6B656E2E00656E6493
S214040050706F696E742072656C6174656420636F7A
S2140400606D6D616E64732E00656570726F6D2075BC
S21404007074696C6974792072656C61746564206354
S2140400806F6D6D616E647300536C6F74204D616E9A
S214040090616765722072656C6174656420636F6D58
S2140400A06D616E647300626F6F742D736C6F740091
S2140400B065726173652D736C6F74006578742D6654
S2140400C06C6173682D696E666F00736C6F74732D44
S2140400D0696E666F005072696E74732074696D651C
S2140400E02E005072696E747320617474726962753E
S2140400F074652E00436C6561727320746865205ABB
S214040100444F206C697374206F6620636C69656E57
S214040110742028696E2920636C7573746572732E57
S214040120004164647320636C757374657273207421
S2140401306F20746865206B6E6F776E20636C6965DC
S2140401406E742028696E2920636C757374657273E7
S214040150206F6E2074686973206465766963652E03
S21404016000436C6561727320746865205A444F209E
S2140401706C697374206F6620636C69656E742028DE
S2140401806F75742920636C7573746572732E0041E1
S21404019064647320636C75737465727320746F2063
S2140401A0746865206B6E6F776E20636C69656E7419
S2140401B020286F75742920636C75737465727320B8
S2140401C06F6E2074686973206465766963652E00B3
S2140401D053656E647320616E207570646174652067
S2140401E06368616E6E656C20726571756573742ED6
S2140401F0006368616E6E656C1F0053656E647320E1
S214040200616E20757064617465206368616E6E65E6
S2140402106C2070616765207265712E2054686520B5
S214040220737461636B2073656E6473206E776B20E2
S214040230656E68616E6365642075706461746520BC
S21404024072657120666F72206E6F6E2D7A65726F9E
S21404025020706167652E006368616E6E656C1F7042
S2140402606167651F00506572666F726D7320616EFC
S21404027020656E65726779207363616E2E00746103
S214040280726765744E6F646549641F7363616E4478
S21404029075726174696F6E1F7363616E436F756EFA
S2140402A0741F0042726F61646361737473207468B0
S2140402B065204944206F6620746865206E65772043
S2140402C06E6574776F726B206D616E616765722000
S2140402D0616E6420616374697665206368616E6E1E
S2140402E0656C732E006E776B4D676549641F636893
S2140402F0616E6E656C4D61736B1F00506572666F40
S214040300726D7320616E20656E6572677920736303
S214040310616E206F6E20676976656E206368616E15
S2140403206E656C206D61736B2E0074617267657404
S2140403304E6F646549641F7363616E4475726174BD
S214040340696F6E1F7363616E436F756E741F6368A7
S214040350616E6E656C4D61736B1F0053656E6473DE
S2140403602061206E6574776F726B206164647265B9
S2140403707373207265717565737420666F7220746A
S214040380686520676976656E204945454520616441
S21404039064726573732E00696565651F0052657126
S2140403A0756573747320616E204945454520616404
S2140403B06472657373206261736564206F6E206176
S2140403C020676976656E206E6F64652049442E004A
S2140403D06E6F646549641F0053656E647320612004
S2140403E073696D706C652064657363726970746F8D
S2140403F072207265717565737420666F72207468F6
S214040400652073686F727420616464726573732008
S214040410616E6420656E64706F696E7420737065B7
S2140404206369666965642E00646573741F7461721B
S214040430676574456E64706F696E741F0053656EED
S21404044064732061206D61746368446573637269C4
S21404045070746F72735265717565737420746F204F
S21404046074686520676976656E2064657374696E62
S2140404706174696F6E207769746820746865206794
S2140404806976656E2070726F66696C652E006E6F95
S214040490646549641F70726F66696C651F005365F6
S2140404A06E64732061206E6F646520646573637286
S2140404B06970746F72207265717565737420746FD9
S2140404C0206120676976656E2074617267657420A2
S2140404D06465766963652E007461726765741F00CF
S2140404E053656E64732061205A444F2042696E64DB
S2140404F020636F6D6D616E6420746F206120646587
S21404050076696365207370656369666965642069E6
S2140405106E2074686520636F6D6D616E6420617211
S21404052067756D656E74732E0044657374696E61C9
S21404053074696F6E1F536F7572636520656E6470A1
S2140405406F696E741F44657374696E6174696F6E47
S21404055020656E64706F696E741F636C7573746562
S2140405607249441F72656D6F746545554936341F6C
S2140405706465737445554936341F0053656E647359
S21404058020616E2061637469766520656E64706FA1
S214040590696E74207265717565737420746F207447
S2140405A06865206465766963652077697468207475
S2140405B0686520676976656E2073686F7274204973
S2140405C0442E0053656E647320616E20756E6269F6
S2140405D06E64207265717565737420666F7220612F
S2140405E020756E69636173742062696E64696E67F0
S2140405F020746F2074686520746172676574206463
S21404060065766963652E007461726765741F736F1F
S214040610757263652065756936341F736F7572630A
S2140406206520656E64706F696E741F636C75737491
S214040630657249441F64657374696E6174696F6E8C
S21404064045554936341F64657374696E6174696F01
S2140406506E20656E64706F696E741F0053656E64F9
S2140406607320616E20756E62696E642072657175A2
S21404067065737420666F722061206D756C7469638F
S2140406806173742062696E64696E6720746F207487
S214040690686520746172676574206465766963654D
S2140406A02E007461726765741F736F7572636520BC
S2140406B065756936341F736F7572636520656E647D
S2140406C0706F696E741F636C757374657249441F2A
S2140406D067726F7570416464726573731F00536547
S2140406E06E64732061205A444F204D616E616765C5
S2140406F06D656E74204C6561766520636F6D6D6103
S2140407006E6420746F207468652074617267657403
S214040710206465766963652E007461726765741F6C
S21404072072656D6F76654368696C6472656E1F7278
S214040730656A6F696E1F0053656E64732061205A84
S214040740444F204D474D542D42696E64202842691B
S2140407506E64696E67205461626C65292052657107
S2140407607565737420746F2074686520746172678D
S2140407706574206465766963652E007461726765C6
S214040780741F7374617274496E6465781F005365D0
S2140407906E64732061205A444F204D474D542D4CAF
S2140407A0514920284C5149205461626C65292052D5
S2140407B065717565737420746F2074686520746140
S2140407C072676574206465766963652E0053656E8A
S2140407D064732061205A444F20506F77657220441A
S2140407E0657363726970746F722052657175657390
S2140407F07420746F20746865207461726765742051
S2140408006465766963652E0053656E6473206120A3
S2140408105A444F20726F75746520726571756573DE
S2140408207420636F6D6D616E6420746F20746865E8
S214040830207461726765742E007461726765741F34
S214040840696E6465781F00696E6465781F657569EE
S21404085036341F696E7374616C6C436F64651F0075
S214040860696E6465781F65756936341F6B65791F14
S214040870005443206C696E6B206B65792072657139
S2140408807565737420706F6C6963791F417070208E
S2140408906C696E6B206B657920726571756573740F
S2140408A020706F6C6963791F00426F6F6C3A206129
S2140408B06C6C6F772074727573742063656E7465E0
S2140408C0722072656A6F696E207573696E67207729
S2140408D0656C6C2D6B6E6F776E206B65791F007080
S2140408E0726F66696C6549641F636C7573746572B0
S2140408F049641F0074617267657449641F00456E1D
S21404090061626C6573207072696E74696E67206FBD
S21404091066205278206D657373616765732E005385
S214040920657473207468652062696E64696E6720F6
S2140409307461626C6500696E6465781F636C7573B8
S2140409407465721F6C6F63616C45701F72656D6FA2
S214040950746545701F65756936341F00436C6561A0
S2140409607273207468652062696E64696E672074A9
S21404097061626C652E005072696E747320746865CB
S2140409802062696E64696E67207461626C652074A7
S2140409906F2074686520636F6D6D616E64206C698A
S2140409A06E652E00436C6561727320616C6C2073F7
S2140409B065637572697479206B6579732E00446576
S2140409C06C65746520746865207370656369666910
S2140409D06564206C696E6B206B657920696E64654E
S2140409E0782E005072696E747320616C6C20736587
S2140409F0637572697479206B6579732E0054657219
S214040A006D696E6174657320746865206D756C74A9
S214040A10692D50485920696E746572666163650075
S214040A205573656420746F207374617274206D75D9
S214040A306C74692D50485920696E746572666163DA
S214040A4065206F74686572207468616E206E6174C8
S214040A5069766520616E6420666F726D20746865C1
S214040A60206E6574776F726B2E20546865207374DD
S214040A7061636B20757365732073616D65205061C7
S214040A806E4964206173206E6174697665207261B4
S214040A9064696F206E6574776F726B2E0070616781
S214040AA0651F6368616E6E656C1F706F7765721F75
S214040AB06F7074696F6E734D61736B20284269742E
S214040AC02030203D20526F757465727320616C6C03
S214040AD06F7765642C204269742031203D20427271
S214040AE06F61646361737420616C6C6F77656429ED
S214040AF01F00417474656D70747320746F2063688E
S214040B00616E676520746865206368696C64207428
S214040B10696D656F7574206F7074696F6E206D6192
S214040B20736B20746F2066696C746572206F7574BD
S214040B3020756E646573697261626C652076616C9B
S214040B407565732028652E672E206E6F206D6F7274
S214040B5065207468616E20332064617973292E00E1
S214040B6074696D656F7574206F7074696F6E206D2F
S214040B7061736B1F005377697463686573206265DD
S214040B80747765656E20646966666572656E742042
S214040B906B65657020616C697665206D6F6465733E
S214040BA020737570706F727465642062792061209A
S214040BB0726F757465722E004B65657020616C6982
S214040BC07665206D6F64651F005072696E747320BD
S214040BD07468652063757272656E74204E6F646502
S214040BE02049442C2045554936342C20616E642017
S214040BF050616E2049442E00496E697469616C69BF
S214040C007A65732061206E6574776F726B3B20740F
S214040C106869732069732061207465737420636F38
S214040C206D6D616E64207573656420666F722074E2
S214040C30632D737761702D6F757420746573746992
S214040C406E672E005365747320746865206E657431
S214040C50776F726B20696E6465782075736564209F
S214040C60627920616C6C2066757475726520434CDD
S214040C704920636F6D6D616E64732E202042656635
S214040C806F726520657865637574696E6720612088
S214040C90434C4920636F6D6D616E642C20746865E7
S214040CA0206672616D65776F726B20737769746303
S214040CB068657320746F2074686973206E65747732
S214040CC06F726B2E202041667465722074686520EE
S214040CD0636F6D6D616E642066696E6973686573B3
S214040CE020657865637574696E672C207468652062
S214040CF06672616D65776F726B207377697463686B
S214040D006573206261636B20746F2074686520705D
S214040D10726576696F7573206E6574776F726B2E65
S214040D20202054686520434C4920757365732074ED
S214040D3068652073616D65206E6574776F726B20CD
S214040D40696E64657820756E74696C2074686520B5
S214040D5064657669636520726573657473206F7263
S214040D60206974206973206368616E676564207403
S214040D7068726F756768207468697320636F6D6D39
S214040D80616E642E00417474656D70747320746FA4
S214040D90206368616E676520646576696365206FA5
S214040DA076657220746F2061206469666665726574
S214040DB06E74206368616E6E656C20676976656E16
S214040DC020696E20746865206368616E6E656C20A9
S214040DD0617267756D656E742E005468652063686D
S214040DE0616E6E656C20746F206368616E67652043
S214040DF0746F1F0066696E64556E75736564506122
S214040E006E49640066696E644A6F696E61626C65F9
S214040E104E6574776F726B005065726D69747320DB
S214040E206A6F696E696E67206F6E20746865206EDF
S214040E306574776F726B20666F72206120676976BF
S214040E40656E206E756D626572206F6620736563CD
S214040E506F6E647320414E442062726F61646361F6
S214040E607374732061205A444F204D676D7420506C
S214040E7065726D6974204A6F696E696E6720726563
S214040E80717565737420746F20616C6C20726F7555
S214040E90746572732E00412073696E676C652062F8
S214040EA079746520696E6469636174696E67206825
S214040EB06F77206C6F6E672074686520646576694A
S214040EC063652073686F756C64206861766520704E
S214040ED065726D6974206A6F696E696E67207475D1
S214040EE0726E6564206F6E20666F722E20412076C7
S214040EF0616C7565206F662030786666207475723E
S214040F006E73206F6E207065726D6974206A6F69E7
S214040F106E20696E646566696E6974656C792E1FE9
S214040F2000436865636B73206E6574776F726B201D
S214040F30706A6F696E207374617475732E005772CD
S214040F40697465732074686520657874656E646575
S214040F50642070616E20494420666F722074686550
S214040F60206465766963652E0065787470616E69C1
S214040F70641F0052656A6F696E7320616E2065781F
S214040F80697374696E67206E6574776F726B206917
S214040F906E206120736563757265206F7220696EBA
S214040FA0736563757265206D616E6E657220776910
S214040FB07468206120646966666572656E74206470
S214040FC0657669636520747970652E00426F6F6C70
S214040FD065616E206E6574776F726B206B65792021
S214040FE0617661696C6162696C6974791F436861D2
S214040FF06E6E656C206D61736B1F416E20656E7539
S2140410006D65726174696F6E20696E64696361747C
S214041010696E672074686520646576696365207404
S21404102079706520746F2072656A6F696E206173CB
S2140410302E54686520737461636B206F6E6C792020
S2140410406163636570747320534C5F5A4947424525
S214041050455F454E445F44455649434520616E64AA
S21404106020534C5F5A49474245455F534C454550CB
S214041070595F454E445F4445564943452E1F00522A
S214041080654A6F696E732061206E6574776F726B44
S2140410902E00426F6F6C65616E206E6574776F729A
S2140410A06B206B657920617661696C6162696C6935
S2140410B074791F4368616E6E656C206D61736B1F77
S2140410C0004C65617665732061206E6574776F7277
S2140410D06B2E005475726E73207065726D69742081
S2140410E06A6F696E696E67206F6E20666F72207411
S2140410F0686520616D6F756E74206F662074696D07
S2140411006520696E646963617465642E00412073AA
S214041110696E676C65206279746520696E646963BC
S2140411206174696E6720686F77206C6F6E672074D1
S2140411306865206465766963652073686F756C649A
S2140411402068617665207065726D6974206A6F69BF
S2140411506E696E67207475726E206F6E20666F728D
S2140411602E20412076616C7565206F662030786687
S21404117066207475726E73207065726D6974206A69
S2140411806F696E20696E646566696E6974656C79EC
S2140411902E1F004A6F696E732061206E6574776F28
S2140411A0726B206F6E206120676976656E206368B7
S2140411B0616E6E656C2C207769746820612067699F
S2140411C076656E20545820506F77657220616E6481
S2140411D02050414E2049442E0054686520636861BF
S2140411E06E6E656C206F6E20776869636820746F16
S2140411F0206A6F696E20746865206E6574776F72F6
S2140412006B1F4F6E652D62797465207369676E6512
S214041210642076616C756520696E646963617469BF
S2140412206E672074686520545820506F7765722066
S214041230746861742074686520726164696F2073D1
S214041240686F756C642062652073657420746F1F04
S2140412505468652050414E204944206F6E207768BC
S21404126069636820746F206A6F696E2074686520ED
S2140412706E6574776F726B1F00466F726D732061B4
S214041280206E6574776F726B206F6E2061206769BD
S21404129076656E206368616E6E656C2C2077697463
S2140412A068206120676976656E20545820506F77F1
S2140412B0657220616E642050414E2049442E0054CD
S2140412C06865206368616E6E656C206F6E20776853
S2140412D069636820746F20666F726D207468652079
S2140412E06E6574776F726B1F4F6E652D62797465C9
S2140412F0207369676E65642076616C756520696E17
S2140413006469636174696E67207468652054582044
S214041310506F7765722074686174207468652072F3
S2140413206164696F2073686F756C642062652073EE
S214041330657420746F1F5468652050414E204944DC
S214041340206F6E20776869636820746F20666F72FA
S2140413506D20746865206E6574776F726B1F005419
S21404136068697320696E69746961746573206120A5
S21404137054434C4B207570646174652070726F63BF
S21404138065647572652E00537065636966792074AA
S214041390686520616D6F756E74206F662074696D64
S2140413A06520746F207761697420616674657220A5
S2140413B06F6E652054434C4B2075706461746520D1
S2140413C06F7065726174696F6E20636F6D706C65A3
S2140413D0746573206265666F726520626567696E00
S2140413E06E696E672061206E65772054434C4B20EF
S2140413F0757064617465206F7065726174696F6E70
S2140414002E0054686520616D6F756E74206F6620BB
S21404141074696D65206265747765656E20737562A0
S21404142073657175656E7420747275737420636564
S2140414306E746572206C696E6B206B6579207570AE
S214041440646174657320696E206D696C6C6973657C
S214041450636F6E64731F00536574206F7220636C31
S2140414606561722073746179206177616B6520779A
S21404147068656E206E6F74206A6F696E65640053CB
S2140414806574206F7220636C65617220666F726388
S21404149065206177616B6500446973706C617920BF
S2140414A074686520736C65657020737461747573F5
S2140414B000464F522054455354494E4720505552E7
S2140414C0504F534553202D2067617468657220740D
S2140414D0696D696E67206D65747269637320666FE3
S2140414E072207265706F7274696E67207461626CC4
S2140414F065206F7065726174696F6E732E00436C3D
S2140415006561727320746865206C617374207265FB
S214041510706F72742074696D65206F6620617474D0
S214041520726962757465732E004164647320612069
S2140415306E657720656E74727920746F20746865A2
S214041540207265706F7274207461626C652E00542C
S2140415506865206C6F63616C20656E64706F696E7D
S214041560742066726F6D2077686963682074686596
S214041570206174747269627574652069732072657B
S214041580706F727465641F54686520636C75737439
S2140415906572207768657265207468652061747466
S2140415A0726962757465206973206C6F6361746513
S2140415B0641F546865204944206F6620746865205B
S2140415C0617474726962757465206265696E6720F9
S2140415D07265706F727465641F3020666F72206364
S2140415E06C69656E742D73696465206174747269C0
S2140415F06275746573206F72203120666F72207373
S21404160065727665722D7369646520617474726997
S21404161062757465731F546865206D696E696D75AF
S2140416206D207265706F7274696E6720696E74657A
S2140416307276616C2C206D656173757265642069C1
S2140416406E207365636F6E64732E1F546865206D19
S2140416506178696D756D207265706F7274696E67F6
S21404166020696E74657276616C2C206D6561737585
S21404167072656420696E207365636F6E64732E1FD3
S214041680546865206D696E696D756D206368616E5A
S214041690676520746F20746865206174747269626B
S2140416A075746520746861742077696C6C20726543
S2140416B073756C7420696E2061207265706F727425
S2140416C0206265696E672073656E742E1F0052650E
S2140416D06D6F76657320616E20656E747279206610
S2140416E0726F6D20746865207265706F72742074F2
S2140416F061626C652E0054686520696E64657820A6
S2140417006F6620746865207265706F727420746FDB
S2140417102062652072656D6F7665641F00436C6594
S21404172061727320616C6C20656E747269657320D7
S21404173066726F6D20746865207265706F727420AF
S2140417407461626C652E005072696E7473207468DE
S21404175065207265706F7274207461626C652E0009
S214041760576970657320616C6C20646174612069CC
S2140417706E207468652073746F7261676520646593
S214041780766963652E005072696E747320617262A6
S214041790697472617279206279746573206F662049
S2140417A0746865204F544120696D616765206F6ECB
S2140417B0206469736B2E0054686520696E646578CE
S2140417C0206F662074686520696D61676520746F94
S2140417D0207072696E742069747320646174611F6A
S2140417E0546865206F666673657420696E746F202E
S2140417F0746865204F544120696D6167652074687C
S21404180061742077696C6C206265207072696E74EE
S21404181065641F005072696E747320696E666F7219
S2140418206D6174696F6E2061626F7574207468658B
S2140418302073746F72616765206465766963652ECC
S2140418400052656C6F6164207468652073746F72EF
S214041850616765206465766963652E0044656C651A
S2140418607465732074686520696D616765206174AA
S21404187020746865207370656369666965642069A9
S2140418806E6465782E0054686520696E64657820F9
S214041890617420776869636820746F20626567697D
S2140418A06E2064656C6574696E672074686520696B
S2140418B06D6167651F005072696E74732074686585
S2140418C020696D616765732E00456E61626C657391
S2140418D0204F544120646F776E6772616465732E7F
S2140418E00044697361626C6573204F544120646FD1
S2140418F0776E6772616465732E0053656E64732039
S214041900616E2055706772616465456E64526571D8
S2140419107565737420746F20616E204F5441207374
S21404192065727665722E0043616E2062652075735B
S214041930656420746F2064796E616D6963616C6C94
S21404194079207475726E206F66662073656E64699E
S2140419506E67207061676520726571756573747350
S214041960206F6E2074686520636C69656E742073DE
S2140419706964652C206966207468652073657276D0
S214041980657220646F65736E277420737570706F4C
S2140419907274207468697320666561747572652E46
S2140419A000426F6F6C65616E2076616C756520749D
S2140419B075726E696E67206F6E20283129206F72EB
S2140419C0206F666620283029207468652070616759
S2140419D065207265717565737420666C61671F0097
S2140419E053656E647320616E20696D61676520625D
S2140419F06C6F636B207265717565737420666F72A5
S214041A0020612066696C652074686520736572764B
S214041A1065722073686F756C64206E6F74206861DD
S214041A2076652E202054657374206861726E657323
S214041A3073206F6E6C7920287465737420636173E9
S214041A406520392E352E36202D204D697373696E28
S214041A50672046696C6529005072696E7473206944
S214041A606E666F726D6174696F6E206F6E20746837
S214041A70652063757272656E742073746174652074
S214041A806F6620746865204F544120636C69656EE8
S214041A907420646F776E6C6F61642E0053746F707D
S214041AA07320746865204F544120737461746520F4
S214041AB06D616368696E652E005374617274732079
S214041AC0746865204F544120636C69656E74207396
S214041AD074617465206D616368696E652E20546850
S214041AE065207374617465206D616368696E652032
S214041AF0646973636F7665727320746865204F54E7
S214041B0041207365727665722C20717565726965FD
S214041B107320666F72206E657720696D61676573E2
S214041B202C20646F776E6C6F616473207468652014
S214041B30696D6167657320616E642077616974738B
S214041B4020666F72207468652073657276657220ED
S214041B50636F6D6D616E6420746F2075706772615B
S214041B6064652E005072696E747320746865206D07
S214041B70616E7566616374757265722049442C20C3
S214041B80496D61676520547970652049442C20614D
S214041B906E642056657273696F6E20696E666F7226
S214041BA06D6174696F6E207468617420617265205B
S214041BB075736564207768656E206120717565723B
S214041BC079206E65787420696D6167652069732075
S214041BD073656E7420746F207468652073657276FE
S214041BE065722062792074686520636C69656E741A
S214041BF02E00506572666F726D73207369676E612E
S214041C007475726520766572696669636174696F56
S214041C106E206F6E2074686520696D61676520614B
S214041C2074207468652073706563696669656420EA
S214041C30696E6465782E0054686520696E646578FC
S214041C4020617420776869636820746F2062656712
S214041C50696E20766572696669636174696F6E2061
S214041C606F662074686520696D6167651F00426F42
S214041C706F746C6F6164732074686520696D616746
S214041C80652061742074686520737065636966698D
S214041C90656420696E6465782062792063616C6C83
S214041CA0696E6720746865204F544120626F6F74B4
S214041CB06C6F61642063616C6C6261636B2E0054AC
S214041CC0686520696E646578206174207768696346
S214041CD06820746F20626567696E20626F6F746C2B
S214041CE06F6164696E672074686520696D616765F5
S214041CF01F005072696E747320696E666F2061628D
S214041D006F75742074686520696E7374616C6C6595
S214041D106420626F6F746C6F616465722E00537515
S214041D20627472616374732061206368616E6E65A9
S214041D306C2066726F6D20656974686572207468BD
S214041D4065207072696D617279206F7220736563A5
S214041D506F6E64617279206368616E6E656C206D67
S214041D6061736B206F6620746865206E6574776F88
S214041D70726B2D7374656572696E6720636F6D7020
S214041D806F6E656E742E00546865206368616E6EAF
S214041D90656C206D61736B20746F2073756274724A
S214041DA061637420746865206368616E6E656C2078
S214041DB066726F6D1F546865206368616E6E656C2D
S214041DC020746F207375627472616374207468651E
S214041DD0206D61736B2066726F6D1F0041646473BF
S214041DE02061206368616E6E656C20746F2065697F
S214041DF07468657220746865207072696D617279A2
S214041E00206F72207365636F6E64617279206368F5
S214041E10616E6E656C206D61736B206F66207468EE
S214041E2065206E6574776F726B2D73746565726961
S214041E306E6720636F6D706F6E656E742E005468E7
S214041E4065206368616E6E656C206D61736B2074CB
S214041E506F206164642061206368616E6E656C2027
S214041E60746F1F546865206368616E6E656C2074B9
S214041E706F2061646420746F20746865206D6173DC
S214041E806B1F0053657473206569746865722074EB
S214041E906865207072696D617279206F722073654F
S214041EA0636F6E64617279206368616E6E656C2020
S214041EB06D61736B2E00546865206368616E6E6591
S214041EC06C206D61736B20746F207375627472611D
S214041ED0637420746865206368616E6E656C206642
S214041EE0726F6D1F5468652076616C756520746F1B
S214041EF02073657420746865206368616E6E656C13
S214041F00206D61736B20746F2E1F005365747320ED
S214041F10746865207072652D636F6E666967757286
S214041F206564206B657920736F207468617420740F
S214041F306865206A6F696E696E6720646576696392
S214041F40652063616E20656E746572207468652012
S214041F506E6574776F726B2E0053657473207468A5
S214041F606520707265636F6E666967757265642056
S214041F706B65791F0053746F707320746865206EE8
S214041F806574776F726B207374656572696E67200B
S214041F9070726F636573732E00537461727473206A
S214041FA0746865206E6574776F726B2073746565EC
S214041FB072696E672070726F636573732E004120BA
S214041FC06D61736B206F66206F7074696F6E73201B
S214041FD0666F7220696E6469636174696E672073E4
S214041FE070656369666963206265686176696F72A5
S214041FF02077697468696E20746865206E657477E6
S2140420006F726B2D7374656572696E672070726F7C
S214042010636573732E1F00446973706C6179732053
S2140420207468652063757272656E74207374617467
S2140420307573206F6620746865206E6574776F729A
S2140420406B207374656572696E672070726F636562
S21404205073732E00436C6561727320746865206721
S214042060726F757073207461626C65206F6E206584
S2140420707665727920656E64706F696E740050724E
S214042080696E747320696E666F726D6174696F6EC3
S2140420902061626F75742074686520636F6E746562
S2140420A06E7473206F66207468652067726F75702F
S2140420B073207461626C652E00417274696669638C
S2140420C069616C6C792064726F7073207468652023
S2140420D0626C6F636B206E756D62657220646566F4
S2140420E0696E656420627920746865207061737314
S2140420F0656420617267756D656E74206F6E6C79A9
S214042100206F6E63652C20616E64207468656E2093
S214042110616C6C6F77732069742075706F6E2061C4
S2140421202072657472792E0054686520626C6F6341
S2140421306B206E756D62657220746F2061727469AF
S21404214066696369616C6C792064726F7020746F61
S21404215020666F7263652061207265747279202D23
S2140421602073657420746F203078464620746F2080
S21404217064697361626C651F0053657473207468C8
S2140421806520726563656976652077696E646F7726
S2140421902073697A652E2020427920646566696E0C
S2140421A06974696F6E20696E2074686520536D616A
S2140421B0727420456E657267792070726F66696CFA
S2140421C065206974206D7573742062652073657468
S2140421D020746F20312062757420746869732061DE
S2140421E06C6C6F777320697420746F20626520634B
S2140421F068616E6765642E00546865206D6178209A
S2140422006E756D626572206F662074686520626CF8
S2140422106F636B73207265636569766564206265B7
S214042220666F726520616E204150532061636B2097
S21404223069732067656E6572617465641F004D611D
S2140422406B65732074686973206E6F64652073749D
S214042250617274206964656E74696679696E672054
S214042260617320612074617267657420666F7220E2
S21404227062696E64696E67207769746820616E208F
S214042280696E69746961746F72206E6F64652E007E
S21404229054686520656E64706F696E74206F6E2076
S2140422A0776869636820746F20626567696E207456
S2140422B068652046696E64696E6720616E642042B4
S2140422C0696E64696E6720746172676574207072E3
S2140422D06F636573731F004D616B65732074686963
S2140422E073206E6F646520737461727420746865FD
S2140422F020696E69746961746F72207061727420EB
S2140423006F66207468652066696E64696E6720610E
S2140423106E642062696E64696E672070726F6365AE
S21404232073732E0054686520656E64706F696E74EE
S214042330206F6E20776869636820746F2062656713
S214042340696E207468652046696E64696E672061EC
S2140423506E642042696E64696E6720696E6974698A
S21404236061746F722070726F636573731F005365B8
S2140423707473207768657468657220746865204392
S2140423804C4920666F7263657320746865206465C3
S2140423907669636520746F2073686F727420706F3B
S2140423A06C6C2E005468652076616C756520696EC9
S2140423B06469636174696E672077686574686572BA
S2140423C020746865206465766963652073686F7534
S2140423D06C642073686F727420706F6C6C1F00538B
S2140423E06574732077686574686572207468652000
S2140423F06465766963657320706F6C6C20636F6DBB
S214042400706C657465642063616C6C6261636B20D8
S21404241066756E6374696F6E20697320656E61629B
S2140424206C65642E005468652076616C7565206959
S2140424306E6469636174696E67207768657468653D
S2140424407220746865206465766963657320706FAE
S2140424506C6C20636F6D706C657465642063616C6E
S2140424606C6261636B2066756E6374696F6E206957
S2140424707320656E61626C65641F00446973706CDA
S2140424806179732074686520737461747573206F42
S214042490662074686520456E6420446576696365C5
S2140424A07320706F6C6C696E672E00456E61626C8B
S2140424B0652F64697361626C652064656275672064
S2140424C0606C656761637920617070206672616D07
S2140424D065776F726B2064656275676020707269D9
S2140424E06E7420747970652E00456E61626C652F7B
S2140424F064697361626C651F00456E61626C652F6A
S21404250064697361626C6520646562756720607ACD
S214042510636C60207072696E7420747970652E0026
S214042520456E61626C652F64697361626C652064D4
S21404253065627567206061707060207072696E7481
S21404254020747970652E00456E61626C652F64692F
S2140425507361626C652064656275672060636F7280
S2140425606560207072696E7420747970652E0045FB
S2140425706E61626C652F64697361626C6520646564
S2140425806275672060737461636B60207072696E35
S2140425907420747970652E0053656E647320612010
S2140425A07265717565737420666F72204F5441208E
S2140425B0636F756E746572732E00526573657473FB
S2140425C020616C6C207468726573686F6C64732029
S2140425D076616C75657320746F203078464646467F
S2140425E02E00536574732061207468726573686F77
S2140425F06C642076616C756520666F72206120704D
S2140426006172746963756C61722074797065206F89
S2140426106620636F756E7465722E0054797065203B
S2140426206F6620636F756E7465721F546872657387
S214042630686F6C642056616C75651F005072696E15
S214042640747320746865207468726573686F6C644C
S21404265073206F6620616C6C2074686520636F75E8
S2140426606E746572732E00436C6561727320616CC0
S2140426706C20636F756E7465722076616C75657315
S2140426802E005072696E747320616C6C20636F75D3
S2140426906E7465722076616C7565732E005072696F
S2140426A06E7473207468652076616C7565206F6639
S2140426B0207468697320706172746963756C6172E2
S2140426C020636F756E7465722E0054686520636FA0
S2140426D0756E746572207479706520746F207072DC
S2140426E0696E741F005072696E747320616C6C207E
S2140426F0636F756E7465722076616C7565732061A0
S2140427006E6420636C65617273207468656D2E0058
S214042710536574204D464720746F6B656E2C2043BA
S214042720414E4E4F5420424520554E534554204268
S2140427305920434C492E005072696E74204D46470A
S21404274020746F6B656E2E005072696E7420616320
S21404275074697665206576656E74732E00446973B5
S21404276061626C652074686520656E64706F696E5E
S2140427707420666F72205A434C206D6573736167CC
S21404278065732E00456E64706F696E7420696E649E
S21404279065781F00456E61626C65732074686520F9
S2140427A0656E64706F696E7420666F72205A434C4F
S2140427B0206D657373616765732E005072696E745D
S2140427C020737461747573206F6620656E64706F11
S2140427D0696E74732E0053686F777320746865206F
S2140427E076657273696F6E206F66207468652073F1
S2140427F06F6674776172652E00536574207468651D
S21404280020636F6E66696775726564203830322E91
S21404281031352E3420434341206D6F646520696E44
S2140428202074686520726164696F2E205365652084
S214042830646F63756D656E746174696F6E2072651E
S21404284067617264696E67205241494C5F49454529
S214042850453830323135345F4363614D6F64655FAC
S214042860742E0041205241494C5F49454545383055
S214042870323135345F4363614D6F64655F7420762F
S214042880616C75651F0052657475726E73205054C2
S2140428904920726164696F20636F6E666967206998
S2140428A06E666F726D6174696F6E20746F206465F6
S2140428B07465726D696E6520746865205048592089
S2140428C074797065206265696E6720757365642027
S2140428D06279205241494C2E2072657475726E20BE
S2140428E076616C756520697320656E756D2052413E
S2140428F0494C5F494545453830323135345F50746C
S21404290069526164696F436F6E6669675F742065B8
S2140429102E6720205241494C5F49454545383032A0
S2140429203135345F5054495F524144494F5F434FF9
S2140429304E4649475F32503447485A203D20307847
S214042940303055205241494C5F4945454538303270
S2140429503135345F5054495F524144494F5F434FC9
S2140429604E4649475F32503447485A5F414E5444B6
S2140429704956203D203078303155205241494C5F2D
S214042980494545453830323135345F5054495F52F5
S2140429904144494F5F434F4E4649475F32503447A0
S2140429A0485A5F434F4558203D20307830325520F2
S2140429B05241494C5F494545453830323135345FDC
S2140429C05054495F524144494F5F434F4E4649472E
S2140429D05F32503447485A5F414E544449565F4329
S2140429E04F4558203D2030783033550053656E648B
S2140429F07320612072656164206174747220666F4E
S214042A0072207468652074696D65206F662074682A
S214042A1065206465766963652073706563696669B5
S214042A2065642E2049742073657473206120666C77
S214042A30616720736F207768656E20697420676508
S214042A4074732074686520726573706F6E73652086
S214042A506974207772697465732074686520746974
S214042A606D6520746F20697473206F776E207469A7
S214042A706D6520617474722E0049641F7372634519
S214042A806E64706F696E741F64657374456E6470EB
S214042A906F696E741F005768656E2073656E64698F
S214042AA06E67207573696E6720612062696E64695B
S214042AB06E672C2073706563696669657320776832
S214042AC065746865722061206D756C7469636173E2
S214042AD0742062696E64696E672073686F756C64CF
S214042AE020626520757365642E007573654D756C7C
S214042AF074696361737442696E64696E671F005318
S214042B00656E64732061207072652D6275666665F5
S214042B10726564206D756C746963617374206D6589
S214042B20737361676520746F206120676976656ECC
S214042B302067726F75702049442066726F6D20613D
S214042B4020676976656E20656E64706F696E742E94
S214042B500067726F757049641F7372632D656E64C7
S214042B60706F696E741F00437265617465732061CB
S214042B70206D657373616765206279207370656381
S214042B80696679696E672074686520726177206269
S214042B90797465732E205573652074686520736593
S214042BA06E6420636F6D6D616E6420746F20736550
S214042BB06E6420746865206D657373616765206F45
S214042BC06E636520697420686173206265656E2093
S214042BD0637265617465642E2045783A2072617765
S214042BE020307830303046207B3030203041203062
S214042BF030203131203232203333203434203535FE
S214042C007D2073656E64732061206D6573736167E0
S214042C106520746F20636C7573746572203135207B
S214042C202830783030304629206F66206C656E6711
S214042C307468203820776869636820696E636C75E9
S214042C4064657320746865205A434C206865616423
S214042C5065722E00436C757374657249641F446113
S214042C6074611F0052657365747320746865206E02
S214042C706F64652E005772697465732061206D65F4
S214042C8073736167652E00456E64706F696E741F9A
S214042C90436C75737465722049441F417474726979
S214042CA0627574652049441F4D61736B1F446174DB
S214042CB06120747970651F4461746120627974655B
S214042CC01F0052656164732061206D6573736167CC
S214042CD0652E00456E64706F696E741F436C757361
S214042CE07465722049441F41747472696275746510
S214042CF02049441F31206966207365727665722008
S214042D00646972656374696F6E2C2030206966206E
S214042D10636C69656E7420646972656374696F6E4A
S214042D201F0053656E64732061206D65737361675D
S214042D30652E0044657374696E6174696F6E1F5303
S214042D406F7572636520656E64706F696E741F4478
S214042D50657374696E6174696F6E20656E64706FF6
S214042D60696E741F00536F7572636520656E6470B8
S214042D706F696E741F004C69737473207768696397
S214042D8068206F7074696F6E616C206C6962726122
S214042D9072696573206F6620746865207374616356
S214042DA06B2061726520696D706C656D656E746507
S214042DB064206F6E20746869732064657669636541
S214042DC02E005072696E747320696E666F726D6140
S214042DD074696F6E2061626F757420746865206E06
S214042DE06574776F726B2073746174652C20636CE2
S214042DF07573746572732C20616E6420656E6470DE
S214042E006F696E74732E006F66667365741F005068
S214042E1072696E747320696E666F726D6174696F21
S214042E206E20666F7220616C6C20617661696C61DD
S214042E30626C6520736C6F74732E005265616473E4
S214042E402072617720646174612066726F6D2066FB
S214042E506C6173682073746F726167652E004164D9
S214042E60647265737320746F20726561641F4E7597
S214042E706D626572206F6620627974657320746F64
S214042E8020726561641F005072696E747320666CEC
S214042E906173682073746F7261676520696E666F0C
S214042EA0726D6174696F6E2E00457261736573206E
S214042EB07468652073706563696669656420736CFD
S214042EC06F742049442E0053746F726167652073D3
S214042ED06C6F74206E756D6265721F00426F6F743E
S214042EE0732074686520696D61676520696E207457
S214042EF068652073706563696669656420736C6FC2
S214042F00742049442E00434C4920696E7374616EE4
S214042F106365206578616D706C650064756D6D79A8
S214042F205F696E7374005A434C20636F6D6D616EF7
S214042F30647300626173696300676C6F62616C003E
S214042F406D66672D636F6465007573652D6E6578B1
S214042F50742D73657175656E636500782D6465669A
S214042F6061756C742D7265737000746573742D725C
S214042F706573706F6E73652D6F6E00746573742D54
S214042F80726573706F6E73652D6F6666005A434C78
S214042F9020626173696320636C7573746572206361
S214042FA06F6D6D616E6473007274666400436F6D5A
S214042FB06D616E64207468617420726573657473E1
S214042FC020616C6C20617474726962757465207615
S214042FD0616C75657320746F20666163746F7279B3
S214042FE02064656661756C742E005241494C006C11
S214042FF06F7765722D6D61632D7261696C2D383043
S214043000322E31352E342E63006C69627261696C1F
S2140430102E6100756E636C61696D65640062756629
S2140430206665722D6D616E6167656D656E742E637F
S214043030006576656E742D71756575652E63007A08
S21404304069676265652D75707065722D6D61632E96
S21404305063006E65696768626F722E6300617373DE
S2140430606F63696174696F6E2E6300313832317331
S21404307000313432323100313231003273003132B1
S21404308032313132003132323131003238310038A7
S214043090313100313832313100313231313132316F
S2140430A0323232317300313232003132313132321F
S2140430B031003131313100323238006D61632D6DAB
S2140430C0756C74692D6E6574776F726B2E63006C05
S2140430D065676163792D7061636B65742D627566CF
S2140430E06665722E6300000102030E312E312E3205
S2140430F02D65626530653836630001000100020301
S214043100030003000000000013B779FAC925DDB7F1
S214043110ADF3CFE0F1B614B80102000000000000E1
S214043120FFFFFFFF01000000010000000000000098
S2140431300000000000000000000000000000000086
S2140431400000000000000000000000000000000076
S2140431500000000000000000033F1F00C7F8020044
S214043160C3F80200A1F802006FF80200FFF802009C
S214043170D1F8020071F802002C00000002020203DB
S2140431800000000001020000000801B43032040010
S2140431900008015AEC31040000080040A83104007D
S2140431A000000000000000000000FCFEFFFF00001E
S2140431B000000000FFFF000000000000FFFF00000A
S2140431C000000000FFFF000000000000400018069A
S2140431D0F4D200002C00B0023DBE00001700F2003E
S2140431E00C7C00000C0041009E4200006400FCFEC3
S2140431F0FFFF000000000000FFFF000000000000CA
S2140432005A00F306A554FEFF2100A301A1FEFFFF0A
S2140432101100A600832700000A006100DC260000D7
S21404322006003B00F820000003001500AD13000064
S214043230C800FCFEB4008B087BC0FBFF4D00E40214
S214043240E756FFFF2C00A20183EBFFFF1A000301E1
S214043250B31A00001100A300552900000A005E00FE
S2140432605A28000006003A00212200000400180034
S2140432707316000050E60300929903009299030027
S214043280929903009299030092990300929903007D
S214043290929903009299030092990300929903006D
S2140432A0929903009299030092990300929903005D
S2140432B0929903009299030092990300929903004D
S2140432C0929903009299030092990300929903003D
S2140432D0929903009299030092990300929903002D
S2140432E092990300A099030092990300B5990300EC
S2140432F09299030092990300DA99030092990300C5
S214043300929903009299030092990300029A03008B
S21404331092990300929903009299030092990300EC
S2140433201A9A030092990300389A03000B000000CF
S2140433300B00000002000000000020200000000037
S214043340030000008C8C3C0000000000000000001D
S21404335000000000000000581200000000000000FA
S214043360FFFFFFFFFFFFFFFF554E4B00474F2000B8
S21404337042544C00474F3200474F3300474F340007
S214043380474F3500474F3600474F3700474F380002
S214043390474F3900474F4100474F4200474F4300CD
S2140433A0474F4400474F4500474F46004A4D50009C
S2140433B0424452005550520042544D004D534D0065
S2140433C046544C00554E4B00474F200042544C0088
S2140433D04241440046544C00465243004F54410078
S2140433E044534C004241500055504700544D45004C
S2140433F046415500545A4600554E4B0050494E001F
S214043400454D3400554E4B0048562000554E4B0053
S214043410455850004C574D00554E4B0052425400F0
S21404342044534C00454D3400554E4B004153540014
S214043430554E4B0056465900494E4800554E4B00D3
S2140434404C434B0058544C004F424600554E4B00DC
S214043450485244004D454D004255530055534700CD
S21404346044424700444D410056435400554E4B00D9
S2140434705550200052502000415030004150310039
S2140434804150200044502000444543006833040063
S2140434906C330400C4330400F8330400043404001A
S2140434A00C340400183404002834040030340400B7
S2140434B03C3404004C3404006C340400554E4B0079
S2140434C04649420042544C00455854005057520056
S2140434D0574447002053570043525300465348006E
S2140434E042414400464C540042524F00010401033A
S2140434F003060105010501090600060B0000070B7B
S214043500050B000000000000000000000400E40CAE
S2140435100A00010410010000000500020000030078
S214043520A8370400A4370400903704008C3704003E
S21404353088370400843704007237040062370400B6
S2140435404837040040370400363704003437040094
S2140435501C37040019370400113704000037040030
S214043560F0360400DE360400C4360400BC3604001C
S214043570B0360400AC360400A83604009A360400BC
S2140435808F360400763604005D36040001360400E7
S21404359000360400F0350400C8350400BD350400C8
S2140435A0BC350400A835040000000000000000003C
S2140435B00000000000000000000000000F000000F3
S2140435C000000000000000000000000000000000F2
S2140435D000000000000000000000000000000000E2
S2140435E000000000000000000000000000000000D2
S2140435F001000000000000000000000000000000C1
S2140436000F000000000000000000000000000000A2
S21404361000000000000000000000000000000000A1
S2140436200000000000000000000000000000000091
S2140436300000000000000000000000000000000081
S2140436400000000000000000000000000000000071
S2140436500000000000000000000000000000000061
S2140436600000000000000000000000000000000051
S2140436700000000000000000000000000000000041
S2140436800000000000000000000000000000000031
S2140436900000000000000000000000000000000021
S2140436A00000000000000000000000000000000011
S2140436B0FFFFFFFFFFFFFFFFFFFF0000000000000B
S2140436C000000000000000000000000000000000F1
S2140436D000000000000000000000000000000000E1
S2140436E000000000000000000000000000000000D1
S2140436F000000000000000000000000000000000C1
S21404370000000000000000000000000000000000B0
S21404371000FFFFFFFFFFFFFFFF9C0000FF0000000D
S2140437200000000000000000000000000000000090
S214043730800000000000FFFFFFFFFFFFFFFFFFFF0A
S21404374000000000FFFF0000000000000000000072
S2140437500000000000000000000000000000000060
S2140437600000FFFFFF000000000000000000000053
S2140437700000000000000000000000000000000040
S2140437800000000000000000000000000000000030
S2140437900000000000000000000000000000000020
S2140437A00000000000000000FC030101010101010B
S2140437B001010101010101010100000000000001F6
S2140437C00020000000000001010000200204110493
S2140437D0040211101A080A021801081110111A0816
S2140437E00A04020D0B19195C0110280B01140000C1
S2140437F000000000000000000000000000010101BD
S21404380001010100010101010101010000010101A2
S214043810000100010100000000000000000000009C
S214043820000000000001000000000000000000008E
S2140438300000000001FF010023E1010075E401001F
S21404384063E2010063E5010062E1010079EB010037
S21404385064EE010024E1010025E1010026E10100F7
S21404386027E1010028E1010029E101002AE1010025
S2140438700000010080000100000101008001010039
S214043880000201008002010020E2010000030100A2
S2140438900005010080050100000601002C890100D6
S2140438A0800601000007010001E5010002E50100B1
S2140438B00008010080080100004001008632101054
S2140438C0FFFFFFFFFFFFFFFFC6A20300CCA203001B
S2140438D0D2A20300D8A20300DEA2030056777777AD
S2140438E07777777777777777777777775A696742CF
S2140438F06565416C6C69616E636530395A69674207
S2140439006565416C6C69616E636530394E574B2052
S2140439105374656572696E6700009596959595056E
S21404392007090D0000000000000102030406000061
S21404393044BB0300DFCE0300F9CE030010CF030020
S21404394023CF030033CF030047CF030059CF030030
S21404395069CF030085CF03009ACF03000208010D48
S2140439600D01010112010000FFFFFFFFFFFFFFFF33
S214043970000000000000000001090501000200002C
S214043980000000031EF1EE0B98390400DBDB030095
S21404399050E60300FE000000F7DB0300F83A0400DC
S2140439A00000000001DC0300E83A04000000000008
S2140439B00EDC0300D83A0400000000001BDC030001
S2140439C0C83A04000000000039DC0300B43A0400DE
S2140439D00000000031DC0300A03A040000000000F0
S2140439E038DC03008C3A04000000000046DC0300C8
S2140439F07C3A040000000000B8DA0300683A0400C9
S214043A00000000003FDC0300583A040000000000F9
S214043A104BDC0300443A040000000000F7A0030057
S214043A20343A04000000000000000000000000001B
S214043A30000000007D0F03005CDC030099DC03003B
S214043A40010100FF41D80000C2DC030007DD0300CB
S214043A50010100010107FF00FDD7000054DD03004B
S214043A60BFDD0300010100FF3DD70000E0DD0300D9
S214043A70F9DD030000010100FF0000008F0F0300C2
S214043A801EDE030076DE03000101FF00770F03004D
S214043A908DDE0300E4DE030001010207FF000000E0
S214043AA0710F03008DDE0300E4DE0300010102074C
S214043AB0FF0000006B0F03008DDE0300E4DE03004E
S214043AC001010207FF000000F1D6000005DF030035
S214043AD044DF0300010101FF91D6000063DF030009
S214043AE0A8DF0300010000FF4DD6000063DF0300DB
S214043AF0A8DF0300010000FFD5D60000CFDF0300D7
S214043B00D5DD030000FF0000650F030024E003007A
S214043B10F00A0400FF0000005F0F030097E00300B4
S214043B20F00A0400FF0000002DD6000006E10300A2
S214043B307BE1030000FF000005D6000093E10300CC
S214043B40F5E1030000FF0000510F030006E2030046
S214043B504CE2030002FF0000CDD5000055E203004E
S214043B60C9E2030001FF000000000000C9E50300ED
S214043B7011000000D5E5030012000000DDE5030097
S214043B8013000000E5E5030021000000EDE5030056
S214043B9022000000F4E5030023000000FBE5030018
S214043BA0AA00000002E60300FF0000000000000078
S214043BB0FFFFFFFFFFFFFFFF000000000000000004
S214043BC0000001080109020A030B040C050D060E89
S214043BD0070F081001180119021A031B041C051DFF
S214043BE0061E071F0820012102220323042405259C
S214043BF00626072708280129022A032B042C052D4C
S214043C00062E072F08300131023203380239043AEF
S214043C1008E004E104E204E802E902EA04F008F138
S214043C201000000000000000040500008C3C0400A6
S214043C3002000F00B43C040002000F00DC3C040049
S214043C4002000F00043D040002000F002C3D040097
S214043C5002000F00543D040002000F007C3D0400E7
S214043C6002000F00A43D040002000F00CC3D040037
S214043C7002000F00F43D040002000F001C3E040086
S214043C8002000F00443E040002000F000000000083
S214043C906C3E04000300000040000000000000002A
S214043CA019000000903E040004000F00800000008D
S214043CB000000000000000006C3E0400030000004A
S214043CC0400000000000000019000000903E0400C0
S214043CD004000F0080000000000000000000000048
S214043CE06C3E0400030000004000000000000000DA
S214043CF019000000903E040004000F00800000003D
S214043D0000000000000000006C3E040003000000F9
S214043D10400000000000000019000000903E04006F
S214043D2004000F00800000000000000000000000F7
S214043D306C3E040003000000400000000000000089
S214043D4019000000903E040004000F0080000000EC
S214043D5000000000000000006C3E040003000000A9
S214043D60400000000000000019000000903E04001F
S214043D7004000F00800000000000000000000000A7
S214043D806C3E040003000000400000000000000039
S214043D9019000000903E040004000F00800000009C
S214043DA000000000000000006C3E04000300000059
S214043DB0400000000000000019000000903E0400CF
S214043DC004000F0080000000000000000000000057
S214043DD06C3E0400030000004000000000000000E9
S214043DE019000000903E040004000F00800000004C
S214043DF000000000000000006C3E04000300000009
S214043E00400000000000000019000000903E04007E
S214043E1004000F0080000000000000000000000006
S214043E206C3E040003000000400000000000000098
S214043E3019000000903E040004000F0080000000FB
S214043E4000000000000000006C3E040003000000B8
S214043E50400000000000000019000000903E04002E
S214043E6004000F0080000000000000000000200195
S214043E70200000000800000004004221300000007A
S214043E80043F040000FF4200300000000000000071
S214043E900000F00840000000253F04000100230451
S214043EA0400000002D3F04000600300140000000E2
S214043EB000000000FDFF2102400000000100000099
S214043EC01900000419000101190002041900030175
S214043ED0190005041900060119000704040041002E
S214043EE09DF80000060041008717030019008100B2
S214043EF08D150100190084001920010000800000BF
S214043F000000000006435553544F4D0000000000C7
S214043F100000000000000000000000000000000098
S214043F200000000000FFFFFFFFFFFFFFFFFFFFFF93
S214043F30FF00040104010401040104010401040156
S214043F4004010401040104010401FFFFFFFFFFFF55
S214043F50FFFFFFFFFFFFFFFFFFFFFFFFFFFFFFFF68
S214043F60FFFF000102030405060708090A0B1F1CCD
S214043F701F1E1F1E1F1F1E1F1E1F07021F012F00AE
S214043F8037013F005701DF02E700FF020000000090
S214043F900000000000000000000000000000000018
S214043FA00000000000000000000000000000000008
S214043FB068EC0300190000006EEC0300FFFF00002D
S214043FC00000000039ED030044ED030050E6030052
S214043FD04CED03005AED030050E603006DED0300BC
S214043FE078ED030086ED03008AED03009AED0300E6
S214043FF04CBC0300AAED0300AEED0300B9ED0300CC
S214044000C3ED0300CDED0300D1ED0300DFED0300A7
S214044010F3ED030009EE030000800000000000003A
S2140440200000000000000000FFFFFFFFFF0000008C
S21404403000000000F1A30100000000000000F03FB3
S214044040000000000000244000000000000059406A
S2140440500000000000408F40000000000088C340BD
S21404406000000000006AF8400000000080842E4132
S21404407000000000D01263410000000084D797417E
S2140440800000000065CDCD41C5BF0300F456040012
S214044090000000002FF70300E456040000000000B0
S2140440A034F70300D45604000000000035F703007C
S2140440B0C45604000000000046DC0300B0560400AA
S2140440C00000000039DC03009C56040000000000D9
S2140440D03AF703008C5604000000000040F7030083
S2140440E07C5604000000000044F703006C560400ED
S2140440F00000000053F703005C56040000000000B4
S21404410070F703004C5604000000000079F7030023
S2140441103C560400000000008EF703002C560400F2
S2140441200000000087CD03001C56040000000000B9
S2140441309EF70300DC55040000000000A4FB030007
S214044140384D04000000000051EB0300F84C040056
S21404415000000000A5F70300384C0400000000002F
S214044160AEF703003C4B040000000000BBF703005E
S214044170E446040000000000D7ED0300BC4504003C
S21404418000000000C2F70300BC4504000100000064
S214044190C6F703007C45040000000000CBF70300CC
S2140441A04044040000000000849A030040440400D5
S2140441B001000000BBF70300E44604000000000012
S2140441C0D2F70300E446040001000000D7F703001A
S2140441D00C44040000000000E1F703000C44040053
S2140441E001000000E9F703003C4204000000000060
S2140441F0FCA10300084204000000000000000000C8
S214044200000000000000000018420400EDF7030060
S21404421050E60300FE00000005F80300E04D04002D
S2140442200000000079FC0300D04D040000000000EC
S2140442300000000000000000000000004C420400E3
S2140442400AF8030050E60300FE00000020F803000E
S214044250604F04000000000026F80300504F0400DE
S214044260000000002CF80300404F0400000000008B
S21404427035F80300304F040000000000369F0300AA
S214044280204F040000000000409D0300E84E040098
S214044290000000004EA60300D44E040000000000F8
S2140442A03FF80300C44E0400000000003BA20300D5
S2140442B0B44E04000000000044F80300A44E0400BA
S2140442C0000000004BF80300944E040000000000B9
S2140442D0E7B00300844E04000000000050F803001A
S2140442E0D84304000000000057F80300804304008D
S2140442F0000000005FF803004C43040000000000C8
S2140443006BF80300184304000000000000000000DF
S21404431000000000000000002843040076F80300B4
S21404432050E60300FE000000C0B60300004E040082
S214044330000000001ED80300F04D0400000000003A
S2140443400000000000000000000000005C430400C1
S21404435097F8030050E60300FE000000C0B6030012
S214044360204E0400000000001ED80300104E040077
S2140443700000000000000000000000000000000034
S21404438090430400B9F8030050E60300FE00000062
S214044390D7F80300704E040000000000C8FD0300B8
S2140443A0604E040000000000E6F80300504E0400CF
S2140443B000000000EBF80300404E0400000000007C
S2140443C0F2F80300304E0400000000000000000075
S2140443D00000000000000000E8430400F7F80300B3
S2140443E050E60300FE00000082B603000C4F0400F3
S2140443F00000000014F90300F84E0400000000005A
S2140444000000000000000000000000001C4404003F
S2140444101CF9030050E60300FE00000038F9030010
S214044420A04F040000000000D7ED0300904F0400E6
S2140444300000000000000000000000000000000073
S214044440504404003DF9030050E60300FE0000005B
S21404445056F90300505004000000000043B3030064
S21404446040500400000000005FF9030030500400D0
S2140444700000000038F90300804F0400000000002C
S21404448064F90300704F04000000000071F9030093
S2140444903C450400000000007FF9030008450400C2
S2140444A0000000008DF90300C8440400000000006A
S2140444B0A5F70300384C04000000000000000000CC
S2140444C00000000000000000D844040096F9030031
S2140444D050E60300FE000000782F0400205004007D
S2140444E000000000892F04001050040000000000A3
S2140444F074C7030000500400000000000000000021
S214044500000000000000000018450400B4F9030091
S21404451050E60300FE000000DEF9030070500400BD
S214044520000000005FE80300605004000000000084
S2140445300000000000000000000000004C450400DD
S214044540E5F9030050E60300FE000000FCA10300AA
S214044550A4500400000000001ED803009450040079
S21404456000000000C8FD03008050040000000000A6
S2140445700000000000000000000000008C4504005D
S21404458005FA030050E60300FE000000FCA1030049
S214044590D45004000000000025FA0300C4500400B0
S2140445A0000000001ED80300B45004000000000001
S2140445B0000000000000000000000000CC450400DD
S2140445C02CFA030050E60300FE00000046FA03003F
S2140445D008520400000000000EB80300F85104005E
S2140445E00000000079FA0300E8510400000000000F
S2140445F0369F0300D851040000000000479F0300C4
S214044600C8510400000000004BFA0300B85104002F
S2140446100000000063FA0300A85104000000000034
S2140446206CFA0300985104000000000073FA0300BB
S21404463088510400000000007FFA0300585104006B
S21404464000000000C8FD03004851040000000000FC
S2140446508EFA0300385104000000000033C803003B
S214044660285104000000000093FA030018510400C7
S21404467000000000AAFA030008510400000000002D
S214044680BEFA0300F450040000000000CEFA030053
S214044690E450040000000000DDFA0300B046040005
S2140446A00000000000000000000000000000000001
S2140446B0C0460400E2FA030050E60300FE000000D1
S2140446C0F9FA0300785104000000000002FB03001E
S2140446D06851040000000000000000000000000014
S2140446E000000000F446040050E6030050E6030011
S2140446F0FE00000009FB0300784D040000000000E3
S21404470016FB0300BC4B0400000000001FFB030064
S214044710FC4A04000000000032FB0300C84A040000
S2140447200000000040FB0300944A04000000000060
S2140447304EFB0300604A0400000000005CFB03001C
S214044740C8490400000000006DFB0300A0490400F3
S214044750000000007AFB030000490400000000008B
S21404476085FB0300A84804000000000098FB030033
S21404477080480400000000002ADB03001C480400F4
S21404478000000000ABFB0300DC4704000000000050
S214044790B6FB0300A8470400000000000000000069
S2140447A00000000000000000B8470400C9FB030036
S2140447B050E60300FE000000EDFB03002852040050
S2140447C000000000F3FB0300185204000000000081
S2140447D0000000000000000000000000EC47040099
S2140447E0F7FB030050E60300FE00000030B80300A9
S2140447F0585204000000000029FC0300485204003C
S2140448000000000035FC03003852040000000000DD
S2140448100000000000000000000000002C48040017
S2140448204BFC030050E60300FE000000FCA103005E
S214044830BC520400000000001ED80300AC52040062
S2140448400000000024D803009C520400000000006E
S214044850C0B60300885204000000000067FC030092
S21404486078520400000000007EFC03006852040036
S214044870000000000000000000000000000000002F
S214044880904804008AFC030050E60300FE00000083
S214044890AFFC0300CC52040000000000000000003F
S2140448A00000000000000000B8480400B4FC030048
S2140448B050E60300FE000000D8FC03001C5304006E
S2140448C00000000025FA03000C530400000000005A
S2140448D0E4FC0300FC52040000000000EBFC0300B0
S2140448E0EC52040000000000F8FC0300DC52040054
S2140448F000000000000000000000000000000000AF
S2140449001049040003FD030050E60300FE00000007
S21404491071FB0300CC5304000000000020FD0300DC
S214044920BC53040000000000C5BF0300AC530400E1
S21404493000000000F3CE03009C53040000000000B7
S214044940D8FA03008C5304000000000030B80300BB
S2140449507C5304000000000027FD03006C53040091
S2140449600000000032FD03005C5304000000000059
S2140449703FFD03004C530400000000004FFD0300FD
S2140449803C5304000000000062FD03002C530400A6
S214044990000000000000000000000000000000000E
S2140449A0B049040074FD030050E60300FE00000056
S2140449B0C5BF0300DC530400000000000000000034
S2140449C00000000000000000D849040092FD030027
S2140449D050E60300FE00000030B803004C54040008
S2140449E000000000F3CE03003C5404000000000066
S2140449F0D8FA03002C54040000000000B5FD0300A0
S214044A001C54040000000000E1F80300204A0400DF
S214044A10000000000000000000000000000000008D
S214044A20304A0400CCFD030050E60300FE000000FC
S214044A30C8FD03000C54040000000000C0B60300C8
S214044A40FC53040000000000E2FD0300EC530400E5
S214044A50000000000000000000000000000000004D
S214044A60704A0400EBFD030050E60300FE0000005D
S214044A70FCA103006C540400000000001ED80300D0
S214044A805C54040000000000000000000000000069
S214044A9000000000A44A04000BFE030050E60300D6
S214044AA0FE0000002BFE03008C54040000000000EF
S214044AB03EFE03007C5404000000000000000000DA
S214044AC00000000000000000D84A040054FE030062
S214044AD050E60300FE00000074FE0300AC5404001D
S214044AE00000000043B303009C54040000000000D0
S214044AF00000000000000000000000000C4B040052
S214044B007EFE030050E60300FE00000030B80300FB
S214044B10DC54040000000000A3FE0300CC54040090
S214044B2000000000BBFE0300BC54040000000000AC
S214044B300000000000000000000000004C4B0400D1
S214044B4050E6030050E60300FE000000CCFE03001F
S214044B50644B040000000000000000000000000099
S214044B6000000000744B040050E6030050E6030007
S214044B70FE000000D8FE03002C55040000000000D0
S214044B80C8ED03001C55040000000000DEFE030010
S214044B900C55040000000000E2FE0300FC54040070
S214044BA000000000E6FE0300EC54040000000000D1
S214044BB0000000000000000000000000CC4B0400D1
S214044BC0F6FE030050E60300FE000000FCA103000E
S214044BD0AC5504000000000011FF03009C550400BF
S214044BE00000000024FF03008C55040000000000B1
S214044BF01ED803007C5504000000000031FF0300AB
S214044C006C5504000000000042FF03005C550400DD
S214044C100000000050FF03004C5504000000000094
S214044C2061FF03003C550400000000000000000083
S214044C300000000000000000484C04006EFF030063
S214044C4050E60300FE00000088FF0300D04F040077
S214044C5000000000BBFF0300C04F0400000000007B
S214044C60F6FF0300B04F0400000000000D0004002F
S214044C70C44C04000000000017000400904C04001C
S214044C80000000000000000000000000000000001B
S214044C90A04C04001B00040050E60300FE000000C5
S214044CA0782F0400F04F040000000000892F040051
S214044CB0E04F0400000000000000000000000000B8
S214044CC000000000D44C04003A00040050E6030040
S214044CD0FE0000005BB30300CC5504000000000097
S214044CE0C8FD0300BC5504000000000000000000DE
S214044CF00000000000000000084D04004D00040001
S214044D0050E60300FE000000FCA103000C5604005D
S214044D1000000000DEF90300FC550400000000005B
S214044D205FE80300EC5504000000000000000000EB
S214044D300000000000000000484D04006800040065
S214044D4050E60300FE000000F8FC030024570400AD
S214044D500000000030B803001457040000000000F0
S214044D60C5BF030004570400000000000000000054
S214044D700000000000000000884D040088000400C5
S214044D8050E60300FE000000A6000400745704006A
S214044D9000000000B0000400645704000000000097
S214044DA0BB000400545704000000000046DC030067
S214044DB04457040000000000CA00040034570400EE
S214044DC000000000000000000000000000000000DA
S214044DD0430F0300D500040050E60300FF00000064
S214044DE03F0F0300E200040050E60300FF0000004B
S214044DF041DD0000F400040050E60300FF0000005C
S214044E00DDDC000021010400E908040001FF0000C5
S214044E1041DD00006101040050E60300FF000000CD
S214044E20DDDC00008F010400E908040001FF000037
S214044E3075DD0000D0010400F101040000FF00004D
S214044E4075DD0000FA010400570204000000FF00AC
S214044E50F1DD0000650204007E020400010001FF8B
S214044E605DDE0000A3020400E50204000102FF0068
S214044E70F1DD0000FB0204002A0304000100010225
S214044E80FF0000006DDB00005B03040097030400D2
S214044E9007FF00008DDB00009D030400D003040020
S214044EA001FF0000A1DB0000D8030400280404006E
S214044EB00100FF00FDDB00003D0404008E04040036
S214044EC00101FF00D1DB00009E040400D8040400A6
S214044ED001FF000051DC0000E00404002905040082
S214044EE0010000010707FF008DDE00007B050400BB
S214044EF0D003040001FF00008DDF0000C30504009A
S214044F0007060400010700010700FF00A10F0300C5
S214044F105C060400A20604000107000101FF00006D
S214044F2015DF0000DE06040019070400010000FF78
S214044F30E5DE0000370704007B0704000100FF00DD
S214044F40B5DE00008E0704007B0704000100FF00A6
S214044F505DDF0000CD070400D804040001FF000054
S214044F60CDDF000008080400390804000100FF0033
S214044F70FDC8000050E6030047080400000707FFCA
S214044F80A1C8000050E6030060080400000707FFFD
S214044F90ADCD000050E603006C08040007FF0000D7
S214044FA0ADCD000050E603006C08040007FF0000C7
S214044FB0F30E030050E60300710804000000FF002F
S214044FC089CD000050E603005ADF030001FF00000D
S214044FD051CD000050E60300A908040000FF0000BD
S214044FE081C8000050E6030050E60300FF000000FE
S214044FF081C8000050E6030050E60300FF000000EE
S214045000C90E030050E6030050E60300FF0000004C
S214045010C90E030050E6030050E60300FF0000003C
S214045020C90E030050E6030050E60300FF0000002C
S21404503051C8000050E60300DF0804000101FF0029
S2140450403DC8000050E60300F408040001FF000019
S214045050C50E030050E6030050E60300FF00000000
S21404506005C80000BCF9030050E60300FF0000007A
S21404507005C80000FE08040050E60300FF00000018
S21404508085C900001F090400360904000001000059
S21404509007FF0000C10E03005C09040050E603008D
S2140450A0FF00000001C700007609040050E6030074
S2140450B0FF0000003B0F0300A409040050E60300B1
S2140450C0FF0000002D0F0300BE0904004008040082
S2140450D000FF000081D00000E309040050E603004E
S2140450E0FF000000D5C50000FD09040050E60300DB
S2140450F0FF00000069C50000200A04009D0A0400A1
S21404510000000310FF00000045C60000F20A040079
S214045110600B040001FF000019C60000750B0400B4
S214045120B80B040000FF00002DC50000C90B0400E6
S21404513050E60300FF000000BF0E0300F80B040057
S21404514050E60300FF00000009C50000440C0400FC
S2140451504008040000FF0000D5C40000850D0400CC
S214045160DA0D040000FF0000B9C40000F40D0400CA
S21404517050E60300FF0000009DC40000040E040077
S21404518050E60300FF000000AF0E0300180E0400F4
S214045190960E040000FF00006DC40000210F0400FA
S2140451A050E60300FF00000029C400003E0F040080
S2140451B0690F040007FF0000E9C30000730F040032
S2140451C0CC0F0400000500FFA1C300007F100400FC
S2140451D0921004000002FF007DC30000C11004000A
S2140451E050E60300FF000000AF0E0300D3100400D7
S2140451F00D11040000FF000011C300009311040009
S214045200D9110400000301FF01C300007912040051
S214045210BF120400000301FF913E01005F13040067
S21404522050E60300FF000000491B03008713040038
S2140452300214040002FF0000ADE30000571404004B
S214045240F00A040000FF000079E300007F14040065
S214045250F00A040000FF000029E30000981404008C
S21404526050E60300FF0000009D300100B114040066
S21404527050E60300FF00000075300100FE14040031
S21404528050E60300FF000000013001002915040069
S2140452904F15040000010100010102FFD92F01008F
S2140452A0CE160400F616040000FF0000B92F010015
S2140452B01D17040050E60300FF000000012F010044
S2140452C04717040050E60300FF0000001B1A030003
S2140452D06017040050E60300FF000000D12301001D
S2140452E086170400B71704000002FF007D180300A9
S2140452F01418040050E60300FF00000079180300A9
S2140453004118040050E60300FF0000008523010056
S2140453105C1804008618040000FF00004521010004
S214045320B618040050E60300FF000000C10C01009C
S214045330C918040050E60300FF000000A90C010091
S214045340E118040050E60300FF000000F517030010
S214045350FA18040050E60300FF000000E1170300FB
S21404536027190400A119040000FF000051200100C1
S214045370E019040050E60300FF000000411F01008E
S214045380581A040050E60300FF000000650B0100F5
S2140453909C1A040050E60300FF000000490B0100BD
S2140453A0B91A040050E60300FF000000C10B010018
S2140453B0641B040050E60300FF000000B50B010068
S2140453C0F21B0400371C040000FF0000810B0100E0
S2140453D06E1C0400BF1C040000FF0000AD090100A1
S2140453E0F21C040050E60300FF00000045FE000027
S2140453F01E1D0400871D04000000FF0045FE00007B
S214045400DC1D04003E1E04000000FF00E5FE000054
S214045410831E0400B61E04000002FF004F1703009C
S2140454200B1F0400591F040007FF000019000100A9
S214045430751F040050E60300FF0000002DFE000068
S214045440991F0400BE1F040000FF000039FF00007F
S2140454501720040050E60300FF000000FDF70000DC
S2140454605420040050E60300FF000000C5F70000C7
S2140454707E20040050E60300FF0000002716030009
S214045480B92004002821040000FF000021F10000D8
S21404549079210400F821040000FF00001916030017
S2140454A03E2204009022040000FF0000F9150300C9
S2140454B0D72204002423040000FF0000F5E90000BE
S2140454C06E230400A423040003FF00002DEA00005A
S2140454D0DF2304002524040003FF0000DDE80000A9
S2140454E07B24040050E60300FF000000851503003B
S2140454F0AB240400E924040000FF00007F15030029
S214045500F9240400E924040000FF000079150300D0
S21404551020250400E924040000FF0000731503009E
S21404552047250400E924040000FF00006D1503006D
S2140455306F250400E924040000FF00004915030059
S2140455409825040050E60300FF0000004F150300F2
S214045550BA25040050E60300FF0000002DE6000014
S214045560E22504001B2604000001FF0059E60000A3
S2140455703C26040050E60300FF0000004B15030021
S2140455806726040050E60300FF00000015E600004E
S2140455908226040050E60300FF000000D1E5000068
S2140455A09D260400CA26040000FF0000B9E500009A
S2140455B0E526040050E60300FF00000001CE0000CC
S2140455C01027040050E60300FF00000001CE000090
S2140455D03727040050E60300FF000000F1C2000075
S2140455E04827040050E60300FF000000BDC2000088
S2140455F05D2704008427040000FF0000BDC20000ED
S214045600942704008427040000FF000055C200000D
S214045610BB27040050E60300FF000000A70E0300AB
S214045620D627040050E60300FF000000B1BE0000C9
S214045630F92704006328040000FF000091BE000060
S2140456408628040050E60300FF00000079DA000014
S214045650EC290400792A0400010000FF5DD900004B
S214045660962A0400EA2A040000FF000091D90000EC
S214045670FF2A0400512B04000100FF00FDD800009F
S214045680672B0400542C04000107FF00AB0E030034
S214045690642C040050E60300FF0000005DD2000006
S2140456A0752C0400872C0400000101000007FF008D
S2140456B055D10000C22C0400D32C040000010100C4
S2140456C0FF00000091D90000222D0400332D0400B1
S2140456D0010000FFCDD00000222D0400652D04003B
S2140456E000FF000031710100762D040050E603002F
S2140456F0FF000000E5BE0000C22D040050E60300D3
S214045700FF000000A93B030050E6030050E6030038
S214045710FF000000F97E010050E6030050E6030097
S214045720FF000000BD7E010050E60300072E0400C3
S21404573002FF0000698601000F2E040050E60300F5
S214045740FF000000F58501003B2E04005E2E0400D9
S2140457500200FF002B3C0300872E040050E60300E3
S214045760FF000000D1850100A92E0400C72E040006
S21404577002FF0000A9850100DC2E0400C72E0400E9
S21404578002FF00000100000028470020000000007F
S21404579000000000FFFF00002915030000000000C1
S2140457A003000000FFFF01000716030000000000CE
S2140457B004000000FFFF010095160300000000002F
S2140457C004000000FFFF000019170300000000009B
S2140457D006000000FFFF00008B1703000000000017
S2140457E019000000FFFF010021180300E2FE030079
S2140457F038620020000000000000000000000000E6
S21404580000000000332F040070580400000000005D
S214045810392F04008839040000000000402F0400DB
S214045820583B04000000000079FC0300483B0400D9
S21404583000000000492F0400383B0400000000006C
S2140458405B2F0400283B0400000000006A2F0400BD
S214045850183B0400000000007B2F0400083B0400F3
S214045860000000000000000000000000000000002F
S214045870805804008D2F040050E60300FE0000004C
S214045880A82F040098580400000000000000000040
S21404589000000000000000003D400300AD2F04009F
S2140458A050E60300FF03010001013F040201003F2C
S2140458B0040202003D040202003D0401020001024B
S2140458C00003010002023D0402010002020201007C
S2140458D0020200000020202020202020202028284B
S2140458E02828282020202020202020202020202097
S2140458F020202020208810101010101010101010D7
S2140459001010101010040404040404040404041006
S2140459101010101010104141414141410101010194
S214045920010101010101010101010101010101015E
S214045930101010101010424242424242020202026A
S214045940020202020202020202020202020202022E
S21404595010101010200000000000000000000000DE
S214045960000000000000000000000000000000002E
S214045970000000000000000000000000000000001E
S214045980000000000000000000000000000000000E
S21404599000000000000000000000000000000000FE
S2140459A000000000000000000000000000000000EE
S2140459B000000000000000000000000000000000DE
S2140459C000000000000000000000000000000000CE
S2140459D0000000000000000000000000A00100001D
S2140459E08013002000021000C44B00202015002065
S2140459F00000020800000000FFFFFFFFFFFFFFFF9C
S214045A00FFFFFFFF00000000000000000000000091
S214045A10000000000000000000000000200000005D
S214045A2041B201001000000021B301000000000193
S214045A30000001010001010120C001B800000000BF
S214045A4000000000FFFFFFFFFFFFFFFFFFFFFFFF59
S214045A50FFFFFFFFFFFFFFFFFFFFFFFFFFFFFFFF4D
S214045A60FFFFFFFF000102020303040506080C0CF7
S214045A700C00010203040707C8C8C8C8C8C8C8C8B9
S214045A80C8C8C8C8030404080808080800B801B849
S214045A9002B800B0787604006076040003040408B4
S214045AA008050000000000000000000000000000E0
S214045AB000000000EA06000048704C0F44700E0E0A
S214045AC030707E1302989A173870340F34705A0F59
S214045AD0307048102C7048102870D0112470E811CB
S214045AE020703E0F1C70901218700C1314703A0F2E
S214045AF0B110086001D80A7104B87F78020C7E7869
S214045B00641000C6881F00A01DB8707803B0186023
S214045B100F3027B30F330111C04806987C0229B012
S214045B20086001D8087109DD047109BB11101660FC
S214045B30A048086004100112FF3221500860D048C3
S214045B40086000880698381400C4441F00A000BAF1
S214045B5003DF107109DF0672029836031DB8507809
S214045B6000A04413281441158110086002D814714B
S214045B7010880698201900C014C000B80698861B22
S214045B800091069892020160B83020D806711EBCB7
S214045B90637C784D5412F03240DE0472404804DBD5
S214045BA008720DDD0C72044BEF3014480698F204AC
S214045BB000C4E04000544412086201322140087CCC
S214045BC0811140D91C72B1123032CF4A013AB1DA8F
S214045BD0107208D8067104D80871804C237C56705D
S214045BE0684C441200C4A41E00A04414413AF32492
S214045BF00164415C412A047580B800C460400054C6
S214045C0081D8367140D90472237C084B0698F20476
S214045C1004BA1CB9767900C1204001B835797F21D1
S214045C206121007906B906A901D806710298100206
S214045C30804C307C0298640208D86A7100C15440D3
S214045C4000B8141110D95E71584C441280BDA26D70
S214045C50FF25784C4412FC22513A2814104C00C2FA
S214045C600CC101B8241228140862281408622814E7
S214045C7008622814304C304C00C11C4000B8141183
S214045C801814086100C5284001B85415FF3504717E
S214045C9010491814B04C4412086201320671029876
S214045CA00401804C08D80C7107BA24D8047106BACB
S214045CB0187004D80C7101BA40D80E7102BA0A7072
S214045CC005BA20D8047203BA204C4411C04C1814E8
S214045CD0086118149111383111429111186110D9C4
S214045CE00472EF3200C1084001B8141110311E616D
S214045CF011422814A1110861181406986C1B181474
S214045D0000C1084001B814111861FF31181400C10D
S214045D10448001B814111814086118143088024815
S214045D2006989403009308DB047101F800A027B0DA
S214045D300F3000A01088B111186180D90A7100C113
S214045D40884000B80811009100A000C4684000B85C
S214045D50441000A000C08840005004118261041062
S214045D6082601050F07200A05415504512710698C7
S214045D7002050698920407B8707802B841781EBAED
S214045D805B7A5C7A5D7A00C220C001B82412069859
S214045D902A1900C5481F00A05415511400C3FF015A
S214045DA00000313D09647F3406989C02015851284E
S214045DB00475015841280E758111086102D90472D0
S214045DC0FF0FCC7007B8727800F8EBBD00C0441F14
S214045DD000A00411113D10D91271FF33186300C1DD
S214045DE0781002B8381107B97479581000A00698CC
S214045DF092020D300472044809DC0472084800C19B
S214045E001CC101B8141100C3D01E00A0911504359E
S214045E101A7218131CBB08D804716C7B04D804715E
S214045E206A7B1DBB2F7C5B7B1670044B18131CBB54
S214045E3008D804716F7B04D804716D7B217C0C3008
S214045E40026006987E040698C40B00B8B111186167
S214045E5040D906720298580401BC00C2084001B832
S214045E6000DC0A7124150265604A0A702C4A24155F
S214045E7008654C4A043508D90471202400C13C1F27
S214045E8000A0141200DC327120D8067101B80C7020
S214045E90F0DA0C720CDB087102B806988604482403
S214045EA000C3384101B834138F7B0E7102B99113C5
S214045EB008DB047203B928707C4914111110FD30F4
S214045EC00DDC1C7200C0A01E00A0041080D8107147
S214045ED000C0448001B80410E5200475804900C35E
S214045EE0884000B8FFB80120114108710141181319
S214045EF00824014200C1284000B8141101411C6561
S214045F005141911520351E65514118132813481325
S214045F1000C3844000B8341003D81671073005DC7B
S214045F201071B1108F780A7200C384C40350217BA9
S214045F301DB8507800B800C13C1F00A014121C60A5
S214045F402150F0300152281100A04024076400C0FC
S214045F50FFFF0100013C17B00220015840280675D7
S214045F6018AC01EC00A0208800C020C001B80412C0
S214045F7017B4211304123052F8711964402400C374
S214045F805C1F00A0341014110698F60D19610092D7
S214045F9011592129067600BB11590698D60D876239
S214045FA0313B0472215A412A00A000C2686000B83E
S214045FB0B8B91F610D49181200A0308801B91161E3
S214045FC000C30000C0FF3110312800BC002D0C7542
S214045FD0115418AC01EC312DF47019645113415569
S214045FE0312C009300A000C3C00FFEFF50B2313A1C
S214045FF0014250AA00A006983E07FFB086780871B2
S2140460005CB86B786E7800C2548001B800C0D81FA4
S21404601000A004100812B822217A237A52B84178D4
S21404602001B80C6021A809B819604CA800C0FFD1BB
S214046030C1FF4FB2013A00C0002E300001424FAA01
S21404604024B86E78ACB9FFB004D804714CB923A94F
S2140460500698A80500C01390010006982E0500A017
S2140460600698020519B81460FFB28C620F32826A71
S214046070214006982E0549BC21B952B849B207DE1C
S2140460802A7105DE0871627C607C1D0C6179677874
S21404609064786B786278657863786078617C010CE4
S2140460A0010C6878020C69786C78020C00C22C80AB
S2140460B001B8277A287A267A6A78050C41790A0C78
S2140460C0B11040D806710298BA06784A2B7A327A0A
S2140460D0584A247A00C400011100404A00C01084C3
S2140460E000000812508800C584100100FBAD10BDE6
S2140460F001BB8A6B21B9FAA9C44A1812217A227AFA
S21404610000C0341F00A00410FCA882644110303084
S2140461100129F9A9F8ADFBB08260FBA80330A0659D
S2140461202110044820EC237A0410037A184A241118
S214046130DC4A01580029241004753150F8B1115076
S21404614081632A71514031400812FCB18461FCA974
S2140461500F310E7117B0112817B111591028FA769D
S214046160C44AF9B11812217A227AA070009508124E
S214046170F8A800C20C8001B8207A844A00B8081235
S214046180020CA44A087A020C21B84178784A0B7AA1
S214046190127A00C2C81F00A0FFB008D80472184ABA
S2140461A0241000DC0A7140A80422241041A8069892
S2140461B09C0200C2481F00A02410015100C4FF0125
S2140461C0000041391150081200A006983E0700BC92
S2140461D000C20C8001B8217A52B84978020C48787B
S2140461E0020C49B8417852AC21AC204A087A067AA7
S2140461F0077A49AC00A059B840785AB101D9FC7264
S214046200427857B8407858B101D9FC72427800A059
S21404621000C20C8001B8217A227A21B8547852B888
S214046220BC4A24119979127107B915614CA9617891
S21404623000BB03BC0C64147009B919614CA94178FD
S21404624001BB126300C4002E300000C0FFD1C1FFA2
S2140462504FB1013941414FA9E44AC8B8081224ABEA
S2140462604CB823A80698A80500C004900100FFB106
S21404627086790471084806982E0500C080090040F7
S21404628040A809B8FFB108D9047103B853A8B110DF
S21404629004D80C7156BB607B57BA627A607A02D80F
S2140462A00C7156BB607B59BA627A607A04B86E7811
S2140462B03DB8607800C05638000000C1B08001B810
S2140462C014119979087200C0D604000000C124C0D5
S2140462D000B814119F79047208484CA82EB8FFB170
S2140462E008D906714AA804704BA80FB834A800C091
S2140462F00C5E000046B2014246AA00C12C4001B81A
S214046300141108610631087100B9069850110698F0
S2140463103E14B11101D90E710698921B02D9067269
S2140463200698A00C069838145114069892040698F9
S2140463302A110698641700A006984E1701D80A7109
S2140463401CB85B7807B8757800B84CA84AA84BA860
S21404635000C0F321FFFF46B1013946A904B86F789F
S21404636000A0FABC1964415C512C00C0581F00A060
S2140463700410012C0675069892040698780FB1103E
S214046380186005D8327140BA06980E1404B86578B9
S214046390911004D816711CB86E7800C0684000B816
S2140463A021780698781101400A721DB8427806983A
S2140463B04A1402985E0B1DB8717804B86C7841B81C
S2140463C0427863784478FFB104D906720298CA0901
S2140463D000C004900100FFB186790471084806984D
S2140463E02E0500C32C1F00A000C274C000B82414DD
S2140463F0481300BC48121C4B1C4A2414481300BC07
S2140464004812084B584A2414481301BC48124ABA86
S214046410447A427A4BBA447A427AFFB08678047257
S214046420617A4CBA647A657A3DBA607A4DB942B8F4
S2140464303FBB5B7966796179020C6479050C6379F4
S2140464406079050C627965795A7900C2340102B81C
S214046450241305B819603140081242B86A78020C51
S2140464604A78020C40BCFFB208DA06714ABA0670D3
S2140464704BBA627A657A677A667A6A79667B029834
S214046480A40A00C32C1F00A000C274C000B82414C1
S21404649048131C4B1C4A241448133FBC48121C4A7D
S2140464A000BC4812084B444A2414481301BC481242
S2140464B04ABA647A627A4BBA647A627AFFB3867BA3
S2140464C00472617A4CBA647A657A3DBA607A01D904
S2140464D04E71647800C1708001B800C08000080066
S2140464E008110698860B42B861784DB97F797E7993
S2140464F06A7868786278020C7B790F0C7A79140CC7
S2140465007479417860787579050CFFB208DA0671FB
S2140465104AB804704BB8657801BC1664407002D95A
S2140465203C710698860B42B84DB968784078417835
S2140465307F797E797B790F0C7A79140CFFB208DAAE
S214046540087171794ABA067070794BBA7279657AAD
S2140465506A78020C4A78050C01BC1664020C417970
S21404656040790C0C00C04C0102B848100698F2049E
S21404657000C4784000B8007C00C0A01E00A004112F
S21404658080D93271911104D92C727F2021200411F4
S214046590FD310DDD207200C0448001B80411E521F0
S2140465A0147600C0244001B804118A790871207C4E
S2140465B0104C207C2AB86278511400C0581F00A0E2
S2140465C00410012C17B001118768015841280E7673
S2140465D005218769415C412D112D067006989204A9
S2140465E042B84DBB7C7B6478020C29B86878511499
S2140465F0404406750698920442B844782AB842780D
S214046600FFB101D90C7100C1548001B8CBB8081190
S214046610911004D8147100C0A01E00A0041080D8E5
S214046620067107B8537800F807B800C1CC1E00A05E
S21404663000C220C001B824122811777800F8B110DF
S2140466409478387106989C02E4B911591128067694
S21404665000B80C70A0B9115901290475A0B882605D
S21404666000C3C01F00A03413012B341000C3FFFF67
S21404667000FF42B13139114042A800A01DB0917804
S214046680FA7142B86478020C00BA29AA00C454808D
S21404669001B842B84DB900C3C04001B83413977B63
S2140466A0047240EC020C44785C7953AA0A0C281451
S2140466B042B84DB9FFB301DB2671244C00C3FF0F6B
S2140466C0FF0138145479407841785579020C5B7987
S2140466D05A79140C5F795E794A784278347002DB12
S2140466E01471527951795079020C5B795A795F7931
S2140466F05E791E7004DB1A7100C4FF07000000C335
S214046700342102B848133FBB467B020C5B795A79A6
S2140467103DBB407B4CBB447B457B00C3301F00A085
S2140467203414403C207100C068C000B848102813D8
S2140467301C4B1C48341448102813144B4448341477
S214046740481028134AAA4BAA04B86D781DB8517885
S2140467505CB84B784E7800A000C074C000B8041132
S214046760108800B9181068480411108801B90B6124
S21404677018102C4804111088008800C1231C00003F
S21404678018104AB864784BB86478260C28B000C150
S214046790FFFF0FF0113871B90B61114028A828B912
S2140467A07379747900C21010303045AA54790E0CEF
S2140467B000C0E84001B8041100C23030101045AAE9
S2140467C00E0C0410008810880698620D0091009044
S2140467D020888F618F600698620D0090886A214039
S2140467E00112906A035800C13F3F00001138FFBCF5
S2140467F0022441281138014245AA28B953794AB8D7
S21404680044784BB8447800900091181000912C48B6
S214046810181000916848181000A0916843609169A8
S2140468204361115B012B112841603128315B00BAAA
S214046830302806763128204A4163302806763128E7
S214046840104A4163302806763128084A41633028C6
S21404685006763128044A4163302806763128024AEF
S214046860416330280476014A00A0115910D90671F4
S2140468700860086008D90471086004D904710460CB
S21404688002D90471026001D90471016000A000BA43
S21404689001D806710148112A1F61016001D8F672F9
S2140468A00138F67200A000C220C001B824121159A3
S2140468B02129127300210E7100C238C001B82412B7
S2140468C00121212900A002B020D8147100C0B01EF6
S2140468D000A0041002B9457906987613EA7003B04E
S2140468E09F78087200B806A800F806983E0700C508
S2140468F0641F00A05088044D1CBC00C0B41E00A039
S214046900811101D91E71407C009501150C4D5088EB
S214046910044DFFBB1863315B04110698EE0D312954
S214046920F8750698681A54150698921B01D90872C9
S2140469300698580706700698F4071CBB547B0698FE
S2140469404E1701D8067202981A0FFFB901211038A3
S214046950F67281129B7AF07100C2448001B8241446
S21404696000C0C01E00A004100113002004104050F4
S2140469700C7200B90698280F18B90A7018B9069848
S214046980280F00B900B806981E0F704A08B8069873
S2140469901E0F00C2284000B814B806981E0F00C286
S2140469A0EC4001B80CB806981E0F202210B80698C2
S2140469B01E0F108830880698580700930091069892
S2140469C0280F00C0C41E00A00412FFB901212141F3
S2140469D01810009500F8312811280410081200A099
S2140469E004B831281128F8B1181000A006988008B9
S2140469F00E700698C40B06988008069872120698BD
S214046A0012079112211900C02C4001B80A7809789F
S214046A1000F810B901BA0698041406982A110698C4
S214046A20641700C5641F00A081109D78FC7200F8EE
S214046A30911203321CB900C3A01E00A0341300C474
S214046A40B04000541DB84278707903DE067144786D
S214046A503A707179A11020D806710298541080DB20
S214046A601C7102D8187205B80814A1101030024818
S214046A70081400B808149110086008141DB8627849
S214046A80A11000DC0676517900BA06984E1701D894
S214046A902272911120311D61911004D80E7200C12A
S214046AA0501F00A0141101D90A71208806985011AD
S214046AB0009200C1204000B801DB1871084C03DEC8
S214046AC00471904C441400C3FF1F0000413BFF2395
S214046AD03811944900C3384101B83413086380DB85
S214046AE00C7103BA186206983C100870186206986F
S214046AF03C100C490879097914102140081100A0AB
S214046B0000BD0698760210B903DC047100B901BA18
S214046B100698041402D9067100404E7203B1186137
S214046B200F3106987811FFD82872811008D818718A
S214046B3006DD0A710698760203DC0C720698BC1110
S214046B4006984A140C7006DD10710698C211487037
S214046B5020B804A806DD1072069880080698120766
S214046B6001F840B804A800F800C0A01E00A0041352
S214046B70086301DB227191100111186111381DB9E7
S214046B8010D8087144790298541002DBFA72A113E3
S214046B9028DBF47203BD06981E11069880081DBAF9
S214046BA07F7A0698F20400C5681F00A0069876024D
S214046BB000BA03DC1672044DA11002D804711C4DF1
S214046BC000C10CC101B80698AE045415212D0698D0
S214046BD03E050298AA089110015503355150011933
S214046BE000A000C14C1F00A0141001D84271014837
S214046BF00860FE200E75811020D8087100C1501F51
S214046C0000A0141101D9287100C02C4001B8041248
S214046C10215108610F3118611152281000C0084034
S214046C2001B804119112215120311152211900A0EA
S214046C30811380DB067201B800A000C314C001B83B
S214046C40341006302E726C4B34121C4B3410186001
S214046C5002302072811080D8DE713410014A086236
S214046C600460803021508C480A717F234D233410F1
S214046C70013000A000BD06981E111CB84778457860
S214046C80437802B8447800A0069880080698BC1199
S214046C9000C5741F00A0541506983E050298AA085D
S214046CA0B1138F7B0A7200C384C40350017B069819
S214046CB03E1400C1384101B814118F790E7100C119
S214046CC0B84000B800BA06983C1050BA06980E149D
S214046CD006987811FFD84A71911004D8487281102A
S214046CE008601CD8407220D938721112FF32215124
S214046CF0347180218021111400C0D81E00A0041312
S214046D00FFBA3151113A215111531DB938107B790C
S214046D1040440E7200B900C2AC1E00A018120670E1
S214046D2004B860780698381400F800B900C2A44085
S214046D3000541812644A0AB918121CBA507A517AC6
S214046D401DB942795F7900A00698760207DC1072B6
S214046D50911000200A75069872120298660F06981B
S214046D60120701B9911004D8047100B910BA069834
S214046D70041400BA0040347100C0A01E00A0041120
S214046D80086101D9127104D9E2728110086001D831
S214046D90DA711DB8647800C11CC101B80698AE0447
S214046DA001B81160002A047600BA00C5781F00A056
S214046DB05415212D069872120698580700C57C1F94
S214046DC000A000F800BC811108D9167280D9207280
S214046DD001B910BA0698041400400E7101BC107074
S214046DE00698BC1106984A1420B804A800F8069819
S214046DF0721281110231127100B900C2144000549B
S214046E001812244A02B918120698BC1100C5801F2D
S214046E1000A054150698F01A0298AA080411012135
S214046E2014711CBA737A0420041228110420041165
S214046E300121F47200A00698F20401F806984E1791
S214046E4001D81671FFB9012110380E7281109B7893
S214046E50087104B9677900F8911010D8287100C534
S214046E601CC101B854110698EE0D00C5C81E00A03A
S214046E7054155129EA7507B876781DB8447801B8D0
S214046E8004A800F8B110186010D82E7100C0504045
S214046E90005400C3084000B83114984C441134110F
S214046EA0086101D9FA714412281008622810086291
S214046EB0281008622810E8700298B0020698920219
S214046EC0113804721E6202BB00C1D81E00A0141141
S214046ED020390C72911210DA0672417B00A00698D3
S214046EE03E1400C2A01E00A0241220DA0472617BA5
S214046EF01CBA527A00A01CBA727A811204DAFC72A6
S214046F0000A01CB86B7800C0684000B82F7800A0BA
S214046F1006984E1701D83A7100C22C4001B82410C6
S214046F200360911120310151383111501D6008124F
S214046F301DB9457900C2448001B8241200C0C01EA1
S214046F4000A0041018200020041020500471657955
S214046F5010631EB9637900B902EC00CD114502EC4A
S214046F6000CC01DB087100BB0298D61803B84111A7
S214046F700731FA211C760621911210DA087102DD17
S214046F8010721E7020B80698B20D3038147208B805
S214046F9006987E0400C02C4000B82978207800F8B3
S214046FA0056020D8067102980C1602EC00CA05B8D3
S214046FB023DA187104DBDA7120DAD67110DAD272A9
S214046FC01EB8617800B801DA067202EC00C89111A6
S214046FD010D9267100C1B81E00A014111150FF303C
S214046FE00C720761A110115002300A7180DB0A721C
S214046FF00AB89E701DB97C79186091111140211150
S214047000C031114001191EB8411108D904716678BF
S21404701020D904726578A11002D80672C0DA1E71EF
S2140470201EB8273123DD087210DB1072607825DD68
S2140470300A7121DD087208DB0471627803B8411115
S21404704007310872A1152035AA7102DD2072A1113C
S21404705020D9A07102D91672CCDA9872411140D99F
S214047060927206B8054D5A720298AE142111404920
S214047070C0D94C71A03141154035026551410461B7
S214047080086308DA1E7204DA36721049A11502354E
S214047090067110DB0E7201340A7108DB22711EB809
S2140470A06778CC3211101A300ADC0872CCDE047110
S2140470B0FD3100C00D0F0C0D216001D85C7207B8BD
S2140470C00298D81400BA411108D90C7102EC00CA0F
S2140470D005B830DAEC720734F031036101DA047172
S2140470E0014900C0F300A3E3216001D8D27100C0B7
S2140470F09814406821604030014440DA0471204C02
S21404710004320262204A111006301F600142183110
S2140471101D6111420298F614204A00C00517085053
S2140471202160113001422088FFBB0DDA507100C186
S214047130DE1B250180BC04DA107208DA0A7200C16C
S21404714020841000E024A02408634143026401DA8A
S21404715006711E49024B00C0201F00A008633810A9
S214047160BC2002DA127101B91159A11380DB08712F
S21404717000C100FCFF0118100298621800C4A01E8B
S21404718000A0441080D87C710092D0DA06710DDA23
S2140471900C711EBD437DEFBD0698140304620DDA20
S2140471A08672A11105D95C7100C2404000542412B5
S2140471B01424281401D9067202D9327140D91E71DA
S2140471C002EC00CA211018320471FA2220D8047284
S2140471D00822FE22087502EC00C8F87001D90E7168
S2140471E002EC00C802D9067204DC187200C0A01EA5
S2140471F000A004101D6001D806711EB8647807B894
S21404720073780298D61800C0A01E00A00410803020
S2140472100A7100C0C41E00A0041000A006984E17F1
S21404722001D82E71911010D828728110A0D822721D
S21404723003B084781C7200C12C4001B814100DBA37
S214047240487A697A6B7A08111CB87B7807B875781F
S21404725000A0641000C6881F00A0C3B806987C026D
S21404726000C4441F00A014BA281400B8011AB110B0
S2140472708F780A7200C084C40350017891101030CD
S214047280011905BA06980E1402D9067101B804A8A5
S21404729000C0A01E00A004130698641180DB0671CB
S2140472A0029858141DBA7C7A01DB6A7100C2241F46
S2140472B000A024111114FF3402EC00C8FF24FA764F
S2140472C008610698C20D046111380F300461111468
S2140472D0011141100698C20D01D8087203B802982D
S2140472E0D8140C4A01DB2271241011281128041228
S2140472F002300471106200C0FFFF0000213800C293
S214047300204000B8FF200812411008600698C20DFD
S21404731001D87C7120BC1033767100BB00C1201FDD
S21404732000A01415C021112C511218620F320E71D0
S214047330408851140698FA1841430094511208657F
S2140473401C620F320E71411151140698FA181C640F
S21404735041430865513B00C1DC1E00A01411111204
S21404736031100F30127100BA056101D80471114250
S21404737001600FD8F472311003601E30047201B835
S214047380003A087204B80298D8140298C41600C0CA
S214047390384101B804118F7914717F2069200411D3
S2140473A00861303110DD06711DBA637A069812033F
S2140473B000F830885088FF34087102ECFF24F87017
S2140473C002EC00CD1410595001440421FF22F2723D
S2140473D00F4C0095009300A000C1A81E00A0141135
S2140473E000A030880698421B8111086102D90672F3
S2140473F00298061A1CBB557B086120D906710298B0
S214047400F6190088A110186006982019082114158A
S214047410FC251EBB5C7B5D7B00C1084001B81411D3
S2140474200731FE21307608D82A725113FC23341310
S21404743004DB20711863FF33315B00C110C000B851
S2140474401411086180490C71FF31302954751EBB34
S2140474507B7B10707B7B7C7B00DD04717D7B01BBBA
S2140474603815EC25541300DF5471042505DF5471D8
S2140474705415211120880698EE0D009251293E7568
S21404748000C1084001B8141102DB0C710731315BEE
S21404749031292A760C7004DF0872016180D91E72C5
S2140474A00698201900C010C000B80698861B0698D7
S2140474B020191411FFD9607202984C1A0090009398
S2140474C000A05415A111186110D9A672082508D871
S2140474D0A071082510D89A71208821110698EE0DFF
S2140474E0FC255412112AF82554110C2520D80871AD
S2140474F0F0255411102520290476215918150092D8
S2140475000298B81907B97179811010D80A711CB895
S214047510447802B841781CB9747904B9677900F8DC
S2140475208110A0D808711CB9497900A0086002D857
S214047530FA7106982019108806983E14106210DA1C
S214047540087108211415F025541100C20020FEFF0E
S214047550202912750698921B01D90A72069880088B
S2140475600698120700941CBB41100C20069864135E
S214047570411108211410069864133128441111127D
S2140475800861FF31FF32012210521072186118147C
S21404759004244413042438140C701861214118146C
S2140475A008240814029838144044147100C1AC1E10
S2140475B000A0141551131C630FDB0C721965069892
S2140475C00205411500A000C3784000B83413807B40
S2140475D006720698120706983E1408BB51140698BD
S2140475E0B01A4415FC25541500C3784000B834136B
S2140475F0807B047100A002983E051CB900C3A01E3F
S21404760000A03413086308DB1A718113A0DB06712B
S214047610497910706979086302DB087204B96779DE
S21404762000F800A08111086102D910711CB975799F
S214047630069820191411FF3100A0FFB900A0041009
S21404764008211411F421081100A0811110611031D1
S2140476500E710698201908211411F821141100A09F
S214047660B8780400000000009076040001000000D2
S2140476700000000000F04902B87804000000000092
S214047680B4760400010000000000000000F0490287
S214047690D87604004063598F404B4C000B000B0017
S2140476A01A00FF7FCC620020000000005A7B040012
S2140476B000000000C87704004063598F404B4C001C
S2140476C00B000B001A00FF7FCC62002000000000B5
S2140476D0587B040000000000FC1F0103B87A040075
S2140476E01CC0011000F807001CC00130140208007A
S2140476F050C00100874130042440060107006200A0
S2140477003870000000000000000000030068010F4D
S21404771040B8244058400101FC006900804005013F
S2140477202363E0119BC34A74F00300000380000047
S214047730BE0A0000E040010133000000F0400401EE
S214047740590B0000640483078813C83A90200A0083
S21404775028410101001E00003C410B0100148C006E
S214047760141A21282E343B42495043557698BA0CB5
S21404777028690000010000000721286414171A0075
S2140477802004C869A1203A093C42010129000000EE
S214047790A080020170780300D5C00000A880011103
S2140477A0F0010000A88001310542CB01AC80011134
S2140477B0F0010000AC80013105228D00B08001018B
S2140477C000030002FFFFFFFFFC1F0103087B040009
S2140477D01CC0011000F807001CC00130F5020800A8
S2140477E050C001008741300C2440060107C05200F7
S2140477F0000000000000000000000003000000007D
S21404780000000000584001016402FF0080400501AA
S2140478104B01A0089BC34A74F0030000000000005C
S21404782000000000E040010133000000F0400401C5
S21404783000000000640483078813C83A9C200A00EA
S21404784028410101031000003C410B010000000028
S214047850000000000000000000000000000000001F
S214047860000000000100000000000000000000000E
S21404787000000000000000003C420101000000007F
S214047880A080020170780300D5C00000A880011112
S214047890F0010000A88001310542CB01AC80011143
S2140478A0F0010000AC80013105228D00B08001019A
S2140478B000030002FFFFFFFF0C40020001801400DB
S2140478C07F4000002040020000000000000000008E
S2140478D03040070000000000000000000000000028
S2140478E0000000000000000000000000A0070000E8
S2140478F050400100000000005C4002000000000050
S21404790000000000A840010007000000B440040086
S21404791000400000FF4C000000410000FF4D000046
S21404792008C001000000000020C00110FF00000095
S21404793020C001300043000024C00400EC80B303E0
S2140479404375A802000000002E02000054C0030085
S2140479500E2D09E654060708D1B6020064C00800D6
S2140479600430000040201006C8F248181FE8F6004D
S214047970BD4B721511A3180510325476980A0000F0
S21404798088C0010000000000080001010407000090
S2140479901800010100000000200001010884000016
S2140479A01C4002011000000020F913045C4005018D
S2140479B04108000001000000B0070800A70000000E
S2140479C000000000944007010101103050707F7FD2
S2140479D0000000000000000000000000000000009E
S2140479E000000000E440010100000000EC4001013A
S2140479F07DA8D98B0041020100612000B7563512DC
S214047A000C410301F95412002030042988BB4000BD
S214047A102441010100000000304103016406660CA5
S214047A200C010000E853FA0068410301640483076C
S214047A3088138200000000003042030100000000AA
S214047A400000000E00000000444201010000000097
S214047A501080010103000000388002011149100063
S214047A600100000088800101000000009C800101E4
S214047A70EB400200B48001013700000188000202D6
S214047A80000C00044C0000009400010200040000F6
S214047A90D00002020E00000090029608E4000102E4
S214047AA03D094204F400010200000000180101022E
S214047AB060005102FFFFFFFF1200000066666600CA
S214047AC0000000006C7B04005C7B040000000000E7
S214047AD0001A9A00005A620280841E000420FE00E7
S214047AE011495002000000000000000000000000E1
S214047AF00000000000000000B1841E00000000002A
S214047B000000000000000000120000006666660028
S214047B10000000006C7B04005C7B0400000C00008A
S214047B20001A9A00005A620280841E000420000094
S214047B301149500200000000000000000000000090
S214047B400000000000000000B1841E0000000000D9
S214047B50000000000000000005040000E119000019
S214047B60E11900000000000000000000193F0106B3
S214047B70041001000001010600102700000900009F
S214047B80000000000000000085BB010035BB0100BA
S214047B9041BB010031BC0100F7450300914B0300D3
S214047BA0954B0300994B03009D4B0300A14B030028
S214047BB00001030464EE01001000000024E101004B
S214047BC01A00000079EB01001100000075E40100C2
S214047BD01100000063E511000400000023E1110019
S214047BE00400000025E101000800000026E1010071
S214047BF00A00000027E10100020000000000000067
S214047C0000000000657D04005F7D040000000000A5
S214047C10667D040023400400000000001D400400AC
S214047C201F40040000000000214004003D7D0400C5
S214047C306B7D0400244004001E4004000000000085
S214047C4022400400587C04001B4004001C4004002E
S214047C50204004001A400400000203040508090A30
S214047C600B0001020304051D2000B40108020200F3
S214047C70AA00FFFFFFFFFFFFFFFFFFFFFF680300F1
S214047C809D1802001944020069E102002947020017
S214047C906552030067520300695203006B520300E7
S214047CA029A80200C580020009C2020015DB0200F2
S214047CB0393502005F5203006583020061520300F7
S214047CC03D290200635203005F3B0300312E02008D
S214047CD0CF100300000000000013000000000000A6
S214047CE00000000001000000F1860200020000000F
S214047CF05D630300030000004986020004000000E0
S214047D00D762030005000000E985020000000000B9
S214047D10000000000023001B2200FF0000000000FB
S214047D200C090202000000001C1A0B0303FF0608DD
S214047D300402020204020A0B030302030480FF0285
S214047D4004FF010101010800000000000000005AC1
S214047D506967426565416C6C69616E63653039803C
S210047D60008F8E8C80808006080C10803B
S20C047D6C70CFFB7F010000004C
S210047D74807D0400C85E0020C4010000EE
S214047D800000000000000000FFFF000001000000EB
S214047D9000000000000000000000000000000000DA
S214047DA000000000000000000000000000000000CA
S214047DB000000000000000000000000000000000BA
S214047DC000000000000000000000000000000000AA
S214047DD0000000000000000000000000000000009A
S214047DE0000000000000000000000000000000008A
S214047DF0000000000000000000000000000000007A
S214047E000000000000000000000000000000000069
S214047E100000000000000000000000000000000059
S214047E200000000000000000000000000000000049
S214047E300000000000000000000000000000000039
S214047E400000000000000000000000000000000029
S214047E500000000000000000000000000000000019
S214047E600000000000000000000000000000000009
S214047E7000000000000000000000000000010000F8
S214047E800000F00108000000081000200100230193
S214047E90040000001010002006003001010000005D
S214047EA014100020FFFFFFFFC0EA2101C0EA2101F1
S214047EB00080000000F049020460002000600B000F
S214047EC00080000018300020C8000000FE000000FB
S214047ED0000000005C31040018100020FFFFFFFFC4
S214047EE00C35040033000000F9E100003300000004
S214047EF013150300CBAD0300CFAD0300DCAD0300C8
S214047F00E9AD0300F6AD030003AE030016AE0300AE
S214047F1028AE030035AE030042AE03004FAE0300A6
S214047F2064AE030077AE030089AE03009EAE030082
S214047F30ADAE0300BEAE0300CDAE0300DDAE03005F
S214047F40E9AE0300F6AE030006AF030018AF030065
S214047F5027AF030036AF03003FAF030054AF030060
S214047F6069AF03007EAF03009EAF0300ACAF03000F
S214047F70CBAF0300E6AF0300F9AF030006B003007F
S214047F801BB003002AB0030039B003004BB0030053
S214047F905DB0030070B0030083B0030099B0030023
S214047FA0000000000F000000D0B20300E7B2030098
S214047FB0FF000000000000000000000000000000B9
S214047FC000000000000000000000000000000000A8
S214047FD00030E70400C8180344BB030049BB030091
S214047FE076BB0300A1BB0300CFBB0300FDBB0300AD
S214047FF02CBC030059BC030089BC0300B9BC0300B5
S21404800009BD0300FFFFFFFF00F80300FFFFFFFFAB
S2140480100000040000000400005C260568610020DF
S214048020060000008C570400000000000100190040
S21404803001000000003C00200100190001000000BF
S214048040003C00200100190001000000003C002054
S2140480500100190001000000003C00200100190086
S21404806001000000003C002001001900010000008F
S214048070003C00200100190001000000003C002024
S2140480800100190001000000003C00200100190056
S21404809001000000003C002001001900010000005F
S2140480A0003C00200100190001000000003C0020F4
S2140480B00100190001000000003C00200C400020D4
S2140480C0000000000000000088400400284700204C
S2140480D01C620020E84900201B2F04000600000054
S2140480E0000000000000000000000000EC57040040
S2140480F004580400262F040050E60300FE00000087
S2140481004C62002000000000F8490020604A00206D
S214048110C84A002000000000000000000000000024
S2140481200000000000000000000000000000000046
S2140481300000000000000000000000000000000036
S2140481400000000000000000000000000000000026
S21404815089410300D8590400FFFFFFFFCD44030004
S214048160C9440300FFFFFFFFD1440300FFFFFFFFE6
S214048170B1E60100FFFFFFFFFFFFFFFFFFFFFFFF6A
S214048180FFFFFFFFFFFFFFFFFFFFFFFF00000000F2
S21404819020A1070000000000398203000000000050
S2140481A000000000000000000000000000000000C6
S2140481B0000000000000000000000000085000203E
S2140481C0AD0E02002128020050E603000000000065
S2140481D0000000000000000000000000085000201E
S2140481E0451502000000000050E6030000000000F1
S2140481F000000000000000000000000008500020FE
S2140482006D1F02002128020050E603000000000053
S214048210000000000000000000000000133004000E
S21404822008500020C53902000000000050E6030094
S2140482300000000000000000000000000000000035
S21404824008500020C94202000000000050E6030067
S2140482500000000000000000000000000000000015
S21404826008500020255302000000000050E60300DA
S21404827000000000000000000000000000000000F5
S214048280B80B00000850002005570200000000004C
S21404829050E603000000000000000000000000009C
S2140482A00000000008500020E55F02000000000007
S2140482B050E603000000000000000000000000007C
S2140482C00000000008500020556102000000000075
S2140482D050E603000000000000000000000000005C
S2140482E00000000008500020995803000000000019
S2140482F050E603000000000000000000000000003C
S21404830000000000085000209D64020000000000E9
S21404831050E603000000000000000000000000001B
S2140483200000000008500020416902000000000020
S21404833050E60300000000000000000000000000FB
S21404834000000000085000206165030000000000E3
S21404835050E60300000000000000000000000000DB
S2140483600000000008500020B9C102000000000010
S21404837050E60300000000000000000000000000BB
S21404838000000000A96A03000850002085DB0200F4
S2140483902128020050E60300000000000000000050
S2140483A0000000000000000008500020F5E1020074
S2140483B00000000050E6030000000000000000007B
S2140483C00000000000000000FFFFCEFAEFBEFFFF33
S2140483D0FDFFFDFF0C002C01001E2C014006800052
S2140483E0FFFF04F8FFFF0C00000000000000400040
S2140483F0FDFF2C019C000000FFFFFDFFFFFFFFFFB9
S21404840060EA8000800010C1CDAB013201FFFFFF9F
S214048410FFFFFFFFFFFFFFFFFFFFFFFFFFFFFFFF63
S214048420FFFFFFFFFFFFFFFFFFFFFFFFFF01FF054B
S214048430FFFFFF0101FFFF0201FFFF640250FF0F71
S2140484400208031E050216010A0C05200705100182
S214048450010F080101010104FF030101FF0C01FFE4
S214048460405AB47F0150403000FFFFFF0B03FF0566
S2140484700B01030105020201FFFFFFFFFFFFFFFFE1
S214048480010102FFFFFF0100BD4C0000954C0000F7
S80400702566
