S01B00006275696C642F72656C656173652F7A69676265652E73333714
S2140040000810002029700000B5B20000B338030085
S214004010B3380300BDB20000C5B20000B3380300D9
S214004020B3380300B3380300B3380300B3380300D3
S214004030C9B20000307C0400B3380300B338030074
S214004040B3380300B3380300B3380300416B0000F5
S214004050B3380300B3380300B3380300B3380300A3
S214004060B3380300B3380300C9B70000B338030001
S214004070B3380300B3380300B3380300B338030083
S214004080B3380300B3380300B3380300B338030073
S214004090B3380300B3380300B3380300B338030063
S2140040A0B3380300F1730000D5730000B338030083
S2140040B0B3380300B3380300B3380300190702000F
S2140040C0739303006F9303007DFE01008993030042
S2140040D077930300D90602007B9303000DEB0100E3
S2140040E059070200B3380300B3380300B33803009F
S2140040F0B3380300B3380300B3380300B338030003
S214004100B3380300B3380300B3380300B3380300F2
S214004110B3380300B3380300B3380300B3380300E2
S214004120B3380300B3380300B3380300B3380300D2
S208004130B338030098
S214004134F0B5114A114C124E00F00105E3695F0711
S21400414413D40DB9334213D103EA00078F4207D1C3
S2140041540B4A1A40002A14BF6FF001000020F0BD7D
S214004164013AEBD16FF00200F9E74FF0FF30F6E7C3
S2140041746FF00100F3E700BF80969800000003503C
S214004184020001000B4B70B5D96911F480310DD1D2
S21400419401244FF48072084E084DF46020462C64C7
S2140041A41A61FFF7C5FF3464EC6070BD6FF0010060
S2140041B4FBE700BF0000035000100350002003502C
S2140041C438B541F6713301220C4C0021E569E363EE
S2140041D40B4B05F48035DA600223606121202361ED
S2140041E4FFF7A6FF10B92120FFF7A2FF0122054B17
S2140041F4DA600DB10023E36338BD00BF000003504E
S214004204001003500020035070B5134C6061E3693E
S2140042145B071ED40E4656F8043B8D18A361AE42C7
S2140042240BD10423002121202361FFF781FF58B915
S214004234BDE870402120FFF77BBF08210846FFF742
S21400424477FF10B10423236170BD56F8043BA361C5
S214004254E5E74FF0FF30F7E7000003502DE9F84399
S214004264154641F67132164B8946DF69DA63012238
S214004274064603F58053DFF8508007F48037DA608B
S21400428455B9284601220F4BDA601FB10022A3F568
S2140042940053DA63BDE8F88306F5005404EA08041C
S2140042A4A41BAC4228BF2C46494622463046FFF79C
S2140042B4ABFF0028E6D12644A1442D1BE0E700BF4F
S2100042C4000003500020035000E0FFFF45
S2140042D02DE9F04F4FF0FD0BC9B09A460DF11B09C2
S2140042E09DF8503108AFCDF80C90CDF808B0019786
S2140042F0059303890446009383790E4690464188C9
S2140043008288407810F026FF054650B10090A388BA
S214004310002062883A4911F061FA284649B0BDE8A3
S214004320F08F99F8000032F040FB38B12846A38899
S2140043306288344911F052FA8D25EEE75A4639461E
S21400434099F8000032F0D9FA8346002851D0529BE3
S2140043501BB1BDF84C3198424BD8002399F8009019
S2140043600793A9F14102012A5FFA8BF123D8384658
S2140043700139254ADFF898C05FFA81FE734513DBE2
S214004380059B04210792C3B907AF18221F489FED6B
S2140043901A7B02FB060420460A460830394684ED9E
S2140043A0027B15F071FF11E010F8011F0133514038
S2140043B00CFB01F2E2E7059B33B123464A4638463A
S2140043C000960EF0EFFDA8E70829DED9B8F1000F39
S2140043D001D088F80090BAF1000F01D0AAF800B01A
S2140043E0529B002B99D05A46184608A915F04CFF48
S2140043F093E7012591E700BF0000000000000000E1
S214004400EC25040021260400C59D1C818010002098
S21400441093010001000000002DE9F04F93B0CDE9B4
S2140044200A32DDE91C530E9353EC102BCDE908013C
S214004430104619468DED060B1E9E15F0AFF980B19D
S214004440DDE906014FF0FF32C54B15F0CFF940B954
S214004450DDE906014FF0FF326FF4801315F0A8F97E
S21400446070B1DDE908019DED060B0E9B1E96CDE9A9
S2140044701C53DDE90A3213B0BDE8F04F00F088B9EE
S2140044800022DDE90601002315F092F9002800F06D
S2140044903381DDE906A303F1004BCBF30A5016F493
S2140044A08063A0F2FF3008BF06250F9314F0A4FE29
S2140044B09BA3D3E9002314F009FF9BA3D3E90023B1
S2140044C014F04EFDCBF31304894644F07F5180462A
S2140044D00022A44B504641F4401114F03FFD94A333
S2140044E0D3E9002314F0F2FE02460B464046494646
S2140044F014F036FD15F084F9044614F07DFE8EA304
S214004500D3E900238046894614F0E0FE0022964B4D
S21400451014F026FD15F074F989A3D3E900230746A5
S2140045204946404614F0D2FE80463846894614F086
S21400453063FE85A3D3E9002314F0C8FE02460B46AB
S2140045404046494614F00AFD02460B46CDE90C23C8
S21400455014F0BCFEDDE90C23804689461046194659
S21400456014F0FEFC0022CDE91001804B404649467F
S21400457014F0D6FF00227E4B14F0F2FC02460B46E7
S2140045804046494614F0CCFF00227A4B14F0E8FC73
S21400459002460B464046494614F0C2FFDDE90C23AE
S2140045A08046894600204FF0804114F0D7FC024632
S2140045B00B464046494614F0D3FC02460B46DDE95E
S2140045C0100114F0ADFF07F2FF3700226A4B14F01B
S2140045D0C7FC00223B0514F079FE52465B46804637
S2140045E0894615F003F9002840F08980CDE90C894A
S2140045F004F16303C62B8CBF0527042731051BD5A2
S21400460053A3D3E900235046594615F0E5F8002891
S2140046107FD051A3D3E900235046594615F0C8F879
S214004620002876D00027A542C6BF2C1B04F1FF3514
S21400463000253C4646F480660E9B9F422CBF4FF0FA
S2140046400008A3EB070816F0020903D0002F18BFD6
S2140046504FF000083CB1DDE90C235046594614F0F3
S2140046605FFF82468B46DDE906010022002315F037
S2140046709FF810B10BF100439B46DDE9080126F4D4
S2140046800063CDE90183DDE90A324BEC10AB0095FF
S21400469000F07EF802465FB3DDE9091316F0200F3E
S2140046A000F10105089E0CBF65204520B047DDE9F6
S2140046B008010523002205930A23002CCDE90232C7
S2140046C007F1FF374FEAD473B8BF64422A46019316
S2140046D004970A9B009433F0C4FF0246B9F1000F1A
S2140046E006D00B9BC41A0B9B1A190E9BA34245D8E7
S2140046F0104613B0BDE8F08FDDE906ABCDE600222C
S214004700404649461A4B14F00BFF013CCDE90C011C
S2140047106EE7002D90D00F9B002B8DD0013D8BE7D0
S214004720FB799F501344D33FB3C8608B288AC63F9B
S21400473061436F63A787D23F71A379094F930A40FD
S2140047401655B5BBB16B0240EF39FAFE422EE63F76
S2140047502D431CEBE2361A3F0000000080842E41F9
S214004760FFFFEF7F0000F83F0000E03F00002C4016
S21400477000002440000018400000F03F2020DDE943
S2140047800913089DA8470134ADE700BF00000000EC
S2140047902DE9F04F5BEC10AB97B0CDE90501DDE9F4
S2140047A02058CDE90723504652465B465946229F7D
S2140047B014F0F4FF70B90323CDE902870193AA4BE6
S2140047C00093DDE90501DDE9072333F07CFE17B031
S2140047D0BDE8F08F4FF0FF326FF480135046594615
S2140047E014F0E6FF28B10423CDE9028701939F4B1E
S2140047F0E6E74FF0FF32504659469D4B14F0F6FF61
S21400480068B19C4A07F00403002B08BF03229A4BAA
S2140048101CBF13460422CDE902870192D0E750461A
S2140048208DA3D3E90023594614F0E0FF38B98CA3D2
S214004830D3E900235046594614F0BAFF68B1DDE9C3
S2140048400723DDE905014BEC10ABCDE92187209568
S21400485017B0BDE8F04FFFF7DFBD0022002350463B
S214004860594614F0A5FF002800F091805B4652469A
S2140048700020002114F072FB012382468B46099328
S21400488017F4806400F08580092D40F285800024AE
S21400489030210EABA5F109020134202C03F8011BD0
S2140048A0A5EB040901D09442F6D15946504614F0BF
S2140048B0A7FF724B054603EBC90393ED007B8DED16
S2140048C00A7B14F099FC02460B465046594614F0F3
S2140048D045FBDDE90A2314F0F9FC02460B46CDE958
S2140048E00C2314F0B5FF064614F076FC02460B4681
S2140048F0DDE90C0114F032FB02460B46CDE90C2331
S21400490000225F4B14F072FF002848D00136304674
S21400491014F062FC02460B46DDE90A0114F052FF71
S21400492008B100260135B9F1000F45D1284614F02C
S21400493063FC02460B465046594614F00FFB002215
S2140049404F4B14F035FF10B9E90700D501350A21A1
S2140049500EAB1A19202C0AD095FBF1F001FB10556E
S214004960303502F8015B013405460028F2D107F025
S2140049700302012A55D1B8F1000F52D0099A12B994
S21400498017F00C0F01D008F1FF38302240E00990F4
S21400499076E74FF0060988E7A946002485E7002257
S2140049A0DDE90C01364B14F003FF0028BBD10EB135
S2140049B0F007B8D50136B6E70A210EAB1A19202C37
S2140049C00DD0B6FBF1F001FB1063092E03F13003A6
S2140049D009F1FF3904F1010402F8013B11D8302136
S2140049E0A1440EAA202CB2D04C4504F101030AD1F2
S2140049F004F158020DEB02042E2204F8202C1C466B
S214004A00A5E70646DBE7A1541C46EBE71A5501343A
S214004A10444506D2202CF9D1CDE9028701940EAB8D
S214004A20CEE6202CF8D0099B3BB12D2204F158038A
S214004A306B4403F8202C0134EEE77A0704D504F122
S214004A4058032B226B44F4E73B07E5D504F15803E3
S214004A5020226B44EDE700BF0000000065CDCD418D
S214004A600000000065CDCDC1DB430400DF43040039
S214004A70FFFFEF7FD2430400D7430400688B040097
S214004A800000E03F0000000070B58EB02C22002130
S214004A9003A815F069FA64234FF002320893CDE9B3
S214004AA005230B2301218DF834305B4B8DF8101055
S214004AB01D880D4040F0A980084638F091F80A227B
S214004AC0564B574C1A704FF42873ADF812304FF00F
S214004AD0FF332360534B54491B8820460B82534BAD
S214004AE0534A1B68CD828B61524B0D621B884B82EA
S214004AF0514B1B68CB611BF0A5FE20B14FF41B7118
S214004B004E4839F0ABF90521206833F093FF20B109
S214004B1040F27D21494839F0A1F9206814F0DAF90D
S214004B20474B2068196834F048F80C2538F0C0FC6C
S214004B306843099038F0BCFC68430DEB050107900C
S214004B40206816F0D3F820B140F295213B4839F0A2
S214004B5085F925681EF020FA00220146284634F022
S214004B60A4F820B140F29721344839F077F940F2A2
S214004B700353344D344E2B80052396F90000AB705A
S214004B807F2801D11BF054FF3378EB7038F090FC8F
S214004B9000EB80008000A88038F08AFC0023C0006C
S214004BA04FF0FF31E880AB604FF0FF3018A3D3E939
S214004BB0002338F067F92549206834F02FF820687C
S214004BC002A934F04BFC20B14FF434711B4839F085
S214004BD045F9042220680DEB020133F0C3FF0428D8
S214004BE004D040F2D721154839F038F901A9012040
S214004BF033F0CEFB06F0A2FB01201CF0ABFB2FF03F
S214004C00B4FB1CF0D1FB1BF0ABFE0EB070BD00BFBA
S214004C100A0020FF42030000F2570020435F0020F6
S214004C20245000209AA40400F0650020A0A40400EC
S214004C3009CC030098A404009CA404000A7B04008A
S214004C404063002018500020036900207DCC03003C
S214004C500348044B834202D0034B03B11847704706
S214004C60386900203869002000000000064B07491C
S214004C70C91A891048BF0131491003D0044B0BB143
S214004C8001481847704700BF38690020386900207F
S214004C900000000010B5064C237843B9FFF7D8FF94
S214004CA0044B13B10448AFF300800123237010BDFA
S214004CB0681600200000000040C8040008B5044B39
S214004CC01BB104490448AFF30080BDE80840CDE7B7
S214004CD0000000006C16002040C80400A3F5803ACF
S214004CE0704700BF154B002B08BF114B9D46FFF7C2
S214004CF0F5FF00218B460F461148124A121A15F08E
S214004D0033F90C4B002B00D098470B4B002B00D0F0
S214004D1098470020002104000D000B4815F06AFC9F
S214004D2015F0FAF8200029002EF0C5FB15F050FC0F
S214004D30000008000000000000000000081000202E
S214004D4008100020A85F00205DA6010007B501211D
S214004D5020200DF1070200F077FE50B1012120203F
S214004D600DF107028DF8071000F07EFE03B05DF827
S214004D7004FB9DF807100129F8D00122084813F01B
S214004D80E1FF01210DF1070220208DF8071000F049
S214004D906BFE2EF014FB4FF4FA6000F065FDE5E7BD
S214004DA0A8E2030038B500F0C7FF012805D000F0E0
S214004DB0C3FF022801D000F0D7FF064D2B783BB981
S214004DC000F0BAFF0128044602D12EF06BFB2C70CF
S214004DD038BD00BFDE58002070B50C46088800F0CD
S214004DE0AFFD94F844300546834214D004F11C0607
S214004DF030462EF0F3FA84F844502EF0F3FA3221BF
S214004E00A06430462EF0E5FA94F844100248BDE857
S214004E10704013F097BF70BDD0E2030010B5044693
S214004E20008800F08DFDA37884F84400834202BF1A
S214004E300123E3702371074B04F11C00C4E9073417
S214004E4000F058FE224620880349BDE8104000F0D6
S214004E508FBD00BFDB310300D94D000070B5C378AD
S214004E6004460D461646002B32D1C1B11F4813F03A
S214004E7069FFE36CA6600BB1E06D9847E368F61A2D
S214004E8063699E4221D2217E19480131C9B221763A
S214004E9013F058FFA36D13B1217EE06D9847E570BF
S214004EA02EF0A0FA0DB32379FBB9A268238A801AE4
S214004EB083421AD201230F48237113F043FF236D58
S214004EC09BB1E06DBDE87040184701232376E6E706
S214004ED00029E4D1084813F035FF636DE6602571BC
S214004EE0002BDCD0E06D9847D9E770BDEDE20300FB
S214004EF0FEE203002CE3030019E30300F8B51E46A8
S214004F00838804460D4617460BB18680F8BD817827
S214004F1000882EF083F90123E370084BE580278193
S214004F20A680C4E903340C34204600F0E3FD29468D
S214004F302046BDE8F8402EF04CBA00BF27320300EA
S214004F400122014B1A707047A468002010B5017941
S214004F500446B1FA81F1008849092EF0D6F9217984
S214004F606088B1FA81F149092EF0CFF9034B1A682F
S214004F70A24204BF00221A6010BD00BFAC1600207B
S214004F80F8B54379044613B30088164F04F10805B4
S214004F903B6813B1144B1B78DBB1144E3378C3B1A6
S214004FA021792EF0B2F9124B3221A36028463C60DC
S214004FB02EF00FFA0C4B1B789BB94FF4FA710D4884
S214004FC033700D4B0360BDE8F8402EF002BA4088FF
S214004FD0DBE70A4813F0B6FE094B32212846A360E9
S214004FE0F1E7F8BDAC160020E0580020A4680020C9
S214004FF04D4F000084160020414F000042E303009E
S214005000814F000038B5104D04462B7823B90F4861
S21400501000F070FD01232B7004F10800E46000F03E
S21400502069FD21792088B1FA81F149092EF06DF9E0
S214005030A37943B121796088B1FA81F1BDE838409F
S21400504049092EF062B938BDDF58002084160020CA
S21400505010B50446E0B10F4813F074FE01236371E7
S214005060A37953B9217920882EF04FF9236B7BB1B1
S214005070606B0121BDE8104018472046FFF766FF29
S21400508004F108002EF0AAF92046FFF779FFEDE7B5
S21400509010BD00BF78E3030010B50446F8B1104811
S2140050A013F050FE00236371A3796BB92179208831
S2140050B0B1FA81F149092EF028F9236B7BB1606BB8
S2140050C00021BDE8104018472046FFF73FFF04F1D7
S2140050D008002EF083F92046FFF752FFEDE710BDDB
S2140050E083E3030010B5044668B1074813F02AFEB0
S2140050F0637920461BB1BDE81040FFF7CDBFBDE881
S2140051001040FFF7A5BF10BD8FE3030010B50E4C8F
S2140051100E48214613F016FE82210D4813F012FEAB
S21400512082210220A21E00F09FFC014630B134F816
S214005130022C0848BDE8104013F004BE0648BDE83F
S214005140104013F0FFBD00BF765100209EE3030021
S214005150B9E30300C4E3030008E4030038B5104CC9
S21400516082212246022000F06FFCA51C014678B181
S21400517022880C4813F0E6FD2A460B4B03F1340157
S21400518053F8040B8B4242F8040BF9D133232380E7
S21400519035F8021C054A0648BDE8384013F0D2BD73
S2140051A07451002013E4030093E4030076510020BA
S2140051B071E4030010B504460146084813F0C2FD2A
S2140051C0012C074805D12EF086F8BDE8104001F006
S2140051D02BB8BDE810402EF080B800BFC7E403002F
S2140051E0CC62002070B50024184D194E3378A342C7
S2140051F017DC0024174D184E3378A34217DC002422
S214005200164D174E3378A34217DC00F095FD0128A3
S214005210144818D12EF05FF8BDE87040124800F030
S2140052209DBD2846FFF7FAFD01346035DEE72846C7
S2140052302EF037F801343435DEE72846FFF7E2FE75
S21400524001343835DEE72EF048F8E5E7C41F0020C5
S214005250E5580020A4210020E6580020941D0020D8
S214005260E4580020CC620020B55100002DE9F04F34
S21400527085B0FFF773FFBA4B03A803932EF055F8DB
S214005280054614F06DFDB74CC2B21F2A627004D9F1
S214005290B54813F057FD00F0DBFA2946A01C14F0C1
S2140052A0F3FF03A82EF041F8054614F059FDC2B2EC
S2140052B01F2A84F8212001D9AC48EAE7294604F1E0
S2140052C0220014F0E1FF03A82EF02FF80025044674
S2140052D02678002E6FD1DFF8D092DFF8D0A2DFF864
S2140052E0A882FFF77FFF99F800309AF8002098F818
S2140052F000109F4813F026FD9AF8003098F80050EA
S2140053009C4F1D4499F800303C461D44EDB2012DDB
S21400531038BF01253B464FF482714FF6FF720136C7
S214005320B5421E7059809A8003F10C03F7DC924B4D
S21400533090498C48A36000F0C5FDE079A26800EBB8
S214005340400002EB800000F0C9FBE2798A4B013294
S214005350E27100261C46DFF834B298F80030B342FB
S21400536000F3DB8100274FF00C0B844A814E9AF83D
S214005370000098F80010B84200F3E08100274FF0D4
S214005380700808440BFB0066DFF824A299F800308A
S214005390BB4200F3EF812946764800F00DFC039BE4
S2140053A06F491A468B4240F0F481754805B0BDE857
S2140053B0F04F13F0C7BC532E0FD163784C2B40F040
S2140053C0F980A378502B40F0F58001226D4B1A70BF
S2140053D003A82DF0AAFF04467AE729D8412EF7D96C
S2140053E0423E102EF4D801A353F826F05D54000078
S2140053F08D560000D1530000D1530000D153000059
S214005400D1530000D1530000E3540000D1530000F4
S214005410D15300009954000043540000D1530000BB
S214005420D1530000D1530000D15300002156000094
S214005430692ECDD1601C2DF085FF80B22DF0BBFF0C
S214005440C6E7514B012019780023504A994202F1D1
S214005450A402BDDD02F8A20C0133F7E7601C00F0E1
S214005460DBFA0646E01C2DF08FFF0121024630468F
S21400547000F020FA60224648464C03785A43A118AA
S214005480A6524FF4FA620A824FF448724A61424AC0
S2140054900A65013303709BE7601C00F0BDFA00222A
S2140054A0342780463D4E114600F004FA30783C4DD5
S2140054B007FB00F325F80380EA18E3781046693BFB
S2140054C018BF012393702DF0ECFE3378354A03FBAA
S2140054D00755002115600125516015742B44337063
S2140054E076E7601C00F098FA00221146804600F02D
S2140054F0E1F93422294E2A4F307802FB00F327F8D0
S2140055000380F918E3780846693B18BF01238B70BF
S2140055102DF0C7FE194A00231146906BB0B901EB77
S21400552083113423327802FB03738B635DB91D4A03
S2140055302B46114652F8040B70B93422307800FB23
S214005540027241F8232033780133C8E70133042B75
S21400555002F14002E1D1E9E70133042BEAD1F2E798
S21400556076510020EC610020E6E40300FDE4030031
S2140055700DE50300B016002028170020F8190020BB
S2140055804AE50300E0580020E3580020F81A0020FF
S214005590E5580020C41F002015330300E6580020FD
S2140055A0A4210020CC620020E1580020E258002010
S2140055B0A8180020601C00F02FFA0746E01C2DF00B
S2140055C0E3FE01210246384600F074F96023754E6A
S2140055D0754C3278A4205343E118E7524FF44873D1
S2140055E0724F0B824B613B78DFF8E0C158430CEBFF
S2140055F000010CF800304FF400704880032008715A
S214005600887102EB420004EB401432200133DBB217
S21400561001324B718C6081F8A00032703B70D7E687
S214005620601C00F0F9F900224FF038088146604F00
S214005630114600F03FF93B785E4E08FB03F326F870
S21400564003904FF00109F21882F80490E3786BB1EA
S214005650E01C00F0E1F900220446114600F02AF9A9
S2140056603B7808FB03635C8083F806905248534AF5
S214005670037899015354397802EB8314C1EBC102C5
S21400568006EBC20262634A1C3A7002E7601C00F036
S214005690C3F90746E01C00F0BFF900220646114693
S2140056A0384600F007F9002238241146304600F04C
S2140056B001F93F483F4A03784FF0010E04FB03FC14
S2140056C002EB0C0122F80C704FF0000C81F804E09D
S2140056D081F806C003EB0E01C9B24C4317191653E6
S2140056E09C1C04707024364E87F806C0307887F805
S2140056F004E04443334FC3EBC303C1EBC10107EBE4
S214005700040C02EBC303385502EBC1027044CCF81C
S2140057100430CCF8082030705AE636B117F8053C4D
S21400572003EB430304EB8304BC603946584600F0A1
S214005730F9FF01360BF1A40B0C370EE63944481E70
S2140057400BFB00600BFB0161C079019200EB40008F
S21400575004EB800410468C6000F0F6FD98F800100C
S214005760194839440BFB016100F044FD019A0137EA
S2140057704032FCE516F8053C314603EB430304EBE8
S214005780830408FB07A0B46000F0BAFC01370C36AF
S214005790FCE513F8011D00297FF402AE3B2102F858
S2140057A0011CFDE5E5580020C41F0020E35800203A
S2140057B0E4580020941D0020E2580020F81900202C
S2140057C0E1580020A8180020881D0020F81A0020A4
S2140057D007B5022101200DF1060200F035F938B9AF
S2140057E0044813F0AFFABDF8060003B05DF804FBFA
S2140057F00020FAE767E5030007B50221ADF80600CA
S2140058000DF10602012000F02FF9014610B1034801
S21400581013F098FA03B05DF804FB00BF88E50300B8
S21400582010B5FFF7D5FF04460146074813F08AFA7D
S2140058300121064813F086FA24B9BDE8104001207D
S214005840FFF7DABF10BD00BFB8E50300CAE50300E6
S21400585008B5044813F076FA00F016F92DF0AFFDFF
S2140058602DF0AAFDE0E5030038B50446084D094BC7
S21400587028462B6000F03EF9002C18BF214628462B
S214005880BDE8384008BF4FF496712DF0A2BD00BFAA
S214005890A82200206333030010B5044C237823B9F4
S2140058A0034838F087FA0123237010BDE85800201B
S2140058B08C7E040073B506460D461446FFF7ECFFD3
S2140058C00E4A330AD35C8DF805608DF804307DB13E
S2140058D0012C04D0032C09D00022012101E022462D
S2140058E0022101A801F058FC02B070BD0022F7E7C3
S2140058F004212A460DEB0100F4E700BF0F7C0400EC
S21400590007B5064A030AD35C8DF8050001A88DF892
S214005910043001F075FC03B05DF804FB0F7C040056
S21400592007B5064A030AD35C8DF8050001A88DF872
S214005930043001F091FC03B05DF804FB0F7C04001A
S21400594007B50A4A030AD35C8DF805008DF80430C3
S21400595000230DF1030101A88DF8033001F0A8FC27
S2140059609DF8030003B05DF804FB00BF0F7C040045
S2140059702DE9F043214C85B0064688469146FFF750
S2140059808BFF23781BB901F0EBFB012323701C4A25
S214005990330AD35C30228DF80C300023194F8DF873
S2140059A00D6002FB03F4395DE51901BB01233B558D
S2140059B04FF0FF3304F1100013493844AB606E809B
S2140059C0C5F80480C5F80C9008F0D8FB04F108016F
S2140059D0042239440D4B009503A801F097FCA968F2
S2140059E002460B4813F0AEF905B0BDE8F08301336C
S2140059F0102BD6D1074813F0A5F9F5E7E758002095
S214005A000F7C0400D0220020693303007B330300A0
S214005A10EDE503001BE6030080B10278A2F1410326
S214005A20032B0BD840783038C0B2082806D8054B70
S214005A30134413F8413C40EA032070474FF6FF70CA
S214005A40704700BF0F7C040008B50B4642B1014604
S214005A500448006802F09EFDBDE808402DF0A5BC95
S214005A60022008BD3863002008B50B4642B1014647
S214005A700448006802F016FFBDE808402DF095BC0B
S214005A80022008BD38630020F0B50026124F8DB006
S214005A90FF2300930A223346386802A92EF01AFA2A
S214005AA0C0B102AB1D4603EB800404E055F8043B8E
S214005AB0B34228BF5E1CAC423868E9D9296803F0B7
S214005AC077F80028F2D02D28F0D00DB0BDE8F040D1
S214005AD02DF06BBC0DB0F0BD3863002028B1034B31
S214005AE00360034B43600023836070471900000384
S214005AF0E0620020FF2307B50021044A0093083027
S214005B0008F0C0FA03B05DF804FB00BFCD33030015
S214005B100B460449024608680349097808B12DF087
S214005B2068BC7047D8250020EA580020F8B50C4617
S214005B3018B122210E4838F091F9246823685E795E
S214005B405F8830463946FFF7E3FF08B98120F8BD85
S214005B508568002DFAD0A368E27C39463046A8470F
S214005B6004460028F2D131F08CFC2046EFE700BF57
S214005B7043E60300F8B515460D4A044610680D4A7C
S214005B800B46117850B122462DF033FC034628B15F
S214005B9000210C27C678B14201DB0020F8BD07FBC8
S214005BA001F45A681019125BAA42F7D00131F2E7E5
S214005BB0D8250020EA5800202DE9F74F04460D4668
S214005BC00026454B454F1860454B197033010021A0
S214005BD0F85C01360FF0ACF80C2EF7D10C2D28BF70
S214005BE00C254FF0000901953C4EDFF800A13D4D15
S214005BF0DFF8FC80019B4B4502DC03B0BDE8F08F6C
S214005C0023784FF0000B337063887380A388B380CB
S214005C10A379C6F80880B371E379C8F8005088F80D
S214005C2004304FF00003A768A8F80630E3795B4518
S214005C300ADC012116F8100B0FF07AF808F10808B4
S214005C4009F101090C34D5E74FF0000338886B8161
S214005C502880FB784FF0000C2B81BA78C5F804A09A
S214005C60002A00920CBF802240222A7379680AF12B
S214005C700C02634513DC03EB43030AEB830ABB68A1
S214005C8043B1009A4FF6FF71B2FA82F2164B5209F0
S214005C9031F087FB14350BF1010B0C37C6E7B1F872
S214005CA000E00CF1010C22F80CEC91F802E00C324A
S214005CB002F816EC91F804E00C3102F815EC11F835
S214005CC009ECBEF1010F14BF4FF0100E4FF0110E8D
S214005CD002F814ECCDE700BFD8250020783C002061
S214005CE0EA580020DC2B00202D5B0000DC2500207D
S214005CF05C2E0020014B1860704700BFD4250020A2
S214005D0070B5128805460E46FFF734FF044670B19C
S214005D1002790499806814F079F9064B1B680BB970
S214005D20002070BD3146284622889847F8E786202E
S214005D30F7E700BFD425002008B50EF095F8022836
S214005D4006D0012806D0044B18784000C0B208BD23
S214005D500120FCE70220FAE7E9580020014B186012
S214005D60704700BFD0250020034B1A781AB90122CD
S214005D701A700AF07FB87047E95800200022064BD8
S214005D8010B51A70054B1C682CB1FFF7D5FF2346DB
S214005D90BDE81040184710BDE9580020D025002067
S214005DA037B50446002832D00EF05EF8022830D10F
S214005DB0608931F0E3FEE079237A003818BF0120CD
S214005DC0012B637A08BF40F008000BB140F01000CA
S214005DD063890BB140F00400257CA188A2790DB13F
S214005DE0E36873B90C4B0FF07FFB217808460FF081
S214005DF0F7FB31F0CDF9002814BF0320002003B0D4
S214005E0030BDCDE90035054B0FF06EFBEDE7022007
S214005E10F5E70120F3E700BF05330400080204009D
S214005E2008B50CF085F9014630B1044812F08AFF37
S214005E30BDE808400CF020BD08BD00BFB5E6030075
S214005E40034B044A5B7C012103201370FFF70CBE52
S214005E50CC620020EB58002010B50446FFF7F0FF98
S214005E60B4F57F4F0BD100240A4B1A8813449C705C
S214005E70FFF74CF92046BDE81040FFF7F5BC4FF69B
S214005E8001739C4204D1BDE8104003482DF00BBAC4
S214005E9010BD00BF74510020CC62002010B5074C26
S214005EA0012122460320FFF7CFFD28B92378044AB4
S214005EB0003B18BF0123537410BD00BFEB580020F1
S214005EC0CC6200200822F8B54C4B32241A703022DF
S214005ED09A705A7135229A713122DA7139225C70C1
S214005EE0DC7036241A724FF400121C71444C426463
S214005EF0C464444C01220465434C85188465434CB5
S214005F00C567C465424C434D4466434CC0F8805058
S214005F108466424C80F848200467414C80F8542040
S214005F204467202480F8784080F8844000F12104FB
S214005F30C0F888403B4C80F86020C0F88C403A4C53
S214005F4080F86C20C0F89440384C80F89020C0F858
S214005F50984080F89C20364CC0F8B830354BC0F8D6
S214005F60A440C0F8BC300F24022380F8A84080F874
S214005F70C030314C314BC0F8AC40C0F8C430304C67
S214005F80304BC0F8B040C0F8C830092482232E4DEC
S214005F9080F8B44080F8CC302C7C2C4BC0F8A000A5
S214005FA0C0F8D03044B12A4B80F8D820C0F8D4309E
S214005FB005F11103C0F8DC304FF0000CCA798E688A
S214005FC002EB42039F00443006EB830326F807C02B
S214005FD0586001200C349870DC701318CB71FFF7F2
S214005FE05DFFFFF7A9FE012806D12B7C23B1BDE893
S214005FF0F84015482DF057B9F8BD00BFEC58002002
S214006000287C040001002000277C040002002000F9
S214006010267C04000500420003002000257C0400C6
S2140060200400420007003000247C04001200100127
S21400603000404200FDFF2100137C0400227C040087
S2140060400600420000FF4401CC620020745100208C
S21400605001FF1001437B044A0121137000780E30C3
S214006060C0B2FFF701BD00BFF658002038B50446A1
S2140060700078054D0E302A460121C0B2FFF7E4FC39
S21400608008B92B78637338BDF6580020024B53F8D6
S21400609020002DF095BA00BFBC2E0020012908B5BF
S2140060A006D0022907D049B92DF081FA002008BD94
S2140060B02DF080FAFAE72DF080FAF7E7024812F0A2
S2140060C041FE0120F3E700BFE2E6030011461A4650
S2140060D0024B53F82000FFF7E1BF00BFBC2E0020A4
S2140060E0002310B5044683810364A0F8443048308A
S2140060F0FFF700FD014BC4E9123410BDA7350300BD
S21400610038B504460B781A4A43700D4642F8230009
S214006110FFF7E6FF2046FFF7A9FF4FF44013236181
S2140061200123144A2375A261134A84F82030E261E1
S214006130124A84F82C306262114A84F83830A2621F
S21400614004F10C0222630F4A04F10D036263E36359
S214006150EA79A86802EB420300EB830110344C6036
S214006160094C40F82340094B8B60531CEB7138BD3B
S214006170BC2E0020F558002008002000A56800204E
S21400618000FF300001FF100102010104CD60000095
S21400619070B50D460646144613460A460146114893
S2140061A012F0D0FD25B92046BDE87040FFF754BE7A
S2140061B0072D05D121463046BDE8704000F078BA7C
S2140061C0062D05D121463046BDE8704000F076B871
S2140061D0B5F5817F05D121463046BDE87040FFF712
S2140061E055BF70BDFEE603000148FFF783BD00BF44
S2140061F0916100004FF4C01330B5036001230371B2
S214006200074B8C688360CA7902EB420304EB830574
S2140062106860044844F82300531CCB7130BD00BFAF
S214006220297C04000400010138B50024044D55F80B
S214006230040B08B12DF0D2F901340A2CF7D138BD81
S214006240E42E00200229024608B50ED004D839B93B
S21400625010462DF0EEF906E04029F9D0412907D185
S21400626010462DF0DCF9002008BD2DF0ECF9FAE719
S214006270014812F067FDF6E731E7030011461A46BB
S214006280024B53F82000FFF7DDBF00BFE42E0020CE
S214006290426B094B52791A7082785A70C2789A709B
S2140062A0826B12B190F83C20DA7000780421093035
S2140062B0014AC0B2FFF7D8BBF7580020024B53F88C
S2140062C020002DF0DCB900BFE42E002038B50446CF
S2140062D00078084D09302A460421C0B2FFF7B4FB07
S2140062E030B96B78A370AB78E370EB7884F83C3009
S2140062F038BD00BFF758002038B504460078114D69
S21400630009302A460421C0B2FFF79EFBC8B9A3781D
S2140063102A78022B0CD004D863B920462DF089F9D0
S21400632001E0FF2B0AD02046BDE838402DF056B9D4
S214006330002AF2D120462DF072F9F4E7002AF9D1AE
S214006340EBE738BDF7580020F8B504460B78224A2C
S2140063500D4642F823004370FFF7B8FF636B1F4AF1
S2140063605C631A632046FFF7C7FF20462DF036F918
S2140063704FF4801363600123626BA06B0532E2600A
S214006380174A23722261A21C2375A26160B1154AC6
S21400639084F82030E261E21C6262134A84F82C30F2
S2140063A004F13C03A26223630627E979AE6801EB99
S2140063B04103002826F8237006EB83020CBF022355
S2140063C00423D37001239370084B043493604B1C52
S2140063D05460EB71F8BD00BFE42E00205B3603006E
S2140063E00340300101FF300102FF10017D62000012
S2140063F002464179D37808480139042B00EB811016
S21400640008D8012B04D80BB92DF009B92DF011B915
S2140064102DF019B9704700BFF819002002464179DF
S214006420D37808480139042B00EB811008D8012BDB
S21400643004D80BB92DF0FDB82DF0F1B82DF003B946
S214006440704700BFF819002030B587B0044645797C
S214006450FFF772FC012822D1E2786B1E042A1ED8B0
S214006460DFE802F00431031F2800104663784FF47B
S21400647080728DF804304FF48273ADF80630062330
S214006480ADF8083001238DF80B3000238DF80A0094
S21400649001A8CDE903238DF81430FFF781FC07B07F
S2140064A030BD0A4A02EB83135B6B5B79181E18BF7C
S2140064B00120DBE7054A02EB83135B6B5B79B3FADB
S2140064C083F04009D2E70020D0E700BFF81900208B
S2140064D030B587B004464579FFF72EFC012829D150
S2140064E0E3786A1E042B25D8DFE803F00B0B0B03BA
S2140064F02600164B03EB82135B6B5B79003B18BFE1
S214006500012362788DF80A308DF804204FF48272E9
S2140065100123ADF8062006228DF80B30ADF80820D2
S21400652000234FF4807201A8CDE903238DF81430C0
S214006530FFF736FC07B030BD044B03EB82135B6BF2
S2140065405B79B3FA83F35B09DBE700BFF819002039
S21400655010B586B00446FFF7EFFB012812D163782A
S214006560094A8DF804304FF48273ADF806304FF4C4
S2140065708073CDE90223002301A804938DF814301C
S214006580FFF70EFC06B010BD0800070110B586B078
S2140065900446FFF7D1FB012820D16278104B8DF816
S2140065A004204FF4827294F8A01094F8A100597059
S2140065B01870ADF8062004934FF480720223094940
S2140065C001A88DF81430CDE90212FFF7E9FB94F824
S2140065D0A130013B18BF012384F8A13006B010BDDE
S2140065E0FB5800200800050110B583780446E3B187
S2140065F00379022B06D143790C48013B00EB83104C
S2140066002DF021F8A379022B02D12046FFF71CFFBC
S2140066102046FFF7BBFF02236078A4F86C305522B3
S214006620BDE8104012212CF006BF10BDF81900205E
S2140066304388094A082113808388538083681B8A0D
S214006640938090F8A03093718379D37100780430EA
S214006650C0B2FFF709BA00BFF651002038B50D46A4
S21400666004460178104812F06DFB4FF602739D4207
S2140066700CD163791BB10D4A12789A4201D20123DC
S21400668063712046BDE83840FFF7D2BFB5F57F4FAF
S214006690F7D120462DF055F8A378022B0CBF012227
S2140066A00022A3689A70ECE747E70300E258002050
S2140066B0024B53F82000FFF7D1BF00BF0C2F00207D
S2140066C038B504460078134D04302A460821C0B277
S2140066D0FFF7BAF920B1BDE838400F4812F032BBD8
S2140066E02B8863806B88E978A380AA88A3681A82BF
S2140066F0AB7984F8A030EB79A37119B1074B1B78FE
S2140067008B4205D2064812F01DFB237801336371D5
S21400671038BD00BFF651002061E70300E2580020B4
S2140067208AE70300F8B504460B78484A0D4642F857
S21400673023004370FFF7C4FFA268454B0226D364CC
S214006740444BA11C5365444B44481365444B04F129
S2140067500C0CC2E916344FF44013E3600123616168
S214006760E1624049103221632265211D3E4AA16341
S2140067703E49626504F1A002A061E163E265E01CA7
S214006780611D3B4A206261643A483B492266A21D6D
S2140067902374237784F8283084F8343084F8403023
S2140067A0A16484F84C6084F8583084F864306062E1
S2140067B0A266E879AA6800EB400102EB8107C7F8F9
S2140067C004C04FF0060C2D4F42F82170C118C9B214
S2140067D001EB410142F821C002EB810700217960FC
S2140067E0274F84F880302767264F84F89830A767AD
S2140067F0254F264BE767264F84F8746084F88C6034
S214006800C4F89C3004F16C06831CC4F88470C4F889
S2140068109060204F204EDBB203EB4303C4F8946035
S214006820C4F8887002EB83067034746008261B4C2C
S21400683042F82340C31CDBB203EB430302EB8304A2
S214006840043042F823606160E871F8BD0C2F002028
S214006850AF360300F1360300E96500001000300192
S214006860A536030001FF300104FF200102FF2001CE
S21400687005FF300100FF300103FF2101070001087A
S2140068804A0021002A7C0400510010002C7C0400E1
S2140068902D7C0400550021006F0018001200010432
S2140068A000239B6AB3F5804F03D21968064A9142CB
S2140068B003D00023037083607047012202709A6839
S2140068C09B694260F7E700BF07B0CD5E024B034A04
S2140068D01A602EF0BEBA00BF0000002002020FF0C1
S2140068E073B53F4B04461A781AB102221A7002B0EA
S2140068F070BDCDE900220028F9D001261E7037F0C1
S214006900BBF9384D384B186016F0FEFF2B785BB994
S21400691002F0F2F940B935480823354A354900688F
S21400692001F038FE00B92E70334B5A68E260334AE5
S2140069309A601A6E22605A6E6260D3F87021A26066
S2140069401B6E5C042CD52E4AD368D807FCD42D4B7E
S2140069501A68531C29D04FF4801393402A4A1366B2
S2140069600423294C4FF0804223664FF4806323664D
S214006970102323664FF400536846236601A9226657
S21400698063662CF0F6FE009B2366019B63662B78FD
S214006990002BACD0164B1A6822665B686366A6E7C7
S2140069A01A4AD368D907FCD4D1E7194B1B78002BB9
S2140069B0D6D1184B5A68144B12B94FF480121A6687
S2140069C0154A526812B94FF400121A66134B5B68E8
S2140069D0002BC5D14FF480020B4B1A66C0E700BFF0
S2140069E0FE580020FF580020442F00203863002067
S2140069F0482F0020007108000080004455CEAC00EF
S214006A00000004400463002000900044000004508E
S214006A10FD5800200080055000C0055000000650BC
S214006A2038B5224D04462B78012B02D001232B705B
S214006A3038BD0028FCD02CF0C1FE013009D02CF067
S214006A40BDFE40F20113984203D0194AD368DB0713
S214006A50FCD42268174B1A6662685A66A268C3F8A6
S214006A607021E268D40744BF00229A60124B1A686D
S214006A70013213D1114A127882B911494968C80700
S214006A8048BF1A600F4A5268D10744BF01221A60F5
S214006A900D4A5268D20744BF02221A6016F03CFF25
S214006AA00A4B186837F0E3F80023C0E7FE580020CA
S214006AB0000004400080004404630020FD580020CD
S214006AC00080055000C0055000000650442F0020EE
S214006AD070B50024A36AB3F5804F23D21A68134B0F
S214006AE09A421FD1124E337813F0FD0518D14FF499
S214006AF080341048FFF7F4FE032004F0CBF90E4B69
S214006B000320DC6004F0AAF90C4B1C61AB6ADB695D
S214006B10984704460748FFF783FF0CB901233370F4
S214006B20204670BD4FF48174FAE700BF07B0CD5E13
S214006B30FD580020342F002000A0004400900044A0
S214006B4013B5204B1B7803B9FEE700231E4CCDE996
S214006B5000336A4608231D49206801F01BFDF8B97A
S214006B601B4AD2F84031D2F840211F2B4FF00103C8
S214006B7011D9203A9340019A1A43019208236A4693
S214006B801249206801F08EFE124B134A1A602EF04E
S214006B9060F902B010BD9340009A1A430092EDE7E8
S214006BA02D28F1D10A4AD2F84031D2F840211F2BC5
S214006BB04FF0010385BF203A93409340019398BF5E
S214006BC00093DBE7FE5800203863002000710800C1
S214006BD000800044000000200B020FF038B50025AE
S214006BE0AB6A0446B3F5804F10D21B6BB3F5804FEB
S214006BF00CD20748FFF774FEAB6A20461B6B5B6837
S214006C009847BDE838400248FFF70ABF38BD00BFC6
S214006C10502F002013B50024A36A0190B3F5804FCF
S214006C2013D21B6BB3F5804F0FD20948FFF758FEFF
S214006C30A36A01211B6B01A89B6998470446044878
S214006C40FFF7EEFE204602B010BD4FF48174F9E760
S214006C50502F002070B50026B36A0446B3F5804F67
S214006C600D4612D21B6BB3F5804F0ED20848FFF7C5
S214006C7037FEB36A20461B6B29469B699847044635
S214006C800348FFF7CDFE204670BD4FF48174FAE747
S214006C90502F002070B50026B36A0446B3F5804F27
S214006CA00D4612D21B6BB3F5804F0ED20848FFF785
S214006CB017FEB36A20461B6B2946DB6998470446D5
S214006CC00348FFF7ADFE204670BD4FF48174FAE727
S214006CD0502F0020F8B50027BB6A0446B3F5804F56
S214006CE00D46164611D21B6B7BB10948FFF7F8FD1F
S214006CF0BB6A20461B6B324629465B6A98470446A9
S214006D000348FFF78DFE2046F8BD4FF40174FAE7FE
S214006D10502F002070B50026B36A0446B3F5804FA6
S214006D200D4612D21B6BB3F5804F0ED20848FFF704
S214006D30D7FDB36A20461B6B29469B6A98470446D4
S214006D400348FFF76DFE204670BD4FF40174FAE766
S214006D50502F0020F0B50027BB6A0446B3F5804FDD
S214006D600D461646ADF5337D20D21B6BB3F5804F2E
S214006D701CD21048FFF7B4FDBB6A20461B6B40F2DE
S214006D80C1225B6A01A99847044630B10948FFF75B
S214006D9047FE20460DF5337DF0BD836A32461B6BF9
S214006DA02946DB6A01A898470446EFE74FF40174CA
S214006DB0EFE700BF502F002010B50024A36AB3F5FC
S214006DC0804F10D21B6BB3F5804F0CD20748FFF7ED
S214006DD087FDA36A1B6B1B6B984704460348FFF7A7
S214006DE01FFE204610BD0124FBE700BF502F0020E9
S214006DF0F0B58FB0044601A80E461546FFF7EEFE26
S214006E009DF80C30012B12D1B5F5402F27D8B4F5DC
S214006E10402F24D86319B3F5402F20D821462A46A0
S214006E20304613F031FA002420460FB0F0BD00279C
S214006E30BB6AB3F5804F15D21B6BB3F5804F11D2EA
S214006E400A48FFF74DFDBB6A2A461B6B31462046B3
S214006E505B6B984704460548FFF7E2FDE4E740F21F
S214006E600244E1E740F20114DEE700BF502F0020A5
S214006E70F0B58FB0044601A80E461546FFF7AEFEE5
S214006E809DF80C30012B1FD1B5F5402F06D8B4F570
S214006E90402F03D86319B3F5402F13D940F20244AC
S214006EA020460FB0F0BDE258013225D104339D4292
S214006EB0F9D82A46314620462CF0B0FC0028EDD002
S214006EC00024EDE70023F2E70027BB6AB3F5804F06
S214006ED015D21B6BB3F5804F11D20A48FFF700FDA1
S214006EE0BB6A2A461B6B314620469B6B9847044676
S214006EF00448FFF795FDD3E740F20344D0E740F29D
S214006F000114CDE7502F002070B58EB0044601A8BE
S214006F100D46FFF763FE9DF80C30012B22D144EAA4
S214006F200503C3F30C03002B33D1B5F5402F04D96A
S214006F3040F2024420460EB070BDB4F5402FF7D89C
S214006F402544B5F5402FF3D8204604F500542CF020
S214006F505EFCAC4202D00028F6D1E9E70028E7D074
S214006F600024E7E70026B36AB3F5804F14D21B6B04
S214006F70B3F5804F10D20A48FFF7B2FCB36A294631
S214006F801B6B2046DB6B984704460548FFF748FD19
S214006F90D0E740F20444CDE740F20114CAE700BF50
S214006FA0502F0020BFF34F8F0549064BCA6802F4E6
S214006FB0E0621343CB60BFF34F8F00BFFDE700BF17
S214006FC000ED00E00400FA0570B5D0B1C9B10E4E70
S214006FD0431E013913F8014F2046325D02F00302CA
S214006FE0012A11F8012F08BF04F12000B55C05F056
S214006FF00305012D08BF2032801A01D1002CE9D1EB
S21400700070BD0120FCE700BF89A304000348044AC2
S2140070100449121A92102CF04DBC00BF34410000F7
S214007020D04200004460002008B5154B83F30A8860
S21400703000F030F8FFF7EAFF124B13498B4212D3E9
S2140070400020124B12498B4218D3FDF74BFE1868EE
S21400705050F82240586840F8224001329868824230
S214007060F5D30C33EAE70022F8E71C6844F8220060
S21400707001325C68A242F8D30833E4E70022F8E75E
S2140070800800002048C8040054C8040054C804007F
S21400709054C80400124B134A70B59A60D3F888207F
S2140070A0114D42F47002C3F888206FF0010205F516
S2140070B00054226641F2FF7262660222C3F8D020B4
S2140070C0BFF34F8FBFF36F8F4FF44036032003F0AC
S2140070D0E1FE0320E66003F0C1FE2E6170BD00BF36
S2140070E000ED00E00040000000800044014B186006
S2140070F0704700BF0C630020054B1860054B1B6FE4
S21400710003F00703032B01D134F068BE704700BFBD
S21400711014630020008000502DE9F04104464FF033
S21400712001080C250D4E0CB9BDE8F08194FAA4F0C8
S214007130B0FA80F00F2808FA00F2C8BF103824EA28
S2140071400204CABF05FB006205FB0062B432576842
S214007150002FE8D09168C0B2B847E4E7602F00205F
S21400716008B50C4836F026FE192003F085FE28B137
S214007170192003F08FFE192003F070FE1A2003F08A
S2140071807BFE28B11A2003F085FE1A2003F066FE67
S214007190002008BD8C7E04002DE9F0410E461746FF
S2140071A0054618B30F2923D80378DBB1013BDBB2C1
S2140071B0022B19D8104AD35C6A78D340DB0717D560
S2140071C00E4BD3F81043ACB936F056FD80463A461F
S2140071D02846314602F0BEFB404636F048FD2046C3
S2140071E0BDE8F0817F23E7E70023E5E72224F6E702
S2140071F02124F4E70224F2E7807C040000C0035058
S21400720010B5044610B30378E3B1013BDBB2022BA2
S2140072101AD8104AD35C6278D340DB0718D536F00C
S2140072202BFD0122617823788A4030214B4341F2BE
S214007230100103F1A04303F570335A5036F017FDE2
S214007240002010BD7F23E6E70023E4E72220F8E7CE
S2140072502120F6E7807C040010B5044610B30378BE
S214007260E3B1013BDBB2022B1AD8104AD35C62783A
S214007270D340DB0718D536F0FFFC0122617823786F
S2140072808A4030214B4342F2100103F1A04303F53C
S21400729070335A5036F0EBFC002010BD7F23E6E733
S2140072A00023E4E72220F8E72120F6E7807C0400AC
S2140072B038B50D46044618B311B30378E3B1013B65
S2140072C0DBB2022B1AD8104AD35C6278D340DB07B5
S2140072D018D536F0D1FC30222378534303F1A0436F
S2140072E003F570335B696278D34003F001032B70BB
S2140072F036F0BDFC002038BD7F23E6E70023E4E738
S2140073002220F8E72120F6E7807C04002DE9F041F2
S2140073100D4616469846044600284FD000294DD004
S2140073200178002940D04B1EDBB2022B3ED8254AFE
S214007330D25C6378DA40D20701D4FF2940D1022E0E
S21400734001D9042E3CD136F097FC23780746FF2B54
S21400735005D032462046296802F042FB28602B689A
S214007360013309D12378FF2B06D1174B6078D3F869
S21400737024142CF0DEFF286029684B1C18D00C2340
S214007380124A03FB0122069BC2F80480936023780E
S214007390FF2B04D001230E4A8B40C2F82434384613
S2140073A036F065FC002007E07F22C2E70022C0E737
S2140073B0384636F05CFC2D20BDE8F0812220FBE745
S2140073C02120F9E7807C040000C00350602F0020D5
S2140073D000D0035008B502F0B3FA044B00F0553065
S2140073E0C3F82004BDE80840FFF796BE00E003504F
S2140073F008B502F0A5FA044B00F0AA30C3F8200442
S214007400BDE80840FFF788BE00E003502DE9F04FC6
S214007410144605460E469B46C36B87B001225B6941
S21400742002A960689847EB6B01225B6903A93046A6
S214007430984702A82CF03DFE074648B10023A375E6
S21400744063754FF0FF33A360002007B0BDE8F08FF0
S21400745003A82CF03BFE0123A375237E04EBC30395
S214007460DE611F846368B3420ED1206003A82CF04F
S2140074704FFE4FF0FF332075A360237D043B022BA5
S21400748026D80023A375DFE723681A1A5342534110
S214007490A37503A82CF03CFE237D834218BFA77576
S2140074A003A82CF017FE074602A82CF013FE87420E
S2140074B018BF002303A818BFA3752CF013FE0746B9
S2140074C002A82CF00FFE87421CBF0023A375D4E74A
S2140074D003A82CF0FFFD80B1EB6B022230465B69FF
S2140074E004A9984704A82CF004FE0346207D032830
S2140074F039D8DFE800F03838040903A8F3E7CC22CF
S214007500237E04EBC3031A8401F06EFC109B1870F4
S21400751003A8277E2CF0D2FD04EBC70787F82200CD
S214007520237E03A804EBC303B3F8209093F82270DD
S2140075302CF0D0FD804603A82CF0D4FD8246B8F18E
S214007540000F15D0EB6B022230465B6904A9984702
S21400755004A82CF093FD6075637D6BB90023A375BA
S2140075604FF0000838E0227E04EBC2021384CBE71B
S21400757003A82CF06EFDEEE794F81680B8F1000F25
S214007580EED0B9F1000F09D1DFB10123E375637EB8
S214007590002B4FD1012F42D1677614E06B6C06EBBF
S2140075A00A015A4286EA010010421CBF0022A27558
S2140075B05A1E0A409B1A9945D0D8A37D002BE3D1CA
S2140075C0CEE7E37D43B94FF000084B4652463146BE
S2140075D028462CF0B9FAA060A27D12B123694B446C
S2140075E023611A49237E097899422AD901332376E2
S2140075F0BBF1000F27D032B3E37D23B3B8F1000F01
S21400760021D1032F1FD0A1684B1C1CD0109B2246F3
S214007610009328460123FFF7F9FEA07513E095F8BE
S214007620343063B9EB6A0133CFD1032FCDD10123B8
S214007630A376C8E7012FCFD0032FC4D1F7E798462B
S214007640C3E70023A375A07DFFE600BFA47C04006B
S2140076502DE9F04F0E46984600238BB004464FF0B7
S214007660FF31104617468DF8133001F0A7FBB6F52C
S214007670801F20D2314605AA04F108002CF06BFCCE
S214007680451C014603D1237CBBB92D2010E03846AB
S21400769001F094FB0122394620460DF113032CF02D
S2140076A0A5FA0028EFD09DF8133088F800300020A7
S2140076B00BB0BDE8F08FB01CE5D1E56A691C36D189
S2140076C02046616A2CF086F90546B31C18BF0123D4
S2140076D0DFF8CC900193636A626C0293236805A975
S2140076E002FB053AE36B05225B695046984705A8FE
S2140076F02CF07AFD2CF09DFD50462CF0A5FD4FF0A9
S214007700000B824601464B1C05D0636C81EA0A02D8
S2140077105B42134211D0294620462CF05BF9029BAF
S214007720AB422CD0BBF1000F2CD10546D3E7236823
S214007730ED1A636CB5FBF3F5C7E7484601F03EFB70
S2140077400DF1130349462046019A2CF04FFA0346E2
S21400775090B1B21C03D0D9F80020B2420CD19DF8EB
S214007760132003930D4B88F8002049461A683846C4
S21400777012F08AFD039B9B46D9F80810C3E7BBF1BD
S214007780000F82D0B6F5801F91D2314698F80030AF
S2140077907A6804F1080001F03FFA88E7A07C04004C
S2140077A03C3700202DE9F3410446174698460E461E
S2140077B0184D816AE36A8B4201D04B1C02D102B09D
S2140077C0BDE8F081284601F0F9FA01222946204654
S2140077D00DF107032CF00AFA38B143462946204635
S2140077E09DF80720B8470028E9D0A9684A1C04D1AC
S2140077F0696820462CF07BF90146012EDAD16B68C9
S21400780081EA0302636C5B421A4218BF4FF0FF31F5
S214007810D0E700BF103700202DE9F04F4FF0FF33C0
S2140078204FF6FF720025044600F10806C0E909235A
S2140078308BB0C36205620563304688462CF05CFB5D
S21400784020462CF097F860BB204641462CF012F9F3
S21400785020462CF08FF860BB5E200BB0BDE8F08FA2
S2140078602368E26B606C576900FB0530052205A9AA
S214007870B84705A82CF0B8FC012807460CD12946C5
S21400788020462CF0C8F8012F024600D101322946C6
S21400789020462CF08EF803E02CF0D0FC0028EED129
S2140078A00135E3699D42DBD320462CF063F80028BF
S2140078B0CAD000254FF0FF394FF6FF73CA46A846D8
S2140078C0C4E90853E36998450AD3A5EB0905012DD9
S2140078D02CD84FF6FF72636A93423CD16720BCE710
S2140078E02368E26B606C576900FB0830052205A927
S2140078F0B84705A82CF078FC834605A82CF04BFC6E
S214007900074658462CF095FC68B1574538BFC4F872
S2140079102480B94528BFB946BD4238BF3D46BA4661
S214007920236A0133236208F10108CBE74FF6FF73A1
S21400793000256362E3699D42CBD2676C2068E36BE7
S214007940052207FB05005B6905A9984705A82CF0EA
S21400795022FC0135EEE7E26B676C2068694607FBA0
S214007960030055690522A84768462CF014FC626A95
S2140079702368606C4B4D00FB02302CF065FC4FF02A
S214007980FF33A062E3622A466FF00101204605AB92
S214007990FFF75EFE002846D1AD6829462046E56220
S2140079A02BF0C4FF206320B92046E16A2CF09FF834
S2140079B0E062294620462CF09AF80546A36A9D42C6
S2140079C033D120462BF085FF00278046B946E36971
S2140079D099453CD3B84559D92046616A2BF0FAFF41
S2140079E00026054604F1400AB74212D8626C2368A6
S2140079F0694602FB0539E36B05225B6948469847F2
S214007A0068462CF0C8FB534602464946E06B2CF00D
S214007A101DFC294620462BF0DDFF0136B045054605
S214007A20E2D1642019E7A56AB7E7294620462BF07D
S214007A307DFF236B294603440746236320462CF02C
S214007A4056F80546002FB9D1C4E90B07B6E7636CB4
S214007A502568052203FB0955E36B05A95B692846E3
S214007A60984705A82CF0C0FB2CF0E3FB58B128463D
S214007A702CF0EAFB014620462BF058FF636C143BC3
S214007A80984208BF013709F10109A0E730462CF0FB
S214007A9033FA002320461946034AFFF783FE0020E8
S214007AA0DBE600BF68370020DB3B03002DE9F04132
S214007AB0036B9046826B07689A4288BF8363426C6A
S214007AC0436A90B002FB0377C36B0E46052201A9FA
S214007AD05B6904463846984701A82CF085FB0128C8
S214007AE00146307057D0656CE26B2368606AD2F846
S214007AF014C005FB0030052206A9E04706A82CF0B6
S214007B0073FB01284FF0000523D0D4E90A32012187
S214007B109342CDE90B458DF834800E958DF83C10D8
S214007B202AD1194620462BF0E2FF236B626C1433F1
S214007B309B1AE06223630C9B53B99DF83C303BB123
S214007B40626A616C2368E06B01FB02312CF004FB77
S214007B500C9DE36B05225B6901A93846984701A88E
S214007B602CF042FB30702846236BA26B9A4288BFEB
S214007B70A36310B0BDE8F081237C33B91C490BAA7F
S214007B8004F1080001F096F8D5E72046194A0BAB39
S214007B90FFF708FECFE7237C23BB2246164904F1F5
S214007BA0080001F087F8616A20462BF034FF616A0E
S214007BB0421C20462BF0FDFE054620B9236B626C66
S214007BC01344143B23632046A16A2BF090FF2368DE
S214007BD0A062C01A636CB0FBF3F0606220462BF024
S214007BE0C9FFB6E700232046044AFFF7DBFDDAE7C5
S214007BF051830000CD820000753C0300113C030059
S214007C0073B50D46D11E4A421C461B7E4A419A4217
S214007C1026D129682368994222D3636899421FD8DF
S214007C20114E0DF107033246FFF712FDC0B9726818
S214007C306B689A4214D19DF80730DA1E53425341BE
S214007C40227E93420CD1636901336361D4E9032336
S214007C50934205D22968A26842F8231001332361B3
S214007C60012002B070BD00BF683700202DE9F04F3C
S214007C709B4689B09DF848309046514A0193136957
S214007C8007465B450D46C0F09580D946536800937D
S214007C90B9F1000F7BD0FB6B01225B6905A9009848
S214007CA0984705A82CF012FA454B1B68984240F0FE
S214007CB0848005A82CF016FA0428064615D105A8D7
S214007CC02CF017FA009B04461E44019B002B3ED165
S214007CD0804512D91C46A8EB0008384600992BF0C0
S214007CE006FFA9EB04090090D2E7FB6B02225B6952
S214007CF0009806A9984706A8E2E7A0EB08045C45AA
S214007D0028BF5C46032C4644ABEB040B1DD9FB6B2B
S214007D10294630465B69A208984724F0030304F01E
S214007D20030A1E441D44DDF80480BAF1000FD4D0C7
S214007D30FB6B012206A930465B69984752462846E7
S214007D4006A912F0A1FA5544C7E7A246EBE7824619
S214007D5000F0030302932B1803930644039BA6EB41
S214007D600A00A3EB0A05029B9A4514D1BAF1000F4C
S214007D70B3D0FB6B012206A95B699847524628469A
S214007D8006A912F03DFC0028DDD04FF03609484623
S214007D9009B0BDE8F08FFB6B012206A95B69984726
S214007DA00422284606A912F02BFC0028EDD1AAF1E1
S214007DB0040AD3E74FF06309E9E74FF06F09E6E7F7
S214007DC0943700202DE9F0410F46164698460446A3
S214007DD088B060B390F83450FDB101212BF0BFFDA0
S214007DE000210E9BCDE90511CDE902379DF83C3008
S214007DF0CDF804808DF81C30237C04968BB90D4991
S214007E0001AA04F1080000F055FFDDE90553E06B18
S214007E10002E08BF1D462BF03BFF284608B0BDE8E5
S214007E20F0812046044A01ABFFF7BCFCEDE70546AF
S214007E30F3E700BF3F3C0300017C00007FB590F8ED
S214007E404260044601920DF10B030A463046114982
S214007E502BF026FF012E0546E36B17D132465B69F1
S214007E6003A998479DF80B10039B019A59B19BB242
S214007E7043EA0243012228460393E36B03A99B6966
S214007E80984704B070BD62F30F03F3E701229B69C5
S214007E9001A9F5E7943700202DE9F04F99B00E467A
S214007EA00D920A69416C0B931439D31DB3FBF1F3A1
S214007EB0013302EBC302036B04469342C0F0018217
S214007EC00023DFF804940893E36A484619460593AE
S214007ED000F074FFD6E9033707930B9B022B4DD1B6
S214007EE0CC2F40F0D7810D9B3BB1314620462BF07E
S214007EF02DFF656C1490012044E00120079B656C03
S214007F001B68149300F0010000280CBF042308230C
S214007F10782F0E9349D8059A6B1E1340ED1A3B1D19
S214007F209D423CD2002F3DD0082D3ED8002304258C
S214007F3006934FF0040A336806990B98C9F8003088
S214007F40C9F810702CF0E8F84FEA9A030F93059BD7
S214007F5089F814000393002309930C9304930A935F
S214007F60616C039B4A1E1A408B1A27B35544AB42DA
S214007F7023D8236B5B1A134423632FE1782F656C99
S214007F80B9D8F07D0D9B002BBCD0E36B01225B695A
S214007F90706816A9984716A82CF09CF8B4E7002538
S214007FA00695C6E704250697C3E7012300254FF08C
S214007FB0080A0693BFE75345DBD3A3EB0A029742B2
S214007FC0039BB84628BF90469742534428D90122BF
S214007FD0D9F8101089F817208F4226D10399C9F8CE
S214007FE00410049299F817200AB399F81810039809
S214007FF0CA1C09EBC202506004980131A2F808803E
S214008000907289F81810B8F1000F07D00B9A022A60
S21400801040F08180099A72B1012209929B46ABE03A
S214008020049A002A18BF0322DBE70222D9E7039A44
S214008030C9F80420E7E70C9A4244032AEED9E26B1B
S2140080401846956914A901220993A847099B054675
S2140080500028E1D03D2D40F01E8104F10803039373
S2140080602368059A606CA2EB030ABAFBF0FA00FBE1
S2140080700A302CF0E9F8E16A804620462BF037FDFE
S214008080A26A824200F00F81626CD9F80830511E55
S2140080900B40216B2768891A0B442363089BE06218
S2140080A0DF1BB7FBF2F7BA4540F0FA80059BB3EB4F
S2140080B0080A12D0E36B4FEA9A0241469B6998473A
S2140080C08346E36A059A5344E362236B03989B1A3C
S2140080D0434423632BF010FFDA462368616CE06BA1
S2140080E001FB07312CF025F820462BF043FC2046F8
S2140080F02BF040FD2063BAF1000F00F0D480326907
S214008100616CD31D1439B3FBF1F3013302EBC302E8
S2140081109042A5D2BFE00D9A002A77D1B8F1030F9E
S2140081204FEA98026ED9E16B18468D69079910934D
S214008130A847109B0546C0B918F0030515D0079A46
S21400814028F0030B02EB0B019B444FF0FF3215A8FF
S21400815015922A46109312F097F8E26B58469569E6
S21400816015A90122A8470546109B9B46079A42443C
S2140081700792002D40F08B80049B16A80193069B67
S214008180009399F814204346316800F0CDFDE36B68
S2140081900F9A9B69039816A99847039A051E089B91
S2140081A018BF1346089343465246204603992BF0C1
S2140081B0CBFC236B08F10302A3EB0A0322F00302B5
S2140081C09B1AC9F808002363002D7FF443AF0C9B6D
S2140081D0A7EB080743440C93CDF80CB02046039950
S2140081E02BF085FC00250390002F7FF4B9AE364AAD
S2140081F03168936804F10800E36252680B9B00F054
S2140082000BFD49E09B46454607999EE79B4606F1CF
S21400821020021092F27D7068A2B1002296F818C073
S2140082200A99D5B2AC4511D9109D02F1010E35F868
S21400823032508D4228D90E9806EBC2020144D0690E
S214008240084403E00E9A0A990A441044E26B15A902
S214008250556901221193A847159A0A9B1392E26B5F
S214008260043395695846012213A90A93A847119B1F
S214008270054603EB0802A2EB0B02042A7FF679AF51
S21400828028B90BF1040BC5E77246491BC9E7CDF8C0
S21400829020B088E770252F46384619B0BDE8F08F25
S2140082A04FF0000A19E73269616CD31D1439B3FB2D
S2140082B0F1F3013302EBC302236B9342BFF404AE27
S2140082C0E9E71C27E8E700BF3C370020032A2DE932
S2140082D0F34106460D4617461C4606D1237A012B67
S2140082E023D0012002B0BDE8F081DFF86080096885
S2140082F042460DF10703FFF7ABF960600028EDD1A9
S2140083009DF80720237A032AE8D0D8F804106A6874
S2140083109142E3D1012B2969D4F80CC007D17269C8
S2140083200CEB0103934202D92074207CDAE7083173
S2140083306144E1603B46012229463046FFF7ACFD2A
S21400834060600028CAD00020CCE700BF6837002055
S2140083502DE9F341089C032A1746266806D1237A9E
S214008360012B24D0012002B0BDE8F081DFF8908018
S214008370304642460DF10703FFF76AF960600028B1
S214008380EDD12568D8F80400A96AD5F844C048405D
S214008390CCF100031840227AE1D1012A09D1E26823
S2140083A0D8F8103013447269934202D92074207CA6
S2140083B0D9E72868EB6A1B1A081AB3FBFCF3B0FB74
S2140083C0FCF083420BD1706CF36A421E1340326B92
S2140083D0121A1344284633632BF089FBE862D8F858
S2140083E01020E36808321344E36001223B46044948
S2140083F02068FFF751FD60600028B0D00020B2E78B
S214008400683700202DE9F0410025604B0E46D3F872
S214008410008004461D6018B921252846BDE8F08175
S21400842090F8347007B30A6803689A4240F0A38055
S2140084304A6843689A4240F09E808A6883689A42F7
S21400844040F09980CA68C3689A4240F094800A69EE
S21400845043699A4240F08F808A69C36B9A4240F023
S2140084608A804B698361D8E768223946856B11F0AC
S2140084707BFDD6E90212336804F1080023607368B6
S214008480A5636360336963617369A3612BF046FD7E
S214008490B36904F14000E3639B68984720B9676CB2
S2140084A017B16368B3FBF7F794F84330E761002B26
S2140084B0B2D00023656C2366002D64D0002F62D0F6
S2140084C02368B3FBF5F205FB1233002B55D1666823
S2140084D0B6FBF5F305FB1363002B4ED120462BF0BD
S2140084E015FAA369043303449E4248D340F6347217
S2140084F06369CC3B934244D8B5F5805F43D30321F0
S21400850020462BF02CFAD4E90001E36B1B68984751
S2140085100546E36B0220DB689847CDB94146204606
S214008520FFF77AF96428054604D141462046FFF74E
S21400853073F90546666C5DB9236A2046143E5E43B1
S2140085402BF0E4F9A369043303449E4238BF5A254E
S214008550002D0CBF0123002384F8343007D1D4E962
S21400856000010B4A1368013313602BF071FDE06BBA
S2140085702BF08EFB51E75D254FE759254DE75A2531
S2140085804BE75F2549E75B2547E700BFCC30002077
S214008590C83000202DE9FF410C4616461F4605460A
S2140085A080B390F834307BB3B1F5801F2ED2DFF85D
S2140085B0608001212BF0D3F92146424628460DF172
S2140085C00F03FFF745F8044670B99DF80F30012BEE
S2140085D011D1D8F81030BB4212D102460090314675
S2140085E02846FFF743FB0446E86B2BF051FB20467A
S2140085F004B0BDE8F081022B14BF2D246024F3E7FD
S2140086006324F1E72124F2E71124F0E72924EEE7BA
S214008610943700202DE9F04385B00C4617461E46D9
S2140086200546DDF8308098B390F8343093B3B1F552
S214008630801F31D2DFF8649001212BF090F921469B
S2140086404A4628460DF10F03FFF702F8044688B99C
S2140086509DF80F30012B14D1D9F8102006EB080333
S2140086609A4213D300904346324639462846FFF7CF
S214008670FDFA0446E86B2BF00BFB204605B0BDE880
S214008680F083022B14BF2D246024F3E76324F1E764
S2140086902124F2E71124F0E72924EEE7943700209E
S2140086A073B50C461646054630B390F834302BB3F7
S2140086B0B1F5801F24D201212BF051F9214628461E
S2140086C0104A0DF10703FEF7C3FF044680B99DF874
S2140086D00730032B0CD0022B0CD1284609492BF06F
S2140086E035FB3060E86B2BF0D3FA204602B070BD45
S2140086F02D24F7E76124F5E72124F6E71124F4E7B3
S2140087002924F2E7943700202DE9F3411E46002382
S2140087100C4617460546336050B390F834304BB3DA
S214008720B1F5801F28D2DFF8548001212BF017F90D
S2140087302146424628460DF10703FEF789FF044608
S214008740A0B99DF80730032B10D0022B03BF0123DE
S2140087503B600423D8F8103018BF38603360E86BED
S2140087602BF096FA204602B0BDE8F0812D24F6E7FD
S2140087702124F7E71124F5E72924F3E794370020AE
S21400878073B50446056B2BF0C1F8636E03449D4237
S2140087902CBF00230123854294BF00252D1A207C80
S2140087A084F85030656584F85800A8B100230C4E54
S2140087B01A461946204600962BF08CFB00230546E9
S2140087C01A461946204600962BF08DFBE36828448F
S2140087D0984294BF0020C01AE06502B070BD00BF8A
S2140087E0FFFF0F002DE9F3471E4643690446B342D8
S2140087F0884617469DF828904ED300258DF80750DA
S21400880020462BF083F8D4F830A082450AD2236A9B
S214008810B5EB430F06D2002220460DF10701FFF705
S21400882045F9B8B39DF80730012B05D10022204644
S2140088300DF10701FFF73AF9B9F1030F06D03146FB
S21400884020462BF053F8256B854227D3144D4FF066
S214008850FF31284600F0B2FA4B4629460022204651
S214008860C5E90376C5F80080FFF716FB236E0546BC
S21400887063B12046FFF784FF94F8503013B994F89C
S21400888058301BB1236E04F150009847284602B0BA
S214008890BDE8F0870135B3E76225F7E71C25F5E765
S2140088A0683700202DE9FF410F4690461E460546D4
S2140088B098B390F8343093B3B1F5801F31D21A4C88
S2140088C002212BF04CF82246394628460DF10F03BC
S2140088D0FEF7BEFE024678B10123424600933946B3
S2140088E033462846FFF77EFF0446E86B2BF0D0F9A8
S2140088F0204604B0BDE8F0819DF80F30012BEBD187
S2140089002169B142E8D10093414633462846FFF735
S214008910ADF904460028DFD1E7E72124E8E7112473
S214008920E6E72924E4E700BF943700202DE9F04766
S21400893090F8423086B0012B05460391A1EB020762
S21400894040F0AA80FF2F03D81E464FF0640807E0C9
S2140089500226012B14BF4FF032084FF06408013690
S21400896000244FF6FF79DFF844A195F84230012B3A
S21400897014BF322364239C4202D35FFA88F40DE0CE
S21400898005AB2246514628462BF0BEF995F84230F4
S214008990012B059B34D14B452DD1E4B295F84230DE
S2140089A0012B14BF32226422121BB24217D3012EAF
S2140089B039D10022012B05978DF8132027D10822E4
S2140089C005A90DF113002BF05BFC9DF81330059AFA
S2140089D042EA032221462846FFF730FA40B1022336
S2140089E0324900932846CC23096803AAFFF7FAFE0B
S2140089F006B0BDE8F087DBB203B902340134B4E751
S214008A00591CCAD09BB2002BF8D10134F6E71022CD
S214008A1005A90DF113002BF033FC9DF81330059AD1
S214008A2042EA0342D6E7039A012B059223D1082394
S214008A30202205A90DF113008DF813302BF020FC31
S214008A409DF81320120221462846FFF7F7F995F8FD
S214008A504230611C012BC9B21AD10028BFD128466A
S214008A60BDF81420FFF7EAF90028B8D10234BDF8A3
S214008A701620E1B2AFE71023202205A90DF113005E
S214008A808DF813302BF0FCFB9DF813201204DAE768
S214008A900028A4D1059A9EE7B7F5803F4FF001065F
S214008AA0BFF457AF4FF032085AE700BF94370020A4
S214008AB070B586B00E4605460392A0B390F83430E3
S214008AC09BB3B1F5801F32D202212AF048FF31460F
S214008AD02846184A0DF11703FEF7BAFD044618B9E2
S214008AE09DF81730032B0ED10223314600932846FB
S214008AF0CC2303AAFFF776FE0446E86B2BF0C8F8F3
S214008B00204606B070BD022B0BD10A4928462BF032
S214008B101DF9039902468142EFD02846FFF706FF6B
S214008B20EAE76124E9E72124EAE71124E8E72924B3
S214008B30E6E700BF94370020F7B50C461646054614
S214008B4068B390F8343063B3B1F5801F2BD202219E
S214008B502AF005FF21462846144A0DF10703FEF7C2
S214008B6077FDC0B99DF80730032B14D0022B14D123
S214008B700E4928462BF0EAF8471C02463946284696
S214008B80FFF7D4FE044606B13760E86B2BF080F89A
S214008B90204603B0F0BD2D24F7E76124F5E7212435
S214008BA0F6E71124F4E72924F2E700BF9437002003
S214008BB030B50C46054685B028B390F8343023B35C
S214008BC0B1F5801F23D202212AF0C9FE0DF10F0352
S214008BD0214628460F4AFEF73BFD034688B99DF816
S214008BE00F20032A0DD00322214600920246284673
S214008BF0FFF7F8FD0446E86B2BF04AF8204605B070
S214008C0030BD2D24F7E72124F8E71124F6E72924C0
S214008C10F4E700BF943700202DE9F043466886B39A
S214008C20056898464FF0000CA946AE4655F83C40FD
S214008C300CF1010CC4F31307013401D0B94217D06C
S214008C40B4450EF1080EF1D12F46002403E0B442DD
S214008C5007F1080712D055F8343001340133F6D145
S214008C60C1F3130141EA0851C7E90012BDE8F083D9
S214008C7041EA0851CEE90012BDE8F083B8F1030FCF
S214008C8003D101230372BDE8F083002303E0B3425F
S214008C9009F10809F5D055F833400133C4F30754F9
S214008CA0032CF4D1C1F3130343EA0853C9E9003295
S214008CB0BDE8F0832DE9F0410646406882B0B8B1C1
S214008CC00F4690460024336853F8345003EBC40331
S214008CD0C5F30752C5F31301013506D05B6830466D
S214008CE0CDF80080B84718B1706801348442EAD3E2
S214008CF002B0BDE8F08100BF024B1968024B18684D
S214008D00FFF780BB186300203863002008B534F0F6
S214008D10A6FF014B186008BDC0370020014B18683D
S214008D2034F098BFC037002073B504462248012AA5
S214008D3000EAC1119DF8185023F07C4007D9961E12
S214008D40012E28D9073303F07F03194308E09DF866
S214008D501C300A43DB0603F0C053134343F0604164
S214008D600023C4E900108DF80730B5B12022214653
S214008D700DF107002BF084FA1A220DF10700211DD1
S214008D802BF07EFA082063689DF8072043EA82638A
S214008D90636002B070BD1143E2E71B220DF10700CD
S214008DA021462BF06DFA23689DF80720042043EA3D
S214008DB0C2632360EDE700BF80FFFF0738B5094BAD
S214008DC00D461A680021044611F0CEF800234FF035
S214008DD0FF322383C4E900252361A260E382A376E1
S214008DE038BD00BFA07C04000138C0B205289ABF79
S214008DF0014B185C01207047A57C04002DE9F0416A
S214008E000746154600240E46596888B0490A0129C7
S214008E1022464FEA510104F10104F8D8DC7899782B
S214008E2024031B88C90201F4006104F480540C4337
S214008E30C3F30A035203234492B24FF000089C186F
S214008E40274B6FEA0444039325F07843ED4302A9C9
S214008E500DF107001B2202938DF807802BF010FA05
S214008E609DF80720029B02A943EAC2630DF10700A2
S214008E701B2225F07845049302958DF807802BF089
S214008E80FFF99DF80720029B6FEA144443EAC26389
S214008E9005934FF0FF330794069307A9BB69012299
S214008EA006F110009847BB6905A90446012206F1A1
S214008EB008009847BB69404518BF044604A901222C
S214008EC0301D98470122404518BF0446BB6930460E
S214008ED003A99847404508BF204608B0BDE8F08182
S214008EE001009AB238B5104B0546D3F800310C464F
S214008EF003F00303022B0BD0032B0DD0012B0FD155
S214008F0032F086FF032305B1286004B1236038BD24
S214008F1032F0C8FF0723F6E734F0B4FE0623F2E784
S214008F2001230020EFE700BF0080005038B5134B48
S214008F300546D3F820010C4600F0070004281AD88E
S214008F40DFE800F003090D111500012305B12860C4
S214008F5004B1236038BD32F021FF0423F6E732F077
S214008F6057FF0323F2E732F059FF0523EEE732F00E
S214008F704BFF0223EAE700231846E7E7008000508D
S214008F8038B5104B0546D3F840310C4603F00303C2
S214008F90022B0BD0032B0DD0012B0FD134F074FE17
S214008FA0082305B1286004B1236038BD32F07AFF8B
S214008FB00723F6E734F06BFE0923F2E701230020CF
S214008FC0EFE700BF0080005038B5104B0546D3F8D9
S214008FD060310C4603F00303022B0BD0032B0DD09D
S214008FE0012B0FD134F050FE082305B1286004B1E0
S214008FF0236038BD32F056FF0723F6E734F047FE0D
S2140090000923F2E701230020EFE700BF00800050AD
S21400901041F6713210B5104C104BA04294BF00249C
S2140090200124D969DA639A6801F4803122F4401287
S21400903042EA04529A600A4A90420A4AD2F8180251
S2140090408CBF40F0020020F00200C2F8180209B1FE
S2140090500022DA6310BD00BF005A6202000003500F
S21400906080F0FA0200C007502E4B98424AD022D811
S2140090702D4B984240D014D82C4B984239D00AD861
S2140090802B4B984232D02B4B98422FD02A4B9842EB
S2140090902CD000207047294B9842FAD1284B186FE5
S2140090A07047284B98422AD0274B9842F1D1244B40
S2140090B0D3F880007047254B98422BD009D8244B14
S2140090C0984223D0234B9842E3D11D4BD3F88C0013
S2140090D07047214B984221D003F5740303F51053D3
S2140090E09842D6D1164BD3F898007047144B986D1B
S2140090F07047134B586E7047114B586F7047104BA4
S214009100986F70470E4BD3F8840070470C4BD3F81B
S214009110880070470A4BD3F890007047084BD3F886
S214009120940070470048E8010024F400C0CF6A00AD
S21400913080841E0000093D0040420F00405DC600CE
S2140091400080E00FC0EA210180BA8C01007E560341
S21400915080D54302006CDC020090D00337B50C4685
S2140091600021114B0191D3F88031054603F003032B
S214009170022B0ED0032B11D0012B03D101A8FFF731
S214009180D5FE0D210DB1019B2B6004B1216003B00B
S21400919030BD32F043FE05210190F3E732F034FE95
S2140091A002210190EEE700BF0080005038B5104B5A
S2140091B00546D3F840320C4603F00303022B0BD0CF
S2140091C0032B0DD0012B0FD134F05EFD082305B123
S2140091D0286004B1236038BD32F064FE0723F6E74A
S2140091E034F055FD0923F2E700231846EFE700BFE9
S2140091F00080005038B5144B0546D3F800020C46E4
S21400920000F0070004281BD8DFE800F003090D1162
S2140092101500012305B1286004B1236038BD34F081
S21400922033FD0823F6E732F03DFE0723F2E734F07D
S2140092302EFD0923EEE732F0D1FD0C23800AE9E784
S21400924000231846E6E700BF0080005038B5144BF0
S2140092500546D3F808020C4600F0070004281BD881
S214009260DFE800F003090D111500012305B12860A1
S21400927004B1236038BD34F007FD0823F6E732F06A
S21400928011FE0723F2E734F002FD0923EEE732F081
S214009290A5FD0C23800AE9E700231846E6E700BF91
S2140092A000800050032814D005D8012805D00228D5
S2140092B009D0002005E00F28FBD1084B186FC0F33B
S2140092C0013001307047054BD3F89000C0F30460BE
S2140092D0F7E7024B186FC0F38020F2E700800050DB
S2140092E01FB500230193252817D8DFE800F0131ACE
S2140092F01D272C363B51565B60656A78161A401659
S21400930016561A272C27361A5127783B3B3B3B2705
S21400931027275B6032F048FD0190019805B05DF8A4
S21400932004FB32F05BFDF7E732F03EFD024602201A
S214009330FFF7B8FFB2FBF0F20192EEE732F04EFD17
S21400934002460320F4E732F049FD02460320FFF709
S214009350A9FFB2FBF0F25208EEE7002101A8FFF7E2
S214009360FDFEDAE7002101A8FFF7E0FDD5E702934E
S2140093704FF0E0231B695B0705D532F02FFD029006
S214009380029B0193C9E703A902A8FFF7F9FDF7E7D7
S214009390002101A8FFF7F4FDBFE7002101A8FFF7B1
S2140093A013FEBAE7002101A8FFF724FFB5E7002166
S2140093B001A8FFF74BFFB0E7002101A8FFF792FDD9
S2140093C0ABE7094BD3F8803003F00303022BA8D099
S2140093D0032B01D000209FE732F020FD9CE7002100
S2140093E001A8FFF7E3FE98E70080005008B50120CB
S2140093F0FFF776FFBDE808400349884294BF012185
S2140094000221032000F002B880F0FA02032810B50B
S2140094100C4627D004D8012804D0022817D010BD47
S2140094200F28FCD12AF04AFF2AF050FF124A013CCE
S214009430136F23F4405343EA0433136732F0CEFC31
S2140094400021FFF7E5FDBDE81040FFF7CFBF0A4A51
S2140094504C1ED2F8903023F0F85343EA0463C2F867
S2140094609030DCE7044A4C1E136F23F4806343EA13
S21400947084231367D3E700BF008000501FB5002386
S2140094800193252821D8DFE800F013202020202A89
S2140094902F454A4F54595E7120203420204A202000
S2140094A020202A204520712F2F2F2F2020204F5498
S2140094B0314B1B6F03F00703013B032B05D8DFE896
S2140094C003F00C02080A04230193019805B05DF826
S2140094D004FB0323F8E70623F6E70223F4E700205D
S2140094E001A9FFF73BFEF0E7002001A9FFF71EFDEC
S2140094F0EBE702934FF0E0231B695B0705D532F0DC
S2140095006DFC0B230393039BDEE703A902A8FFF77A
S21400951037FDF8E7002001A9FFF732FDD5E7002068
S21400952001A9FFF751FDD0E7002001A9FFF762FE71
S214009530CBE7002001A9FFF789FEC6E7002001A9B6
S214009540FFF7D0FCC1E70C4BD3F8803003F00303E1
S214009550022B03D0032B05D00023B5E732F03EFCE8
S2140095600B23B1E732F05AFC0523ADE7002001A932
S214009570FFF71CFEA9E700BF0080005008B50320D7
S214009580FFF790FE034B18702AF098FEBDE80840DF
S2140095902AF09CBE0059002010B5044632F01EFC8E
S2140095A00021FFF735FD1CB1BDE81040FFF71EBFD8
S2140095B0034B0320BDE810401978FFF727BF00BF14
S2140095C00059002038B50546FFF74EFD204B0446EF
S2140095D05A68012A04D11F494A609A699207FCD149
S2140095E00020FFF74BFF042803D12AF067FE2AF07D
S2140095F06DFE194A24F0407395421FD0174A9542D3
S2140096001FD0174AD16811F0060FFBD190689360FF
S21400961091684B4013F4F81F16D12846FDF766FDF7
S2140096200020FFF72BFF042810D132F0D7FB0021D3
S214009630FFF7EEFCBDE83840FFF7D8BE43F00073F6
S214009640DFE743F08073DCE79060E9E738BD00BFF2
S21400965000C0015000E0015040420F0080841E0010
S2140096600000015070B504460020FFF707FF0328EE
S2140096707CD045F60E030221414AC2F88030414BA9
S2140096809962012103F580539962936DD903FCD446
S214009690D4E900131B0543EA0163E17B94F82350E9
S2140096A00B43217B43EA0143617B43EA0133A17B01
S2140096B043EA811313619169D4E904031B0643EA64
S2140096C0806301F000410B43A17EE07E0B43217EC8
S2140096D043EA0143617E43EA01239361E169136A29
S2140096E0002923F00D0343EA010314BF01210021E2
S2140096F043EA800343EAC103136294F8203094F8E7
S2140097002200916A4FEA431331D194F8216021F088
S214009710330143EA06130B4343F0010393621A49ED
S214009720174A936D31EA0303FBD10221154B996268
S214009730936D5B00FCD41369A16823F4700343EABD
S214009740015313614FF000420E4B9A6118B9022282
S21400975003F580539A6215B901220C4B9A6294F86D
S21400976024301BB1064B0A4AC3F8802070BD21F096
S214009770330129430B4343EA40039362EFE700BFFC
S21400978000C0005000D000500300014000E0005030
S214009790F1A7FFFF014B93F9000070470159002025
S2140097A0014B1880704700BF606800200C4A10B557
S2140097B01369044643F00403136132F07FFE2AF077
S2140097C089FD084B084AC3F8202430BF2AF083FDE1
S2140097D001F0E2FE1CB9BDE8104032F0FFBA10BD41
S2140097E000ED00E000E003500000FFFF034A0179AF
S2140097F0D36E23F030030B43D3667047004000500F
S21400980041F67132034BDA63012203F50053DA6046
S214009810704700BF0000035041F671320121044B2F
S214009820DA6303F50052D1600022DA63704700BFA6
S21400983000000350044B1868421C02BF034AD2F8CB
S21400984094001860704700BF3C6300200040005042
S214009850CB784A7810B55B010C7843EA82030A7924
S214009860234343EA02130C22424302F1B04213633D
S214009870012C02BF8A78024B43F8202010BD00BF9F
S214009880D080035008B54FF0B0435A6802B960B1B3
S2140098905B680BB12AF028FD4FF0B04130B10120D3
S2140098A0074B58602AF020FDC86008BD2AF01CFD52
S2140098B00223CB602AF018FD0122024B5A60F4E71F
S2140098C000100058002000584FF0B0414B6810B50B
S2140098D00BB12AF009FD01220B4BC4785A6083783D
S2140098E0934043EA840344782343047943EA041309
S2140098F0447943EAC4038B60044B5A600378C3F18F
S2140099000203CB6010BD00BF0020005800100058B6
S214009910054B5B69C3F38512827003F03F021B0B95
S21400992042700370704700BF00C007500120034B11
S2140099309B680A3303F01F03984070470080E00FCF
S214009940034BD3F82424D3F820041040704700BFFC
S21400995000C003502DE9F8431E4B0546D3F81033DC
S2140099604B1E0E2B0E46174690F8009044781DD9D5
S21400997009B34FF000082846D7B134F08BF909EB4D
S2140099804903072C4FF00F014FEA031315D8A40024
S214009990114808FA04F2A14018442AF0ADFCBEB9FA
S2140099A028468FB1BDE8F84334F074B98846E2E73C
S2140099B02AF0B1FCE3E78846E1E7083CA400074844
S2140099C008FA04F2A140E7E7BDE8F8432AF0A3BC92
S2140099D0BDE8F88300C0035004C003500CC0035019
S2140099E02DE9F041204B1646D3F810234A1C0546B5
S2140099F00C46407804D1D3F824142AF09AFC044686
S214009A00002C2EDB072C14DC03274FEA84082A7868
S214009A1007FA08F73946154802FA08F22AF06CFCED
S214009A206A78394602F00302114802FA08F22AF070
S214009A3063FC012316F0050F0E4A18BF0E4903FA01
S214009A4004F30CBFC2F81034C1F8103416F0060F39
S214009A5018BF094AC2F814340123064AA340C2F8C4
S214009A6020342046BDE8F08100C0035000C40350F7
S214009A7008C4035000E0035000D0035070B50446FD
S214009A802FF0ACF8064630B90FCC044D0FC594E85D
S214009A900F0085E80F00304670BD00BFC4370020B9
S214009AA047F6FF739A42F0B570D0022970D8394B4A
S214009AB05B5C022B6CD8384DDE0005EBC304A77840
S214009AC015F83330012F394638BF0121012B16D146
S214009AD0E078401A0021884205D8012F2CBFC01913
S214009AE00130C0B2F0BD431A6568A0EB530335F9E8
S214009AF013509542D4BF194603F1FF30EBE7606878
S214009B000028EFD0B0F90040944204DBB0F90240E0
S214009B109442B8BF144683883544FF2B19BFC82328
S214009B202827B0F90630B0F90870A3EB04030CBF81
S214009B300122002293FBF7F36E7813441BB29E4279
S214009B4001DD002B01DA731E1BB24FF47A7C00EBAA
S214009B50C305EA88AD685F1C14FB02521D4622EA64
S214009B60E2723BB25C329E42B2FBFCF204DD00EBDA
S214009B70C307BF889742EAD200EBC5039888904295
S214009B8028BF1046884238BF0846AAE7FF20A9E744
S214009B900020A7E7AB7C0400C43700200229F0B5FC
S214009BA060D8314B595C02295CD8304B13F8310031
S214009BB0012816D103EBC1039C78D878012C2146E6
S214009BC038BF0121904294BFC1EB0001C1EB0201F6
S214009BD0001BCAB28242C8BF00225B6833F912007B
S214009BE0F0BD002A3CD003EBC1035968002939D0E8
S214009BF09878904202D3B1F90200F1E7DC78B1F927
S214009C0000009442ECD95C788B88013CA3F1FF06F7
S214009C10734201F10405E4B2734101F10C07DEB2B0
S214009C20B44216D805EBC3034FF47A756A43B3F90A
S214009C3002405B68D21A04EBD47302EB630292FB19
S214009C40F4F29042CCDBB1F902009042C8DC10B2CC
S214009C50C6E737F833C05E1C9445E3D33346DEE7E9
S214009C600348BDE70348BBE7AB7C0400C4370020CD
S214009C700CFEFFFF0080FFFF08B50448FFF7FEFE5E
S214009C80BDE8084001202EF0AFBF00BFB07C040046
S214009C907FB51422002101A810F066F9044B01A933
S214009CA04FF0FF3002932EF0E5FF07B05DF804FB9F
S214009CB0006A18002DE9F0418CB08846DDE912767E
S214009CC01D460446002847D0002945D0002F43D023
S214009CD0002E41D013F00F033ED120482049A36048
S214009CE0002A08BF01462362C4E90013404609A9BA
S214009CF02AF0B1FB68BB2046099934F026F82946BD
S214009D00204634F022F8694640462AF033FC00BB71
S214009D10694620462AF05EFC404603A92AF035FC38
S214009D20B8B9204603A92AF055FC06970127204615
S214009D3045F0005506A9079708952AF04BFC2046E3
S214009D4009A909960A970B9534F025F8204633F0B2
S214009D50DFFF0CB0BDE8F0812120FAE70001000427
S214009D60000101042DE9F04F97B0894690461F4642
S214009D700546DDF880A0002800F0BB80002900F032
S214009D80B8803AB1229B002B00F0B380239B002BB7
S214009D9000F0AF80BAF1000F00F0AB80219B002BE3
S214009DA000F0A78067B13C680026229B43440293DC
S214009DB0464507D307B13C60002017B0BDE8F08FDA
S214009DC03C46F1E75CB1229B219A9B5D125D013413
S214009DD05340239A04F00F0493550136E8E7A8EBA6
S214009DE0060BBBF10F0F58D9434B4846C5E9003464
S214009DF0AC602C6213A92AF02EFB0028DDD1284681
S214009E0013992BF00F0B33F0A0FF5946284633F07A
S214009E109CFF484604A92AF0ADFB0028CDD1284671
S214009E2004A92AF0D7FB484607A92AF0AEFB00286B
S214009E30C3D1284607A92AF0CDFB012322992F4A31
S214009E40CDF828A00B930C928A190D9228464BF059
S214009E5000520AA90E9303920F922AF0BBFB2846E3
S214009E600DA92AF0B7FB239B039A99190123109199
S214009E7011931292214A284610A9CDF84CA01493AB
S214009E80159233F088FF284613A933F084FF28463E
S214009E9033F03EFF5E4400288FD1229B03EB060B77
S214009EA0239B1E44029B9B4501D1464680E7ACB9E6
S214009EB0219B2246CDE900A3494610232846FFF7FA
S214009EC0F9FE00287FF479AF0AF1100212F8013D7E
S214009ED00133DBB213700BB95245F7D1219A1BF848
S214009EE0013B125D0134534006F8013B04F00F04B9
S214009EF0D8E7212061E700BF03030004100000201C
S214009F007FB50E461D460446F0B102B9E3B90123FB
S214009F100192029345F00053039300230B4AA3607B
S214009F20C4E900232362204601A92AF053FB3146E8
S214009F30204633F00AFF2046294633F006FF204627
S214009F4033F0E6FE04B070BD2120FBE700000943B5
S214009F50084B984202D0084B984207D10B88B3F5BD
S214009F60105F14BF6FF08500002070476FF085000B
S214009F70704700BF004440040013C0041038102887
S214009F8008D8064BC34013F0010F0CBF6FF08600D5
S214009F90002070476FF08600704700BF0101010087
S214009FA02DE9F04FA7B008AFCDE90501DDE9329500
S214009FB0DDE9346A00210792384610229846DDF81B
S214009FC0D8B00FF0D1FF102200210CA80FF0CCFF64
S214009FD0069B2BB96FF08604204627B0BDE8F08FAD
S214009FE0079B002BF6D0B9F1000F01D1002DF1D15F
S214009FF0309B13B9319B002BECD116B9BAF1000F88
S21400A000E8D1BBF1000FE5D040460599FFF7A0FF69
S21400A01004460028E0D1014628221CA80FF0A4FF21
S21400A0202022214614A80FF09FFF1CA833F083FEC1
S21400A030002840F0AF80DDE90612059814AB2AF040
S21400A04015FB04460028C7D11498FFF797FF04466F
S21400A0500028C1D115B9CBF80000BDE7B14518D22C
S21400A06009EB05039E4214D25545B3D82A46494605
S21400A07030460FF0CBFF554B984526D006D3544BB1
S21400A080984524D003F54073984520D06FF085049A
S21400A090A2E74F4B98451BD003F54073984517D061
S21400A0A04A4B9845F2D1554594D815F00F0291D1F8
S21400A0B02B46CDE9009614A91CA8FFF7FBFD8146A8
S21400A0C000285CD1CBF8005086E7B146EDE7B146F4
S21400A0D01022002110A80FF047FF55453FF67AAF33
S21400A0E03C4B9845319B39D10D2B7FF473AF012340
S21400A0F08DF84030309B0DF1410203F10C0153F80E
S21400A100040B8B4242F8040BF9D11B781370012321
S21400A1108DF84F3015F00F0842D025F00F034B4452
S21400A1200DF1300C03F1100E6246186859680833BA
S21400A13003C273459446F7D10F2D33D825F00F038D
S21400A140334403930CABCDE9017310AB0093424646
S21400A150002314A91CA8FFF705FEB0E7102B7FF418
S21400A16039AF309B10AA03F1100E94461868596850
S21400A1700833ACE8030073456246F6D1CAE7524698
S21400A180002130460FF0F0FE0023B9F1010FCBF8A6
S21400A190003002D06FF092041EE76FF08B041BE7CE
S21400A1A00F2D8FD910ABCDE90296009301970023AF
S21400A1B025F00F0214A91CA8FFF7D4FD814600283D
S21400A1C0DDD1B8F1000F3FF47DAFB7E7004440049F
S21400A1D00010C0040013C0042DE9F04F8A46A1B059
S21400A1E00021DDE92A56DDE92C790590934606A87C
S21400A1F0102298460FF0B8FE102200210AA80FF091
S21400A200B3FEBAF1000F05D16FF08604204621B0E8
S21400A210BDE8F08FBBF1000FF6D00DB9002EF3D1DC
S21400A22017B9B9F1000FEFD12E9B002BECD04046AA
S21400A2300599FFF78DFE04460028E7D1014628223F
S21400A24016A80FF091FE202221460EA80FF08CFED5
S21400A25016A833F070FD002854D15A46514605988A
S21400A2600EAB2AF003FA04460028CFD10E98FFF76B
S21400A27085FE04460028C9D116B92E9B1860C5E78E
S21400A280BD4216D2AB199F4213D24E45BCD83246B9
S21400A290294638460FF0BAFE3A4B98455BD003F590
S21400A2A04073984531D0384B984511D06FF08504EF
S21400A2B0ACE7344B98454FD003F54073984525D00E
S21400A2C0314B9845F2D14E4503D96FF089049DE78E
S21400A2D03D46330798D133460122CDE900570EA9F3
S21400A2E016A8FFF7E7FC2E9B05461E6000288DD0BB
S21400A2F04A46002138460FF037FE00232E9A012DDD
S21400A30013603BD06FF0920480E73D460D3E4E450D
S21400A310DBD801238DF828302B460DF1290205F1F4
S21400A3200C0153F8040B8B4242F8040BF9D11B784E
S21400A3300D3513704FF48073ADF8363006AB0193CD
S21400A3400AAB009332460023CDE902570EA916A8A1
S21400A350FFF708FDC7E73D46103E4E45B5D82B46ED
S21400A3600DF1280C05F1100E62461868596808337E
S21400A37003C273459446F7D11035DFE76FF08B04C0
S21400A38044E700BF0010C0040044400410B54FF47A
S21400A3902F72002104460FF0E7FD8023C4F88C30AE
S21400A3A0054B04F19C00C4F88430012384F88830FF
S21400A3B0BDE8104029F042BABFE7030010B5D0F858
S21400A3C0A0400A468CB92AF067FB044610B9002460
S21400A3D0204610BD2D2896BF064B074953F820107F
S21400A3E0064A07482AF09EFCF2E7D0F8A41010466A
S21400A3F0A047ECE79C7D0400C2E70300EBE5030002
S21400A400F2E80300F8B590F88060044616B100261E
S21400A4103046F8BD2AF073F90028F8D1012384F8F5
S21400A420803094F8883033B1D4F884101F4884F80C
S21400A43088602AF077FC4FF0FF37D4F8B402421C4D
S21400A4401FD0C4F8B47210F0FF052CD020462AF0B6
S21400A45053F92946204600F0A7FB0028EDD02046F9
S21400A4602AF058F994F888303BB1D4F884100F4895
S21400A4702AF058FC002384F88830002384F88030C3
S21400A480C6E72AF034FC431CDDD1D4F88C30D4F86F
S21400A4909420013B9A4204DB054A064906482AF006
S21400A4A041FC0126E9E70126C7E700BF8DFA030055
S21400A4B0EBE50300D0E70300F2E80300F8B50B78FD
S21400A4C00446302B0D46164604D14B7803F0DF03C6
S21400A4D0582B11D0284F6A1E12F8011F002934D1BC
S21400A4E028460A220FF030FC202C03460D4631D1B8
S21400A4F0B1FA81F040091AE04A1C1F4912F8013FE0
S21400A5008BB928460FF02CFC1C4B02382340032B3B
S21400A51012D10134A41084420AD1A87837288CBFFF
S21400A5200020012003E0CB5C13F04400E6D1F8BD28
S21400A530CCBF01200020FAE7002CB8BF0334B0EBF4
S21400A540A40FD4BF01200020F1E77B5C13F00400C9
S21400A550C2D1ECE726B1084302D0013B61F1000509
S21400A5600122A240013A1A40002D08BF9A420CBFB1
S21400A57001200020DBE700BF89A304000300008061
S21400A580F0B5037801467B2B17D10646022400223D
S21400A5900B4F16F8015F7D2D05D10B5D6BB9D243CD
S21400A5A002F0010008E07B5D13F0440002D00132A7
S21400A5B00134EEE7202DFBD0F0BD0020FCE700BF05
S21400A5C089A3040070B506460D460FF0C9FB044685
S21400A5D030462AF0A7FB044EAC4200D370BD30468E
S21400A5E02AF0A0FB0134F7E765F103002DE9F84FE8
S21400A5F0044602215148FFF7E5FF1E212068FFF7B9
S21400A600E1FF636858682AF08DFB4D482AF08AFB04
S21400A61067683B7BFD2B12D8D7F808804FF0FF36D3
S21400A62040460FF09DFB0546DFF81091DFF870A15D
S21400A630DFF84CB10C3717F8013BFF2B01D1BDE812
S21400A640F88F212B18D8212B36D8DFE803F0377285
S21400A65074111B1D1F213535353535353535232508
S21400A66027292B2D2F3135353535353535353D33C5
S21400A670344C002D2BD12EE0334C344AFE2B08BF31
S21400A6801446F6E7324CF4E7324CF2E7324CF0E789
S21400A690324CEEE7324CECE7324CEAE7324CE8E775
S21400A6A0324CE6E7324CE4E7324CE2E7324CE0E785
S21400A6B0324CDEE7324CDCE7234CDAE7314CD8E7A5
S21400A6C02AF024FB01362AE0002DB4D02E4C202B95
S21400A6D006F10106AFD002214846FFF773FF1E21A0
S21400A6E04846FFF76FFF50462AF01CFB59462046A7
S21400A6F00FF090FE2549002818BF214624482AF06E
S21400A70011FB3B78202B02D12B202AF0FFFA2148A0
S21400A7102AF008FB4DB118F806301F2B05D018F8A4
S21400A72006001F2801D0AE42CADB05482AF0FAFA16
S21400A73081E7194C9DE7194C9BE700BF05330400E1
S21400A740EBE503007AE803008CE8030071020400DE
S21400A750D7E80300DEE80300CFE80300CBE80300F9
S21400A760C2E80300B8E80300AEE80300C3E803004D
S21400A770B9E80300AFE80300A4E803009DE803007F
S21400A78094E8030079E803007FE803008AE8030002
S21400A7908DFA030003EC0300D6E80300DDE80300AF
S21400A7A0590304002DE9F04F9BB005468B46002464
S21400A7B0009203930FF0D4FA249F039B04901C602E
S21400A7C028463C600AAA09A92AF0CEFA064658B9D5
S21400A7D00A980FF0C5FA3446B046039B1860D5F8C1
S21400A7E09C300293029B1BB920461BB0BDE8F08F3D
S21400A7F0029BD3F80890B9F1000F6CD02E4416F8DF
S21400A800013B202B11D000260C23734309EB030ACF
S21400A81059F803300193002B58D0099B434555DB6C
S21400A8209AF808202AB1721C39E03B6801333B6075
S21400A830E5E73968D5F894200793039B521A1A6007
S21400A8401AAB03EB880151F8403C01991846059372
S21400A8500FF0A0FD06900028E5D101980FF080FAD1
S21400A860DDE906230146DAF80400D7F800A090F8E0
S21400A8700CC0BCF1FE0F16D103F1FF3EC64512D048
S21400A880D0F80090059801920FF06AFA0AF1010AD2
S21400A890019A50442B5C23B1386008F10108164633
S21400A8A0B2E70130F6E7D5F894200591A2EB0A024C
S21400A8B08A4220DC58460FF053FA059901447B295A
S21400A8C00DD958461F4A009928F0DFFF2B46049AF8
S21400A8D02A4493422CD1029B1B68029382E7DDE94F
S21400A8E00012584628F0D1FF5846174A00990134FE
S21400A8F028F0CBFF97E7BCF1FE0F94D1013B434510
S21400A90091D1D0F800A0DFF840905AF80C2B22B96D
S21400A910049B3B60039B1A60D8E75846009928F0D2
S21400A920B4FF4A465846009928F0AFFF0134ECE7DA
S21400A93013F8011B0029CCD14FF0200103F8011CAD
S21400A940C7E700BFE4E8030065F103002DE9F04720
S21400A950002486B01C60DDE90EA8064689468AF803
S21400A96000401168154888F8004017461D468DF8C7
S21400A9701740FCF729FB18B901242B6801332B601C
S21400A9800020D6F89C6036B914B1012388F8003050
S21400A99006B0BDE8F087B06868B14B460021CDE947
S21400A9A002A8CDE900750DF117022AF014F89DF8FB
S21400A9B01730002BE8D13668E5E700BFE9E803006A
S21400A9C02DE9F0470446ADF5447D8022002104A819
S21400A9D002AF0FF0C9FA80222046009703AB04A905
S21400A9E0FFF7E0FE01283DD104A80FF0B9F903995E
S21400A9F03B68461A0B4426EAE6762344054604A836
S21400AA003246014418460FF03FFC00228255D4F827
S21400AA109060039B3968D4F890201944B14212DC48
S21400AA20D4F89410E81A0244C4F89020014404AA0A
S21400AA30C4F89410D41825182B1B002B0DDC0DF52C
S21400AA40447DBDE8F087A05C2AF060F9D4F8903029
S21400AA5001360133C4F89030DBE714F8010B2AF016
S21400AA6055F9E9E7EBDD24AD8022002128460DF5F7
S21400AA70887A0FF079FA0DF110094FF40072002170
S21400AA8050460FF071FA4FF001084A46002312F8BC
S21400AA90016BA6B904A84AF828300FF061F92946D8
S21400AAA0334698451CDB19F8016B0DF5887C5CF87D
S21400AAB0042B82420CD101F8016B0133F1E7202E02
S21400AAC003F1010304BF4AF8283008F10108DEE765
S21400AAD00DF1100E7244D25CB242E8D00022EA5465
S21400AAE0D4F89060039BB3422FDC23462C4A04A97B
S21400AAF02C482AF017F928460FF032F90646039B31
S21400AB003F68F61A1F4426EAE672E01917441D4409
S21400AB10E11904F1900399423CD904F19803984254
S21400AB2038D26A1E81190B1A002B27DD12F8013F56
S21400AB3000F8013BD4F890300133C4F89030D4F8D4
S21400AB4094300133C4F89430EDE7D4F890300136F1
S21400AB50E05C2AF0DBF8D4F890300133C4F890308B
S21400AB60C0E7D4F89020013B0132C4F89020D4F816
S21400AB7094200132C4F89420002BF2DC00232E44EB
S21400AB80E355731B002B7FF75AAF15F8010B2AF01D
S21400AB90BDF8F6E729460FF077FB3346ECE700BF33
S21400ABA0BFE70300EEE803002DE9F843D0E924569A
S21400ABB004460F46002294F89830012B07D10A2F3E
S21400ABC007D1002384F898300020BDE8F88300F20F
S21400ABD09F801B2F01D10223F4E70D2F0DD10123F7
S21400ABE084F898300D202AF091F80A202AF08EF882
S21400ABF000230120C4E92433E7E74FF00008082FBC
S21400AC0084F8988034D1454530DDB5420FD13846BA
S21400AC102AF07CF820202AF079F8013D38462AF000
S21400AC2075F8013E04F80580C4E92456CCE7FBDA43
S21400AC3005F1FF3938462AF069F804EB0903A6EB5C
S21400AC400902611918460FF0E1F904F8068001467A
S21400AC50013E48482AF066F835464D4501DC4D462B
S21400AC60E2E708202AF052F8013DF6E7ACD0DBE731
S21400AC707F2F1CD1002EA7DDB542A5DA6319691C0B
S21400AC8021441846721B0FF0C1F904F806800146ED
S21400AC9039482AF047F80820013E2AF037F8B5422E
S21400ACA0F9D1D4F89430013BC4F894308CE70A2FDD
S21400ACB098D0092F03D12046FFF782FE84E7D4F808
S21400ACC08C30013BB3427FF77FAFB54204EB0508FB
S21400ACD005F101090CDB384688F80070D4F894308A
S21400ACE0C4F890900133C4F894302AF00FF86BE75C
S21400ACF04146721B04EB09000FF088F940462AF023
S21400AD0011F80820013E2AF001F8B542F9DDE2E725
S21400AD10022B06D15B2F01D1032353E784F898203A
S21400AD2049E7032B7FF450AF413F84F89820032F68
S21400AD303FF64AAFDFE807F002070A160121204671
S21400AD4029F095FF40E74FF0FF31F8E7B542BFF630
S21400AD503BAF605D29F0DAFFD4F890300133C4F8D9
S21400AD60903031E7002D7FF72FAF013D0820C4F863
S21400AD709050BAE7F7E80300F1EC030008B5024884
S21400AD80FEF720FC002008BD00B4C40430B58BB02C
S21400AD906C46174D0FCD0FC40FCD0FC495E80300BA
S21400ADA084E80300134BD3F84C2112031CD5A3F5FB
S21400ADB0FE431C884FF6FF739C4208BF8C248DF818
S21400ADC01940FEF7E7FC204480F308008DF81800D1
S21400ADD00948FCF791F96846FEF744FC3220FEF776
S21400ADE0DFFC00200BB030BDD3F85041E4B2E6E7FC
S21400ADF0547E04000080E00F00F049020028ACBF3B
S21400AE0000F16040064B4FEA0111C9B2ABBF00F536
S21400AE10614000F00F0080F800131954704700BF1F
S21400AE2014ED00E008B532F027FF0B4B1A7872B924
S21400AE3001221A7032F01BFF6FF004021046013236
S21400AE40052152B2FFF7DAFF3D2AF7D108BDBDE86B
S21400AE50084032F00CBF00BF02590020002807DB74
S21400AE6001234109034A00F01F00834042F82130C5
S21400AE70704700BF00E100E0054B421153F8223056
S21400AE8000F01F0023FA00F0C04300F001007047F6
S21400AE9000E100E0002808DB01224309034900F036
S21400AEA01F008240603341F82320704700E100E035
S21400AEB010B5044632F0D3FE024B1C6032F0CAFED8
S21400AEC0002010BDEC37002010B532F0C8FE034B52
S21400AED01C6832F0BFFE204610BD00BFEC370020D5
S21400AEE038B50C461546014610B9FFF7EDFF01468A
S21400AEF02B46224603480DF047FF0028D4BF3720D4
S21400AF00002038BDBF4E030008B500F0E3FB18B1C3
S21400AF106A21024832F0A2FF002008BDFCE80300C8
S21400AF2008B500F049F80C4A536A43F4702353629C
S21400AF30EFF308834FF0CD31084A043B934208D222
S21400AF4000F070FAFFF7E0FFBDE808400448FEF79F
S21400AF5095BD43F80419F1E700ED00E00800002075
S21400AF60B07C040007B5042200200DEB02012DF092
S21400AF70F9FD042803D0D721044832F06FFF01986A
S21400AF8000F0DCF903B05DF804FB00BFFCE803004A
S21400AF90082310B50C0A41400648C9B241F3000226
S21400AFA0013B024013F0FF0382EA5101F6D184EA26
S21400AFB0010010BD2083B8ED38B5FEF73BFC044613
S21400AFC029F08CF9E3072AD401221046114600FA2C
S21400AFD001F3234002F1010223D01D4B33F8113058
S21400AFE01C48062B028844881B4920D14FF20F03C9
S21400AFF09C4219D1B2F5406F28BF4FF4C0624CF2A4
S21400B0003C330A80438040F201730A889A4201BFAB
S21400B010124B134AD2E90001C3E9000115E00021F2
S21400B020DBE7102AD2D1DBE74FF4C062E7E740F255
S21400B0300725AB420AD14FF20F05AC4206D19A4221
S21400B04004D14CF23C320B80428038BD0B80DAE7EC
S21400B0501480040040600020FE510020F0370020DD
S21400B06038600020014B1888704700BFFE51002052
S21400B070014B1888000A7047FE510020044B054813
S21400B0801B881A0AB3F5406F38BF00EB8200704782
S21400B090FE510020E47F0400044B1888044B020A8B
S21400B0A053F82230C0B203EB80007047FE510020F8
S21400B0B0B47F040010B5044632F0D5FD4FF20F02FF
S21400B0C0044B1C805A80BFF35F8FBDE8104029F008
S21400B0D0C0BE00BF406000206D4A2DE9F0416D4BB8
S21400B0E055686D4C5D65516A99656C49D1F80002EA
S21400B0F0D865D1F80412586B1966916A10F0040FDF
S21400B1005966D16A4FF000009966116BD966516B8B
S21400B1101967D26BD8645A67D3E90E1218BF114666
S21400B1205F4A91421A655DD301F12000A04259D8CA
S21400B1308869C5F308051864CE69062D5E6455D186
S21400B140584DA84252D3584DA8424FD205884DF6C6
S21400B150426085424AD11868C3F890005868C3F820
S21400B160940040F20170A242154604D22E680432C2
S21400B170B6F1CD3FF7D00022C3E91E22C3E9202254
S21400B180C3E92222641BDFF81CC1434DDFF818E137
S21400B1909C648D422DD8D3E91EC7D3E92065D3E938
S21400B1A022414FF0000E013AD2B2FF2A3CD1BEF146
S21400B1B0000F05D0C3E91EC7C3E92065C3E92241D5
S21400B1C0B3F85430C3F308030C2B3BD8022B54D9E6
S21400B1D0DA1E092A51D8DFE802F0315740435050B2
S21400B1E05050504D0021C3E910112D494FF42060F6
S21400B1F0B9E755F8044D6445CBD37445C9D2E60784
S21400B200C7D50026294F57F8048FA045C1D0013670
S21400B210062EF8D132B1013AD2B202F11E0643F838
S21400B2202640B6E70522F8E7E0464FF0010EBC469A
S21400B23037462E4625460C464146B4E740F60120E2
S21400B240BDE8F0813B2B18D1194B9B6913F0020F18
S21400B25040F2025318BF1846F2E740F60320EFE725
S21400B26040F6042240F20173B0F5206F0CBF104682
S21400B2701846E5E740F60520E2E740F60722013BE0
S21400B2804B2B98BF1046DBE740F60220D8E700BFFE
S21400B29000ED00E0A85F00200810002000E100E0BC
S21400B2A008000020D042000080E203001C6000205E
S21400B2B00080015A00F00CB800F00AB800F008B898
S21400B2C000F006B800F004B800F002B800F000B8CD
S21400B2D072B61EF0080F09D01EF0040F0DD0DFF86E
S21400B2E050E0AEE8FF1F6FF002000CE0DFF840E031
S21400B2F0AEE8FF1F6FF00E0005E0DFF834E0AEE8C2
S21400B300FF1F6FF006006946EFF309828EE807001C
S21400B31086460848084C854501D3A54501D384F3E5
S21400B3200888FFF7D9FE84F30888FFF7C3FE0000FD
S21400B330A85F002048000020081000204BF6EF62AF
S21400B34083B2002B08BF1346044A000C13804FF646
S21400B350CE2308BF1846024B18807047646800204A
S21400B360626800200B4BB3F900201888002AB8BF8B
S21400B37080F0620042001A80074AB2F90010138873
S21400B3800029BCBF83F4805383F00B03590011805F
S21400B39058407047646800206268002007B5684619
S21400B3A000F01AF8DDE900010022034B03B05DF857
S21400B3B004EB2AF04AB800BFF837002007B5009320
S21400B3C013460A460146034829F0F3FD03B05DF82C
S21400B3D004FB00BFF83700200249034A0160521AF6
S21400B3E0426070473869002000000120004870471E
S21400B3F0F837002038B54160044632F030FC054688
S21400B4002146044828F01DFA2846BDE8384032F0A8
S21400B41021BC00BF20380020014828F00FBA00BF2A
S21400B420203800200222014B1A6770470040005067
S21400B43070B532F014FC174E0546174832F0BAFCC9
S21400B4403378CBB900F046F9044620B1284632F0EE
S21400B45001FC204670BDFFF7DFFF32F072FD0F4B98
S21400B4601C6031F0A7F90E4B0E4A1860536F43F07C
S21400B470010353672AF005F800F028F82AF018F8B8
S21400B480094B0024186001232846337032F0E2FB93
S21400B490DFE700BF0E5900208C7E04002438002011
S21400B4A04C3800200040005028380020054B1B6810
S21400B4B05843054B00F5742000F23F20B0FBF3F034
S21400B4C0704700BF4C38002040420F00294B2A4AE4
S21400B4D0D3F8003170B503F00303136030F000FFBB
S21400B4E04FF4C870FFF7E2FF0022244B244918608F
S21400B4F0244C0B680132D2B20A2A44F8040BF9D164
S21400B500034400EBC00003440B601F4B1F4D1B7829
S21400B51013B3184BD3F8003103F00303022B22D0E9
S21400B520032B23D0012B17D130F072FC024698B1C2
S21400B530174B184EDC6800231946C4F30B0401347D
S21400B54004EB84040138E4FB06010EF0A1F9FFF7D2
S21400B550ADFF2B6803442B601F20FFF7A7FF2B6867
S21400B56003442B6070BD30F09DFCDFE732F08AFBB1
S21400B570DCE700BF008000508C38002050380020E8
S21400B58054380020583800201259002084380020F3
S21400B59000C0015040420F000122154B10B55A67FB
S21400B5A0144B154C1B7813B3022032F0BBFCF0B1E1
S21400B5B031F086F9D8B1A36DD90302D5E36D9A07A9
S21400B5C015D40D4B9B6DDB0711D401220B4B1A7063
S21400B5D032F09CFCBDE81040094B0A4A1860136F15
S21400B5E023F0070343F00303136730F0F7BB10BDE7
S21400B5F000D000501359002000C000501059002001
S21400B60080380020008000500122014B1A707047DD
S21400B6101359002007B5FFF7C1FE01A8FEF778F919
S21400B6209DF80530012B25D1234B9A6DD20311D4FA
S21400B6305A6B6FF3162242F4BC1242F4A0625A63AD
S21400B6401A6B22F4704242F440421A631A6B42F4B8
S21400B650E0621A639DF8043063B94FF000531B682C
S21400B660164B1B68164B1B68164B1B68164B1B6845
S21400B670164B1B68164AD2F8803043F00303C2F814
S21400B680803029F01DFFFFF7CDFBFFF777FBFFF7B4
S21400B6907DFB0DF0C3FBFFF7CBFE00F01BF829F097
S21400B6A010FFFFF73DFC29F01BFF2DF095F803B0C7
S21400B6B05DF804EB29F006BF00C0005000400020F3
S21400B6C00080002000C00020000001200040012073
S21400B6D00080005070B532F0CFFA144E054634782C
S21400B6E0FCB9134B1C60134B1C60134B1C6000F022
S21400B6F031F8012031F0D2F931F0C4F90F4B02468F
S21400B700186020B9284632F0B2FA232070BD2346CE
S21400B71040F2E7310A480EF0BBF80A4B18600123E6
S21400B7203370284632F0A3FA0020EFE716590020BF
S21400B7309C38002098380020A4380020A03800202C
S21400B74018FCFFFF94380020014B1868704700BFB4
S21400B750943800201FB50024184B18689A88029069
S21400B760D3F806009B7A00901548ADF80C208DF8AB
S21400B770043032F01FFB02A88DF808408DF80C400C
S21400B780FEF7A2F8694601208DF80040FEF760F843
S21400B7901F220C4B9A615A614FF0B042936A13F025
S21400B7A00803FBD113620120FEF76CF80A20FFF7AE
S21400B7B071FB0A20FFF752FB04B010BD3D80040069
S21400B7C0887E04000020005810B532F055FA4FF07D
S21400B7D0B04304465B691A07074A03F0010003F00A
S21400B7E00D0348BF40F00200536131F07FF8204659
S21400B7F0BDE8104032F03BBA0020005821282DE961
S21400B800F341054604D82C46204602B0BDE8F08138
S21400B81000240B4E0B4FDFF830800023CDF800805D
S21400B8201A461946386828F055FB8442EBD2222C7B
S21400B830E9D056F8043BAB42E6D00134EDE700BF52
S21400B8405C83040038630020FFFF0F002DE9F04FF3
S21400B850644E654D89B029F08FFE31682868FCF784
S21400B860D1FD0446002827D033680024D3E9000120
S21400B8709A6912689047336804A89B699B68984742
S21400B880336802209B69DB689847326805985368DE
S21400B890E7B2B3FBF0F3BB42916904F101044ED862
S21400B8A0CB680020984733689B695B689847316887
S21400B8B02868FCF7A7FD04460027DFF844A1DFF858
S21400B8C04481DFF84491F4B9484B2868DB5D002BCF
S21400B8D000F08380D8F8006002AB314603AAFCF77C
S21400B8E013FF2D2807D070B9039B012B0BD03146D0
S21400B8F02868FDF75DF9DAF8003031461A682868DE
S21400B900FDF7D6F804460137222F0AF1040A08F19B
S21400B910040809F10109D6D1B4FA84F3344A5B0964
S21400B92013702B681B7C33B129F0F2FD18B1DB21B4
S21400B930304832F093FA204609B0BDE8F08F12681E
S21400B9400B6907FB002098479FE7D8F8003003AA4A
S21400B950194402AB0191FCF7D7FE2D280346019946
S21400B9602BD0286813B30BF1010B5FFA8BF18E42D4
S21400B9702868EAD8204BDB5D002BC4D0F3B27E2BC0
S21400B9802868C0D8D8F8003003AA06EB030B59463F
S21400B99002ABFCF7B9FE2D28B5D059462868FDF74E
S21400B9A007F9013604460028E8D0ACE7039B7BB9CC
S21400B9B099F80020029B9A42D5D099F80030DAF820
S21400B9C000202868FCF76EFF0028CCD00446D1E79C
S21400B9D00191FDF7EDF80199EFE7084BA346DE5D10
S21400B9E0C3E700BF186300203863002038830400D4
S21400B9F01859002083E9030016830400D28204004D
S21400BA00488004005C830400F4820400F8B51F46F6
S21400BA10214B04461B780D46164623B100F47E23C0
S21400BA20B3F50E2F2BD02046FFF7E8FE212804465C
S21400BA3014D81A4B53F82010194B1B78ABB1194B7E
S21400BA40212C18681DD8184B1B5DD3B13268FDF742
S21400BA502FF8044650B129F05AFD07E0FF2807D911
S21400BA603A46314680B229F066FA00242046F8BDF0
S21400BA704FF4A9710D4832F0F1F90021DCE70146D8
S21400BA80DAE77F2D08BF00253B46324651FA85F19E
S21400BA90FCF708FFDDE700BF175900205C830400B1
S21400BAA018590020386300203883040083E9030017
S21400BAB030B5134600F07E62B2F17E6F8BB00DD1CA
S21400BAC00A46C0F30B016846FEF71AFA20B140F2A8
S21400BAD09311094832F0C2F90BB030BD5A0829F06C
S21400BAE019FD0028F8D04FF49C7103480BB0BDE850
S21400BAF0304032F0B3B900BF14EA03002DE9F74333
S21400BB00C70705460E46144604D540F2E3114948D9
S21400BB1032F0A4F9E10704D54FF4F271454832F04B
S21400BB209DF9454B93F80080B8F1000F20D043F202
S21400BB3060239D4208D12246314640480EF0A4FBC1
S21400BB40002003B0BDE8F083C5F30B0705F44055AD
S21400BB50B5F5805F14BF4FF40F204FF40E20234638
S21400BB6032467F21384303B0BDE8F043FFF74EBFAF
S21400BB7005F47043B3F5805F3FD1C5F30B05304A3B
S21400BB8005F17E65631E2B44934230D82F46DFF8BE
S21400BB90A49007EB0408474542D1AA070ED04FF6FB
S21400BBA0FF7336F8022BA81E43EA024304220DEB6D
S21400BBB002010193FFF77CFF0235023CA3070ED07B
S21400BBC0023C24F00103F35A04226FEA03436FEAAF
S21400BBD013430DEB020128190193FFF769FF002CB0
S21400BBE0AED0224631462846FFF762FFA8E740F26D
S21400BBF0FD11104832F032F9C8E705F46043B3F59A
S21400BC00005F04D1C5F30B0505F53E25BEE740F2FF
S21400BC100521084832F022F96FF00F074546B6E7CF
S21400BC2017F8013BFF2BB6D04FF40471484632F0AC
S21400BC3015F9B0E714EA03001759002066680020DB
S21400BC40FF03E00F10B500F077F829F0AFFC0446CC
S21400BC5018B100F079F8204610BD00F07BF80446D5
S21400BC600028F6D10122014B1A70F2E7195900207C
S21400BC70054B1B7833B1054BC0F31301002218683F
S21400BC80FCF75ABF1120704719590020386300206E
S21400BC90144B2DE9F0411B7805460E461746FBB1BE
S21400BCA029F06BFC012805D9841EE4B2012C09D9C1
S21400BCB0212412E03B4631462846BDE8F0410022EA
S21400BCC000F052B800F038F83B46002231462846CD
S21400BCD000F076F8044600F037F82046BDE8F0811C
S21400BCE01124FAE719590020124B70B51B78044648
S21400BCF00D461646E3B129F040FC012805D9831EFF
S21400BD00DBB2012B08D9212410E032462946204612
S21400BD10BDE8704000F040B800F00EF8204632460D
S21400BD20294629F045FC044600F00EF8204670BD72
S21400BD301124FBE71959002008B531F090FF014B9C
S21400BD40186008BDA8380020014B186831F082BF83
S21400BD50A8380020024B1968024B1868FCF752BB43
S21400BD60186300203863002037B505460C46C0F33C
S21400BD7013010848ED02006805D5224603B0BDE869
S21400BD803040FCF78DBC009313462246FCF742FC7D
S21400BD9003B030BD3863002030B405461346074A6A
S21400BDA00C46C0F313011068EA0203D5226830BCC3
S21400BDB0FCF77EBE224630BCFCF774BD386300201C
S21400BDC0F7B505460F4614461E461BB921252846DC
S21400BDD003B0F0BD0029F9D029F0CFFB4BF2346256
S21400BDE0ABB2934220D14FF0FF3322466946CDE9ED
S21400BDF0003325483346FFF7E3FF0822054623496C
S21400BE0068460EF0FDFB38B933462246694641F2D5
S21400BE10F010FFF7D5FF0546002DD8D1324669460B
S21400BE2038460EF031FAD2E741F2F01293420FD1C3
S21400BE30174B311908299A6CDB6CC7D8CDE900235B
S21400BE4032460DEB040138460EF01EFA0025BEE71A
S21400BE5002280BD1C5F30C4332199342B6D3C5F36F
S21400BE600B0104F17E6432462144ECE7032809D135
S21400BE70C5F30C4332199342A8D3C5F30B0104F55E
S21400BE803E24F0E70125A2E7021008C0E88304007C
S21400BE900080E00F10B52BF03FFE2CF0F5FEBDE85D
S21400BEA01040034601210220014A02F00BBC00BFED
S21400BEB0ABEA030013B5D0E9023253F822301C78FF
S21400BEC020462BF03BFE2346009001210220024A2A
S21400BED002F0F8FB02B010BDBFEA0300014B187871
S21400BEE02BF001BA1A590020FF232DE9F04F8FB02E
S21400BEF01122002108A88DF813300EF035F808A896
S21400BF002AF0ADFB01210220B04A08AB02F0DAFBB2
S21400BF1041F24903AE4A0121022002F0D3FB06A8F3
S21400BF202AF0CCFC08A90DF113002AF0D2FC02205E
S21400BF300021A84A02F0C6FB00202BF005FA10B13B
S21400BF4006A809F0CDFB9DF92A3001210220A24A5D
S21400BF5000939DF82B3002F0B5FB2BF0D9FD831E25
S21400BF60DBB2FC2B054631D8012102209B4A02F0A9
S21400BF70A9FB01249A4E9B4FDFF8D0822346324617
S21400BF800021022002F09EFB05A9E0B22BF0C2FDC4
S21400BF90034650B1A0F11602012A40F2AA8042469A
S21400BFA00121022002F08EFB0CE09DF914303A4687
S21400BFB001939DF816300121009302209DF815305C
S21400BFC002F080FB0134E3B29D42D7D8BDF828408A
S21400BFD007F072FF23460021834A0090022002F0F9
S21400BFE071FB02200021814A02F06CFB00202BF03E
S21400BFF0ABF910B108A809F073FB01217C4A0220B6
S21400C00002F060FB2BF0E2FC04462BF0DDFC23463E
S21400C0100121784A0090022002F054FB08F024FC2C
S21400C02000210220744A02F04DFB9DF81330FF2BCE
S21400C03065D000210220714A02F044FB01216C4ABF
S21400C040022002F03FFB2AF049FC012103466C4A1D
S21400C050022002F037FB07F007FF00210346694A7B
S21400C060022002F02FFB2AF03FFC04462AF03EFC9A
S21400C07023460121644A0090022002F023FB31F09F
S21400C080FAFE08F099FC01210346604A022002F0FD
S21400C09019FB0025DFF8B88108F08EFCECB2A04250
S21400C0A033D831F0E8FE0123594A1946022002F03F
S21400C0B009FB00202BF017F9564B574C0093012133
S21400C0C000230220554A02F0FDFA236863B10121DD
S21400C0D002201B78524A02F0F5FA2368012102205A
S21400C0E05B78504A02F0EEFA2BF002F90FB0BDE88A
S21400C0F0F08F012102204C4A02F0E4FA62E70021A8
S21400C10002204A4A02F0DEFA98E7494B204603EB43
S21400C1100416D6F8089008F009FD8246204608F076
S21400C12051FC444F00280CBFC346BB46204608F0CF
S21400C130FDFC0AF0B7FA002808BF47465346002120
S21400C1400220CDE900B73C4A02F0BCFAB3790121DF
S21400C1500293B388022001937388384A0093337B96
S21400C16002F0B0FA0026DFF8ECB099F80430F4B22A
S21400C170A34203D831F07FFE01358DE714235C43DC
S21400C180D9F8007002203A5B07EB040A9AF90C30E3
S21400C19000922B4A002132EA230228BF5A46134651
S21400C1A0284A02F08FFA00202BF0CEF838B150461D
S21400C1B03C5B2AF002FC014620460AF0C1FA012147
S21400C1C00220214A02F07EFA0136CEE700EB030099
S21400C1D00FEB03002BEB030057EB030032EB0300DF
S21400C1E048EB03004FEB030084EB0300A4EB0300D3
S21400C1F0EEEB0300ADEB0300CFEB0300F009040009
S21400C200DAEB0300F0EB030006EC03001CEC030083
S21400C21095EC0300ADEC0300443D0020A1EC0300C8
S21400C220BBEC0300CFEC03006CEB03008CE80300D0
S21400C230783C0020D7EA030027EC030047EC030015
S21400C240F4EA03007DEC03000533040077EB0300FB
S21400C250DFEA0300E8EA03002DE9F7430025134E62
S21400C260DFF8588008F0A8FBECB2A04202D803B072
S21400C270BDE8F0832701204616F8079008F0A2FBD9
S21400C2800B4A4B46002808BF424600210220009277
S21400C290084A02F017FAF05D2AF02CFB0121022072
S21400C2A0054A02F00FFA0135DCE700BF783C0020B3
S21400C2B09E390400EAEC030005330400A8390400A4
S21400C2C008B583685A681178C26853F82230A1F11D
S21400C2D0650251425141187808F02AFD30B9BDE890
S21400C2E0084001210220024A02F0ECB908BD00BF56
S21400C2F0F5EC030000210220014A02F0E3B900BF7A
S21400C3000FED030000210220014A02F0DBB900BF56
S21400C3103DED030010B5044686B01822002168469D
S21400C3200DF022FE68462AF05BFFD4E9022052F8A0
S21400C330203002EB80021B788DF80B30516891F9A3
S21400C34000108DF80A1091680988ADF80810616829
S21400C350091A032907DDD26803F01F03127843EA9F
S21400C36042138DF80B30684607F054FE0021034652
S21400C370024A022002F0A6F906B010BD59ED0300ED
S21400C38007B500202BF088FB00210090034B02200D
S21400C390034A02F097F903B05DF804FB66ED03006C
S21400C3A06CED030013B5D0E9023253F8221003EB0C
S21400C3B082035B68087819680023094CA222994218
S21400C3C008BF2146C01A18BF01202BF059FB0121D7
S21400C3D00090044B0420044A02F074F902B010BD29
S21400C3E000F8FF07332F04007EEE030013B5D0E9F4
S21400C3F0023203EB820153F82230D1E90114187897
S21400C400FF22003818BF0120237809682BF038FB7C
S21400C41001210090034B0420034A02F053F902B0B6
S21400C42010BD00BF77ED03007EEE030008B50021C7
S21400C43001230C4A2BF096F90A482AF0F4FE002055
S21400C440094909F0E5F900202AF07EFF10B10548F9
S21400C45009F046F9BDE8084001210420034A02F02D
S21400C46031B900BF4B5E00208CED0300053304009D
S21400C47010B52AF03DFA034630B1BDE81040012160
S21400C4800420054A02F01EB90121BDE81040042030
S21400C490024A02F017B900BF9AED0300ABED0300A5
S21400C4A010B52AF0C4FEBDE8104003460121022064
S21400C4B0014A02F007B900BFB6ED030010B52AF036
S21400C4C085FEBDE81040034601210220014A02F025
S21400C4D0F9B800BFCCED030037B5D0E9023201242D
S21400C4E053F822304FF6FF701D78FE2204FA05F14D
S21400C4F000232BF039FB2B46009021460420024AED
S21400C50002F0E0F803B030BDE0ED0300D0E90232FF
S21400C51053F822301B7823B101210220024A02F090
S21400C520D1B8024A13707047FFED03001A59002075
S21400C53007B568462AF0C2F907F0BEFC012103469B
S21400C540084A022002F0BEF8684609F0C9F807F06B
S21400C55027FF01210346044A022002F0B3F803B085
S21400C5605DF804FB15EE03002FEE030037B5D0E9A7
S21400C5700245406854F82530401B0328D8BF0020E9
S21400C58004EB8504C8BFE06819786368C8BF007804
S21400C5901A78A36893F90030009001202BF05EFA19
S21400C5A038B901210220084A03B0BDE8304002F045
S21400C5B089B8064B0190009301210220044B054ADE
S21400C5C002F080F803B030BD40EE030048EE0300F2
S21400C5D0E21A04005CEE030007B501202BF046FAD1
S21400C5E048B9009001210220084B094A02F06AF877
S21400C5F003B05DF804FB054B019000930121022077
S21400C600044B054A02F05EF8F2E700BF48EE03006E
S21400C61073EE0300914704005CEE030008B5D0E912
S21400C620023253F8223018782BF0D4F930B9044A85
S21400C6300121BDE80840042002F044B8014AF7E7AB
S21400C64088EE0300A4EE030008B5D0E9023253F8E2
S21400C650223018882BF0BCF930B9044A0121BDE815
S21400C6600840042002F02EB8014AF7E7C3EE0300A4
S21400C670F3EE030073B50378044613F0050F0ED0EF
S21400C6804588062D17D1836801215B68174A1B78F9
S21400C6900193838804200093154B02F013F8237847
S21400C6A0012B20D001210420114B124A02B0BDE814
S21400C6B0704002F007B835B98388012104200E4A7D
S21400C6C002F000F8EBE7012DE9D186680B4900205F
S21400C6D009F09EF8304609F003F829460420084A77
S21400C6E001F0F0FFDBE702B070BD00BF29EF0300EA
S21400C6F020EF03007BEF030046EF030063EF030029
S21400C700053304002DE9F04F00268FB0364D09ACF6
S21400C7100FCD0FC42B6801210220344A236001F09C
S21400C720D1FF3446DFF8DC902AF0DCF8F5B2A842F8
S21400C7300BD82AF0D7F823460090012102202C4A75
S21400C74001F0C0FF0FB0BDE8F08F284605A92BF01A
S21400C75023F90346002841D19DF81430032B39D91C
S21400C76004238DF814302B4600210220214A01F0C4
S21400C770A9FF9DF814300EAA02EB830300214A4657
S21400C78053F8143C022001F09DFF28469DF821A096
S21400C7909DF815B09DF81870BDF816802BF0FEF8C1
S21400C7A05346CDE9028000210220CDE900B7124AA7
S21400C7B001F088FF01340020E4B22AF0C5FD18B16C
S21400C7C00DF1190008F08CFF002102200B4A01F041
S21400C7D079FF01E0002BC6D10136A5E70021022033
S21400C7E0074A01F06FFFF7E7F08304008DEF0300C0
S21400C7F006F003004AEB0300BAEF0300EBE5030084
S21400C800E1EF03008DFA0300C3688268013BDBB2E8
S21400C81052F8233002201B78652B14BF002201211A
S21400C820044B1BBF01211A70034A044A08BF197043
S21400C83001F048BFCE6800201DF003002BF0030077
S21400C840D0E9023253F822301A88014B1A8070471A
S21400C8506868002007B5D0E9023103EB810253F87F
S21400C860213052681988054B0548128800930088C5
S21400C870012309F029FC03B05DF804FB75C600002F
S21400C88068680020C3688268013BDBB252F8233038
S21400C8905B78A3F1660253425341014A1370704716
S21400C8A0D168002030B5D0E9023253F8223089B082
S21400C8B01D78012302AA194604462AF053FF0123D5
S21400C8C00093102302210DEB030220462AF02BFFD3
S21400C8D0284604AA02A92BF061F9044600202AF093
S21400C8E033FD18B12146044807F076FB00200349C3
S21400C8F008F074FF09B030BD3AF0030005330400B9
S21400C900002330B58FB00221009309AA12230546F2
S21400C9102AF009FF05AA014609A807F0E1F804462F
S21400C92098B1232805D1134A0121042001F0CAFE3C
S21400C93009E0212801D1104AF6E703460121042028
S21400C9400E4A01F0BFFE0FB030BD0123284619463F
S21400C95003AA2AF007FF05A903A82BF021F905462C
S21400C96020462AF0F1FC18B12946054807F034FBAA
S21400C970044AD9E747F003006AF00300A5F0030075
S21400C980C6F0030005330400F0B5D0E9023253F8D0
S21400C990221003EB82039B6805461F7887B0384653
S21400C9A00E782AF0B1FC044608BBD5E90221012323
S21400C9B08DF80830194452F8210002EB81020088F5
S21400C9C08DF809709268ADF80A00127804218DF887
S21400C9D00C2028460DF10D022AF0C4FE304602A9AE
S21400C9E08DF815402AF0DCFF04462AF081FC334619
S21400C9F001210420024A009401F064FE07B0F0BD55
S21400CA00DBF003002DE9F04101218EB00220274A19
S21400CA1001F058FE002005AB01AA09A92BF0B8F8D2
S21400CA2000250446224E234FDFF898801CB1284686
S21400CA300EB0BDE8F08102202B463246214601F0BA
S21400CA4041FE20462AF080FC10B10AA808F048FEF5
S21400CA503A46002102209DF8303001F033FE42466F
S21400CA6000210220079B01F02DFE00210220BDF8C8
S21400CA702030114A01F026FEBDF8143000210F4A7E
S21400CA80022001F01FFE013501A82AF058FCEDB285
S21400CA90012102200A4A01F015FE284605AB01AA2C
S21400CAA009A92BF075F80446C0E700BF0DF1030096
S21400CAB053F103005BF103000F0A040070F103005A
S21400CAC00533040067F103002DE9F047064698B0E9
S21400CAD0C0B929F005FF074600250EA82BF062F81E
S21400CAE001210220384A01F0EDFD2C46DFF8E080F7
S21400CAF0DFF8E090DFF8E0A0BC4205D3284618B087
S21400CB00BDE8F0870127E7E713A82BF04BF8002EC7
S21400CB104CD0022306A913A88DF84C30FE242BF027
S21400CB2033F800283FD102A913A82BF033F89DF85C
S21400CB30593043F001038DF85930002E3DD123467D
S21400CB4031460220214A01F0BDFD9DF859300AA960
S21400CB5043F0010313A88DF859302BF01BF8002082
S21400CB602AF0F2FB10B114A808F0BAFD0C9B42465E
S21400CB700021022001F0A6FDBDF82820002112F4B5
S21400CB80007F0CBF4C23412312F0100F0CBF6E2207
S21400CB907922022000924A4601F094FD06A82AF067
S21400CBA0CEFB0135EDB20134E4B2A5E720460AAB70
S21400CBB006AA13A92AF0EAFFB3E75246002102208C
S21400CBC001F080FDC1E700BF7AF1030053F10300D6
S21400CBD067F10300B6F10300AFF1030030B501249E
S21400CBE099B00EA82AF0DEFF13A88DF838402AF078
S21400CBF06FFFC0B9BDF84C1011EA040513D12146E9
S21400CC000220444A01F05EFD29460220424A01F015
S21400CC1059FD214602203F4A01F054FD21460220DC
S21400CC203C4A01F04FFD06A90EA82AF0ADFF20B140
S21400CC301022FF2106A80DF097F904A82AF0ACFFF1
S21400CC40059B01210220354A0093354B01F03AFD41
S21400CC509DF8123001210220324A0093304B01F039
S21400CC6031FD00212E4B304A022001F02BFD06A894
S21400CC702AF065FB13A82AF095FF02230AA913A839
S21400CC808DF84C302AF086FF00283FD10B9B00938E
S21400CC9001210220254B264A01F014FD0121234BD9
S21400CCA0244A022001F00EFD0120FFF70DFF0121AE
S21400CCB01E4B214A022001F005FD0020FFF704FF6D
S21400CCC0044629F00DFE23460090012102201B4A4F
S21400CCD001F0F8FC01211A4B174A022001F0F2FC81
S21400CCE0FFF790FE1749022803461748174A28BF41
S21400CCF00A46084928BF01460092CDE901310220C4
S21400CD000121134A01F0DEFC19B030BD4FF0FF33AD
S21400CD10BDE700BF05330400C9F1030007F20300B6
S21400CD20FFF1030017F203006C19040093270400B8
S21400CD302AF203003AF2030041F203004AF203002B
S21400CD405EF20300C5F10300D60E0400280F0400AF
S21400CD506CF2030010B5D0E9023253F822301C788A
S21400CD60201E18BF01202AF09FFE054A054B002012
S21400CD70002C18BF1A46BDE81040034908F02EBD27
S21400CD8099F2030094F20300A2F20300D0E9023203
S21400CD9010B553F822301C8820462AF087FE22461B
S21400CDA0BDE810400020014908F018BDE3F203007A
S21400CDB037B5044607F058F8014638B100200D4A4A
S21400CDC00D4903B0BDE8304008F008BDE368A2682E
S21400CDD0013BDBB252F8233008481D780123084A8D
S21400CDE000936C2D08BF0246102320462AF09BFCB9
S21400CDF003B030BD31F3030039F30300B7680020F9
S21400CE00A768002013B583689A681278672A22D12B
S21400CE1001A82AF05DFE0446A8B9BDF8042017490B
S21400CE2008F0DCFCBDF80430DA070AD413F0020F71
S21400CE30134B144A18BF1A461349002008F0CEFCBC
S21400CE4019E0124AF8E702461149002008F0C6FC2D
S21400CE5022461049F1E7C26801A953F8220003EB05
S21400CE6082035B6800681B68ADF804302AF036FE63
S21400CE7004460028ECD102B010BD00BF6CF30300DE
S21400CE805FF30300C91A04008DF303004FF3030099
S21400CE909FF30300CBF30300034A04491388C854E6
S21400CEA001331380704700BF0E5200202059002027
S21400CEB073B5154D01242B78144E13F0040F0CBFD8
S21400CEC002230423124A214614703288022001925B
S21400CED0EB5C104A0093104B5B8801F0F3FB0021DB
S21400CEE002200E4A01F0EEFB0D4B294600933288D5
S21400CEF02346022001F02CFC21460220094A02B0FB
S21400CF00BDE8704001F0DEBB205900200E52002024
S21400CF101F590020DAF3030000520020FFF303003D
S21400CF2021F403000533040070B516464FF48A5208
S21400CF30114B124DDA805980114B1B881A1E18BFF0
S21400CF40012240EA82000F4A1278003A18BF0122F6
S21400CF5040EA0210287063B103246B701B0AAB70A2
S21400CF6009F00EFC631C2855EE54074B02341C8057
S21400CF7070BD0124F4E700BF0052002020590020B5
S21400CF800C5200201E5900200E52002038B5D1E960
S21400CF9002320C46054653F82230024619880C4BDE
S21400CFA01878FFF7C1FFE368A268013352F8233010
S21400CFB0188828F03FFB4DB1E368A268023352F8A8
S21400CFC023301878BDE83840FFF766BF38BD00BF8D
S21400CFD01B590020F0B50546EB68AA68023352F8E4
S21400CFE0233008461C78294685B0FFF7CFFF204639
S21400CFF029F0CFFC204E214F78B3204629F0D5FCEF
S21400D0000321441C03AA284627F07BFB3288E4B29F
S21400D010C2F1FF0303991B1B9BB28B4222443CBF09
S21400D020C2F1FF0303930123032100933A449DF8C2
S21400D0300C3028462AF077FB039A022C338804BF6C
S21400D0400F48110AFA5408BFC15413441C443480D4
S21400D05005B0BDE8F040FFF72BBF204607F00CFCFC
S21400D0600123328804460093032103463A442846A7
S21400D0702AF059FB3388E9E70E5200202059002099
S21400D08021590020052307B5012100930220044BF7
S21400D090044A01F017FB03B05DF804EBFFF79EBDF2
S21400D0A008F403000FF4030013B504462AF00CFD41
S21400D0B038B1CDE9004001210220034B034A01F0BC
S21400D0C001FB02B010BD00BF31F3030026F40300DD
S21400D0D0194B37B51B783BB901210220174A03B01C
S21400D0E0BDE8304001F0EEBAD0E90232144C53F8F5
S21400D0F0223001211D78638802200093114A2B46B6
S21400D10001F0E0FA104B25711B78104D63B1012138
S21400D11002200F4A01F0D6FA20460E4A298803B0AC
S21400D120BDE8304029F0D6B920460A4A298803B01F
S21400D130BDE8304029F090BA1F5900203DF40300A6
S21400D140005200204BF403001C5900200E52002011
S21400D15062F40300205900202DE9F041D0E90232A4
S21400D16053F8221003EB82035A680C7817889A68E3
S21400D170DB68B2F80080C6B01D780021304B022074
S21400D180304A0094CDE9017801F09CFA002D0CBFDE
S21400D1906E237923012102202B4A01F093FAFF2304
S21400D1A0002D0DF1170606AD019320460CBF802317
S21400D1B04023424639460296009529F030FF044641
S21400D1C0002835D1307829F0EAFB0746B0B128466A
S21400D1D02AF079F81D4BFD28A8BFFD2000932346B2
S21400D1E082B20DF11901022001F0B2FA01210220EB
S21400D1F0174A01F067FA46B0BDE8F081307829F0AA
S21400D200D4FB60B128462AF063F8FD28A8BFFD20AD
S21400D2100E4B82B200930DF11A013B46E3E73078DD
S21400D22007F02AFB0B4B0246009329460123DAE758
S21400D230009001210220084B084A01F043FADAE781
S21400D2402F2804007CF40300A1F40300B33C040080
S21400D2500533040021F4030029FD0300ABF40300AA
S21400D260D0E9023253F8221003EB82032DE9F04F87
S21400D2705A680F78B2F800809A68C7B0B2F8009083
S21400D280DA681B6992F800A01E7800212F4B304AFE
S21400D2900446CDE901890220009701F013FABAF19D
S21400D2A0000F0CBF6E23792301210220294A009625
S21400D2B006AD01F007FAFF22002128460CF054FEC6
S21400D2C0304629F06CFB834608B300230521009303
S21400D2D02046FD230DF119022AF025FA2870BAF12E
S21400D2E0000F0CBF802340234A4641463846CDE90E
S21400D2F0005629F05FFE0146144806F06DFE012137
S21400D3000220154A01F0DEF947B0BDE8F08F30463E
S21400D31029F04BFB60B1FD2305212046CDF800B077
S21400D3200DF11A022AF0FFF985F801B02870D6E749
S21400D3300590304607F0A0FA059A034600920521AC
S21400D3402A4620462AF0EFF9C9E700BF2228040043
S21400D3507CF40300BCF40300053304002DE9FF470A
S21400D3601C465B68E5685B1B00255FFA83F803953F
S21400D3702E46FFF7D9FDEBB298450BD90C9B9B5D6B
S21400D380282B39D8202B00F2CB800136F6B2002BA2
S21400D39040F0C980FFF78CFD04B0BDE8F087132A83
S21400D3A02FD801A151F822F06FD4000081D40000DC
S21400D3B093D40000C7D4000095D3000095D3000096
S21400D3C095D3000095D3000003D4000003D40000DA
S21400D3D003D4000003D4000003D4000003D40000EC
S21400D3E003D4000003D4000003D4000003D40000DC
S21400D3F013D40000EDD40000A3F13102D1B21329FA
S21400D400CDD90136F6B2A3F14102032AC2D8422B87
S21400D4106CD06C4F00213A88DFF8B0A1C2F1FE0351
S21400D4209BB2FF2B28BFFF2301320091DBB22046C0
S21400D430524469B22AF053F93B880AF803000133D4
S21400D4401844388011E04FF00409E368A2682B44C2
S21400D45052F823301F68F8B209F1FF39FFF71CFDB8
S21400D46019F0FF094FEA1727F5D1013583E7E3687E
S21400D470A2682B4452F823301878FFF70DFDF4E726
S21400D480E368A2682B4452F82330188828F0D2F8B4
S21400D490EBE7E368A2682B4452F823301F68B7F125
S21400D4A0807F09D2F8B2FFF7F7FCC7F30720FFF733
S21400D4B0F3FCC7F30740E0E72B4601210820424A69
S21400D4C001F000F966E74FF00409E368A2682B4410
S21400D4D052F823301F68F8B209F1FF39FFF7DCFC79
S21400D4E019F0FF094FEA1727F5D1BEE7294603AA28
S21400D4F0204627F006F90021324F344A3B88DDF8F3
S21400D5000C9002EB030CCAB2914501F1010102D85E
S21400D5104B443B80A9E710F802A00CF802A0F2E703
S21400D520242B3FF670AF013B232B3FF633AF01A20F
S21400D53052F823F06FD4000081D4000093D400008A
S21400D54047D4000095D3000095D3000095D3000083
S21400D55095D3000095D3000095D3000095D3000026
S21400D56095D3000095D3000095D3000095D3000016
S21400D57095D300006FD4000081D4000093D400003F
S21400D580C7D4000095D3000095D3000095D30000C3
S21400D59095D3000095D3000095D3000095D30000E6
S21400D5A095D3000095D3000095D3000095D30000D6
S21400D5B095D300006FD4000081D4000093D40000FF
S21400D5C047D400000E520020D5F403002059002056
S21400D5D0094B1B7823B101210820084A01F072B8D4
S21400D5E0D0E9023253F82230054A1B880121138005
S21400D5F00820044A01F066B81F590020FBF4030017
S21400D6000C5200203DF50300D0E9023253F82230D8
S21400D610054A1B780121003B18BF01230820137020
S21400D620024A01F04FB800BF1D59002063F5030001
S21400D630D0E9023253F82230034A1B7801211370D6
S21400D6400820024A01F03EB81E59002092F5030059
S21400D65010B5D0E90232044653F822301322198856
S21400D6600B4B1878FFF760FCE368A268013352F8AA
S21400D67023301878FFF710FCE368A268023352F8EC
S21400D68023301878FFF708FCBDE81040FFF710BC01
S21400D6901B59002010B5D0E90232044653F8223058
S21400D6A0112219880B4B1878FFF73EFCE368A26836
S21400D6B0013352F823301878FFF7EEFBE368A268D0
S21400D6C0023352F823301878FFF7E6FBBDE8104027
S21400D6D0FFF7EEBB1B590020D0E9023253F8223088
S21400D6E0034A1B78003B18BF0123DB00137070470A
S21400D6F01B59002010B5D0E9023253F822300446F8
S21400D70019880E4B06221878FFF70EFC0120FFF74B
S21400D710C3FBE368A268034452F82330188827F056
S21400D72089FFE368A268023352F82330188827F08E
S21400D73081FFBDE81040FFF7BBBB00BF1B590020B0
S21400D7402DE9F043D0E902324FF0FD09013253F8DB
S21400D750221003EB82035A68C7B017889A68B1F89C
S21400D7600080147853F8043C002C0DF1170506AE23
S21400D77018783A4614BF4023802341460295CDF8D8
S21400D7800490009629F04BFC034638B1184A012154
S21400D790082000F097FF47B0BDE8F083201E18BFB2
S21400D7A001200A224146C000FFF7BEFB384627F09C
S21400D7B041FF2878FFF770FB4A463146287829F063
S21400D7C09CF8044628B10B4F3D88C5F1FF039842EC
S21400D7D002DD2346084ADAE702460848314628446E
S21400D7E025440CF051FD3D80FFF762FBD3E700BFF8
S21400D7F0C8F503000E520020E4F50300205900206F
S21400D80010B5D0E90232044653F8223008221988AF
S21400D8100B4B1878FFF788FBE368A268023352F8D0
S21400D82023301878FFF738FBE368A268013352F814
S21400D8302330188827F0FEFEBDE81040FFF738BBFF
S21400D8401B59002073B5D0E902320546023253F860
S21400D850221003EB820353F8042C53F8083C0C7890
S21400D8601988234B168818780622FFF75DFB0020E0
S21400D870FFF712FB304627F0DDFE2046FFF70CFBD5
S21400D880EB68AA68033352F82330188827F0D2FED4
S21400D890EB68AA68043352F82330188827F0CAFECB
S21400D8A0204609F06DF9E8B9204606F0E5FF0521A7
S21400D8B00446019001AA284626F023FF019B014654
S21400D8C09C4206D0224631460A480BF03BFA02B08C
S21400D8D070BD094D09482E882246304434440CF069
S21400D8E095FB2C8002B0BDE87040FFF7E1BA00BFA0
S21400D8F01B59002010F603000E520020205900206D
S21400D90073B5D0E902324FF48A5153F82230104DE5
S21400D9101A88104BD9805A8000232A46009301218A
S21400D920FF2329F000FF2B78044613F0040F0A4B60
S21400D93008BF01261B7818BF032613B108F020FF86
S21400D940A855064B1C8002B0BDE87040FFF7B0BA81
S21400D95020590020005200201D5900200E520020A1
S21400D960D0E9023253F82230034A1B78003B18BF36
S21400D97001231370704700BF1C59002010B50C46D9
S21400D98008B907F089FE024B18715C7110BD00BF24
S21400D9900052002002462DE9F341D0E902535268B6
S21400D9A055F82310D21A0C8805EB8301013BDBB235
S21400D9B055F82380294D022A4868C8BF8A682B7804
S21400D9C0D8BFFF210078C8BF11783BB901210220DB
S21400D9D0234A02B0BDE8F04100F074BEFFF7CEFF68
S21400D9E006F06AFA1F4F204E3B88014622460093F7
S21400D9F01E48334629F0FFFB0246C8B998F80410C3
S21400DA003B885F2917D1CDE900364FF6FF712046D7
S21400DA10164B28F053FD28B1034601210220144A74
S21400DA2000F050FE0023134A2B701380124A137026
S21400DA3002B0BDE8F0814FF6FB718C4208D9CDE903
S21400DA4000362146094B4FF6FF7028F095FDE2E7B9
S21400DA502146064A009628F0C1FDDCE71F59002043
S21400DA605BF603000E5200202059002000520020D2
S21400DA7062F603000C5200201E590020002210B54A
S21400DA800A2104461046FFF74FFA002027F0D2FD81
S21400DA900122044B1A70FFF70BFA2046BDE810402F
S21400DAA0FFF778BF485E002038B51C4615460123B0
S21400DAB0224629F057FE60B9214628462AF02EF85D
S21400DAC0044620B101210420034A00F0FBFD204655
S21400DAD038BD0024FBE700BF89F603002DE9F043BC
S21400DAE00C4615461F46D0E9022352F8231002EBD7
S21400DAF0830293680E8893F80080D3688BB0B3F8DF
S21400DB0000903246012106ABFFF7CEFFF0B90DF1CB
S21400DB10200CF4B101232A884021CDE902C2CDE9C8
S21400DB200471CDE900932221434606AA304629F027
S21400DB3050FE0B4B0B4A00930B4B0190002C08BF7A
S21400DB40134601210420094A00F0BCFD0BB0BDE8D5
S21400DB50F083624628686968032303C22246DBE72F
S21400DB60E8F60300CDF60300C7F60300D5F603007B
S21400DB7007B501236A46002129F0F4FD68460349EB
S21400DB8008F04EFB03B05DF804FB00BF75C600004E
S21400DB90D0E9023253F822300149188808F012BB47
S21400DBA075C6000010B5D0E9023203EB8201496861
S21400DBB053F8223009784FF48A52188829F0F9FD74
S21400DBC0BDE81040034601210420014A00F07ABD5A
S21400DBD0F2F60300D0E9023253F8223002214FF465
S21400DBE08A5210B5188829F0D6FDBDE810400346C5
S21400DBF001210420014A00F065BD00BF0BF70300B9
S21400DC001FB5D0E9023203EB820153F8223049688F
S21400DC1018884FF48A5309880293094B094A0193DE
S21400DC20094B1B7800931278084B29F02AFE012135
S21400DC3003460420064A05B05DF804EB00F042BD3A
S21400DC4010520020205A00201F5A00201A5200208E
S21400DC5022F703002DE9F043D0E9023253F82210F0
S21400DC6003EB82035A680E8817789A68DB688BB0D5
S21400DC7092F80090B3F800803246042106AB0446C2
S21400DC80FFF712FF28BB08AD01232A4605212046D0
S21400DC9029F068FD38B9042001210F4A00F012FD72
S21400DCA0284628F00BFE4FF48A53CDE90493002350
S21400DCB0CDE9025303232121CDE9008306AA3B4682
S21400DCC0304629F086FD01210346044A042000F070
S21400DCD0F9FC0BB0BDE8F0833AF7030069F70300E0
S21400DCE038B5D0E9024303F18043023B02220F49D4
S21400DCF054F823009D000CF083FC60B90C4B0D49D2
S21400DD001A78042A0BD82C44A068008821F8120040
S21400DD1001321A7038BD084B08491A78F1E701211C
S21400DD20BDE838400420064A00F0CCBC5D20040064
S21400DD30205A00201A5200201F5A0020105200209D
S21400DD407BF7030008B5C368806803F18043023B95
S21400DD500222064950F823000CF052FC10B9044B7E
S21400DD60187008BD0022034B1A70FAE75D20040005
S21400DD70205A00201F5A002037B5D0E9023153F848
S21400DD8021208C0015784268521A012AC5BF1B193B
S21400DD905B686C091C78DCBF44F0180405F01F05AE
S21400DDA02946204629F031FC034640B1234601218E
S21400DDB004200E4A009500F085FC03B030BD01211A
S21400DDC0A94074B92346FE224FF6FF7029F0CCFE18
S21400DDD0012103460420064A03B0BDE8304000F0A7
S21400DDE071BCFE2241EAC461EEE700BF91F7030072
S21400DDF0B1F7030070B5D0E9021551F8253001EBF4
S21400DE008501044618884B681A788B68052A1B8893
S21400DE1002D85E1E072E0BD9012104200C4A00F002
S21400DE2051FCBDE87040012104200A4A00F04ABCBB
S21400DE306468641B032CCABFC9680749096829F0CF
S21400DE4093FEBDE8704002460449002007F0E0BC9F
S21400DE50CFF70300EFF7030000F8FF070CF8030006
S21400DE6008B5D0E9023253F8220003EB8203596862
S21400DE70FF22038809684FF6FF7029F075FEBDE89B
S21400DE80084002460149002007F0C2BC1FF8030004
S21400DE9008B5D0E9023253F822300521402218880E
S21400DEA029F079FCBDE8084002460249002007F048
S21400DEB0AFBC00BF40F8030008B5D0E9023203EB60
S21400DEC08201486853F822100278402309883120DE
S21400DED029F0B4FCBDE8084002460249002007F0DD
S21400DEE097BC00BF61F8030008B5D0E9023203EB27
S21400DEF08201486853F822100278402309883320AC
S21400DF0029F09CFCBDE8084002460249002007F0C4
S21400DF107FBC00BF7BF803001FB5D0E9023253F880
S21400DF20221003EB82039B6808881A780023D21A13
S21400DF3018BF0122CDE9023302A94023D20129F0FD
S21400DF408CFC01210090044B0420044A00F0BAFB2C
S21400DF5005B05DF804FB00BFE8F6030099F803007F
S21400DF6007B5D0E9023253F8223003214022188840
S21400DF7029F011FC01210090034B0420034A00F015
S21400DF80A1FB03B05DF804FBE8F60300A8F8030065
S21400DF9037B5C3688268053352F8233004211D78EC
S21400DFA06A460123044629F0DDFB38B90420012126
S21400DFB0064A00F087FB684628F080FC2B466A4637
S21400DFC000212046FFF78AFD03B030BDC2F80300EB
S21400DFD007B5D0E9023203EB8201486853F82210F5
S21400DFE0027840230988322029F028FC012100907D
S21400DFF0034B0420034A00F065FB03B05DF804FB06
S21400E000E8F60300F3F8030070B585690446EA07EE
S21400E01005F0020605D476B1C5F3072029F074F999
S21400E02009E01EB1B2210F482FF018FFA069C0F317
S21400E030810029F058F9E3691BB9BA2109482FF085
S21400E0400DFF204614F0D0F9E3693EB1607E984794
S21400E050AB0706D0BDE8704029F04AB9204698477D
S21400E060F6E770BD08F9030008B514F0D1FD28B135
S21400E070BDE80840472102482FF0F0BE08BD00BFAB
S21400E08008F903002DE9F041FF2B04460F469046A1
S21400E0901D469DF8186005D0FF2E03D0D5211148E7
S21400E0A02FF0DCFE0023FF2D18BFAD000E4A1CBF6C
S21400E0B045F00105EDB222600C4AC4E9063818BFE7
S21400E0C0A561FF2EC4E901232361E76007D0A36999
S21400E0D043F0020323F47F4343EA0623A361BDE82B
S21400E0E0F08100BF08F90300AC38002009E000000A
S21400E0F0002310B5054C03610460054CC261C0E9FD
S21400E10001430123C160836110BD00BFAC3800200D
S21400E11009E0000070B58669044606F00303032B89
S21400E1200D4603D1FC2114482FF098FEFF2D16D083
S21400E130B20704D440F201110F482FF08FFE284694
S21400E14028F07CFDFF28054604D14FF482710A486A
S21400E1502FF084FE2DB204EB4514204670BDF30765
S21400E160FBD5A36913F00C0FF7D040F20B11024851
S21400E1702FF074FEF1E700BF08F903000023054AFC
S21400E180C0E9063103610260C360034A034B426084
S21400E19083607047AC38002009E00000B523020019
S21400E1A001482BF0E1BB00BFAC38002001482BF043
S21400E1B0E7BB00BFAC38002013B50E482BF0AEFB13
S21400E1C027F0B4FA2AF05CFB2AF078FB2AF07FFBF3
S21400E1D0FCF748FF0446FCF75FFF2346009001214A
S21400E1E00420054A00F06EFA02B0BDE81040FCF7C5
S21400E1F03FBF00BFAC3800209BF90300022808B5DB
S21400E20003D12FF024FE014B186008BDDC38002037
S21400E21008B50CF00FFF0122044B1A702FF0A0FE79
S21400E220BDE8084002490348FDF7E4B8225A00203A
S21400E23044630020E0380020014B1870704700BF90
S21400E240215A0020024B187808B105F019BE704715
S21400E250C768002008B5074B1B780BB1002008BD27
S21400E260FFF7F0FF0028F9D106F0E4F9023818BFEE
S21400E2700120F4E7215A002070B5FFF7EBFF174D99
S21400E28020B1FFF78DFF0428044613D82B781BB95E
S21400E2902FF066FE01232B7027F056FA0446D8B1FD
S21400E2A02B781BB9F7210E482FF0D8FDBDE870403B
S21400E2B0FFF776BF27F04AFA0028E7D02B785BB145
S21400E2C02FF0CDFC0646002101202DF08DFE3046B5
S21400E2D02FF0C0FC00232B70204670BD225A002071
S21400E2E0BCF903001FB5FFF7C7FF0446FDF72CFA7D
S21400E2F0A04228BF204688B103A92EF061FA034643
S21400E30038B9CDE90000064A039906482FF0BBFD50
S21400E31018B18E2104482FF0A1FD012004B010BDD5
S21400E32047570300BC380020BCF903000D4B70B5FE
S21400E3301B780D4D0D4C0121002B0CBF2B462346A0
S21400E34002200B4A00F0BEF90A4B01211B7802207E
S21400E350002B0CBF2B462346BDE87040064A00F053
S21400E360B1B900BFC76800207C2004009B200400D1
S21400E37052FA0300215A002071FA030010B5D0E9C2
S21400E380023253F8223002201B780121002B15BFE1
S21400E39001240024044A054A00F094F92046BDE80A
S21400E3A01040FFF749BF00BF90FA0300ADFA030024
S21400E3B0D0E9023253F82230034A1B78003B18BFDC
S21400E3C001231370704700BFC768002038B50125C9
S21400E3D0084B1D702FF043FC0446294628462DF0B6
S21400E3E003FE20462FF036FCBDE8384002490348BD
S21400E3F0FDF700B8235A00204C630020083900209F
S21400E40070B514F08BFC10F0070F1D4D11D02B7853
S21400E4105BB901262E702FF022FC044631463046AA
S21400E4202DF0E2FD20462FF015FCBDE8704014F0FC
S21400E43039B929F075FB0228E9D1124C2378032B51
S21400E440E5D914F06BFC10B92378032B14D814F01C
S21400E45029F904460028DAD02B785BB100262E7006
S21400E4602FF0FDFB0546314601202DF0BDFD284668
S21400E4702FF0F0FB204670BD4FF0FF34ECE700BFF6
S21400E480235A0020C75E00201FB5FFF7B9FF0446D9
S21400E490FDF75AF9A04228BF204688B103A92EF0FE
S21400E4A08FF9034638B9CDE90000064A03990648B5
S21400E4B02FF0E9FC18B18C2104482FF0CFFC012086
S21400E4C004B010BD135D0300E8380020CCFA03004A
S21400E4D010B5094C0949002007F080F923681B682D
S21400E4E0587928F0E1FB23681B68587927F01AFC56
S21400E4F004F092FE002010BD083E00205AFB0300E8
S21400E50008B529F0FDFA024628B1BDE8084000200B
S21400E510014907F063B908BD7DFB030008B529F083
S21400E52005FB024628B1BDE808400020044907F074
S21400E53055B95422BDE80840FF2102480BF014BD2F
S21400E54095FB03002452002038B504460D4629F0FA
S21400E550F1FA024628B1BDE838400020034907F02A
S21400E5603DB9034B23F8145038BD00BFB3FB03007E
S21400E570245200202DE9F34100240C4E0C4DDFF808
S21400E58038800C4F56F8043B0BB9D8F8003035F8F5
S21400E590022B3946009200202246013407F01EF96D
S21400E5A02A2CEFD102B0BDE8F08100BF58630020EE
S21400E5B078520020CFFB03005463002008B52A21C0
S21400E5C0034829F0AFFABDE80840FFF7D3BF00BF05
S21400E5D07852002007B5D0E9023253F822301A7874
S21400E5E0292A0DD8084B53F822300BB9074B1B6865
S21400E5F00749002031F812100091064907F0EEF89E
S21400E60003B05DF804FB00BF58630020546300208D
S21400E61078520020CFFB030008B52A21034829F0D2
S21400E62083FABDE80840FFF7A5BF00BF7852002078
S21400E63038B5D0E9023253F8221003EB82035B6848
S21400E6400C781D880020044907F0C8F829462046A3
S21400E650BDE83840FFF778BFDAFB03002DE9F34149
S21400E66000240C4E0C4DDFF838800C4F56F8043B57
S21400E6700BB9D8F8003035F8022B39460092002046
S21400E6802246013407F0AAF82A2CEFD102B0BDE8E2
S21400E690F08100BF5863002024520020CFFB030007
S21400E6A05463002010B5024627F052FB20B9044CF4
S21400E6B0236811B11343236010BD23EA0203FAE76F
S21400E6C0046400200CB413B502460C4627F040FB49
S21400E6D060B9094B1B681A4208D005A90498019135
S21400E6E00AF044FB14B105482AF056F802B0BDE81B
S21400E6F0104002B0704700BF04640020D9FE03003B
S21400E700034610B5D3E9023253F8223008461C7887
S21400E710211E18BF0121FFF7C5FF014648B9084A68
S21400E720084B0220002C08BF1346074AFFF7CAFF13
S21400E73010BD00210220054AFFF7C4FFF8E700BF1E
S21400E740DFEA0300D7EA0300DBFE0300F1FE030066
S21400E7502DE9F04105461F460C46DFF82C808E1842
S21400E760B44201D1BDE8F0810021284614F8013BEF
S21400E770069AFFF7A7FF002FF2D042460021284650
S21400E780FFF7A0FFECE700BF65F103000246024971
S21400E790002007F023B800BF02FF030010B5234C8B
S21400E7A02348FF2126F0B4FF207802281ED0032835
S21400E7B02ED0012804D02120BDE81040FFF7E6BF88
S21400E7C01C4B19780029F7D002231B4A23701378B4
S21400E7D0052B0EBF00230133DBB29942137003D121
S21400E7E0052313700020E7E7052BFBD0124B1B78A0
S21400E7F0052B02D103232370DDE7104A104932F8B7
S21400E800230007F0DFFC032323700028D4D110BDBB
S21400E810094B0C4A1878094B03EB8001897833F8CA
S21400E820200007F09FFC0123EEE700BF245A0020DB
S21400E830103900202D5A0020C9680020CC52002034
S21400E84025EA0000D1E900002DE9F04F0D461446F8
S21400E85095B00490112200210FA89946DFF86C812C
S21400E8600BF082FB04EB45030393D9F800301C2B16
S21400E87002D0039B9C4202D115B0BDE8F08F012365
S21400E880DFF844A18DF81C3023884C4AADF81E30C2
S21400E8909AF800304A4D08EB83039B7828788DF869
S21400E8A0203013688DF81D00CDF821305368CDF860
S21400E8B0253028F01FFD049B8DF829002188287834
S21400E8C0002B4AD128F0E1F9002844D09AF800300D
S21400E8D00FAA38F8230007A927F056FA00283AD0DE
S21400E8E028F000F84FF0000B074606461C255FFA96
S21400E8F08BF2974234D8B7422BD99DF81C30032BA5
S21400E9001AD10FAB0193BDF82130002204210093E9
S21400E91001202C4B06F0E8FD9AF8003008EB830344
S21400E9209978274B187806F05BFE9AF8003000209E
S21400E93038F8231028F02FFC5DB107A9304629F0DF
S21400E9402FF8214B05461B78304638F8231029F05F
S21400E95029F8C9F80050023487E728F08DF9B3E7A4
S21400E96010460BA9059229F017F830B99DF82C101F
S21400E97031B9059AB74208BF16460BF1010BB6E748
S21400E980BDF82E00BDF81E209042F6D19DF830004E
S21400E9909DF820209042F0D19DF81C208A42ECD1B0
S21400E9A0032A14BF082202220DF121010DF13100C5
S21400E9B00BF026FE002808BF0025DEE7255A0020BB
S21400E9C0C86800207F010400C9680020CC520020DF
S21400E9D013B503460020114A9C6812780190052A58
S21400E9E003D01B78032B00D12CB9012002B0BDE860
S21400E9F01040FFF7CBBE6268217801ABFFF724FF1B
S21400EA00217A0120E26801ABFFF71EFFFF210448D0
S21400EA1002B0BDE8104026F073BE00BFC9680020F3
S21400EA2010390020094B1B78052B02D00378032BE6
S21400EA3002D00120FFF7AABE8168054A0B68054888
S21400EA4013604B68FF21536026F05ABEC968002049
S21400EA50255A00201039002038B50024114B124DDD
S21400EA601870124BFF211C702C7006F0B9FD0122A5
S21400EA70032110460E4B06F037FD4FF6FF71224677
S21400EA80084628F08BFB044648B940F6B832FF210A
S21400EA90084826F02CFE01232B70204638BDFFF7D1
S21400EAA075FEFAE7C8680020245A00202D5A002078
S21400EAB00533040010390020144BF0B51A681449C9
S21400EAC013680978587988420BD11249D7880846C6
S21400EAD00022114D1E792B78D4B2A34203D8052C00
S21400EAE00AD10020F0BD0C88BC4202D18C78B4421A
S21400EAF0F7D001320431EFE7A342F2D120F82270BA
S21400EB00013300EB820086702B70EAE7083E002097
S21400EB10C8680020CC5200202D5A0020FF2307B5DD
S21400EB200021044A04480093FFF7ACFA03B05DF8EE
S21400EB3004FB00BF9DE70000103900201FB5B4237A
S21400EB4003210446ADF80E3028F096F898B121233C
S21400EB5020460093002203210DF10E0328F03BFA15
S21400EB6004460020054B064A0649009406F036FE89
S21400EB70204604B010BD8624F3E700BF2CFF030038
S21400EB8039FF03004EFF0300D0E9023253F822306B
S21400EB90034A1B78012113700220024AFFF792BD38
S21400EBA0E46800205DFF03000122014B1A707047E5
S21400EBB0E46800200A4B90F805111B7890F80821AD
S21400EBC019448A42BCBFB2FBF3F103FB11234FF09A
S21400EBD0FF32B8BFDBB202FA03F380F80A3170479F
S21400EBE0E46800202DE9FF410446057F867EDFF8B5
S21400EBF070806E43237F98F8002013449D4212DBFA
S21400EC00607F60B9238B029363690193237C009332
S21400EC106288A31D217805F0EFFDFF2323700020F6
S21400EC2004B0BDE8F081E37EAB42E9D9A77E228B33
S21400EC30F1199142A4BF921BD7B205EB0323E381DF
S21400EC403A4633462946204627F0B8F80028E7D14A
S21400EC50637F3744013301356377BEB2EDB2C9E74F
S21400EC60E468002037B5054628F0D0FE0D4B044674
S21400EC701B6869461B78032B82BF0B4B1B881B182F
S21400EC80284688BF9CB228F049FF38B9684628F065
S21400EC90BFFE18B9044B1B8823449CB2204603B021
S21400ECA030BD00BF443D002070680020084B1B7834
S21400ECB0FF2B0BD1074B1B78FF2B07D1064B1B787E
S21400ECC0022B03D04FF4807028F0AABA704700BF1A
S21400ECD008640020603A00203039002010B5044651
S21400ECE0FF2126F015FD054B9C4202BF0023A4F52C
S21400ECF088742370BDE81040FFF7D8BF403A002064
S21400ED002DE9F0479A462A4B81461B7888461646D8
S21400ED10BDF82050002B49D0FF2D3ED93825284677
S21400ED20BDE8F087234B0C223146A01D636184F8B2
S21400ED300090A4F802800BF069F9A289414642F4DB
S21400ED40004242F040022046A28127F049F82A46B7
S21400ED50514660690BF05AF941464846A21D258384
S21400ED6028F095FBA0760028D8D00544013DB5FBD9
S21400ED70F0F0FF28D2DC0023E0762046A383FFF7DE
S21400ED8031FF054680B923794FF48070B37228F0BE
S21400ED9008FA227C099B1A80C1E7074C2778FF2FC8
S21400EDA0C0D040F60345BAE72770F2E70225B6E77B
S21400EDB0E46800202F5A0020603A0020B0F90630A0
S21400EDC010B5002B25DA144C2278237CFF2A02D0BB
S21400EDD0827A9A4207D0114C2378FF2B17D0827A7A
S21400EDE0237C9A4213D169B9637F013BDBB2637718
S21400EDF05BB90B4A237F1278204613442377FFF72C
S21400EE00F1FE0146204626F0FAFFFFF74FFF0120ED
S21400EE1010BD0020FCE700BF603A00200864002018
S21400EE20E46800202DE9F04F9A46B1F9063091B01B
S21400EE30002B0D461746DDF86880049080F2298185
S21400EE40B8F80030FF2B04D94FF4B871A6482FF05D
S21400EE5005F8A64B00241A7893F80401B3F80211BB
S21400EE60002A40F0A5802E7AA14A1278B24240F2DB
S21400EE70AF800222A3F802711A70AA7AFF2483F8E0
S21400EE8004210022A3F8084183F80521A3F80621EF
S21400EE90B8F80020954883F80C21FFF78BFE38461B
S21400EEA0FFF7E0FE214600EB4002924826F01FFCEA
S21400EEB04FF4807028F075F98C4C94F80A91B9F1EB
S21400EEC0FF0F20D18A4A94F8053112781344B342D2
S21400EED019DC94F80C1184F80531B4F80631204694
S21400EEE001FB0233A4F80631FFF764FE0122824BD1
S21400EEF038461A70FFF7B6FE494600EB400204F5A6
S21400EF00887026F0F4FB94F80531B34260D8DFF839
S21400EF10E0B19BF800C00CEB0302964258DA764943
S21400EF2094F808210878013A002853D0964205DA6A
S21400EF30B8F8002084F80C2100220A70B6FBFCF911
S21400EF4001220CFB196994F80A015FFA89F902FAA2
S21400EF5009F2D1B2024076B92889000A844584F8BD
S21400EF60080108D92046CDE906210593FFF722FEC1
S21400EF70DDE90621059B94F80A01014384F80A118D
S21400EF8082B994F80921B4F806C1013284F809213F
S21400EF90B8F80020DAF800100CEB0200FF2826DD97
S21400EFA00323237094F80831013B9E4230D138E0A9
S21400EFB0AE7A864202D18F4200D11C462E7A002CB1
S21400EFC07FF47BAF002A3FF44FAF012A3FF44CAFEB
S21400EFD001205FE09642B1DA94F80C1198F8002010
S21400EFE09142ABD004F58870FFF778FEF0E794F80E
S21400EFF00CE1F31A0EFB03C3A01C10FA83F0059273
S21400F0000BF004F894F80831059A013B9E4244D070
S21400F010012394F80A2103FA09F3013B1343FF2B5B
S21400F02004D122462946384626F0DBFE94F80831FD
S21400F03094F809219A42CBD19BF80030B2FBF3F149
S21400F04003FB112212F0FF0218BF13462278022A91
S21400F05026D1264A023410785178012804BF01319F
S21400F0605170012224F8022CEA88B4F8041122F028
S21400F0704002EA8094F809210A44591E94F80A319D
S21400F08013FB01F31344A8F80030CAF80040FFF75A
S21400F0900DFE002011B0BDE8F08F84F80B21C0E70C
S21400F0A06979002994D0032A92D1B4F8062194F8FD
S21400F0B00B1108AE11445A1E94F80C31284613FB67
S21400F0C002F30B4400219BB2A21CA8F80030CAF839
S21400F0D00020CDE900710296049907F05FFD8921B2
S21400F0E0304628F0D1F97DE784FF03003039002050
S21400F0F0E4680020403A00202E5A002013B504464B
S21400F10018B101280BD002B010BDFF2301460093B2
S21400F110064A0748FEF7B6FF064B1C70F3E7FFF7F4
S21400F12043FDFF22044B1A70EDE700BFDDEC000044
S21400F130403A002030390020603A002013B501A97B
S21400F14009F0D2FE044648B9BDF806309DF8042002
S21400F150034906F043FB204602B010BD8120FBE7C2
S21400F1601B00040013B5694609F0CAFE044688B9B8
S21400F170BDF802309DF80020074906F049FB2046FE
S21400F180019906F09DFA2046044906F027FB204622
S21400F19002B010BD8120FBE73F00040065000400BC
S21400F1A037B5694609F0D0FE044618BB9DF8013015
S21400F1B09DF80020104906F02BFB104D9DF801200D
S21400F1C0E3B29A4206D800200D4906F007FB00205D
S21400F1D003B030BD0198630003F4FF7302220021E0
S21400F1E0184428F06AF829460246002006F010FB6C
S21400F1F00134E3E78120EBE7670004009600040093
S21400F2000533040013B501A909F074FE044648B995
S21400F210BDF806309DF80420034906F0DFFA2046C4
S21400F22002B010BD8120FBE7A000040030B500242A
S21400F2300B4D85B06946E0B228F0AEFB50B99DF89C
S21400F2400030032B06D12946BDF805309DF8012075
S21400F25006F0C4FA0134202CECD105B030BD00BF56
S21400F260C700040008B50020034906F0B7FABDE859
S21400F2700840FF2000F0DEBAD90004002DE9F04F68
S21400F28085B006460D46174626F0F9FD044640B101
S21400F29030463A46294626F0DCFD002005B0BDE89B
S21400F2A0F08F4FF003094FEA15285FFA84FA694693
S21400F2B0504628F071FBB8B99DF800B0BBF1000FBE
S21400F2C012D1694650468DF800908DF805508DF89D
S21400F2D006808DF8016028F063FB02460028D7D030
S21400F2E05846064906F07AFA0134202CDDD1002073
S21400F2F0034906F073FA8920D0E700BFEE00040049
S21400F300150104001FB5002304468DF80F3026F0C3
S21400F310A1FD28B19DF80F3063F07F038DF80F3004
S21400F320182301930DF10F030022009304214023BC
S21400F330204627F03FFE024618B10020024906F09C
S21400F3404DFA04B010BD00BF300104001FB502A97D
S21400F35009F0E8FD044688BBBDF80820184906F009
S21400F36057FA2046039906F0ABF92046154906F0F1
S21400F37035FA4FF6F672BDF80810134C4B1E9BB2CA
S21400F380934219D82368039A1B685879FFF776FFCB
S21400F39023681B79012B0BD8BDF808300022CDE975
S21400F3A000030421094B092006F09EF828F066F8B1
S21400F3B06FF0FF0004B010BD8720E9E78120F9E771
S21400F3C04F01040065000400083E002066010400AA
S21400F3D070B504468AB005AD1122002128460AF011
S21400F3E0C3FD204604A909F091FD044600283AD141
S21400F3F01E4EBDF810201E4906F0F0F9326813794B
S21400F400012B28D84FF6F670BDF810104B1E9BB295
S21400F410834224D81368587926F031FD08B3336840
S21400F4202A461B68BDF81010587926F011FDBDF865
S21400F430103001220421CDE9004309200D4B02952E
S21400F44006F052F828F01AF8034620B100200A4ABF
S21400F4500A4906F0C3F96FF0FF000AB070BD8724B2
S21400F460E5E78B24E3E78120F7E700BF083E0020AE
S21400F470690104007E010400820104008D0104007D
S21400F4802DE9F0479AB004A909F058FD0446002873
S21400F49040F0B5809DF810205B4906F0B9F9254686
S21400F4A05A4E9DF81020EBB29A4254D80020584984
S21400F4B006F094F99DF81050002D40F099802C46E7
S21400F4C02E46544F06A9F0B228F066FAC8B99DF841
S21400F4D01830032B15D13B689DF819201B685B7903
S21400F4E09A420ED19DF81D2005F168036B4403F87F
S21400F4F0402C9DF81E200235013403F83F2CEDB257
S21400F500E4B20136202EDDD19DF810300BB1002C70
S21400F51077D00AABCDE90143FF23022204210093F2
S21400F52009203D4B039505F0DFFF27F0A7FF0346B4
S21400F53060B19DF81020002A5FD0384A3849002C68
S21400F54008BF0A460020374906F048F96FF0FF006A
S21400F5501AB0BDE8F08705986B0003F4FF7302222B
S21400F5600021184427F0A9FE31460246002006F086
S21400F5704FF9013595E70598730003F4FF730222EF
S21400F5800021184427F099FE002780465FFA80FA8B
S21400F59006A9F8B228F000FA00BB9DF81830032B35
S21400F5A01CD1D9F800309DF819201B685B799A4267
S21400F5B014D19DF81D30534510D19DF81E30C8F368
S21400F5C007229A420AD105F168036B4402350134DA
S21400F5D003F840AC03F83F2CEDB2E4B20137202F1D
S21400F5E0D6D101369DF81020F3B29A42C3D88BE7E5
S21400F5F00025DFF820902E46F4E7084AA2E781208F
S21400F600A6E78B20A4E700BFE701040096000400ED
S21400F61005330400083E002006020400B80104007A
S21400F620D60104000A0204002DE9F04389B002A9BD
S21400F63009F072FC0446002867D1BDF8082034495A
S21400F64006F0CCF84FF6F672BDF80850DFF8D49006
S21400F6506B1E9BB2934254D8D9F8003029461B68DB
S21400F6605F79384626F00BFC00284CD026465FFA19
S21400F67086F8404603A928F08FF928B92946384667
S21400F68003AA26F0E9FB20B90136202EEFD14FF071
S21400F690FF08404628F07EF9014658BB112203A811
S21400F6A00AF062FC2946384603AA26F0D2FBD9F8AF
S21400F6B000301A79012A18D81B68BDF80810587946
S21400F6C027F0BCFDBDF8083003220421CDE9004335
S21400F6D00920104B05F008FF27F0D0FE034620B1A6
S21400F6E000200D4A0D4906F079F86FF0FF0009B0CA
S21400F6F0BDE8F08302460A49002006F06FF80124B0
S21400F700D5E78724D3E78B24D1E78120EFE700BF36
S21400F7102C020400660104006A0204008D01040045
S21400F72043020400083E00202DE9F043DFF89480F1
S21400F7300020D8F8003021491B688BB05E79002580
S21400F74006F04CF801275FFA85F9484601A928F02B
S21400F75023F9044690B99DF80430032B0ED19DF88A
S21400F7600530B3420AD1484628F014F90146A0B144
S21400F77002461349204606F031F827460135202D6B
S21400F780E1D1D8F8003000211B68587927F056FDE3
S21400F79087F001000BB0BDE8F083112205A80AF03F
S21400F7A0E3FBBDF809403046214605AA26F051FB8A
S21400F7B02146304627F042FDE0E700BF770204000E
S21400F7C043020400083E002037B5694609F0B0FB46
S21400F7D0044638BBBDF80020134906F019F8134D4F
S21400F7E02046019905F06CFF2046114905F0F6FF0A
S21400F7F02B681B68587927F030FE70B14FF6F6720A
S21400F800BDF800104B1E9BB2934209D82B68019A94
S21400F8101B685879FFF732FD0446204603B030BD1A
S21400F8208724FAE78120F9E78B020400083E0020CF
S21400F830650004007FB505460024E6B269463046FA
S21400F84028F0AAF8A8B99DF80030032B11D19DF82E
S21400F8500130AB4204D0FF2D0BD19DF80D3043B9DB
S21400F860304628F097F8024618B10020034905F004
S21400F870B5FF0134202CE0D104B070BD4302040073
S21400F880034B1B681878012808BF0220704700BF8A
S21400F890443D0020D0E9023253F822301A78024B59
S21400F8A01A7000F0E7BA00BF2E5B002070B5D0E9F2
S21400F8B002456B1EDBB254F8230003221B490AF0F4
S21400F8C09FFE54F8253004EB8504197863681A788F
S21400F8D0A2F10B030F2B05D915490020BDE8704097
S21400F8E005F07CBF01290FD1124C9140236840B926
S21400F8F00B43114A23600020BDE870400F4905F015
S21400F9006DBF23EA0103F4E702290CD101230C4959
S21400F91003FA02F20B6818B913430A4A0B60EAE7C7
S21400F92023EA0203F9E70A460749D6E7AF020400CE
S21400F930B30204002C640020C9020400D1020400B3
S21400F94028640020E4020400EE02040007B5D0E9B3
S21400F950023103EB810253F821300B491B785268C1
S21400F960012B0A4B08BF0B4612684FF000001A60C6
S21400F9700092074A074B084918BF1346074A05F086
S21400F9802DFF03B05DF804FB2C64002028640020E3
S21400F9900903040001030400130304001484040094
S21400F9A038B5254A254B264C0020264905F016FF7B
S21400F9B00020254905F012FF22682449002005F0A2
S21400F9C027FF2068224C234D05F0E2FE214600204A
S21400F9D005F004FF2A682049002005F019FF286872
S21400F9E005F0D6FE2146002005F0F8FE1B4B1C490C
S21400F9F01A781C4B002053F8223005F0EFFE00F07A
S21400FA000DF919490246002005F0E8FE174B0020C4
S21400FA101A78174905F0E2FE164B17491A780020A7
S21400FA2005F0DCFE04F020FABDE838400246134933
S21400FA30002005F0D3BE00BF148404002D0304008C
S21400FA402C640020340304003C0304004A03040032
S21400FA50EEEB0300286400205B0304005C5B0020E0
S21400FA606C030400306400207F030400415B002028
S21400FA7093030400405B0020A5030400B7030400C2
S21400FA8007B500F071F8054B0090054A00200549BF
S21400FA9005F0A4FE03B05DF804FB00BFCD03040030
S21400FAA0148404004EFF0300F8B504460B4F0C4EBA
S21400FAB00C4D00200C4A0D4905F090FE20463B7880
S21400FAC029783278F6F75AF900233B7033702B709A
S21400FAD0FF21BDE8F840064825F01ABE5C5B002012
S21400FAE0405B0020415B002014840400D203040025
S21400FAF0803A002037B51248FF2125F009FE114B49
S21400FB00187810F0100505D0002003B0BDE830408E
S21400FB1003F01CBF0121B42004F020FB04460A4B6E
S21400FB200A4A0B490090284605F058FE2046FFF783
S21400FB30BBFF4FF4806003B0BDE8304027F070BBD9
S21400FB40803A00205C5B0020E90304001484040073
S21400FB504EFF03000021024A0248FEF7C9BA00BF62
S21400FB60F5FA0000803A002008B5054B1B7823B153
S21400FB701720FFF799FF002008BD0220FCE700BF12
S21400FB805C5B002010B550B1054B00F1100250F838
S21400FB90044B904243F8044BF9D1024B197010BD48
S21400FBA0425B0020525B002037B5174D04462B7889
S21400FBB0DB0626D50090154B0020154A154905F0A2
S21400FBC00DFE1E2C0BD0652C09D0032C19D000205E
S21400FBD027F062FF40F61C40FFF766FF0DE027F0B7
S21400FBE083FF4FF4FA63B0FBF3F202FB1300C21874
S21400FBF0FF21094892B225F07AFD2B7823F01003F6
S21400FC002B7003B030BD00BF5C5B00200204040014
S21400FC10148404004EFF0300803A0020014B18793C
S21400FC20704700BFE052002070B54C4E8EB033785F
S21400FC3003F0FB02A3F10905022AEDB258D0042B0B
S21400FC4041F6041257D0A3F108014B424B415B002A
S21400FC5013434348ADF80C3026F041F948B9414B00
S21400FC603F4A03F1100153F8040B8B4242F8040B91
S21400FC70F9D13D4B1B78002B3FD03C4B0DF10E02CB
S21400FC8003F1100153F8040B8B4242F8040BF9D130
S21400FC9003A827F021FF2328044610D1012D49D8B8
S21400FCA00020334A334905F099FDBDF80C3003A80F
S21400FCB023F40053ADF80C3027F00EFF0446002C5A
S21400FCC041D14FF40C7027F005FF044600283AD1C6
S21400FCD003F0FAFE012D36D8274A01AB10685168AA
S21400FCE003C3264901A827F05BFF78B319242AE04E
S21400FCF043F60412A7E70223AAE73378042B0DD0B5
S21400FD00082B0BD01E4B0DF10E0203F1100153F819
S21400FD10040B8B4242F8040BF9D1B9E7104A0DF1F7
S21400FD200E0302F1100152F8040B8A4243F8040B4A
S21400FD30F9D1ADE7337803F0FB03022B03D10020A3
S21400FD40104905F04BFD20460EB070BD044901A8D1
S21400FD5027F026FF04460028C8D1F4E75C5B0020A5
S21400FD60305B0020CF040400525B0020425B002082
S21400FD701484040026040400E00404000484040040
S21400FD80E90404008104040070B5002686B0044629
S21400FD90252027F087FE1622002116480AF0E4F8F0
S21400FDA0154B1E60154B1878FFF76AFD022814BF26
S21400FDB00123042303208DF8083027F0C1FE042316
S21400FDC08DF810300E4B02A80593039403F030FD17
S21400FDD005460C4B0C4A19680C4B3046A14208BF2E
S21400FDE0134600940A4A0B4905F0F8FC284606B06C
S21400FDF070BD00BFE0520020A03A00205C5B0020EF
S21400FE00E90001002C64002001030400090304003B
S21400FE1014840400FA04040008B5134A1378042B6B
S21400FE2009BF124B01331B78C3F10603DBB2137014
S21400FE3003F0FD02092A04D11720FFF735FE17202C
S21400FE4008BD0A4A1278002A14BF052206229A42E2
S21400FE5007D1074B18680028EED0FFF795FF4D2016
S21400FE60EEE70020ECE700BF5C5B0020525B002062
S21400FE702864002073B51E4C1E4E23683268134358
S21400FE8034D01D4B1B6853B31C4D2B783BBB03F083
S21400FE90EBFFF8B94FF4806027F083F9184B24681D
S21400FEA01B7894B1C3F102032B7003F047FD204684
S21400FEB0FFF76AFF04460020124B134A13490094CA
S21400FEC005F08CFC204602B070BDC3F10603346812
S21400FED02B70EAE70121B42004F040F9EAE700209D
S21400FEE0094A0B4905F07AFC0224E4E70224E9E714
S21400FEF02C64002028640020443D00205C5B002029
S21400FF00525B002042050400148404004EFF0300E8
S21400FF10280504002DE9F347384D394E00202A798C
S21400FF202B88384905F05AFC3268287922FA00F006
S21400FF3010F0010002D1344905F050FC334F3C78F4
S21400FF403CB10822324933480AF05AFB041E18BF57
S21400FF500124DFF8DC80DFF8A490DFF8B4A014E01A
S21400FF6098F8000049460130C0B288F8000027F033
S21400FF708BFD002835D13C783CB1082251462548F7
S21400FF800AF03EFB041E18BF01242A793368D340CA
S21400FF90DB07E5D5002CE3D100922B881E4A1F49CB
S21400FFA0204605F01BFC1E4B1878FFF769FC012362
S21400FFB00322124927F06EFD1A4A054613780133CC
S21400FFC0137010B902B0BDE8F08720462B46124ADF
S21400FFD0154905F003FC284602B0BDE8F047FFF7D8
S21400FFE063BD0020114905F0F9FBFFF715FF002857
S21400FFF0E8D102B0BDE8F04700F01CB8E05200209F
S214010000A03A002048050400790504005B5B002047
S214010010535B0020EE5200201484040048060400BE
S2140100205C5B0020405B0020E9050400120604002A
S2140100302F5B00202DE9F041214C224D2378002032
S21401004055F82330204A214905F0C8FBFFF7ECFD9F
S21401005003461D4E1E4FDFF874802BB92378042B00
S21401006015D8B3B91B4B15E032463946002005F0CA
S214010070B5FBFFF7D1FE00BB2378324655F8233097
S214010080414605F0ABFBFFF7CFFD0346E5E7092B3D
S214010090E8D1114B00201B68104A11491360114B1F
S2140100A0187027F0F1FC20B1BDE8F0410120FFF700
S2140100B0FBBCBDE8F041FFF72DBFBDE8F08100BFF6
S2140100C05C5B002030640020148404006806040091
S2140100D075060400286400202C640020A03A002045
S2140100E0E05200202F5B002070B51C4C23789BB398
S2140100F0838913F4407F2FD0056835B12A46BDE8C1
S21401010070400020164905F069BB27F0BBFC154E70
S21401011003463070144A2846144905F05FFB3378CD
S2140101201BB1BDE87040FFF785BF2378082B0CD8BC
S214010130042B0CD80E4B1B78C3F1060323700D4B12
S214010140BDE870401868FFF71FBE0A2BF2D1BDE864
S21401015070401820FFF7A8BC70BD00BF5C5B002094
S214010160A0060400415B002014840400CD060400B0
S214010170525B00202864002030B5464D03460446F5
S214010180454A0020454987B005F028FB2B782BBB54
S21401019001A827F007FD022301A88DF8043027F0F7
S2140101A0EFFCB0B93E4901A827F0ECFC88B1152C4C
S2140101B00FD127F099FC47F23153B0FBF3F202FB63
S2140101C0130000F51C50103080B203F0BFFB07B0DF
S2140101D030BD162CFBD103F0F3FBF8E7152C2AD122
S2140101E000202D4A2F4905F0F9FA2B78042B11D05F
S2140101F0082B0FD02C4B1B78DA070BD401A827F05D
S21401020065FC18B9BDF804309B0703D42B7843F07E
S21401021010032B7027F068FC4FF4FA63B0FBF3F27F
S214010220FF2102FB1300C218204892B207B0BDE8B6
S214010230304025F05CBA27F089FC04460028C6D178
S2140102402B78013B092B1ED8134A194905F0C6FA2B
S214010250184A194913780133D8B2107027F014FCE4
S21401026060B12046154905F0B9FAFFF7D5FD00281B
S214010270ADD107B0BDE83040FFF7DCBE07B0BDE842
S2140102803040FFF747BE40F61C4007B0BDE830409F
S214010290FFF70ABC5C5B002014840400F10604002E
S2140102A004840400080704002E5B0020803A002026
S2140102B01B0704002F5B0020E052002012060400FA
S2140102C02DE9F0410B4686B004460E4617463A49DC
S2140102D00246002005F082FA4FF000080123CDE91E
S2140102E001380DF1160300934246402306212046AD
S2140102F026F095FE054640B102463049404605F0D7
S2140103006DFA284606B0BDE8F0819DF816202AB998
S21401031036B900202A4905F061FAF2E7012EF8D035
S21401032082F00103002027498DF8173005F056FAB0
S2140103309DF817300DF1170633B310230022CDE9CF
S214010340006306214023204626F034FE064630B1DF
S214010350324600201C4905F041FA3546D1E74FB92F
S2140103600821204626F088FC20B120469DF817106B
S21401037026F065FF0521204626F07EFC0028C0D029
S214010380204626F059FFBCE74FB90821204626F043
S21401039073FC20B120469DF8171026F050FF10235D
S2140103A00022CDE9006306214023204626F002FE06
S2140103B006460028DED0CBE74A0904006609040099
S2140103C07F0904009F090400BF090400002208B544
S2140103D0034B11461B681B685879FFF771FF08BD70
S2140103E0083E002008B5044B00221B6801211B684B
S2140103F05879FFF765FF08BD083E002008B5044B95
S21401040000221B6802211B685879FFF759FF08BDB7
S214010410083E002010B50123002488B001A88DF8FD
S2140104200430CDE90244F6F73BFA20469DF8042055
S214010430124905F0D3F92046039A114905F0CEF981
S2140104402046029A0F4905F0C9F910220E4B0DEB12
S2140104500201188840F0604040F48010FBF718FC59
S21401046020460A4905F0D4F904A826F068FF20467C
S214010470074905F0B3F908B010BD00BFD80904005C
S214010480F7090400160A0400E4830400350A040090
S2140104900533040008B525F053FD0020024905F098
S2140104A09DF9012008BD00BF520A04000023054A39
S2140104B08360C360044BC0E9002311B14FF6FF739C
S2140104C00B807047491045AA2830021110B5044622
S2140104D060B10020064905F081F9052C06D002F02E
S2140104E0CBF904490246002005F078F9012010BD39
S2140104F0660A0400770A040037B500216A4601AB94
S214010500054625F0DEFD044668B100220F49104677
S21401051005F064F902F0B0F90D490246002005F035
S2140105205DF903B030BD0B4905F058F9012024F000
S214010530E0FC01F099FF431C02D008F025F8F0E733
S21401054021462846FFF7A6FFEBE700BFA00A0400F6
S214010550770A0400E80A040038B5054601F084FF6E
S214010560044626F032FE4DB100200E4905F036F95C
S214010570631C14BF2046002007F0C8FF25F0EEFCE0
S2140105800228044605D0012805D10020064905F0B9
S21401059025F9204638BD0020044905F01FF900243E
S2140105A0F7E700BF050B04001F0B0400380B04001F
S2140105B008B50020034A044905F010F9BDE80840D3
S2140105C000F050BDE21A0400510B040008B50020EB
S2140105D0034A044905F002F9BDE8084001F0CAB92A
S2140105E0700B0400510B04001FB5D0E9023253F81A
S2140105F0223068461C78214601F0D0FB684601F09F
S21401060073FC28B92246044905F0E8F804B010BD89
S2140106106846FFF771FFF9E7760B040000200149F1
S21401062005F0DCB8920B04007FB50DF1060102A8B7
S214010630FFF73CFF0020264905F0D0F80020BDF862
S2140106400820244905F0CAF80020BDF80A202249EE
S21401065005F0C4F8039A0020204905F0BFF80020F1
S2140106601F4905F0D5F84FF6FF73BDF806209A42EC
S21401067029D000201B4905F0B1F800201A4A1B4971
S21401068005F0ACF800201A4A1A4905F0A7F800222E
S2140106901949104605F0A2F80020154A174905F039
S2140106A09DF80A220020164905F098F80A22002033
S2140106B0144905F093F80A220020134905F08EF834
S2140106C007B05DF804FB0020104905F087F8D4E771
S2140106D0A10B0400B90B0400D20B0400EB0B0400C1
S2140106E0040C04000F0A0400E09304001A0C040032
S2140106F0C0270900390C0400580C0400770C0400CC
S214010700960C0400B50C0400D30C0400170C04006E
S21401071008B50020034905F061F8BDE8084001204E
S21401072001F0FAB9F10C040008B50020034905F000
S21401073055F8BDE80840002001F0EEB90A0D0400A6
S21401074030B5104B104D1B5C85B08DF80F302B78F3
S2140107500446834206D00D4B0D4953F82020002055
S21401076005F03CF830232C700A4801930DF10F0375
S2140107700093062280231921007826F01BFC05B081
S21401078030BD00BF2B840400645B00203884040065
S214010790220D0400CB6800201FB52323039001938C
S2140107A0064803AB0093012280231921007826F026
S2140107B001FC039805B05DF804FB00BFCB68002080
S2140107C073B5164D04462B78154ECBB125F0E7FBD5
S2140107D0012815D0346040F6B244124B1B78072B23
S2140107E017D02D78C5B925F0DAFB031E18BF0123F3
S2140107F00D48009522461921007825F05FFF03E099
S21401080000233360002CE8D1201E18BF012002B05F
S21401081070BD02250123EBE70025FBE7615B0020A5
S214010820A43A0020645B0020CB68002008B5044889
S214010830FFF7C6FFBDE808400220FFF781BF00BFF3
S214010840C027090010B5064C208826F0F9FC608800
S21401085026F0F6FC6068BDE8104026F000BD00BF3B
S214010860A83A00207FB523238DF813300DF113032A
S214010870029304230648019305AB009301228023CB
S2140108801921007826F0CBFB059807B05DF804FB2C
S214010890CB6800202DE9F047DFF84C91044699F823
S2140108A0000090460F4626F0C9F90B2899F800205B
S2140108B005D9BDE8F04700203F4904F08FBF002668
S2140108C03E4B3F4D1E803F4BDFF820A103EB00134C
S2140108D05B8801202B802A7104F0A8FE05F050FFEA
S2140108E004F0A4FE204604F0A1FE0123042C8AF89D
S2140108F000300BD8022C45D89C4216D02346BDE8C2
S214010900F0470020304A314904F068BF062CF5D183
S21401091030462F4904F062FF384604F087FEFFF7A1
S21401092091FF97B18AF800600FE04FF6FF76294FE6
S2140109303888801B18BF012004F078FEFFF782FF7D
S2140109403888B04201D026F07BFC19236B8099F8D9
S214010950003000202B71204B1B786B71EB8843F025
S2140109604003EB801D4B198826F015FC034620B189
S214010970224600201A4904F031FF4046BDE8F04700
S214010980FFF71EBF304604F051FEFFF75BFFFFF78F
S21401099069FF26F064FC134B1B78002B0CBF3F202D
S2140109A0202004F043FE042CCFD14FF4806026F0C3
S2140109B047FC3220C7E700BF350D04000453002072
S2140109C008530020783C002029FD0300810D040017
S2140109D0640D0400F8520020CA6800206A680020EE
S2140109E09A0D0400605B0020CB680020615B00204C
S2140109F038B5044605200D46FFF7A2FE184B1A88A7
S214010A004FF6FD739A4207D10020164904F0E6FE20
S214010A10BDE83840FFF70ABF65B1134A13780133C2
S214010A20DBB2092B137014D90A2200200F4904F0F7
S214010A30D5FEEDE7012C0ED10B4B1D700C490D4870
S214010A40FFF734FDBDE83840002101200A4AFFF7D0
S214010A5021BF012CF2D0BDE838400748FFF7B0BEF1
S214010A606A680020D40D0400635B0020FF0D0400BB
S214010A70F8520020A83A0020E093040008B5064981
S214010A80002004F0ABFE0548FFF736FDBDE8084040
S214010A9000210846FFF7ACBF430E0400A83A002029
S214010AA0814237B50346154608D2002000910F4A09
S214010AB00F4904F093FE002003B030BD0C1A224605
S214010AC000200C4904F08AFE40F6BB532246002063
S214010AD0094904F083FE4FF47A735C43074B012007
S214010AE09C4294BF2C602B60E6E700BF29FD030003
S214010AF0540E0400910E0400AC0E040080EE360085
S214010B0010B504460820FFF71BFE0D4B3CB91C70C0
S214010B100021BDE8104006200A4AFFF7BBBE1B783D
S214010B20092BF5D90A220020074904F057FE0020B8
S214010B30064904F053FEBDE81040FFF79FBF00BF13
S214010B40635B0020C0270900D80E0400190F0400BB
S214010B5073B51F4D2C7834B100201E4902B0BDE894
S214010B60704004F03BBE0220FFF7EAFDFF221A4E5A
S214010B701A4B30781A7026F061F80B2807D92046F0
S214010B803278174902B0BDE8704004F027BE154B15
S214010B901549009301EB0011012319224FF6FD7050
S214010BA0498805F091FA70B12046104904F016FE06
S214010BB000220F4B0F481C700F4B1A7002B0BDE895
S214010BC07040FFF7FDBD01240C492C70EEE700BF15
S214010BD0625B00202A0F0400CB680020CA68002050
S214010BE0350D0400E10E0100783C00206B0F040077
S214010BF0615B0020C0270900635B0020910F0400A1
S214010C0038B5144D04462B78052B21D91249FFF728
S214010C105DFC24B918B9114904F0E0FD0424104B19
S214010C20195D21B9BDE838400846FFF769BF032CB6
S214010C3006D02B78052B03D006200A4AFFF72AFE9A
S214010C400021094B08461970BDE83840FFF7D0BEB1
S214010C5038BD00BF645B0020A83A0020B30F040033
S214010C6021840400C0270900615B002030B50446DA
S214010C7089B00720FFF764FD052C0AD100222A4B14
S214010C8003A91A7002A804AA01F0FEFD30B10220E1
S214010C9045E09CB90122244B1A700224224D287883
S214010CA078B1421E504221495041FFF755FC0223BC
S214010CB004462B70022C0ED10A200FE0022CE6D13E
S214010CC0EBE7631F5A424FF0050018495A4125F0D9
S214010CD06DF90446EEE7032C04D10020FFF770FD02
S214010CE009B030BD062C06D10020114904F076FD6E
S214010CF001232B70E0E70F4A0F4B2878002C18BF12
S214010D0013460E490E4A0094002808BF0A460020E2
S214010D100C4904F063FD201E18BF0120400009B0F5
S214010D20BDE83040FFF76CBF5F5B0020A83A0020AB
S214010D30EE0F0400E70F0400E00F0400CF0F0400DD
S214010D40D90F04002910040013B51F4C0620FFF725
S214010D50F7FC2278092A09D900201C4904F03EFD37
S214010D60042002B0BDE81040FFF74ABF184B1B78BD
S214010D702BB3002024F0E1F825F011F968B9FFF74C
S214010D8071FD144B196825F001F902460420002173
S214010D9002B0BDE81040FFF77DBD01A825F0FDF8C3
S214010DA0FF2809D14FF4FA6023780133237002B08B
S214010DB0BDE81040FFF704BD0198FFF7EDFC4FF4C6
S214010DC0FA620320E3E700BF635B002044100400DF
S214010DD0605B0020B83A0020F023F0B589B0CDE979
S214010DE0000334488023002219210078324E334F05
S214010DF026F0E0F80020324904F0F0FC324639468D
S214010E0003A801F041FD032804462E4D1CD10626F9
S214010E10039A2D49002004F0E1FC0398FFF7BCFC7F
S214010E200020396800F0ACFE2E7001F09FF9002218
S214010E300446264B30461A70FFF782FC84BB09B085
S214010E40BDE8F040FFF780BF28BB7268204904F078
S214010E50C5FC214604A8FFF729FB059B726893424F
S214010E600BD020461B4904F0B9FC072305202B7044
S214010E7009B0BDE8F040FFF7F9BE1A46204616490C
S214010E8004F0ACFC0523002101202B7009B0BDE85D
S214010E90F040FFF7ADBD0020104904F09FFCF1E7DC
S214010EA0042C05D0042009B0BDE8F040FFF7A8BE29
S214010EB009B0F0BDCB680020A83A0020B83A00205F
S214010EC07C100400645B0020AD100400635B00200E
S214010ED0E81004002111040075110400B11104008A
S214010EE0F7B50446876800202378364D012B287015
S214010EF004D0354B3549187004F070FC26785EBB7B
S214010F00334B1B78FF2B04D103B0BDE8F040FFF74D
S214010F108DBC304B1B78032B11D82F4C0320FFF7C9
S214010F200FFC6946208826F0F9FD002843D02B499E
S214010F30208805F047F920B12E70FFF777FC03B043
S214010F40F0BD0124204B26491C7004F047FC032009
S214010F50FFF7F6FB2C70F2E7012E25D13B78002B2C
S214010F60EDD01B4D2B78FF2BE9D1A68802F0A4FF0C
S214010F70864206D100201B4903B0BDE8F04004F0CC
S214010F802DBC194BA2881B783BB132B11749002002
S214010F9003B0BDE8F04004F021BC7B6814491B781F
S214010FA02B700D4B1A80F2E7032E08D108226846F3
S214010FB0A16809F02BF86846FFF70EFFBFE700238C
S214010FC02B70A1E7615B0020625B0020CC1104005E
S214010FD0CA680020645B00206A680020E10E0100F8
S214010FE0910F0400EC1104005E5B00201212040055
S214010FF03D1204007FB5094B1A78FF2A0AD11870F2
S21401100001F088FB0022064B0DF1060102A81A80AA
S214011010FFF74CFA07B05DF804FB00BFCB68002071
S214011020F6520020152838B517D10C4B1D78A5B9F6
S21401103026F05AFDC4B2012C38BF01240120FFF767
S2140110407FFB28462246064904F0C8FB4FF47A7017
S2140110506043BDE83840FFF7B3BB38BD645B002092
S2140110605A120400034B1B78022B01D8FFF770BD00
S214011070704700BF645B002070B5284C24F08AFFDF
S2140110802578274EBDB10020264904F0A7FB264A45
S214011090137801331370002323703378062B0AD19B
S2140110A0BDE87040214B1868B0F5FA6F38BF4FF4B1
S2140110B0FA60FFF785BB3378013B082B2CD8DFE8B5
S2140110C003F005090D2B13191D222700BDE87040FA
S2140110D0FFF7C8BFBDE87040FFF73ABD0023237095
S2140110E0BDE87040FFF7A2BB2946BDE8704001206D
S2140110F0FFF77EBCBDE87040FFF726BE0220BDE8C4
S2140111007040FFF7B3BD0120BDE87040FFF7F8BCA3
S214011110BDE87040FFF7B2BC70BD00BF615B002048
S214011120645B002089120400635B0020A43A00205F
S21401113010B90520FFF764BD034B1B78062B01D1C0
S214011140FFF79ABF704700BF645B00202DE9F047A8
S2140111508E68054633189A780C46092A8EB008D947
S2140111600020A34904F03AFB852420460EB0BDE8D2
S214011170F08750B98B899F49895C8B4205D20091D3
S2140111809D4904F02BFB8024EFE79C4BE7881B88E6
S2140111909F4236D09A490978012932D932B13A4666
S2140111A00020984904F01AFB7E24DEE7964B1A705D
S2140111B0934B26791B78052B03D0012B3AD8FFF7E2
S2140111C051FF5EB93146204626F05EF903460028F7
S2140111D051D030468D4A8E4904F000FBD4F8088081
S2140111E0A48998F8037098F80450002E4CD1304624
S2140111F0884A894904F0F2FA00210120FFF7F8FB3A
S2140112004FE00021804B1970072A00F28A8301A360
S21401121053F822F0B11101005F1301005F130100C2
S2140112207115010071150100711501000718010003
S21401123007180100022B17D102F03EFE8742B3D0F9
S2140112400020764A764904F0C9FAFFF781FC46BBCE
S2140112503146204626F018F9034610B36B4A6C490E
S214011260002004F0BBFA1CE06E4A00206E4904F030
S214011270B5FA012479E7A3681B78DA06AED43246BC
S2140112806A4904F0ABFAA9E700210AA8FFF70EF9AC
S214011290032F08D95F4B664A66490097002004F081
S2140112A09DFA002461E76B1E632B04D9594B604AF3
S2140112B061490095F2E7614BE4B2DB5D9C4209D0DF
S2140112C0CDE901430020534B594A5D49009704F08C
S2140112D085FAE6E757B3A4B222460521404625F033
S2140112E0ECFFBDF82830834203D04A4B554A564995
S2140112F0B6E7012F1AD022460721404625F0DDFF2A
S214011300BDF82A30834203D0424B4E4A4F49A7E7E5
S214011310032F0BD122460921404625F0CBFF0B9B1C
S214011320984203D13B4B474A494999E7642D3FF41C
S21401133063AF26F0D9FB6423C0B2B0FBF3F203FB24
S21401134012030133DBB29D42BFF456AFCDE9005321
S2140113500020304B3B4A3F4904F040FAA1E7284BB6
S2140113601B78052B01D03C4A7FE7EB1CDBB2277BC1
S214011370F45C44B123460020374A384904F02EFA7B
S21401138000210C460BE00F2F0DD8102320463449C0
S2140113900093314A3B4604F021FA802401210020C3
S2140113A0FFF726FBE1E60435EDB220462A4A2D4931
S2140113B004F014FA7A1B7119D2B206A824F0FDFDC6
S2140113C005443A46E9B2304625F074FF264D069AA2
S2140113D02B68264F9A42386001D100284AD1244909
S2140113E000201D4A04F0FAF985240121D7E700BF41
S2140113F0A612040064840400BE1204006A68002079
S214011400645B0020ED120400615B0020631304009E
S2140114106B130400F31304000814040031130400D2
S2140114203E13040093130400A0130400BD1304002C
S2140114301D140400251404003F140400278404002E
S2140114405D140400B218040097140400C1140400CB
S214011450E914040010150400441504005E15040088
S2140114608D150400A4150400A83A0020B83A0020FF
S214011470CD15040000F08EFF3E68B0420AD200F09F
S21401148089FF9D4903463246204604F0A7F9892480
S214011490012184E7079A6B689A4205D12046974A4C
S2140114A0974904F09BF96BE79649097859B19A4236
S2140114B009D22046944904F091F996210620934AD0
S2140114C0FFF7E8F95CE7924A924905A801F0DCF9D2
S2140114D0079E48B96A68964206D88F4904F07EF995
S2140114E00520FFF7C3FB40E6324600208B4904F097
S2140114F075F939680027002000F042FB00206E6075
S214011500FFF74AF9864B06201F80FFF719F9854B2E
S2140115101F7001F0B1F90646F8B94FF6FF73824A1B
S2140115200AA81188994214BF13463B466A8829883F
S21401153001F012F90AA800F0D7FC58B10AA801F088
S214011540DDF938B13046794904F048F90420FFF74F
S21401155057FB0AE6FFF7F8FB07E6042805D1744BAC
S2140115601921187825F0C1F8FFE538467149EBE7EF
S214011570714B1B78062B01D0704A76E6DFF8A0A1E6
S214011580EB1C94F80C90BAF80080DBB22EB930460A
S2140115906B4904F023F98724E7E5F75C2C1D972FA8
S2140115A0E4B22FD025D8812F71D0952F67D017BBE5
S2140115B0B9F1100F7FF6E7AD31194A460AA824F0B3
S2140115C0FCFC0444E4B221464A46304625F072FE4D
S2140115D0231DDBB2053416F803A0E4B2A9EB04031D
S2140115E05345054666DA009338465346534A5549ED
S2140115F0C7E5982F43D03B460020504A524904F095
S214011600EDF8C8E7B9F10A0F7FF6BDAD1FFA89F705
S21401161021463A46304625F04DFE05F108010446BE
S2140116203A46C9B2304625F045FE0AAA014620468A
S214011630FFF736FA08B9454B0A93B9F10C0F12D9E0
S21401164005F10C013A46C9B23046DDF8288025F08E
S21401165034FE044602463E49002004F0BFF8AAF8CC
S214011660004044440A940A9C3A492246002004F069
S214011670B5F82046FFF7A4F824F097FC11E63649A2
S214011680002004F0ABF80320FFF7BAFA09E6334C62
S21401169023786BB124F07CFC50B10020304904F073
S2140116A09DF80023237024F080FCFFF74DFBF8E53E
S2140116B02C49E5E7DFF8A49099F8003043B9FFF725
S2140116C0D1F88542034607D01C4A27490095E5E52F
S2140116D024F065FC0128F2D110220D480AA908F071
S2140116E08FFF10B9BAF13F0F42D9144A1F490020A3
S2140116F004F074F84FE700BFEC150400441504002D
S214011700241604005D5B002059160400C02709005A
S214011710A83A0020B83A0020E81004009A160400FF
S214011720F6520020635B0020F8520020BC1604002D
S214011730CB680020DB160400645B00200117040060
S214011740161704004318040025180400E09304004B
S214011750511704007C1704009B170400605B0020EF
S214011760B7170400F61704007F180400BB1804001E
S2140117706D4B187099F800304BB124F009FC30B16C
S214011780284624F008FC042807463FF48AAD514653
S2140117902846321924F042FD28B10020634904F09E
S2140117A01DF8042070E799F80030554463B124F021
S2140117B0EFFB48B1FF2FF4D0012F3FF472AD032F9A
S2140117C016D124F0F0FB05462846FEF7E5FF044651
S2140117D002460521564824F017FC564B1B689C42CE
S2140117E00AD3204624F015FD0520FFF73FFA58E5F9
S2140117F024F0D7FB8046E7E74046FEF7E1FF0028E6
S2140118007FF44FAD51E74C4B1B7803F0FD03082BDB
S21401181001D04A4A29E5A48935B1F27822B10020DF
S214011820474903F0DBFF2EE7E4B22246F11C0AA883
S21401183024F0C3FB434BBDF8282019880546914286
S2140118400DD04FF6FF718A4209D03C4A00203E4B2C
S2140118503E4903F0DDFFBDF828203D4947E7BDF8C6
S2140118602A20598891420CD04FF6FF718A4208D03F
S214011870324A0020374B354903F0CAFFBDF82A200B
S214011880EBE70B9A5B689A420AD0013208D02B4AE2
S2140118902E490020304B03F0BBFF0B9A2F4926E759
S2140118A0A4B2E91C2246C9B2304625F003FDE91D63
S2140118B0C9B207462246304625F0FCFC431C0146C9
S2140118C006D10820FEF73CFF2548FEF779FFE8E43D
S2140118D0384606AAFFF7E4F8A8B9214B0693214B30
S2140118E000221978204B187824F043FB069C2046EA
S2140118F0FEF766FF224600201C4903F06FFF092011
S214011900FEF71EFFCDE440F6B733069A9A42E6D8B4
S21401191040F6B8320020164903F060FF40F6B833AF
S214011920DCE7812421E400BF635B0020EE1804009D
S21401193011190400B83A0020645B00201A1904004B
S2140119402F190400A83A0020B11404005619040007
S2140119500F0A0400DB140400711904006E21040050
S21401196080EE3600CA680020CB680020A919040062
S2140119707E19040008B50420FFF742F90020FEF79F
S214011980DFFE0023054A19211370054A1370054B23
S2140119901878BDE8084024F0A8BE00BF615B0020AF
S2140119A0625B0020CB68002010B5164B164C1A78E7
S2140119B0164B002053F82220154903F00FFF21781B
S2140119C0144B154A0020002918BF1A46134903F084
S2140119D005FF23782BB1124B00201A68114903F03A
S2140119E0FDFEFEF73FFF0446FEF73CFF0E4B19686F
S2140119F024F0FDFA2246BDE8104003460B490020BC
S214011A0003F0ECBE645B0020615B002038840400B8
S214011A10C51904009B2004007C200400D219040090
S214011A20A43A0020EC190400B83A0020051A040074
S214011A3038B5014604460020FFF788FB054698B1F5
S214011A40E37C00200A4A0B4903F0C8FE2379042BE5
S214011A500AD02946204625F017FD034620B100206E
S214011A60054A064903F0BAFE6FF0FF0038BD00BF15
S214011A7029FD03002D1A0400631304006B130400F0
S214011A8010B51346094A127882420DD163B1084A4D
S214011A90002014680A46074903F0A0FE2146BDE867
S214011AA010400120FFF752BB10BD00BFCB680020DD
S214011AB0083E00204F1A040010B50D4B1C782CB1BF
S214011AC0BDE8104000200B4903F088BE6420FEF7F5
S214011AD063FE4FF6F0716FF00F02074B0320C3E968
S214011AE0001222462146BDE81040FEF7D3BE00BFD5
S214011AF0645B0020881A0400A83A0020014B187085
S214011B00704700BF605B002000210620014AFEF7F7
S214011B10C1BE00BFC0270900014B1870704700BF47
S214011B205D5B0020114B2DE9F04107460D46186814
S214011B300F49101A096824F05AFADFF840800D4E52
S214011B4098F800400346FF2C307004D0A8420AD310
S214011B502C44A04207DB3A460020074903F03EFE2C
S214011B60337888F800303078BDE8F081C03A00203C
S214011B70BC3A0020655B0020B61B0400CC68002040
S214011B8050EA010208D0FF22054B091A1A70054BCC
S214011B901860054B1960704711461046FFF7C2BF23
S214011BA0CC680020C03A0020BC3A00202DE9F04F56
S214011BB0AFB006AD284600F0FDFD0026624FDFF807
S214011BC0D091284600F090F9044648B900F0BEFDD1
S214011BD05E490246204603F001FE2FB0BDE8F08FB5
S214011BE039460020F2B203F0F9FD284616A900F0A6
S214011BF0FFFD044620B15649002003F0EFFD8FE0BB
S214011C00BDF85820534903F0E9FD49462046BDF882
S214011C105A2003F0E3FD2046BDF85C204E4903F050
S214011C20DDFD2046BDF85E204C4903F0D7FD204679
S214011C30BDF860204A4903F0D1FD2046199A49496A
S214011C4003F0CCFD2046BDF86820474903F0C6FDE9
S214011C50204646490DF16A0203F0C0FD444920467C
S214011C60239A03F0BBFDBDF85C30D90705D52046A5
S214011C709DF890203F4903F0B1FDBDF85C309A070E
S214011C8014D500203C4903F0C3FDBDF85830B3F528
S214011C90807F4FD1002025F057FB18B10DF1910040
S214011CA003F01EFD0020354903F098FDBDF85C30B9
S214011CB05B070BD50020BDF8B220314903F08EFD3D
S214011CC00020BDF8B4202F4903F088FD06222846DF
S214011CD00DF116030AA924F0B9F9044690BBBDF824
S214011CE01620294903F07AFDDFF8A8A0DFF8A8B08E
S214011CF00DF12808BDF81610A2B2914210D9B8F815
S214011D0000205146002003F069FD0134D8F8042074
S214011D105946002003F062FD062C08F10808E9D1B7
S214011D206C46204600F05AFD94E80F00013685E81F
S214011D300F0046E70123202200200DF1910103F058
S214011D40B1FCAFE7114957E7C81B0400951D040015
S214011D50D11B0400F51B0400291C0400421C0400CE
S214011D605B1C0400741C04008D1C0400A61C0400EB
S214011D70BB1C0400D71C0400F01C0400053304003F
S214011D80031D04001C1D0400351D0400681D04000D
S214011D900E1C0400461D0400561D04002DE9F041EA
S214011DA088B004AD044628468846002700F002FDA8
S214011DB06E46474507D195E80F0084E80F00204698
S214011DC008B0BDE8F081304600F008FD96E80F0047
S214011DD085E80F00284600F087F801370028E8D18B
S214011DE0014B0FCBE9E700BFDC8604001FB5D0E945
S214011DF0023253F8223068461978FFF7CFFF68465B
S214011E0000F07CFD48B1042809D1074A00200749A3
S214011E1003F0E4FC05B05DF804FB054AF6E7002094
S214011E20044903F0DBFCF5E731270400B01D04008C
S214011E30E7200400BC16040010B5D0E9023203EB1B
S214011E408201496853F8223098B00C6804A81978C2
S214011E50FFF7A4FF03AB40220093214608AB04A87A
S214011E6000F0E2FC024628B100200E4903F0B6FC61
S214011E7018B010BD039808A900F007040122C0F3AA
S214011E80C70003F055FC039908A8091B014406483E
S214011E9001232246008803F005FC044803F03EFCBB
S214011EA0E6E700BFC01D04001453002005330400FC
S214011EB0F0B504460D460B4BEF880FCB84E80F00B8
S214011EC0AB882E899B0741BFD5F83900D5F83D1060
S214011ED004F1080303C3EA6820462780668062602F
S214011EE0F0BD00BF70840400102208B5034908F055
S214011EF087FB003818BF012008BD00BFDC86040040
S214011F0008B526F078FAC288FF219208012A38BF60
S214011F100122024823F0EBFB012008BDD03A002045
S214011F2038B5134690B10120274A1070274A002081
S214011F301160274A13600A46264903F04FFC02F057
S214011F409DFB254B1870022002F09EFB26F06EFAD0
S214011F50E8B91D4D1D4C2B782BB926F04CFA22689A
S214011F60C368134423601A4B24681B689C4229D219
S214011F7026F041FAC168204606F0AAF80024024677
S214011F802C7050B926F052FAFFF7BAFF03E0FFF7BC
S214011F90B7FF0028DDD0012038BD20460F4903F0E9
S214011FA01DFC0D4B187802F06FFB00200C4903F066
S214011FB015FC00F091F908B900F0AEF92046FFF7DC
S214011FC0B7F8E8E70124ECE7675B0020C83A002091
S214011FD0C43A0020E71D0400665B0020131E0400BF
S214011FE0331E040038B500F04BFA044600F042FAFE
S214011FF0241A26F000FA054618B9B1211B482BF021
S2140120002DFFAB8803F00303032B03D0B22117483F
S2140120102BF024FF00F02EFA054624F08AF801235F
S2140120208340013B2B4203D0B42110482BF016FF0E
S21401203024F07FF801238340013B234203D0B521DE
S2140120400A482BF00BFF05F019FE054624F071F83F
S2140120504FF48063B3FBF5F3C440A34205D2BDE859
S2140120603840BA2101482BF0F9BE38BD491E04009C
S214012070FF2108B5044823F04BFBBDE808400022C9
S21401208011461046FFF74CBFD03A0020F7B504467C
S2140120900E4600F089F8054626F0ADF9C3682B44D4
S2140120A09C4220D324F045F82C44C440013C114FF7
S2140120B03B68DEB1A34219D101340023ADF80430E8
S2140120C000F0E4F9054605F0D9FD103504FB00548F
S2140120D005F0D4FD01A90246204605F021FE24F0B4
S2140120E038F8386004E04FF0FF34E0E7A342E4DB61
S2140120F003B0F0BD5C6400204FF0FF320A4B10B510
S2140121001A600022094B1A7000F0B4F9044600F078
S214012110B7F9214602460120FFF702FF00280CBF4F
S2140121200120042010BD00BF5C640020685B002015
S21401213038B500F0D1F808B9002038BD094D0A4C71
S2140121402B7823B924F005F8012320602B7024682E
S21401215023F0EFFF01348440EED000F025F8204450
S214012160EBE700BF685B00205C64002070B50D4C97
S2140121702368002B01DA012070BD00F07BF90546CB
S21401218026F039F92468C66823F0D3FF013404FA2F
S21401219000F1294401208A19FFF7C2FE0028EAD07F
S2140121A00420E9E75C640020024B18680C3024F038
S2140121B000B800BF60640020FF2307B50021044A71
S2140121C004480093FBF75EFF03B05DF804FB00BF15
S2140121D071200100D03A00200E4B70B51C680546F0
S2140121E0036804F582641C440E46FFF7DDFF2B6886
S2140121F0834208D232681A44824208D9C31A01209F
S21401220033602C6070BD044A126813441C1A002007
S214012210F7E700BF60640020CC3A00202DE9F04FBC
S214012220B3F5803F87B00F469846019003D3002050
S21401223007B0BDE8F08F03A904A8CDE90332FFF784
S214012240CBFF0024824600F10109DFF888B05FFA6F
S21401225089F9019BDDE90356AAB27BB13046109994
S21401226026F0D0F80028E2D1B9F1020F2BD1DBF825
S21401227000300493019B03BB2F4421E039463046CE
S21401228005F04EFD0028D2D1BAF1000FECD0002C9B
S214012290EDD105F0F3FC2E44B6FBF0F303FB106022
S2140122A00028E4D005F0EAFC05A90246304605946C
S2140122B005F036FD0028DAD0B9E7109B2B441093C1
S2140122C0A8EB05050395631C4B454FF00104C0D3ED
S2140122D02046ADE7CC3A00207FB56B460C4A106825
S2140122E0516803C390680C2218600A4B0DEB02017B
S2140122F0186826F087F80C2268460DEB020108F0F4
S2140123007FF9B0FA80F0400907B05DF804FB00BF22
S21401231080840400606400201FB5084A01AB106881
S214012320516803C3906801A91860054B0C22186810
S21401233005F0F6FC05B05DF804FB00BF80840400E0
S21401234060640020F7B5044615460E4681B9072A93
S21401235003D80024204603B0F0BD0D4B80791968E0
S214012360E379063000EB03200C3180B223F02BFF1B
S214012370002721462B46324638460097FFF74EFF88
S21401238004460028E5D039467019FFF77FFEE1E7DD
S21401239060640020024B1868A0F50060704700BF1B
S2140123A06C64002010B58AB0684606F09DF810F0FF
S2140123B0FF0027D1009BFBB1174C01A9206006F056
S2140123C00BF810F0FF001DD12268009B9A4204D33F
S2140123D04FF4DD7111482BF041FD019B104A114964
S2140123E01360029A13440B600F49A3F500630A6059
S2140123F00E4A1360009B63B940F2CF1107482BF0D9
S2140124002DFD06E0044A034612680020084903F041
S214012410E5F90AB010BD00BF64640020FC1E04008C
S214012420CC3A0020686400206C64002060640020C0
S214012430A41F040008B5FFF7B5FF25F0DCFF50B177
S21401244025F0D9FF064B02691B689A4203D2B321D5
S21401245004482BF003FDFFF7C5FD012008BD00BFB2
S2140124606C640020FC1E0400014B1868704700BF16
S21401247064640020014B1868704700BFCC3A002006
S214012480014B1868704700BF68640020014B18684C
S214012490704700BF6064002010B5FFF749FE044690
S2140124A02849002003F09AF90020274903F096F9FD
S2140124B00020264903F092F90020254903F08EF901
S2140124C0244B00201A68244903F088F92246234940
S2140124D0002003F083F9FFF767FE2149024600203A
S2140124E003F07CF91F4B00201A681F4903F076F9A8
S2140124F01E4B1F4C1A6800201E4903F06FF9226814
S21401250000201D4903F06AF94FF4806200201B4940
S21401251003F064F9226800201949103203F05EF9CD
S2140125202268002017490C3203F058F9226800206F
S214012530154902F5826203F051F9BDE8104005F035
S214012540D1BA00BF23200400602004007F200400CD
S2140125509F20040064640020CA200400E9200400CF
S2140125600C210400CC3A00202F21040068640020CE
S21401257060640020522104007521040098210400A3
S214012580BB210400DE210400012204002DE9F041F4
S21401259094B004460D460020482102AA23F024FEEA
S2140125A018B9534903F01AF919E0602200212046B0
S2140125B007F0DAFC04224F4902A808F021F890B18E
S2140125C06DB19DF80B30002001939DF80A309DF8FF
S2140125D00820009348499DF8093003F0FFF80120D0
S2140125E014B0BDE8F081BDF80C20B2F5807F2280E2
S2140125F003D0424903F0F2F8F1E7BDF81420BDF824
S2140126000E102281DDF816206180E2600499BDF883
S2140126101A206160228284F8320007AD04F11202AA
S2140126200FAE2B4603CBB342106051601D4602F13C
S2140126300802F6D10F9B324A63631360314B1022B6
S2140126401846002107F090FCE288A38802802289C0
S2140126504280E26842600BB90020C1E70026354699
S214012660A388D90709D536B105F150026A4412F894
S214012670482C84F838200135EDB29A0714D5208805
S21401268023F0C8FC07466EB102AB03EB0508024611
S214012690414604F1390007F0F7FD3A4641461A482B
S2140126A007F0F2FD2F44FDB2A3885B070DD556B1A6
S2140126B005F150036B4433F8482C33F8463CA4F834
S2140126C05A20A4F85C300435EDB2002EC4D1482D52
S2140126D002D930460D4965E72946382002AA23F07B
S2140126E083FD08B90A495DE738250126B8E700BF2A
S2140126F0242204008C840400562204008C22040048
S214012700F03A0020F43A0020FC3A0020A722040008
S214012710F722040030B50B4C99B025786DB9FFF758
S21401272089FE68B129466846FFF730FFB0FA80F0A7
S214012730054B4009187001232370002019B030BDE5
S2140127400120FBE7695B00206A5B0020014B1878DB
S214012750704700BF6A5B002070B51E46134B0446E7
S21401276018881D46884298B002D15B88934206D0ED
S2140127700F4B0FCB84E80F00204618B070BD96B102
S21401278000216846FFF702FF0028F1D1BDF80430AA
S2140127905B0708D53388BDF85A209A42E8D8BDF8B9
S2140127A05C209A42E4D395E80F00E3E7F43A002070
S2140127B0DC860400064B10B51B7804462BB9054B86
S2140127C00FCB84E80F00204610BD034BF8E700BF8F
S2140127D06A5B0020DC860400F43A002010B504464B
S2140127E0024B0FCB84E80F00204610BDDC860400A8
S2140127F00B4B10B51B78044608467BB10021FFF74A
S214012800C5FE48B910222146064807F0F9FE0038F1
S21401281018BF0120C0B210BD0120FBE70120FAE776
S2140128206A5B0020F43A00202DE9F0410E469046FE
S2140128300E4910221F4607F0E3FE044670B90C4B02
S2140128403A461D683046AD1B454528BF45462946D4
S21401285023F0CAFC28B9074902F0C0FF0120BDE8F1
S214012860F081069B20461D60F9E700BFF43A002080
S214012870F03A0020F72204000022024B1A70FFF7FC
S2140128803BBC00BF6A5B00202DE9F0419CB00F46BF
S21401289016468046FFF74CFC0546024615490020C1
S2140128A002F09CFF382D20D9012104A8FFF76EFE07
S2140128B00446D0B9119B04A93B606F463846FFF722
S2140128C0F7FA97E80F0086E80F00119BAB4297BF17
S2140128D001210324084AC8F8003094BF1170C8F8D3
S2140128E0005020461CB0BDE8F0810022024B0124B6
S2140128F01A70F6E7292304006A5B002070B5084DBC
S21401290000262B7853B1FFF7F7FB0446102200216F
S21401291004482E7007F028FB204670BD3446F5E7C4
S2140129206A5B0020F43A002008B50020064902F050
S21401293055FF064B00201A78054902F04FFFBDE807
S2140129400840FFF7A9BD00BF482304006A5B0020CA
S2140129507223040003460120024AC3E90320002231
S2140129601A7070470100FEFF2DE9F0410024264E43
S214012970264FDFF8A88088B000F0D4F9A5B28542CA
S21401298002D308B0BDE8F081284603A923F062FC13
S214012990A2B23146002002F03BFF9DF80D2012B393
S2140129A09DF81210BDF81030402914BF6E21792110
S2140129B00020CDE900313946BDF80E3002F028FF7F
S2140129C0BDF814201AB10020114902F021FF9DF82C
S2140129D00C00BDF8182070B9079B0E490093BDF88E
S2140129E01A3002F015FF00200B4902F0F7FE013401
S2140129F02BF041FAC0E7BDF81C3041460093002099
S214012A009DF81A30EDE700BF8B23040091230400E4
S214012A10B4230400BE23040005330400E5230400A8
S214012A2010B500F0ABFABDE810400346024A00209C
S214012A30024902F0D3BE00BF602F04007EEE030001
S214012A40D0E9023253F8223010B5188800F086FA21
S214012A50BDE810400346024A0020024902F0BEBE0D
S214012A600D2404007EEE030010B5D0E902320024E6
S214012A7086B08DF8044053F8221003EB82030978E0
S214012A8001A88DF805105A681288ADF806209A68D4
S214012A901288ADF80820DA681278ADF80C40A24228
S214012AA014BF402280228DF80A201A691288ADF8D8
S214012AB010205A699B691288ADF812201B6805938D
S214012AC000F0D0FB034A03460349204602F086FE87
S214012AD006B010BDAF0204007EEE030038B5002438
S214012AE0064D2BF0B4F945F824000634C02CF8D175
S214012AF00020BDE83840024902F070BE8010002078
S214012B001424040030B5002087B0204902F066FE88
S214012B1000201F4902F062FE00201E4902F05EFE00
S214012B202BF095F900240546A0B201A9013423F043
S214012B3091FB202CF8D12BF08AF91749421B002073
S214012B4002F04CFE1549002002F048FE2BF07FF9FA
S214012B500446012000F09EF82BF079F90E49021B7D
S214012B60002002F03BFE0E49002002F037FE2BF05B
S214012B706EF9044623F05FFB2BF069F9021B002077
S214012B80054907B0BDE8304002F028BE40240400E5
S214012B906F2404009F240400BC240400CB240400FA
S214012BA0E524040010B50C4603F07CFD08B9032C9F
S214012BB012D101F059F904280ED001F055F9052873
S214012BC00AD0064802F0BAFC1C2801D124F0E0FA2B
S214012BD0BDE8104002F0C2BC10BD00BF4162030058
S214012BE02DE9F04F00274FF0FF36DFF8A4B0264C52
S214012BF087B0BBF80030B8B2834209D8731C3BD00B
S214012C003246FF21214807B0BDE8F04F22F06FBDE4
S214012C1001A923F01FFB9DF8050001F05BFFF8B149
S214012C209DF80480B8F1000F1AD1BDF810A0BDF8C8
S214012C3012902BF00CF918210246BBB24B43E01858
S214012C40E158007C4FF47A73A2EB010C50B103FB00
S214012C500AF363450ED30B44981A864228BF0646EC
S214012C600137C6E74D466B43FAD06345F5D31944A1
S214012C70881AF2E74046F0E7FF21044807B0BDE8AE
S214012C80F04F22F045BD00BF80100020043B00201D
S214012C90FA5200202DE9F041014688B058B10228C9
S214012CA010D023F0F1FA78B3D221194808B0BDE864
S214012CB0F0412BF0D3B8FF23164A17480093FBF7D1
S214012CC0E1F9EEE700244FF001082746134EA5B2BE
S214012CD0284603A98DF80D7023F0BCFA9DF80D0067
S214012CE068B101F0F7FE20B19DF80C300BB986F8FB
S214012CF010800134202C06F11806E8D12546084B31
S214012D001D80FFF76DFFCCE708B0BDE8F08100BF7E
S214012D100525040049300100043B002080100020F6
S214012D20FA520020014B1888704700BFFA52002063
S214012D302DE9F04F634A077D89B0044662490020B9
S214012D4002F066FD002024F0FFFA20B12368218AF4
S214012D50588803F0F5FC00205C4902F03FFD637DD6
S214012D60DFF87491002B236808BF08205988574B59
S214012D7018BF00200093228A4FF0090314BF4FF0BA
S214012D8080084FF0400802F089FBA289BB1C9342E1
S214012D900CDB24F073FB034620B100204C4A4D495E
S214012DA002F01CFD012009B0BDE8F08FA068791C77
S214012DB089B2C55D24F081FA0337012D0646BFB2FC
S214012DC013D82368324659885879238A0093434694
S214012DD023F0B9FE824600283ED1862002F026FC6A
S214012DE0284602F023FC304668E08520F6E703A972
S214012DF023F030FA9DF80C30AB4223D123689DF8BE
S214012E000D105A7991421DD1BDF80E105A88914283
S214012E1018D1BDF81020B24214D19DF812204245B7
S214012E2010D1BDF81410228A91420BD1002D38D052
S214012E30BDF81810E288914204D19DF81A201B793A
S214012E409A422ED00BF1010BB9F800305FFA8BF0E5
S214012E508342CCD88B20C1E74FF0000BF4E79AF8F9
S214012E60020002F0E3FBBDF8180024F0E9F9BDF812
S214012E701A0024F0E5F99AF8020003F081FE002812
S214012E8083D19AF8020001F0F7FC0546079E002D53
S214012E903FF47BAFF0B2013D02F0C8FB360AEDB25B
S214012EA0F5E7002002F0C2FB284602F0BFFB3046E1
S214012EB024F0C6F9012DD2D1BDF81C0024F0C0F9CA
S214012EC063E700BF942504006C1904000533040071
S214012ED0A1250400BE250400FA5200202DE9F04386
S214012EE091B06946804623F0B5F90023194F8DF855
S214012EF001303888431E98B28045388009D169462A
S214012F00404623F0AFF9684623F093F911B0BDE8C7
S214012F10F0834FF0180905A923F09CF90E4C3E8862
S214012F200AAD09FB06460FCE0FC596E8030009FB5E
S214012F30084485E803000AAE404605A923F092F945
S214012F400FCE0FC495E8030084E80300694638886D
S214012F50D7E700BFFA5200208010002008B5064BC4
S214012F601B88834205D9FFF7B9FFFFF739FE00201A
S214012F7008BD2720FCE700BFFA52002038B5074DF0
S214012F802C882CB9FF21064822F0C2FB204638BD0A
S214012F90601E80B2FFF7A2FFF2E700BFFA520020E0
S214012FA0043B00202DE9F3479A4618239DF8289004
S214012FB0244FCDE9001203FB09731446D3E902231B
S214012FC024F03BFB064620460D4603F0D9FD04F0EF
S214012FD0FD03382B80460FD1009432462B46002144
S214012FE0DAF8100023F061F9B8F1010F1BD135436F
S214012FF01ED102B0BDE8F087392CDAF810300BD1BB
S21401300007EE906A07EE103AF4EEC77AF1EE10FA80
S214013010ACBF01200020E7E79E4275F100032CBFFC
S21401302001200020E0E7B8F1000FE2D10028E0D04F
S214013030182303FB097701233B7402B0BDE8F04770
S214013040FFF7CEBD801000202DE9F04F00252E465B
S214013050A846AA462C46DFF8BC91D1B0694BA8B267
S2140130601B88834209D81CB161882079FFF79AFD35
S214013070FFF7B6FD51B0BDE8F08F0BA923F0EAF8D3
S2140130802AF0E5FE1823AFB27B4309EB030B59F890
S214013090033005909DF82D00049301F01BFD0028D8
S2140130A000F0AE809DF82C10002940F0A980DDE9E3
S2140130B00432D01A4FF47A72BDF838305343834243
S2140130C000F29E809BF8103043B9BDF83A30002BD1
S2140130D000F096805343834200F29280FD23002243
S2140130E0CDE9013210AB00930DF119020DF11A036F
S2140130F0E9B20BA8F1F7ECF8002877D1BDF81A3041
S214013100DA1C0493D2B214B33F4B9DF82D101B88E2
S21401311013442279914214D1BDF82E10628891424F
S2140131200FD19DF83220B8EBD21F0AD1BDF834205A
S214013130524506D1B3424DDD0020344902F04EFB24
S21401314001E0B342F8DC61882079FFF72BFD02F03D
S21401315041FA04469DF932002D4BC043C00F00933F
S214013160BDF834200A23BDF82E10C0009DF8328029
S21401317002F094F99DF82D304FF0000B23714FF4B7
S2140131808A53FF26BDF834A04FEAD818E38007A972
S2140131905FFA8BF024F000FCC0B2B0B99DF81D10A8
S2140131A09DF82D20914210D1BDF81E10BDF82E209D
S2140131B091420AD122469DF829109DF81C0024F060
S2140131C066F9B04228BF3046C6B20BF1010BBBF11F
S2140131D0200FDCD1BDF8300024F032F89DF819003C
S2140131E002F024FA049910A802F034FA18230022F7
S2140131F05F4309EB07031A742AF029FE49F8070012
S21401320001352BE7FA520020045300207D260400E6
S214013210053304008010002070B500240126104DEF
S2140132208AB02B88A0B2834204D80AB0BDE87040A9
S214013230FFF7D6BC05A923F00DF89DF8150001F09F
S21401324049FC50B19DF814303BB91A46CDE9013618
S2140132500093E1B205A8F1F73BF80134E1E700BFBE
S214013260FA5200202DE9F0430389DFF858818BB02C
S214013270B8F80090009304468379828841884078A4
S21401328023F061FC002800F09580E78927B1A38927
S214013290BB4200F291800027B8F80030BDB2AB42C5
S2140132A014D84D4601264FF6FF73E2899A4226D17D
S2140132B046B9B8F80030AB4202D92846FFF70EFEF1
S2140132C0FFF78EFC00200BB0BDE8F083284605A969
S2140132D022F0C0FF9DF814307BB92268059B53404D
S2140132E0FF2B0AD86368069E5E4036F07F4604D1FF
S2140132F0BDF81C2023899A42D5D00137CCE7E26875
S2140133009A422BD0002E53D1D4E90323CDE90823CA
S21401331005A822F08EFF0028D5D1B8F80030AB42C0
S21401332004BF6B1CA8F800302AF091FD18236B43EC
S214013330234AE9B2D050D418002305A81A46CDE98D
S21401334001330093F0F7C4FF18B100220023C4E94B
S2140133500223284605A922F085FFB1E7234605AAE0
S21401336004F1100C174618685968083303C76345FB
S2140133703A46F7D11868386005A822F05DFF0028A4
S214013380C0D01F2D1AD800238DF8143063788DF81D
S21401339015306388ADF81630A388ADF81830A379D8
S2140133A08DF81A302389ADF81C300028B0D1ABE770
S2140133B00020E6E7862086E7872084E7892082E7E3
S2140133C080100020FA5200202DE9F04FB04A90F804
S2140133D014908DB00446AF49002002F019FA00207F
S2140133E023F0B2FF20B12368218A588803F0A8F998
S2140133F00020A94902F0F2F9637DDFF8B8A2002B9C
S21401340014BF802340230293236808BF08205988ED
S214013410A14B18BF00200093228A072302F03EF832
S21401342000230393A28909F10305954211DB039B4F
S21401343013B9184602F0FAF824F020F8034620B132
S2140134400020964A964902F0C9F901200DB0BDE860
S214013450F08FA06809F1010189B210F8096023F024
S2140134602CFF3246804603468E490020ADB202F05C
S214013470B5F98EB1012E00F08A808527384602F014
S214013480D5F8304602F0D2F8404623F0D9FE852F13
S214013490D2D00123039376E0A06809F10401A28942
S2140134A089B2475D23F009FF09F10601A28904905C
S2140134B089B2A06823F001FF3A4605900090049B6C
S2140134C03046794902F08AF909F1080938461FFAA7
S2140134D089F503F055FB002857D1384601F0CCF9A1
S2140134E0294603468146A289A06823F0D7FE6F4984
S2140134F08346304602F08CF9A1684A462944334691
S214013500304602F0CFF83046634902F067F9A94425
S2140135101FFA89F52368424659885879238A009309
S214013520029B23F010FB18B18378BB4240F0AC80BD
S214013530483FFFB2092F05D840F21133FB40DB07A5
S21401354000F1A48000238DF81C30236807A85A795F
S2140135508DF81D205B88ADF82080ADF81E30029BEB
S214013560CDF82CB08DF82230238AADF82430049B98
S214013570ADF82830059BADF82A30FFF773FE0746F5
S21401358000287FF47BAFA9464CE7B346C2E729463D
S214013590A289A06823F091FE4FF0000B0246074671
S2140135A04349002002F01AF909F10509BAF800307A
S2140135B01FFA89F5BAF800201FFA8BF94A4503D895
S2140135C01F2B31D9892759E7484607A9049322F0CA
S2140135D041FE9DF81C20049B012A22D122689DF8F9
S2140135E01D00517988421CD1BDF81E0051888842C1
S2140135F017D1BDF82010414513D19DF8221002982D
S21401360081420ED1BDF82400218A884209D1BDF835
S2140136102800E188884204D19DF82A101279914247
S2140136201BD00BF1010BC5E7012299468DF81C2032
S214013630226851798DF81D105188ADF82080ADF8BB
S2140136401E1002998DF82210218AADF82410E18807
S214013650ADF8281012798DF82A2007A8ADF82C703D
S21401366022F0E7FD074600287FF408AFBAF80030DD
S2140136704846994508BF09F1010307A908BFAAF8FA
S214013680003022F0EFFD7EE78D27F7E68C27F5E682
S214013690A82604006C190400053304000927040059
S2140136A0BE250400B0260400CD260400EE26040044
S2140136B0F9260400FA5200202DE9F04F0746884605
S2140136C09146002589B09A46BDF848B09DF84C60F1
S2140136D0149C224B1A88A8B2824235D903A922F03B
S2140136E0B9FD9DF80C201D4BB2BB9DF80D10B942DB
S2140136F032D1BDF80E1041452ED1BDF81010494506
S2140137002AD19DF81210514526D1BDF814105945FD
S21401371022D13046029201F0AFF8A6F14103012B07
S21401372001460AD8204623F0CEFD0D4B0D4A204413
S21401373084420CD10421029302ACEDB232462046FB
S214013740009503ABFFF72EFC09B0BDE8F08F14F827
S214013750011F4B405343EBE70135BBE7FA5200200C
S214013760C59D1C81930100011FB50F4C2478C4B17F
S21401377042EA03229DF818308DF8051042EA4322EA
S2140137800A4BADF80C201A78094B8DF806100799EC
S21401379003EB021300908DF80400DB686846029183
S2140137A0984704B010BD00BF6B5B00206D5B002026
S2140137B0243B002073B51A4DFF211A4821F0A8FFBB
S2140137C02B7853B3184C194E2378180106EB0313C4
S2140137D01A7A5968305C24F06BF94D281DD0E0B197
S2140137E0012300212278CDE900311201B25CC0B27A
S2140137F0FFF7BAFF0A2223780A480133DBB2B3FB8C
S214013800F2F102FB1133FF2123702B78013B2B7061
S21401381002B0BDE8704021F073BF02B070BD00BFBA
S2140138206B5B0020C43B00206D5B0020243B002026
S214013830F8B5104F3E780A2E1AD00FC8DFF840C0F0
S2140138400D4D9CF80040013605EB041585E80F0088
S2140138500A230134E4B2B4FBF3F203FB1244074833
S214013860FF218CF800403E7021F04AFF0020F8BD91
S2140138700120FCE76B5B0020243B0020C43B0020BA
S2140138806C5B00200021024A0248FAF731BC00BFF7
S214013890B5370100C43B0020002337B50C46124D56
S2140138A012492A78CDE9003312018A5C01230146C8
S2140138B0E0B2FFF759FFA4B90D490A788AB10A2088
S2140138C02B78013A0133DBB2B3FBF0F40A70FF2127
S2140138D000FB143307482B7003B0BDE8304021F0DD
S2140138E00FBF03B030BD00BF6D5B0020243B00203E
S2140138F06B5B0020C43B002008B500F0BDF850B15A
S214013900054B064A0649052808BF1A46BDE8084081
S214013910002001F063BF08BD1D2704000533040025
S2140139203E27040008B5032024F0DCF810B9012274
S214013930014B1A7008BD00BF6E5B00200022024BCF
S21401394018781A70704700BF6E5B00200246FF2190
S214013950014821F0CCBE00BFE43B0020114B37B537
S2140139601D78C5B9FF21104821F0D2FEFFF7DAFF16
S214013970044600900D4B28460D4A0E4901F02EFFD5
S2140139804CB10D4B1B78DB0605D5284624F084F890
S214013990204622F0BFFA094B186803B0BDE8304054
S2140139A0FFF7D4BF6E5B0020E43B00205B270400DA
S2140139B0892704004EFF03005C5B00207064002032
S2140139C0FF21014821F0A4BEE43B002070B51A4E49
S2140139D0054633780C466BB30020184A184901F0A7
S2140139E017FF032C01D0652C20D11649002001F0C9
S2140139F00FFF22460020144901F0F0FE0020134973
S214013A0001F006FF012329460822002001F04AFEA4
S214013A1000200F4901F0E2FE032C88BF0023204658
S214013A2088BF3370BDE87040FCF7BEB8012CE0D00B
S214013A300849DBE770BD00BF6E5B002089270400E4
S214013A40380304009C270400EF090400BA27040089
S214013A5005330400B2270400014B1860704700BF0D
S214013A60706400200021024A0248FAF741BB00BFF9
S214013A705D390100E43B0020054B10B51C782CB9DC
S214013A800448FF2121F03CFE204610BD0520FCE73E
S214013A906E5B0020E43B0020F8B50024074B084E7F
S214013AA01D68084FE3B29D4204F1010400D8F8BD39
S214013AB0394656F8230020F0E2FFF3E738A2040067
S214013AC03CA204003C65002010B5044C23780BB1E1
S214013AD023F0F8FF0123237010BD00BFCD6800203E
S214013AE02DE9F743254B0D4616460446019350B182
S214013AF04AB1042301AA12F8011BA94235D0013BA1
S214013B0013F0FF03F7D1212003B0BDE8F08317F8C7
S214013B10010F90FAA0F0000E21F0EDF9014608EB36
S214013B2007039945F3DCCAB2C1F30F2392FAA2F256
S214013B3093FAA3F3120E1B0E03EB0223DB43621967
S214013B4012F8020C99B2DBB298420CD112F8013C81
S214013B50B3EB112F07D132462146284603B0BDE804
S214013B60F04323F00FBF2320CEE74FF6FF71671E09
S214013B70A5F10209C4F10108D1E700BF080A0E1237
S214013B80F0B515468FB00E4607462AF00CFA254BBF
S214013B9002A81C7823F09AFF15F0FD0F3BD028B938
S214013BA0BDF808309B0701D5032D36D01DF0A4FEC5
S214013BB058B309A823F0F6FF0323306871688DF81F
S214013BC024300AAB03C39DF83130012D43F00203C4
S214013BD08DF8313019D105A909A823F0DBFF00289B
S214013BE018BF022423F084FB032D18D80E4B0F4A6E
S214013BF00020CDE9004753F8243052F825200C491F
S214013C0001F0ECFD20460FB0F0BD032DEAD1042CE7
S214013C1008BF0024E6E70324E4E72C46E2E7032492
S214013C20F0E700BF6F5B002080860400708604000A
S214013C30C12E0400014B1870704700BF705B002056
S214013C40024B1A6818608260704700BF74640020D7
S214013C50024B186800B14068704700BF74640020CA
S214013C6070B5044600250A4B1B687BB100211E88EF
S214013C7007E05A6802EB0110013145B9021B5542B3
S214013C8055418AB29642F4D89B68EEE7184670BD55
S214013C90746400202DE9F04F1E46002393B0022ED7
S214013CA0074688461446DDF870909DF874A0ADF876
S214013CB01A3040F2C08099F800305A0729D5042EF0
S214013CC040F2B98099F804B000255F4B33F83520EF
S214013CD0002A00F0B68001350A2DF7D1209B002B73
S214013CE040F0AD80FF250023207908AA0DF11901C7
S214013CF08DF8193023F072FA70B1BDF82C309DF8AA
S214013D001900238023F0EFFA0790C0B113B0BDE885
S214013D10F08F99F802B0D7E7207922F08FFF0B28B1
S214013D20059000F28A80207923F0EEFA07900028A9
S214013D30ECD1464A059B02EB03135B8823804FF6C2
S214013D40FF73002F08BF434662880021CDE9002398
S214013D5058465246238802F0FDFD18B1E38843F029
S214013D602003E380209B07A90DA8CDE90D34CDF8EB
S214013D703C90ADF84080ADF842608DF844708DF807
S214013D8045A023F03EFA08B10798BFE7484602F07F
S214013D9025FDA01D02F010FD22464146384623F0BF
S214013DA076FBB04227D3E3882246C3F30E03E380B3
S214013DB09DF87C3041460393BDF87830384602932F
S214013DC00DF11A03CDE90093F3B222F0AAFC209B71
S214013DD0079003B3F8B9BDF81A2042B1092D06D8E9
S214013DE01B4B03EBC5018A80209A43F8352011202E
S214013DF023F0D7F91CE0BAF1000F0AD10DF11A032E
S214013E00CDE9006322464B4641463846FAF778FF2D
S214013E10DDE73820DBE7052807D1E388DB0607D591
S214013E20002301200793FFF705FF079B002BDED039
S214013E3023F05EFAA8E7012068E7212066E71C2048
S214013E4064E7EDB24FE700BF0C3C0020783C002051
S214013E50083C00204FF6FF72024B1A805A809A8067
S214013E60704700BFFC52002010B5044C2379FF2B8D
S214013E7002D123F055FE2071207910BDFC5200209E
S214013E8010B50C4C2379FF2B08D1002023F02BFA18
S214013E9020B923F045FE207123F02AFA2079022862
S214013EA005D00438012894BF0020012010BD002051
S214013EB0FCE700BFFC5200204FF6FF7310B5044C20
S214013EC022889A4202D123F021FE2080208810BD4C
S214013ED0FC52002010B5FFF7BDFF40F61D43984287
S214013EE0044607D8B0F5416F05D2182826D81528FC
S214013EF048D829D010BDA0F541630D2BFAD801A2F0
S214013F0052F823F0493F0100493F0100F53E010008
S214013F10F53E0100F53E0100F53E0100F53E0100CB
S214013F20F53E0100993F0100AB3F0100453F01000E
S214013F30453F0100453F0100453F010040F606436D
S214013F409842D7D11C4920E0FFF7B6FF1B4902462D
S214013F50002001F043FC152C05D123F0C1FDBDE87E
S214013F60104023F057B9164B164A1749B4F5416F5E
S214013F7008BF1A46002001F031FC23F04AF923F06D
S214013F8049F9ECE71628DDD11049002001F026FC9E
S214013F90BDE8104023F063BA22F0AAFCBDE8104049
S214013FA002460B49002001F019BC0020BDE8104074
S214013FB0084901F013BC00BFE52F0400922F04004E
S214013FC0053304008D2F0400AE2F0400CE2F04000D
S214013FD0FA2F04002230040007B5094A0346108868
S214013FE031B9084A084903B05DF804EB01F010BC8A
S214013FF00091064A064901F00BFC03B05DF804FB8C
S2140140001453002085FC03004230040029FD030000
S2140140104EFF03000D4B37B51B68044693B11D7860
S2140140200389012D08BF02250093C37A084A0020A0
S214014030084901F0D3FB2146284603B0BDE83040CD
S21401404023F026BD022003B030BD00BF443D002052
S214014050B730040066300400002010B523F043F9A1
S2140140600D4B1B6863B15A78052A03D862B1052443
S21401407002220AE0FF2AFAD00020084901F0AEFB2E
S214014080BDE8104023F034B91446104623F05CFD19
S214014090204623F057FDF3E7443D0020BC300400E2
S2140140A013B5134C002023F01EF9FFF7D3FE236847
S2140140B09BB101A822F00FFC78B923681A789DF805
S2140140C004309A4209D0D91E032906D9D11E0129E6
S2140140D003D9012A07D1022B05D1032301A8ADF884
S2140140E0043023F0DBFC02B0BDE8104023F000B939
S2140140F0443D002000231946034A01330A2B9180D0
S21401410042F8081BF9D17047083C00207FB50E46DF
S214014110054623F0C5FC2A46044603460D49002001
S21401412001F05CFB96B10C4B36211A889B78ADF8F2
S2140141300C208DF80E300323002200934FF6FC70FE
S21401414003AB8DF80D5023F0ECFB0446204604B07B
S21401415070BD00BFDD300400EC860400FF2810B5FA
S2140141600C4604D10020044901F038FBFE2021460C
S214014170BDE81040FFF7CABFF6300400F8B51E468A
S2140141800B8807460C461546002B64D14A88B1F9C0
S214014190021000200029B8BF6B78304901F01EFBE1
S2140141A06288132A1DD002F5FF437F339BB2052B8D
S2140141B023D8A2F50042013A052A1ED8DFE802F00C
S2140141C0193F1D033C09264A2649002001F006FB3B
S2140141D013E0254A2349002001F01AFB2A792349D6
S2140141E0F3E7022E94BF4FF6FF72B5F8012020497F
S2140141F0EBE700201F4901F0F1FA33462A46214633
S214014200384624F0B6FB70B933462A46214638466E
S21401421024F0B1FB48F2210362889A4203D1384662
S214014220697822F0E4FF6388B3F5004F02D90820CD
S21401423022F0F6FF0120F8BD2A790F49C5E70F4A9B
S2140142400849002001F0E4FA032E94BF4FF6FF72EE
S2140142506A880B49B9E70020EDE700BF3131040059
S21401426059310400603104007131040077310400D3
S214014270853104009D310400B7310400D9310400B2
S214014280DE3104002DE9F04116888AB0DFF88C8013
S214014290ADF80E300DF10E03C8F800201546009358
S2140142A0324610AB07460C46FAF7BCFD90BB109B96
S2140142B08DF824000693BDF80E3004A8ADF81C3026
S2140142C0AB898DF81070ADF820306B890594ADF888
S2140142D01E60ADF8223022F092FFD8B92146304652
S2140142E0BDF80E30109A01F0C9FF98B92146304644
S2140142F0BDF80E30109AFFF741FF58B9CDE90060BE
S21401430039462046BDF80E30109A02F049FB08B92E
S214014310C8F800000AB0BDE8F08100BF043C0020E8
S214014320F0B585B004AB03E9030000231C469DF8F5
S2140143300D609DF80E70154AD9B202EBC1004568B2
S214014340EDB99DF80C30284600939DF80A209DF89B
S2140143500B300F4901F05CFA26B1324628460D496A
S21401436001F056FA0C4A0020002C18BF2246BDF870
S21401437008300A4905B0BDE8F04001F02FBA12F83E
S21401438031100133B94208BF2C46D5E794860400A4
S214014390F031040001320400F4FB0300053204008E
S2140143A04FF6FF7310B5084C88B062889A4207D161
S2140143B002A90DF1070022F08CFABDF810306380D7
S2140143C0608808B010BD00BFFC5200202DE9F04FF8
S2140143D085B0894692461C460746BDF83850BDF85A
S2140143E03C80109E002833D00346464A00204649AA
S2140143F001F00EFA2388002B76D040F20912934280
S21401440074D0424A4249B3F5827F08BF0A46CDF8C6
S21401441004806188002000913E4901F0F9F9238863
S21401442093B1B8F1020F0FD933783B4913F0010F5E
S2140144303A4A18BF0A4659074FF000004CBF337975
S214014440B378374901F0E4F90020364901F0C6F99E
S2140144500023354931F83320AA4249D1334A52F86C
S21401446033B0002331F83300DA00A84246D10020E9
S2140144702E490A44908041F8330047B9238833B95E
S214014480B4F90230002B02DB082022F08AFE01205C
S21401449022F0C6FE9EB13578EB0710D515F0040064
S2140144A004D042460121304622F007FFCDE90170D3
S2140144B04346224651464846009622F01CFCBBF174
S2140144C0000F06D04346224651464846CDE90067CE
S2140144D0D8474346224651464846CDE9006722F072
S2140144E0D0F805B0BDE8F08F114A90E7114A8EE783
S2140144F001330A2BAED14FF0000BB2E701330A2B82
S214014500B0D1BAE731F303002C320400F5FB030007
S2140145101A3204003A3204001D3204002532040027
S2140145206B320400053304000C3C0020083C0020DC
S21401453013320400173204000D4BF0B54FF00C0C8B
S2140145401F88054600230B4EDCB2BC4201D3002077
S214014550F0BD0CFB04F43019345DAC4205D144883F
S2140145608C4202D104799442F2D00133ECE700BFC9
S2140145706C6800208464002073B501262B4D2C4CFA
S2140145802A462046FF2300210096F9F77BFD2A469E
S2140145902046FF2300210096F9F774FD2A4620469F
S2140145A0FF2300210096F9F76DFD2A462046FF23DA
S2140145B000210096F9F766FD2A462046FF230021D2
S2140145C00096F9F75FFD2A462046FF230021009654
S2140145D0F9F758FD2A462046FF2300210096F9F7F1
S2140145E051FD2A462046FF2300210096F9F74AFD91
S2140145F02A462046FF2300210096F9F743FD2A4666
S2140146002046FF2300210096F9F73CFD2A46204666
S214014610FF2300210096F9F735FDFF232A460021E6
S21401462020460096F9F72EFD02B070BDB15F03007B
S214014630583C00202DE9F84300244FF00C090C4BA0
S2140146400C4F1E78DFF830803A88E5B2954202D3E7
S2140146503046BDE8F88309FB0585FF21A86821F0EF
S2140146605EF818B9AB799E4238BF1E460134EBE7B7
S214014670715B00206C68002084640020014B187870
S214014680704700BF715B0020014B1870704700BF78
S214014690715B0020F8B506460C4622F09DFD0546E6
S2140146A0C8B9304622F0CAFA0B2815D80B4B03EBD3
S2140146B000131F7B87B95A88012122809A883046C9
S2140146C062809B79237100F037FA39466071304673
S2140146D000F032FAA07101252846F8BD783C00208A
S2140146E070B504460E46154622F0A8FA0B2802D9E4
S2140146F04FF6FF7070BD094B03EB00131A7B002ABF
S214014700F6D146B901222946204600F03DFA002896
S214014710EED00088EEE7012EEAD1F4E7783C0020DF
S214014720FF2313B50DF1070104468DF8073022F07B
S21401473051FD18B19DF8070002B010BD074B03EB01
S21401474004131B7B0BB1FF20F6E7204600F03AF975
S2140147500028F8D0204600F0E9F9EDE7783C002083
S21401476013B5F6F785FC0446F6F788FC22460346A1
S2140147701249002001F032F800F084FFFFF7BAFC7E
S21401478000F0A6F80221084602F074FDFFF764FC6B
S21401479041F2490023F0F2F94FF0FF130093FF2393
S2140147A068468DF8043023F0C7F94FF4004023F033
S2140147B0A5F9002023F0C2F902B010BDBA320400F8
S2140147C038B5054622F028FD90B9284623F0E2F8D0
S2140147D0044628B140F60443984214BF88248D2429
S2140147E023462A460020034900F0F8FF204638BD3C
S2140147F08D24FBE7D23204002DE9FF4705460E461D
S21401480017469846BDF83090DDF834A0BDF838401C
S214014810CDF80090CDE9014AE4B2FFF7D7FD434653
S2140148203A4631462846CDE90094CDF808A024F052
S21401483069F8FF21034B044A044804B0BDE8F04779
S21401484000F01ABE0853002004530020495D0020E2
S214014850044B01461888102240F0404040F4801076
S214014860F7F716BAE6830400024B18685968FFF793
S21401487057BD00BF1EC704000123064AD15C814212
S21401488002D1054AD05C704702335F2BF6D1002077
S214014890704700BFEE860400EF86040070B5002264
S2140148A00446094B1D78094BD0B2854201D8FF203A
S2140148B070BD1E78A64204D10029F9D05E7BF607AA
S2140148C0F6D401321033EFE7725B0020783C00200B
S2140148D02DE9F04198B06B46304A1068516803C321
S2140148E090680CAA18602E4B14469C4603F11806D5
S2140148F0154618685968083303C5B3422A46F7D1E6
S21401490012AA1746274B03F1180615461868596868
S214014910083303C5B3422A46F7D1234A03AB1068CE
S21401492051684FF0010E03C3906871681860DCF897
S2140149303000002206AB03C30C21EC46B068CDE97B
S21401494009221860194BDFF86C801970184B0DEBB3
S21401495001060B9206AD09A91CF8010B013218706D
S21401496034F8020B0C2A588037F8020B83F80DE056
S214014970988016F8010B03F1100303F80A0C15F8DA
S214014980010B08EBC00043F8080C11F8010B03F803
S214014990040CE1D118B0BDE8F08100BFEC32040090
S2140149A05E8A0400768A0400F9320400725B0020F5
S2140149B0783C002058870400014B1878704700BFE8
S2140149C0725B0020034B03EB0013587B00F00100E1
S2140149D0704700BF783C0020F0B504460846D9B1C0
S2140149E000220E4B11461F780D4B1D46D6B2B7421C
S2140149F001D8002010E01E78A64206D09E68F688F0
S214014A00314489B201321033F0E75E7BF607F9D5FF
S214014A1005EB02150180A868F0BD00BF725B00209F
S214014A20783C00202DE9F347894690461D46074607
S214014A3018B9002002B0BDE8F0870029F9D0002A95
S214014A40F7D0002BF5D0002400780DF10601ADF863
S214014A500640FFF7C1FF0028EBD039460DF10602EC
S214014A60BDF8066021F0DFFF07460028E1D00DF112
S214014A700602BDF806A021F0FDFF0028D9D0C9F82E
S214014A800070C8F80000037913F0200219D1DB0684
S214014A9014D4BDF806300C4A564413FA86F612FAB8
S214014AA086F20BE01A790C33920642BF13F8092CF2
S214014AB0891889B29842F5D8044A0A4401202A6026
S214014AC0B8E72146024BF5E7955C0020735B0020B2
S214014AD09889040008B50021FFF7E0FEFF2817BFFC
S214014AE0044B084603EB0013587B18BF00F0010087
S214014AF008BD00BF783C00202DE9F0410D46164662
S214014B001F4622F09BF80B280AD8074C3B4604EBBD
S214014B10001032462946BDE8F041806822F05BB8B5
S214014B200020BDE8F08100BF783C0020014B000169
S214014B30185C7047783C002070B50C4622F07EF871
S214014B400B281BD80F4B03EB00139A68C2B1002346
S214014B50142618461579D9B28D4200D870BD116851
S214014B6006FB0311097B34B911F0800F1CBF01301D
S214014B70C0B20133EFE711F0400FF7E70020EDE791
S214014B801046EBE7783C0020F8B50D46164622F0B5
S214014B9055F80B280BD80F4B4FF0140C03EB0013F2
S214014BA09A6800231C461779D9B28F4201D8002093
S214014BB0F8BD10680CFB0300017B46B911F0800FAD
S214014BC003D0AC42F4D00134E4B20133ECE711F087
S214014BD0400FF5E7783C00202DE9F04F064600240B
S214014BE03A4B87B01B783A4F0093009B9C4207D202
S214014BF0FF2E08D0304622F021F80B28044606D9AD
S214014C0007B0BDE8F08F07EB04131B7B2BBB23011A
S214014C104FF00008019307EB041A14E014221B68F6
S214014C2002FB05352B89B3F5967F01D929F023F9C7
S214014C304FF000094FF00C0B29891FFA89F29142B7
S214014C400ED808F10108019B5FFA88F5FB189B68EE
S214014C501A79AA42E2D8FF2ED2D10134E4B2C4E7CF
S214014C601FFA89F00BFB00F06B6819180A7912F02D
S214014C70100F23D19AF800E012F0400F8DF80CE0E7
S214014C80B5F800E0185AADF80EE00CBF4FF0400E34
S214014C904FF0800EADF8120028468DF810E021F096
S214014CA08EFE5307ADF81400C8780AD50228896825
S214014CB000D90968002203A821F05DFF09F1010966
S214014CC0BAE702288CBF89680831F3E7725B0020D7
S214014CD0783C0020052370B5094A06881488B4423A
S214014CE008D19578047B2C403F2C03D90D4201D086
S214014CF0506870BD013B02F10802EFD11846F8E793
S214014D00088A040070B50024074D084E2B78E0B2DF
S214014D10834200D870BD06EB0010437BDB0701D54C
S214014D2022F06BF80134F1E7725B0020783C00203A
S214014D30F8B50C4600210546FFF7B0FDFF2829D03F
S214014D40154A060102EB00135B7B03F001016CB10F
S214014D5043F001031644A142737305D0C4B100B2F7
S214014D6002EB001022F049F80120F8BD2346F1E7D6
S214014D707B4311682846CA18127BC95AD20921F00A
S214014D80A8FC0134B268E3B211799942F0D8EBE796
S214014D901427F7E70846E8E7783C0020F0B5944684
S214014DA0497D20B339B3012918BF042100254FF6E8
S214014DB0FF702F462A46144E3488644511D196F862
S214014DC003E01EEA010F0CD0B4789C4209D30AB165
S214014DD0BC4206D81EF0100F03D08AB1BC420CD3D9
S214014DE070B90135072D06F10406E5D1F0BD00299D
S214014DF008BF0821D8E70221D8E727460020F0E7B8
S214014E0027460122FAE700BFEC8904002DE9F04F9E
S214014E100A9FBDF824E09DF82C809DF830904C7DCB
S214014E2078B394B3012C18BF04240025194800F167
S214014E301C0C068896421ED190F803B01BEA040F9C
S214014E4019D08678464516D31BF0100F91F80FA09F
S214014E5004D0BAF1000F0ED0B1F810A0BAF1000FCD
S214014E6009D1A94513D0AE4511D95E553E88013505
S214014E7001363E80ADB204306045DAD10120BDE88E
S214014E80F08F002C08BF0824CDE70224CDE70020D0
S214014E90F5E700BFEC8904002DE9F04F0024B1F5D9
S214014EA07C4F0E4638BF4FF0010BA246A1464FF687
S214014EB0FF781F4628BF274B85B028BFB3F800B040
S214014EC0009001925C4503D3404605B0BDE8F08FE3
S214014ED0B6F57C4F0CD3204B3A4603EB84033146A0
S214014EE05B880098FFF708FE054680B300232AE09A
S214014EF03A463146009821F0D1FEF5E70C229CB2E5
S214014F0054436A680199105B02EB040C884219D37A
S214014F10B9F1000F01D0504514D861462846CDE9B5
S214014F20023221F04CFD029B60B1039A125BB9F18B
S214014F30000F03D0524501D3804503D992468046DF
S214014F404FF0010901332A899CB2A242D6D8013416
S214014F50A4B2B7E74E870400508704002DE9F04F4E
S214014F6091461A4600238BB08DF82020BDF85020BC
S214014F708DF81C00ADF81E10ADF8242005460F462E
S214014F801A4604A907A8159C9DF858609DF85CA0D0
S214014F909DF860B09DF864800493ADF8229021F0EE
S214014FA096FD049850B92B46CDE90079644A6549C7
S214014FB000F014FC86200BB0BDE8F08FBAF1000FAC
S214014FC014D18378B34206D050465D4A5E4900F05C
S214014FD005FC8D20EFE7037913F0010306D118468F
S214014FE0574A5A4900F0FAFB8820E4E703795B0741
S214014FF02CD583685A689B6805920693807822F0C0
S214015000FEFA049B0546DF782146022F03463A4600
S21401501010D805A822F0AFFA81462B463A4621461B
S21401502006A822F0A8FAB9F1010F01D001300DD17E
S2140150308720C0E7059822F09EFA0128F8D02B4673
S2140150403A462146069822F096FAEFE7BBF1000FA2
S2140150506FD1049F4FF6FF722146B87821F04DFCC0
S21401506000286BD0BDF82430C5B20093CDE90254B8
S2140150709DF82030BDF82220BDF81E109DF81C00BA
S214015080019622F0B6F8002895D1BDF82430CDE976
S21401509002540093BDF822209DF82030BDF81E1062
S2140150A09DF81C00019621F082FE002883D121463E
S2140150B09DF8682007A821F05EFD00287FF47BAFED
S2140150C0B8F1000F07D03B462046BDF81E209DF8DC
S2140150D01C1021F0F3FDBDF82430BDF82220BDF8E8
S2140150E01E109DF81C000093CDE901649DF8203048
S2140150F0FEF7E2FABDF82430BDF82220BDF81E10F6
S2140151009DF81C000093CDE902549DF820300196CD
S21401511022F06EF8BDF82430BDF822200093BDF8C9
S2140151201E109DF820309DF81C0021F018FE00206E
S21401513041E70020064900F051FBF8E701203AE775
S21401514006330400123304003E33040052330400D5
S214015150663304007FB500258DF80830BDF8203091
S2140151608DF80400ADF80610ADF80A20ADF80C3045
S2140151706946BDF82830099A01A80B9E009521F0D2
S214015180A6FC044630B916B1009B9B7833702046C6
S21401519004B070BD8928FAD12846024900F01EFBEA
S2140151A0F5E700BF833304002DE9F04F4FF0000A06
S2140151B0C7B0FFF701FC5FFA8AF6B04202D847B0E3
S2140151C0BDE8F08F5B4B36019A5D00205A4900F02E
S2140151D005FB0020594900F001FB00230593554BC0
S2140151E09DF8144033449B681A79A24202D80AF10A
S2140151F0010ADEE714224FF000091B6802FB0434A3
S21401520022891FFA89F39A4202D8059B0133E5E702
S2140152100C231FFA89F803FB08F8D4F804B028F029
S2140152202AFE0BEB08052B79454913F0400F3BF896
S214015230083022884FF000000093424B18BF0B46FF
S214015240414900F0E5FA2946204621F0B8FB074619
S21401525000283CD13D4900F0DBFA2979DFF814C17A
S21401526011F0010F3A4818BF604611F0020FAA78F4
S214015270EB7832D1DFF800C111F0100F354918BFB5
S2140152806146CDE900010020334900F0C1FA2B79CF
S2140152903BF8082013F0400F4FF0000B4FF0FD03D2
S2140152A00DF118082188CDE9023BCDE900782148A7
S2140152B00CBF40238023805DFFF74CFF86280ED16C
S2140152C02649002000F08AFA09F1010998E702460A
S2140152D02349002000F09CFABFE72249D1E7A878CD
S2140152E021F05DFBD8B1404621F0EDFF421C92B2A1
S2140152F001234146002000F0D5F93946208801F007
S21401530001FA4FF6FF73984207D0174B174903EB84
S214015310C0035A68002000F061FA1549D1E7A87861
S21401532021F043FB20B1404621F0D2FF821CDEE78C
S214015330EA78DDE7783C0020D5330400E333040047
S214015340AD330400B2330400233404009A2404006D
S214015350BA330400BD330400373404005334040068
S214015360F4380400C5330400D88A04007A03040024
S21401537005330400B7330400CD3304002DE9F04FA4
S214015380C7B0BDF844A10646BAF1040F0D4614464F
S2140153901F46BDF840B163D9CDE9013B00920B46EB
S2140153A002463049002000F019FAFD230DF11709D5
S2140153B00DF118083046029322463B462946CDE9B0
S2140153C000B8CDF80C90FFF7C5FE0646B8B9FD2229
S2140153D0414699F8000021F090FA0746C0B1AAF1BB
S2140153E00403834238BF8926204621F029FF8EB167
S2140153F0304600F01BF9304647B0BDE8F08F00900C
S21401540023462A460020184900F0E8F90027EBE772
S2140154108926E9E7DFF85CA0BA1CBAF80030C3F1C8
S214015420FF039A4219DA304600F000F999F80000B5
S21401543000F0FCF8BAF800900C483A464146484459
S214015440B94404F021FFAAF8009023462A463046C4
S2140154500749009700F0C2F9CDE7892000F0E6F889
S2140154608926C8E75F3404009A340400495D0020A9
S214015470C13404000453002010B5044C20600448D5
S214015480018004490A60044A136010BD403D0020B3
S214015490025300203C3D0020383D002030B587B047
S2140154A00AAC0D4654F8041B0093CDE901141346CB
S2140154B009490246094809880068059421F0BEFD9D
S2140154C04FF48A52064B1B681880064B1B685D809A
S2140154D0DA8007B030BD00BF02530020403D0020F7
S2140154E03C3D0020383D002008B410B587B009AB1C
S2140154F00C4653F8041B0092CDE9011302460B49F2
S2140155000B48059309880023006821F097FD4FF4A6
S2140155108A52084B1B681880074B1B685C80DA8030
S21401552007B0BDE8104001B0704700BF025300202D
S214015530403D00203C3D0020383D0020044A034603
S21401554011680448044A09881268006821F04FB8B7
S2140155503C3D0020383D0020403D0020044B054ADC
S2140155601B6812681988044B186820F0B3BF00BF87
S2140155703C3D0020403D0020383D002007B5074B4C
S2140155801B681B880192064A12680092054A126837
S21401559021F001F803B05DF804FB00BF3C3D00209C
S2140155A0403D0020383D00201FB51446064A1268CB
S2140155B01288CDE901430091044B05491B6809682F
S2140155C020F0C5FF04B010BD3C3D0020403D00204A
S2140155D0383D0020014B1868704700BF383D002059
S2140155E0024B1B6818715971704700BF383D002087
S2140155F010B50024084B1C70FEF75EFC074BFF221B
S21401560018802146064804F0AFFC064B1C80064B6A
S2140156101C605C609C6010BD535E00200653002039
S214015620495D0020045300200853002007490B88D9
S214015630FE2B9FBF064AD054581C80B29DBF0880DF
S21401564000F1FF3080180020704700BF045300208F
S214015650495D0020F8B5094F0D463B885C18FE2CC5
S2140156600ADC074E0A46A4B20146F01804F0CEFC46
S2140156703C80641BA019F8BD0020FCE70453002001
S214015680495D0020024B034A00201A60704700BFA4
S214015690443D002054870400014B1878704700BF32
S2140156A0783C002030B4044D044C002B0CBF2B4634
S2140156B0234630BC21F030BE21F4030094350400AB
S2140156C070B5054608460C4621F0FDFD611C0246F4
S2140156D0024B2846BDE8704021F01EBEB33C0400D4
S2140156E000B5037889B0069343783E220593837804
S2140156F008490493C378039303790293437901938A
S21401570083790093C3790448008800F081F809B0D2
S2140157105DF804FBEF34040014530020024B0246EC
S2140157200249188800F05AB8145300208DFA030075
S2140157302DE9F04705460E4617460024DFF844805B
S214015740DFF844A0DFF84490AC4201D1BDE8F08711
S214015750B8F8000006EBC4015346082221F0DCFD30
S2140157600134B8F800003FB9044AA54208BF4A46CA
S214015770034900F04DF8E7E74A46F9E70533040028
S2140157808CFA03001453002094350400EAE5030064
S2140157902DE9F0410E4E0446308821F0D5FDA8B122
S2140157A000250C4FDFF83080E3070AD518B94146CB
S2140157B0308800F02DF830882A46394600F028F85F
S2140157C0002001351B2D4FEA5404EDD1BDE8F081D0
S2140157D014530020E6200400373204000EB417B537
S2140157E005A9044651F8040B019103F0BFFA012103
S2140157F00220054AF8F766FF044B1C8003B0BDE89B
S214015800104003B0704700BF053304001453002056
S2140158100EB417B505A9044651F8040B019103F01F
S214015820A5FA034B1C8003B0BDE8104003B07047D7
S2140158301453002013B503680446587900F032FF6C
S21401584090B923685A88032A0ED0E17C5B79CDE9AA
S21401585000211649164AFFF7C1FF0121204621F013
S21401586013FE012002B010BD637D012B0AD0637DBB
S21401587033B92368228A5988587921F0EBF948B957
S214015880C3200AE02368228A5988587921F0EBF967
S2140158900028ECD0204621F059FD064B1B78002B42
S2140158A0DFD110F5807FDCD0C1B2D7E71C3504000C
S2140158B0143504004A5E0020002970B50F491D46C4
S2140158C00F4B14460CBF6E227922002808BF0B46E8
S2140158D000200C49FFF79CFF0B4E2544AC4205D136
S2140158E0BDE8704000200949FFF778BF3146002027
S2140158F014F8012BFFF78CFFF0E700BF55350400C5
S2140159004B3504005E35040092350400231804006C
S2140159102DE9F04FC27C8BB00592427D0368002AC8
S21401592014BF80224022077D0446856886895879FF
S214015930B846B3F80290069200F0B4FEA0B9059BF3
S214015940052B05D86FF02D03059A1341DB070BD500
S214015950B9F1030F08D0AB490020FFF73FFF012143
S214015960204621F091FD76E0E37B1BB1228A002AD6
S21401597000F0B781607D0022B0FA80F05B4203F050
S2140159800403DFF88CB2400943EAC000ABF80020FC
S214015990FFF74CFEE37B1BB3208A21F051FC8246C5
S2140159A0A07CFFF743FE059A162A00F29A81DFE8EB
S2140159B012F019009E016C005600D2016C00920193
S2140159C0D9019A01E001E701EE01390102029801CD
S2140159D09801980114025802140270023901020259
S2140159E09A46DDE700204B46874A8849FFF7F6FED0
S2140159F00120FFF71BFE08F10207B74229D84146EE
S214015A003246284621F059FC80462368424658799A
S214015A10BBF800304946C3F1FF039BB20193238ACA
S214015A200093069B22F0A8FF10B11FFA87F8E2E761
S214015A30236842465879BBF800304946C3F1FF0354
S214015A409BB20193238A0093069BFFF797FC892854
S214015A50EBD121F013FD01200BB0BDE8F08F4FF024
S214015A60000B0420FFF7E2FDF31E0893089B984500
S214015A7052D3BBF1000FECD1E37B94F81480002BDA
S214015A800CBF02220422624B1A804FF0000B042046
S214015A90FFF7CCFD5F4608F1030A564540F29D80AC
S214015AA032464146284621F008FC05EB08039B7860
S214015AB0F21EAA44A2EB080207905146184692B27B
S214015AC0099320F01AFF0890002879D02268099BD4
S214015AD05079CDE901A3238A49460093DDE90632D0
S214015AE021F03AFA82464A460020079B4949FFF7C9
S214015AF08FFEBAF1000F55D10BF10103504646490E
S214015B005FFA83FBFFF76AFE089B08F1030813FAA6
S214015B1088F81FFA88F8BEE732464146284621F043
S214015B20CCFB05EB08039F78089B08F10301A3EB68
S214015B3008022944824692B23846099120F0DDFED9
S214015B40079068B323680999587902970191238AC7
S214015B50524600934946069B21F04EFA0746B8B1D5
S214015B600BF1010338465FFA83FBFFF75FFD5046F2
S214015B7021F066FB53464A4600202649FFF72EFED3
S214015B803A4600202549FFF729FE802F3FF471AFE2
S214015B90079B08F1030813FA88F81FFA88F865E7E7
S214015BA08027DDE75046FFF741FD079821F048FBC7
S214015BB00137524600201949FFB2FFF70FFEA3E74F
S214015BC08720FFF733FD079821F03AFB013787223C
S214015BD012490898FFB2FFF701FE059B052B3FF41B
S214015BE03AAF002F7FF435AFBBF1000F05D10C495A
S214015BF05846FFF7F3FD8021B2E63846FFF716FD5B
S214015C0027E700BFDFEA03009F350400EC350400F8
S214015C1004530020A9350400EC340400C535040003
S214015C20CF3504000599A84AA84B0020152918BFAE
S214015C301346CDF80090A64AA649FFF7CFFD059B6F
S214015C400C2B14BF16200D20FFF7F0FC3246284619
S214015C50394621F032FB059B3D440C2B0646AD78B8
S214015C6035D1192D28BF1925E37BB3B14FF6FF7344
S214015C70278A9F4211D1206832464946069B4079C1
S214015C80FFF70AF9B84208D0BAF1000F05D0208212
S214015C908AF80000000A8AF801000020BBF80070AC
S214015CA0FFF7C4FC236832465879059B4946A3F1A1
S214015CB0150CDCF1000343EB0C03CDE90153238AF9
S214015CC00093069B21F0BCF8834BD855C1E6132DF3
S214015CD028BF1325C8E72046FDF776FB00287FF48A
S214015CE0BAAE81213CE62046FDF722F8F6E7B9F187
S214015CF00A0F05EB0708A6EB070A21D1DFF8DCB18E
S214015D009BF80030E3B1E37BD3B9BAF1080F17D1A2
S214015D1032463946284621F0D0FA88B998F802303A
S214015D2073B998F80320E22A0AD13246391D28466B
S214015D30059321F0BFFA21F08CFB059B8BF8003010
S214015D40414648461FFA8AF222F018FE00287FF4E0
S214015D5082AE002104E6F21B484692B2E91921F010
S214015D6069FAF3E7F21B484692B2E91921F023FAE1
S214015D70ECE7F21B484692B2E91921F048FAE5E74A
S214015D80F21B484692B2E91922F0FAFDDEE72368D3
S214015D90EE5D5879238A0137ED5D0193069B324605
S214015DA0494600932B4620F08AFF2A46314648464C
S214015DB021F003FA4FE605987A1CE95DB31AA0F1C3
S214015DC01606704270410039009018BF01214846FE
S214015DD09BB22A4421F0F3F9B8E7059BEE5D112B3F
S214015DE03D446F7838D11220FFF720FC0025E37B75
S214015DF0B3B14FF6FF73B4F81080984510D133460F
S214015E004A4621462846FEF7C9FF404508D0BAF162
S214015E10000F05D020828AF80000000A8AF80100E7
S214015E20BBF80080DFF8B0A0C8F1FE0292B208F11C
S214015E300103009253444A4621462846CDE90267AB
S214015E40CDF804B0FEF7E2FFBBF800300AF8080010
S214015E500133ABF80030FCE51420FFF7E7FB012522
S214015E60C5E77B1C9E422CD3EF5D1D44003F18BF47
S214015E700127F31A9EB233462A4639460020FFF719
S214015E801BFD00962B463A464846218A21F09BF98F
S214015E905CE77B1C9E4214D3EF5DF61A003F18BFE9
S214015EA001271D44B6B233462A4639460120FFF77C
S214015EB003FD00962B463A464846218A21F081F991
S214015EC044E70020C8E500BF053304009A35040006
S214015ED0E0350400EA350400495D0020485E0020F4
S214015EE038B54FF6FB750446A9424FF001019DF8FF
S214015EF0100098BF43F40043217023816260A072B2
S214015F0002230020084A0949FFF768FCE07A084B9B
S214015F1040F6CA0203EB4010FF211FF0E8FBBDE884
S214015F203840042021F03DB9FA3504000536040056
S214015F30883D002030B5054685B028B91D4905B015
S214015F40BDE83040FFF74ABC0024007B21F0CBF9C6
S214015F502046194A19492C70FFF740FC184BE87A7D
S214015F60FF2103EB40101FF0D3FB2046154B020127
S214015F709A5C22B901300428F9D121F051F96968F7
S214015F8099B1B5F908302A899B1303F002038DF8FD
S214015F900430C2F30E03ADF806304FF6FF73ADF8CA
S214015FA00830002301A80393884705B0BDE83040B8
S214015FB021F09EB930360400FA350400623604003A
S214015FC0883D0020483D00200948037873B91946EA
S214015FD0084AD3720133042B117311705160118179
S214015FE0917202F11002F4D101230370704700BFD1
S214015FF0495E0020483D002008B5FFF7E5FF002375
S21401600005491A018A5C01EB03101AB10133042B0E
S214016010F7D1002008BD00BF483D002070B50D46F1
S2140160200646FFF7D1FF0023094800EB0514A17AC5
S214016030B14205D1217819B12B4400EB031070BD94
S2140160400133042B04F11004F1D10020F7E700BF5F
S214016050483D002010B50446FFF7B6FF0E4B9C42A4
S21401606012D003F12002944210D003F14002944270
S2140160700ED060339C420DD10323084800EB031079
S214016080BDE81040FFF756BF0023F6E70123F4E70B
S2140160900223F2E70020F3E7883D0020483D002078
S2140160A070B50024064D074E2846324600210134BD
S2140160B0F8F71EF8042C05F12005F5D170BD00BFD8
S2140160C0883D0020556001002DE9F34105460C4648
S2140160D017469846FFF790FF064640B91C4A1D49E9
S2140160E0FFF77CFB0224204602B0BDE8F0814FF6A4
S2140160F0FB739D420AD94FF6FD739D4204D00020E2
S214016100134A1549FFF76AFB4FF6FD7543462146CC
S2140161103A46284621F085F9044600F02FFE8046CF
S21401612034B1234600200A4A0C49FFF757FBDAE749
S2140161303B462046064A0A49FFF750FB06232946F6
S2140161403046089ACDF80080FFF7CAFECBE700BFBD
S214016150FA3504006F36040099360400CE36040082
S214016160F7360400F7B506460C461746FFF744FF18
S214016170054638B9104A1149FFF730FB022420467C
S21401618003B0F0BD21464FF48A52304621F011FB90
S214016190044600F0F3FD34B123460020064A0849C0
S2140161A0FFF71CFBEBE7009004233A4631462846EE
S2140161B0FFF796FEE3E700BFFA3504006F360400EA
S2140161C01F370400F7B506460F46FFF715FF0546CD
S2140161D038B9104A1049FFF701FB0224204603B0E4
S2140161E0F0BD002240231146304621F0C1FC044692
S2140161F021F0BCFC34B123460020064A0749FFF7CC
S214016200EDFAEBE7009001233A4631462846FFF7C0
S21401621067FEE3E7FA3504006F36040052370400E0
S21401622073B504460E46FFF7E7FE054638B9104A31
S2140162301049FFF7D3FA0224204602B070BD0022AF
S2140162402046114621F096FC044621F08FFC34B11D
S21401625023460020064A0849FFF7C0FAECE70090FB
S214016260234632464FF6FC712846FFF739FEE3E730
S214016270FA3504006F360400803704002DE9F0413A
S2140162808846107800219EB014461D46FFF7C6FECC
S2140162900646002800F0FD800778002F7BD0B8F86E
S2140162A00010002940F0F5800389B8F8022043F475
S2140162B00040824240F0ED80617800296BD1A2F562
S2140162C00042062A00F2E580DFE812F0A100A100F4
S2140162D0E300E3000700B8006900E3880D3DADF870
S2140162E02430238915F00105ADF8263063798DF841
S2140162F02830E37A03F1060214F812208DF81430E0
S2140163008DF81C2042D10BA98E46069104F10C0093
S2140163105FFA85FC9C4500F1020009D210F8018C59
S21401632010F802CC01350CEB082C2EF802CBEFE767
S21401633001EB43011A440891D2B2590001F10D0054
S2140163409A42C0B20BD025186D78205C783169442A
S21401635000EB0520013321F84C0CDBB2EDE7B6F972
S21401636008203389002AACBF01220322C3F30E039F
S2140163708DF808206288ADF80A3005ABADF80C2020
S214016380049302A9304621F037F804E0424A434913
S2140163900020FFF723FA38461EB0BDE8F081042D31
S2140163A002D83D4A3E49F3E72379053DADB29D4209
S2140163B0B4F8028002D0384A3A49E9E73A4A3B4BF8
S2140163C00020002D08BF13463949334ACDF8008016
S2140163D0FFF704FA05348DF81450B6F90830069420
S2140163E085B1002BACBF012303238DF82C303389F4
S2140163F0ADF83080C3F30E03ADF82E3005AB0D9328
S2140164000BA9BFE7002BACBF06230523EDE70B2D39
S214016410C7D9D4F80200D4F8061013F4004F05AA21
S21401642003C20CBF042203228DF82C206289C3F319
S2140164300E03ADF83020ADF82E30DFE7042DB0D9CD
S2140164406388ADF8303023790533DBB29D4206D040
S2140164500020114A17490095FFF7C0F99BE70E4A3D
S21401646000201549FFF7BAF9B6F908203389002A42
S214016470ACBF01220322C3F30E03ADF82E3005ABE9
S2140164800D93631D069323798DF82C208DF8143017
S214016490B6E700277FE700BFFA350400AD370400F2
S2140164A0D5370400E93704009DF2030005330400E4
S2140164B0103804002D3804006E380400304BF0B557
S2140164C0B0FBF3F24FF4616503FB1200B0FBF5F38A
S2140164D0DCB205FB13033C25B3FBF5F3DBB2A0EB03
S2140164E004104B71C3EB0313A0EB83004FF4FA6364
S2140164F00B8040F201134B8001230C711F460024D0
S2140165006425204E8871944200D1F0BD91F802C0F6
S21401651013B1BCF1020F2BD006EB0C0010F801EC06
S214016520C87870450BBF012001300CF1010CC0B2D8
S21401653008BF81F802C0C87088780D2816D10B886C
S2140165408F7001339BB298070B8014D1B3FBF5F023
S21401655005FB103080B280B94FF4C870B3FBF0FC75
S21401656000FB1C339BB2B3FA83F35B090134CAE721
S2140165704FF01D0ED4E70023F8E70123F6E700BF2E
S214016580805101009A8A040010B5044688B006A915
S214016590FFF794FF9DF81E300A4803939DF81D30BF
S2140165A0049402939DF81C309DF81A200193BDF8BF
S2140165B018300549009300889DF81B30FFF70EF947
S2140165C008B010BD1453002087380400026808B5CF
S2140165D01188154B19805188598051791971117993
S2140165E059714FF48A51D980D28812F0200F0CBF0E
S2140165F00A464FF48B528169DA800C4A137831B916
S214016600C0880B4923F002030880137008BD43F0CD
S21401661002031370074B15221846013103F0F6FCEE
S214016620002200F8012CF1E708530020535E0020F9
S214016630065300201753002010B5184C23685879CC
S21401664020F0FCFA0B2822D8154B03EB0010027B36
S214016650237F9A421BD12368428819888A4205D033
S2140166604FF6FF70814212D1120410D42279023AF9
S214016670012A06D9A37B63B9BDE810400748FFF796
S21401668047B9198958791FF00FFC0028F2D100206C
S21401669010BD0248BDE81040FFF7CCB80C3E002004
S2140166A0783C002008B520F0C9FA0B2896BF024BAB
S2140166B00020185C08BD00BF585E002008B5002009
S2140166C020F011FEFF2020F0ECFA20F011FE20F061
S2140166D0B4FCFEF771F901210246064803F044FCBA
S2140166E0054BFF21054A0648FEF7C6FEBDE80840F1
S2140166F0FEF708BB585E0020085300200453002014
S214016700495D0020F0B5002204464FF6FF750B4F99
S21401671090B237F830600346AE4201D12846F0BD4C
S214016720A64209D1B4F57C4FF9D307EBC3035B88C6
S2140167308B42F4D00029F2D00132E9E7D88A04006E
S21401674010B50446FFF7DEFF094A034610884FF6E8
S214016750FF72934214BF074A2246BDE8104017BF96
S21401676002EBC30304495A680449FFF751B800BF56
S21401677014530020D88A0400AA3804007A030400BF
S214016780034B18780130C0B2187000F07F007047D4
S214016790CF680020044A137818B143F00103137040
S2140167A0704703F0FE03FAE7535E0020014B1870B2
S2140167B0704700BF565E002038B1074B1B78012B8F
S2140167C004D1038843F0400303807047022BFCD1B9
S2140167D0038823F04003F7E7565E002068B1074AB6
S2140167E01378012B07D1064B1B781370037843F0FF
S2140167F01003037001E0022BF8D07047555E0020AD
S214016800545E00207FB50121264B274E1970337840
S2140168100246D90744D42549096881B10868C18868
S2140168208D0641BF224CE18841F02001E180C188FC
S2140168304C0641BF1E48C18841F04001C1801D4D34
S2140168401D492878097840074CBFE97069701B49D3
S21401685013F00204098809D0164A194820F0C3FC2F
S214016860337823F00203337004B070BD154B1888DB
S2140168704FF6FB73984208D80B46CDE90052014605
S2140168800B4A20461FF087FEEEE74FF6FF73CDE971
S214016890014200930A46074B05491FF058FEE3E7FD
S2140168A00020E1E74A5E0020535E0020083E0020FB
S2140168B008530020495D0020D068002004530020C2
S2140168C0165300200653002070B503790446012BA9
S2140168D00D46164631D883681B78DB0600D561B3B2
S2140168E0A37B13B9E37C0B2B27D00022144B1A8011
S2140168F0637DB3FA83F35B09D800E37BABB9FEF79C
S21401690095FEA07CFEF792FE0B20FEF78FFEE07C44
S214016910FEF78CFE2846FEF789FE2046FFF756FE58
S2140169203046BDE87040FFF76DBF40F00400FEF74B
S2140169307DFE208A20F084FCE3E7002070BD00BFC6
S21401694004530020024B0A4601461868FFF7BCBFF5
S214016950083E0020F0B4054618460F4B0C461B783F
S214016960BDF81010012B0D4E01D0377827B100234A
S21401697033700020F0BC70470CB9002AF9D143B13E
S2140169804FF65743994204D02B462246F0BC20F0DE
S21401699010BC0120EEE700BFD1680020575E002042
S2140169A02DE9F04F684C4FF0000A2546844696467E
S2140169B098460F46654B664E83F800A00FCE0FC56E
S2140169C096E80F0085B085E80F00DDF83C90BDF82D
S2140169D0383072460093394643466046CDE9019405
S2140169E000F0DCF8DFF89081064670B90025FEF766
S2140169F0FFFD16220021574803F0B6FA0023284669
S214016A00C8F8003005B0BDE8F08F534BA27CC8F83B
S214016A1000401A70514B1B78002B36D020F01BFD1E
S214016A204F4902465046FEF7F3FE22685046537918
S214016A3052884C490092A289FEF7EAFE504620F0A1
S214016A4083FC20B12368218A5888FFF779FEE37B0F
S214016A5023B10020228A4449FEF7DAFEA36800200B
S214016A601A78E37C41490093A37CFEF7D1FE207D92
S214016A70A289A168121A01440123002092B2FEF7EE
S214016A8011FE00203A49FEF7A9FE2F48FFF79EFDAA
S214016A902D4821F06CFF054630BBB9F1000F25D11A
S214016AA02168E0880B8801904988BA1E032A009164
S214016AB08CBF002201220121E07CFFF74BFF38B991
S214016AC023685B79FF2B3AD0FFF7B6FD05468EE7C4
S214016AD02368DB889A06F3D40121264C1A482170D4
S214016AE020F0D2FC84F80090354680E7B9F81430DF
S214016AF09B07E5D47AE75846FEF718F882465846CB
S214016B00FDF760FF88B123685046228A598820F035
S214016B1098F850B13846FFF759FD236889F804A064
S214016B2083F805A0FFF788FD00B92846054601361B
S214016B30FDF742FF5FFA86FB5845DCD857E700268B
S214016B40014FDFF83890F3E70C3E00204A5E002044
S214016B50B88A040016530020D0680020CE680020B2
S214016B60C3380400CC380400ED380400F9380400BA
S214016B70EEEB0300575E0020083E0020085300207D
S214016B800023054AD15C814202D31A4450787047EB
S214016B900233DBB2F6E700BFA68A040073B51546DA
S214016BA02E781A4616F0040F0CBF032605269E42C1
S214016BB0089C08D9224A234900960020FEF70EFEBB
S214016BC0002002B070BDBDF8183021712060E3804E
S214016BD0A560A2812B7803F00103A3732B7803F041
S214016BE00403002B14BF01210021E1732978C1F3AE
S214016BF0C00161754FF00101217518D0284620F0BB
S214016C005CFB237D208202332375227D531CDBB27D
S214016C102375A95C0232D2B2A1742275EB5CE374CF
S214016C20A3899A4205D900920749054AC5E72382F6
S214016C30EBE7079B0120A36100232377C1E700BF91
S214016C4031F303003C390400583904002DE9F743B9
S214016C500024204FDFF89C80DFF89C90E0B220F003
S214016C60BBFEFF2805460FD12346012102201A4A02
S214016C70F7F728FD194B013418781EF03AF9152C50
S214016C80ECD103B0BDE8F08346B238EA260328BF4C
S214016C904B4601210093022057F82430104AF7F79B
S214016CA011FD002EE6DA0923E340DB070AD50D4A7B
S214016CB00D4B15F0010F18BF1A4601210220F7F7F8
S214016CC001FDD7E70A2CD5D1084A094B15F0010F6B
S214016CD0F1E700BFF08A0400B1390400D268002051
S214016CE0D93904008A39040074390400A63904002D
S214016CF09C3904009DF203000533040008B55422B4
S214016D000021024803F030F9002008BD0454002099
S214016D1008B55422FF21024803F026F9002008BDD9
S214016D20B0530020024B23F810100020704700BF1C
S214016D30B0530020002310B4074ADCB2A14203D8A6
S214016D405DF8044BFFF7DABF2A2BF9D032F8024B75
S214016D5020F813400133F0E704540020002310B557
S214016D60054A994201DD2A2B00D110BD32F8024BAB
S214016D7020F813400133F4E704540020024B18783E
S214016D8000F07F00704700BF645E0020034B187858
S214016D900130C0B2187000F07F007047645E0020BA
S214016DA030B51C4600238BB0ADF82220021D92B2EE
S214016DB0012A0E9DADF82030ADF81E10ADF81C303E
S214016DC003D94FF6FF7290420FD10022CDE903524C
S214016DD0CDE90124094B01461B784FF6FF7000935D
S214016DE007AB20F017FE0BB030BD0146CDE90153CD
S214016DF01846009407AA20F029FEF4E7D36800207D
S214016E0038B505464FF480500C4603F0B3FA4FF4FC
S214016E1080532860236030B940F2A511BDE83840A0
S214016E20014827F01BB838BDC83A0400004870472F
S214016E30E2560020014B1878704700BFEF6800202B
S214016E40014B1888704700BF74680020014B187802
S214016E50704700BFE8680020014B1878704700BFF4
S214016E60DF680020014B1878704700BFE2680020F9
S214016E70014B1878704700BF695E0020014B1870FF
S214016E80704700BF695E0020014B1878704700BF4D
S214016E90685E0020014B1870704700BF685E0020D6
S214016EA0014B1878704700BFE3680020014B188833
S214016EB0704700BF726800202DE9F74F414B424AE8
S214016EC00193424BDFF844911B78DFF84481DFF8E9
S214016ED044E1DFF844C13E4F3E4E3F4D3F494048F6
S214016EE002EB431A019B524503F1200309F12009E5
S214016EF008F120080EF1200E0CF1200C07F12007F6
S214016F0006F1200605F1200501930FD10022114656
S214016F10344B324D1C78344E344B314FD0B2844210
S214016F2003F1200346D803B0BDE8F08F304B314C57
S214016F305360002349E907432F4CDFF8E0B048E9E6
S214016F4007432E4CC2E902304EE907432C4C116030
S214016F504CE907432B4C136147E907432A4C49E99F
S214016F60050348E905034EE905034CE9050347E92E
S214016F70050349F8201C48F8201C4EF8201C4CF844
S214016F80201C47F8201C46F8201C46E90743019CB4
S214016F9045E907B3DFF888B046E9050345E9050387
S214016FA044E907B344E9050345F8201C44F8201CCE
S214016FB0203297E743E9085643E9061743F8101CC1
S214016FC00132ABE75441002074420020F6680020ED
S214016FD0B44100209441002074410020F05000206C
S214016FE005330400ED68002025B60200F4410020B8
S214016FF07D5F0200CBA00300DD73020005FF0200E7
S21401700025B10300C596020083790300544200208F
S2140170103442002014420020D4410020352C0300C5
S214017020815C0200002208B5074B1A605A6020F006
S2140170308FFC064B187020F08BFC054B1870054B27
S2140170401A78054B1A7008BD92500020C45E0020C5
S214017050C35E0020E0680020C25E0020002100B56B
S21401706093B008466A460AF0FBF90146C8B90E4BCA
S2140170700E4A09930E4B0D920A930E4A0E4B0E9230
S2140170800B930E4A0E4BCDE90F230C930D4B6A461C
S21401709011930AF09BFC003818BF012013B05DF86D
S2140170A004FB0120FAE700BFDF9B0300796D0200B5
S2140170B0E39D0300A9360200C57903007984020026
S2140170C0439E0300C9670200084B1878112806D8AA
S2140170D0012809D9064BC34003F001007047A0F10F
S2140170E0430358425841704700207047C65E00204F
S2140170F03400020008B5064B1B78013B022B05D86D
S2140171000020FFF7E1FF0138C0B208BDFF20FCE711
S214017110C75E0020044B00F1100250F8041B904299
S21401712043F8041BF9D17047C85E0020044B03F1F5
S214017130100253F8041B934240F8041BF9D1704720
S214017140C85E002030B5002491B0114B054621469B
S21401715014220BA8CDE9094302F006FF102209AB61
S214017160CDE900440693CDE90452CDE90252094B1C
S21401717009490AA81DF0BCFA04460AA821F09EF99E
S2140171801CB1A021054826F069FE11B030BD00BF34
S2140171900024800000444004C85E0020533B0400E5
S2140171A070B5002490B0154B05460E4614222146B4
S2140171B00BA8CDE9094302F0D7FE102209ABCDE9B1
S2140171C0004406933146CDE90452CDE902520C4BF8
S2140171D00AA81DF08DFA04460AA821F06FF91CB121
S2140171E0BA21084826F03AFE099B102B03D0BB2192
S2140171F0044826F033FE10B070BD00BF00248000A6
S21401720000444004533B040030B50D4600218FB0C6
S214017210124B0446142209A8CDE9071302F0A4FE76
S214017220102207ABCDE90242CDE90042049329467C
S2140172300B4B08A81DF05EFA044608A821F03EF99B
S2140172401CB1D121074826F009FE079B102B03D05D
S214017250D221044826F002FE0FB030BD0024800083
S21401726000444004533B0400014B93F95A00704715
S214017270285000200022034B1870034B1970034B53
S2140172801A707047D95E0020DA5E0020D85E0020B2
S2140172902DE9F04FDFF89080064698F800300D464D
S2140172A085B0002B3AD04FF6FB73984236D84FF094
S2140172B0000B1C4FDFF874A03C7898F800305FFA9A
S2140172C08BF94B459AF8000011D9484402AA0DF1F2
S2140172D00601C0B216F028FA082229460DEB020074
S2140172E003F08EF90BF1010B0028E6D14C463B78F2
S2140172F0A34208D198F80020631CDBB29A423B7087
S21401730004BF00233B70324629469AF800301C44DD
S214017310E0B205B0BDE8F04F16F0F4BA05B0BDE82E
S214017320F08F00BFD85E0020DA5E0020D95E002014
S2140173302DE9F74F06460D4614461F464FF0010B42
S214017340DFF8789003F10C0A15B903B0BDE8F08FA9
S214017350102DA84628BF4FF010083A46164B5FFA84
S21401736088F152F8040B524543F8040BF9D1019108
S2140173709AF8002011481A70002389F80F4089F8FE
S21401738000B089F80E30FFF7DDFE324601340B48B7
S2140173900199E4B212F801CB10F8013B83EA0C0321
S2140173A002F8013C931BDBB28B42F3D3A5EB080832
S2140173B016461FFA88F5C7E7DC5E0020DB5E002074
S2140173C02DE9F04F9046914685B00090981A0293A9
S2140173D083B20193009B0F46354903F10C0453F821
S2140173E0045BA34241F8045BF9D11B78314E0B7064
S2140173F049233370019BF0731B0A3046B373FFF7C2
S214017400A1FE0221BB460D46737888EA030373701A
S2140174104FF0000A1DE0C5F11004A9EB0A039BB268
S214017420A4B29C4228BF1C4600231FFA83FCE8181E
S2140174306445C0B21FD82544EDB2A344102D544470
S2140174401FFA84FA05D1002530460391FFF77AFE2C
S2140174500399D145DFD807EB080B25B115480391F1
S214017460FFF770FE039901294FF000050DD00121A9
S214017470DDF80490CCE71BF803C016F800E00133F2
S2140174808CEA0E0C06F800C0CFE7029B09491F44A0
S214017490094B38461C78224602F0F6FE2A4621465B
S2140174A03846009B05B0BDE8F04FFFF741BF00BF6F
S2140174B0DC5E0020DB5E0020F768002030B54078F7
S2140174C00C4601284FF0110387B001F1100516D1C3
S2140174D0144A01A90BF002F8234601AC22461868AB
S2140174E05968083303C2AB421446F7D111230D4A3B
S2140174F0002001A90AF0F2FF002007B030BD0120EC
S214017500094A01A90AF0EAFF234601AC2246186897
S2140175105968083303C2AB421446F7D11123024A15
S214017520E6E700BF75E4010079EB010030B50C46D3
S214017530407887B001284FF011030DBF0B4A0C4A63
S214017540012001A918BF01A90AF0C8FF234601AA14
S21401755005AD144603CCAC4218605960224603F1CF
S2140175600803F6D1002007B030BD00BF75E4010066
S21401757079EB010010B50C4688B01A230C4A01A914
S21401758001200AF0ABFF21460DF10E0304F11002B3
S21401759051F8040B914243F8040BF9D11A23002049
S2140175A0034A01A90AF09AFF002008B010BD00BFE7
S2140175B024E10100F0B58BB004460D4622F084FAB2
S2140175C0A8B101A813F082FE88B1667B271D16F0CC
S2140175D0020F05D00822384601A903F011F8D0B9E8
S2140175E001AB46F0020603CB6060796066731A232E
S2140175F00A4A03A901200AF071FF29460DF1160374
S2140176000DF1260253F8040B934241F8040BF9D10D
S21401761000200BB0F0BD2D20FBE700BF24E10100E8
S214017620F0B50546071D00220C463846082193B0E2
S21401763022F0DCF96A7B0646D0070BD5687808A9E4
S21401764020F06DFEDDF83D306B60DDF841307B608B
S21401765080B10BE0910709D5D2000121384602F02E
S214017660800220F069FEFF28687002D12D2013B039
S214017670F0BDD6B1687801A920F0E6FD9DF81C3072
S2140176805B0604D54FF4C6710A4826F0E7FB23468D
S21401769003AD07AC2A4603CAA242186059601546D4
S2140176A003F10803F6D10020E1E708A920F037FE30
S2140176B0CEE700BFD13B04002DE9F04106468AB073
S2140176C01F480F4615460024FFF730FD002C01A980
S2140176D014BF4FF05C0C4FF0360C10238846184A46
S2140176E012F8010B013B8CEA000013F0FF0301F8CE
S2140176F0010BF5D105A822F0DFFF4246102105A8AF
S21401770022F0DEFFC4B93946324605A823F040F818
S2140177102A460DF1140C0DF1240E634603CB734576
S214017720106051609C4602F10802F6D114B10AB00D
S214017730BDE8F0810124C9E72A461021E5E700BF2C
S2140177400B5F00202DE9F04791460D46C0B09DF82D
S2140177502041DDF828811E46DFF87CA09DF8243103
S21401776007462246494640468AF8003002F08CFD1C
S2140177709DB12346324641463846FFF721FEB442C4
S21401778007D9A11B3B46012289B208EB0600FFF789
S214017790CFFD002040B0BDE8F087A11B3B4601228B
S2140177A089B208EB0600FFF7C3FD2246414668464C
S2140177B002F06AFD3246694638462346FFF700FE68
S2140177C09AF800200DEB040109EB040002F018FF03
S2140177D00028DED02C20DDE7F768002038B5034608
S2140177E0104601F1100451F8045BA14242F8045B13
S2140177F0F9D104491BB1FFF7D3FC002038BDFFF7D0
S21401780003FDFAE70B5F002030B5054689B06946EF
S21401781020F08FFB6B8804ACABB122462946684644
S21401782020F027FB0E4A08AD234603CBAB4210607F
S21401783051601C4602F10802F6D10948FFF76AFCBE
S214017840002009B030BD6B46054D1A4603CAA24258
S21401785028606960134605F10805F6D1EDE700BF1B
S2140178600B5F002050B10B4B0B4A03F1100153F88C
S214017870040B8B4242F8040BF9D17047064B054ABC
S21401788003F1100153F8040B8B4242F8040BF9D1B3
S214017890704700BF0B5F0020EB5E002008B510228A
S2140178A0024802F0B3FB002008BD00BFFB5E0020CB
S2140178B008B508461022024902F0A8FB002008BDC0
S2140178C0FB5E002010B5044686B001A9114A1123BB
S2140178D001200AF003FE9DF8143001A8E37023F09E
S2140178E0E1FA80F001000C4A01A960701123012021
S2140178F00AF0F4FD9DF8143001A8A37023F0D2FA23
S21401790080F00100207012F06DF86060002006B073
S21401791010BD00BF75E4010079EB010010B5044607
S21401792086B01123134A012001A90AF0D7FDA378D6
S2140179309DF814209A4207D08DF8143000201123A8
S2140179400C4A01A90AF0CAFD11230B4A012001A91C
S2140179500AF0C4FDE3789DF814209A4207D08DF80A
S214017960143000201123044A01A90AF0B7FD06B01D
S21401797010BD00BF79EB010075E401002DE9F0416F
S21401798086B0064603A80C4614F0EEFC0546002811
S2140179904AD1BDF80C30980646D510222946204615
S2140179A002F0E2FA01A813F091FCC0B1777B06F170
S2140179B0040817F0020F06D00822404601A902F07B
S2140179C01FFE00282ED101AB47F0020703CB7060E3
S2140179D0C8F804107773238843F0080323802388AC
S2140179E043F00203238013F041F8606022F06CF844
S2140179F030B10E4B1B68A360238843F00403238039
S214017A000B4B1A68D1035EBF238843F01003238013
S214017A10130203D5238843F400632380284606B067
S214017A20BDE8F0812D25F9E72425F7E7A4420020DB
S214017A30A842002010B5D0E9023253F8223090B0A7
S214017A401C6840226946204620F0DCFC034630B123
S214017A50224600200549FDF7C1FE10B010BD0122E7
S214017A6069460820FDF764FEF7E700BF673C04009F
S214017A7070B500F0B1F800280CBF6E227922002004
S214017A801349FDF7ABFE00F0A7F8F0B120F0CEFCED
S214017A9000280CBF6E22792200200E49FDF79EFEBB
S214017AA0082200200C49FDF799FE00250B4C0C4ED0
S214017AB0234654F8042C314600200335FDF78EFE8C
S214017AC0182D04F10C04F3D170BD3F22E4E700BF8A
S214017AD09F3C0400B63C0400C63C0400CC43002096
S214017AE0E53C040070B520F086FC044621490020E0
S214017AF0FDF774FE2CB92046BDE870401E49FDF71F
S214017B006DBE00F0BBF805461C4B62690020002ADA
S214017B1008BF1A461A492668FDF760FEA2880020AB
S214017B201849FDF75BFE1849E2880020FDF756FE6E
S214017B30A388228913F010001ABF002013491449A4
S214017B40FDF74CFEE26800201249FDF747FE226968
S214017B5000201149FDF742FE104A114B0020B6F5F0
S214017B60817F38BF13460F492A46BDE87040FDF7AE
S214017B7035BE00BF1A3D0400273D0400170C040063
S214017B80483D0400663D0400873D0400A43D040012
S214017B90C13D0400DF3D0400FD3D0400123D04002C
S214017BA0083D04001B3E040038B5014600230C25A1
S214017BB0084A05FB03F4A0181459013404D10C2219
S214017BC002F024FA002038BD0133082BF1D1012040
S214017BD0F9E700BFC8430020034B1878012894BF7B
S214017BE000200120704700BF1D5F002038B5044605
S214017BF0044D2878A04203D0214620F0DCFB2C70EF
S214017C0038BD00BF1D5F002000B58FB034220021B3
S214017C1001A802F0A9F901A8EEF7E0FF0598D0B196
S214017C2082680E4BB2F5803F34BF92B2C2F38F2208
S214017C3041881A81028828BF41F010011A60426803
S214017C409980DA80C268DA6002691A6142695A610B
S214017C50027E18461A760FB05DF804FB4C430020EE
S214017C60054B1B7820B1012B04D80220FFF7BEBFBD
S214017C70012BFBD8704700BF1D5F002010B5084CD4
S214017C80237853B920F0B7FB0123237028B103688A
S214017C90B3F5817F24BF037E2370207810BD00BF1B
S214017CA01C5F002070B5184B1B78012B2BD820F0D9
S214017CB085FB164D024616490020FDF78FFD012073
S214017CC0FFF7CEFF2E78FF2E1DD1FFF79DFFC8B11F
S214017CD0848860223146C4F340040E482C7002F0BA
S214017CE043F9602231460C4802F03EF95CB1FFF7D9
S214017CF0C5FF042807D9BDE8704040F22B1107489C
S214017D0026F0ACB8287070BD1D5F0020F868002012
S214017D103E3E0400C843002068430020503E040055
S214017D202DE9F04FDFF884928DB003AB0746884605
S214017D30144699E8070083E80700FFF7B3FFFFF74B
S214017D409DFF944B06461D784B46012D40F07081F1
S214017D50012840F27281B7FBF0F200FB1272002A92
S214017D6000F06B818C4900228B46D1F800C0BCF133
S214017D70FF3F04D0087A6044874200F0198101323F
S214017D80082A01F10C01F0D193E8070006AE0DF1C7
S214017D90240A86E807008AE80700FFF76FFFB7FBAB
S214017DA0F0FB00FB1B7BA0EB0B094A46414606464F
S214017DB00AA809978DF82C9002F066FA00224FF077
S214017DC00C0E764902E00132082A0ED00EFB02F0B4
S214017DD000EB010C08580130F5D19AE807008CE851
S214017DE007006F490A7801320A70A14504DD4FF495
S214017DF0E2716C4826F032F8A41B5C444F44A1B2F1
S214017E0017FA84F4B4FBF6F206FB1242C8448E1A43
S214017E1091B1A41A08EB060107A88DF82020069454
S214017E2002F032FA06A8FFF7BFFEFF2804D140F29F
S214017E30D9115C4826F012F8B6B2B6B10320FFF7A6
S214017E40D5FE802E0AD832464146574802F01CFA23
S214017E5032463846544920F0B9FA05460220FFF763
S214017E60C5FE28460DB0BDE8F08F0025F9E74FF4B2
S214017E700E714C4825F0F2FF464B1B78012B00F0A3
S214017E80E380002C36D00320FFF7B0FE802C2FD8DD
S214017E9022464146444802F0F7F92246384642490E
S214017EA020F094FA05460220FFF7A0FEDFF8F090D6
S214017EB099F8003093B1039CFFF7E0FE374B00279B
S214017EC098461A68511C04D0197A411A521A9442DB
S214017ED024D00137082F03F10C03F2D1002DC0D1B5
S214017EE0039B0133C1D003A8FFF75EFE0546B8E742
S214017EF00125D8E72546D9E740F26D21294825F026
S214017F00ADFF012524E0012D30D0802E2FD832463A
S214017F102549039820F05AFA054628E0002DA0D1FD
S214017F200C247C4308EB04039DF814A093F808B0D6
S214017F300AEB0B03802BDFDC1B4B524604A91846C9
S214017F4002F0A2F9211D5A464144504402F09CF920
S214017F500C2303FB07839DF814201B7A13449E42CF
S214017F60D1D040F273210F4825F078FF0125022079
S214017F70FFF73CFE99F8003013B1013B89F8003059
S214017F804FF0FF3308EB040248F80430C2E901332E
S214017F9067E700BFF8680020C84300206843002058
S214017FA01B5F0020503E0400CC420020548B04008E
S214017FB04FF00C0A0AFB02B3187AA6EB00095FFA27
S214017FC089F9A14501D35FFA84F90AFB02FA0AF19D
S214017FD0040528444A464146584402F055F90BEB3D
S214017FE00A031A7AA4EB09044A44D2B2B242A4B2F2
S214017FF01A7219D103200193FFF7F8FD32460BEBF5
S21401800005015BF80A0020F0E1F905460220FFF7BA
S214018010EDFD4FF0FF32019B4BF80A20C3E9012228
S214018020002D7FF41EAFC844002C3FF41EAF4F4412
S214018030104B1B78012B7FF424AFB7FBF6F306FB3E
S2140180401373002B7FF413AFE319B3FBF6F506FBAE
S2140180501535002D3FF415AF641B5B1B08EB0401BF
S2140180602A4604A80393A4B202F00EF98DF8145020
S21401807007E700BFF868002070B5134B1B78012B8B
S2140180800CD1FFF70FFE0026104D55F8043C0133C6
S21401809006D10336182E05F10C05F6D1002411E0A1
S2140180A00320FFF7A3FD55F8044CFFF7E7FD29462B
S2140180B00246204620F08AF904460220FFF796FD84
S2140180C0002CE6D0204670BDF8680020CC43002086
S2140180D070B505460C46FFF7E5FD0520FFF786FD62
S2140180E02146284620F080F906460220FFF77EFD4D
S2140180F000220A4B2C441968481C08D0A94206D312
S214018100A1423EBF4FF0FF31C3E90011996003322F
S214018110182A03F10C03EED1304670BDC843002087
S214018120D0E9023253F8223010B51C68204600F020
S21401813095FA28B12146BDE81040024800F002BE7B
S21401814010BD00BFCE3E040008B5D0E9023253F898
S2140181502230186800F06CF920B1BDE808400248EA
S21401816000F0F0BD08BD00BFF03E04002DE9F0416F
S214018170D0E9023253F8221003EB82035B680F68E2
S2140181801D789AB0642D04D96421114800F0DAFDF7
S21401819064252A46384601A900F002F9044698B932
S2140181A00C4800F0CFFDDFF8348001AE013DA5425A
S2140181B002DC1AB0BDE8F0813919404616F8012BE9
S2140181C000F0C0FD0134F2E7034800F0BBFDF0E724
S2140181D0133F0400333F04005D3F04004A3F0400A0
S2140181E02DE9F04700252D4FDFF8E080DFF8E0901D
S2140181F08CB0284603A900F0EFF810B10CB0BDE82A
S214018200F087049B2946039A0093384600F09AFDAE
S214018210404600F097FD059910290CD810290CD876
S214018220DFE801F00F14320B340B0B0B360B0B0B84
S2140182300B0B0B0B3A0020292CD0194800F082FDBD
S21401824007E0184800F07EFD0135D2E7164800F039
S21401825079FD0699484600F075FD0799134800F028
S21401826071FD134800F06EFD1024DFF868A00DF1D3
S2140182701F06504616F8011F013C00F063FD14F07E
S214018280FF04F6D10B48DDE70B48E0E70B48DEE7D5
S2140182900B48DCE70B48DAE70B48D8E7783F0400E1
S2140182A01D400400CD3F0400DD3F040043400400B0
S2140182B05B400400EBE50300E53F0400ED3F0400EE
S2140182C0F63F04000140040018400400BC3F0400CF
S2140182D02C4004006C40040010B50B4C8EB0237883
S2140182E05BB9EEF7F5FB014650B9012301A82370EF
S2140182F0EEF774FC054B049A1A6020780EB010BD98
S214018300034800F01FFDF8E71E5F00200C47002021
S2140183107240040000B58FB0FFF7DEFF002829D0B9
S21401832001A8EEF75BFC059B1448198800F00AFDCE
S214018330059B13485969134B002908BF194600F0DD
S21401834001FD059B1048598800F0FCFC059B0F4871
S214018350196900F0F7FC059B0D48D96800F0F2FC9E
S214018360059B0C48197E00F0EDFC0B4B0B48196879
S21401837000F0E8FC0FB05DF804FB00BFAF4004005E
S214018380C1400400170C0400D3400400E740040079
S214018390FB4004000F4104000C4700202341040069
S2140183A070B5064615460C4679B172B1FFF794FFD3
S2140183B068B121462A463046EEF71AFD014618B145
S2140183C0044800F0BFFC012070BD2120FCE711200D
S2140183D0FAE700BF3541040037B505460C46FFF7FE
S2140183E07BFFE0B1114B1B68AB421AD9CCB100211F
S2140183F02422204601F0B8FD214628461BF0D0F97C
S21401840088B9284601AA04F10801EEF7A3FC20B1B9
S21401841040F20643C01A18BF012003B030BD112038
S214018420FBE72120F9E70120F7E700BF0C47002012
S214018430F0B593B00546FFF74FFF002845D0254B12
S2140184401A68AA4207D829462348013A00F07AFC5E
S214018450212013B0F0BD05A8EEF7C0FB284603A9FE
S2140184601BF09EF998BB049A22F4FF57C2F30C0343
S21401847027F01F072BB14FF400532946174800F089
S21401848061FC039E7FB125F0F6FC30464FF40051A7
S214018490EEF73AFD3346044606F5005650B9039BFF
S2140184A0F31ABB42EFD32A4639460D4800F04AFC80
S2140184B0002406E000902A464FF40051094800F0D7
S2140184C041FC201E18BF0120C3E71120C1E701208F
S2140184D0BFE700BF0C4700206341040011420400BF
S2140184E0D04204007F42040010B5044638B1FFF7BD
S2140184F0F3FE30B10020044B1B68236010BD212021
S214018500FCE71120FAE700BF0C47002010B504462F
S214018510FFF7E2FEB0B10C4B1A68A24206D821461C
S2140185200A48013A00F00EFC212010BD25F0A3FCFC
S21401853040F2C12220460649EEF7CCFB003818BFB0
S2140185400120F2E71120F0E70C4700206341040008
S2140185504844002010B50446FFF7BEFE70B1214620
S2140185600848EEF7D7FB40F20323984208D040F2C2
S214018570012398420CBF0520012010BD1120FCE705
S2140185800020FAE7484400202DE9F0412D4D04462D
S2140185902F68FFF7A1FE002851D02968A14207D80D
S2140185A04A1E2948214600F0CDFB2120BDE8F08176
S2140185B02648EEF76FFBDFF894800246B0B94346D3
S2140185C02E68964222D1BE4214BF3A4606F1FF32C9
S2140185D012BB31461D48C8F80040EEF73BFB01468A
S2140185E000B31B4800F0AEFB0120DFE72046EEF7A4
S2140185F011FB044638B10146164800F0A3FB201EC5
S21401860018BF0120D2E7EEF761F9F8E753F8041B2B
S2140186108C42DDD00132D4E70C499200081D01F0EE
S214018620F5FCD6E729680948EEF734FB044610B195
S21401863001460948D6E7EEF749F92046B6E7112084
S214018640B4E700BF0C470020634104002844002023
S21401865016430400EC42040049430400F8B50446FE
S214018660FFF73AFE002845D0234B1A68A24207D8E6
S21401867021462248013A00F065FB21242046F8BD38
S2140186801F4800F05FFB25F0F6FB40F2C1221D49B2
S2140186902046EEF71FFB40F20327054625F0EBFBCD
S2140186A0184E65B140F203239D421AD0294616485A
S2140186B000F048FB0124154800F044FBDEE725F0F6
S2140186C0DAFB29463046EEF725FBB84209D040F2E0
S2140186D00123984203D10E4800F034FBE1E705463A
S2140186E0DFE721460B4800F02DFB2046FFF74CFF45
S2140186F00446E0E71124C1E70C470020634104006B
S2140187008043040048440020A0430400EBE5030036
S21401871023180400B843040010B50A46044619B1EC
S214018720024B00211B68984710BD00BF608B0400F8
S21401873010B5114C2378580744BF23F00403237067
S2140187402378990705D500F05DF8237823F0020316
S214018750237063781BB10023084A636053600023CB
S214018760082106486370FFF7D7FF2378DA0744BF6E
S21401877023F00103237010BD10470020144700208A
S21401878038B51A4C62782378022A01D1072B11D00A
S214018790DD0712D52378980707D400F02BF8237845
S2140187A0054643F00203237080B96278237882B1CC
S2140187B05A0716D50025284638BD1BF017FF237823
S2140187C0054643F0010323700028E3D0FFF7B0FF0E
S2140187D0F1E7D907ECD5064962604A600222627069
S2140187E0E6E743F004032370E4E700BF10470020E8
S2140187F0144700200122024B002083F8F020704726
S2140188001C4700202DE9F0410A4C002526464FF072
S214018810010803272046C4F81C80277601351FF07F
S21401882030FE062D04F12804F4D1002386F8F0303A
S214018830BDE8F0811C4700202DE9F04F984691B025
S2140188400B1E0A93B44B914614BF83469B460025E4
S2140188501A9E98F8000070B94D4538BF2A464B4617
S2140188604FF000000A9928BF09F1FF32D847284681
S21401887011B0BDE8F08F252808F1010806D02A4678
S2140188804B460A996C1CD8472546E2E70023414629
S21401889011F8012B2B2A16D00AD8202A16D0232A03
S2140188A017D0A2F13000092834D800270A2418E08E
S2140188B02D2A05D0302AF4D143F001038846E6E795
S2140188C043F00203FAE743F00403F7E743F0080333
S2140188D0F4E743F01003F1E7884604FB0722A2F110
S2140188E03007414611F8012BA2F130000928F3D9CF
S2140188F098F800202E2A52D198F8011008F10102AA
S214018900A1F13000092843F480633ED800244FF0DB
S2140189100A0E11E02A2A08D156F8047B8846002F51
S214018920BCBF43F002037F42E2E70027E0E70246CE
S2140189300EFB0411A1F13004104610F8011BA1F141
S214018940300CBCF1090FF2D99046424612F8011BD1
S2140189506C292DD025D8682933D06A293BD04246C8
S214018960904618F8010B672860D8572836D845284E
S21401897008D084D9462800F0188147287FF47FAFB5
S21401898043F4006343F0200327E12A2906D156F871
S214018990044B08F1020824EAE474D6E79046002462
S2140189A0D3E7742901D07A29D9D143F48073D7E764
S2140189B098F801106C29F8D143F4407308F10202CB
S2140189C0CEE798F80110682902D043F08003C7E784
S2140189D043F0C003F2E743F40073C1E7A0F1580285
S2140189E00F2A3FF64CAF01A151F822F08D8A010003
S2140189F07F8801007F8801007F8801007F88010051
S214018A007F8801007F8801007F8801007F88010040
S214018A107F8801008D8A0100F98B01008D8A010093
S214018A20CF8B0100AF8B0100CF8B0100A0F1690154
S214018A30C9B20F293FF623AF012249F2410C8A4001
S214018A4012EA0C0218D10A2900F0158107297FF4D1
S214018A5016AF43F0210305930823CDE90343102302
S214018A60CDE9012356F8043B2A46009358464B4667
S214018A700A991FF0F6FDA8E06F2800F05E8110D974
S214018A80782808D1102223F00C0310E0582839D09A
S214018A90622800F054810A2223F01003642806D0CD
S214018AA0F1E769284FF00A0223F01003F6D15905C1
S214018AB048BF23F00103692803F4007101D064283C
S214018AC040D111B3073626F00706B24670685AF849
S214018AD0081BCDE9077300230593C30F00280293F3
S214018AE006940B46049202DA4B4260EB4000CDE955
S214018AF000304B462A4658460A991FF0F4FD0546B3
S214018B005646A6E643F02003BCE7D90506F1040A5B
S214018B1004D5316805E000BFC584030058060CD5AE
S214018B203178CDE90224CDE9047300294FEAD173E7
S214018B300193B8BF4942009120E01906E9D5B6F97C
S214018B400010EEE779B1CDE907730023CDE90423E0
S214018B5006F1070A2AF0070A06940293FAE80223A6
S214018B60CDE90023C5E7D80506F1040A0DD5CDE900
S214018B700473CDE902240191336800934B462A46DB
S214018B8058460A991FF06DFDB9E7590607D53178A1
S214018B90CDE904730023CDE902240193CBE73168C4
S214018BA013F0800F18BF89B2F2E743F02003CDE936
S214018BB00173073626F007060094B6EC020B4B4607
S214018BC02A4658460A99EBF7E3FD054641E600F0CA
S214018BD0DF00472801D143F40063CDE9017307366E
S214018BE026F007060094B6EC020B4B462A4658467A
S214018BF00A99EBF711FCE8E713F0020426D04FF0D0
S214018C00010A6B1C0B932A464B460A9916F8040B6D
S214018C10D84774B354460B9A21E04B4620200A9954
S214018C20D8470AEB05020AF1010A5745F5D83A1E5C
S214018C3018BF0122002A07F1FF3308BF002307F1FE
S214018C40010A1D4408BF4FF0020ADAE7A246E8E728
S214018C50551C4B4620200A99D8472A460134BC4267
S214018C60F6D3A7EB0A03574538BF00230B9A1A44DD
S214018C700B920B9DEDE53246002C52F8046B14BFA7
S214018C8021464FF0FF310B9232463144107808B13D
S214018C90914211D1A2EB060A13F480620C9202D023
S214018CA0A24528BFA24613F002030D931BD1AAEBDF
S214018CB005032A460F9308E00132E7E7531C0E939B
S214018CC020204B460A99D8470E9A0F9BD318BB42D1
S214018CD0F4D3A7EB0A03574538BF00230AF1010274
S214018CE01D4403EB020AAB1B0E9304E01C464B46E5
S214018CF02A460A99D8470E9BF51816F8010B28B193
S214018D000C9B002BF3D0631E002CEFD10D9B93B16F
S214018D102A46AAEB050405E0561C4B4620200A9974
S214018D20D84732461319BB42F6D3A7EB0A03574579
S214018D3038BF00231D440B9E8BE50822A3E60222C2
S214018D40A1E600BF0FB41FB506AA52F8043B02A95C
S214018D500392009204484FF0FF32FFF76DFD05B015
S214018D605DF804EB04B07047878703001FB5034620
S214018D7000914FF0FF3203A90248FFF75DFD05B0F1
S214018D805DF804FB878703001FB5CDE90201009358
S214018D9002A9134603484FF0FF32FFF74DFD05B019
S214018DA05DF804FB8F8703001FB5094B094A186855
S214018DB0094B01A91860094B1360094A0192094A37
S214018DC01268CDE902231BF0B8FC05B05DF804FB80
S214018DD024650020E4370020E837002018650020CD
S214018DE0217A0400CC4A0020014B18681BF0B9BC5C
S214018DF02465002038B5F2F767F80446064D2B685F
S214018E00D3F8B002F2F754F828681BF0BDFC2046F0
S214018E10BDE83840F2F74CB82465002010B51F4C69
S214018E20F0F7ACFB236F012023F0070343F00203A6
S214018E302367F0F7B1FBD4F82031002023F00703B5
S214018E4043F00103C4F82031D4F8403123F0030382
S214018E5043F00103C4F84031D4F8603123F0030332
S214018E6043F00103C4F86031D4F8403223F0030321
S214018E7043F00103C4F84032D4F8003223F007036C
S214018E8043F00103C4F80032D4F8083223F0070394
S214018E9043F00103C4F8083210BD00BF0080005043
S214018EA0064B1B681A7A022A01D81AB97047032A98
S214018EB000D070471B68024A13607047286500207F
S214018EC0CC4A00200022024B5A60DA601A607047D2
S214018ED0D04A002008B501F037FF0022014B1A7076
S214018EE008BD00BF1F5F00200A4601491FF0B9BC3C
S214018EF081A304000A4601491FF0B3BC7CA3040009
S214018F000A4601491FF0ADBC75A304000A46014993
S214018F101FF0A7BC72A304000A4601491FF0A1BCBA
S214018F206FA304000A4601491FF09BBC6AA3040014
S214018F300A4601491FF095BC65A304000A4601498B
S214018F401FF08FBC60A304000A4601491FF089BCCC
S214018F5059A3040081F0004102E000BF83F0004302
S214018F6030B54FEA41044FEA430594EA050F08BFBE
S214018F7090EA020F1FBF54EA000C55EA020C7FEA82
S214018F80645C7FEA655C00F0E2804FEA5454D4EBFF
S214018F905555B8BF6D420CDD2C4480EA020281EAC9
S214018FA0030382EA000083EA010180EA020281EA01
S214018FB00303362D88BF30BD11F0004F4FEA013153
S214018FC04FF4801C4CEA113102D0404261EB410162
S214018FD013F0004F4FEA03334CEA133302D05242E8
S214018FE063EB430394EA050F00F0A780A4F10104A4
S214018FF0D5F1200E0DDB02FA0EFC22FA05F28018DE
S21401900041F1000103FA0EF2801843FA05F35941C3
S2140190100EE0A5F120050EF1200E012A03FA0EFC42
S21401902028BF4CF0020C43FA05F3C01851EBE3716C
S21401903001F0004507D54FF0000EDCF1000C7EEB89
S21401904000006EEB0101B1F5801F1BD3B1F5001FC7
S2140190500CD349085FEA30004FEA3C0C04F10104E6
S2140190604FEA445212F5800F80F09A80BCF1004F0F
S21401907008BF5FEA500C50F1000041EB045141EA91
S214019080050130BD5FEA4C0C404141EB0101013C5A
S21401909028BFB1F5801FE9D291F0000F04BF014649
S2140190A00020B1FA81F308BF2033A3F10B03B3F11B
S2140190B020020CDA0C3208DD02F1140CC2F10C02AB
S2140190C001FA0CF021FA02F10CE002F11402D8BF09
S2140190D0C2F1200C01FA02F120FA0CFCDCBF41EAD5
S2140190E00C019040E41AA2BF01EB0451294330BDA4
S2140190F06FEA04041F3C1CDA0C340EDC04F1140481
S214019100C4F1200220FA04F001FA02F340EA030057
S21401911021FA04F345EA030130BDC4F10C04C4F19D
S214019120200220FA02F001FA04F340EA030029467D
S21401913030BD21FA04F0294630BD94F0000F83F4C7
S214019140801306BF81F480110134013D4EE77FEAAA
S214019150645C18BF7FEA655C29D094EA050F08BFF6
S21401916090EA020F05D054EA000C04BF19461046D7
S21401917030BD91EA030F1EBF0021002030BD5FEA1B
S214019180545C05D14000494128BF41F0004130BD43
S21401919014F580043CBF01F5801130BD01F0004597
S2140191A045F0FE4141F470014FF0000030BD7FEA0A
S2140191B0645C1ABF194610467FEA655C1CBF0B4605
S2140191C0024650EA013406BF52EA033591EA030F1C
S2140191D041F4002130BD00BF90F0000F04BF002114
S2140191E0704730B54FF4806404F132044FF0000547
S2140191F04FF0000150E700BF90F0000F04BF0021C0
S214019200704730B54FF4806404F1320410F0004525
S21401921048BF40424FF000013EE700BF42004FEA20
S214019220E2014FEA31014FEA02701FBF12F07F439D
S21401923093F07F4F81F06051704732F07F4208BF54
S214019240704793F07F4F04BF41F40021704730B55B
S2140192504FF4607401F0004521F000411CE700BFA7
S21401926050EA010208BF704730B54FF000050AE02A
S21401927050EA010208BF704730B511F0004502D52B
S214019280404261EB41014FF4806404F132045FEA2D
S214019290915C3FF4D8AE4FF003025FEADC0C18BFD6
S2140192A003325FEADC0C18BF033202EBDC02C2F1C8
S2140192B0200300FA03FC20FA02F001FA03FE40EA5A
S2140192C00E0021FA02F11444BDE600BF70B54FF05E
S2140192D0FF0C4CF4E06C1CEA11541DBF1CEA13553C
S2140192E094EA0C0F95EA0C0F00F0DEF82C4481EAA4
S2140192F0030621EA4C5123EA4C5350EA013518BFC4
S21401930052EA033541F4801143F4801338D0A0FBB0
S21401931002CE4FF00005E1FB02E506F00042E0FB5D
S21401932003E54FF00006E1FB03569CF0000F18BF63
S2140193304EF0010EA4F1FF04B6F5007F64F540740B
S21401934004D25FEA4E0E6D4146EB060642EAC6219E
S21401935041EA55514FEAC52040EA5E504FEACE2E0B
S214019360B4F1FD0C88BFBCF5E06F1ED8BEF1004F0E
S21401937008BF5FEA500E50F1000041EB045170BD8A
S21401938006F0004646EA010140EA020081EA0301CE
S214019390B4EB5C04C2BFD4EB0C0541EA045170BDCA
S2140193A041F480114FF0000E013C00F3AB8014F144
S2140193B0360FDEBF002001F0004170BDC4F100048D
S2140193C0203C35DA0C341BDC04F11404C4F120050E
S2140193D000FA05F320FA04F001FA05F240EA020069
S2140193E001F0004221F0004110EBD37021FA04F69F
S2140193F042EB06015EEA430E08BF20EAD37070BD59
S214019400C4F10C04C4F1200500FA04F320FA05F0B7
S21401941001FA04F240EA020001F0004110EBD370B9
S21401942041F100015EEA430E08BF20EAD37070BD29
S214019430C4F1200500FA05F24EEA020E20FA04F302
S21401944001FA05F243EA020321FA04F001F00041B1
S21401945021FA04F220EA020000EBD3705EEA430E22
S21401946008BF20EAD37070BD94F0000F0FD101F051
S2140194700046400041EB010111F4801F08BF013C8A
S214019480F7D041EA060195F0000F18BF704703F0C8
S2140194900046520043EB030313F4801F08BF013D4F
S2140194A0F7D043EA0603704794EA0C0F0CEA13550B
S2140194B018BF95EA0C0F0CD050EA410618BF52EAC5
S2140194C04306D1D181EA030101F000414FF00000CB
S2140194D070BD50EA410606BF1046194652EA4306D9
S2140194E019D094EA0C0F02D150EA013613D195EA4D
S2140194F00C0F05D152EA03361CBF104619460AD195
S21401950081EA030101F0004141F0FE4141F470019E
S2140195104FF0000070BD41F0FE4141F4780170BD8E
S21401952070B54FF0FF0C4CF4E06C1CEA11541DBFF3
S2140195301CEA135594EA0C0F95EA0C0F00F0A7F8F5
S214019540A4EB050481EA030E52EA03354FEA013122
S21401955000F088804FEA03334FF0805545EA131335
S21401956043EA12634FEA022245EA111545EA1065FD
S2140195704FEA00260EF000419D4208BF964244F194
S214019580FD0404F5407402D25B084FEA3202B61AB3
S21401959065EB03055B084FEA32024FF480104FF487
S2140195A0002CB6EB020E75EB030E22BFB61A7546FB
S2140195B040EA0C005B084FEA3202B6EB020E75EB8E
S2140195C0030E22BFB61A754640EA5C005B084FEAF6
S2140195D03202B6EB020E75EB030E22BFB61A7546C3
S2140195E040EA9C005B084FEA3202B6EB020E75EBCE
S2140195F0030E22BFB61A754640EADC0055EA060E8F
S21401960018D04FEA051545EA16754FEA06164FEAD1
S214019610C30343EA52734FEAC2025FEA1C1CC0D17D
S21401962011F4801F0BD141EA00014FF000004FF00A
S214019630004CB6E711F4801F04BF01430020B4F1CB
S214019640FD0C88BFBCF5E06F3FF6AFAEB5EB030C83
S21401965004BFB6EB020C5FEA500C50F1000041EB80
S214019660045170BD0EF0004E4EEA113114EB5C044D
S214019670C2BFD4EB0C0541EA045170BD41F4801120
S2140196804FF0000E013C90E645EA060E8DE60CEA28
S214019690135594EA0C0F08BF95EA0C0F3FF43BAF45
S2140196A094EA0C0F0AD150EA01347FF434AF95EAFC
S2140196B00C0F7FF425AF104619462CE795EA0C0FE0
S2140196C006D152EA03353FF4FDAE1046194622E7AD
S2140196D050EA410618BF52EA43067FF4C5AE50EA87
S2140196E041047FF40DAF52EA43057FF4EBAE12E777
S2140196F04FF0FF3C06E000BF4FF0010C02E000BF58
S2140197004FF0010C4DF804CD4FEA410C7FEA6C5C3A
S2140197104FEA430C18BF7FEA6C5C1BD001B050EADD
S214019720410C0CBF52EA430C91EA030F02BF90EAC8
S214019730020F0020704710F1000F91EA030F58BF87
S214019740994208BF90422CBFD8176FEAE37040F0E9
S214019750010070474FEA410C7FEA6C5C02D150EA87
S214019760013C07D14FEA430C7FEA6C5CD6D152EA42
S214019770033CD3D05DF8040B704700BF8446104607
S21401978062468C461946634600E000BF01B5FFF706
S214019790B7FF002848BF10F1000F01BD4DF808EDD6
S2140197A0FFF7F4FF0CBF012000205DF808FB00BFA7
S2140197B04DF808EDFFF7EAFF34BF012000205DF801
S2140197C008FB00BF4DF808EDFFF7E0FF94BF01204E
S2140197D000205DF808FB00BF4DF808EDFFF7CEFF4F
S2140197E094BF012000205DF808FB00BF4DF808ED8E
S2140197F0FFF7C4FF34BF012000205DF808FB00BF5F
S2140198004FEA410212F5001215D211D56FF47873A2
S214019810B3EB625212D94FEAC12343F0004343EA45
S214019820505311F0004F23FA02F018BF4042704720
S2140198304FF00000704750EA013005D111F00040AA
S21401984008BF6FF0004070474FF00000704700BF40
S2140198504A0011D212F5001211D20DD56FF47873A9
S214019860B3EB62520ED44FEAC12343F0004343EAFE
S214019870505323FA02F070474FF00000704750EA49
S214019880013002D14FF0FF3070474FF000007047B3
S21401989053B94AB9002908BF00281CBF4FF0FF3151
S2140198A04FF0FF3000F08CB9ADF1080C6DE904CE35
S2140198B000F006F8DDF804E0DDE9022304B07047A5
S2140198C02DE9F04F099D0E4604460F46002B47D161
S2140198D08A429446B2FA82F35AD943B102FA03FC99
S2140198E0C3F120029F409C4020FA02F217434FEA40
S2140198F01C461FFA8CFE220CB7FBF6F106FB11770D
S21401990001FB0EF042EA0742904208D91CEB020224
S21401991001F1FF3702D2904200F23C813946121A19
S214019920A4B2B2FBF6F006FB102200FB0EFE44EAE0
S2140199300244A64508D91CEB040400F1FF3202D20A
S214019940A64500F22A81104640EA0140A4EB0E0427
S21401995000211DB1DC400023C5E90043BDE8F08FBE
S2140199608B4205D90DB1C5E9000100210846F5E78E
S214019970B3FA83F100294FD1B342C0F0028182428B
S21401998040F2FF800846002DE8D0C5E90047E5E72C
S214019990002B40F0AF808A1A4FEA1C4E1FFA8CF754
S2140199A00121B2FBFEF60EFB1620220C42EA004213
S2140199B007FB06F090420FD91CEB020206F1FF38B6
S2140199C02CBF4FF001094FF00009904203D9B9F1BD
S2140199D0000F00F0DC804646121AA4B2B2FBFEF07D
S2140199E00EFB102200FB07F744EA0244A7420FD9F8
S2140199F01CEB040400F1FF322CBF4FF0010E4FF0B8
S214019A00000EA74203D9BEF1000F00F0C980104630
S214019A10E41B40EA06409CE7C1F120048B4006FAAD
S214019A2001FC00FA01FE22FA04F7E6408A401F43D1
S214019A3020FA04F34FEA174843EA0C031FFA87FC9F
S214019A404FEA1349B6FBF8F008FB106649EA0646EA
S214019A5000FB0CF9B1450ED9BE1900F1FF3A2CBF37
S214019A604FF0010B4FF0000BB14503D9BBF1000FCE
S214019A7000F0A2805046A6EB09061FFA83F9B6FB52
S214019A80F8F308FB136603FB0CFC49EA0646B445EB
S214019A900ED9BE1903F1FF382CBF4FF001094FF064
S214019AA00009B44503D9B9F1000F00F0828043469E
S214019AB043EA0040A6EB0C06A0FB028C6645434633
S214019AC0E14602D307D1C64505D2B8EB02036CEBDB
S214019AD0070C0138E1465DB1BEEB030266EB0906F1
S214019AE006FA04F422FA01F3CE401C43C5E9004607
S214019AF0002133E702FA03FCC3F1200299409C409F
S214019B00D6404FEA1C4E20FA02F21FFA8CF7B6FB3B
S214019B10FEF00A430EFB1066110C41EA064100FBFB
S214019B2007F68E420ED91CEB010100F1FF382CBF5F
S214019B304FF001094FF000098E4202D9B9F1000F2A
S214019B4034D04046891B92B2B1FBFEF60EFB1611CD
S214019B5042EA014206FB07F191420ED91CEB0202D2
S214019B6006F1FF382CBF4FF001094FF00009914272
S214019B7002D9B9F1000F16D04646521A46EA0041FC
S214019B800FE7841A66EB030201201746FBE6023E46
S214019B90624421E702396244C1E664440238D3E6EE
S214019BA06444023834E7023E6244E6E70238614420
S214019BB0C8E7023B3E447BE702383E445BE700BF12
S214019BC0704700BF2DE9F04F924685B089461E4684
S214019BD00D46554A0390294615F8014B135D13F0BF
S214019BE00803F8D12D2C7CD02B2C4ED04FF0FF3112
S214019BF002936FF00043CDE9001336F0100851D000
S214019C0037464FEAE6783A464346DDE90001FFF774
S214019C103FFE002383468E4618461946A44613E0A7
S214019C20ACF13704A6421FDD002B09DB83457EEB32
S214019C30010305D38E4508BF83453BD1A24239DADD
S214019C404FF0FF3315F801CBACF13004092CE9D9FC
S214019C50ACF14104192CE3D9ACF16104192C03D8F9
S214019C60ACF15704A642DFDC5A1C2FD0029A12B17F
S214019C70404261EB4101BAF1000F03D0002B48D1FD
S214019C80CAF8009005B0BDE8F08F4FF0FF300293A0
S214019C9036F010086FF000432C7801F10205CDE98B
S214019CA00003ADD1302C25D0002E3AD10A27B0467C
S214019CB03E46A8E700FB08F307FB0133A0FB0701BC
S214019CC00B44201843EBE4710123BBE72223039ADC
S214019CD01360BAF1000F17D005F1FF39DDE9000175
S214019CE0CEE74FF00047009301232C788D1CCDE979
S214019CF0017382E72B7803F0DF03582B0CD086B96B
S214019D000827B0463E467EE7DDE9000105B0BDE81E
S214019D10F08FCDE90001DFE710276C7802353E466B
S214019D2071E710273E466EE789A304004AE700BFA5
S214019D3010B4044C13460A46014620685DF8044BED
S214019D4040E700BF5865002010B4044C13460A468D
S214019D50014620685DF8044B34E700BF58650020D3
S214019D6020F0030110F00300C0F1000051F8043B9D
S214019D7000F1040C4FEACC0C6FF000021CBF22FA73
S214019D800CF213434FF0010C4CEA0C2C4CEA0C4C31
S214019D90A3EB0C0222EA030212EACC1204BF51F82A
S214019DA0043B0430F4D0C2F1000102EA0102B2FA27
S214019DB082F2C2F11F0200EBD20070472DE9F04794
S214019DC080460C464548264614F801EB10F80EC0AE
S214019DD01CF0080CF7D1BEF12D0F5BD0BEF12B0F96
S214019DE03AD0654633F010003ED04FF0FF379A4622
S214019DF0B7FBF3F703FB07F96FEA090900263046BC
S214019E000EE0AEF1370C63451DDD002E04DBB842D3
S214019E1002D833D1CC4531DD4FF0FF3614F801EBD3
S214019E20AEF1300CBCF1090FEDD9AEF1410CBCF12D
S214019E30190FE6D9AEF1610CBCF1190F03D8AEF1DA
S214019E40570C6345E1DC731C1CD005B140420AB1D6
S214019E50F6B91160BDE8F08733F0100094F800E021
S214019E60654606F10204C0D1BEF1300F17D06BBBB8
S214019E700A234FF005091A4F9A46BFE700FB0AC0AE
S214019E800126CBE722233046C8F80030002AE1D06D
S214019E90611EDEE794F800E00125B41CA2E72078F5
S214019EA000F0DF00582807D083B908234FF00709D0
S214019EB06FF060479A46A1E7102394F801E04FF04F
S214019EC00F0902346FF070479A4697E710234FF058
S214019ED00F096FF070479A4690E700BF89A3040008
S214019EE0999999196AE700BF10B4044C13460A46BB
S214019EF0014620685DF8044B60E700BF5865002006
S214019F0010B4044C13460A46014620685DF8044B1B
S214019F1054E700BF586500200F4B70B50F4DAB429C
S214019F20A3EB050607D0B6100024013455F8043B10
S214019F309847A642F9D80A4D24F0A2F9094B5E1BB0
S214019F40AB424FEAA60606D00024013455F8043B7E
S214019F509847A642F9D870BD3069002030690020C4
S214019F60306900203469002070B5860747D0541E3A
S214019F70002A3ED0CAB2034601E0013C39D303F8B9
S214019F80012B9D07F9D1032C2CD9CDB20F2C05EB53
S214019F90052505EB054535D9A4F1100C03F1100E86
S214019FA01A462CF00F064FEA1C1CB644C2E90055AF
S214019FB0C2E9025510327245F8D10CF1010214F0D3
S214019FC00C0F04F00F0C03EB021213D0ACF10403D8
S214019FD023F003030433134442F8045B9342FBD19A
S214019FE00CF003042CB1C9B21C4403F8011BA342B4
S214019FF0FBD170BD64461346002CF4D1F9E7034645
S21401A0001446C0E71A46A446E0E700BF88420ED9C8
S21401A0108B1883420BD900EB020C002A6ED06246E5
S21401A02013F801CD994202F801CDF9D170470F2AF4
S21401A0300FD8034602F1FF3C002A5FD00CF1010C59
S21401A040013B8C4411F8012B614503F8012FF9D12E
S21401A050704740EA01039B0751D1A2F1100301F1B9
S21401A060200C70B523F00F0501F1100E00F110045D
S21401A0701B09AC445EF8105C0EF1100E103444F867
S21401A080205C5EF81C5C44F81C5C5EF8185C44F8C6
S21401A090185C5EF8145CE64544F8145CEAD10133BA
S21401A0A012F00C0F02F00F0C01EB031100EB03137F
S21401A0B029D0ACF1040C1C1F8E462CF003064FEA87
S21401A0C09C0C1E445EF8045B44F8045FB442F9D16C
S21401A0D00CF1010402F0030203EB840301EB84019B
S21401A0E002F1FF3C4AB10CF1010C013B8C4411F822
S21401A0F0012B614503F8012FF9D170BD704702F1BC
S21401A100FF3C03469AE76246EAE700BF2DE9F04FB7
S21401A11082468E463F4875461EF801BB10F80B4036
S21401A12014F00804F7D1BBF12D0F5BD0BBF12B0F58
S21401A1306FF0004904BF9EF800B005F1020E33F03F
S21401A140100010D1BBF1300F04D0002B5ED10A23D2
S21401A1501F4609E09EF8000000F0DF0058284ED0A8
S21401A160002B53D108231F460025B9FBF7F62846D6
S21401A17007FB16980EE0ABF1370C63451DDD002D8D
S21401A18004DB864202D321D1E0451FDA4FF0FF35CA
S21401A1901EF801BBABF1300CBCF1090FEDD9ABF1E8
S21401A1A0410CBCF1190FE6D9ABF1610CBCF1190FEA
S21401A1B003D8ABF1570C6345E1DC6B1C0AD004B144
S21401A1C040420AB1CDB91160BDE8F08F07FB00C06F
S21401A1D00125DDE72223CAF800305AB10EF1FF311E
S21401A1E04846F0E79EF800B04FF0004905F1020E30
S21401A1F00124A4E74846BDE8F08F8146EEE7102328
S21401A2009EF801B00EF1020E1F46ADE710231F4661
S21401A210AAE700BF89A30400242B02D8012B00D093
S21401A22074E710B500F02EFA16230360002010BD67
S21401A23010B5242A084C1346246807D8012A05D0ED
S21401A2400A4601462046BDE810405FE700F01AFACC
S21401A25016230360002010BD5865002010B5242A7F
S21401A260084C1346246807D8012A05D00A46014639
S21401A2702046BDE8104049E700F004FA16230360C3
S21401A280002010BD58650020844641EA000313F003
S21401A290030349D1403A23D30B6803604B684360FC
S21401A2A08B688360CB68C3600B6903614B6943614C
S21401A2B08B698361CB69C3610B6A03624B6A436234
S21401A2C08B6A8362CB6AC3620B6B03634B6B43631C
S21401A2D08B6B8363CB6BC36340304031403ADBD238
S21401A2E030320BD30B6803604B6843608B68836026
S21401A2F0CB68C36010301031103AF3D20C3205D35C
S21401A30051F8043B40F8043B043AF9D2043208D031
S21401A310D2071CBF11F8013B00F8013B01D30B88A3
S21401A32003806046704700BF082A13D38B07B1D05D
S21401A33010F00303AED0C3F10403D21ADB071CBF2F
S21401A34011F8013B00F8013BA4D331F8023B20F899
S21401A350023B9FE7043AD9D3013A11F8013B00F8D2
S21401A360013BF9D20B7803704B7843708B7883707E
S21401A37060467047024B014618681AF0C4BF00BF1A
S21401A38058650020024B014618681AF0BFBF00BF8F
S21401A39058650020CAB384460B4630B504460843C8
S21401A3A0800719D09CF800000C78A04212D150B357
S21401A3B0012A28D0E64603E01CEB030F23D010B396
S21401A3C01EF8010F11F8014FA2EB0E03A04203F194
S21401A3D0FF33F1D0001B30BD032A07D8E2E7043A69
S21401A3E011D01EF0803F0ED1032A10D920681946DD
S21401A3F053F8045BA446A0F1013E0434A8422EEAB9
S21401A400000EECD0CEE7002030BD10467047A446C3
S21401A4101946C7E780EA010C1CF0030F37D110F08C
S21401A420030C20F0030021F0030150F8042B08BFB1
S21401A43051F8043B0ED08CF0030C6FF07F434FEACB
S21401A440CC0C23FA0CFC51F8043B42EA0C0243EA1A
S21401A4500C0300BFA2F1013C9A4201BF2CEA020C98
S21401A4601CF0803F50F8042B51F8043BF2D04FEA21
S21401A47002604FEA1222012828BFB0EB036F08BF23
S21401A4801B0AF4D003F0FF03000EC01A704710F049
S21401A490030F0AD010F8012B11F8013B012A28BF3F
S21401A4A09A42F4D0A2EB030070474DF8045D50F8D1
S21401A4B0042B01F0030521F0030151F8043B022DA2
S21401A4C026D04DD822F07F45B5EB132FA2F1013CE3
S21401A4D02CEA020C0DD11CF0803C08BF51F8043B5D
S21401A4E00AD185EA0205B5EB036F0CD150F8042BAF
S21401A4F0E8E74FEA13235BE03CF07F4C54D10B783E
S21401A5004FEA126554E04FEA126503F0FF034FE08D
S21401A5104FEA0245A2F1013C4FEA15452CEA020C2E
S21401A520B5EB134F18D11CF0803C08BF51F8043B23
S21401A53007D185EA0205B5EB034F09D150F8042B84
S21401A540E6E75FEA0C4C2FD10B884FEA12452FE065
S21401A5504FEA03434FEA12454FEA134328E000BF90
S21401A56002F0FF05B5EB136FA2F1013C2CEA020CD9
S21401A5700DD11CF0803C08BF51F8043B0AD185EA96
S21401A5800205B5EB032F0AD150F8042BE8E74FEA92
S21401A59013630DE012F0FF0F06D051F8043B4FEAAB
S21401A5A0122523F07F4303E04FF0000020BC7047E4
S21401A5B005F0FF0203F0FF00012828BF904204BF08
S21401A5C02D0A1B0AF4D0A2EB000020BC704700BF86
S21401A5D008B5064B044613B1002100F0AFF8044B52
S21401A5E01B6803B19847204619F062F93DA70100A0
S21401A5F0184C0020002301461A46184600F048B8B9
S21401A600032A30B415D941EA000484460B46A40750
S21401A61004D0541E0FE0043A032A08D919466046AE
S21401A62053F8044B5CF8045BA542F4D0F1E76046AE
S21401A6301946541E7AB1431E0139021901E09A42A5
S21401A64009D013F8010F11F801CF6045F7D0A0EB40
S21401A6500C0030BC7047002030BC704738B5074D41
S21401A660074C2C1BA41005D0013C55F8043D984717
S21401A670002CF9D1BDE8384023F008BE3869002027
S21401A68034690020014B1868704700BF58650020E8
S21401A690F0B5264C83B006460F46256805B36C68B0
S21401A6A01F2C3FDCA6B1D5F8880048B3D0F80011BE
S21401A6B04FF0010C40F82420022E00EB84020CFA25
S21401A6C004FC4CEA0101C0F80011C2F8803010D039
S21401A6D0631C002002346B6045F8247003B0F0BDA3
S21401A6E013491448216010B10068C1F88800104D64
S21401A6F0D5E7D0F8043143EA0C03C0F80431E7E7A4
S21401A7000D49CDE9002369B14FF48470FFF732FE9D
S21401A71040B100216C68C0E94011DDE90023C5F8AD
S21401A7208800C5E74FF0FF30D8E700BFA84C0020EF
S21401A7301C4C00200000000075A301002DE9F04F1D
S21401A740DFF8B49083B0D9F8006096B388460190DC
S21401A7507568D6F888706C1E2BD4013507F1800B0E
S21401A76006EB8505B8F1000F26D173682A68013B10
S21401A770A3423BD000232B60BAB1D6F804A05FB346
S21401A7800123D7F80011A3400B4225D0D7F80401C6
S21401A79057F8241003422BD1019890477368D9F8D3
S21401A7A0002053451ED1B2421CD1013C043D631C1E
S21401A7B0D8D103B0BDE8F08F4FB15BF824304345E4
S21401A7C0D3D0013C043D621CF3D0002FF5D1013CEF
S21401A7D0EFD3013CFBD2ECE790477368D9F8002031
S21401A7E05345E0D0002AE4D01646B1E77460C3E7CB
S21401A7F008469047D2E700BFA84C0020431E03330B
S21401A80006D8044B984228BF1846642838BF6420EF
S21401A810704700BF40420F0038B5194B05461B680C
S21401A8200C4603B1984744B1236833B11B68013322
S21401A83003D0E3680BB1A3684BB91EF0CEFC002031
S21401A8404FF4C172412100F0FFF9212038BD2046A6
S21401A85002F04AFC00230B4A85F83C31C5E9374330
S21401A860C2E9003363694BB1074A422110684FF4CD
S21401A870D272C31A5842584100F0E6F90020E5E7C3
S21401A880184F0020E06100207C4F0020F8B50446F8
S21401A89023F0E5F9002607460E4B1B6893B19E6828
S21401A8A0AEB196F82420D20711D435460FCC0FC589
S21401A8B00FCC0FC523682B6096F8243043F00103B4
S21401A8C086F82430384623F0C5F93046F8BD1B68B3
S21401A8D0E4E700BFAC65002010B5044618B9054B87
S21401A8E0054A136010BD00F0D9FCD4F8E830002BFF
S21401A8F0F6D1F4E785890300A8650020014B1868A6
S21401A900704700BFE061002008B502460868FFF7FF
S21401A91075FF08604868FFF771FF48608868FFF7B1
S21401A9206DFF8860C868FFF769FF0B69C860581C2F
S21401A93003D00B48834228BF03460B614B69581C62
S21401A94003D00748834228BF034688694B61FFF757
S21401A95055FFBDE808408861104601F07BBC00BF8A
S21401A96040420F00D0F8E0302DE9F04105460C4694
S21401A97013B1C38D8B424CD0D5F8DC30002B4BD0B5
S21401A9809E68002E48D0D868002845D0013800B20D
S21401A99000281ADB002106E0128A591CA24217D2AF
S21401A9A009B2884211DB0B1803EBD3735B1003EB80
S21401A9B0C30206EB8202B2F80EC003F1FF3EA445C5
S21401A9C0EAD90FFA8EF08842EDDA2120BDE8F0814F
S21401A9D04FF6FF7299B29142F7D09BB203EBC303D5
S21401A9E006EB83062846B6F9122095F83011D5F8FD
S21401A9F0F080EFF755F80746B8F1000F04D00023B2
S21401AA00324628461946C047EC85C5F8E06085F809
S21401AA1039710020BDE8F0810E20BDE8F08100BF4D
S21401AA202DE9F04782B004460F46164601F086FE31
S21401AA30002863D14F4D2B68D4F8DCA0D4F8E08011
S21401AA400BB1534576D04FF00009AF6001F09EFE82
S21401AA500128074665D120461EF0FEFA002851D18E
S21401AA602B68DAF80010D8F8002013B1186888426D
S21401AA706BD020461EF0A2FAC5E900A8D4F8F05023
S21401AA808DF80760002D67D00022204611460DF193
S21401AA900703A847204600F0EDFF0546B9F1000F71
S21401AAA00FD076B9D4F88C300BBB012F05D025B169
S21401AAB0314B002103205B689847284602B0BDE869
S21401AAC0F087B5FA85F040F207523321400900F0CD
S21401AAD0BBF83146204601F00BFA284B05461B68A9
S21401AAE0414620469847D4F88C30002BDDD0002212
S21401AAF04FF40073204600F0E1FBD6E700231D4D1E
S21401AB006B6098E794F82530DA07A9D5D4F8943025
S21401AB105B05A5D51A4B0122002120461B689847E4
S21401AB209EE70021012000F001FC01F02FFE012824
S21401AB30FBD190E76B68002B85D0434583D1AB688A
S21401AB409F4215D04FF001097FE7696811B1096886
S21401AB50914291D059688CE794F82A1094F83931CB
S21401AB603246994228BF1946204600F0D1FE91E7A9
S21401AB700025A2E7E0610020B4650020A86500205A
S21401AB801C4F0020F8B50F46054623F068F83946F5
S21401AB9006462846FFF7E6FE044620B1304623F077
S21401ABA059F82046F8BD01F0A7FD22463946284649
S21401ABB0FFF736FF04460028F0D128461EF04CFA6F
S21401ABC00028EBD095F8253013F001030DD0D5F809
S21401ABD0942052050DD5B5F82A21BA4205D0B5F80C
S21401ABE02C31DB1BB3FA83F35B09034A82F8C430CA
S21401ABF0D4E72346F9E700BF001E00B013B50446AC
S21401AC0069461DF0EDFF20461EF031F9FF28024689
S21401AC1006D020469DF80010EEF7C0FF02B010BD2A
S21401AC200048FBE70080FFFF38B5044D044C054B98
S21401AC30286021601A6022F067FC38BDAC4E002007
S21401AC40B0650020B04E002010B550B90548064B3F
S21401AC500160064802601868054B18601868FFF71F
S21401AC60E3FF10BDB065002008500020B04E002064
S21401AC70AC4E00202DE9F0418AB001AC05460B46EA
S21401AC802746194A02F1200C2646106851680832F8
S21401AC9003C662453446F7D1002B08BF3B46002762
S21401ACA010681C463060384603F10C0690B95FFA0E
S21401ACB087F84246284621881EF0D1F950B9424607
S21401ACC02846E1881EF0DCF920B94246314628467E
S21401ACD01EF0E8F90137032F06F1080604F1020415
S21401ACE0E4D10AB0BDE8F081ACA40400F0B589B0A7
S21401ACF005460E461EF0E5F9044600BB01AC06F11A
S21401AD000C070FCF0FC497E8070084E8070001A9D6
S21401AD102846FFF7F9FD2846311D1EF0ACFB044618
S21401AD2048B92846074901F057FA044618B9284693
S21401AD3001F0C6FD044628463168FFF79BFF204612
S21401AD4009B0F0BDA4A4040001491DF09CBF00BFDA
S21401AD5091C8010070B5164E032804460D46337897
S21401AD601ED023FA04F202F00102AA421DD053B10A
S21401AD700122A240A54023EA02032B43DBB2337033
S21401AD804BB1012070BD2DB10A4B01201B689847BD
S21401AD903378EDE73570074B00201B689847F0E7DE
S21401ADA09A07DED003F0FC03E9E7002070BD00BF80
S21401ADB0205F0020F04E002038B504460D4605F011
S21401ADC077FD60B101F0C6FC48B9012D07D8012016
S21401ADD01EF022F90D4B1B6823B15B6898470C4B9C
S21401ADE01C7038BD23F092F80A4B1A68801A186056
S21401ADF021F004FD4FF47A72074B1B6802FB00300A
S21401AE001DF03FFF012001F0ADFCE8E7144F0020E4
S21401AE10FA680020E84E0020EC4E0020F8B5054602
S21401AE200C4622F01CFF104F06463B7833B1012D2D
S21401AE3004D01CB90D4821F033FC3C70214628464D
S21401AE40FFF788FF0A4B04461B783BB93B782BB9C2
S21401AE501EF0D6F810B1074B1B689847304622F013
S21401AE60F9FE2046F8BD00BF215F0020C44E002039
S21401AE70205F0020B4650020054A0B46117831B1E9
S21401AE8000211170034A0121526818781047704753
S21401AE90215F0020B4650020124B0239012910B54C
S21401AEA018701ED805F004FDD8B101F053FCC0B1EE
S21401AEB001F034FAA8B90C4B1C6834B123689847E2
S21401AEC0BDE8104000201EF0A7B81DF0D8FE074BC5
S21401AED0186023F01BF8064B1860204601F042FC70
S21401AEE0EEE710BDFA680020144F0020EC4E00205B
S21401AEF0E84E002038B5044680B122F0B0FE0121AC
S21401AF000446084621F070F801210B4A08461AF05B
S21401AF10CEFA2046BDE8384022F09CBE22F09FFEC5
S21401AF2005462146012021F05FF801202146024A0C
S21401AF301AF0BDFA2846EDE7057B0400F0B585B0AA
S21401AF4022F08DFE344D04462B7823B1334821F090
S21401AF50A7FB002852D121F02DFC02AA03A91EF05E
S21401AF6039F80346002838D01EF048F8029B98426C
S21401AF701CD100202A4B03991B682A4E9942307037
S21401AF8020D90027C91A012324482B70264A3346A4
S21401AF90CDE9007722F096FF002837D1234A1378AF
S21401AFA0D90701D53178F9B1204611E01EF024F811
S21401AFB0029B984228D0002318461949194A096865
S21401AFC0137003910121FFF7C5FE002320462B7065
S21401AFD022F040FE002005B0F0BD20462B7022F086
S21401AFE039FE212005B0F0BD03F0FE031370002BDF
S21401AFF0DAD10F4B1B6898472046E9E7204622F036
S21401B00029FE0E2005B0F0BD0220B3E7032320463B
S21401B0102F703370F3E700BF215F0020C44E00207D
S21401B020E44E0020F968002079AE0100205F002080
S21401B030F04E002038B522F012FE0F4D04462B7854
S21401B0409BB90E4A0E4913700E4B0F4A0F481A60F1
S21401B0500F4A5A60F0F7CEF90E490F48F0F7CAF9D1
S21401B0600E4B0F4A1A6001232B70F0F7CDFA2046DB
S21401B07022F0F0FD002038BD225F0020215F002075
S21401B080D0A40400B46500203DAF0100B44E0020FA
S21401B0901DAE0100D8A40400BC4E0020F04E0020D6
S21401B0A0F5AE01002DE9F0438F7880460F2F0C4650
S21401B0B085B003D9212005B0BDE8F08327B9012367
S21401B0C0374A00201370F6E70D784E78EDB9002E5A
S21401B0D0F0D194F90310E08803F00AF82128E9D0AA
S21401B0E055EA0603A088DFF8C89013D003F064F889
S21401B0F04FF60403B9F8002001469A424BD1AE42FE
S21401B100334638BF2B4600262DE0082DD2D8082E10
S21401B110D0D8DEE703F050F84FF6040501464FF6A7
S21401B1200500204A136E9BB2AB4208BF0346B1F539
S21401B130803FA9F800300FD9022308251366802323
S21401B1400126C2F880302B4649084FF6FF720139B6
S21401B150914228BF114608E080230126082516667D
S21401B160C2F880302B460029EFD10022029201223C
S21401B170013FFFB2009201972A4608F1F80002F05B
S21401B180B7FE1EB14FF48012074B5A65074BA268F3
S21401B1901A60022394E703480266A9F80030AEE776
S21401B1A0235F002000C001B800D001B8FC4E00208B
S21401B1B07C68002010B50446D0F818210B4B4FF4DC
S21401B1C00061C3F8A82090F82420D20102F400629E
S21401B1D005F0D2FA94F8243013F0100F4FF40073F0
S21401B1E014BF034A034A136710BD00BF001E00B018
S21401B1F0001002B8002002B8431C07D06FF0FF020F
S21401B200034B10401A62A3F580531862704700BFC3
S21401B21000E000B8F8B504460F46164622F01FFDBA
S21401B2200546A047044620B1284622F013FD2046D5
S21401B230F8BD04F07FFC04220549D1F8D83E23EA84
S21401B24007033343C1F8D83E024B1A67ECE700BF49
S21401B250001000B0002002B800F01803182B0AD026
S21401B26003070AD440F2011310F0100018BF184665
S21401B270034B186570470020FAE70120F8E700BF86
S21401B280001F00B0044B1868830654BFC0F30F209C
S21401B2904FF6FF70704700BFE44F002038B10368D7
S21401B2A0044A002B08BF1346034A13607047014B3C
S21401B2B0FAE700BFCD8C0300C065002010B4D0E9CA
S21401B2C0544122400B4052EA030104D003495DF881
S21401B2D0044B096808475DF8044B7047C0650020B9
S21401B2E00F2938B505460C460ED801F04FFA01284D
S21401B2F00CD1074A2846D36B23F00F032343D363AD
S21401B3001DF0EEFE002038BD2120FCE70220FAE702
S21401B310001F00B0014B186C704700BF001F00B043
S21401B320014B002019647047001F00B003282DE967
S21401B330F347884655D82C4B13F800902B4B1E5CD0
S21401B3402B4B13F800A022F08AFC074604F03EFBC4
S21401B350054640B100230022CDE900330120002339
S21401B360002104F079F904F039FB48B100230022EA
S21401B370CDE90033002000234FF4004104F06CF9BE
S21401B3806EB31C4BDC6C04F008041B4B3146DC64CA
S21401B390484604F02DFC52463146484604F092FCDD
S21401B3A0164BDC646DB1164B1868D0F89410F83063
S21401B3B003F06EFA13490868FFF71EFF4FF0FF33DC
S21401B3C00B60B8F1000F04D00F4B002103205B681F
S21401B3D09847384602B0BDE8F04722F03BBC3446F9
S21401B3E0D3E702B0BDE8F087E8A40400E4A40400B3
S21401B3F0E0A40400004000B8006000B8005000B8A7
S21401B40008500020BC650020B46500200F4A136F69
S21401B41013F0A00F15D1506F10F0040013D10C4B90
S21401B420D3F8D83E23F07F4323F0FF035BB1D36804
S21401B430C3F30362092A07D0B2F10C0018BF01203A
S21401B4407047002070470120704700BF000002B817
S21401B450001000B070B50D46064620B91A4B1B68A1
S21401B460A3B10E2011E001F091F9012829D1174B63
S21401B47093F90040C4F11C04641BC4F11C03002BA7
S21401B480B8BF5B42232B0CDD212070BD81EAE1733E
S21401B490A3EBE173DBB2232BF6D80C4B197000201B
S21401B4A0F3E786F8285022F0DAFB094AE402D3696A
S21401B4B004F4FF2423F4FF231C43D46122F0CAFBC7
S21401B4C0EDE70220E1E700BF08500020245F0020DE
S21401B4D000C000B818B9034B93F90000704790F903
S21401B4E028007047245F002010B504461DF0B4FD07
S21401B4F010B1012001F0D4F92046FFF75BFE22F0DF
S21401B500AEFB0A4A0121D2F8A030044623F02003FC
S21401B510C2F8A0300222064B08469A60054B5B68CB
S21401B5209847204622F096FB002010BD001E00B072
S21401B530001002B8B4650020064B5A6A920207D47E
S21401B540D3F8803013F4706F14BF012000207047C9
S21401B55001207047004001B8F8B50E46D0F8943087
S21401B56002EA010423EA01032343C0F89430464A61
S21401B57001F00B0323EA0401D1642340A2F58052B3
S21401B580D3647207054610D50121FFF7D5FF60B1D8
S21401B59004F0D0FA4FF4007314F0040F14BF3B4AC2
S21401B5A03B4A536204223B4B1A67F30606D514F056
S21401B5B0100F14BF00221B22374B5A6537061DD5C4
S21401B5C0200616D54FF40012304B1A62012203F5FD
S21401B5D08053C3F8002122F042FB0E2107460320C8
S21401B5E003F09EF840F201222B4B3846DA6222F035
S21401B5F031FB214605F1F80003F04AF9F10503D5C0
S21401B600E2052AD503F05CF8B30503D5A70527D5CF
S21401B61003F062F816F48C6F1DD014F4806224D007
S21401B62095F82530DC070CD5EA8DB5F82A3193421A
S21401B63019D0B5F82C31981A43424341174A82F87B
S21401B640C430D5F8E41028461DF041FB8022144B87
S21401B650D864144B1A610020F8BD03F02BF8D3E729
S21401B66003F034F8D6E70123E8E77105E9D595F844
S21401B6702530DB07E5D5094B114683F8C4200A4B74
S21401B68028461B689847DCE7006000B8005001B800
S21401B690006001B8002002B8004000B8001E00B0EB
S21401B6A0001F00B0000002B81C4F0020014B1868B4
S21401B6B0704700BF084F002037B522F0D0FA0024AB
S21401B6C001230022CDE90034002305461946104621
S21401B6D003F0C2FF022002F0E7FA064B21461C6087
S21401B6E0054B02205B689847284622F0B3FA2046AD
S21401B6F003B030BD104F0020B46500202DE9FF4196
S21401B70002290D4616469846039004D1FFF7D4FF4A
S21401B71004B0BDE8F08122F0A2FA1E4F04463B6851
S21401B7203BB1B34205D022F095FA002321203B60BD
S21401B730EEE7194B0022C3F800803E600023012685
S21401B7404FF0000810461946CDE9006603F084FF65
S21401B750124B022083F8008002F0A6FA43462A46DE
S21401B760022003A902F0BEFA0D4B039A1A6008B92B
S21401B7702046D8E70B4D2B689847212804D0204651
S21401B78022F068FA0020C3E731466B68022098472A
S21401B790F5E700BF104F00200C4F0020265F002069
S21401B7A0084F0020B4650020044B5B6E5B054EBF5E
S21401B7B00120034B187800F00100704700C001B863
S21401B7C0265F00200A78022A11D0101F4242424109
S21401B7D052004B781201022B0BD0191F4B424B41E2
S21401B7E05B000549054842EA8312FFF713BD0122B3
S21401B7F0EFE70123F5E700BFF0FFFF00D5C7010023
S21401B8000B78022B10D0181F434243415B004A7845
S21401B810022A0BD0111F4A424A4152000F21044806
S21401B82043EA8202FFF7F6BC0123F0E70122F5E7BF
S21401B83001C801002DE9F8430E780446042E0D4692
S21401B84090F830810BD100275FFA87F9484601F05E
S21401B8507DFD08B14E4602E00137042FF4D1304693
S21401B86001F074FD002849D094F83031B34209D173
S21401B870AA88D4F8A8309A4204D16A88B4F832313A
S21401B8809A4238D084F83061AB883046A4F8343117
S21401B8906B88A4F83231AB8804F59875C4F8A830E3
S21401B8A0FF2384F82B301DF0CCFC84F82A002846B0
S21401B8B001F078FC18BB284601F03EFDF8B9D4F833
S21401B8C0E03053B194F83011414506D02046B3F923
S21401B8D01220EEF7E5F884F83901204601F09AFEC9
S21401B8E00949A4F834010123084AD1F8FC1004F1EF
S21401B8F0F80003F0AFFC0020BDE8F88321200C23FC
S21401B90084F83031F8E700BF001F00B0581F00B0C0
S21401B910F8B5054690F830010C460C28164623D09B
S21401B920FF2923D01AB14FF0FF32114B1A601DF0D8
S21401B93088FC074695F8300101F068FD844228BF6F
S21401B9400446E4B2BC4238BF3C46E0B285F82B0060
S21401B95001F002FEFF280CBF2124002416B9284658
S21401B96001F068FD2046F8BD0224FBE72124F9E733
S21401B970C465002010B590F8303104460C2B43D036
S21401B980D0F8E03080F82A10D3B3D0F8F020CAB946
S21401B99090F839318B421BD300222046FFF7B8FFBF
S21401B9A040BB1A4B1B78022B23D8204601F032FEEF
S21401B9B017490123174AD1F8FC1004F1F80003F0E7
S21401B9C049FC16E0B0F94220B3F912309A42E3DDA1
S21401B9D00022204694F83911FFF79AFF50B9C4F8AF
S21401B9E0E00020461DF076F84FF6FF7398420146B8
S21401B9F001D1002010BD2046BDE81040FFF7C2B8B7
S21401BA00FF2380F82B30F4E70220F3E7806800205C
S21401BA10001F00B0581F00B0F0B51D46144B044679
S21401BA201B780F46164685B05BB1D0F8E030E3B11F
S21401BA3002AAB3F912300092002218F09AFC05B05F
S21401BA40F0BD02A91DF0CCF89DF808103A46204634
S21401BA50EEF726F8014626B92A462046FFF758FF94
S21401BA60EDE72046FFF786FFE9E71846E7E700BF60
S21401BA70AE7C0400D0F89C30012B01D10020704729
S21401BA8070B5044665498CB01DF010FCD4F8E06032
S21401BA900146E58DC4F8E40026B1336813B15B684E
S21401BAA0002B71D122F0DBF822F0D4F80123D4F870
S21401BAB0E4108DF80630B389D6E90120EB1A9BB263
S21401BAC000FB03225648ADF80430036800928B420F
S21401BAD007D020461DF0FBF880225249524BC8641D
S21401BAE01A61514D00F052FE0128FBD1AB689E064B
S21401BAF0F8D420469DF80620009906AB03F0E6F838
S21401BB0000283ED100F042FE0128FBD1464A136FC1
S21401BB10D801FCD493689906F9D4684606A903F0BF
S21401BB208DFA054668BBE28D404B5A6494F8243082
S21401BB3060F3410384F8243000F0EEFFD4F8E030DF
S21401BB405969431E0E68DBB2FD2B029622D9F31CFF
S21401BB5034D84B68FF2803935ED10126DA1C25D81A
S21401BB60024602A920461DF0CAFAE6B9D4F85431B5
S21401BB7099053FD494F8243043F0020384F8243026
S21401BB8011E002200CB070BD1A68032A8AD99B6A9C
S21401BB905B0E8EE74B6801280393DED002462046F3
S21401BBA002A91DF0ACFA00200CB070BD0133204B89
S21401BBB05B6816D0DA1C23D80393D1E71C4B0136F9
S21401BBC01B6818BF0126DD1C06D802934B68FF28A8
S21401BBD00393C3D00020C3E7FF284B6819D0039313
S21401BBE0C3E7DD1C0FD80246204602A903931DF0C9
S21401BBF086FABBE720464FF480311DF008FCD2E7F9
S21401BC00FF28B2D1E6E7FF28B0D10022204602A9DC
S21401BC10EDE701200393A1E72A46C0E7FC1F00B029
S21401BC20F84E0020001F00B0000002B8008001B8E6
S21401BC30CC65002010B50C4619B11DF00DFA00B107
S21401BC400434204602F0B8FA024B4042C3F8C80E4C
S21401BC50002010BD001000B0838E70B593420C46D4
S21401BC6015461CD3836C8B4208BF002421F0F7FFD6
S21401BC704FF49C530B490646CA68C2F30362D3408D
S21401BC80DA0702D50B6F9B0304D40122294620460E
S21401BC9001F016F8304621F0DDFF002070BD2120AE
S21401BCA0FCE700BF000002B82DE9F84F064615462E
S21401BCB00B4611B92120BDE8F88F002AFAD00329D6
S21401BCC005D8002201F05EF903460028F2D01C8850
S21401BCD09978B4F5804F01F0070080F0C580A0F197
S21401BCE0070C1A7993F805A0DF88DCF1000343EB13
S21401BCF00C0305282B7394BF0023C1F30013C1F373
S21401BD00801C6B738B0985F810C003F00203C1F326
S21401BD10C00C43EA0C03C1F340116B74A974AF82E3
S21401BD20002A40F0828096F81E31013BDBB2EB74AC
S21401BD30D6F89430DF0600F18380063801287FD8D4
S21401BD40B6F81280F76908F1FF38484B083C04EA58
S21401BD5008045B6D3B5D0134802B0EBF6FF07F03E3
S21401BD60323B5BB2AB730023AB6096F8279004EAD4
S21401BD700804B9F1000F61D1631D03EA08035A1CD8
S21401BD8002EA0802BA5CFB5C43EA0223D9040FFA12
S21401BD9083FB4CD5D6F8E43013B11B68022B05D8CB
S21401BDA041F24D724C210020FEF74EFFD6F8E420FA
S21401BDB0CBF30B0392F82420DB000AB1B3FBF2F3BA
S21401BDC09A4508D83BB1CAEB0A2ABAFBF3FA6FEADE
S21401BDD00A0A5FFA8AF9D6F8EC3023B1484695F993
S21401BDE00E1098478146631C85F80F9003EA0803F6
S21401BDF0F95C013303EA0803FA5C013303EA08033A
S21401BE0041EA0221FA5C013303EA0803F85C41EADD
S21401BE100241002341EA00616A7C304603F0D8FA09
S21401BE2006232860AB71002045E7531E7EE717F80E
S21401BE3004904FEA49095FFA89F9CCE79946D2E7B7
S21401BE4000230020EB730A4B5A69C2F3072312043E
S21401BE5048BF63F0FF035AB212F1800F1CBF323B9A
S21401BE605AB2AA730346DCE7022024E7004000B872
S21401BE7000C000B838B5148811F003054FEAC404B1
S21401BE8022D13F2C20D9B4FA84F4C4F11903DBB2D1
S21401BE90052B01D8192C15D0052B28BF0523012405
S21401BEA00633DBB29C40C4F3CF0313800382816167
S21401BEB0448700F02DFF054A631E2343C2F8A430D1
S21401BEC0284638BD2B46EAE72125F9E7001E00B0D3
S21401BED011F5004F1FBF01F30E01044BC1F30E0114
S21401BEE0002014BF99642120704700BF008001B86C
S21401BEF0F8B504460E4619B990F824305A063FD4D0
S21401BF004FF6FF73618ED4F8E470994204D0314B3A
S21401BF101B680BB1204698472F4D2B68BB424DD06E
S21401BF202E4B1B683BB11FB13A68002A48D0BF6848
S21401BF303946204698470727204601F06BFB002E1E
S21401BF4032D006270126264B94F9282093F9003093
S21401BF502449C3F11C039B1ACA69DB0222F4FF229F
S21401BF6003F4FF231343CB61D4F8E4301E4A2B605D
S21401BF701E4B976720461E701DF0B2F80020F8BDD4
S21401BF804FF6FF71144DD0F8E4702A6866F38613F5
S21401BF909742418680F8243017D0104B1B68002B3F
S21401BFA0C1D101F037FB072711493B46114AD1F8A9
S21401BFB0FC1004F1F80003F04DF9C2E70127BBE7D6
S21401BFC01746204639469847B5E701F023FB012777
S21401BFD0EAE700BF044F0020F84E0020004F002083
S21401BFE0245F002000C000B8006000B8255F002074
S21401BFF0001F00B0581F00B0054A12681AB190F829
S21401C0001E1119B91047084602F0AABB014870472D
S21401C010F44E002000FEFFFF344B2DE9F7431C6869
S21401C02001F4007900F00103174653EA09020646B7
S21401C0300D4635D04FF000083BB300230022002107
S21401C0400120CDE9008803F007FB042001F02CFE57
S21401C05041462046FFF7D0FF012241462086104682
S21401C0601CF0EAFCD4F8941004F1F80002F010FC7D
S21401C0701F490868FFF7C0F84FF0FF330B6094F8CC
S21401C080243043F0040384F82430B9F1000F07D0BC
S21401C090012120461DF0BBF925F4007506430D432A
S21401C0A02B4632462046FFF709F9FB070FD5114903
S21401C0B0114A086800211368116001210F4A1170A6
S21401C0C003B198470E4B002102205B68984717F092
S21401C0D00E0F08D04FF409723B21002003B0BDE8D3
S21401C0E0F043FEF7B1BD03B0BDE8F0830850002071
S21401C0F0BC6500200C4F0020104F0020265F00205A
S21401C100B465002008B5482200210248FDF72CFF3F
S21401C110002008BDDC1E00B073B578216422A0F8AB
S21401C120141182210C23C0E94112C0E94322C0F850
S21401C130002107224FF0FF35002680F830314FF6F8
S21401C140FF730446C28700F14C0282641E4AC3850F
S21401C150A0F8403080F82C3043864263038780F88D
S21401C1602860C0F8A850458580F8265003F03EFCAC
S21401C1702046FFF7C7FF94F928102046FFF76AF913
S21401C180602340F6FF71114A2046D36402F11C4237
S21401C190D162D1650E4A2946D36440220D4B1A67F7
S21401C1A0D4F89420FFF7D8F90E230022CDE9003306
S21401C1B040F202231046194603F04EFA01F0E2F867
S21401C1C0304602B070BD00BF4000FFFF004000B81F
S21401C1D0005000B8002002B810B50C46FFF792FFD9
S21401C1E0BCB1A378082B16D8E278082A13D843EAFC
S21401C1F0021313F0FF030CBF19466168074AC2F821
S21401C200DC10217882F82011617882F8233182F8D7
S21401C2102111002010BD2120FCE700BF001E00B048
S21401C220012A10B512D8032B10D803EB8202012382
S21401C230074C934094F82201DBB221B1034300205E
S21401C24084F8223110BD20EA0303F8E72120F9E73C
S21401C250001E00B0034670B50C68B0F834210134F6
S21401C26008BFD3F800418D6808BF0C604C68F830F1
S21401C270013404BFD3F80C414C606E1C3CD1D3F89A
S21401C2800841CE688C60751C3CD1D3F804510E6908
S21401C290CD60013604BFD3F8F8600E614E690136F1
S21401C2A004BFD3F8FC604E618E69013604BFD3F833
S21401C2B010618E618E695EB35A32B24238BF324621
S21401C2C00E688A6116B15A2E38BF5A26C3F808413D
S21401C2D04C68C3E94065C3E943420A69C3F8F820DC
S21401C2E04A690C49C3F8FC20D1F8FC1007230A4A16
S21401C2F002F0B0FF002070BD02F15A04AC4238BF14
S21401C3002C46BEE702F17805B54238BF3546BEE792
S21401C3106422D5E7001F00B0581F00B070B521F0A9
S21401C3209EFC04460B4E00F031FA012805D020464B
S21401C33021F090FC0225284670BDF36813F0706F5B
S21401C340C3F30365EFD1B36ADB06ECD5204621F0D3
S21401C35081FCF0E7000002B838B521F080FC4FF60A
S21401C360FF710A4A13888B4203D121F073FC0E2019
S21401C37038BD074C074D1B046566A4F580546366FB
S21401C380118021F067FC0020F2E700BF7E680020E4
S21401C390006001B80000FFFF2DE9F74304460F4691
S21401C3A015461E46FFF732F830B3A38A23B320465C
S21401C3B01CF058FC78B9002E40F0F280794BD3F887
S21401C3C0D83E03F03002102A00F0EA8003F0C003E2
S21401C3D0402B00F0E580DFF80082D8F81430D9074A
S21401C3E040F1DE8021F03BFC0646032001F058FDBB
S21401C3F030B1304621F02EFC022003B0BDE8F083B8
S21401C400D8F8142012F00608F3D1304621F022FCA9
S21401C410644B4FF400612046D3F8D89ED3F8AC6E37
S21401C42004F0BEF940B14FF4007201215E4B08469C
S21401C4301A6742461CF000FB94F82530DA0707D548
S21401C440D4F894305B0542BF4FF40022574B1A676D
S21401C45039462046FEF796FB524BC3F8D89EC3F8E2
S21401C460AC6E0028C9D194F82430980601D4002D6A
S21401C47057D0C5F3400003F023FB022315F4807F59
S21401C4801BBF0021494A484A136717BF484A13672A
S21401C4905161136303F04EFB4FF4806315F0040FF4
S21401C4A014BF444A444A15F0400F53624FF0040249
S21401C4B03D4B28461A674FF0400314BF3F4A404A97
S21401C4C0C2F88830FEF7C8FE20461CF0F5FC38B1ED
S21401C4D04FF4807315F0010F14BF344A324A1367C4
S21401C4E0A90647D54FF6FF72B4F8403093420FD0F5
S21401C4F0344A3549526E100CC2F301120132B3FBB5
S21401C500F2F308802B4A2C4930481B0448665366D0
S21401C510003D18BF012594F8243065F3451384F8CF
S21401C520243020461CF098FDF0B120461CF0C4FCD7
S21401C530D0B14FF40031204604F032F9431C0322F7
S21401C5409BB2234801A91CF03FFE9DF8042002F08F
S21401C5500703052B9DF8053015D112070DD443F4BA
S21401C56080731C4AC2F8B830002003B0BDE8F0431F
S21401C5701CF037BEFFF7F0FECAE713F0040F09D12F
S21401C5809DF80630EBE703F03002202A05D113F0C0
S21401C590010FF4E74FF48073E3E79DF80630E0E718
S21401C5A00E202AE7001000B0002002B8001002B8E2
S21401C5B000400054005001B8006001B800D000B837
S21401C5C000E000B8004001B87E6800200000FFFFD0
S21401C5D008400054001E00B000C001B82DE9F34128
S21401C5E00646884615461F4621F039FB04460320B9
S21401C5F001F056FC38B1204621F02CFB0E242046D3
S21401C60002B0BDE8F081042001F04AFC0028F2D116
S21401C610204621F01FFB01232A4641463046FFF7FC
S21401C620BBFE04460028EAD1DFF8C8805FB388F86D
S21401C630000039463046FEF735FD00284CD198F803
S21401C6400030012B1CD02022244B1A67244BDB6CB4
S21401C650B3F5817F1FD201201CF004FE21F0FFFA02
S21401C660204B06461B680193CBB901F093FC15F0ED
S21401C670800526D101F0E0FC284603F0F5F925E017
S21401C68003F008FABBE798F80030012BF8D0002B2E
S21401C690D9D12124B3E78022134B1A61DBE70420AA
S21401C6A001F002FB00230122042001A901F01AFB7C
S21401C6B00028DAD103F056FA2124304621F0CAFACE
S21401C6C09DE70022094B9A6701F0B6FC084B012151
S21401C6D05B6800209847F0E7044690E7001002B830
S21401C6E0001F00B0FC4E0020000002B800C001B8D8
S21401C6F0B4650020235F002008B50C4BD3F84C111D
S21401C7004B1C12D011F080410FD1094B1B6813B19D
S21401C7100320FEF70BFE4FF080624FF40071054BCD
S21401C720DA67054AD16201225A6108BD0080E00F2E
S21401C73008500020001002B8004000B84FF4002254
S21401C740034B186F03F500531A67C0F3C0407047D8
S21401C750000002B8024B586900F00100704700BFA4
S21401C76000C001B8084B5A69D10707D508B901F0CE
S21401C77077BA5B69DA0706D401F064BA5B69DB074E
S21401C78001D40028F8D1704700C001B80F4BDB6810
S21401C790C3F30363013B0B2B0FD8DFE803F0060658
S21401C7A00C06060606080A08080802207047042038
S21401C7B070470520704703207047054B5B6913F0EF
S21401C7C0060F0CBF01200420704700BF000002B80E
S21401C7D000C001B8094AD368C3F303630B2B08D022
S21401C7E06FF49050184100F0010080F00100400005
S21401C7F07047106F10F48030EDD17047000002B81A
S21401C8000C4AD368C3F30363062B07D8042BD8B2AC
S21401C8100BD8C31E5842584140007047072B06D11B
S21401C820D2F830010028ECD1704702207047002072
S21401C830704700BF000002B8094BDB68C3F303630F
S21401C8409A1E012A8CBF00220122012B02701EBFF4
S21401C8504FF4026222FA03F303F001030B707047F0
S21401C860000002B8094AD368C3F30363032B01D05F
S21401C870072B08D1536FDB0605D4906F80F00800B4
S21401C880C0F3C00070470020704700BF000002B828
S21401C890024B002219681CF0C0BB00BF4CA5040067
S21401C8A0024B1B6803B11847704700BF284F002092
S21401C8B0024B1B6803B11847704700BF244F002086
S21401C8C010B5FF224FF6FF7104461CF0C8FB68B98D
S21401C8D0FF224FF6FF7120461CF0D2FB30B92046EE
S21401C8E0BDE81040FF2202491CF0DCBB10BD00BFB2
S21401C8F0F0A404002DE9F0411C46184B05461E68BD
S21401C9000F46904646B1306801F01CFEF3681BB135
S21401C910B368186801F016FE114B1B682BB1DA6874
S21401C9201AB19B68186801F00DFE9DF8183064076F
S21401C93044EA08425B0503F0BC6342EAC7621A4355
S21401C9402846084942F4C87203F016FF002228461A
S21401C9501146FFF781F90020BDE8F08148A50400E3
S21401C9604CA504009007E12D08B5FFF77BFF88B1C1
S21401C970094BDA6912030DD5186F10F4003009D18E
S21401C9809B6F13F0100F4FF010030CBF034A044ABD
S21401C990936708BD0220FCE7000002B8001002B849
S21401C9A0002002B838B50446F8B1124AD3691B0311
S21401C9B01DD5556F104BC5F38115032DB3F8B43053
S21401C9C00DD10822083B9BB221460C481CF0FCFB0B
S21401C9D00020084B25729B6F1B0A637238BD022D1F
S21401C9E005D1023B2A469BB2EEE72120F6E702205C
S21401C9F0F4E700BF000002B8001E00B03840005443
S21401CA00431EDBB2FD2B14D9FF280B6801D14A68FF
S21401CA10134313F0802F1EBF42F20102074BC3F8E7
S21401CA20282251F82020054BC3F85022C3F854227F
S21401CA3070470128F5D10023E9E700BF004001B89F
S21401CA40F0B585B06D460E460F4B074614460FCB24
S21401CA5085E80F000D4BD3F848020090D3F84C221E
S21401CA6001923EB1631EDBB2FD2B0AD93060FF2C6A
S21401CA7000D172602246294638461CF040FB05B0BC
S21401CA80F0BD012CF4E700BFF8A404000080E00F1D
S21401CA90F0B585B06E460D4B07460D460FCB86E8C2
S21401CAA00F0000F039F831460446024638461CF0BD
S21401CAB09FFC4DB140B9FF2C1BBF04AB03EB8404B4
S21401CAC0009B54F8103C2B6005B0F0BDF8A40400A0
S21401CAD030B50C4B0546187085B0082380B90A4A54
S21401CAE0C2F8FC3351B96C46084B0FCB84E80F00F3
S21401CAF0074B2A4621461868FFF7A2FF05B030BD4E
S21401CB00044AEDE7FB680020001002B808A50400FF
S21401CB1008500020002002B8014B1878704700BF6B
S21401CB20FB680020124BD3F8E020D2031ED54FF449
S21401CB3080321049C1F8E020A1F58051C1F8EC20FF
S21401CB401A6CD1B2C2F30722C3F88010C3F8802052
S21401CB500422C3F880200022C3F88020C3F8802076
S21401CB60C3F88020C3F88020C3F88020704700BF38
S21401CB700040005400600054F0220A4B01219A64E0
S21401CB80A022A3F580539A64074B826CC3F8C010A9
S21401CB90FC21C3F89810C3F89C204FF40052C3F848
S21401CBA0BC207047006000B800400054F8B50D4640
S21401CBB01746064621F053F801230421084C094A7A
S21401CBC02363A760E6602561C2F8E010064AC2F852
S21401CBD0843121F03FF80DB102232363F8BD00BF75
S21401CBE0004000540060005400E100E00222024BC5
S21401CBF058611A63704700BF004000540122044B7D
S21401CC001A6640F6FF729963D863DA65704700BF0B
S21401CC10004000542DE9F04F042A05460B4683B028
S21401CC2039D901260978141F81615A7803F104095C
S21401CC3082619A788261DB7883610368D0F808B0F4
S21401CC4003F0070306339E4006F1FF3A0AEA0B0893
S21401CC504768A6EB0802944247F000570ED84946AB
S21401CC60224607EB0800FDF70FFB46EA0A0604EB2F
S21401CC700B023240AA6003B0BDE8F08F494607EBCD
S21401CC8008000192FDF700FB019A384609EB020104
S21401CC90A21B4244E7E7013A032AECD8DFE802F098
S21401CCA00B08050213F8012B826113F8012BAA6108
S21401CCB013F8012BAA611B78AB6103B0BDE8F08FB6
S21401CCC038B50C46154601460F4B60B101220F4898
S21401CCD0C3F8C0202246FFF79DFF1DB104220A4B70
S21401CCE0C3F8C02038BD64B1D3F8A420A24284BFE3
S21401CCF00122C3F8C0200222C3F8A040C3F8C02016
S21401CD00EBE70122FAE700BF0040005498400054C8
S21401CD1038B5044620F0A3FF01211A4A638F054661
S21401CD2011663BB3B3FA83F3C3F11903DBB2A0690F
S21401CD30C2F8901093660723D066C2F88C304FF481
S21401CD40A02302F50052C2F8E030A2F58052C2F8E4
S21401CD50EC3000220C4B1A600C4B1B6F5B0209D5A2
S21401CD604FF480020A4B04F1F8001A67D4F89410C5
S21401CD7001F08EFD4FF4E0232846E363BDE838401A
S21401CD8020F068BF004000542C4F0020000002B87D
S21401CD90002002B82DE9F84305460C46B1B1D0F89B
S21401CDA01880478F20F05BFFB5F83CC0791E01EA7A
S21401CDB00C0323F00702032C0646DFF8F8E0424492
S21401CDC05CD1DEF8004024B920F044FF0E20BDE817
S21401CDD0F88324F00104DEF8000020F00100A042F0
S21401CDE051D10023CEF80030238894426FEA4343A2
S21401CDF06FEA534323803CD1EB8F08EB07091846B3
S21401CE00083880B202F108044C4528BF4446082879
S21401CE1004D9B4F800E0BEF5804F3ED263440F4318
S21401CE201B1A3B409BB2AB87E887118894781C4A53
S21401CE30C1F30C0151645367C2F88C004FF4802291
S21401CE40184B04F00704C3F8E0200122164BC3F880
S21401CE508421FFF767FE042C0BD14FF48002134B9D
S21401CE6005F1F8001B6F124B1A67D5F8941001F004
S21401CE700FFD304620F0EEFE0020A8E7601E0128D8
S21401CE8098BF1446A7E7E88F4344E31A48BFDB1967
S21401CE9008389842A8DC304696E72246B0E700BF3D
S21401CEA0004000540060005400E100E0000002B8B9
S21401CEB0002002B82C4F0020144B10B51968CA8FF9
S21401CEC08B8F488F13440138073B8C69034023F04E
S21401CED007031C4402F108030D4A9BB2CB87C2F834
S21401CEE08C304FF480220B4BC3F8E02001220A4B12
S21401CEF0C3F88421A07800F00700042803D1074A6C
S21401CF00D3681B03FCD4064B1C6010BD08500020E0
S21401CF10004000540060005400E100E0000002B848
S21401CF202C4F002010B5064C216839B1CB0703D42D
S21401CF30044B1868FFF72EFF0023236010BD00BFC7
S21401CF402C4F0020085000204FF480320B4B0C4928
S21401CF50C3F8EC20A3F50053C1F8E020D3F88810FD
S21401CF609A6E012302F0070206329340C1F30C01C8
S21401CF70083B994201D8FFF7D5BD704700600054C1
S21401CF80005000542DE9F04780460C461646876946
S21401CF90458F20F064FEB8F83C2005F1FF3C02EA1C
S21401CFA00C0323F00701032C82463944B8F83E00EF
S21401CFB019D1494C24689CB90244073A02EA0C028A
S21401CFC022F00702BC183B44E31A48BF5B198342B0
S21401CFD010DB504620F03EFE00242046BDE8F087D8
S21401CFE024F00104EFE7012C02D0022CEBD1083823
S21401CFF00C46E8E7002E3DD08C423FD1374AD2F8A6
S21401D00044903649B8F81270D1F88820C2F30C0261
S21401D010934247DA2588B5F5804FDAD2A378C5F36F
S21401D0200C0503F007037A1EA5EB09053A43052B09
S21401D030337005EA02052DD82DB2E84340F241428D
S21401D0400421C00FFDF700FE7580E3783374D8F82D
S21401D0501C207B1E03EA0903D118B160A9B213FA9A
S21401D06085F5AF422FBF0023FF1AB780F26024BFB9
S21401D070B180F360504620F0EDFDAEE7A4F1080262
S21401D080974284BFED0802EBC502B2F80090C9F3DF
S21401D0900C09B6E7124B5B6D003B18BF0123A5EBED
S21401D0A0C305C9E70B6C7A1EA3EB09033A431A4082
S21401D0B00C4915B2002DCB680BDCC3F30363D81EF5
S21401D0C043424341DB0033708B6F72801B0A33741B
S21401D0D0BDE70823F7E700BF2C4F002000400054AF
S21401D0E0004000B8000002B8054BA822D3F84C0156
S21401D0F03121431C0CBF0120C0F38070FDF7A4BD95
S21401D1000080E00F38B5094D0446286840F69702BE
S21401D110003818BF01202B21FDF796FDFA235C434A
S21401D1202B680A20B4FBF3F4604338BD604F00203F
S21401D130174B30B51A68431C164B22D0B2F1407F0C
S21401D1401FD3154D00F03F04D5F8002122F03F0211
S21401D1501443C3F8C84001F03F042243C3F8D0206B
S21401D160D5F804310D4A1A400D4B03EA500003EA84
S21401D170510110431143074BC3F8CC00C3F8D41038
S21401D18030BD00200146C3F8C800C3F8D000F2E75E
S21401D1900080E00F001F00B0000002B81FF087E11A
S21401D1A0E0FFFF7F73B5574E0446317819B91C224C
S21401D1B05548FCF7D9FE2378544A6188137051808C
S21401D1C04FF0FC62524CFF21C4F8FC204FF47F0262
S21401D1D0C4F808214F4A022B4F4D117033D1042356
S21401D1E007224E49C4F8FC23C5F8FC33C4F80011E5
S21401D1F04FF4C071C5F80011C4F8FC234FF48052F7
S21401D200C5F8FC33C5F870214FF40052C4F87021FC
S21401D210C4F808314FF4FF13C4F8FC304FF4BB13C5
S21401D220C5F8FC308023C4F8703148F2C8023C4B84
S21401D230C3F8D8203B4B3C4A0020C3F8C02F01233B
S21401D240337002B070BD394A012BC4F80021384B47
S21401D25027D14FF4C072C5F80021D3F83802D3F8AD
S21401D2603C12FFF765FF0723C4F8FC330223C5F819
S21401D270FC334FF48053C5F870314FF40053C4F8B3
S21401D28070310423C4F808310DEB0300ECF740FBC2
S21401D2909DF80530023B012B9CBF8023C5F87031F9
S21401D2A0C3E7244AC5F80021D3F83002D3F8341274
S21401D2B0FFF73EFF0723C4F8FC330123C5F8FC3310
S21401D2C08023C4F870314FF4805301A8C4F870313C
S21401D2D0ECF71EFB9DF80530012B05D19DF80430B7
S21401D2E053B948F25D1309E0FBD9023B012B9CBF01
S21401D2F04FF40053C5F8703148F25813084AC2F883
S21401D300D83097E7275F0020C41F00B08068002050
S21401D310002002B8FF680020001002B8C0F10F001C
S21401D320001F00B0001000B0344F0020C0F70F00FF
S21401D3300080E00FC0F60F00034B1A6802609B885E
S21401D34083800020704700BF8068002010B5044627
S21401D35001F026F80A4BD3F8F83724B983F40023F2
S21401D360C3F3C04010BD012C05D113F4C02F0CBF70
S21401D37001200020F6E7A31E58425841F2E700BFFD
S21401D380000002B86FF07F42154BD3F8FC3793428A
S21401D39008D0144A03F03F031370F123124A1370A6
S21401D3A0124A13701249134B09781A68A9B1B2F1DF
S21401D3B0A06F12D3D3F850120F4A104BB1F1FF3FB2
S21401D3C018BF13460E4A136041F66A020D4B1B68DE
S21401D3D0B3FBF2F30C4A13607047084BF2E700BF49
S21401D3E0000002B8006900200169002002690020DF
S21401D3F0FE6800200080E00F5082E00F2CA504009C
S21401D400304F00207C4F0020604F0020012807D0BD
S21401D410022802D030B100207047034B18787047BD
S21401D420024BFBE7024BF9E7006900200169002087
S21401D430026900200023F0B590F8304185B002461D
S21401D4402046CDE90133CDF80B30FFF7DFFF92F828
S21401D4502B30411EC9B28B4228BF0B46002C3CD054
S21401D460012C38D1042418464FF00F0C384E0DEB22
S21401D4700405B0FBFCF7F75D013CC01BC0B281425E
S21401D48038BF00206055002CF3D105240F278DF8F6
S21401D4900830B3FBF7F0305C0344DBB28B4228BFA5
S21401D4A00B462B5501340B2CF3D10F2602F1A800A5
S21401D4B0D43215F8013BB3FBF6F14C1CC1EB01115C
S21401D4C05B1A0133DBB2E4B21B0443EA045340F8AF
S21401D4D0043F8242EDD105B0F0BD042418464FF05A
S21401D4E00F0C1C4F0DEB0406B0FBFCF5EDB27D5D99
S21401D4F0013C401BC0B2814238BF0020A055002C21
S21401D500F2D105240F258DF80830B3FBF5F0385C11
S21401D5100344DBB28B4228BF0B46335501340B2C38
S21401D520F3D10F2502F1A804D43216F8013BB3FB60
S21401D530F5F1481CC1EB01115B1A0133DBB2C0B235
S21401D5401B0443EA005344F8043FA242EDD1C2E76C
S21401D55025A5040018A5040038B5284B05461A78F9
S21401D56027490C2A02D1FF20087038BD10461BF04F
S21401D57068FE04461046FFF749FFA84228BF284622
S21401D580C0B2A04238BF20460B78C0B28342ECD06E
S21401D590087088B1431EDBB2022A1A490ED14FF039
S21401D5A0FC62C1F8FC20A1F50051D1F8FC2042EA4A
S21401D5B04353C1F8FC30D8E70346EDE7124A134C53
S21401D5C01268AC32C4F8C02F4FF47F02C1F80821AC
S21401D5D00F49CA6FD202C8D40F22B3FBF2F2551C10
S21401D5E0C2EB02129B1A0133D1F808411B0443EA2D
S21401D5F005532343C1F80831B7E700BF8068002010
S21401D600FF680020002002B808500020001000B07B
S21401D610000002B82DE9F04F90F830510646D0F8D8
S21401D620A82087B035BB1F2A38BF1F22093A4C24D1
S21401D630844B85481B6A96F82B10C3F38213DC4093
S21401D6400368DFF82CA29342DFF828827F4B04F0B0
S21401D650010414D11F78A74211D19AF80070AF4285
S21401D6600DD17B4F3F788F4209D1B8F8040007B03F
S21401D670BDE8F08F032A38BF0322023AD7E70260DB
S21401D68098F800001C70FFF7C1FEFF2924D1284638
S21401D6901BF0D7FD07466F493CB3D6F8E4702FB1AF
S21401D6A03B68082B40F2CB8097F838701DBB0B689F
S21401D6B040F27121B3FBF1F353431922B3FBF2F3AA
S21401D6C039462A4605A805931BF091FD02023C0443
S21401D6D0059842F0110988E0471E8F4228BF0F4681
S21401D6E0012F38BF0127FFB2D5E7012D29D0022D22
S21401D6F001D0B5B327460B6840F27121B3FBF1F3B5
S21401D70053431922B3FBF2F33946012207EB0724F0
S21401D71005A8059307EB04241BF069FD7F00032F82
S21401D72038BF0327020242EA001242EA0009033F19
S21401D73000F01F0007FA00F0FFF7E4FC00F5FA67B7
S21401D74058E00F23B7FBF3F3581CC3EB0313FB1A84
S21401D7500133DBB2C0B21B0443EA0053C3F30747ED
S21401D760C9E70C6840F27121B4FBF1F40F2354436E
S21401D7701922B7FBF3F3B4FBF2F43748374A0068D3
S21401D780A2FB0412013350FA83F313F8013C03920F
S21401D790A3F140012A4603A801931BF028FD039F2D
S21401D7A02F4AE41BA2FB041200903021049204A825
S21401D7B02A461BF01CFDDDF810B08146A4EB0B04D5
S21401D7C001220594102144F2100405A81BF00FFD58
S21401D7D0009B1A02019B42EA091244EA0344059B94
S21401D7E042EA000907EB0B001844FFF78BFC00F533
S21401D7F00C57283740F6FF711A4B3846C3F8C0104D
S21401D800A3F58053C3F8C090A3F58053C3F8C44072
S21401D810154C276001F0B0FC4FF47A72134B40426E
S21401D820986523680A49B3FBF2F3A8F8043096F822
S21401D8302B30B7FBF2F08AF800500B7017E7002781
S21401D84034E700BF004001B8C4650020285F00200F
S21401D850FC6800207C4F0020304F002069C2F5682C
S21401D860911E856B006001B8644F0020001F00B058
S21401D870FD68002080680020014B1870704700BFCB
S21401D880FE68002010B5044603F012F878B1174B75
S21401D8901B786BB964B1164B1B784BB1154B1B78D3
S21401D8A0013B012B04D84FF40042134BDA6710BD3D
S21401D8B0124BDB6F1B04FAD420F0D1F94FF400426F
S21401D8C00F4B0446DA67A3F5A0435B682BB1FEF75E
S21401D8D041FF10B102201BF0C5FC0222094B204675
S21401D8E0BDE81040C3F8842420F0B4B9295F0020B5
S21401D8F02A5F0020684F0020002002B8000002B80E
S21401D900001002B800D003500122024B00201A700A
S21401D910FFF7B8BF295F00200022024B01201A70D2
S21401D920FFF7B0BF295F0020F7B50646504C00F060
S21401D93037FD504B2578504F1E7085BB2846FFF7A4
S21401D940A1FF2378013B012B19D8E37B01A88DF8B1
S21401D9500430237C8DF80530E9F77EFCC7F8845443
S21401D9604FF6FF72454BC3F88420F822A3F5805387
S21401D970C3F884200022404BC3F884240DE04FF600
S21401D980FF723E4BC7F88454C3F88420F822A3F5EF
S21401D9908053C3F88420C7F88454394B5BE00020D9
S21401D9A0FFF770FF2378013B012B08D8E37B01A822
S21401D9B08DF80430237C8DF80530E9F74DFC002303
S21401D9C0C7F88434002ECBD062685AB32D4B1B683F
S21401D9D003EB5203B3FBF2F3013B1B0243F0F803E4
S21401D9E026782649022E284A1ED0032E4FF6FF75AA
S21401D9F0214826D0012E34D143F00203C1F88450C9
S21401DA00C2F884300723C0F88434E37B01A88DF87C
S21401DA100430237C8DF80530E9F7F2FB0120FFF78F
S21401DA2031FF17E0F823DBE74FF6FF7043F0010301
S21401DA30C1F88400C2F8843006220F4BC3F8842450
S21401DA40E3E743F00503C1F88450C2F884300423A9
S21401DA50C0F884340D4B4FF080420020DA6703B0E3
S21401DA60F0BDC1F88450C2F884300023F0E700BF4F
S21401DA70684F00202A5F002000C00350006000B8F5
S21401DA80002002B87C4F0020005000B8001002B8F9
S21401DA90F0B5294F06463D4604460FCE0FC53368FE
S21401DAA085B02B6000F07CFC0022244BC3F8842454
S21401DAB0A17A627A42EA0142C3F89024217CE27B91
S21401DAC042EA0142C3F88C24217B627B41EA024090
S21401DAD0C3F888043B78032B2AD8DFE803F0220238
S21401DAE00C178DF8041004218DF805200DEB0100AC
S21401DAF00022E9F751FBE37B00228DF80830237CF6
S21401DB00042102A88DF80930E9F746FB637A012261
S21401DB108DF80C30A37A042103A88DF80D30E9F7AF
S21401DB203BFB074B187805B0BDE8F040FFF7FCBE9D
S21401DB30212005B0F0BD00BF684F002000C0035093
S21401DB402A5F0020034BDB6F002BBCBF024BC3F8E0
S21401DB5088007047000002B8004000B82DE9F04781
S21401DB601BF0E4FB4FF47A762D4BB0FBF6F618600B
S21401DB704FF4FA73734307462A48190E1B02181806
S21401DB80294A4FF0000341F10001FBF781FE274BC4
S21401DB90A0F5807205461A6320B948222B21FDF7AD
S21401DBA053F801254FF47A724FF0000A6A43534640
S21401DBB050083102FBF76CFE1C4B1D4AB7F57A7F05
S21401DBC09A601C4B4FEA056819601B4B8946044650
S21401DBD018604FEA152505D29B222B215046FDF7EA
S21401DBE033F801264FF47A73A8FB030103FB0511F2
S21401DBF07308C01841F1000100233246FBF748FEC6
S21401DC000E4B023419600E4B49F10009A408186046
S21401DC1044EA8974054B013C9C63BDE8F08700BF6C
S21401DC207C4F002020A1070040420F0000C001B831
S21401DC30021101008C4F0020884F0020844F0020E5
S21401DC40804F00201022044BC3F884215A60012221
S21401DC50024BDA60704700BF00E100E000C001B887
S21401DC601022064BC3F88421C3F88420BFF34F8FDC
S21401DC70BFF36F8F0422024BDA60704700E100E0C9
S21401DC8000C001B810B50446A242A2EB0000A3EB07
S21401DC90010104D2034B01399B6B0133184401F097
S21401DCA0030110BD00C001B838B501250A4B0201B9
S21401DCB09D504FF480730446084A834053661FF014
S21401DCC0CEFF074AA540137823EA05031370BDE883
S21401DCD038401FF0BFBF00BF00E101B800E001B847
S21401DCE0335F00202DE9F84F164605468A461F4643
S21401DCF01FF0B5FF022E00F0908080461FF0BCFF9B
S21401DD00594B5A4AD3F82090147D5A6EE4B2520702
S21401DD1044BFD3F82090013404F003041FF0A7FF9A
S21401DD204846214600F036FA8446DAF80000012E0D
S21401DD3004BF01306044ACEB000C08BFCAF8000019
S21401DD40BCF1804F7DD300F037FA8145A1EB040189
S21401DD5088BF454BDFF834C188BF01F1FF3101F0C0
S21401DD60030188BF9B6BA0EB090E0CF80510A1B14F
S21401DD70F90742BF41F61F723D4B5A67BA0742BFC9
S21401DD803B4B3C4A5A677B0742BF0022364B9A6799
S21401DD903C0742BF0022344B9A6511244FF0010A1A
S21401DDA0314B05F11002120103EB051BCBF80C01F8
S21401DDB031499C501A6A0AFA05F4586E0B78A2EBA0
S21401DDC00902E4B2234372450B7025D34FF48073E6
S21401DDD0AB40034220D11CF80520002A40D10EB3E7
S21401DDE0264AF807536607D541F61F7140F201101F
S21401DDF01F4B596750675967B90706D51C4B1D4A13
S21401DE001E491F485A6748675A677A0742BF012268
S21401DE101C4B1A613B071AD440461FF01BFF01201A
S21401DE20BDE8F88F184A2D0142F805A042F89C3C3F
S21401DE301FF015FF10490B7823EA04030B701FF03F
S21401DE4009FF40461FF006FF0020BDE8F88F21209D
S21401DE50FFF778FE4FF48032034B4046DA60DCE78A
S21401DE60064A40465366D8E700C001B8EC4F00208A
S21401DE7000E001B800001F1F335F002000D001B88A
S21401DE8000000101000002B800E101B82B5F00208C
S21401DE90024B1878003818BF01207047335F002006
S21401DEA0034B10300001185800F00100704700BF06
S21401DEB000C001B870B50646FEF74CFC044608B132
S21401DEC0FFF7CEFE0023084D3046AB61EB612B62B7
S21401DED000F072F9054BC9B2197528620CB1FFF74B
S21401DEE0B1FE002070BD00BF00C001B8EC4F00209D
S21401DEF02DE9F0419DF818800D46B8F1000F08BFD6
S21401DF000022214EB5F5803FB168074621F4700125
S21401DF1041F4A001B1609DF820409DF81C104FEA25
S21401DF20042444EA016444EA031444EA084444EA43
S21401DF3002044FF0180140F2E9222CBF0020012014
S21401DF407465FCF781FE3564B8F1000F1AD00F4BEB
S21401DF50BC68D3F888305A2C38BF5A245B0606D5DD
S21401DF6000F0F0FB18B10A4BB3FBF0F31C4420465B
S21401DF7000F022F90130854238BF0022024B34BF3F
S21401DF805A645864BDE8F08100C001B800C000B80A
S21401DF9000093D00214B10B51A6E1A66596C59B12D
S21401DFA01F49C96800292EDB596D4FF0FF3301F078
S21401DFB00F018B409A4326D110242020FFF7C2FD83
S21401DFC0184B9C6002F088FB2022174BC3F8842173
S21401DFD001F0F4FC48B1002200200821FEF71CF8ED
S21401DFE0124B5C66A3F580531C670D4AD36803F099
S21401DFF07063B3F1807FF9D9084B0D4A5A6741F235
S21401E00001429A6710BD01F0D9FC0028F4D0094BF3
S21401E010064A5366A2F580521367EDE700C001B8C1
S21401E020000002B8001002B800E100E000E001B80C
S21401E030011B01181000002008B52120FFF782FD02
S21401E0404FF48032014BDA6008BD00BF00C001B852
S21401E050F8B5184D04462B6A1B0426D500F0E6FBDE
S21401E0602B6AA0FB044613F0787F4FEA9367C3F34D
S21401E0704450C3F3044505D140F25A422B21FCF724
S21401E080E3FD0120AD01B5FBF0F010EB871005D1E3
S21401E09040F25F422B21FCF7D7FD01200246002308
S21401E0A020463146FBF7F4FBF8BD00F04BFBA0FB26
S21401E0B00401F9E700C000B80246012030B50B4C58
S21401E0C0A0F12003C0F1200524FA05F504FA03F3B4
S21401E0D02B4304FA00F595428B4100D330BD0F283F
S21401E0E001D00130ECE7FF20F8E700BF40420F0007
S21401E0F010B50C46FFF7ACFFC30943EA4163C01AEB
S21401E10061EBD111FFF7D8FFFF2814D00F220C4B7B
S21401E11040F01000C3F88820A3F58053C3F88800A8
S21401E120A3F580531B6ADBB2802B06D02046BDE8E0
S21401E130104000F067BB212010BD0220FCE700BFA5
S21401E14000E000B838B51FF097FD084B084A1D6A75
S21401E150147D5A6EE4B2520744BF1D6A01341FF0A3
S21401E16086FD284604F0030138BD00BF00C001B893
S21401E170EC4F00200346064A103302EB00111B0148
S21401E180D1F80C01D158C1F340011BF076B800BF9D
S21401E19000C001B8064B1B68434303EB8171054B76
S21401E1A01B68A3FB003013F1004341EB00007047EE
S21401E1B0844F0020804F00200C4A20F04043014647
S21401E1C010B5002014684FF00042E4FB0320084A13
S21401E1D0890F126802FB0300064B9B6B984204D919
S21401E1E001330131C01A01F0030110BD884F002030
S21401E1F08C4F002000C001B8044B01F0F0711030C4
S21401E20041F0030100011950704700BF00C001B87A
S21401E21008B52220FFF796FC4FF48022014BDA6006
S21401E22008BD00BF00C001B808B5064B4FF030402E
S21401E2301A6805499200FCF727F8BDE8084001F086
S21401E240E3B800BF68A504006CA5040070B50C68AF
S21401E250651C15D0C4F302669E42C4F3074530D14F
S21401E260A4B294422DD804EB8506B24229D2141BDF
S21401E270A50824F003040E59340F04D0012C08D04D
S21401E2800022212402E06B1C51F82320C0E900245F
S21401E29070BD0E4C34F8133042EA03431A686B1C07
S21401E2A051F8234001EB83014B6822405E4036F073
S21401E2B0704404D11B0F032B04BF8B681A43002440
S21401E2C0E4E7013501EB8501C1E700BF40A5040085
S21401E2D007B501A8EBF71CFB4822164B5A65164AF0
S21401E2E0D2F8D43023F4FC33C2F8D430134B1B6875
S21401E2F09DF80530023B012B19D84022104BC3F87C
S21401E300FC23104BD3F85C32DBB2FF2B00D1062383
S21401E310094A1B03D2F8FC139BB20B43C2F8FC3329
S21401E320D2F83021084B1A6003B05DF804FB00F008
S21401E330E7FEECE7008001B8000002B8002000B05C
S21401E340001002B80080E00F204F002000224FF49A
S21401E35000710F4B10B51A675A679A670D4AD1625A
S21401E360012102F5E8325161DA6812F0706FFBD1D3
S21401E3704FF0304201245A6602F5FC5208329C6680
S21401E380DA64054B1B689847044B5C6110BD00BFFF
S21401E390000002B8004000B8C8650020002002B89E
S21401E3A001230F4A0F49C2F880328A6A22F002021C
S21401E3B08A620D4A53600D4A53600D4A5360A2F5B6
S21401E3C080425360A2F54042536002F5C03253606A
S21401E3D002F580425360A2F500425360704700BFC9
S21401E3E00080005000C0005000D000B8005000541B
S21401E3F0005001B808B5FFF7D3FF0E4B0E4ADA6797
S21401E40000F076FEFFF764FF03220C4BC3F8E02012
S21401E410012203F54043DA674FF460725A614FF404
S21401E4200072DA67FEF778FBBDE808400021FEF7C8
S21401E4304FBB00BF000002B80048F000005001B812
S21401E4402DE9F04F054687B002900F4657F8044B6A
S21401E450631C06D1029B2C60E81A801007B0BDE849
S21401E460F08F5FEA147B18BF0123344AC4F30161BD
S21401E47008BFC4F3074332F81120A4B24FEAC30A17
S21401E4802F4844EA02440AF104022A4482421BD27B
S21401E4900722CA4002F0010201929A0004EB8303AC
S21401E4A003930123B94603FA0BF808F0940305F128
S21401E4B0080604920593039B09F10409A34208D1B7
S21401E4C0049955443944C0E71D4A9542E0D80020D6
S21401E4D0C4E7059B53B918F0420F19D118F0280F5D
S21401E4E00BD146F8084C59F8042C21E04FF4206271
S21401E4F032210020FCF7A8FBF3E740F60422322184
S21401E5000198FCF7A1FB04F5805246F8082CEAE7CF
S21401E51040F60D2232210198FCF796FB04F50052D5
S21401E520BBF1010F46F8082CDDD159F8042CD24373
S21401E53046F8042C04340836BDE700BF40A50400A5
S21401E540003000B0F8B50546F0B10026154B34464C
S21401E5501F46154953F8042BBAB9A00000F1304004
S21401E560294600F50150FFF76BFF30B940F6AE3291
S21401E5703621BDE8F840FCF767BB0C4B0134044478
S21401E58047F8265023F81640F8BDAA42FCD00136BB
S21401E5900C2E02D031F81640DCE740F6C8323621A0
S21401E5A00020E6E7904F0020D6570020D8570020DD
S21401E5B070B50446A8B1C1B1384A52F8043B984236
S21401E5C015D1002336498A689206FCD49B00354A49
S21401E5D003F1304303F50153C2F8B0302022324B29
S21401E5E09A6070BD01330C2B02D1304D12E001232D
S21401E5F052F8041BA142F5D12D4A32F81330E1E757
S21401E60004D16268C3E90012083403E0012A01D18B
S21401E610043419602268531CE3D0C2F3016335F851
S21401E6201300110C93B211F0FE0F43EA0043606829
S21401E6300DD00434CAB2022A2168E1D9D4E90160B6
S21401E640033AC3E9001698600C340C33F3E7120F53
S21401E650072AD9D8DFE802F00704090D1013181DA0
S21401E660C04303F500531860CEE71A6842401A60AB
S21401E670CAE703F58053F6E71AF0F4FDC4E7012272
S21401E68003F580538240F2E7012203F500538240EE
S21401E690EDE71A6830EA0202FBD1B5E7904F002099
S21401E6A0000002B8001E00B0001002B840A5040029
S21401E6B0D65700200122014BDA677047001002B8D6
S21401E6C00122014BDA677047002002B84022014B55
S21401E6D0DA677047002002B84022014BDA677047BC
S21401E6E0001002B80B4B1B68D3F8E43023B11A684C
S21401E6F0022A01D9186A7047074B9A6D90B238B151
S21401E700064BC2F307421B68DB085343B3FBF0F02A
S21401E710704700BF08500020004001B87C4F002021
S21401E720064BDB68C3F30363984206D1044AD36BF6
S21401E73023F0F00343EA0111D1637047000002B8E9
S21401E740001F00B0054B1B68D3F8E43013B11A68FC
S21401E7500A2A01D8FFF7C6BF186C70470850002078
S21401E7602DE9F74306461AF076FD00248046DFF8C9
S21401E77090901FF074FA0DF1070105460DF10600A1
S21401E780FEF75AF89DF806308BB9721C29D01AF09C
S21401E79062FDA0EB080428461FF05CFA9DF80630DF
S21401E7A013B99DF807303BB3A642E2D824E0D9F866
S21401E7B00C3013F4603FE8D0D9F810001AF0B8FD19
S21401E7C0731C074603D01AF046FDA0EB0804284642
S21401E7D01FF040FA17F5007FE0D0384603B0BDE8D9
S21401E7E0F08328461FF036FA9DF80630002BC0D17C
S21401E7F09DF80730002BBCD1004FEEE700FEFFFF6F
S21401E80000C000B810F1800F04D04D28CEBF7F2085
S21401E810323040B2FF22044BC0B21A62A3F58053D5
S21401E82018620020704700BF00E000B80B4A10B520
S21401E830136E0B4C116E03F00703E35CC1F3CD01BD
S21401E84001FB0333126E0748C2F3454202FB033352
S21401E85000688001B0FBF3F010BD00BF004001B8B6
S21401E86038A504007C4F0020084910B5D1F89C302B
S21401E87040B11C46CA68D1F89C309C42F9D1C2F31B
S21401E8800362027003F00F0010BD00BF000002B863
S21401E890094B01F080011B6F03F480030B4309D180
S21401E8A04FF40012054B1A62837F1BB10122044B01
S21401E8B0C3F80021704700BF000002B8006001B82D
S21401E8C0005001B82DE9F04F404F804685B03868BA
S21401E8D00C461AF0C7F920B90024204605B0BDE859
S21401E8E0F08F224600214046FBF73EFB384B5D6920
S21401E8F015F00105F0D1FCF701F806460028EBD02B
S21401E9003F6838461AF0E6F84FF6FF73984234D05F
S21401E9104FF060512F4E304B304AD3F82090D6F846
S21401E9208C3011624FF00061A2F5805211622422F0
S21401E9300421C6F88C202A4A4FF4804B91604FF48C
S21401E94080520027DFF8A4A0CAF868B0F262A74296
S21401E9501ED30421234A9160A2F5F032C2F88C300E
S21401E9604FF060521D4B1A6209EA02031E4A1362F7
S21401E9704FF480421D4B9A66AFE7314638461AF08F
S21401E9804DF801463846FCF7FDF80028C0D0A3E74D
S21401E990B26E5104FCD5B268D205F9D5CAF868B092
S21401E9A0D6F890200135012D0392D0D9E21B042A16
S21401E9B0A8BF042208EB070003A901930092FBF706
S21401E9C063FC009A019B3A4497B2C0E708500020C6
S21401E9D0000002B8004000B8004001B8006001B86D
S21401E9E0001002B8002002B8005001B8006000B85C
S21401E9F04FF604014FF60502044B01201B6C9BB237
S21401EA008B4208BF1346024A136670470080E00F28
S21401EA1000C001B82DE9F74F81460F464FF0FF358C
S21401EA20FFF790FB002601908A462C463046DFF819
S21401EA30D8B006F110031B015BF8033003F003089E
S21401EA40B8F1010F15D13046FFF794FB02460B468D
S21401EA5001985146FFF716F9DBF8643006F1080213
S21401EA60D340DB0739D5002F40D000252C463E6029
S21401EA7040460136082EDCD160B3234A0027D2F87F
S21401EA8008C0916B0CF440330131A4FB01416419B9
S21401EA9041F10001B3F5003F30D1536B0CF4405CFB
S21401EAA0013347F10006BCF5805F22D1156B15F5E1
S21401EAB0807505FB06F647F1000203FB0266A5FB1F
S21401EAC003323244594304FB0212A3FB04341444B8
S21401EAD0C9E9003403B0BDE8F08FA84271EB040326
S21401EAE0C6D207B13E6005460C46C1E73D463C46E8
S21401EAF0BEE7320242EA13621B02E3E7136B13F529
S21401EB00807347F10002DDE700C001B808B51AF0CE
S21401EB1023FC044B5A7C012302329340024A536180
S21401EB2008BD00BFEC4F0020002000582DE9F3413E
S21401EB3005460F4668461146FFF76CFF0646B0B11C
S21401EB40AFB1DDE900321B0A43EA0263A5FB038489
S21401EB50094B120A05FB02441A6812B91AF0E6FBC1
S21401EB600246002340462146FAF792FE38603046B8
S21401EB7002B0BDE8F08100BF7C4F002037B50446E7
S21401EB80FFF70EFCE17822791B4841EA0243C0F800
S21401EB90CC34E579A37943EA0543C0F8D034237829
S21401EBA04BB18DF8041004218DF805200DEB010002
S21401EBB00022E8F7F1FA63785BB10421A379002219
S21401EBC08DF80430E3790DEB01008DF80530E8F798
S21401EBD0E3FA227801235AB1084AC2F8C8346278A7
S21401EBE002233AB1054A0020C2F8C83403B030BD4A
S21401EBF0034AF2E7024AF6E700C0035000D003508A
S21401EC0000E0035070B52C4B0C461A7812B92B4A0B
S21401EC10926D1A702A4AD26F52054AD51D78294B31
S21401EC2005F00F06B0FBF3F040434FEA151505D18A
S21401EC3040F27C622B21FCF707F80120224A0A21C8
S21401EC407243B2FBF0F34843B3FBF1F602EB50021A
S21401EC50B2FBF0F201FB1633042BD2B207D8C3EB9A
S21401EC608310C3EB80035BB283B96DB217E0C3F1C7
S21401EC700B0303EB8303DBB2B3FBF1F32B44DDB2EF
S21401EC800F2DF2D9013AD2B2053DEEE7053B5BB254
S21401EC9093FBF1F31D44EBB26DB2002D04DB0020B3
S21401ECA042EA0512226070BD01320533D2B25DB26E
S21401ECB0F5E70220F7E700BF345F0020008001B8C7
S21401ECC0000002B8403B2500809698004FF0000CEB
S21401ECD02DE9F84FA2FB017BC84EDFF85CE3BE19B5
S21401ECE099466BF10003B6457CEB030308D240F26C
S21401ECF03E220E216046FBF7A7FF0220BDE8F88FF3
S21401ED00D0F8E4A00C461546BAF1000F04D0DAF8A4
S21401ED100030032B00F21B81B94BBA4A9B6BD2F829
S21401ED20FCA0C3F31408B84BD3F8EC305E00B64B26
S21401ED3048BF48F400181B6E48EA456858074EBF9E
S21401ED404FF440039B0503F0E07348EA03081DF007
S21401ED505FF8012D0646D0D10028CED0AB4B9842A5
S21401ED6000F0048103F5122303F5F863984200F0DE
S21401ED700381A74B984200F02F81002502462B46BF
S21401ED8000204FF00071FAF783FD2B46013007FB98
S21401ED9003F3C8F3130100FB0B33A1FB0662A7FBC9
S21401EDA0007001FB0522034420339B09C9F800309B
S21401EDB0F60C984B46EA423618F4801F1C6008BFD2
S21401EDC07642954B954DC9F8144034441E602C602C
S21401EDD0BAF1000F00F0B98000239149C8F38152BF
S21401EDE08A5C194618F0807F18BF6408002EB8BFE9
S21401EDF0764292066008C2FB06012246FAF748FDF3
S21401EE00DAF800300E2B08D97F4B7D4A926BD96910
S21401EE10D3F80C31C90600F1D68018F4001814BFD7
S21401EE20C42240F207127F49C0F31300A1FB04611C
S21401EE304FEA511102FB01F1C9F80400DAF8180093
S21401EE404FF4FA73B1FBF0F118BF4FF0000801FB65
S21401EE5003F3A4FB0262FA33A3FB003004FB08228F
S21401EE60B342904138BF0131C9B241F4006CC9F8D0
S21401EE7008C000297ED0DAF81C00A1FB003624B1B8
S21401EE80B4FA84F20E2A40F38880E203002E77D18A
S21401EE90B2FBF3F2530003FB0113A3FB00764FEA28
S21401EEA0044EBE454FEA144474EB060609D34E00E1
S21401EEB03344A0FB0371BE4574EB010102F101026C
S21401EEC0F6D2C2F30E024CEA023C4CF00063C9F8DB
S21401EED008301CF09DFF2B68002B00F08880B3FAE9
S21401EEE083F4D4F102044CBF1C4623FA04F44E4BBF
S21401EEF09C4288BF6408002846D0B4FBF0F3642126
S21401EF0000FB134201FB02F2904244D85A1E5208FB
S21401EF105B08013B120242EA0313C9F80C301CF0ED
S21401EF2043FF00285CD0B4FBF0F2642100FB1244DE
S21401EF3001FB04F4A0425ED8531E5B085208013A56
S21401EF401B0243EA0213C9F810300020D6E6042B50
S21401EF50DAF828807FF4FBAE18F0807F0CBF08F04B
S21401EF60E0734FF4400328F0E078EEE600232F48E4
S21401EF701D460CE72120C1E600232D481D4606E765
S21401EF800B46002289E7044640F2C2422B210020AC
S21401EF90FBF75AFE2346013BB8E7C2F10F0702F121
S21401EFA0110E06FA0EFEFB4043EA0E03A7F1200EF1
S21401EFB026FA0EFE43EA0E03FE40013304FA02F27D
S21401EFC046F1000662E702F4801203F400131A43C6
S21401EFD008BFC0F5801020E7002316481D46D6E678
S21401EFE040F2E5422B21FBF72FFE621EA4E7002824
S21401EFF0C9D01C46CFE71446F7E700BF006CCA88A5
S21401F000008001B8001F00B0004001B800F04902BE
S21401F010005A6202C84F0020C44F0020C04F002093
S21401F02050A50400D34D62103FBE40250A3BB2DF17
S21401F030313641DCD694BFD6807C814A10B50B466A
S21401F040044686B039B98279016821486B46006862
S21401F050FFF73CFE6B461F4A196851631E4AD2F8F9
S21401F060FC2062B35A6842B11C4A1D49C2F80C1111
S21401F0705968A2F58052C2F80C119A6842B1174A33
S21401F0801849C2F8EC109968A2F58052C2F8EC1043
S21401F0901549D868D1F8642122F4EE620243C1F81A
S21401F0A06421D1F85C21186922F4EE620243C1F8AA
S21401F0B05C21A1F5FF4158692839FFF7A3FD00201F
S21401F0C0A2880A4B9A6203F5A033186406B010BDF5
S21401F0D008500020008001B8001F00B0006001B891
S21401F0E0FFFF0F00FFF8FF0F000002B8004000B856
S21401F0F04FF48062014BDA67704700BF001002B818
S21401F1004FF48062034BDA67034B1B780BB1034A5B
S21401F11093657047002002B8345F0020008001B874
S21401F12040B10368012B05D90069034B002808BFCD
S21401F130184670470048704758A5040010B590B1AE
S21401F1400468012C0FD902696AB11168094B102CA9
S21401F150196051685960916888BFD268996094BFF8
S21401F160D960DA6010BD102200210248FAF7FCFED1
S21401F170F8E700BFD04F0020084BC1171A68A2FB62
S21401F180000302FB013310F1807043F10003400ECF
S21401F19040EAC310803820EAE0707047E04F002054
S21401F1A00722164B70B5DA66154B164A1D68164BC4
S21401F1B0EC08E005C0184FEA153141F100010023C3
S21401F1C0FAF766FB114B124E18604EF66020FFF7F9
S21401F1D0D3FF4042C6F884000E48FEF7EDFF024614
S21401F1E058B1E301500818184FEA15714FF00003A3
S21401F1F041F10001FAF74CFBF06570BD000002B862
S21401F2007C4F002065CD1D00B2E60E00E04F0020C9
S21401F210001F00B040420F0010B5044698B10B4BDA
S21401F220D3F8FC00FFF78AFF4FF47A7303FB04F070
S21401F230074BA0F6AC50DA689B681044C01ABDE8CC
S21401F2401040FFF799BF4EF66020F8E7001F00B0A8
S21401F250D04F00202DE9F8430546084614461E46C1
S21401F260FFF76CFF0DB306F0020716F004061ED179
S21401F270DFB14FF47A706B685843002B40F08C80F6
S21401F280FFF77AFF60626B69002B00F08C804B4AB7
S21401F290D0684FF47A7202FB0300A0F503501038D1
S21401F2A0FFF76AFF2062002E57D1BDE8F883286970
S21401F2B0002868D04FF47A735843404BA0F6AC5000
S21401F2C09B68C01AFFF758FFE061A88B00285DD045
S21401F2D04FF47A735843394BA0F6AC509B68C01A6A
S21401F2E0FFF74AFF2061364BE968D3F80080002912
S21401F2F04FD04FF47A735943304BA1F6AC519A680C
S21401F3005B68891AC91A2F4BC8171A68DFF8BC90B0
S21401F310A2FB011302FB003311F1807143F10003DC
S21401F320490E41EAC3118039274B6161DB6EA36147
S21401F330D9F8003053B1404619F08EFE30B122465E
S21401F340D9F800301D49D8F8D80098470021A86997
S21401F350FFF762FFA062002F8BD1A86830BB47F28F
S21401F3603050FFF709FFA0604FF47A702B685843BE
S21401F3702BB1124B1B6803F51C5310331844FFF7CF
S21401F380FBFEE06091E74EF660209BE74EF66020BC
S21401F390A6E74EF66021B6E7084B1B6803F51C533B
S21401F3A0103318446CE747F2305079E74FF47A731C
S21401F3B05843A0F503501038D3E700BFD04F0020C4
S21401F3C008500020E04F0020001F00B0CC4F002066
S21401F3D038B5054608461C4619F060FF0246D5F8C2
S21401F3E0E400FFF79DFE4368A018002B044AA8BF5F
S21401F3F04FF4FA721A44034B92FBF3F2104438BDF1
S21401F4000CFEFFFF18FCFFFF70B5124C88B001AD73
S21401F4100FCC0FC594E8070085E807008C22002171
S21401F4200D48FAF7A1FDD42200210C48FAF79CFDFD
S21401F4300B4B0C4A5A6301F04DFA0B4B1B783BB150
S21401F440044E01AD0FCD0FC695E8070084E807000E
S21401F45008B070BDC41F00B0A01E00B02C1F00B0C5
S21401F460001F00B010111111275F002008B51EF013
S21401F470F6FB0E4B1A78A2B90D4A126812F4843FB5
S21401F4800FD10C4A1021D1671B7863B9084B1B6852
S21401F490DB0508D4074B2022DA67BDE808401EF0DA
S21401F4A0D9BB054AEEE7044BF5E700BF3A5F0020FB
S21401F4B048160020002002B8001002B80A4B19783E
S21401F4C001F0FF0229B10021197008499202C1F822
S21401F4D0B420597801F0FF0229B100215970930236
S21401F4E0024AC2F8B8307047355F0020005000B8B5
S21401F4F0064BD3F8D80E064B5B6F1A0103D4054BA7
S21401F5009B6E1B0401D500F580707047001000B09B
S21401F510000002B8004000B810B51EF0A0FB0E2196
S21401F52004460320FFF7FCF840F20122034B204675
S21401F530BDE81040DA621EF08DBB00BF004000B887
S21401F54008B51EF08CFB4FF00042224BC3F880201A
S21401F550BFF34F8FBFF36F8F0122C3F88420BFF331
S21401F5604F8FBFF36F8F0222C3F88420BFF34F8FF4
S21401F570BFF36F8F0422C3F88420BFF34F8FBFF30E
S21401F5806F8F0822C3F88420BFF34F8FBFF36F8FAE
S21401F5901022C3F88420BFF34F8FBFF36F8F202252
S21401F5A0C3F88420BFF34F8FBFF36F8F4022C3F899
S21401F5B08420BFF34F8FBFF36F8F4FF48072C3F871
S21401F5C08420BFF34F8FBFF36F8FBDE808401EF056
S21401F5D041BB00BF00E100E008B51EF040FB4FF064
S21401F5E00042094B1A6001225A6004225A6008221E
S21401F5F05A6010225A6020225A6040225A60BDE8A2
S21401F60008401EF027BB00BF00E100E0012370B5F3
S21401F610074C2370074B1E68074B3240D3E9005353
S21401F62019402840FCF7F8FC0023237070BD00BF8A
S21401F630385F0020E84F0020481600200022044BC7
S21401F6401A70044B197811B11A70FFF70FBF704783
S21401F650395F00203A5F00202DE9F047DDF820A051
S21401F66003EA0108099B06460C4602EA000703EA7C
S21401F6700A09BAF1000F40F04E81031F0B4300F058
S21401F6800E81052871F1000380F0E48050EA010341
S21401F69000F06081431E0B4300F02481FFF750FF0A
S21401F6A0AD4AD2E9005323EA040325EA06053D43A1
S21401F6B043EA0807A94BC2E900571E68DFF8F4823F
S21401F6C026EA0A0646EA09061E60FFF7CFFE15F08F
S21401F6D02A4F14BF48F202034FF40043A04AB00772
S21401F6E0D26EA04848BF43F4005383EA020122EADF
S21401F6F00302C2669C4A0B408166D366C5F380420C
S21401F7001203290348BF42F48072EB0648BF42F455
S21401F7100052964BAC0648BF42F400726806D3F816
S21401F7200C3248BF42F48062290648BF42F40062A8
S21401F7308F4882EA030123EA0203C0F80C328D4B9C
S21401F7400A40C7F34024A404C0F80812C3F80C22E8
S21401F750EA0448BF44F48034AB0348BF44F4801441
S21401F760A80748BF44F4800415F4001F06D0D8F853
S21401F770000019F0C7FE08B944F40024E90248BFA6
S21401F78044F40034FA0648BF44F4000473077A4B85
S21401F79048BF44F004041A6A44F4001484EA0203DD
S21401F7A023F0010375491A400A621C40CB61744B71
S21401F7B016F0010F1C62734B734A18BF1A46734B3F
S21401F7C07C071B6F48BF42F00062714882EA030162
S21401F7D023EA020303676F4B0A4041661A676E4AC3
S21401F7E005F00103516CA0F5803081EA030221EA9D
S21401F7F00301416482631A40684B28025A64D8F8B0
S21401F800002048BF664B92F8F62058BF654B690743
S21401F81048BF43F4806322B115F4C06F18BF43F4A8
S21401F82080733207604A48BF43F00043D2F8EC10B9
S21401F8305E4883EA010222F4A0221140C0F8EC10CF
S21401F8401340C0F8E0205A4ABDE8F047C2F8EC3051
S21401F850FFF7C2BEA0F580630B4306D020F4806399
S21401F860A3F500730B437FF419AF1EF0F8F93A497C
S21401F870D1E9003223EA060322EA040242EA080238
S21401F8803B43C1E900324B4A126892F8F610474AE8
S21401F89009B313F4C06F1ED04FF4807311E01EF04D
S21401F8A0DEF92D4AD2E9003123F004033B4341EA55
S21401F8B0080157EA0807C2E900314FF480633B4A62
S21401F8C00BD0C2F8E030A2F58052C2F8EC30BDE8A9
S21401F8D0F0471EF0BFB94FF48073C2F8EC30C2F89F
S21401F8E0E030F4E71EF0BBF91B4AD2E9003123F001
S21401F8F001033B4341EA0801C2E9003101232E4AD4
S21401F90057EA08071BBF9363A2F5805253645364FA
S21401F91008BF9363DBE750EA01037FF4BFAEBAF199
S21401F920010F7FF4BBAE1EF09AF90C4A136823F060
S21401F930010343EA090313604FF48063144AB9F1E3
S21401F940000F04D05366A2F580521367BFE7136712
S21401F9505366BCE7BDE8F08748160020E84F002054
S21401F960004000B8006000B8005000B8004001B880
S21401F970006001B8005001B8000002B8002002B8CB
S21401F980001002B8041C00030418000300C001B8EC
S21401F99000E001B800D001B800C000B800D000B83F
S21401F9A00D0A0A09090A0A090040005400600054B9
S21401F9B0005000540850002000E000B8024B586880
S21401F9C0C0F3C000704700BF48160020024B1868FD
S21401F9D000F00100704700BF48160020024B58682F
S21401F9E0C0F3C030704700BF4816002010B504466B
S21401F9F0FEF700FDFFF7A4FD2046FDF7BDF8FEF774
S21401FA00A5FCFEF7ABF8FEF71DF9FFF7C9FB134996
S21401FA100723134AD1F8FC1004F1F800FFF71AFC8B
S21401FA204FF080710020FEF7E7FB4FF000720D4BA0
S21401FA304FF400110120C3F80021FEF7DDFBFEF7AD
S21401FA40D7FF20B940F292321421FBF7FDF819F0E6
S21401FA508CFCBDE810400120FDF766BF001F00B01A
S21401FA60581F00B000D001B88023074A1367082347
S21401FA7040B11367054AD2F8A03023F02003C2F83C
S21401FA80A0307047024AF4E7001002B8001E00B02A
S21401FA90002002B810B51EF0E2F80121044600204D
S21401FAA0FFF7E2FF044B1961044B5B689847204659
S21401FAB0BDE810401EF0CEB8000002B8B4650020C4
S21401FAC0F8B5194C0546207840F2E442B0FA80F0C9
S21401FAD03E214009FBF7B8F855B9607840F2E44298
S21401FAE0BDE8F840B0FA80F03E214009FBF7ACB81B
S21401FAF04FF440660D4F0E4DD7F8B43040F2E44255
S21401FB00C3F381232370C5F8B46060783E21B0FA50
S21401FB1080F04009FBF798F8D7F8B830C3F3812393
S21401FB206370C5F8B860F8BD355F0020004000B8C6
S21401FB30006000B8F8B5084C084D236F0423084F41
S21401FB402B67236F5B0300D4F8BD042602203E67B3
S21401FB5019F088FB2E67F4E7000002B8001002B81F
S21401FB60002002B8A82238B51A4B1D6F03F50053C2
S21401FB701A6710229A60A3F5804302F100521A67B1
S21401FB805A66FFF79BFC144B1B7813B90320FEF74C
S21401FB908BF80024114B9C67FFF7CCFF104A114BE2
S21401FBA0D2F8D81E0B40C2F8D83E04220E4B1A6774
S21401FBB00E4BAA06C3F8AC4008D503F58073DB6C80
S21401FBC0B3F5817F22BF8022024B1A61BDE838401F
S21401FBD0FCF7C2BB000002B8375F002000C001B8C6
S21401FBE0001000B0DF0000FF002002B8001E00B0C9
S21401FBF010B549B930B3164AD3681B0E13F00E0F71
S21401FC0020D193689A061DD4FFF786FC104C00207D
S21401FC10FEF72AFE032801D0092805D1636FDB030E
S21401FC20F5D4E36D0C2BF2D9FFF784FF4FF4007285
S21401FC30084BDA62012203F5E8335A61042203F520
S21401FC4080531A674FF4C062034BDA6210BD00BFDF
S21401FC50000002B8004000B8006001B808B50321F2
S21401FC600920FEF75DFD2022014B1A6108BD00BF89
S21401FC70000002B838B505461DF0F1FF0E4B0446EC
S21401FC801868FDF745F835B1FFF7D8FC2046BDE802
S21401FC9038401DF0DFBF094B1B78002BF6D0084B10
S21401FCA01D78002DF2D1FFF7C9FC2A464FF480409B
S21401FCB00021FFF7ABFCE9E708500020395F002080
S21401FCC0385F00202DE9F84F5C4B06460D4614467A
S21401FCD01B6F002A40F0AE8013F0A00F14BF4FF048
S21401FCE001094FF00009FCF737FBA0234FF0000A8B
S21401FCF0DFF868810320C8F87030FDF7D5FF0420CF
S21401FD00FDF7D2FF4E4FFFF799FC4E4B4FF0040B19
S21401FD107B67C7F878A0FFF70DFF4B4B4FF4807158
S21401FD20D3F8A020494842F02002C3F8A020FF22C1
S21401FD30C8F80820414A1161D0F8D82E444911402C
S21401FD40C0F8D81EC8F870B0C3F8ACA07B6913F031
S21401FD50060F04D0FEF75CFA5846FDF7A5FFB9F189
S21401FD60000F08D04FF400623A4B1A674FF4004276
S21401FD70A3F5E0339A6666B1374BDB6C180701D4FE
S21401FD80FFF7CAFBFFF76AFF0420FDF78DFFFFF7B9
S21401FD9095FB2A4B5A69D10747D5DA6812F0706F7E
S21401FDA0FBD12E4B2E4A1A672E4AD36B23F0F00353
S21401FDB0D36315B12046FFF75DFF2B4BD3F84C31CB
S21401FDC05A1C01D05B0002D50122244B5A6164B350
S21401FDD0214BDA6E03F500539A6603F5D0331B6A9E
S21401FDE01E4A23F00103D361204BD3F80C1203F50E
S21401FDF00053C3F8081203F50053D3F8841003F533
S21401FE00005399671A4BD3F8EC1003F50053C3F867
S21401FE10E010184B596C03F500539963164903F526
S21401FE20803359664FF6084313670020BDE8F84F44
S21401FE30FCF736BD4FF0000955E700BF000002B8D9
S21401FE4000C001B800000101001E00B0001000B0A3
S21401FE50DF0000FF001002B8004000B8002002B822
S21401FE6010003000001F00B00080E00F004001B815
S21401FE700040005400C000B85000002F9B4B2DE9F5
S21401FE80F04F9F6EDB6E85B01F40994B9F66994B76
S21401FE90D3F8E050D3F8EC301D40974BC3F8E05050
S21401FEA0964BD3F80822D3F80C3202EA0309944B96
S21401FEB0C3F8089203F52043DA691B6A02EA0308CD
S21401FEC0904B08F47702DA618F4BD3F80422D206FE
S21401FED005D4D3F80431C3F30016DB0651D51DF063
S21401FEE0BEFE8A4B5A695E6E1B6F12F0060F06EA5B
S21401FEF00306874A26F0007314BF4FF0010A4FF03D
S21401FF00000A23F400637407536604D5814A137DFF
S21401FF100133DBB213751DF09DFE002F00F0E28069
S21401FF2017F4004300F0D3801DF099FE0146FFF759
S21401FF30DFFA0446784BD3F800B0DBF80020DBF894
S21401FF4000309A42FBD0DBF800209A42FBD0FFF744
S21401FF50CFFAA04217D108461DF07CFE6F4B1C60FD
S21401FF606F4BD3F870B01BF4E0520ED124F07F44EF
S21401FF7024F0DF040CB9FFF7F5FD4FF0807B002479
S21401FF8014E0B246C9E70446D7E70192FFF7EAFD57
S21401FF905C4B019A1BF480541A6740F09A801BF45C
S21401FFA0806F0CBF4FF0805B4FF0806BB80715D5A4
S21401FFB05B4A5448126F02F460410167002900F061
S21401FFC08B80110400F18B8012F4005F0CBF4FF0A0
S21401FFD000524FF0006200244BEA020BC7F3403791
S21401FFE07F00504A2A40002A4AD015F4206F0AD0D2
S21401FFF040F6A31206210020FAF726FE0020FFF79E
S21402000039FE25F48025EB0506D5FF213D4A4BF443
S214020010C06B9160FFF780FA15F0090F0AD040F620
S214020020B81208210020FAF70FFEFFF717FE01218B
S214020030304A116315F0106F0CD040F6C112092138
S2140200400020FAF701FEFFF709FE002211461046CD
S214020050FCF736FE15F4202F0AD040F6C912072107
S2140200600020FAF7F1FD0020FFF704FE25F48025B4
S214020070E80301D5FCF768FF002DB8BF47F0080774
S21402008069070DD51B4AD26A12F4005F4FF400527C
S21402009017BF19492449CA624BF4000B08BFCA624B
S2140200A06A0548BF4BF0040B15F48023019300F059
S2140200B0A480FCF701FF0138062837D8DFE810F0E5
S2140200C028012B0128012E013101340134019B46FF
S2140200D055E74FF0804B52E74FF000727BE74FF048
S2140200E0004278E7BB463C467BE700BF004000B8CC
S2140200F0006000B80040005400600054004001B8A0
S214020100006001B8002002B800E100E000C001B8BB
S21402011000E001B8EC4F0020ECA40400E44F0020FD
S214020120000002B8090B0B890050005440F6FA1280
S21402013003210020FAF788FD01218548826ED0F857
S214020140883002F00702063201FA02F2C3F30C0C00
S214020150A2EB0C0292B2072A12D97E4A126F5302FF
S2140201600ED47D4B826B806D5B6D5BB102F0070235
S21402017006329140C0F30C00091A89B2072901D849
S2140201804BF4007B754A1278002A36D0704AD2F8B1
S214020190E02012F4A02F30D1714A724912789AB92F
S2140201A0F20411D40A787AB14FEADB026E4842EAC8
S2140201B0447282F00102D0F8D80E02F00102520018
S2140201C020FA02F2930718D10420FDF76DFD674A64
S2140201D067485067FFF732FA62490A784AB9654AB1
S2140201E0127832B1644A654912680BEA02020A4280
S2140201F001D14BF4804B26F48056B9F1000F1DD086
S21402020019F4805F18BF4BF4802B19F4807F18BF57
S2140202104BF4002B19F4005F18BF4BF0100B19F4C7
S214020220007F18BF4BF0200B19F4806F18BF4BF0FD
S214020230400B19F4006F18BF4BF0800BB8F1000F9B
S21402024048D018F4001F0AD04D4A13683BB1414A01
S2140202504C48116F00680022C1F3C061984718F439
S214020260802F18BF44F4007418F4803F18BF4BF474
S214020270805B18F4801F18BF4BF4003B18F4800F05
S21402028018BF4BF0020B18F4003F18BF4BF4801B4C
S21402029018F4000F18BF44F0100418F4002F19D0F9
S2140202A0394AD2F8A02012F0C00F13D02949CA68E2
S2140202B0C2F30362032A01D0072A05D14A6FD00689
S2140202C002D48A6F120732D54FF400212F4A28F43F
S2140202D00028D161002E00F01B81330540F18F808B
S2140202E02B48DFF88890C2782A49002A58D04FF463
S2140202F00063013AD2B24B66C27032B9264A12780D
S214020300C2B140F60141254A51670022002173E03E
S2140203104BF4803B10E74BF4006B0DE74BF4806B1D
S2140203200AE74BF4807B07E74BF0080B04E74BF435
S214020330001BCFE7D9F8782012F4A05F15BF4FF460
S214020340807240F60142C9F85820C9F87820DCE7E6
S21402035000400054000002B8004000B83A5F002097
S214020360395F00203C5F0020001000B000C001B8DA
S214020370000001013B5F002048160020088D0100A6
S2140203801C4F002008500020001E00B0002002B8BB
S2140203902B5F002000E001B8375F002000D001B8D4
S2140203A00320FDF781FCD9F81420A84B12F0060FA3
S2140203B004BF41F61F72A649A64808BF4A674FF413
S2140203C00061A34A5166D9F8142012F0060208BF4B
S2140203D0C9F878205A8A12F4006162D022F40062C8
S2140203E05A82027802F0FF09002A5ED1FDF710FF5A
S2140203F0FFF7B8FB4A4620214BEA020B0C43B0003B
S21402040009D52E20FDF79EFB4FF00051904A44F08E
S214020410080411675166F10606D52B20FDF792FBFC
S21402042010218B4A1167516616F0306F05D1F2041F
S21402043063D5BAF1000F00F0C080330117D529202A
S214020440FDF780FB844A526C12B11021834A9160F8
S214020450FFF7B4FA48B1824A82487D494A66026783
S21402046000F54050C068400422D444F0040416F05C
S214020470007A28D00420FDF717FC2720FDF762FB40
S214020480FFF770FB4FF00071714A5166764AD2F858
S214020490D82E520679D40221704A916044F00204A2
S2140204A028E002784FF40052A6E74FF400422DE708
S2140204B00A6720204A66FDF745FB2D2044F00C040F
S2140204C0FDF740FBD3E716F0807FDFF88C9147D02C
S2140204D00420FDF7E9FB2820FDF734FBD9F8782045
S2140204E0002A3AD1FFF73EFB594A5D4944F001041F
S2140204F0116751660021584A9165720508D55B4915
S2140205008A78002A00F0D880013A8A7000221743BF
S214020510574AD2F8A020130603D558462146FCF7C0
S214020520C7F93A4658462146FFF770F8019B0BB1C9
S214020530FCF7F8FC01224F4B05F00435C3F8E050F7
S2140205404D4B18F4002FC3F884211EBF4FF400222F
S214020550424BDA6105B0BDE8F08FC9F878A0C3E770
S214020560F104C7D50420FDF79FFB444AC9F874205E
S214020570FDF74EFED9F8642012F0407FBAD12A2049
S214020580FDF7E0FAFFF7EEFA80E7394AD2F8A01054
S2140205908B0683D402203A4988603A49096891F862
S2140205A02510C8077FF57AAF92F8C420002A3FF4D8
S2140205B075AF8021344A116170E7344A12680132FD
S2140205C002D04BF0010B98E728490A7952B1013A5A
S2140205D0D2B20A7112B9234A2D49516700224BEA58
S2140205E0020B8AE70420FDF75FFB0320FDF75CFBA6
S2140205F0194A224951671DF032FB81460DF10F0060
S214020600FEF732F9234A824612780AB1FEF784FFD1
S214020610BAF1030F0ED1DFF870A00020FEF724F91E
S214020620032807D1DAF87420D103F6D4DAF85C206E
S2140206300C2AF2D99DF80F20032A2FD10121164A3F
S214020640484611701DF006FBC8E700BFEC4F0020BD
S21402065000E001B8375F002000C001B8002002B8F1
S2140206601000002000D001B8001000B02B5F002060
S214020670001E00B00060005400E100E0000001012E
S214020680001002B808500020000002B8BC65002026
S2140206900000010D3D5F0020395F0020094AD2F8B4
S2140206A0E02012F4A02FC9D1FEF7C8FF48461DF07D
S2140206B0D1FA4FF4804292E70220FDF7F5FA0122C2
S2140206C025E700BF004000540122024B1A62DA619D
S2140206D0704700BF002002B80D4B10B5DC691A6ADD
S2140206E014400C4A24F47F01D161E20706D5D9688A
S2140206F04FF0FF30C1F3036118F041FE630706D5E1
S214020700BDE81040042200200021FEF77FBF10BD86
S214020710000002B8002002B80C4A08B5936B526C6F
S21402072013400B4A9363DB070FD50A4B40F663422E
S2140207301878122100F00100FAF786FABDE80840A0
S214020740002201200021FEF761BF08BD00C000B8EC
S21402075000E000B848160020054AD2F88430DB07CD
S214020760FBD4936FD2F884201340024A93677047F3
S214020770008001B800A001B870B514460D461DF001
S2140207806EFA064BD3F8A06074402C407440C3F84F
S214020790A0401DF05FFA06EA050070BD001E00B01C
S2140207A0034BD3F8A03099430CBF012000207047BA
S2140207B0001E00B02DE9F04117460A43012A1D46E5
S2140207C09DF818409DF81C60DDF8208029D8B442B8
S2140207D027D2082E25D8032B23D8B8F1000F20D015
S2140207E00A460021FBF71CFDFF21EB009940C94396
S2140207F0DFF834C008F1FF38FF00E2B2964202D8B2
S2140208000020BDE8F0813D190CEB8505D5F8E02007
S21402081018F8010F0A4098401043C5F8E00001346A
S214020820EBE72120EDE700BF001E00B0034B18687F
S214020830034B002808BF1846704700BF045000202C
S2140208403CC604002DE9F843DFF860900646D9F866
S214020850008008461746B8F1000F03D00E24204643
S214020860BDE8F88306B3336801331DD1E1B1FAF768
S2140208700DF805460028F1D0C9F80000FAF72CF862
S214020880284618F090F8044640B14046C9F8008061
S214020890FAF722F8284618F081F8E0E73560002FCC
S2140208A0DDD02846B847DAE72124D8E708500020EA
S2140208B0024B1868003818BF012070470850002005
S2140208C0002108B5024B08465B689847002008BD21
S2140208D0B46500200523064AA2F84A3092F8493049
S2140208E003F0010363F0730382F84930704700BFD8
S2140208F0001F00B00023F0B585B0CDE901330393A5
S214020900124B134D1B78134E8DF804301DF0B4F9BC
S2140209102A78337804469A420F4F0CD031783868DA
S21402092001AA297018F060FD50B140F608210B4864
S2140209301DF094FA04E0386818F036FD0128EDD070
S21402094020461DF094F905B0F0BD00BFD468002023
S2140209500B6900200C690020245000200A7B04004A
S214020960F8B52B4B1B7823B140F6FC3129481DF015
S21402097075FA1DF081F9284B07461C8814F0060408
S21402098009D001214FF480701CF02AF93846BDE8E0
S214020990F8401DF06CB921464FF480701CF020F927
S2140209A0204600F0ABFF022808D180221B4B802194
S2140209B0186818F0C2F8FFF79DFFE7E7204600F038
S2140209C09DFF054638B1012807D040F6314111484F
S2140209D01DF044FADAE70246E8E7FF220F4E104B14
S2140209E030681A70FFF76CFF306818F0DDFC0128DB
S2140209F0CCD02A462946306818F0D8FC21462C204E
S214020A001CF01AF921460A201CF016F9BEE700BFB0
S214020A10435F00200A7B0400F25700202450002087
S214020A200B690020002101481CF020BF346600201C
S214020A307F2837B5044610D14FF6FF7302221748B7
S214020A400DF10601ADF80630EBF722F9BDF80640C7
S214020A50E2054CBF6FF04A0464B21DF00DF9104B6C
S214020A6005461C700F4B1B88DB0710D50E4B1B78F8
S214020A70002B0E4B0CBF21466FF07F01186818F052
S214020A8081F820B140F6786109481DF0E7F928465A
S214020A9003B0BDE830401DF0EAB800BF641002C0E3
S214020AA003690020F2570020445F002024500020F3
S214020AB00A7B040010B513F058FC60B113F057FC23
S214020AC00B4A80B141F20D03BDE8104041F20D0120
S214020AD007481CF0D7B9074B1A781B799A4204D1FB
S214020AE000220023F0E70D23EEE7034AF9E700BFF2
S214020AF0400D0300D4680020488D0100F8B5164E5C
S214020B000D46337802F0010423B140F2C531134892
S214020B101DF0A4F9124B134F1D60134DA4B1134BD5
S214020B20997801B1012120201CF05AF82B783B70ED
S214020B300F4B1C780F4B00211C70042333700E4899
S214020B40BDE8F8401CF092BE214620201CF048F872
S214020B502B783B70EEE700BF435F00200A7B040061
S214020B6014500020405F00200D690020185000201D
S214020B70415F0020425F0020346600202DE9F843E2
S214020B801DF07AF8DFF8A0810546B8F80030614C0F
S214020B9013F4807F03D0237873BBFFF7E1FE0021B6
S214020BA008461CF049F85C4B1A78FF2A13D01A78CC
S214020BB002F0FF0632BBFF221A702378052B0AD1F9
S214020BC00023284623701DF052F8304618F09CFC8D
S214020BD01DF052F805462378504E062B09D133787D
S214020BE0FF2B06D03378022B15D100214C481CF07F
S214020BF03DFEFF2333702BE000214FF480701BF084
S214020C00EFFFCCE71A78012A4FF0FF0214BF332613
S214020C104C261A70D4E7337813B13378012B22D1DD
S214020C201CF07EF807463E4896F8009001F0DCFB82
S214020C30FF235FFA89F9337077B1B9F1010F44D116
S214020C406421374884F800901CF010FEFFF752FE2D
S214020C5028461DF00CF806E0284627701DF007F817
S214020C60384618F051FCB8F800301B0605D50021AE
S214020C7080201BF0B5FF16F03BFF01F0F1FA294E7B
S214020C80308000B32778012F42D11CF003FD0546C1
S214020C9010B301301DF0C0F900F44060B0F5006FEB
S214020CA01AD10422394628461CF034FC28441DF08A
S214020CB0B3F94FF6FF7398420ED10020318800F048
S214020CC0FFFC00233380BDE8F88300232846237008
S214020CD01CF0CDFF3F20C4E7114801F085FB002140
S214020CE008462170012500F09DFC23780BB9FFF71A
S214020CF037FE0020318800F0E3FC00233380002D0D
S214020D00E1D020780028DED1BDE8F84318F047BDD0
S214020D100025EAE7435F00200A69002009690020EF
S214020D2034660020F0570020F257002008B513461C
S214020D300A461946064B186817F0B1FF30B1BDE8EF
S214020D40084040F2F44103481DF088B808BD00BFD1
S214020D50245000200A7B040008B513460A461946AA
S214020D60064B186817F095FF30B1BDE8084040F210
S214020D70FB4103481DF072B808BD00BF2450002096
S214020D800A7B0400024B1878431E584258417047AB
S214020D90435F002008B5064B1B7823B140F225516D
S214020DA004481DF05BF8FFF7DBFD002008BD00BF1E
S214020DB0435F00200A7B040008B5054B01EB810166
S214020DC01868490017F0E0FE002818BF212008BD69
S214020DD02450002008B5044B1868F9F70FFF0A23C1
S214020DE090FBF3F040B208BD24500020014B187867
S214020DF0704700BF0C69002008B5044B186817F04E
S214020E002EFEB0FA80F0400908BD00BF2450002034
S214020E1038B5124D0C462B78012B04D940F24651B8
S214020E200F481DF01BF821460020FFF7E5FF90B1A2
S214020E300C4B1C702B785BB9FFF792FD0A4B93F9AB
S214020E4000100A4BC901186817F072FE002038BD60
S214020E50FFF750FDF2E72120F9E700BF435F0020CD
S214020E600A7B04000C690020455F00202450002005
S214020E7008B5074B186817F0F0FD30B1054BB3FB09
S214020E80F0F083B20BB1184608BD0120FCE700BFA4
S214020E902450002040420F002DE9F3475C4E01200B
S214020EA01CF0D9FF3388990704D440F63F415948CD
S214020EB01CF0D4FFDFF8808198F80030053B012B48
S214020EC004D940F6414153481CF0C8FF524F3B68D4
S214020ED023B940F644414F481CF0C0FF348814F052
S214020EE0200478D0012122201BF0A6FE4FF47A744B
S214020EF0FFF7BEFF3B681B780933434304EBC3048A
S214020F0098F80030A5B2062B0BD11CF0D1FA044695
S214020F10FFF7AEFF602358430C2303FB040028446C
S214020F2085B2D7F800903D4B99F800801C7808F1FE
S214020F30FF381FFA88F8002C52D133885A0505D498
S214020F4009F101001DF068F8C0F340143449354A2F
S214020F50887812784B7812FB00F2334F93423B703C
S214020F60A4BF9B1A3B703B78CA78BD60934238BFD9
S214020F7013463B7013F001FA002833D013F0FBF946
S214020F80012814BF1025082525430023DFF8ACA04E
S214020F900093802243464946DAF8000017F026FE00
S214020FA020B14FF43B611B481CF058FF1F4BDAF888
S214020FB0000019781E4B197033889B0614D52A46F2
S214020FC01C4B009718F00EFAC0B9002002B0BDE81C
S214020FD0F0471CF040BF214622201BF02DFE87E77B
S214020FE00024B3E72546D0E72A460F4B18F0F8F957
S214020FF0014618B925201BF01FFEE6E721462620EB
S2140210001BF01AFE40F6F43102481CF027FFDCE71C
S214021010F25700200A7B040014500020465F00208E
S214021020D4680020405F0020E46500200C690020A0
S2140210300B69002018500020435F00202450002037
S214021040184B10B51B889B0704D440F6A6611648B9
S2140210501CF004FF154B1B78053B012B04D940F608
S214021060A76111481CF0FAFE114B1B6823B940F623
S214021070A9610D481CF0F2FE00240E4B0E492120F9
S2140210801C701BF0D9FD014618B9BDE81040FFF7E9
S21402109003BF022804D12046BDE810401BF062BE02
S2140210A010BD00BFF25700200A7B0400435F0020F9
S2140210B0145000203E5F002059120200F8B55A4C28
S2140210C023889A0704D54FF43E7158481CF0C6FE92
S2140210D0574801F089F91CF0CFFD238805465B07C7
S2140210E00DD54FF0FF3017F0C8FD524B1B68C01AE3
S2140210F0B0F5717F03D9002104201BF071FD28464C
S2140211004D4D1CF0B4FD2B78042B32D11CF0B4FDEF
S214021110238806465F0708D5454800211CF0A6FB33
S2140211203046BDE8F8401CF0A2BD1CF0A0FD1CF045
S214021130A3FD424B06461B78414F13B92388590537
S2140211400FD50523012102202B701BF049FDFFF766
S21402115077FF30461CF08BFD3B68DA78394B1A7005
S214021160F8BD386801301CF057FF8206E9D5062321
S214021170E8E7062B4DD1344B1B78FF2BF0D1334ECC
S21402118013F0FDF83378002B3DD01CF075FD238854
S21402119005465B0705D5264800211CF067FB284656
S2140211A0BFE71CF064FD3378013B33701CF064FD2E
S2140211B00446012102201BF013FDFFF741FF2046E3
S2140211C01F4C1CF054FD206801301CF025FF00F473
S2140211D04060B0F5006F13D1246801210422204636
S2140211E01CF098F920441CF017FF0146184B042007
S2140211F01A783378D21AD2B2BDE8F8401CF0D5BEBF
S2140212004FF6FF71F2E740202B70BDE8F84018F069
S2140212107BB9012BA4D100232B700E4B1868FFF765
S2140212204FFB3F20F1E700BFF25700200A7B040085
S2140212303466002010500020435F0020465F0020E6
S214021240145000203F5F002009690020405F002004
S2140212500D6900202450002008B50A4B1A7882B97E
S214021260012210281A7004D040F69D6106481CF030
S214021270F5FD002120201BF0B3FCBDE80840FFF777
S2140212800BBE08BD3E5F00200A7B040008B5094B72
S2140212901B88DB0604D440F2C35107481CF0DEFD6F
S2140212A0102000211BF09CFC044B1868BDE8084087
S2140212B018F08FB8F25700200A7B04002450002052
S2140212C0012208B5074B1146186818F06FF800217E
S2140212D02C201BF0B1FCBDE8084000210A201BF0C0
S2140212E0ABBC00BF24500020014B4008185C70477E
S2140212F00569002008B513460A461946064B1868C3
S21402130017F0D3FC30B1BDE8084040F6E941034887
S2140213101CF0A4BD08BD00BF245000200A7B0400B8
S21402132008B5044B186818F03FF8013818BF0120BA
S21402133008BD00BF24500020054B10B54C002246C5
S2140213400146186817F00EFC031B5842584110BDA0
S2140213502450002070B505461CF08EFC0E4B0F4E36
S2140213601B880446DA07357008D50D4B0D4D1B78E1
S214021370012B08D90121286818F0C0F82046BDE8DC
S21402138070401CF074BC1BB112F0EDFFC305F1D423
S214021390317881F00101EEE7F2570020046900205F
S2140213A0445F0020245000200C4B10B51B880446D6
S2140213B0DB0711D5FFF77EFB094B84F001020821FB
S2140213C01868D20017F0B9FB30B1BDE8104040F6FD
S2140213D0367104481CF042BD10BD00BFF257002013
S2140213E0245000200A7B040008B5044B0146186806
S2140213F017F066FC003818BF012008BD24500020F4
S21402140010B50A4C23787BB1FFF75AFF002104205F
S2140214101BF0E6FB002102201BF0E2FB00232370F8
S214021420BDE81040FFF79CBA10BD00BF435F002026
S21402143038B5094800F0E8FC0024084D95F8443019
S214021440E0B2834200D838BD05EBC000043000F09D
S214021450DBFC0134F2E700BFC85000202850002011
S21402146008B5104602494822F8F70EFF002008BDCC
S2140214708050002008B505481CF060FE014620B9E1
S214021480BDE8084001481CF0F1B908BD54660020CA
S214021490002238B51C4B15461C461A700132082A23
S2140214A05D609D8043F8085FF8D148220021174806
S2140214B0F8F75AFD4FF6FE73A4F868306FF48033DF
S2140214C0E365134B00211A88124B1868F8F74CFD97
S2140214D0114BC4E91255C4E9283584F8445084F8FF
S2140214E05050656584F8A850E9F73CFFFF220B4B85
S2140214F0012118700A4B00201A70E3F7C5FA002083
S214021500FFF7B8FF002038BD28500020805000208A
S21402151076680020146500200000FFFF475F002069
S2140215209C5F002010B5AC24084B04FB0030836C93
S21402153053B990F850403CB931B1C0E91212204676
S214021540FFF798FF204610BD2120FCE72850002018
S214021550AC2370B503FB00F5094E731993F850409F
S2140215605CB9204610F0AAFC735D204643F00203E5
S2140215707355FFF77FFF204670BD0120FCE700BFD2
S21402158028500020AC235843024A135C23F003037E
S214021590135470472850002070B516461F4A04465A
S2140215A01278C2BBAC211E4D01FB00518A6C92BB65
S2140215B091F850203AB1022B2DD191F84410072908
S2140215C007D91C2026E091F844100729F9D8012BE8
S2140215D008D0AC2000FB0450CA00011D0C30F8F7FE
S2140215E015FD0021AC2303FB04F000249DF8143003
S2140215F000EBC1012944CB71049B8E808B602B18B3
S21402160093F84420204601328C7183F84420FFF779
S21402161031FF204670BD0120FCE700BF465F002078
S21402162028500020F8B5234B04461B780F46002BA3
S2140216303ED1AC23204D03FB0053B3F8A03023B9B0
S21402164040F245311D481CF009FCAC2202FB045254
S214021650D2F8A46036B192F8A33039460020B2F828
S214021660A020B047AC2300216343EA18A2F8A010DA
S214021670C2F8A410482192F8A82001FB02322A449C
S214021680D2F89820964213D0EB5C9B070CD5AC227E
S2140216906243AB5C204623F0020343F00103AB54E3
S2140216A0BDE8F840FFF7E6BE10F02AFC0028EED1AF
S2140216B0F8BD00BF465F002028500020617B040072
S2140216C02DE9F04F89B0059008460D461BF0E2FF63
S2140216D0044618B9212009B0BDE8F08F28461BF051
S2140216E0F5FFC0B20838215C221892F802A00491D5
S2140216F0D1785268277803920022B4F80130ADF808
S2140217001E20434A029192F800B0BBF1000F08D0A7
S214021710404B1B681BB120464FFA8AF298470020BE
S214021720D9E703F00703022B70D001340922594689
S21402173020461BF0EFFE023F3F1A3B0606465FFAC4
S21402174087F8C7D4344FD7F89090B9F1000F27D155
S21402175000210DF11E0B434622460846CDF800B086
S21402176010F0E4FAC3B20546002B4BD1BDF81E00BA
S21402177017F00EFFE0B9BDF81E0018F005F8814616
S214021780BDF81E0017F004FFF0B906EB08020123AD
S2140217902146584692B200F07BFDD0B119209AE756
S2140217A05B465A4601212846C8470028D0D191E711
S2140217B0D7F89430BDF81E00002BDCD0A11998474C
S2140217C00028D8D1022086E742464846A119F8F7F3
S2140217D05BFDBDF81E001BF05DFF029B059A0372BF
S2140217E0049B80F809A08372039B1BBAC360AC23D8
S2140217F003FB027393F85020BDF81E0022B1DB6C87
S21402180003B19847E8B266E7BB6FF9E7012062E7E3
S214021810465F00200C500020285000202DE9F84397
S21402182008460F46164602F1010917F0B2FF804637
S214021830384617F0A6FE042856D1384617F0C5FEDD
S21402184048F661054FF6FF7248F64103294C90426E
S21402185008BF1D46B4F85C10301D1CF0DFFB38468E
S21402186017F0B3FE0146B01D1CF0D8FBB4F85E10AC
S21402187006F108001CF0D2FB06F10A0438460DF009
S21402188067FF10B145F01005ADB2294648461CF078
S214021890C5FB384617F078FF424601462046F8F761
S2140218A0F3FC384601211BF02DFF4444074660B185
S2140218B01BF00CFF054638461BF0ECFEEDB2014667
S2140218C02A462046F8F7E0FC2C440B4AA41B137861
S2140218D00134591C1170F37034703046BDE8F84379
S2140218E0092201211BF016BE48461CF095FB4C4609
S2140218F00546C3E728500020475F0020AC2210B5FB
S21402190048245043094B1A1892F8A81004FB010009
S214021910034493F87700022806D092F850301BB999
S214021920032818BF012010BD0020FCE72850002025
S21402193070B508B1012070BD234C94F8A850002D54
S214021940F8D12946B4F85C20FFF706FA294628465D
S214021950B4F85E20FFF7EAF92946284604F1600249
S214021960FFF7C8FC94F87730002BE3D0284694F8AB
S2140219705860FFF73BFA864215D1002094F95A5078
S214021980FFF728FA854216D10020FFF7B7FF044674
S21402199000201BF075FD0028CDD02146BDE8704022
S2140219A00020FFF7F7B9284694F85810FFF730FAE8
S2140219B00028E2D0BFE7002094F95A10FFF7FCF99E
S2140219C00028E1D0B7E700BF285000200346AC202D
S2140219D010B51446164A00FB032292F87700022836
S2140219E00CD1E07F022809D141B1124909780129B8
S2140219F013D992F85810227891420ED118462178BF
S214021A00FFF7FAF990B1482221460B48F8F73CFC5A
S214021A1000201BF035FD08B9002010BD044B93F8DA
S214021A20A8000028F8D1FFF783FFF5E72120F4E7A6
S214021A3028500020DA6800208050002038B5AC23F9
S214021A400D4C054603FB004300205A6DD86483F80C
S214021A50500012B15865FFF719FCF5F74BFBFF284B
S214021A601EBFAC2303FB054484F8A8000020FFF742
S214021A705FFF002038BD00BF285000207FB51D4CF8
S214021A8094F8A83023B1002084F8A800FFF750FF8E
S214021A9094F85A30B4F8A0608DF80F3026B940F2A8
S214021AA0FD2115481CF0DAF9144B31461D6800205A
S214021AB02A46FFF7B3FEE46F02469CB10DF10F0310
S214021AC001930023294630460093A04702462C780D
S214021AD054B920462146FFF7A5FD2046FFF7CAFC6B
S214021AE004B070BD0122F2E729460020FFF706F88F
S214021AF0F6E700BF28500020617B04001465002032
S214021B0038B5494B1C78002C58D1484800F06CFC7C
S214021B1020461BF0B5FC002850D0454C2378D90748
S214021B2033D594F850201AB123F00303237045E00E
S214021B3023F00103237010F0CBF9237805469A07A9
S214021B4001D510F0BBF9294600200FF053FF40B92B
S214021B502378284643F001032370BDE8384010F08E
S214021B60ADB90023482284F8A33094F8A83084F84C
S214021B70A25002FB0343D3F89830A4F8A000C4F89E
S214021B80A430BDE83840FFF779BF94F84400B0B1FE
S214021B9004F1A003251D95E8030083E80300FFF780
S214021BA06DFF94F844202846D20004F10C01F8F7A1
S214021BB02DFA94F84430013B84F8443038BDA26CC8
S214021BC062B99B0711D52378002023F0020343F065
S214021BD001032370BDE83840FFF74CBC0123A06424
S214021BE084F85030904723789EE710F089F9002851
S214021BF0E9D194F8A83073B1F5F77CFA94F850302E
S214021C00002BDBD1FF2818BF84F8A800BDE83840B7
S214021C100020FFF78DBED4F88C30002BECD098470E
S214021C200028CBD1E8E700BF465F002054660020BC
S214021C302850002070B5044600201BF021FCAC237F
S214021C405C430B4E351995F850300BB1002070BD31
S214021C500028FBD007481CF071FA0028F6D1335D45
S214021C60002BF3D195F84400B0FA80F04009EEE775
S214021C70285000205466002010B5084A034617F084
S214021C8096FD14684FF6FF7203EB40039C4218461B
S214021C9003D9018802339142F8D010BDE4500020E7
S214021CA02DE9F047204F05463B88A3B3B0F9023032
S214021CB0002B30DBDFF87C801C49D8F80000F8F7F0
S214021CC0A9FB20B94FF4EA7119481CF0C7F80026A0
S214021CD0DFF85CA0DFF860903A88B3B29A4204D884
S214021CE04FF4EB7150461CF0B9F8D9F80030B2B296
S214021CF053F83200D8F8001003EBC20468B943F870
S214021D003210A38828460133A38017F050FDE388DB
S214021D1003EB4003E380BDE8F087F8F77BFB013670
S214021D200028D9D1EDE700BFF45700202E7B04002F
S214021D30387B040074660020D850002038B5094C61
S214021D40094D22682B689A4204D94FF487710748D6
S214021D501CF084F828682368C01A20F0010080B2BC
S214021D6038BD00BFE4500020EC500020387B040051
S214021D7038B5124C124D21462846F5F741F823682D
S214021D800BB12B681BB9DE210E481CF067F82A68D7
S214021D900D4B0E491A60236823F0010313440B60AF
S214021DA00B4B1A602AB9BDE83840F82105481CF0EA
S214021DB055B8FFF7C3FF6428F5D938BDDC500020BC
S214021DC0E0500020387B0400E8500020EC50002051
S214021DD0E450002038B5094C094D22682B689A4217
S214021DE004D34FF48A7107481CF038F82868236831
S214021DF0C01A20F0010080B238BD00BFE8500020B3
S214021E00EC500020387B04002DE9F0411D4B0446BF
S214021E101B78012B24D100881BF01EFC0546D8B186
S214021E200426DFF864802C461BF026FF0746204671
S214021E30FFF736FF638843EA08036380A05B1BF064
S214021E400BFC044638461BF012FF1CB1B4F90230F4
S214021E50002BE9DA062E01D1BDE8F0810626E2E77C
S214021E60022BF9D11BF008FF024620881BF0F4FB78
S214021E7018B10388C3F30E0323801046BDE8F04171
S214021E801BF0F5BE485F00200080FFFF2DE9F04FF3
S214021E900024BA4B97B006461C801BF0EDFE0123C9
S214021EA0DFF8EC82B64F3B70B8F80030A8F8004076
S214021EB0ADF81630B34B1B6801931BF0D8FEB24B3D
S214021EC021461A88B14BD2001868F8F74DF80DF182
S214021ED01600FFF799FF002E3CD1DFF8B8924FF0BC
S214021EE0000B0125D9F80040019B9C4239D3BBF177
S214021EF0000F39D1002DF2D0D9F80040DFF898A2B1
S214021F0025462246019B9A4273D302230DF1160000
S214021F103B70FFF779FF002E40F08F80D9F8006003
S214021F203246AA4280F0A28090881BF095FB18B138
S214021F300388C3F30E039380D0881BF08DFB18B181
S214021F400388C3F30E03D3801046FFF795FE0246BE
S214021F50E7E79847E3B256F823300134002BF8D16E
S214021F60BBE7BBF1000F3ED00BF1FF335FFA83FBFA
S214021F7016AB03EB8B0252F8402CB2F902005188E2
S214021F800028B1DA4B04AFD4924641F48040931D48
S214021F902AF8020F02933AF8020F1BF05DFBF0B12B
S214021FA0B0F902E0B0F802C0BEF1000F17DB6FEA2C
S214021FB04C4C6FEA5C4CA0F802C00390FFF770FE30
S214021FC0BBF10F0F8FBF002516AB039A03EB8B00F6
S214021FD09EBF0BF1010340F8402C5FFA83FB029B85
S214021FE09A45D8D180E72046FFF746FE22460446A9
S214021FF0C3E7104617F0DBFB8346B2F902001188EE
S21402200000280AEA010108DA20461BF01BFB0843F7
S21402201081B204EB4B0402EB4B0510461180FFF72E
S2140220202BFE02466EE798475FFA8AF356F823308D
S2140220300AF1010A002BF6D170E74FF0000AF3E727
S2140220403046FFF719FE82467EB1B6F90230718835
S214022050002B0ADA3088C0F30E001BF0FDFA864227
S21402206003462DD1C1F30D0171805646AE42E7D329
S214022070DFF81CA11BF000FE00210646504617F0B2
S214022080F9FB1BF0E9FA0546002800F08780304687
S2140220901BF0EDFD284617F08AFB064620461BF08D
S2140220A0D1FA81467600324629462046F7F7AEFF39
S2140220B0002249460DF116001CF018F83444D9E700
S2140220C01BD9304617F073FBC1F30D014200718035
S2140220D01846314692B2F7F799FFC6E75046FFF721
S2140220E0CBFDD146854203D9B0F90230002B01DA86
S2140220F0824603E0FFF7C0FDF4E7B146554507D92F
S214022100BAF80000C0F30E001BF0A6FA8245E5D32B
S214022110B9F1000F30D0B9F80000C0F30E001BF082
S2140221209BFA034638B93346CB46994513D8B14590
S2140221309BD0D946ECE7484617F039FBB9F802209F
S2140221404946C2F30D02A9F80220420092B218468E
S214022150F7F75CFFE7E718460193FFF78DFD019B53
S2140221609B46854203D9B0F90230002B01DA0346BA
S214022170DBE7FFF781FDF4E7CB46DAE7F657002008
S214022180485F0020E4500020F4570020D85000207A
S214022190F8570020E85000200080FFFFBDF81630F8
S2140221A03870A8F80030044B30461C601BF05FFD08
S2140221B017B0BDE8F08F00BFE45000202DE9F041D3
S2140221C005461BF049FA0F460446D8B11BF078FFC5
S2140221D020B940F2FB4120481BF040FE28461BF087
S2140221E075FA05462046FFF747FDBD42064609D06A
S2140221F004D840F2035118481BF030FE2588ED0B38
S21402220002D02781BDE8F0816780204617F0CFFA1A
S214022210074604EB40081BF02FFD104B1A68B2422B
S2140222200AD1C3F800801BF022FD2A464046BDE8CC
S214022230F041FF21F7F798BEA6EB0806B5B21BF0F1
S21402224016FD072DF1D90023083D44F81730C8F8CB
S2140222500430A8F80250D5E7387B0400E45000208A
S21402226038B51BF009FD00210546044817F002FBAD
S214022270044628461BF0FBFC204638BDF8570020D3
S214022280024B1888B0FA80F040097047F8570020D1
S2140222902DE9F74F044600881F461BF0DDF98846F5
S2140222A0154606461BF00CFF20B940F2FE613F4879
S2140222B01BF0D4FD3388DB0B009306D033892B4406
S2140222C03381002003B0BDE8F08F20881BF0FEF9B2
S2140222D082463046FFF7D0FC01901BF0CDFCDFF8BB
S2140222E0D0B0019BDBF8002081469A421DD1FFF751
S2140222F025FDA84204D248461BF0B9FC1A20E1E7A5
S2140223000AEB050373803FB120881BF0C3F92A4607
S21402231041465044F7F7B8FF3046FFF7ADFCCBF81E
S214022320000048461BF0A3FCCBE71BF0A0FC20886D
S2140223301BF0CCF92844009980B21BF01FFA06461F
S2140223400028DBD01BF0A6F9814620881BF0A2F9F4
S214022350824620881BF0BAF9514602464846F7F7ED
S21402236093FF3046AFB11BF095F9074620881BF065
S214022370ADF92A4641463844F7F786FF0121208800
S2140223801BF0C0F90121024630461BF0CFF9268029
S21402239097E71BF07FF9804620881BF097F92A46BC
S2140223A039464044F7F7E0FDE8E700BF387B040013
S2140223B0E4500020342101481BF050BD4C7B040041
S2140223C0036910B55BB18268064B9A4201D10020C0
S2140223D010BD44691BF03BFD201AF9D5F7E74FF014
S2140223E0FF30F5E7B523020082681C4B70B59A42AF
S2140223F00446056819D11BF03FFC236923B1A342AA
S21402240006D100222A601A61BDE870401BF02FBC7C
S2140224101A4611461269A242FBD12A68A24208BF96
S21402242029600B6100232361EEE7036993B19842AA
S2140224306E6803D19D210A481BF010FD2B46B4425C
S21402244009D122699D4218BF1A614FF0000308BFE6
S2140224506A60236170BD33463669F0E7B523020031
S2140224604C7B04002DE9F047074600254FF0010A91
S214022470154EDFF858808AB0347914B90AB0BDE830
S214022480F087D6F8009087B900972A46B8F8001069
S214022490234603A81BF0C1FE2246484603A9E9F7D5
S2140224A023FC2544EDB20836E6E7224603A9484651
S2140224B0E9F7EEFBCDF800A023462A46B8F800104E
S2140224C003A81BF0AAFEECE768C60400FA57002031
S2140224D00148FFF799BC00BFFA5700209C46174BED
S2140224E0F7B5054608461988164611B1144B1C78EE
S2140224F0CCB1014662463046BDB103B0BDE8F040FD
S214022500E9F7C6BB1C44E4B208373B79002BF0D08F
S2140225103A689642F6D185F00105224600951BF0F0
S2140225207CFE03B0F0BD074FEFE7E9F7DDFBB0B284
S21402253003B0BDE8F04015F0DFBA00BFFA5700203E
S2140225400E69002068C6040010B5074C238843B104
S2140225500020FFF787FF0020FF22044B20801A701E
S21402256010BD0220FCE700BFFA5700200E690020CB
S214022570142810B518D8082805D115F036FBC40162
S214022580E4B2204610BD0E2802D115F031FBF6E764
S214022590064B53F82040002CF3D00A282478F0D1BA
S2140225A007F0C2FB0443EBE7FF24EAE7B8C60400E1
S2140225B0014BB3F868007047285000200048704767
S2140225C092500020014B1878704700BFBF5E002073
S2140225D0014B1878704700BFC25E0020014B18708E
S2140225E0704700BFC25E0020204B022810B5204C68
S2140225F0187002D00438012822D82378042B0BD076
S21402260000211C481BF032F92378033B012B03D927
S214022610002119481BF02AF9184B1B689A0022D58C
S21402262013F0805F40F6114418BF4FF44164204611
S21402263015F090FEC8B92046BDE8104015F05ABA0B
S2140226400C48FFF7D1FE0C48FFF7CEFE17F08BFBC7
S2140226502378033B012B03D815F076FE1624E6E713
S2140226600DF0BAFFFAE71524E1E710BDC65E0020BA
S214022670C75E00209866002014420020A842002070
S214022680024B187800F00F00704700BFC65E0020AD
S214022690034B187800F00F00831E584258417047CB
S2140226A0C65E002008B517F049FBC0B117F05FFB05
S2140226B0A8B10FF01BFD90B90A4817F092F870B156
S2140226C0094817F08EF850B115F097FA38B115F0A0
S2140226D043FE20B9BDE80840044817F045B900207B
S2140226E008BD00BFFC57002030580020F0500020E4
S2140226F030B505460C4693B081B910B9002013B028
S21402270030BD1023214A69460120FFF7E7FE9DF8F7
S21402271005305A1E052A28D91720F0E7182200216C
S2140227202046F7F721FC002DEBD1FFF7B1FF30B3BF
S21402273015F00BF96A4601460020FEF791FEBDF839
S2140227400430204623819DF80230A3729DF80030A3
S214022750E37217F0D1FC002304F11401237304F191
S214022760100004F0F7FDE081C8E7094A9DF804105E
S21402277012789142D0D12B70002CD6D1BEE7054BF1
S2140227801B78033B022BD3D9C6E700BF64EE0100D9
S214022790E1680020C65E002030B593B005460C46C0
S2140227A0FFF776FF20B90C4B1B78033B022B10D8A1
S2140227B015F0CBF86A4601462846FEF751FE002081
S2140227C09DF80230607023709DF80030A37013B03D
S2140227D030BD1720FBE700BFC65E0020054B187809
S2140227E0012805D000F0FD00A0F1310358425841FF
S2140227F0704700BFC65E00202DE9F3410E46002159
S21402280005461BF06DFC0023124FADF806002B8028
S2140228100DF1060016F0E5FF044610B102B0BDE861
S214022820F08121460DF1060017F024F880461AF0D2
S21402283031FF438AB34207D99B1B43822246414655
S21402284028461BF053FCE3E743895B07E0D53B8849
S214022850F3E700BF7868002008B50A48FFF7C4FD12
S21402286009484FF47A71FFF7C7FF074816F0B9FF19
S21402287030B9BDE808404FF47A7102481AF0F6BF44
S21402288008BD00BF78660020866800201FB5014696
S214022890002201A81BF0BAF8064801A91BF083FC27
S2140228A020B11AF0F7FE4089C0F3400005B05DF88B
S2140228B004FB00BF8668002030B585B00D460022B6
S2140228C0014601A81BF0A2F8084801A91BF06BFC00
S2140228D050B11AF0DFFE0446014608222846F7F7F2
S2140228E095FB6089C0F3400005B030BD86680020C5
S2140228F010B5044C204616F0ABFF6388181A80B257
S21402290010BD00BF86680020F8B50546F8B1002164
S2140229100F481BF0E5FB0446A8B10D4F20461AF0FF
S214022920B9FE06461BF05EF8830705D40822294640
S2140229303046F7F765FE38B1214638461BF0F4FB01
S21402294004460028EAD10024201E18BF0120F8BD44
S2140229508668002010B50C46014606481BF023FC8C
S21402296030B11AF097FE43891C4214BF01200020A2
S21402297010BD00BF866800201FB51446024601A897
S2140229801BF044F8074801A91BF00DFC40B134B116
S2140229901AF080FE142201462046F7F737FB012084
S2140229A004B010BD866800201FB50146002201A8AB
S2140229B01BF02CF8094801A91BF0F5FB58B11AF0D8
S2140229C069FE4389024613F0020004D0507B80F071
S2140229D00800C0F3C00005B05DF804FB866800205E
S2140229E00146014817F05AB886680020F8B5044632
S2140229F00E46142000211AF0C1FE0546204616F0A7
S214022A0027FF6388834225D925B33146204617F02F
S214022A1045F808BB28461AF03DFE07460A2231460C
S214022A20F7F7F4FA082206F10A0107F10A00F7F7A7
S214022A30EDFA0A4B1B887B82238823B94FF47A71FE
S214022A4007481AF013FF2046002229461BF04EFBC9
S214022A500020F8BD1C20FCE72E20FAE7786800204C
S214022A607866002010B5044686B0B0B11AF0BAFFF8
S214022A7010F0020011D1CDF80E006168CDF81200F8
S214022A80ADF81600206801AB03C32289044801A9E9
S214022A901A80FFF7ABFF06B010BD2120FBE700BF90
S214022AA086680020F8B50D4616461F46044648B30B
S214022AB01AF098FF30BB2046FFF792FFE0B121469E
S214022AC011481BF070FB1AF0E5FD43890573467347
S214022AD0877343F0020321894381204601F0F2F90D
S214022AE0FF28044606D001F0F3F818B10022074B7F
S214022AF043F82420002004E02046FFF7B3FF002816
S214022B00DDD0F8BD2120FCE786680020E43F0020E7
S214022B10F7B59DF824400D4601949DF820400646E0
S214022B2000941F460DF076FC4FF6FF71884204466D
S214022B3010D0BB0711D4284600F0CCFF20461AF06E
S214022B40C9FFFF281FBF084A32F8103023F480431B
S214022B5022F81030204603B0F0BD02462946304621
S214022B6016F0A3FFEAE700BFC057002073B50E4673
S214022B70014614481BF017FB0546D8B11AF08AFD29
S214022B8043890446334012D09B0736B20BD5002E3B
S214022B9009DAA17B437B0289007B01910121009126
S214022BA02146FFF7B5FF638923EA0603638162893C
S214022BB012B1012002B070BD2946024816F079FE15
S214022BC0F7E700BF866800200148FFF71DB900BF7F
S214022BD0866800201FB50C460B4A014601A81AF06B
S214022BE015FF01A8FFF7FCFE60B101A907481BF01C
S214022BF0DAFA1AF04FFD0368236043680020636028
S214022C0004B010BD2D20FBE726C70400866800200E
S214022C1013B53E4C12F06BF9D4F8FC311020C3F316
S214022C2007430193FFF7A4FC000650D50020FFF7E8
S214022C309FFC01064BD5019B802B3ED1236A9A0747
S214022C4004D440F61544204602B010BDE3699B0743
S214022C50F7D52F4815F0A0FE012016F070FC12F0F2
S214022C6059F904460028EED100F086F9294816F0F4
S214022C7055FE00F0F1F9E8F775F912F037F90AF0A7
S214022C80F1FC0AF043FDF4F717F9F4F7CBF9F4F781
S214022C90E5F904F003FD14F0AAFF14F0ABFF15F0FB
S214022CA05EFB1D480CF00CFC07F092FE15F016FBBE
S214022CB00028C8D015F014FBC5E7019B812BC0D1B4
S214022CC0D4F80C315B00BCD5D4F80C31BFE7102029
S214022CD0FFF74EFC0006BCD40020FFF749FC0106B5
S214022CE0B7D5019B802B05D1084B1A6AD207A8D507
S214022CF0DB69ACE7019B812BA3D1044BD3F80C21F3
S214022D00002A9EDAD3F80C31A1E700BF0080E00F5C
S214022D10690345ECF05000208D28020010B517F02C
S214022D201FF870B301F0B8FB80F00104E4B2002093
S214022D30FEF7F6FA44EA800424B216F0FFFF10BB50
S214022D400220044316481BF0F9F944EA40141548D9
S214022D501BF0F4F924B244EA001413481BF0EEF90F
S214022D6024B244EA801411481BF0E8F924B244EA7B
S214022D7040240F481BF0E2F924B244EAC02080B295
S214022D8010BD0124D3E70B4816F02BFD0028D7D040
S214022D90094816F026FD80F00100C0B24000D0E7D8
S214022DA0D8660020BC670020AC4200203C670020AA
S214022DB09C670020FC5700203058002008B501F020
S214022DC047F90EF0DFF8FDF7D9FE154816F009FDB3
S214022DD008B906F065F9134816F003FD08B907F0BE
S214022DE0E1FD03F059FC0CF01DFD0F4816F0C8FD7E
S214022DF00E4B1B78043B022B09D80D481BF09EF99C
S214022E0028B1FFF78BFF102801D109F07DF914F0E5
S214022E10F6FE16F058FEBDE808400648FFF736B83C
S214022E20FC57002030580020F0500020C75E0020DB
S214022E30BC67002030C70400014B1868704700BF0B
S214022E4024500020F8B54FF6FF77104B06461B7845
S214022E500C46033B012B0F8009D830460AF0BAFC19
S214022E604FF6FF73984220800ED000200DE00CF043
S214022E7023FEB84205462080F7D1304600F002FD18
S214022E80A8422080F1D1E8E72D20F8BDC75E0020D9
S214022E904FF6F77370B5984204460D4686B05AD878
S214022EA016F012FEA04207D108222C492846F7F750
S214022EB0ADF8002006B070BD294EB6F86830A342C1
S214022EC00AD10022082106F16A0016F08FFD18B911
S214022ED0082206F16A01E9E7ACB1224B1B78033BF4
S214022EE0012B1AD8002301221946204600930AF025
S214022EF01BFBFF2823D1294620460AF0BFFC80F0A0
S214022F000100C0B2D6E7184B1B689B07E5D42846DB
S214022F1008F0DCF90028E0D0CBE7204600F06AFF94
S214022F20FF2806D129462046FFF754FE0028D9D1AD
S214022F30BFE7294600F080FF0028F3D0B9E702A9D0
S214022F4017F0F0FF0028D6D1DDF80D302B60DDF843
S214022F5011306B60ADE70120ACE700BF495F00208F
S214022F6028500020C75E0020A8420020014B18709F
S214022F70704700BFE168002010B5054C08222146C4
S214022F800448E8F785FE204616F0D8FD10BD00BFBF
S214022F90495F002034B608C000487047495F0020E9
S214022FA0082208B50349F7F72BFBB0FA80F0400970
S214022FB008BD00BF495F0020014B1870704700BF74
S214022FC0BA5E0020074B44F6FF701A7840F6FF738D
S214022FD0012A18BF1846044B1B780BB140F4004078
S214022FE0704700BFC75E0020BA5E0020F7B50D46E8
S214022FF0044616461F460021284601F0F1FF0B4BF9
S214023000002183F859402A463346204600970EF0A0
S214023010AFFC014630B10222204603B0BDE8F040C4
S21402302000F006B8012003B0F0BD00BF2850002013
S21402303013B513460C461AB1022A0CBF13460123D7
S2140230400021044A019100922246FEF7A5FA02B038
S21402305010BD00BF439E030000B5002093B0FEF7EC
S21402306017FA1E4B18880CF031FA1D4B1D491A78B8
S21402307000200EF0A1FD342200216846F6F774FF08
S2140230800B238DF800306FF4803301934FF6FE73F6
S214023090ADF8103003238DF81D30134B134A0893F6
S2140230A0134B10680993134B51680D93124B6A46E3
S2140230B00E93124B0F93124B1093124B119302ABBB
S2140230C003C300210846FEF781FC6A460121002060
S2140230D0FEF77CFC13B05DF804FB00BF70680020AE
S2140230E0F4680020448B040001350200495F00208A
S2140230F0DF9B0300796D0200A93602007984020084
S214023100439E0300C9670200014B1878704700BF50
S214023110515F0020014B1888704700BF8A68002064
S2140231202DE9F74F814610460E4690461AF074FF78
S214023130DFF840B105469BF8003033B94A4B1B68AE
S2140231401BB94A4B1B68002B7FD015F4406A05F06A
S21402315040071BD19FBBB5F5804F61D24FF48074F8
S214023160B9F1400F73D0B9F1800F63D0B9F1100FE7
S2140231706BD100239BF800003D4AD9B2884264D93D
S21402318032F8021B0133A142F7D166E008F10300D0
S2140231901AF042FF4FF6FF73984214BF012402242E
S2140231A087B1052705F44043B3F5004F44F0080401
S2140231B025D0B5F5804F24D244F4807421E05446DD
S2140231C00327EFE7B5F5804F4FF00507F4D3BAF5BE
S2140231D0406F14BF02200820384440441AF01CFFF7
S2140231E0019016F08EFC019B05F4404598420CBFF8
S2140231F044F0080444F00404B5F5004F01D144F04D
S2140232008004BAF5006F0FD108EB07001AF004FF2E
S214023210054616F059FCA842A2D144F010049FE7D6
S214023220544603270220D7E7BAF5406F08BF44F09A
S214023230200495E70C4B1B683BB10022D1B233F851
S214023240110033F91110002903DA002008E0074BB9
S214023250F1E7A04202F10102F0D106B1348001206A
S21402326003B0BDE8F08F00BF0051002004510020DB
S2140232705A580020995F0020034B1A78022A04BF8E
S21402328009221A70704700BF525F00200C22034BBF
S2140232901A211A700320002202F024B8525F00207E
S2140232A00C2208B5054B1A211A700022104602F0AD
S2140232B019F80022024B1A6008BD00BF525F0020B8
S2140232C00C5100200C2270B50D4B05461E781A7064
S2140232D030B93046BDE8704000221A2102F002B82A
S2140232E0084B1C78E1B21A29F3D825FA04F3DB0757
S2140232F003D54422304601F0F5FF0134F2E700BF61
S214023300525F0020106900200C22024B1A7015F042
S2140233101CB800BF525F0020F0B50C8805460E466A
S2140233208BB0E4B94FF6FF77ADF8247015F020F8AD
S21402333010B902200BB0F0BDCDE90340CDE905443B
S214023340134A0294B2F85C306032019300923B4614
S2140233504CF60101FF2009AA18F02DF93080284604
S21402336016F048FD0B4C70B1237863B1013BDBB21B
S2140233702846237016F03EFD38B12078B0FA80F069
S2140233804009C0B2D6E70523F2E70120F9E700BFFD
S214023390285000200F690020034B11461B6803B11A
S2140233A0184714F065BB00BF0C5100200C22024BDC
S2140233B01A700AF0F1BC00BF525F00200148FEF707
S2140233C023BD00BFFE5700207FB505460C461646B5
S2140233D01AF030FC00286BD1062D03D85223EB409E
S2140233E0DB071AD4B4F1006F05D3E30E1C3B032BA4
S2140233F018D94F202EE000222F4B1A602F4B1D703B
S21402340016F01DFB03460A2D54D8DFE805F02D18EA
S2140234103E49182518535341360002F03BFCB4F1DE
S214023420006FE2D20022244B042D1A60234B1D703B
S214023430E6D1022001F02EFC16F001FB0346012223
S21402344002921F4A01921F4A00921F4A31462046A4
S2140234500EF088FE04B070BD314620461B4A04B00A
S214023460BDE870400EF066BE31462046184B194A3B
S21402347004B0BDE870400EF041BE00220292164A29
S2140234800192104A0092154AE0E702220B4B1A708C
S21402349000221046124904B0BDE87040FEF742B85A
S2140234A0002202920F4A0192064A00920E4ACDE785
S2140234B04D20CFE70120CDE70C510020525F0020BF
S2140234C0C5320200013502002F9E0300AD33020012
S2140234D0A1320200993302000933020019330200B6
S2140234E0793202008D320200F19D030008B50EF01B
S2140234F069FE0C22014B00201A7008BD525F0020A4
S214023500F0B585B0ADF8060018B9762164481AF011
S214023510A5FCBDF8060016F034F80446BDF8060011
S21402352016F02FF8082846D00C2CBDF8060042D11B
S21402353016F02AF907461AF06FFD0DF10F0106463E
S214023540BDF8060014F03CFB002879D009220021C1
S214023550384619F0DFFF9DF80F301033C518BDF856
S21402356006001AF0B3F8EDB2854269D22946BDF8D4
S21402357006000EF035FF06F44C4416F44066054687
S21402358014D0F81C1AF048FD4FF6FF73984208BF95
S21402359044F04004B6F5006F08D1781D1AF03CFDE1
S2140235A04FF6FF73984208BF44F010049DF80F30A0
S2140235B05BB3072D44D1BDF8060015F0D8FF0446CC
S2140235C0BDF8060015F0DDFF082817D0A30615D5AE
S2140235D024F0200189B2BDF8060015F0B3FFBDF84D
S2140235E0060016F0D1F80021092219F093FF00F127
S2140235F0100189B20DF1060018F006F90022BDF896
S214023600061028481AF072FD1AE0082D16D8BDB129
S214023610013D072D14D801A353F825F07936020090
S2140236208536020041360200453602004136020067
S21402363091360200B7350200973602007C2D24D060
S21402364005B0F0BD24F48844A4B2B4F5084FF7D10F
S214023650BDF8060015F090FFBDF806100BF0D0FF7F
S2140236600028A8D0BDF8060015F0F1FF002201469A
S21402367002201AF09AFCE3E724F48064A4B2B4F5BC
S214023680484F97E7B4F54C4F94E7B4F54C4F92D0B9
S2140236904CF6500301E04CF640439C428AE700BFDA
S2140236A05A7B0400FC5700202DE9F7430F4690464C
S2140236B09946064619F0EEFF044630461AF006F81A
S2140236C0C5B2083D2C44E178094BA2781970094B23
S2140236D031461A70002043463A46CDF8009012F062
S2140236E0BBF8003818BF012003B0BDE8F08300BF66
S2140236F0765F0020755F00202DE9F04FDFF84081ED
S214023700DFF8409198F8002099F8003006469A4271
S21402371085B004D340F2191142481AF09FFB304696
S2140237200DF10F011AF08AF920B14FF48E713D485F
S2140237301AF094FB98F800709DF80F403D1B15F0A8
S214023740FF0530D04FF0FF3C374B01211B78A140DC
S214023750184699F800304FF6FF790CFA03FC00235E
S214023760324A01F1FF3E0193C1F1000A9DF804308E
S214023770984243D8122004FB00002D4BA0F1120100
S21402378005EBC5025200194404F101091844F6F784
S2140237903DFC4FEA89092748A9F104010144AA0021
S2140237A04844F6F733FC224904EBC40201EB420319
S2140237B021F81260204A013712784FF6FF71DA7349
S2140237C01A745A7412025A801C4A0D2012781A7100
S2140237D010225A7100229A73C3F80620C3F80A20F0
S2140237E0144B43F8242088F800701AF0DEFB0EB95A
S2140237F008F05CFF204605B0BDE8F08F13884B4505
S2140238000AD053680AEA030B03EA0E030B4403EBDF
S2140238104B0343EA0C035360019B083201330193C6
S214023820A4E700BF6D7B0400EE6800204040002045
S214023830B0550020E43F0020765F0020535F002052
S214023840C05E0020EC6800202DE9F0410746002506
S2140238500A4B0B4E93F80080ECB2A04503D8FF2427
S2140238602046BDE8F08108223846B11DF6F7C8FEAC
S21402387001350028F4D01236EEE700BFC05E002005
S214023880B055002008B5FFF7DFFFFF281DBF00B2C6
S214023890044B00EBC0004FF6FF7018BF33F8100061
S2140238A008BD00BFB055002007B50DF107011AF09C
S2140238B0C5F830B19DF80730034803EBC30300EBAD
S2140238C0430003B05DF804FBB05500202DE9F84331
S2140238D0294E044633785D1E2D1A8342EDB204D873
S2140238E04FF4A17125481AF0B9FA0123A3404FF00C
S2140238F0FF305F1E3B4400214FF6FF7E6FEA03084F
S2140239001F4A92F800C01F4A127890401E4ACBB255
S2140239109C4523D8BDB127B204EBC4041B486400FF
S21402392005EBC50204F11201014452002044F6F7E9
S2140239306DFBBF001648AA00391D014402F0FC02C6
S2140239403844F6F763FB33780022013B33704FF6B8
S214023950FF71BDE8F8430E201AF027BB13887345A3
S21402396007D0536808EA03093B4003EB59030343B5
S214023970536008320131CAE7C05E00206D7B040046
S214023980EE680020EC68002040400020B055002081
S214023990E43F002010B50A4C207858B9094B1B7832
S2140239A01A2B03D9992108481AF058FA0322074B12
S2140239B01A7010BD0138C0B2FFF788FFECE700BFEF
S2140239C0C05E0020EC6800206D7B0400BC5E002018
S2140239D02DE9F04705461AF0FCFBFF28044624D1E1
S2140239E0DFF884901E4B99F800201B789A422BD25F
S2140239F02846BDE8F047FFF77FBE38883B7950453A
S214023A0018D86F2B4FEA131214D85B0710D0123750
S214023A1008F1010899F800105FFA88F6B142ECD86E
S214023A200023104ADEB28E4214D32046BDE8F08749
S214023A30022AECD90DF0E2F90028E8D129463046F0
S214023A40BDE8F04716F017BA4FF000084FF6F77ABF
S214023A50044FDFE7107901338F28EFD81232E1E7FF
S214023A60EC680020B0550020C05E00204FF6F773C9
S214023A70984210B514D8FFF7ABFFFF2810D0134CAE
S214023A8000B200EBC00004EB400412F03FF910490C
S214023A9038B962880B7802EB0313A3EB1213638028
S214023AA010BD227C637C09789A42E27323746174A7
S214023AB007D98B4203D213468B4228BF0B461B0202
S214023AC0EDE78A42F8D31346F9E700BFB055002067
S214023AD0765F00202DE9F04106460F4600240E4D83
S214023AE0DFF8388098F80030A34201D8BDE8F081AC
S214023AF0082229463046F6F783FD40B935F8063CDB
S214023B00BB4204D02046FFF7E1FE013CE4B201349A
S214023B10E4B21235E6E700BFB6550020C05E0020CC
S214023B20F8B5054608460E46FFF78EFEFF2830D04B
S214023B301D4B294653F820703046FFF7CBFF284628
S214023B40FFF746FFFF28044625D10CF083F8FF282E
S214023B500AD1164C207838B113F0FAFE2378B0FB5F
S214023B60F3F202FB1300C0B2294616F084F90446AB
S214023B7023B20F4D03EBC30305EB43050822314680
S214023B80A81DF6F743FA2B79204603F00F032B7194
S214023B90F8BD0027D3E7074B1B78002B18BF00277A
S214023BA0014B43F82070E3E7E43F0020EC68002076
S214023BB0B05500201169002038B50B4B04461B781F
S214023BC00D46834204D840F25A2108481AF046F9B4
S214023BD0074804EBC40400EB44002946BDE838401D
S214023BE008220630F6F712BAEC6800206D7B040055
S214023BF0B055002070B5044608460E461AF0E9FA9B
S214023C00FF28054610D02046FFF71EFEFF2807D0E5
S214023C10084B1B7823B9084B53F8202043F825207D
S214023C2021462846FFF7C8FF31462046BDE87040C9
S214023C30FFF750BF11690020E43F00202DE9F8434A
S214023C400024804601272646114DDFF84C9099F84D
S214023C500030A34210D83E430134E4B21A2C4FEA95
S214023C60470705F11205F2D14FF0FF30094B1B78DA
S214023C7098403043BDE8F8832B884345EBD028466E
S214023C8016F051F90328E6D82B796F2BE3D8E3E731
S214023C90B0550020EC680020C05E002010B5084C2D
S214023CA000EBC00004EB400423795B0707D12046F3
S214023CB016F039F9237923F007031843207110BD53
S214023CC0B0550020014B1878704700BF12690020DB
S214023CD0014B1878704700BF1169002070B51A486A
S214023CE0FEF782FB194B1B78033B012B28D805F005
S214023CF0A3FB03F057FBBDE870404FF47A5112481D
S214023D0019F0B4BD23798F2B4FEA131111D8013164
S214023D10204616F038F9062901D8032909D1237955
S214023D20002223F007034FF6FF710F2023711AF0CB
S214023D303CF9123401353278EBB29A42E2D8D6E731
S214023D400025034C034EF6E798660020C75E002067
S214023D50B0550020C05E00200022084B1878084BA1
S214023D60D1B2884203F1120300D8704713F80D1C33
S214023D70013221F0100103F80D1CF1E7C05E0020AD
S214023D80B05500202DE9F04702261227DFF85C9096
S214023D90DFF85C8099F8004000250CE007FB05F38D
S214023DA038F803A00021504616F0D2F810B15CB1E4
S214023DB0013CE4B2013599F80030EAB29342EDD8FC
S214023DC0A34204D14FF6FF7A5046BDE8F08713F0BF
S214023DD0BFFD99F80030012EA3EB040390FBF3F22B
S214023DE002FB1300C4B2EDD00126D5E7C05E002068
S214023DF0B055002010B504461AF0EBF9FF2808D19A
S214023E00204619F067FEFF281FBF024B1B78C0181A
S214023E10C0B210BDEC680020044B00211A78044B97
S214023E2004481B781A449200F6F79EB8EC68002005
S214023E30F3680020E43F002010B5134B0C461B78B5
S214023E4086B0834212D9114900EBC00001EB400153
S214023E50082220460631F6F7D9F800220821204625
S214023E6015F0C4FD80F00100C0B206E0C01A01A938
S214023E70C0B20CF02BFA10B1002006B010BD01AB98
S214023E8003CB20606160E8E7EC680020B0550020B4
S214023E9008B5074B024653F820308B4206D9152048
S214023EA04FF6FF711AF081F8002008BD0120FCE7EA
S214023EB0E43F0020024B013143F82010704700BF58
S214023EC0E43F00202DE9F34781460C4600272A4EA0
S214023ED0DFF8ACA09AF80030FDB2AB4210D86946C3
S214023EE0204617F054F9C0B3082269464846F6F74A
S214023EF087FB90B34946204616F0EBFAFE2537E0DC
S214023F0006F10608082241464846F6F779FB90B9BC
S214023F104FF6FF739C422BD03388A34228D020460C
S214023F2019F0D8FDFF2814D14946204602B0BDE854
S214023F30F047FFF7F5BD14B912360137CAE73388E2
S214023F40A342F9D100220821404615F04FFD002871
S214023F50F2D12846FFF7BAFCCCE74946002019F012
S214023F6089FDFF28054603D0044B1B780344DDB2C7
S214023F70284602B0BDE8F087B0550020EC68002065
S214023F80C05E002008B5FFF7E7FE054B1B78013B35
S214023F90012B03D8BDE808400CF084B908BD00BF69
S214023FA0C75E00200F4B1B7883420CD8C01A0E4AFD
S214023FB0C0B232F81030D90411D443F4805322F838
S214023FC0103001207047094B00EBC00003EB4003A2
S214023FD05A79D10603D442F010025A71F1E7002052
S214023FE0704700BFEC680020C0570020B055002084
S214023FF0F0B5134B06461B78FBB100251148DFF8D7
S2140240004CC090F800E0104807781F44E8B2864596
S21402401001D80020F0BD7C1B94FBF3F003FB104498
S2140240200CEBC4003CF83440B44204D1002AF1D16F
S21402403084788C42EED00135E8E71846EAE700BFFE
S214024040EE68002094420020BE5E00204040002021
S21402405070B510F03DFF14250F49104E0B783288CC
S21402406030809B1A03449BB2B3FBF5F405FB143372
S2140240700B700B49E2B20B78934292BF00239B1A55
S214024080DBB2032A0B7088BF002306499EBFD2000C
S2140240900B68D3400B6070BD565F002000580020AE
S2140240A0BD5E002094420020084B1868084BC2B23E
S2140240B01B789A4208D2074BC0F307201B78984217
S2140240C034BF002001207047012070479442002030
S2140240D0EE680020555F0020F8B505461746FFF744
S2140240E0E3FF064610B9184B1A783AB92120012286
S2140240F04FF6FF7119F059FF0020F8BD1348DFF89C
S21402410054C003780133B3FBF2F402FB143303709A
S2140241100F48DCF8002000EBC30420F8335002F10D
S2140241200132A1703846CCF80020FFF787FDE67012
S214024130606015F0C9FCA84201D10120DDE7E378F2
S2140241400133E370F9E700BFEE680020BE5E002090
S214024150404000209442002010B50B4C0B4A2378B6
S214024160063B137010F0B4FE0022094BFF211880A4
S214024170084B09481A602278D200F5F7F5FE0422A9
S214024180064B1A7010BD00BFEE680020555F002077
S214024190005800209442002040400020BD5E0020CF
S2140241A048B139B1044B1B780B70044B1B78037073
S2140241B00120704708467047545F002013690020AC
S2140241C02DE9F843074619F042FE05461A4819F04B
S2140241D0B5FF1A4B48B31C683C1B2C44A4B2002201
S2140241E0174BDFF864901B78164D99F8006005EBC4
S2140241F003155FFA82F8464509D9AB8805F1100027
S214024200A34215D9B21A29461201F5F7FFFE013666
S21402421089F80060AC80B8F1000F03D13946064831
S21402422019F024FB2846BDE8F8833C461D60D6E715
S21402423005460132DDE700BFB866002010510020B7
S214024240585F0020E43E0020595F00202DE9F74F1A
S21402425019F0FDFD4FF0000E284D294F2978294C04
S21402426097F800A004EB011303EB0A120092F34640
S2140242705246DFF898801FFA80FC0646B8F800001F
S214024280ACEB0009A0EB0C001FFA89F9019000982C
S214024290984217D1BEF1000F00D02970524503D2C2
S2140242A000203A70FDF7E6F83B7823B32B781648E1
S2140242B004EB0314A188C8F8006003B0BDE8F04F11
S2140242C019F0D4BAB3F804C0CC450FD84FF0010E9B
S2140242D093F802C001310CF1FF3C013AA3F804B096
S2140242E083F802C0C9B2D2B21033D0E70198844430
S2140242F0A3F804C0F8E703B0BDE8F08F585F0020CB
S214024300595F0020E43E0020B866002010510020CD
S2140243107FB56C461E4B1F4D1E78013EF6B21E70D0
S21402432095E80F0084E80F001B4B28461A7805F123
S214024330100132441201F5F769FE9DF8026016F08C
S2140243400F0511D1BDF808000EF0C4F9360918BFE2
S21402435029464FF00002BDF8000008BF039904B0DA
S214024360BDE8704003F0F4BCBDF80400FFF728FF78
S2140243700346828804ADADF80420224603CAAA4248
S21402438018605960144603F10803F6D104B070BDF4
S214024390585F0020E43E0020595F0020F8B5002454
S2140243A0084D094F094E3B783178E2B20B449A42E7
S2140243B004F1010400DBF8BD2846FDF725FD1035A3
S2140243C0F1E700BFE43E0020595F0020585F00205E
S2140243D070B5134B06460D46104612491A78124B14
S2140243E009781B780B44934206DB1F204FF6FF71B9
S2140243F019F0DBFD002070BDFFF7E2FE01350680F6
S2140244008570044619F01EFDE0800EF069F940F64C
S21402441002432081E3600020FDF72CF80120EAE742
S214024420EB680020595F0020585F00202DE9F84312
S21402443086460023144FDFF85C803E7898F80050DA
S21402444012497219DCB294421CDA4FEA041C31F8A3
S2140244500C900133F14501EB0410F3D1631CD21A20
S2140244600CF1100C12016144F5F7D0FDA5428BBF8A
S21402447005F1FF3506F1FF3688F800503E700CB99C
S214024480034B1C70BDE8F883595F0020E43E002011
S214024490575F0020585F0020044B054A1B781278AD
S2140244A0D3420CBF01200020704700BF585F002097
S2140244B0595F0020024B1878003818BF0120704759
S2140244C0585F0020002108B5084B09481970094BAF
S2140244D01970094B1970094B1A781201F5F744FD49
S2140244E0BDE808400648FDF77FBF00BF595F0020C1
S2140244F0E43E0020585F0020575F0020EB68002053
S214024500B866002010B50B4C23784BB10A4803F06E
S214024510ABFD58B1084B0121188815F017FC08B9F5
S214024520002010BD0122054B1A70FAE7FFF7F0FED5
S214024530EAE700BF585F0020E43E0020575F0020F5
S21402454010B50E4B1B78BBB10D4C238883424FF03F
S214024550000311D10B4AE160137049B9A3781033F6
S214024560A37015F0E9FE18B9A37823F00F03A37021
S214024570FFF7CEFE012010BD1846FCE7585F00206C
S214024580E43E0020575F002070B592B00C46064607
S21402459013F0DBF9E17A05460020FCF72DFC28B380
S2140245A094F90A0015F030FA10BB134BE27A29464A
S2140245B083F85820A27A83F85A206A46FCF750FFFE
S2140245C04FF6FE739E420CBF4FF6FF7323896A4670
S2140245D029460020ADF80660ADF80430FDF7F6F97E
S2140245E040B92289054B5A8012B070BD5520FBE7B0
S2140245F05620F9E72120F7E7285000201451002022
S21402460010B50446014608220948F5F7FFFC237B4D
S214024610022B0AD8002B14BF3122012205490B7047
S21402462017234B61044B1A7010BD00230122F5E7D5
S2140246301851002014510020C65E002001461023A7
S2140246400120014AFDF74ABF64EE0100014B5861A2
S214024650704700BF14510020014B1878704700BF06
S2140246601451002010B5054C2378112B03D0E221FB
S214024670034819F0F3FB4123237010BDC65E0020E9
S214024680787B0400064B01461B78042B04D1054AAE
S214024690137E053313767047034819F0E7B800BF58
S2140246A0C75E002014510020D866002008B50648D0
S2140246B0FDF7AAFB0548FDF7A7FB13F08DFABDE848
S2140246C0084001F003BB00BFFC5700203058002012
S2140246D0064B1878332806D000F0EF00A0F143030B
S2140246E05842584170470120704700BFC65E0020FE
S2140246F0002208B5074B4FF6FE701A7015F0F0F957
S2140247004FF6FF7015F009FA034B5869BDE80840EA
S21402471013F0F0B9C65E00201451002008B5064B0F
S214024720187838B10548FDF74BFE4FF47A73B0FBA4
S214024730F3F0C0B208BD00BFBB5E002054420020AA
S2140247402DE9F0438BB00746154698460E469DF86F
S214024750489049B9104605AC19F0BCF921460BF051
S214024760B5FD172818BF2646B9F1000F0AD1124B1D
S2140247701B781BB9284616F02FFDD0B92846FEF73F
S21402478013F902E0284616F027FD80F00104E4B291
S2140247909DF850302A4602939DF84C303146CDE9BA
S2140247A0009338464346039415F02EFC0BB0BDE842
S2140247B0F0834C46ECE700BFC25E00202DE9F04FC6
S2140247C097B099469DF88830BDF880B0219D089331
S2140247D09DF88C300E4658460FA90492079317F0A0
S2140247E075F905B3002800F0208195F801A00FACFA
S2140247F0CAF3400A8E4B19F0800F1B7814BF4F463F
S21402480049F08007022B17D04FF6FF78002D40F0B4
S21402481087810225584614F0AFFE2B4642462146B3
S21402482015F0CBF9BCE0584614F027FF04460028E2
S21402483000F0FB80AA46DDE71EB97E4B1B78002BF4
S214024840E2D00DF13A012046FEF7FCFA584614F083
S21402485027FF012838BF0120C3B2059395B3281D50
S21402486019F0DAFB804609F002032046069315F09B
S21402487006F9214609908146002019F0FBF8069AAF
S214024880099B12BBFF2820D1F2F7E6FA6A4A127891
S214024890824200F032814FF6FF72099B934214D196
S2140248A0FEF726F8002800F028814FF6F7739845A1
S2140248B023D915F0DEFD11A98146FEF7E9FA002894
S2140248C0F7D02EE0BDF83A80CDE74FF6F772904566
S2140248D020D8934211D898450FD0194622460AA8E6
S2140248E019F094F80A980B9913AB03C3BDF830205D
S2140248F0022113A81A80FEF739F9404611A9FEF7DD
S214024900C7FA024628B9082111A815F06FF8002840
S21402491066D0C1464FF6F67209F1FF339BB2934258
S214024920C7D8BAF1000F03D1444B1B78002B60D1D5
S214024930584614F021FE059B4A4601930123214660
S21402494000933B46FEF7E4F84FF6FF739842804624
S21402495000F0D380014600220AA819F057F80A98F8
S2140249600B9913AB03C3BDF83020022113A81A809B
S214024970FEF7FCF8002D3FF44DAF002E40F0D2803B
S21402498045460123C7F3C0074246CDE901632146E7
S2140249902B4604980397CDF800A015F035FBA846E1
S2140249A0BAF1000F0FD04FF6FF7398450BD0404672
S2140249B019F090F8FF281FBF214A32F8103023F46E
S2140249C0804322F81030089B7BB315F07DF8249BB9
S2140249D0014600934246234607980CF0EDFC24E07D
S2140249E00822204611A9F5F70BFE00287FF461AFD6
S2140249F08FE7002D64D0134B1B68980727D5049BBE
S214024A000F2B21D0281D19F007FB02230121CDE927
S214024A1001310023C7F3C0070246009321464FF632
S214024A20FF730498039715F0EFFA17B0BDE8F08FFE
S214024A30C65E0020BB5E0020BF5E0020C25E002075
S214024A40C0570020A8420020079B012BDAD1281D60
S214024A5019F0E2FA804619F03DF80990404619F03E
S214024A60B8FB4FF6FF71BDF83A208A4256D042454F
S214024A70099B53D1FF2B4AD0184616F0C3FB784049
S214024A8010F0EF0F14BF01230023BDF83A0009937C
S214024A9019F020F80690BDF83A0019F09AFB099B27
S214024AA066B14FF6FF7CBDF83A10614506D0414527
S214024AB004D0069A0240D2B2FF2AA3D1002BA1D17B
S214024AC0224649460AA818F0A1FF0A980B9913AB8A
S214024AD003C3BDF8302058461A8014F04DFD3A46FE
S214024AE00146059B13A8FDF7DDFF30B94FF6FF73AD
S214024AF0BDF8548098457FF43DAF4FF6FF789DB1E0
S214024B000126281D19F088FA4546804639E7FF280F
S214024B1004D0069BB3FA83F35B09B6E70023B4E737
S214024B200226EEE70026ECE7012573E60022014B9B
S214024B301A7670471451002008B50B4B1B78022BCF
S214024B4010D10A4B1B78033B012B0BD9084B187864
S214024B5000F00100FEF730FA0023064AC2E90133EC
S214024B60538008BD0020F3E7C65E0020C75E002023
S214024B70BB5E00201451002038B5174D2B78033B3E
S214024B80012B1CD8154BB3F868204FF6FF739A42D8
S214024B9015D10320FDF728FD02F0CEFBFFF7CCFF70
S214024BA02B78033B012B01D909F0FCF8002018F002
S214024BB067FC78B1BDE83840002014F0F3BDFDF77D
S214024BC0FDFC0446FDF7F4FC0146204608F05EFBB9
S214024BD00220DFE738BD00BFC75E00202850002055
S214024BE008B5114A114B58611378032B1BD0D3B169
S214024BF0332B01D0432B10D10D4B1B78033B012BDB
S214024C0005D803231370BDE8084012F073BF12F0F4
S214024C1071FFBDE80840FFF7AFBF21231370BDE860
S214024C20084002F09DB908BDC65E0020145100205F
S214024C30C75E002038B504461348FDF7D5FB134B74
S214024C401B78013B012B1DD8114D5CB92B7823B183
S214024C5040F619402C7012F04DFF0024FFF76CFF4F
S214024C60204638BDFF2C05D04FF47A7106486143C2
S214024C7018F0FCFD2B78002BEFD1012340F61840EC
S214024C802B70E8E70224E9E754420020C75E0020C2
S214024C90BB5E002038B5114D04462B78834218BF00
S214024CA0287013F05DFB80B124B9204613F05AFB3E
S214024CB002220DE0012013F055FB2B781A1F012A61
S214024CC005D9062BF4D1032202E0002CF5D10122ED
S214024CD0BDE838400021084615F0BCB8C75E002083
S214024CE030B5044685B068460D46FFF7A7FC94B17A
S214024CF000212846144A02F043FB144B20681B7816
S214024D0061688DF80430124B1B788DF8053002ABC3
S214024D1003C306F0B1FA0F4B93F8582093F85A30B3
S214024D208DF803208DF8023014F0EBFEADF800008B
S214024D3014F0CAFE1023ADF8060069460020064AA3
S214024D40FDF7CCFB05B030BD00F8FF07E168002098
S214024D50C75E00202850002064EE010010B5144BF8
S214024D6004461A78134B002083F8582018F088FB64
S214024D7010B1002014F016FD00210846FFF7B0FF20
S214024D800D4B1B78033B012B0ED813F0DDFA2046A1
S214024D90FCF754FE40F6174012F0ACFE0023074A1A
S214024DA01380074A138010BD0BF016FCEFE700BF16
S214024DB05A5F002028500020C75E0020D6570020E9
S214024DC0D45700201FB504466846FFF737FC54B197
S214024DD000238DF80530102369460020064AFDF7A9
S214024DE07DFB04B010BD14F06FFEADF8060014F0A3
S214024DF088FEADF80000EEE764EE010010B501464D
S214024E0004460020FBF7F8FF90B10C4B1B78023BE0
S214024E10032B0FD80A4B1C7018F00CFF60B9094A16
S214024E200949FCF77FFB003818BF0120800010BD3F
S214024E305520FCE70220FAE74D20F8E7C65E002080
S214024E405A5F0020218502005D4D0200F8B5064635
S214024E5018F0F0FE044668B918F012FB50B1064D81
S214024E60204695F8587085F8586014F09BFC10B1EF
S214024E7085F858704D20F8BD285000202DE9F041E5
S214024E8080461846033B012B0E46174602D918B138
S214024E9021243CE0FFF7FEFE294B1B78012B4CD069
S214024EA0284B1D78022D08D0032D46D1B8F1000FED
S214024EB003D1254B1B689B073FD43320FDF794FB99
S214024EC001F0E8FCB6F1006F34BF204B05223146F4
S214024ED04FF0060038BF1A78FEF776FA044628BB6B
S214024EE01B4D2873012000F029FF14F00AFE68808B
S214024EF02846B8F1000F0DD0022300F8043B15F047
S214024F00FBF86C732F613946304612F02DFD2046B1
S214024F10BDE8F081012300F8043B15F0EDF86C7350
S214024F202F613946304612F01EFDF0E72846FDF79F
S214024F305BFBB8F1000FF4D0E5E70224E7E700BF19
S214024F40C75E0020C65E0020A8420020146900202A
S214024F5014510020034B187818B9034B034A1B78E8
S214024F60D05C7047C55E0020C75E002023C80400E0
S214024F7038B5174B04461B78033B012B06D8437BF8
S214024F80DB0703D590F9090013F0DDF90025114B74
S214024F9083F859502079FFF759FFFFF7DBFF618846
S214024FA02488034622462846FEF720F8044620B107
S214024FB01720FFF715FE204638BD1723064DC821D9
S214024FC006486B6118F052FC03232B76F3E700BF0A
S214024FD0C75E00202850002014510020D86600200A
S214024FE0F0B51A4D06460C4693B0A5F8680005F1D2
S214024FF06A0729BBC5F86A10796012F0A6FC6A46F1
S21402500001460020FCF72CFAD5F86A30ADF810609D
S214025010CDF812307B68CDF8163012F096FC6A4650
S21402502001460020FCF7D2FC4FF6FF73B5F8680085
S214025030984203D014B1064912F099FC13B0F0BDA1
S21402504008223846F4F7E2FFD7E700BF28500020D0
S214025050925000202DE9F041DFF8B8801F4698F8FC
S214025060003005460C4616461BB102252846BDE80A
S214025070F081531E052BF8D818F0DCFD0028F4D179
S2140250803B7B032B14D14FF6FE739C4212D1012EAA
S21402509009D0022EE9D114F017FD4FF6FB739842A1
S2140250A003D814F011FD044604E015F0E2F9FAE71D
S2140250B0012EDAD0EDB939462046FFF765FA0546E5
S2140250C00028D3D198F80030332B03D0532B1CBFC3
S2140250D00E4B18613046FFF7DDFD00214FF6FF70DC
S2140250E0FFF77EFF0A4B1B78002BBFD00BF048FA67
S2140250F0BCE7397B721ECB1E594259415042504181
S21402510007F054F905460028D5D0AFE71451002021
S21402511015690020C65E00202DE9F843054688463C
S214025120914614F0D1FC3F4E04463378033B012BE4
S21402513006D86B7BDB0703D595F9090013F003F954
S21402514014F0C2FC384B394F188014F0DAFC384B96
S2140251501880FDF72DFA374B1880FDF72FFA082234
S21402516001463548F4F752FF14F077FC334B1870BB
S2140251702879FFF76BFE00216888FFF731FFFDF7FD
S2140251802DFB60B14FF6F672631E9BB2934206D9B0
S21402519015F06FF9B7F8683004468342F8D0204617
S2140251A014F09EFC288814F0B8FC4946B7F868004C
S2140251B0C047044628B91920FFF712FD1920BDE89A
S2140251C0F883B7F8681014F016FA00231C4D87F817
S2140251D059302B7803F0FB03022B02D0204614F042
S2140251E003FF002220461146FFF7F2F80446A8B154
S2140251F017236B613378042B09D1C821114818F0A4
S21402520035FB03232B7684F00100C0B2D7E74FF4B8
S21402521016710C4818F02AFB0023F3E71720FFF755
S214025220DFFCF0E7C75E002006580020285000206A
S21402523004580020025800205B5F0020635F0020B5
S21402524014510020D8660020F0B50C461E460B46C8
S2140252502049074689B004F1140053F8045B8342E0
S21402526041F8045BF9D11B8802AD0B80D4F80E001E
S214025270D4F81210238803C5ADF8103023798DF8C0
S21402528012208DF8133000233A468DF814304FF66C
S214025290FE71012002ABFFF7DDFEC8B902A8FFF7D8
S2140252A0AFF9237B4BB10C4D0C4B01AA29460120CA
S2140252B0019313F024F82A781AB92046FFF758FE0D
S2140252C003E020460199FFF727FF08B9044B1E703A
S2140252D009B0F0BD08580020145100200FA10300A9
S2140252E0645F002001232DE9F341304E05460F4648
S2140252F000202F491446737300F0EEFC13F025F8D5
S214025300DFF8AC8038B9012D01D9042D0FD1214622
S214025310384612F0B3FB102000210AF07FFC00286A
S2140253203CD0002002B0BDE8F041FCF7A3B8002C48
S214025330F1D1204B1B78212B03D0062B01D0532B07
S21402534002D101F00DFEE6E7FDF748FA0028E2D0AA
S21402535000F0EEFC28B9307BC0F11800FFF740FCE5
S214025360D9E7154B41462046019300F0B5FC20B123
S21402537040F61901114818F071FD01AA0B4998F878
S2140253800C0012F0BCFF32781AB90948FFF7F0FD9C
S214025390C1E701990648FFF7BFFEBCE7FFF78AF8A8
S2140253A00028BED102B0BDE8F08100BF1451002033
S2140253B008580020C65E00200FA10300787B040078
S2140253C01FB5144B04461B88DB0707D44FF6FF7045
S2140253D00021FFF705FE002004B010BD0A230E4A86
S2140253E0012001A9FDF77AF84FF6FF73BDF80C20ED
S2140253F09A42EBD00822FF2101A814F0F7FA0028FF
S214025400E4D10CB90120E7E7BDF80C0001A9FFF7CB
S214025410E7FDF7E72058002026E1010038B50C46E4
S214025420154614F05DFB03F0AFFE29462046FFF753
S214025430D7FD00F07DFC48B1074BDB790E2B28BF69
S2140254400E230133DBB2054A137038BD044B1B78BA
S214025450013B18BF0123F6E7085800207A5F0020B8
S214025460C75E002038B500220821044614F0BEFAB2
S2140254700546C8B914F028FB2A464FF6FF71FFF717
S214025480CDFF2046217CFFF72BFC6269E189207C58
S21402549001F076FF054B1B78012B01D107F0F6F8D9
S2140254A0FFF76AFB002038BD0120FCE7C75E00203C
S2140254B038B51D46FFF7CEFD0446C8B92B7B2846F5
S2140254C0032B03D1BDE83840FFF7CCBFFFF798F8AF
S2140254D0084B25469C8114F0C0FA0121064B8140F8
S2140254E01A780620FDF770FF044608B1034B1D70BC
S2140254F0204638BD1451002014690020C65E0020E4
S21402550030B5012087B0FFF75BFF6B460446144AAE
S2140255101068516803C384B905F0BCFE02A8FFF701
S2140255208DF84FF6FF752246BDF80E002946FFF7A6
S21402553075FF12F022FA07B030BD6B46094AD2F860
S2140255406A00D2F86E10B2F8685003C305F0A2FEE5
S21402555002A8FFF773F86A46BDF80E00E6E700BF3A
S214025560E00404002850002073B53A4B04461B782A
S2140255701BB10224204602B070BD18F05BFB002867
S214025580F7D100F0E5FB14B12288334B1A800021D4
S2140255900DF10700FDF7ACF8002856D114F09DFD7A
S2140255A004460028E6D12D4D9DF80700FFF772FB52
S2140255B02B785A1E012A1FD8FFF7A2FF2B78033B2F
S2140255C0012B01D801F014F9FFF7D6FA012014F0E6
S2140255D00BFA034600283AD12A78033A012AC9D898
S2140255E01D4A108810F0020521D0052201201C4910
S2140255F0FFF744FC0446BDE7033B012B04D82046D4
S214025600FFF7DEFE0028D7D12B78053B012BB1D859
S214025610FFF776FFFFF7B0FA2B78052B0CBF0420B6
S2140256200520FCF7E1FF012014F0DEF9E2E70D4E5B
S2140256300223314601200C4AFCF750FF33885B07F1
S21402564098D5284601F0E8F894E7172492E704462E
S21402565090E700BFC65E002020580020C75E0020EC
S21402566000F8FF07D257002027E101007FB500248B
S214025670184E194D3278E3B29A4201D804B070BD82
S2140256804FF6FF73B5F868209A421AD0134B1B8860
S214025690DB0714D5124AB5F8683010685168ADF8C1
S2140256A00C3001AB03C30F4A0A23002001A9FCF702
S2140256B015FF022300200C4A0C49FCF70FFF0134A9
S2140256C0D8E700220821064814F090F90028F6D1FF
S2140256D0DCE700BFED68002028500020205800209C
S2140256E09250002026E1010027E10100D257002057
S2140256F010B501F0CFF802F013F8D8B10E48FCF757
S21402570073FE0E480E4C017A0E30FFF7E9FA237844
S2140257101BB100F0BFFA002323700022094B1A7354
S214025720FFF72AFA08F056FD01F044F9BDE81040EA
S214025730FFF79CBF10BD00BFD866002008580020A7
S214025740645F00201451002010B52548FCF74CFE7B
S21402575001F0E6FF30B1234B1B781BB9BDE81040C1
S214025760FFF7C6BF01F0DCFF78B11F4C237E83B182
S214025770C8211B4818F07AF80021237E0846013B10
S2140257802376BDE81040FBF7E3BEFDF727F80028B6
S214025790EBD1FDF723F8154B1B7858B9112B03D024
S2140257A003F0FD03412B19D1BDE810400E4B58699A
S2140257B0FFF716BA332BF7D10D4B188814F090F971
S2140257C00C4B188814F0A9F90B4B0C491888FFF7F4
S2140257D007FC0B4B1878FFF739FBE5E710BD00BF57
S2140257E0D8660020C25E002014510020C65E00204B
S2140257F00658002004580020025800205B5F002054
S214025800635F00202DE9F04F0F4685B002AD0446D7
S21402581029463846914616F059F94FF0000B824653
S2140258203846CDF804B013F0AFFF4678022C804617
S21402583006F0020609D85CB1FCF7D0FF0446002841
S21402584048D1754B01241B7865E0043C022C3AD9FA
S214025850FCF7C4FF384613F010FF00240546A046A6
S214025860DFF8D8A1384613F08FFF50F809300DF153
S2140258700500019318F0D0FB9DF807B00746B8F173
S214025880000F4DD1BBF1000F5BD0DFF88C9199F879
S21402589000300BB1002E63D0002C61D05F4B1B781A
S2140258A0022B5DD1BBF1000F53D1384614F018F924
S2140258B058465946FFF714FA08F08CFC40F60740A3
S2140258C012F018F934E014F0D7FBFCF787FF044611
S2140258D0F8B15C464EB1524B1B78012B02D0043B0A
S2140258E0012B0BD805B0BDE8F08F4B4B1B782BB1C4
S2140258F04B4B1B7803F0FB03022BF3D0BAF1000FDD
S214025900404608BF002516F0D4F84FF0010882463C
S214025910A8E7414B1B78002BF0D0002EEED1E1E732
S214025920BAF1000FAED05046FDF73AFB0028A9D1D7
S214025930002017F0A5FD0028D4D0002013F032FF77
S214025940D0E74FF6F7739F429FD91720FFF748F923
S214025950EEE7FCF743FF48B13248FCF745FDF4E7B3
S214025960FCF73CFF10B1BBF1000FF5D1FCF736FF98
S2140259700028DDD02846FDF767FFFF28DFF89CA049
S214025980294C03D09AF80030012B04D12946B4F8EA
S2140259906800FEF7C5F8FEF781F92A463846B4F8DD
S2140259A06810FFF73BFD214B214A93F906301B0294
S2140259B013809AF80030012B19D0312B14BF4323E1
S2140259C011238AF800301B4B1648196817F04EFF51
S2140259D000F00EFF0023124C99F80010237641B90E
S2140259E0104817F043FF40F61B436361A0E71123FC
S2140259F0E7E7B8F1000F03D016B1FFF779FEF2E73A
S214025A000D4B1B78042BEED10521064817F02EFF0E
S214025A1009232376E7E700BFC25E0020C65E0020A9
S214025A2014510020D8660020285000200858002074
S214025A301E580020F8660020C75E0020495F00203E
S214025A402DE9F043084693B00E4613F09DFE092258
S214025A500021804617F05EFD0446304613F00DFE28
S214025A60052207460DF1090330460AA912F09CF8F2
S214025A70022881461DD09DF8093031461C44002379
S214025A80E4B204F1100218F8045001200093D2B2D6
S214025A900FF0E2FE68B1072D09D855B1013D062D7B
S214025AA007D8DFE805F00918068A062541007C2D8E
S214025AB045D013B0BDE8F0835B4B1B78013B012B4E
S214025AC0F7D8304613F058FD0023324619460094A4
S214025AD014F0D6FAEDE7554B1B78012BE9D1544B5F
S214025AE018780028E5D122463146FFF78BFEE0E71C
S214025AF04D4B1B78013B012BDBD8384609F0DCFF07
S214025B004FF6FF739842044606D0304613F034FD33
S214025B102246394614F040F8444B1B78022BC8D173
S214025B20384611F0A9FFC4E73F4B1B78013B012B17
S214025B30BFD8494630460AAA00F01EF9B9E73A4BE2
S214025B401B78013B012BB4D8A04498F8012098F8A2
S214025B500230652AADD16D2BABD1304617F0B6FDBB
S214025B601334E4B28442A4D20822394603A8F4F7D6
S214025B704DFA214630460DF10A0215F0EAFE0028DB
S214025B8097D1BDF80A30002B93D005A809F0B0FAD9
S214025B900123284DBDF80A002B7017F097FD044626
S214025BA0BDF80A0017F076FDE2B2034605A903A87F
S214025BB011F0FCFE00232B707BE71B4B1B78013B8E
S214025BC0012B3FF676AF06220021404617F0A2FCD4
S214025BD0404418F021FA0746FCF758FE044600280F
S214025BE07FF467AF304613F0C2FCC3047FF561AFA3
S214025BF046F204030121ADF8143038460223CDE9FB
S214025C00004405AA15F0F4FE054600283FF451AFFD
S214025C10394613F0F0FC304613F0AEFC2246294615
S214025C20FDF706FA45E700BFC75E0020C65E002005
S214025C3014510020955F002008B5084B187050B12B
S214025C40074B1B883BB14FF47A710648594317F04D
S214025C500DFE002008BD0120FCE700BFB95E002053
S214025C608C68002054410020014B1878704700BF12
S214025C70B95E0020014B1880002070478C68002017
S214025C8008B5FCF7B1FB0022014B1A7008BD00BF35
S214025C90B95E002010B50024044B05481C80054B55
S214025CA01C70FCF7A1FB204610BD00BF2258002046
S214025CB0FC6600206E5F002008B50348FCF794FBE4
S214025CC0BDE80840FFF7E6BFFC6600200148FCF787
S214025CD09BB800BF22580020F7B5134B04461B782A
S214025CE00E46EBB183421DD90021104818F0F8F990
S214025CF0002501460D4F09B9012009E0AC4209D141
S214025D000024162322463046009418F086FA2046CF
S214025D1003B0F0BD384618F007FA01350146EAE747
S214025D201820F5E72720F3E76E5F002022580020B0
S214025D30014B1878704700BF6E5F002025289DBF74
S214025D40024B187000202120704700BF1769002000
S214025D50012307B51846064A0DF10701FCF7BEFBFC
S214025D609DF80720034B1A7003B05DF804FB00BFD2
S214025D7029E101008E680020F8B507460E46144653
S214025D8013F07BFC1A4B05461B78022B2FD11948C1
S214025D9018F0D4F958BB284611F023FF38B3224630
S214025DA03146384611F019FF08B311F0D1FD04460A
S214025DB0384613F0E1FB104B012E1A784FF00F0312
S214025DC003FA02F39BB2B4FBF3F203FB124404F1B0
S214025DD00104A1B206D1094B094A1E702B68136052
S214025DE06B6853600348BDE8F84017F03FBDF8BD46
S214025DF0C65E002074420020166900206D5F0020F7
S214025E00655F002084B010B502AC84E80F0008225B
S214025E1027480DF11601089CF4F7F2FB08BB9DF823
S214025E2015309A0705D4234B1B7803F0FD03312B5C
S214025E301DD121496378097803F00F028A4203D004
S214025E40012922D1022A12D1227882B91B09022BF9
S214025E500DD11A4BA0781B78022B1AD1C0F3800002
S214025E6006E000220821124813F0C0FD20B90020E7
S214025E70BDE8104004B07047114BBDF808205B889F
S214025E809A42CCD0002BCAD0F1E70229EFD1012AE0
S214025E90D9E7030609D40B4BB3F86820BDF80A30DD
S214025EA09A42E4D1FEF714FCE2E70120E0E700BFE5
S214025EB018510020C65E0020E1680020C75E002060
S214025EC01451002028500020284BF0B55D8800238E
S214025ED087B08DF80830264B0DF10B001B7805F0C5
S214025EE0010743F020038DF8093014F005F96FF02E
S214025EF07F43ADF813308DF8153014F07BF91D4B47
S214025F008DF816001B7805F01006DB00DCB2F0F701
S214025F10A3FF194B1B7883422CBF44F0040344F0C2
S214025F2084032FB1A9061ED426B143F0020301E072
S214025F30AA07F9D4002108468DF80A3017F01EFC8D
S214025F40ADF8060058B101230F2202A90DF1060092
S214025F50FCF79EF918B90DF1060012F0CDF9BDF85E
S214025F60060007B0F0BD43F00103DDE78E680020AF
S214025F70E16800207A5F0020BF5E002010B5FCF7C3
S214025F8033FA0A4B1B78022B0CD1094B1B78033BC6
S214025F90012B07D9074C207828B1002011F024FEE7
S214025FA00023237010BD13F0CAFDF9E7C65E002079
S214025FB0C75E00206D5F002084B02DE9F0478EB0EA
S214025FC016AC84E80F00DFF878C1594BBCF8020023
S214025FD09DF85DA010F001049DF96220BDF870E006
S214025FE09DF875909DF976709DF878509DF97A1017
S214025FF09DF95E809DF860601B7835D09DF87D0027
S214026000C0F34004C0F38000002B4AD0494B1B78F3
S214026010022B09D18A4244DB24D1A81BC0B28028B5
S2140260208CBF0020012016E0434B1B78012B01D1C8
S214026030002C7AD078B19CF800301E335BB29F42B7
S214026040D4BF002701279845D4BF00230123BB42B3
S21402605006D18A42E0DA0EB0BDE8F04704B07047D7
S2140260603846F8E70020F6E710F0020F18D0C3B162
S214026070490814BF01200020520814BF0123002340
S2140260808342E8D1AB1BDBB2802B0AD9AE42E9D100
S214026090B84506DB49D1CA452CBF00200120DAE705
S2140260A00BB90120D7E7AE4216D002AC1CAF0FCF19
S2140260B00FC497E8030044F8040B2180DDE91A01B7
S2140260C016AB0090ADF804100FCB12F00FF90028B3
S2140260D0E7D1AE42A1D1BEE7BDF8583073451ED017
S2140260E008AC0DF1700CBCE80F000FC49CE803006E
S2140260F044F8040B2180114C638873450FD10822A3
S214026100211D0DF12E00F4F77BFA024638B908215C
S214026110201D13F06BFC10B96388002BC1D1B84563
S214026120BFDBC2D1CA45BCD3BFE7204693E700BF58
S2140261306E5F0020C75E0020C65E0020145100205D
S2140261408E68002084B02DE9F04F8FB06A4E18ACEE
S21402615008AD84E80F00162200212846F3F704FF54
S21402616033783BB90024654B32781B789A4239D291
S214026170002726E00021624817F0B2FF00270446F7
S214026180B846DFF87C91002C45D13FB1224639460D
S2140261905B4813F08EFB3378013B33703378002B69
S2140261A0E0D0002156484FF0000917F099FF4F46FD
S2140261B08046CA46DFF848B1B8F1000F6CD1002F0E
S2140261C0D1D01621002218A813F0F9FA014648B1D8
S2140261D0002F00F08B802246494813F010FB3378DC
S2140261E001333370454B32781B789A4207D94448BC
S2140261F00022018813F05DFB3378013B337033785D
S214026200012B03D13F49404817F030FB0FB0BDE8E1
S214026210F04F04B070470022214616232846CDF8D8
S214026220008017F0FAFF1622294618A8F4F7E8F9B4
S2140262300028EBD09DF864209DF824309A4225D1A0
S214026240BDF86020BDF820309A421FD108220DF119
S2140262502E010DF16E00F4F7D3F9B8B902AF0DF1C5
S214026260600CBCE80F000FC79CE8030047F8040B5D
S21402627039800EAB13E903000090ADF8041095E8E0
S2140262800F00FFF799FE0028C0D027462146484651
S21402629017F04AFF044676E71623002241462846B0
S2140262A0CDF800A017F0B9FF02AF0DF1600CBCE804
S2140262B00F000FC79CE8030047F8040B39800EABAB
S2140262C013E903000090ADF8041095E80F00FFF7FD
S2140262D073FE074620B1B9F1000F04BF444681465B
S2140262E04146584617F020FF804665E73A4604487E
S2140262F017F0FCFE73E700BF6E5F002017690020F0
S2140263002258002020BF0200FC6600202DE9F04F34
S214026310002104469FB00DF14008162240460E9119
S214026320CDE90C11CDF83B10F3F71EFE05222046F0
S2140263300DF11F0316A911F037FC0228074600F0DC
S214026340F880204613F020FA064617F065FE8146CE
S214026350F01C17F061FEADF84000701D17F05CFEF1
S214026360012FADF84200204640F0E68013F00CFA0A
S2140263700546204617F08EF90D3502232D1A009396
S214026380214643460820EAB20FF066FA002800F0DB
S214026390D080204613F0FDF9012F83469DF84D303C
S2140263A040F0E38000252F4643F001038DF84D3080
S2140263B016AE3388022B4DD1F178204602310CF00E
S2140263C00FF81B2846D1F178204603310CF008F866
S2140263D019283FD1F178204604310CF001F84A28FA
S2140263E038D14FF0050AF1782046013151440BF0BE
S2140263F0F7FFF1780590514420460BF0F1FF059B1C
S21402640000EB032083B200F03F02932B059240F08C
S2140264109B800023F778214602375744FFB23A465C
S21402642000930CA80F2317F0F8FE07F10F01204681
S21402643015F025FA07F111010546204615F01FFA58
S214026440ADF84200059B023353445FFA83FA337970
S2140264505345C8D806360DF17603B342A9D19DF846
S2140264604D20C5F3C03363F3410220468DF84D201C
S21402647013F021F98DF84400204613F011F98DF837
S2140264804500204613F011F99DF83230BBF1190F82
S214026490C3F3C3028DF84720DDF833208DF846009B
S2140264A0CDF84E20DDF83720CDF8522094BF0022DA
S2140264B09DF83E208DF8482003F003028DF84A200E
S2140264C06E4A1278022A9DF84D200CBFC3F3800351
S2140264D0DB0963F382026A4B8DF84D201B78022B90
S2140264E057D1BDF8406013F00CFB864251D108A884
S2140264F013F002FEBBF1190F48D908220DF14E0126
S21402650008A8F4F77DF800283DD1B9F5004F02D06F
S214026510B9F5624F0DD140F6FF7325F440459D4212
S21402652007D1002208210DF14E0013F05FFA002871
S2140265303FD01FB0BDE8F08F13F026F9054620467F
S21402654017F0A8F8073518E7412B7FF47BAFF178F0
S2140265502046023151440BF043FF4A4B1B78C3F1ED
S214026560B30318448DF849006CE76FF30003F01D7F
S2140265708DF84D3017F050FD0CA90546204613F055
S214026580EFFD0B276BE700F0B3FFBEE700F0B0FFAE
S214026590CFE7B9F5004F02D0B9F5624FC9D140F640
S2140265A0FF7325F440459D42C3D1BBF1190FC0D9F4
S2140265B0B7E7BBF11A0F06D007F11F014246204685
S2140265C0C9B211F09BFE304C304D637BDBB12B78A9
S2140265D0012B1DD1012323730CAB029314AC94E858
S2140265E003000090ADF8041098E80F00FFF70AFCCD
S2140265F090B194E803000090ADF8041098E80F00FC
S214026600FFF7A0FD08E0FCF7E9F80028DFD0E1E795
S21402661003F0FD03042BDDD02B78012B01D0042BD5
S21402662087D11B4BDDF84E001B78DDF852108DF833
S2140266302230BDF84030ADF820309DF84D30C3F31F
S21402664040038DF823309DF8313003F00F038DF8A8
S2140266502C309DF848308DF82D3009AB03C30D4B16
S2140266601B681BB1414608A8984762E79DF9462079
S2140266709DF8451008A811F0FDF95AE7C75E0020FC
S214026680C65E0020755F002014510020525F002075
S214026690745F0020085100202DE9F043424B434C22
S2140266A01B7885B0033B012B22D817F0D0FB23784A
S2140266B0022B31D13E4A1468A0422DD03D491060CB
S2140266C00A68121B10443C4A0860127872B1013AFA
S2140266D093403C2253434FF47A72534398421BD959
S2140266E0032005B0BDE8F043FBF77EBF0A23F2E7BE
S2140266F017F0ADFB2378022B0ED12D4A1568A8425F
S2140267000AD00027DFF8BC802C4E1060451B98F894
S2140267100030FCB2A34202D805B0BDE8F08356F8BA
S214026720243020462B4446F8243017F02BFAC307B1
S2140267304FF0000910D5204609F0FEF970B156F860
S2140267402430242B08D9102200232046CDF80090AE
S21402675009F00CFA46F824900137D8E7184B1B5D6F
S21402676013F00F031FBF03F1FF32022393403C22B4
S2140267700CBF0A2353434FF47A72534356F824202D
S2140267809A42E9D9204609F067F902A914F0FFFCFB
S21402679028B1204609F060F902A911F0E9F820466E
S2140267A014F08BFDD8E700BFC75E0020C65E00204F
S2140267B0A04200209C420020DC680020B840002056
S2140267C06B5E0020F3680020064B1B88DB0708D5AB
S2140267D00022054B43F82020044A135C63F00F03A3
S2140267E01354704724580020B84000206B5E0020E7
S2140267F008B517F02CFB0022024B1860024B1A60F9
S21402680008BD00BFA04200209C420020014B186831
S214026810704700BF9C42002008B50C48FBF7E4FD19
S214026820FBF736FF80B10A4B0322B3F8681001204B
S21402683011F086FD4FF47A71064B04481B885943C3
S214026840BDE8084017F012B808BD00BF1C6700205C
S214026850285000206E680020014B188000207047E8
S21402686092680020044A054B1870138823F003032D
S214026870184310800020704724580020DD6800204E
S214026880034B1888C0F30E00003818BF012070476B
S214026890D257002008B5FFF7F3FF30B100200449B5
S2140268A00223044A0880FBF719FE002008BD00BF39
S2140268B0D257002027E10100024B1888C0F30E00D1
S2140268C0704700BFD25700200023084A01201370E9
S2140268D0074A08491370084B084A1B7843F004031A
S2140268E013800223064AFBF7F9BD00BF715F002042
S2140268F0705F0020D2570020DD6800202458002058
S21402690027E1010013B514468DF80710DAB9CAB2AA
S2140269100E2A18D80E4B1B881341DB0713D517F027
S214026920D9F8FF2811D09DF807200A4B0DF1070170
S2140269301A5400F58330012200F58070E5F7D4F989
S214026940204602B010BD0124FAE70224F8E700BF91
S214026950926800206B5E002030B5012100240B23D4
S21402696085B0104D019400918DF80C308DF80D0015
S2140269700323B5F8680003AA8DF80E4015F038F820
S21402698068B1B5F8681013F0D4FC40B10522064B86
S21402699064211A70054B06481C7016F067FF05B096
S2140269A030BD00BF28500020705F0020715F0020BD
S2140269B03C670020064B1B78033B012B06D8054B91
S2140269C01B781BB9044B1878FFF7C6BF704700BF89
S2140269D0C75E00206F5F0020DC68002010B51548F7
S2140269E0FBF702FD144B1978F9B9144A13787BB1F8
S2140269F0013B1370124B1B78042B02D10846FAF7A0
S214026A00A7FDBDE810404FF496710A4816F02EBF57
S214026A100C4A128802F00302022A0AD1BDE810408C
S214026A20032201200849FEF729BABDE81040FFF705
S214026A30C1BF10BD3C670020715F0020705F002060
S214026A40C75E0020D257002000F8FF071FB50C23B0
S214026A508DF80C300B4B0C461B88012123F00403E7
S214026A608DF80E3000238DF80D00CDE90013204678
S214026A70032303AA14F0BCFF10B1214613F059FCFD
S214026A8004B010BD24580020F8B5064612F0DFFD0B
S214026A900546304614F0D0FF411C044689B2304603
S214026AA00BF09EFC02340746A1B230460BF098FC6F
S214026AB0394602462846FFF725FF022816D0294601
S214026AC0FFF7C4FF0A4B1B8803F00303022B0DD10A
S214026AD0284616F0FFFFFF2808D00022054B43F891
S214026AE02020054A135C63F00F031354F8BD00BF61
S214026AF024580020B84000206B5E0020084B1A780D
S214026B005AB10223013A93404EF6602253430321C0
S214026B100448B3FBF1F116F0A9BE42F21073F6E791
S214026B20DC6800203C67002070B505461748FBF776
S214026B305BFC0122164B28461A7014F07DFF411C9E
S214026B40044689B228460BF04BFCA11C064689B2C5
S214026B5028460BF045FC0F4C0223208021460020DD
S214026B600D4AFBF7BBFC86B9238803F00303022B0E
S214026B7003D1FFF73DFEFFF7C1FF23885B0704D56D
S214026B80BDE870400548FFF747BE70BD3C67002071
S214026B90715F0020D257002027E101001C67002009
S214026BA02DE9F0431F4C0546238889B0002B33D0CD
S214026BB01D4E00214FF4807009F09CFA3378DB07F3
S214026BC028D50121208816F09DFD0746208812F060
S214026BD0DBFD023017F020FA05A98046208815F062
S214026BE031F83378384613F0020F104B18BF0025E1
S214026BF0B3F8009016F06AFD0646384616F04AFDCF
S214026C00F6B20290424606212846CDE9009605AB2A
S214026C1010F0EEFE00232380054809B0BDE8F043DD
S214026C20FBF7E2BB2C580020725F00202858002099
S214026C305C6700202DE9F047304F80463D880E46BF
S214026C4014469946ADB3104612F0ACFCB0F5006F90
S214026C502FD1204612F0B9FC824616F03BFFFF28E1
S214026C6027D02EB1264A32F810302B4322F81030A5
S214026C70B5F5007F36D0B5F5806F33D0B5F5807F99
S214026C8017D1204B1B88A3421CD14FF6FF718A45B1
S214026C900FD0204612F0AFFC284609F059FA50B938
S214026CA03046FFF77DFF0023174A1380174A3B80C2
S214026CB01370BDE8F0870220002108F0AFFF00281D
S214026CC0EED1F0E7104D2B88A342F2D14FF6FF71BA
S214026CD08A45EED024B1204612F08DFC00232B808C
S214026CE00023E3E70023094A3B80137031464B46F4
S214026CF022464046BDE8F04713F0A3B826580020C7
S214026D00C05700202C5800202A580020575F002029
S214026D1010B5044640F62140FFF742FF01214FF42A
S214026D20807009F0E7F978B10022084B1C80084B06
S214026D301A700BF0D5FCBDE81040064B1880064BC7
S214026D400648198816F092BD10BD00BF2C580020C8
S214026D50725F002028580020706800205C670020C0
S214026D60044A137818B943F001031370704743F0CE
S214026D700303FAE7725F00202DE9F04FDFF84C912B
S214026D8087B099F80060002E40F08C80DFF840B1A2
S214026D90DFF840A19BF80030F4B2A34207D80022E5
S214026DA0424B1A8007B0BDE8F04FFDF7ABBB20465A
S214026DB03AF8145008F0C0FE8046002860D02046FC
S214026DC008F04AFE15F40071074645D001464FF614
S214026DD0FF720E2013F0D0FB0546002850D039462D
S214026DE012F009FC4FF400730027304E2046338021
S214026DF03AF8142022EA03032AF814301022002359
S214026E00009708F0B3FE2A4B1B88DB0707D5294BF1
S214026E10294A43F82470135D63F00F0313551820B4
S214026E2000216043254B264C0093019101232A46FC
S214026E30205CFAF7B1FB002814BF0123002389F86F
S214026E40003005D13388B3F5807F01D11D4B188001
S214026E50404607B0BDE8F08F680513D5059113F0DC
S214026E6008FB012205990346009207203A46CDE91F
S214026E700111FDF765FC4FF480630546002DB3D182
S214026E80013687E7104B18880028F9D0EA05F7D5AF
S214026E90394612F0B0FB0C4B1D880A4B1D804FF48E
S214026EA08073EBE74FF00008D2E700BF26580020B9
S214026EB024580020B84000206B5E0020356C02008B
S214026EC0801300202A5800202C580020575F0020EC
S214026ED0F3680020C0570020042230B501F04003BA
S214026EE087B0002B054614BF012400248DF80C2021
S214026EF08DF80D1004D004A914F049F938B304AB88
S214026F00CDE9004301210223284603AA14F070FDAE
S214026F100446F0B1104B1B78033B012B04D80F4BF1
S214026F20B3F8681012F067FB4FF6F7739D4209D963
S214026F30322202212046FDF74BFA80F00100C0B251
S214026F4007B030BD2946204613F0F3F9F5E70120D5
S214026F50F6E71920F4E700BFC75E0020285000209D
S214026F6010B5FFF797FC04F0DBFF13F03BF80020A8
S214026F7014F008F916F05EFE08B1FCF7B7FA204CDA
S214026F802378532B12D1032323700023FF221946A2
S214026F900120FDF773FF002016F072FA10B10020F0
S214026FA012F000FCBDE8104011F0CEB9062B01D05D
S214026FB0212BF0D10120FDF705FF4FF6FE7012F0EF
S214026FC08FFD4FF6FF7012F0A8FD0020FDF732FE8F
S214026FD00020FDF75FFEFDF7AFFD00F087FB11F026
S214026FE0B6F92378212B02D1FDF782FBD3E70020E6
S214026FF0FBF7FAFA00214FF4004013F0C5FECAE789
S214027000C65E002010B50A4C0A48FBF7EDF9237855
S214027010062B02D10120FDF7D5FE2378062B01D0E0
S214027020532B03D1BDE81040FFF79ABF10BD00BF37
S214027030C65E00207C6700202DE9F84FDFF8CC8082
S21402704004460E461746FFF725FC98F8005015B979
S2140270500220BDE8F88F212DFAD0DFF8B49099F817
S2140270600030012B01D1A306F2D4274817F066F8A8
S2140270700028EDD114F0200439463046DFF894B0EB
S214027080DFF894A005F00F051BD010F06FFC012D61
S2140270908BF80070AAF8006033D1212388F80030FC
S2140270A0FFF75EFF0020D4E7212388F80030FFF7C1
S2140270B057FF00214FF6FE70FDF792FFFEF7D6FA55
S2140270C0F0E710F052FC012D8BF80070AAF8006071
S2140270D0EAD0062321464FF6FD7088F80030FFF707
S2140270E0FBFE40F6020240F2262199F800300648DE
S2140270F0033B012B88BF114616F0B8FB002CD1D1FA
S214027100D7E75323E6E700BF7C670020C65E002071
S214027110C75E0020735F0020946800202DE9FF41BF
S2140271200F460546511C38460BF05AF904463846B7
S21402713012F02AFB0646023016F06EFF424B8046DD
S2140271401B7804F04002022B02D0043B012B06D827
S2140271503E4B1B68580205D5A10603D452B304B0B1
S214027160BDE8F08132B33A4A1278D11E012917D807
S214027170384BB3F86830AB42F1D17378180714D5A0
S214027180304614F096FCFBF70BFF0028E7D00122EE
S214027190294604F0200004B0BDE8F041FFF74CBFDA
S2140271A0022ADCD1DF01DAD4E7E712F08DFC404593
S2140271B0D5D1ECE7264B1B78013B012BCFD8737851
S2140271C0D906CCD502A9384614F080FC002002A9C4
S2140271D016F050FCFF2806460BD0A20601D412F089
S2140271E0EEFF304608F038FC04F0BAFE304614F0E3
S2140271F064F8284616F0EDFFFF280DD0FCF766FB74
S21402720014F0200608D112F05FFC28B133460222A1
S214027210284602A905F0E0FF12F056FC00289ED18F
S214027220A3069CD402A94FF6FF73022228460EF04C
S214027230D4FA4FF6FF72034600922846022202A9AB
S21402724010F086FC8BE700BFC65E0020A842002036
S214027250C75E00202850002038B504460D4616F0BA
S21402726039FCFF28034615D00B4A127842B10B4A66
S21402727032F81020520403D514F01FF8002038BD4F
S214027280184612F09CFF204645F04001BDE8384003
S214027290FFF722BE0120F2E7C25E0020C0570020A0
S2140272A038B5054612F070FA0446284614F0C4FBB8
S2140272B0411C89B228460BF093F842060DD5637836
S2140272C01B070FD5204614F0F4FB0146002016F0EB
S2140272D0D1FBBDE8384013F0F0BF0348BDE83840A4
S2140272E0FFF790BE38BD00BF7C67002038B54FF66A
S2140272F0FF75A842044617D012F003FCA04213D032
S2140273004FF6FD72094B198891420DD9084A128828
S214027310AA4201D0A24207D11C804FF47A71BDE87E
S2140273203840044816F0A2BA38BD00BF7A6800207A
S214027330966800203442002008B50448FBF754F84B
S2140273404FF6FF72024B1A8008BD00BF344200207F
S2140273507A68002037B505460C46082369460120A0
S214027360064AFBF7BBF815B19DF806302B700CB138
S214027370009B2360BDF8040003B030BD25E1010088
S21402738007B508238DF80600ADF80410009269468A
S2140273900020034AFBF7A2F803B05DF804FB00BF27
S2140273A025E10100024A13780BB1013B13707047C6
S2140273B0B55E002008B512F0B0FB00214FF6FF7252
S2140273C0054B08461A80FDF78BFCBDE8084040F6E0
S2140273D0164010F08FBB00BF7A68002008B5FBF796
S2140273E003F80A4B1B78023B032B08D84FF6FE73B2
S2140273F0074A108898424FF6FF7301D1138008BDE2
S2140274009842FCD0BDE80840FFF7D4BFC65E002015
S2140274107A68002010B5084B1B78042B0AD012F0AD
S21402742053FB002104460846FFF794FF231A5842EE
S214027430584110BD0020FCE7C75E0020F0B50026CC
S21402744089B00546CDE90566ADF81C6014F0F4FA7D
S2140274500A23024604462946009605A816F0DDFED3
S2140274609DF815309DF814701F2B27D803A812F02C
S21402747043FE08220DF1160103A8F3F7C1F80646EB
S214027480E0B9092F1CD1FFF7C5FFB8B1144B1B7822
S214027490A3B1144B1A884FF6FD739A420ED9124CBA
S2140274A0124A23780433DBB223701278013AB3EB24
S2140274B0820F03DD58B20EF0E6FB267009B0F0BD6F
S2140274C00A34E4B2214628460AF08AFF12F09DFEEC
S2140274D0611C284614F0D3F9FFF708FFEEE700BF59
S2140274E0F56800207A680020B55E0020DB68002080
S2140274F038B5134B1B78033B012B20D9114B4FF6A3
S214027500FF711B78ABB1104D2B888B4217D112F04E
S214027510F8FA4EF6602104460C4816F0A7F94FF624
S214027520FE7322462B800021BDE83840092012F067
S2140275307ABE074A13888B421CBF0133138038BDBC
S214027540C75E0020F56800207A68002034420020DA
S214027550CE57002010B5044661B1FF2112F0B5F8EF
S2140275600021204612F0B7F811F0E5FF014620464A
S21402757012F0B7F82146BDE810400022014816F086
S214027580B5BD00BF305800202DE9F0410D46174624
S214027590044612F0F9F806782846FBF777F92946EA
S2140275A08046204612F027F812F08EFAA84206D13C
S2140275B020460121FFF7CEFF0120BDE8F0812846D4
S2140275C0B8F1000F0AD0FBF7EFF950B9144B3A4660
S2140275D02046BDE8F0411978FCF7FABE13F0FCFD30
S2140275E0F3E706F00306012E08D012F06DFA002328
S2140275F02246294602F030FF0028D9D1204611F053
S214027600B6FF430505D52046BDE8F041002112F03D
S2140276109DBB204613F0B3FDB0FA80F04009CCE7DC
S214027620D968002010B586B0044614F005FA104B4F
S2140276300246186819790290D3F805005B7A01327F
S2140276408DF8143000238DF80C1004902146009318
S21402765092B2052304A816F0E0FD052204A902A8AA
S214027660F2F7CEFFB0FA80F0400906B010BD00BFB8
S2140276708CC7040008B50748FAF7B6FE064B1B7817
S214027680033B012B05D8BDE8084000210846F9F760
S2140276905FBF08BD9C670020C75E002008B5114882
S2140276A012F041F9104B1B78012B06D8FF2009F087
S2140276B0FDFBFCF751FD08F09DFCFCF76BF902F0B0
S2140276C06BF9FFF701F914F04EFB0BF05BFBFCF7CE
S2140276D0F9FE0BF085F810F04DF9BDE8084003F00E
S2140276E0B1B900BFF0500020DA68002008B5EFF705
S2140276F001FDFF2803D0094B1B78012B06D9002079
S21402770009F0D4FBFCF728FD08F074FCFCF742F9FC
S21402771002F042F9BDE8084003F094B9DA680020A6
S214027720064B1878112806D000F0FD00A0F14103A0
S2140277305842584170470120704700BFC65E00207D
S2140277402DE9F0410446FCF7AFFC18B1002630469E
S214027750BDE8F0811D4B1B78033B012B09D81C4B5F
S214027760B3F868104FF6FF739942EFD0204611F037
S21402777042FF184B022120461A88FCF729FE0646CD
S2140277800028E3D0204611F0FFFF90F80780054658
S214027790043016F041FC074612F096F941460246BE
S2140277A03846FCF799FCA81C16F036FC4FF6FF7319
S2140277B0984202D12046FFF7ABFA2B789B07C6D138
S2140277C001212046FFF7C6FEC1E700BFC75E0020C4
S2140277D0285000202E5800202DE9F04F002585B0B5
S2140277E00746039511F0D0FF0646043016F014FC47
S2140277F08046B01C16F010FC3378044640460093D0
S21402780016F068F982464046FBF740F83378BAF13C
S214027810FF0F0CBF83464FF0010B9A070AD112F0F6
S21402782053F9404514BFD9464FF00109B3791BB945
S2140278300320B9E0A946F9E712F046F9A04205D1BD
S21402784012F042F90446994B1B7836E0984B1B78A7
S214027850052BF8D0033B012B03D8964BB3F86840B0
S214027860F1E7204616F0D2FC737840B313F0040218
S214027870DFF838820BD198F800301A442146384691
S214027880D2B2FFF781FE0028D2D000208CE0384624
S21402789014F094F80146054638460AF0A1FD421C4B
S2140278A052002946384602F0FE0212F002FD7378B4
S2140278B023F00403737098F800300022DDE75B07BC
S2140278C026D5384614F07AF80146064638460AF0B7
S2140278D087FD824606F101091FFA89F949463846AC
S2140278E00AF07EFDDFF8C481BAF1000F01D0FF284E
S2140278F005D10022494638460AF086FDDBE7B11C70
S21402790001EB4001C9B2384613F0B9FF0446D2E78C
S214027910204603AA02A913F0AFFD0546B9F1000FEF
S2140279204AD0009B03F0C003802B0ED1FF232046D3
S2140279308DF809300BF03EFAFF281BD00DF1090234
S2140279400DF10A010BF02AFC14E0402B34D19DF80D
S21402795008308BB3FF2320468DF809300BF02AFA45
S214027960FF2807D00DF109020DF10A010BF016FCF3
S2140279702D281CD13378404603F03F03337016F0AF
S21402798045FC10B912F0A0F880460023424619467C
S214027990204608F04FFE00283FF44AAFC8220721CF
S2140279A038460AF055FF012005B0BDE8F08F9DF875
S2140279B00930FF2BDED12546039838B99DF80820FA
S2140279C0002A62D1394B2C461B7856E709F032FA68
S2140279D0039AFF280346127908D1CDE900204FF416
S2140279E0E171354816F03AFADDE90023B9F1000FE5
S2140279F0E4D002F03002102A0AD0202ADED1BBF1EF
S214027A00000F24D05146184609F016FC0028D5D19E
S214027A10DFF8A89099F80030012B45D0204610F0E8
S214027A206FFC28B92A4621464046F37913F0A7FC94
S214027A30A54212D1039A137923F00C0313719DF811
S214027A400830ABB92C46194B1B78302215E7039B3E
S214027A501B7913F00C0FDBD1B0E799F80030022B3C
S214027A60E8D0039A137923F00C0343F00403E5E706
S214027A700121204612F06CFA20B920460BF09AF942
S214027A80FF280FD0094B1B78DFE70121204612F0B2
S214027A905FFA00287FF4D7AE20460BF08BF9FF285A
S214027AA07FF4D1AE02207FE7A542D9E72E58002008
S214027AB0C75E002028500020EE7B0400775F00207F
S214027AC038B50E4B04461B780D46033B012B10D9E6
S214027AD000F108039BB2012B0DD811F0F5FF00232D
S214027AE002462946204608F0A5FD80F00100C0B2F5
S214027AF038BD0120FCE70220FAE700BFC75E00207F
S214027B002DE9F041064610460D4613F095FFA0F10A
S214027B101004E7B256FA84F42146EA1B04F10E007A
S214027B20F2F774FA2823DFF84480F35598F8003009
S214027B30637301F045FF611C0246012010F01AFC37
S214027B4008220949601DF2F761FA98F8000013F05E
S214027B5089F905F10E0130463B460022C9B201F012
S214027B60E1FF1220BDE8F081495F0020C15E0020DF
S214027B702DE9F04F89B0044611F006FE0546204670
S214027B8011F065FD0746281D16F046FA8146A81C28
S214027B9016F042FA0390384695F807A016F036FB20
S214027BA02B780490990761D12146042002F0C2F88E
S214027BB000285BD0204613F03FFF014620460AF01D
S214027BC00FFC820752D1204613F036FF01462046AC
S214027BD00AF006FC10F00303059347D12046FFF790
S214027BE021FD002842D0204614F01BF8461C2046F1
S214027BF015F06CFDF6B206F10A0B834580F29F8003
S214027C00504A06AB1068516803C3711C20460AF03E
S214027C10E7FB3146804620460AF0E2FB594600EB77
S214027C20082820460AF0DCFB8346059B2146B21C48
S214027C30009306A8082316F0F0FA1FFA88F82046E2
S214027C4011F005FD5A46414610F088FB01224046D7
S214027C5006A901F09BFB002871D102200BF036F832
S214027C60013003D1404606A9EFF712FB11F02CFFB4
S214027C7048453A46514608D112F098F900285ED196
S214027C8009B0BDE8F04F01F077BB484612F08EF916
S214027C90002854D12C4B1B781BB93946484612F0A3
S214027CA022FB3A4651464846FCF716FA002846D0CA
S214027CB0297811F0030102D12046FFF74BFCAB797D
S214027CC0002B3CD0214B1B78DA1E012A37D9062B13
S214027CD035D06B78DB070DD503982E7A13F061F951
S214027CE010B3F30803F01C0326F01F06334343F0D9
S214027CF001032B724FF6FF71204611F07CFC049BA9
S214027D00DBB90FF025FE00F03F0202212046FCF709
S214027D105FFB4FF6FF73039A9A4210D1204609B0D2
S214027D20BDE8F04FFEF7F4BF06F01C031C2BE1D0B3
S214027D30042B04D9043E2E72DCE70022E5E709B0E4
S214027D40BDE8F08FE0040400BD5E0020C75E0020A0
S214027D502DE9F04385B004460E46174611F011FC95
S214027D600C2820467BD111F00FFD0922002115F0C8
S214027D70D1FB00F11005EDB2294620460AF030FB91
S214027D80042853D006D8012815D0022822D005B0E0
S214027D90BDE8F0837C28FAD1204615F097FC05460C
S214027DA0204615F077FC02463046E9B205B0BDE83B
S214027DB0F0430FF0F9BD46B91321204613F05FFDDC
S214027DC005B0BDE8F04311F0A8BE05B0BDE8F0432B
S214027DD0FCF7ACBE9D4B1B78013B012BD7D8204647
S214027DE0E91C0AF0FDFA074686B978B9691C2046EE
S214027DF013F045FD0546214613F022F83A46294679
S214027E00102005B0BDE8F04316F0CFB800250823D1
S214027E102146152200950DEB030016F0FEF92846C2
S214027E2002A915F027FE13F048FAB0E7884B1B7834
S214027E30022BACD146B9FEF73FFDC2070AD5FEF7C4
S214027E40D7FC002F08BF3F26304605B0BDE8F043FA
S214027E500FF0B6BDFEF714FD0028F0D0F1E711F0E2
S214027E6093FC8046043016F0D7F8074608F1020065
S214027E7016F0D2F84FF6F773984205460CD8754AB4
S214027E80138801339BB213800BB9734A13801EB159
S214027E90714A13880133138098F8009009F0030999
S214027EA0B9F1010F40F08380204613F0C5FD01466C
S214027EB020460AF095FA043809283FF668AF01A36F
S214027EC053F820F0ED7E02008F7D02008F7D0200C7
S214027ED0117F02008F7D02008F7D02008F7D0200DF
S214027EE0F97E02008F7D0200F97E0200204605B070
S214027EF0BDE8F043FFF7D4B9544B1B78042B7FF44C
S214027F0046AF0021084605B0BDE8F043F9F720BBAE
S214027F104E4B1B78013B012B3FF639AF404613F020
S214027F20C8FD00274D4B01465B898DF80A70ADF8F7
S214027F30083000283FF42BAF384615F09BFD054667
S214027F40204613F079FD421C03232146009792B285
S214027F5002A816F062F99DF80A30E6B93C4A127891
S214027F60022A18D1BBB9FF2DBDF808400AD03C4AF8
S214027F70214632F81530284623F4806322F815305D
S214027F8013F07AF9204613F058FA00222146102000
S214027F9016F00BF8FBE6022B3FF4F9AE2BB9304B8A
S214027FA033F815305B053FF5F2AE28463BE7B9F1EC
S214027FB0000F7FF4ECAE3146204604F0BBF8002EEC
S214027FC03FF4E5AE4FF6F7739D423FF6E0AE98F803
S214027FD00160284616F0040620D113F07BFA044608
S214027FE028467CB113F0F8F80346F0B90C2200904C
S214027FF02946384612F0D5FA0C220023394628467E
S214028000009308E013F0E8F80346B8B9154A009062
S21402801012782946384612F0C4FAB8E613F0DCF8AD
S214028020034678B90B220090F3E706223346294628
S2140280303846009612F0B5FA0622DEE7234600948A
S2140280400622E6E74B46CDF80090F9E7C75E002029
S214028050C65E0020D6570020D45700208CC70400E6
S214028060C0570020196900202DE9F04F05888BB013
S2140280700446284611F088FB8046043015F0CCFFF3
S214028080074608F1020015F0C7FF05A90190284629
S21402809013F01CFD284613F0CFFC01460646284680
S2140280A00AF09EF998F80030029003F00303012BC1
S2140280B00CBF82464FF0FF0A15F0C4FEB4F806B0B5
S2140280C0814611F001FD98F8073000903846039378
S2140280D001F08AF8002838D1019801F085F80028C6
S2140280E049D1FCF7B9FAA9EB0B0B1FFA8BFB8146B9
S2140280F0FAF774FB002844D1FFF712FB002840D1A0
S214028100A14B1B78033B012B42D8BAF1060F00F0B5
S214028110BE80BAF1040F00F0BA80FFF701FB20B16F
S214028120029B03F00303012B32D0FAF7B1FA28B907
S214028130964B1B7803F00F03062B6FD1944B284601
S214028140B3F8681011F057FA22E0284611F01CFB2B
S214028150023015F061FF4FF6F773984206D9039B7B
S21402816023B92846FFF75EFA0028B5D1A37823F094
S2140281700F03A37054E0019816F048F80028B0D117
S214028180F4E7A9F104095FFA89F9B9F1020FB7D841
S214028190BAF1010F40F0A280284611F016FA4FF607
S2140281A0FF7398426AD100233146284607AA13F085
S2140281B0A7F880460028D9D042799DF82530934208
S2140281C009D9711D284689B20AF01EF9A37823F050
S2140281D00F030233A3700FF0BBFB7E23B0FBF3F258
S2140281E002FB130303F58073A3809DF8263013F079
S2140281F0180F0BD0A378190708D1009BBB4205D0F5
S214028200384698F8052005A90FF0EAFB9DF82700E6
S214028210003818BF01200BB0BDE8F08F2823A380DA
S2140282200020F8E7584B1B78033B012B5FD940F63A
S214028230B8339B459AD80FF08BFBFF238DF813308B
S214028240002300F03F00C0F5FA70A08007A90DF1E8
S21402825013008DF81C30FBF7A3FF054698F80710AD
S214028260384611F097FE002D80D09DF81C20013A6A
S214028270032A7BD8DFE802F0807A697D4FF6F7732F
S214028280019A9A4224D898F80130DA0720D4284670
S21402829011F09BF915F057FF012808BF3D4BA27855
S2140282A009BF1B78FA2303EB830303EB830302BFA6
S2140282B09B00FA339BB212097FF458AF5B45FFF47A
S2140282C055AF0FF045FB00F01F001030A08053E0C2
S2140282D02D4B1B78033B012BA9D8D8E74FF6F77333
S2140282E0019A9A429ED898F80130DB079AD4BAF1DE
S2140282F0020F53D10123314607AA284613F000F88D
S214028300074611F0E1FBBDF82230984236D1002F25
S2140283103FF42CAF01227B883146284608F00EFB3C
S2140283201D4A13780133DBB288F8073013707B8856
S214028330BDF81E209A421FBFA37823F00F03023314
S214028340A3704FF4C873A38016E0009BBB4213D001
S21402835000283FF40BAF426801323FF407AFC27801
S2140283609DF813309A42BFF401AF05E0009BBB4272
S21402837002D0A2781209EBD101204CE7184615F07C
S21402838045FF0028C3D182E7C75E0020C65E0020F4
S21402839028500020EB680020C45E0020BAF1030FCC
S2140283A07FF475AF009BBB427FF471AF711C284609
S2140283B089B20AF015F80C287FF469AFFBF7E2FCE5
S2140283C04FF6FF73984201463FF461AF284611F01C
S2140283D012F95CE72DE9F3410446008811F0D4F95E
S2140283E00546043015F018FE0646A81C15F014FEC5
S2140283F0074615F027FD05463046B4F8068000F01D
S214028400F3FE064648B9384600F0EEFE58B9194A59
S214028410A3781278033A012A0BD8A378002623F011
S2140284200F03A37021E0384615F0F0FE0028EED1C7
S214028430F3E71B09F1D1A5EB0805ADB2B5F5C86F98
S214028440EBD80DF10301384601AA019313F014F894
S2140284509DF80350014645B94FF6FF73984204D083
S2140284600126208811F0C7F8A580304602B0BDE884
S214028470F08100BFC75E00202DE9F04105460C469C
S21402848011F07FF8082802D10120BDE8F081201DF6
S21402849015F0C2FD0646284694F8078011F0D7F874
S2140284A00746284611F063F8010612D5184B1B78CA
S2140284B0042B0ED1174B1B78022B0AD1164BB3F89E
S2140284C068204FF6FF739A4203D000210846F9F758
S2140284D03FF8124B1B78002BD6D1A01C15F09CFD42
S2140284E04FF6F773984202D86378DA070DD52378E9
S2140284F09B070AD13A464146304611F057FD80F0B6
S2140285000100C0B200F00100BFE70120FAE700BF99
S214028510C75E0020C65E002028500020795F00203B
S2140285202DE9F04F9DB0044611F02BF80546204683
S21402853011F027F808285AD14FF4004310220021E0
S2140285402046ADF8503011F0B4FE204615F0A2F8E1
S2140285500DF0BEFB002321461A460C2000930DF0B8
S2140285607BF998B3204615F095F814A90246102018
S214028570FAF7D6FD0501204615F08CF814A9024636
S2140285804020EDB2FAF7CCFD10B120460FF0F4F918
S214028590204615F07FF814A902468020FAF7C0FD9F
S2140285A0B8B99DB1102517A806F0A2FD2046BDF861
S2140285B0507015F08BF80646204615F06BF82946E3
S2140285C00090F3B2384617AA0FF074FA1DB0BDE851
S2140285D0F08FBDF8503017A8ADF85E40ADF85C30AD
S2140285E00FF0B6FE0028DCD145F08005DBE720461A
S2140285F011F01AF8B0F5006F40F00581204611F030
S21402860026F80646042D40F00181204610F0AFFF02
S21402861080F40060C0F3C02000223146400015F00E
S214028620C4FC954B1A78022A0DD0FFF779F850B998
S21402863002F0FD03312B06D0043A012A03D98F4BF0
S2140286401B78002BC2D02146022001F073FB059056
S2140286500028BBD02046ADF8464011F095F80446F7
S214028660BDF8460010F0F3FF0546201D15F0D4FCB9
S214028670A31C83461846039315F0CEFC12A90746A0
S214028680BDF8460013F022FA63780690BDF846005D
S21402869094F80080099313F0CFF96378064608F041
S2140286A0030828460C93FAF7F1F8B8F1010F0CBF4D
S2140286B0032302230E93724B08BF4FF00B091D8053
S2140286C0237818BF4FF00A0903F03C03082B0D90DD
S2140286D07FF47CAFBDF8460014F0F8FFB0427FF698
S2140286E075AFB8F1010F03D0237898077FF46EAF09
S2140286F0644BB3F86830AB420DD1634A634BB2F9B0
S214028700001093F90030002900F0A58001EB031356
S214028710A3EB211313804FF0010AA6F11003DBB27C
S21402872007938DF8453010224846BDF84610CDF81E
S21402873000A00DF145030DF08FF800283FF446AF78
S214028740099B13F002030A9300F00A81504B1B7830
S214028750002B3FF43BAFBDF84690484613F06CF949
S214028760002308904846CDE917331993ADF86830D0
S21402877010F06DFF089B039003F10E01484689B284
S21402878013F02DF9002870D000234946089A00936A
S21402879017A80E2315F041FD50460DF15D010FF0AE
S2140287A0F7FD9DF869300B9004939DF85C30282BFA
S2140287B05BD10DF16100FAF7F3FB0F90002854D15C
S2140287C0049812F04FFB0F9B002867D1314B049A96
S2140287D01B78D31A190648D404F04CFD50453CD1F8
S2140287E015F035FB2C4E0546346824B104F048FDDE
S2140287F02C1B844239D30023FF2219461846FCF765
S2140288003DFB356031E04FF6FD76FBE64FF6FF7036
S214028810301A18BF012000223146400015F0C5FB71
S2140288200C2D0DD12146012001F084FA00283FF4D8
S214028830CDAE214600201DB0BDE8F04FFDF700B9D1
S2140288402DB920461DB0BDE8F04FFDF75FBD042DE3
S2140288507FF4BCAEE5E61B025CE704F00BFD0228E3
S21402886003D104F0E9FC0028BAD0002219200399AB
S21402887015F09BFBAAE600BFC65E0020795F0020CB
S2140288804C580020285000201E580020755F0020FB
S214028890C25E0020C15E00203851002010214846EA
S2140288A0089ACDF800A012F01BF90028DDD0A64BDE
S2140288B0049A1B78934240F0AA8003990DF1610254
S2140288C014A815F0A3F8012114A8FAF743F8824673
S2140288D048F2030114A8FAF749F9BAF1000F03D0D7
S2140288E0082114A80FF0EFFC484613F0C3F80399CA
S2140288F00DF16100FBF7E6FAFE288246B5D0FF28A6
S2140289000AD1039815F065FCFF28824600F087809E
S2140289100DF16101FBF750F98B4B049A1B789342D9
S21402892000F0A38050460B99FBF7B2FA00283FF4FA
S2140289304DAE50460B99FBF7BDFA23789A070FD136
S214028940484613F079F80146484609F049FD00F01A
S2140289500300012804D103980DF16101EEF798FC9B
S214028960BDF8460010F003FE030440F18580204661
S21402897015F052FB40F4007189B2204615F04EFB0A
S21402898000224FF40041BDF8460010F0E1FDDDF88C
S2140289901490012310220093BDF846100E980DF194
S2140289A045030CF059FF00283FF410AE032866D1A9
S2140289B0204615F031FB40F4007189B2204615F0CE
S2140289C02DFB284615F022FC002840F0B780DDF883
S2140289D01490B8F1010F40F0C1800320BDF8461094
S2140289E001F0A8F9002840F0B9803146BDF84600EB
S2140289F009F0F6FC0F2801467FF6E8AD4FF6F7734E
S214028A009F423FF6E3AD284611F0B7FCDEE550463E
S214028A10049903F049FD00287FF44FAF25E7237839
S214028A2003F00303012B08D1484613F005F801466C
S214028A30484609F0D5FC082892D0444B1A78444B95
S214028A401B789A4209D20DF161010398FBF768F888
S214028A50039815F0BEFB82465EE7A01C15F0DCFA12
S214028A604FF6F7739842EED9FFE65046FBF79AFAAE
S214028A7000283FF457AF5CE74FF0000989E7284625
S214028A8015F0C4FB0028A4D00A9B002B58D1B9F1DC
S214028A90000F53D1B8F1010FBDF846009DD0314604
S214028AA009F09EFC8246DFF8B09099F80030002B61
S214028AB05FD011F009F887427FF488ADB8F1010F54
S214028AC040F08280BAF1070F78D8BAF1050F7FF628
S214028AD07DAD204B1B78022B02D0043B012B03D822
S214028AE099F80030002B4BD00C9B980640F1BB80C7
S214028AF00D9B002B40F0B380284614F0EBFFFF28B6
S214028B0040F0AD805D457FF461AD069B002B00F022
S214028B10A48012AB46F204020124ADF85C20019355
S214028B20214602232846009417AA12F061FF002865
S214028B303FF44CAD214611F009F947E5DDF81490F3
S214028B40284607F053FD44E7C15E0020C05E0020C1
S214028B50EC680020C65E0020C25E00203146BDF8EA
S214028B60460009F03DFC0A9B824613B9B9F1000F94
S214028B7099D0A84B1B78022B02D0043B012BB3D80A
S214028B80284600F031FB814600287FF41FAD10F026
S214028B909BFF854222D1A04B1B78033B012B19D8A1
S214028BA09E4BB3F8684010F08FFF4B4601460D22ED
S214028BB02046CDF8009011F0F4FC07E5AAF10E036A
S214028BC0DBB2012B85D901E50AF00303012B7FF402
S214028BD0FDAC7EE7012000F0A5FBF7E4284615F081
S214028BE015FB58B910F08DFF4FF6FF73984205D06B
S214028BF015F020F810B92846FAF738FF284615F07F
S214028C0005FB88B110F07DFF4FF6FF7398420BD03C
S214028C1015F010F840B9B8F1010F02D1BAF1060FFB
S214028C2002D0284607F04CFA069BA3B91946012241
S214028C30584600F0ABFB814600287FF4C7AC2046BE
S214028C4012F037FF4A460146384600F09FFB0028DE
S214028C503FF44AAFBAE412A9E9E7069B5AE76378FB
S214028C6023F0200363704FF6FC739F4275D16A4B64
S214028C701B78033B012B7FF6A9ACA3790BB1013B12
S214028C80A3716378590727D50023584617AA14A953
S214028C90179312F0F1FB1798F0B108F0CBF8814663
S214028CA0384614F017FF179A0146137903F030007E
S214028CB0102806D003F00C0008281CBF23F00C0373
S214028CC01371137903F03303202B05D1FF2903D048
S214028CD00122484608F078FA284614F0FBFEFF28E0
S214028CE01EBF00224E4B43F82020099B03F00109C9
S214028CF04FF6F7739F4200F21381B9F1000F40F06E
S214028D001C812946584611F0EEFA10F0DDFE874225
S214028D1000F0DF80384615F079FA00284AD0B8F11C
S214028D20010F30D1BAF1010F20D14A463146BDF8C3
S214028D30460007F05FFE384615F068FA394B1B7896
S214028D40002B78D1584615F061FA002870D13846C3
S214028D5015F05CFA00286BD138E44FF6FD739F429B
S214028D608BD12D4B1B78042B87D12FE4384615F078
S214028D704DFA50B3BAF1030F27D13146BDF846007B
S214028D8011F047FC22E4384615F040FA384612F055
S214028D9023FA002848D0002339465846BDF8462014
S214028DA001F05AFB00283FD00021BDF84600FEF72E
S214028DB0D1FB0BE4384615F029FA18B1B8F1010FC9
S214028DC0D8D0E3E7B8F1010FE0D1164B1B78002BA1
S214028DD0B8D0BAF1050F2ED110F076FE8DF85C00F1
S214028DE010F072FE000A8DF85D000123022217A918
S214028DF00DF14600F9F74CFA00287FF4E7AB711C38
S214028E00BDF8460089B209F0D9FA03780133037037
S214028E1011E000BFC65E0020C75E0020285000207A
S214028E20B8400020F26800209A4B1B78002B89D0AD
S214028E30B8F1010FCDD063785A070CD5BDF846407D
S214028E40204612F0BBFD411C89B2204609F0B6FA54
S214028E500378013B0370904B1B78033B012B30D801
S214028E60B8F1010F06D1BAF1050F1FD110F02CFE92
S214028E70834522D1BDF84600FEF7AEFC02281CD17F
S214028E800021584617AA08F021F930B10379458027
S214028E9003F03C0343F04003037100237F4A009330
S214028EA039465846127811F07CFB06E0BDF84600BB
S214028EB0FEF792FCBAF1030FE0D1002239461C20DD
S214028EC0D6E4BDF84600FEF787FCB8F1010FD5D10F
S214028ED0F0E7B8F1010F7FF467AF0AF1FF330C2B0E
S214028EE000F2AA8001A252F823F000BF4F8F0200C0
S214028EF04F8F02007B8D0200658F0200758F020085
S214028F00998F0200BB8F0200E78F0200FD8F0200DE
S214028F10FD8F020009900200219002002D900200AF
S214028F20B8F1010F00F09480B9F1000F08D1BDF836
S214028F304600FEF71DFEFFF749BBB8F1010FCCD085
S214028F40237A03F00303012B7FF440ABEFE7AAF189
S214028F5002035A423146BDF846005A4107F04AFD1E
S214028F60FFF734BB32465846BDF84610FEF7D6F831
S214028F70FFF72CBB711CBDF8460089B209F030FA27
S214028F800236F6B20246BDF846305846009612A998
S214028F900AF054F8FFF71ABB3F4B1B78013B012B34
S214028FA03FF614AB079B0121009300202346BDF831
S214028FB0462011F065F8FFF709BB374B1B785A1E9F
S214028FC0012A07D90120079ABDF84610FCF71AFCB9
S214028FD0FFF7FCBA022B7FF4F9AAF9F7FFFB002889
S214028FE0F0D1FFF7F3BABDF8460006F069FEFFF7C8
S214028FF0EDBABDF84600FEF721FA98E7BDF846003E
S214029000FEF71CFAFFF7E2BA234B1B78013B012B53
S2140290103FF6DCAABDF84600FDF736FDFFF7D6BAE6
S214029020BDF84600FDF780FDFFF7D0BABDF8460052
S2140290300FF088F9FFF7CABA334622465046BDF803
S21402904046100FF051F900287FF4C0AA5146DAE420
S2140290500AF1FF330C2B3FF6B9AA01A252F823F00D
S2140290604F8F02004F8F02007B8D0200658F020039
S214029070758F0200998F0200BB8F0200E78F0200F5
S214029080F38F0200F38F0200099002002190020083
S2140290902D900200F2680020C75E002019690020A9
S2140290A010B50021114810F0E5FB0446E8B110F0B7
S2140290B0F7FA0F4B1870204610F0F7FA0D4B18709F
S2140290C0204610F0F8FA0C4B1870204610F0F8FA0A
S2140290D00A4B1860012014F0BEFE2046FFF720FA65
S2140290E0BDE81040002014F0B6BE10BDFC570020AC
S2140290F0765F0020755F0020745F002030510020EC
S21402910070B5164E044633680D46E3B110F039FAD0
S2140291100C2818D1204610F037FB092200210446FD
S21402912014F0F8F9235C042B0DD10D4B1B78033B8E
S214029130012B08D80B4C25B10B4B22781B789A4290
S21402914003D300232370002070BD0848316814F052
S2140291508DFB2378012001332370F5E7345100207C
S214029160C75E0020785F0020186900209C670020F8
S214029170014B93F9010070471E580020014BB3F8CB
S214029180680070472850002070B50024124D2C70DD
S214029190EDF762FEE6B2B04212D8104B1B78013BE6
S2140291A0012B04D800214FF6FF70FBF719FF0022AF
S2140291B00B4B1A700B4B198801B11A80012070BD37
S2140291C0304614F0DFFCC30748BF2B7804F10104D5
S2140291D044BF01332B70DBE7BF5E0020C75E002072
S2140291E0B65E0020D057002038B50B4B05461B78DC
S2140291F073B101335C08094B188814F04BFA00234C
S21402920030F81320AA4205D00133DAB2A242F7D3CD
S214029210002038BD0120FCE7B65E0020D0570020B3
S21402922030B5054685B008460C4614F0EBFFFF281D
S2140292300CD011F01EF9012200210346CDE90112DD
S214029240009221462A460720FBF77AFA284614F0AF
S21402925041FCFF2804460FD014F094FCC2070DD53B
S214029260204614F08FFC830708D40B4A32F81430D9
S21402927043F4806322F8143005B030BD11F0F9F8DB
S214029280012200210346CDE90112009207202A4658
S214029290FBF756FAF0E700BFC05700204FF6FA7207
S2140292A0431E9BB2934270B504462AD8FFF79CFF32
S2140292B038BB194B1B78042B23D0204614F089FFA9
S2140292C0FF2801D0FAF702FB204612F0AEF808B1EA
S2140292D007F0C6FD2046114E04F046FA20460EF070
S2140292E07DFB31780E4D69B1288814F0D3F9054616
S2140292F001461E220230F0F789FE2C8033781E2BA0
S21402930007D970BD202014F039FA28800028EBD146
S214029310F7E702333370F4E7C75E0020B65E00203C
S214029320D057002037B5134B05461B78022B1FD1AA
S21402933010F0CAFB044610F0C7FBFFF7AFFF11F0B0
S21402934098F810F0CDFB0020FBF73CFD40F60740F6
S2140293500EF0D0FB3DB100230D2221464FF6FD70E4
S214029360009311F01EF903B0BDE8304004F032BF9E
S21402937003B030BDC75E0020034B1B7813B9012033
S214029380FFF7D0BF704700BFBD5E0020F7B50446AA
S2140293900D46174610F098FB0646002D47D04FF6AE
S2140293A0FB739C4243D82046FFF71EFF30B1A6420D
S2140293B004D1204B1B78033B012B38D92046FFF7FC
S2140293C013FF10B1012003B0F0BD20460EF0D6FA0E
S2140293D0C0B1A642F6D00CB369462046F9F758FD4E
S2140293E00246D8B90821684610F000FBB0B9082238
S2140293F069462846F1F704F980B12946204611F05D
S21402940068F8DFE7A642E6D12846F9F7C9FD28B98B
S2140294100120FFF787FF06F0DFFDD3E73FB12146C5
S2140294202846FAF7E7FB2146284604F0B9F9002059
S214029430C9E700BFC75E0020044A13782BB1013B80
S214029440DBB213700BB9024A13807047B65E002077
S214029450D05700200148F8F7D7BC00BFD0570020ED
S2140294602DE9F047804617460D468CB061B903AE2B
S21402947000211B4814F034FE4FF000090446DFF8C2
S21402948060A01CB920461DE00E46F1E700222146E8
S21402949024233046CDF8009014F0BFFE0822414641
S2140294A03046F1F7ADF8A8B9337C9BB96FB945B928
S2140294B02A4621460A4810F0FCF90A4A1388013B5C
S2140294C0138001200CB0BDE8F0873B88B289534078
S2140294D05B06ECD52146504614F026FE0446D0E73D
S2140294E03458002032580020024B1888003818BF23
S2140294F0012070473258002040232DE9F04397B0F0
S214029500074611A88946ADF80E300EF07DFB022301
S2140295108DF84430002304AE314638460493736017
S214029520F9F7B6FC0546002840F0958038460EF05E
S214029530E7FE804610F0C8FA0446002840F0BB80DA
S21402954099F80130042B40F0B980EDF791FC02281F
S21402955040F08480EDF78CFC022840F08B8096E881
S214029560030003238DF8443012AB83E803009DF812
S2140295705130002143F00603102209A88DF851301D
S214029580F0F7F2FC09A911A80EF0D3FC40B111A81D
S2140295900EF03AFB30460DAB09AA11A90EF0CEFD2D
S2140295A0BDF846300DA943F0040311A8ADF84630C5
S2140295B00EF018FD102209F10A010DA8F1F720F8A5
S2140295C00546002872D1EDF753FC022806D1314633
S2140295D0FF2009AA0EF0D4FC00286AD13424002504
S2140295E0EDF746FC022808D19DF851301B0704D43B
S2140295F030460DF10E0111F08CF92146304611F07D
S214029600B1F910238DF8183004238DF81A3033463A
S214029610002203CBCDF81B00CDF81F1006A80B21A5
S2140296208DF8195010F0CBF8024638B1002D14BF51
S214029630012303233146384603F078F8B8F1000FC9
S21402964009D0342C07D106A83246394614F0DEF982
S21402965006A80EF03BFE17B0BDE8F083234621466F
S2140296603046009411AA01F05FFE00283FF472AF64
S214029670AD25C6E7EDF7FCFB012891D1104B1B6820
S21402968003F08403842B8BD196E8030002238DF823
S21402969044301023ADF8463012AB83E803009DF841
S2140296A0513043F002038DF8513079E73324AD256B
S2140296B096E7052494E72C46A325A2E7AA25A0E769
S2140296C0A84200202DE9F04336488DB0F8F78CFE0C
S2140296D014F0BDFB344D2B68C41A4FF47A73B4FBF6
S2140296E0F3F4A4B214B114F0B2FB28602F4F4FF675
S2140296F0FF763B88DFF8B880ADF80A3000233B805F
S21402970000210DF10A0010F0B5F8054658B9284BAD
S2140297101B882BB14FF47A712248714314F0A6F8D5
S2140297200DB0BDE8F0834FF0000924234A462946CF
S214029730CDF8009003A814F070FDBDF81A30A342CD
S21402974094BFDB1A1B1B9BB2ADF81A30CBB910F0D4
S214029750BBF9BDF8183003F04003184380B218B9BD
S214029760322103A80EF0ACF9BDF818301B0602D55C
S21402977008980EF0B2FBB8F80030013BA8F80030AB
S214029780BEE79E4228BF1E4601234A46294600934C
S21402979003A8242314F041FD4A462946384614F00D
S2140297A0A5FCADE7B44100203C510020345800200F
S2140297B032580020F0B50446304A8DB01068516821
S2140297C001AB03C3A378012B54D1162200210DF15D
S2140297D01A00F0F7C9FBD4F82110D4F81D0003AB29
S2140297E003C32388190644BF62680892DA050BD5BC
S2140297F0221D08AE04F11407354610685168083277
S21402980003C5BA422E46F7D1ADF8183013F004035A
S21402981018BFA3690593EDF749FB0023ADF81A00BC
S2140298208DF81C3010F050F9E0B906A903A811F023
S21402983070F80022242103A80FF0C1FF0446D8B115
S2140298400020FFF73FFF002221460D4814F04EFC91
S2140298500C4A0020138801331380FFF733FF0020E1
S2140298600DB0F0BD082201A903A8F0F7C9FE002832
S214029870DFD0DAE70220F3E71920F1E7E00404007C
S2140298803458002032580020F7B5044600200E4611
S214029890FFF718FF104B1B88A34202D8212003B003
S2140298A0F0BD00210D4814F01BFC002501460B4FAD
S2140298B00029F3D0A54208D10024242322463046AC
S2140298C0009414F0AAFC2046E9E7384614F02CFC73
S2140298D001350146ECE700BF32580020345800201C
S2140298E00148F8F791BA00BF34580020014B188897
S2140298F0704700BF3258002030B5154A8DB0516807
S2140299000546106801AB03C307A80EF07DF9DDE932
S2140299100101032308AC84E803008DF81C309DF88F
S214029920293003A943F0020307A88DF829300EF068
S21402993000FB10B12D200DB030BD234628686968A3
S21402994003C303A907A80EF0D9FA0028F3D0F1E75B
S214029950E004040070B50C4611460E4A23781278CD
S214029960064613F0200542EA0302227018BF611D64
S2140299700822F0F74BFB002D0CBF05200D20D4F873
S2140299800130B3602378337303F01803082B08BF43
S214029990013070BDC25E0020042307B501200DEB26
S2140299A00301054AF8F79AFD019B044A1B0313605C
S2140299B003B05DF804FB00BF63E511009842002087
S2140299C010B5064C2368C3F30B0313B90448E2F739
S2140299D04FF92068431C236010BD00BF9842002048
S2140299E063E51100014B1868704700BF98420020DB
S2140299F007B50020054B064A186004230DEB030149
S214029A000190F8F76BFD03B05DF804FB9842002066
S214029A1063E511007FB511230A4A012001A9F8F770
S214029A205DFD094B9DF814201A70084B1B780BB18C
S214029A30052B05D10DF08BFF012007B05DF804FB66
S214029A400020FAE779EB0100C15E0020C25E00202A
S214029A502DE9F04F0646CBB088460088012117460E
S214029A6013F050FE2E4B3A463188ADF8160006A883
S214029A7011F00BF80DF1280B5A464146C4193088EE
S214029A8010F08DFFE4B208EB0003A34208BF0446C1
S214029A9005464FF004091CBFA4EB0804E4B22346B3
S214029AA05A460121CDE900090BEB050ACDF808B0AC
S214029AB02D1B06A8EDF746FEEDB20BEB0403009352
S214029AC0019523465A464146308810F096FF348860
S214029AD03946204608F084FC394600F0F802204653
S214029AE008F092FC0121308813F00CFE01234A464E
S214029AF0514680B10DF11600F8F7CAFB0121044663
S214029B00BDF81620308813F011FEB4FA84F040092E
S214029B104BB0BDE8F08F3046F8F7BAFB0446F4E7E0
S214029B20495F00202DE9F04FC9B0044688469246A8
S214029B30C118224A04A81F46FFF70CFF4FF004097B
S214029B40C519EDB208AB0293A5EB0A0BA8EB0A0304
S214029B505FFA8BFBA8EB0506DBB2F6B204EB0A0251
S214029B60009301215B46CDF8049004A8EDF7EAFDC8
S214029B7006F590730DEB03025A44A2F58072136841
S214029B8008A844F80830E35D324623F00703E3559D
S214029B902C442146F0F778FB08ABCDE9019308AADE
S214029BA000230121009604A8EDF7CCFD324620469C
S214029BB008A9F0F769FB49B0BDE8F08F495F0020BD
S214029BC0F8B5064612F02DF8811C054689B23046D5
S214029BD011F005FFF0B1EDB12946304608F000FC61
S214029BE01228074616D80C4B691C1C5C89B23046F4
S214029BF008F0F6FB2C44052FE4B205D1052809D857
S214029C00064B1B5C1C44E4B221463046BDE8F840D5
S214029C1011F0E5BE0020F8BDD2C70400CCC7040090
S214029C20F8B5054611F008FF044628460FF0ACFDCD
S214029C30A11C074689B2284611F0D1FE00283ED064
S214029C40002C3CD02146284608F0CAFB0646611C7A
S214029C50284689B208F0C4FB0F2E30D8194B9B5DFC
S214029C60E118731E89B2092B0ED8DFE803F0090546
S214029C700D0D120D0D181E1EC40644BF083189B202
S214029C80820601D5083189B22846BDE8F84011F0AF
S214029C90A6BE7B78DB0612D501EB4001F3E700F0A7
S214029CA01F0000EB40000144EDE71F2805D8092EEF
S214029CB00ABF4000022080B2F5E7C828E4D00020A0
S214029CC0F8BD00BFE5C70400F8B506460FF05CFD18
S214029CD009220021054613F01DFC00F11004284657
S214029CE014F09AF9E4B207462146304608F078FBAB
S214029CF00546304613F0EAFCBA05A0EB0403DBB2D5
S214029D000AD47C2D0AD0082D0AD8064A505D9842FD
S214029D108CBF00200120F8BD1220F8E70320F6E7EA
S214029D20FF20F4E7F6C70400014B1878704700BF1F
S214029D301A69002038B5114B04461B7808469BB9B1
S214029D40012038BDA24205F101050FD103EBC10384
S214029D505B6898470028F3D11E2022464FF6FF7113
S214029D6014F023F90020ECE70025054BE9B213F8BE
S214029D703120002AE6D11446EEE700BF1A69002019
S214029D809CC704004FF6FF7307B502220DF10601C9
S214029D900348ADF80630E1F7A7FF03B05DF804FB11
S214029DA0603202E0002307B5ADF80430134B984248
S214029DB021D10B88DA0703D5232003B05DF804FB14
S214029DC09B0748BF4FF47F434FF002020C480DF149
S214029DD0060148BFADF80430E1F75AFF4FF6FF73AD
S214029DE0BDF806209A42E7D10222054801A9E1F70A
S214029DF07BFF0020E1E72120DFE700BF1FD1BACAC0
S214029E00603202E0002313B50222038004460DF1FD
S214029E1006010F48E1F73CFF2D2801D0112805D195
S214029E204FF6FF73ADF80630FFF7ACFF9DF806302D
S214029E30BDF806201BB1238843F0010323800020CF
S214029E40FF2A82BF238843F00203238002B010BD9C
S214029E50603202E0034B1B78002B14BF44205620CE
S214029E600E307047C25E00202DE9F04F8DB0179C71
S214029E7006468946CDE90223BDF85870D588ADF866
S214029E8016103CB9EC0605D500970DF0B4FE0DB0E1
S214029E90BDE8F08FC5F380242B054FEA043448BF93
S214029EA044F40064A80511D544F080040A2E00F29A
S214029EB06981DFE816F09A002F0017003700670165
S214029EC06701370010009A0037009E00E90548BF78
S214029ED044F04004EAE74FF001084FF0020B4FF05F
S214029EE0000A14E008A95FFA89F011F01BF8DDF801
S214029EF02500DDF8291006AB03C3A44B33F819304E
S214029F00ADF816304FF00008C3460DF1180A002FC0
S214029F105DD125E006AA0DF116015FFA89F003F07D
S214029F2003FCEFE74FF6F773994540F22B8115F4E1
S214029F30026F40F02781964B1B78022B03D0043B1E
S214029F40012B00F2218147BB032E4FF001080CBF04
S214029F504FF00C0B4FF0080BBA4624F4C074A4B2B0
S214029F608C4B18884FF6FF73984206D08A49F8F74A
S214029F708FFF10B124F48054A4B2039B384600939A
S214029F80BDF81620534644F4027108F051FAADF8B3
S214029F902000002838D1192079E7384613F096FBBE
S214029FA00246FFF757FF032E08BF0138824201DD43
S214029FB038206CE7032E4FF001080CBF4FF00C0B55
S214029FC04FF0080B4FF0000A24F4C074A4B2029BB0
S214029FD01B889BB91A463946062000930BF05FFC95
S214029FE00028BDD140F6014051E74FF00008C346B5
S214029FF075E74FF001084FF0030B70E70023394670
S21402A0001A4607200093E9E74FF6FF73614A118864
S21402A01099421CD00FF0B8FB03465E4A0430118802
S21402A020039313F0FBFF5D49039B097814F4805FEA
S21402A030D9715949574A1FBF086898604868D8605E
S21402A0404FF6FF7313804FF0FF330B604B60594699
S21402A050029A08A808F0A8FA00289CD0504C237848
S21402A060002B3CD1A7B1384613F030FB0746BDF8AB
S21402A070200013F02BFB23780744002B14BF122278
S21402A0800022EB1003F0040317443B44842B8FDCBE
S21402A09015F400570AD0BDF8204020460FF067FAA4
S21402A0A040F4806189B220460FF04CFAA6F108030C
S21402A0B0012B05D801221021BDF820000FF048FA26
S21402A0C0179BBDF8204043B32046BDF816100FF08C
S21402A0D092FABDF82030179A00201380D7E6AA0617
S21402A0E0C0D56B0103F020030A2E14BF43F0010310
S21402A0F063F07E03DBB2B8F1000F08D000215246AF
S21402A100009108A800F086FE0028ABD0BFE61A46EB
S21402A110514608A810F0E4FDF6E7204611F08CFC44
S21402A120179B02462146042000930BF0B8FB00283A
S21402A1303FF458AF0A2E18D84FF4D963F340DB0722
S21402A14013D5072E0AD00A2E08D0BDF8200010F02C
S21402A150DAF880F00100C0B2800098E608A80EF097
S21402A160D2F80028F1D0042091E617B125F0400578
S21402A170ADB22B463146BDF820005FFA89F201F0F7
S21402A1801BFF84E6012082E6162080E61855002092
S21402A190C65E0020986800201B690020845F0020AD
S21402A1A0C25E0020F7B50F469DF828100446DDE98A
S21402A1B00B061D46F1B94FF6FF739C421CBF174BA8
S21402A1C01C804FF000041CBF154B1A70BDF824000B
S21402A1D008F080FA00232A46CDE9004339460620D5
S21402A1E09DF82030FFF740FE10B90EB1AB7A3370FF
S21402A1F003B0F0BD78B14FF6FF739C421FBF074B0A
S21402A2001C80074B1A7000220FF0D9FA0446002869
S21402A210DCD11920ECE72120EAE700BF986800208D
S21402A220845F00202DE9F04788469DF828100746EF
S21402A23016461D469DF820A0BDF824900B9839B10D
S21402A24058B300220FF0BBFA044610B9192025E0D5
S21402A2500C464FF6FF739D421FBF114B1D80114BDC
S21402A26083F800A04FF6F7739E4208D80E4B4FF6BF
S21402A270FD761A784FF6FF73002A18BF1E46484628
S21402A28008F028FA00233A46CDE908433146434609
S21402A290BDE8F0470320FFF7E7BD2120BDE8F087C1
S21402A2A098680020845F0020655E00202DE9F04754
S21402A2B086B09DF838600546DDE90FA80C461746BD
S21402A2C09946B6BB374B1B78022B1DD125BB4FF6E2
S21402A2D0F7739C4214D80026484608F0FBF9002380
S21402A2E03A46CDE900632146FF232846FFF7BCFD28
S21402A2F038B9B8F1000F04D0BB7A88F8003000E015
S21402A300012006B0BDE8F087043B012BDED90846E3
S21402A3100DF0F6FF10B31DB3022D31D1ECF796FD0A
S21402A320A042EDD9204B33F814204FF6FD739A4223
S21402A33019E0BAF1000F32D01A4B1B78022B05D166
S21402A340FFF788FDB042E6D23820DAE7043B012B5D
S21402A350F6D908460DF0D4FF0028F1D11620D0E732
S21402A3604FF6F7739C42CBD8002EB4D0314600226B
S21402A37050460FF024FA06460028ADD11920C0E751
S21402A380012DBDD104AA0DF10E01E0B203F0CCF905
S21402A390064B1B78A342B3D9BDF80E20C5E7212091
S21402A3A0AFE700BFC65E002018550020E668002012
S21402A3B030B5104B87B005460C461868596803AA94
S21402A3C003C298680C4910609A88DB8852BA23F058
S21402A3D04003ADF812300023CDE90043ADF810205B
S21402A3E0FF23098803AA0720ADF80E50FFF73CFDAD
S21402A3F007B030BD405800204C58002038B50C46F7
S21402A4001146124A124D108022682A6062686A60FB
S21402A410A268AA60E288500616D5EA88520613D5C4
S21402A42061B1002218460FF0CAF9014650B16088A1
S21402A430FFF7BEFF0522074B1A7038BD084611F01B
S21402A4403CFAF2E71920F5E70220F6E74C5800201E
S21402A45040580020955F00202DE9F04F074689B04E
S21402A460104615461C468A4611F0E6FA014628466C
S21402A47007F0B6FF064628460FF086F9043013F0BA
S21402A480CBFD80460FF020FB804550D0B2074ED160
S21402A490DFF8AC80284605A9B8F800B011F0D2FB68
S21402A4A09DF81930A8F8007003BBBDF81430EBB95C
S21402A4B028460FF069F9023013F0AEFD4FF6F77337
S21402A4C0984294BF4FF000094FF00109012301346E
S21402A4D0E4B22A463846CDF8009005A9039303F065
S21402A4E0C5FE039B40B901339C421ED20020A8F849
S21402A4F000B009B0BDE8F08F022CF8D1012BF6D1DE
S21402A5000C4A0D4BA3F800A01378591C11700B4A85
S21402A5107F3B16F00C01137007D1BDF81A305B06AC
S21402A52003D5BDF81600FFF743FF0223D1E700204C
S21402A530DFE700BFC45E002098680020845F00202A
S21402A5404C5800202DE9F04FABB00F46ADF81E0078
S21402A5500FF01AF900F1020A0646504613F05CFDA7
S21402A560BDF81E400546204611F066FA0146204612
S21402A57007F036FF814600F00308301D13F04CFD4D
S21402A580434C20800FF0A0FAA8422DD04FF6F77366
S21402A5909D4229D87378DA0726D4284610F01CFE86
S21402A5A030B101232946BDF81E202088FFF754FF4C
S21402A5B00FF08AFA364B1B8883420FD1BDF81E4035
S21402A5C0204611F039FA0146204607F009FF10F03E
S21402A5D00C0103D1BDF81E0001F0ACFD00222D4B8C
S21402A5E01A602BB0BDE8F08F2B49BDF81E0011F0A3
S21402A5F029FB2A49BDF81E0011F068FA0028274BED
S21402A60008BF0023234ABDF81E0013600FF048F867
S21402A610234B1870BDF81E000FF047F8214B187038
S21402A620BDF81E000FF04CF81F4B186000238DF883
S21402A6302230002F3ED0184BDB889B063AD50FF00F
S21402A64043FA10B3194B1B689D071ED4B8F1010FCD
S21402A65014BF082318230DF12202009200220DF1E6
S21402A6601E00114600F0D6FB20B3B8F1010F9FD1B1
S21402A6700F4B1B78112B9BD110F0D1FB002897D1E2
S21402A68040F61D40F9F7E2FF92E70823E3E700BF32
S21402A6904C58002044510020405800207C5F002087
S21402A6A0765F0020755F002030510020A84200200F
S21402A6B0C65E0020504613F0AFFC8246BDF81E0070
S21402A6C013F004F8A0F11005EDB22A4631460AA8A6
S21402A6D0EFF7DAFDFF238DF82F304FF6F7739A4522
S21402A6E040F2DF80B8F1010F00F0E780B8F1020F08
S21402A6F000F04681B8F1000F7FF45AAFA44DBDF8C2
S21402A7001E00EB88ADF8240004930FF03DF8BDF868
S21402A71024600746304611F08FF90146304607F0AE
S21402A7205FFE8DF82300B81C7E7813F075FC074692
S21402A7300FF0CAF906F00106B4F8009003906C8890
S21402A740002E7FF435AF4FF6F77A42464946574514
S21402A7508CBF0620082013F028FCBDF824B058460B
S21402A76011F06AF95946024643460420CDF80080A5
S21402A7700BF072F8574583460AD8B5F90620EB88DF
S21402A780002A05DB580603D541462046FFF710FE91
S21402A790BBF1000F3FF40CAF2B88002B5AD16B791C
S21402A7A0002B57D14FF6F7730DF126019F42BDF8E5
S21402A7B0240094BF4FF0000B4FF0010B10F011FC79
S21402A7C0DFF8D8A100F1FF38BAF800301FFA88F196
S21402A7D00593EB88BDF82600069307F001FE069B5C
S21402A7E004990190009322465B460598C1F34011F6
S21402A7F00DF093FD00283FF4DBAE04230620009301
S21402A800BDF82610624B5FFA88F20BF025F8002896
S21402A8103FF4CEAE48F202036A889A4205D1BDF8EA
S21402A8202410BAF8000000F08DFF594D09AA2946F7
S21402A8300DF123000DF06FFD034600287FF4B8AE3D
S21402A8402104BAF80000BDF8242060D52346294624
S21402A85010F0DCFB9DF823304D4D03F00C030C2B5F
S21402A86075D1288910F09DFB00283FF4A1AE039B0A
S21402A870002029894B4514BF0226032602F02CFE2F
S21402A880444B18704FF6F7739F42BDF8240075D8F4
S21402A890A4F138025342534132463D4904F066FC65
S21402A8A086E6B8F1020F6BD0394BB3F90630002BAF
S21402A8B026DAB8F1010F7FF41DAF0FF005F92388F1
S21402A8C083423FF475AE0520BDF81E10FFF732FA3C
S21402A8D000283FF46DAE2E4AD3885B0607D50023C8
S21402A8E0CDE900330A20FF232188FFF7BDFA3A4656
S21402A8F09DF822302188BDF81E0002F023F957E6A3
S21402A90029460AA800F070F80028D2D050E60221A4
S21402A910DFF88C8088F800102946CDF800B003F0E6
S21402A920A5FC132C96D0EB885D0493D41A4B1B78A7
S21402A930D80703D598F80020022A8BD099077FF50E
S21402A94037AE98F80030012B7FF432AE82E7002251
S21402A9502B79124800936B791146008802F0E4FDC9
S21402A9600C4B18709DF8233003F00C03082B89D18A
S21402A970039B4B4514BF0426052683E701238BE77A
S21402A9804846BDF81E20024901F048FB10E600BF0B
S21402A99040580020945F0020675E00204C5800203C
S21402A9A0855F002010B5002108480EF063FF0446BC
S21402A9B050B101460420FFF7BDF928B12046BDE894
S21402A9C010400121FFF7BEBD10BD00BF3058002069
S21402A9D0034BFF211A7803489200EFF7C5BA00BF6F
S21402A9E0E7680020D03E002070B5451804464FF0B8
S21402A9F0FF31AC4212D1104B10481A78054600239C
S21402AA00934211DB0E4C2078431CB3FBF2F602FB9A
S21402AA10163345F82010237000200CE014F8010BC2
S21402AA20E0F7B6FA0146E4E750F8044BA14201D03B
S21402AA300133E5E7012070BDE7680020D03E002024
S21402AA40865F0020042307B501200DEB0301054AAB
S21402AA50F7F744FD019B044A1B03136003B05DF83D
S21402AA6004FB00BF23E1110040510020014B18688F
S21402AA70704700BF40510020014B1868704700BF66
S21402AA804051002010B5064C2368C3F30B0313B9DC
S21402AA900448E1F7EDF82068431C236010BD00BFB0
S21402AAA04051002023E111002DE9F04F93B00393AB
S21402AAB00023DDE91C79069399F8003083460DA839
S21402AAC004930E4615460DF09FF899F8003013F0E1
S21402AAD003043ED0039B0DF1250A8DF82430002294
S21402AAE0082138460EF082FF002870D028880EF023
S21402AAF04BFE99F800301C074CBF0430023013F0AE
S21402AB008BFA07A98046F7F7D7FE9DF8243004464D
S21402AB10980633D5288806F10D0110F060FFA8B11B
S21402AB2000230093384608232988721D13F075FB0C
S21402AB3099F8003003F01803182B4AD1B8F1000F29
S21402AB4047D0A94BB3F86830434542D040F60A4393
S21402AB5027E02888711D10F042FF0028F6D00094E6
S21402AB6005233246298809A813F057FB9DF824309E
S21402AB700DF1240A03F018030393B0E714BB394619
S21402AB804046F8F785F90028D2D099F800309907A0
S21402AB90DCD0402322462146404610F0E5FA40F635
S21402ABA0094399F8002012F0030440F0F780288841
S21402ABB003930EF04CFD224601461A2013F0F5F9D7
S21402ABC0039BEBE007AB03CB38607960B0E74FF648
S21402ABD0FF780DF083FB044620B104213846F7F7D0
S21402ABE093FE04461E9B002B5AD009231E990DA8DD
S21402ABF08DF834300DF082F9209B0BB1209B069322
S21402AC00039B002B40F08E800DA8ECF7FDFD99F813
S21402AC1000309A0700F09880FFF734FF514602464C
S21402AC2001200DF0A7FB99F800309B0710D5594676
S21402AC30288810F0CDFF0BF1090350FA83F35FFA70
S21402AC4083FB5946288810F09AFF00EB0B06F6B2F3
S21402AC5099F8003013F0C20F0AF104030DD09DF8E4
S21402AC602420624942F020028DF824200A68CAF89D
S21402AC7004204A685A600AF10C03012209A80092CD
S21402AC801B1A324629889BB213F0C7FA3246594637
S21402AC902846FEF7DDFE002800F0A48000237DE0B3
S21402ACA01F9B5BB19E460DF1340CBEE80F00ACE86C
S21402ACB00F00DEF80030CCF800309DE7049B5946C2
S21402ACC003F020032888049307F08AFB10F0030F92
S21402ACD00CBF012300230593049B059A003B18BF73
S21402ACE0012342EA430300930DAA06AB38461F9996
S21402ACF000F01AFB049A034682B1002880D0059B16
S21402AD000DAA0093384606AB1F9900F00DFB0346CA
S21402AD1099F8002022F0200289F80020002B3FF448
S21402AD206FAF3EE7039B102B06D1BDF8363043F0DB
S21402AD300103ADF8363067E7039B182B4FD1BDF8F9
S21402AD40363043F00203F4E701200DF125010DF041
S21402AD501FFB99F80030824613F0040F288821D191
S21402AD60069B1BB3002C35D00EF071FC0022014668
S21402AD70162013F01AF984B17FB14FF6FF73984587
S21402AD800BD000230DA91A4638460DF0D7F93946DE
S21402AD9040469DF835200DF0B9FA0123184613B047
S21402ADA0BDE8F08F002CDFD1104F01E0002CDBD184
S21402ADB000233246009359463B460FF091FE002888
S21402ADC03FF4C4AE002C3FF469AF069A0AF10103C1
S21402ADD0136063E71B685345C6D80124E8E740F6CC
S21402ADE00A43DBE71923D9E728500020495F0020F1
S21402ADF0002307B5054A0648136004220DEB02013C
S21402AE000193E0F771FF03B05DF804FB40510020A8
S21402AE1023E111002DE9F04F0446B1B000888DF809
S21402AE202F3016468A4610F007FE014681462088D5
S21402AE3010F0A5FE00EB0908208810F0F2FE0023B1
S21402AE409DF82F505FFA88F815F001070790ADF8C5
S21402AE50363008D101460DF13602208810F079FD11
S21402AE6008B1ADF8367016B9CDE90E660EAEFEF72D
S21402AE703BFB18B145F020058DF82F500023CDE995
S21402AE80033302930DF12F03CDE9006322465346A6
S21402AE9041464846FFF708FE0546002800F0CA80ED
S21402AEA09DF82F3013F0010747D123F020038DF8C9
S21402AEB02F300EF009FE68B17C4A10AB106851685C
S21402AEC003C3184600F002FA0546FEF70FFDBBB2B2
S21402AED098423BD83A9B13B100233A9A1370BDF8B6
S21402AEE03630CBB10121208812F00CFC27880546AB
S21402AEF0002800F0CA800121384612F003FCBDF893
S21402AF0036700546384612F0E1FB002300903A46BA
S21402AF101946284610F0A0FC0023CDE9033302931D
S21402AF200DF12F03CDE900632246534641464846BB
S21402AF30FFF7BAFD054600287CD00EF0C5FD0028B6
S21402AF4040F0BA80284631B0BDE8F08F18AB14AA9C
S21402AF5026A9F8B20DF047F9002840F0948008229E
S21402AF6010A927A8EFF74CFB8346ADB19DF8A53094
S21402AF7013F0020F08930FD0082212A927A8EFF7A2
S21402AF803FFB48B9089B590706D53A9B13B10123E4
S21402AF903A9A1370089507E03A9B002B61D1BBF1F1
S21402AFA0000F70D1002308930DF1740C14AB0FCB75
S21402AFB08CE80F00BDF83630CBB10121208812F0A4
S21402AFC0A1FBB4F800B000284FD00121584612F079
S21402AFD099FBBDF8362083461046099212F076FB9E
S21402AFE000231946099A0090584610F035FC304B5B
S21402AFF00DF1740B0493002303930DF12F03CDE997
S21402B00000632246534641464846CDF808B0FFF74D
S21402B0104BFD002837D1002D33D012AA5B464FF4E1
S21402B02082714FF4005000F0D9F8089B13B126A89D
S21402B0300CF0E5FE0EF048FD88B11E4B1B689A0721
S21402B0400DD4FEF751FA50B1184A18AB1068516881
S21402B05003C3002226A918A80FF01FFC00BB002578
S21402B06070E700233A9A137099E7BDF836200A90E3
S21402B0701046099212F02AFBDDE90923079900908F
S21402B080B2E72A46CAE701371FE7BDF836B0584688
S21402B09012F01CFB2B4600905A463846079939E7B1
S21402B0A026A918A80FF035FCD3E700BFE004040079
S21402B0B0A4420020A84200209DF82F3003F011037E
S21402B0C0102B7FF43FAF3E4B1B78432B7FF43AAFF7
S21402B0D03C4B1B685B067FF535AF208808F10501FF
S21402B0E010F07DFC834600283FF42CAF41462088B2
S21402B0F007F076F9344B10F0200F08BF1E4612A850
S21402B10000F0E4F80822314612A8EFF779FA002890
S21402B11052D0314612A80DF0BAF8012326AE00939B
S21402B1203246002314A912A800F0FEF800287FF485
S21402B13009AF12AB0DF12F07CDE903600290009321
S21402B14022465346414648460197FFF7ADFCA8B350
S21402B150BDF89A30102043F0080318AA14A9ADF8D7
S21402B1609A300FF077FB00287FF4ECAE12ABCDE9F5
S21402B1700360CDE901700093224653464146484695
S21402B180FFF792FC054600287FF4DCAE18AB4FF4BE
S21402B1909071002012AA00F021F84FF00051002012
S21402B1A00FF0F2FDBBF1000F3FF459AF4FF08051A4
S21402B1B000200FF0E9FD52E78346AEE714ABE6E760
S21402B1C0C65E0020A84200209250002001461A23A4
S21402B1D00120014AF7F782B924E10100F0B51646CC
S21402B1E091B0074609A80D461C46FFF7EFFF3EB191
S21402B1F0336845F04005CDF826307368CDF82A301E
S21402B2001B4B1A6822EA070242EA050119604B0440
S21402B2100DD5BDF824200B0A03F4E243C9B222F48A
S21402B220E3420B4322F07F021343ADF824301A2385
S21402B2300020104A09A9F7F751F9B4B104A80CF096
S21402B240E3FC02236A468DF810301546234604F1C5
S21402B2501006144618685968083303C4B3422246D7
S21402B260F7D1294604A80CF049FE11B0F0BD00BF84
S21402B270A842002024E1010047F2FF10044B19689F
S21402B28041F48042014041F480411A600FF07CBDD7
S21402B290A842002000B589B0FEF7BCFB01A8FFF764
S21402B2A095FF0948BDF804200168130221F0FF014A
S21402B2B003F4E2030B43D2B2134343F48043036026
S21402B2C009B05DF804FB00BFA842002010B50C4B85
S21402B2D00446186888B0830706D54FF0FF3323600C
S21402B2E00120636008B010BD10F04000FAD001A83B
S21402B2F0FFF76CFFDDF806302360DDF80A30EFE773
S21402B300A842002008B5074B02461B6813F040030C
S21402B31005D118461946FFF761FF012008BD002037
S21402B320FCE700BFA84200202DE9F0479EB0804609
S21402B3300C461D4691469DF898A0A2B11646304688
S21402B3400CF062FC1AF0020F0FD004B917AC2246BA
S21402B3503146404601AB0CF024FF0DB100232B60B2
S21402B3601EB0BDE8F0870DAEE9E701AB31464046B8
S21402B37005AA0CF0E3FE73780AF0010AFF2B26D02A
S21402B380002840F0B68054B105AA09AF134603CB95
S21402B390BB42206061601A4604F10804F6D125B16A
S21402B3A07278554B03EB82032B60BAF1000F01D182
S21402B3B00020D5E7BDF80430D906F9D418204FF698
S21402B3C0FF71727812F0F1FD40F60E40C8E74B4F5F
S21402B3D03DB10EF079FB10B13B689A072BD50023DE
S21402B3E02B603B6803F03003102B01D0202B24D1B6
S21402B3F017A8FFF7EBFE082240460DF15E01EFF7B5
S21402B400FFF820B13B6803F04403402B15D0BAF195
S21402B410000F15D109A80FF0BBFC02233370002CD5
S21402B4204CD1B9F1000FC3D00EF04EFB60B3301D05
S21402B430FFF74CFFBCE7324BD2E740F60A408FE7F5
S21402B4403B68DB03E6D509A80FF0A2FC02233370A3
S21402B45074BBB9F1000FB1D00EF036FBF0B1301D5F
S21402B460FFF734FFAAE73B6803F08403842B2CD053
S21402B47009AB0DAF1A4603CABA4220606160134692
S21402B48004F10804F6D105E025463B6803F0840380
S21402B490842B28D0301DFFF719FF26E03B680125D4
S21402B4A003F08403F4E73B68012503F08403DDE739
S21402B4B00EF00AFB0028F6D00125D9E70EF004FBB1
S21402B4C005460028CFD00025D2E712A80CF09CFB38
S21402B4D0022312A88DF84830ECF796F92246082186
S21402B4E04046ECF7E9F810237380002D3FF460AF76
S21402B4F064E72D2034E700BF2C3E0020A84200203F
S21402B500A442002049B9084B197849B14EF6602387
S21402B510594328B1054812F0A9B941F28831F8E733
S21402B5200248F6F761BF00BF665E0020F4410020C5
S21402B53070B586B005460EF0C7FA10B9022006B0FE
S21402B54070BDF7F745F80028F8D001A8FFF7BEFE51
S21402B55006460028F2D08DB92E4B1C6814F0020461
S21402B56006D02D4B1B78112BE8D12C4BB3F8684034
S21402B5704FF481630221ADF80C3023E02846F7F73A
S21402B5800FFD0028DAD1234B1C6814F0020406D003
S21402B590214B1B78112BD1D1204BB3F868400822DF
S21402B5A0294601A8EFF72CF80028E1D04FF40273E1
S21402B5B000260A21ADF80C302B68CDF80E306B68E9
S21402B5C0CDF81230002203A80EF0F9F8024608B9A8
S21402B5D01920B4E70F4B196801F03003102B17D06F
S21402B5E0202B14BF01230323490001F004010B435F
S21402B5F02046002101F09AF80028E9D00021012017
S21402B600FFF780FF16B10122054B1A70002096E75D
S21402B6100323E9E7A8420020C65E00202850002047
S21402B6207B5F002030B5002585B0CDE90055F6F7E2
S21402B630DBFE0EF049FA1E4C60B905F0AFFF0D2591
S21402B640002108462170FFF75DFF294668460CF088
S21402B65037FA18E023784BB3164917480A78007869
S21402B660904223D90132012B0A700ED12A464FF49A
S21402B670A071284602F012FDC0B2B8B941F2883174
S21402B6800E4812F0F3F805B030BD022B09D1284659
S21402B69002A9F7F7FDFB0028EED102A8FFF748FF44
S21402B6A0EAE7032B02D101F0FBF9E5E70425C7E739
S21402B6B0875F0020885F002023690020F441002075
S21402B6C070B51B4A1B4D04465168106886B02E782A
S21402B6D001AB03C31EB10224204606B070BDF6F7C6
S21402B6E0CFFF0228F7D10EF0EFF90028F3D003A817
S21402B6F000F03AFE082201A90DF10E00EEF780FFD7
S21402B700A0B10D4B32464FF4A07130461C7002F0C9
S21402B710C5FC04460028DFD10123084A41F28831DD
S21402B72007482B70137012F0A1F8D5E72324D3E74D
S21402B730FFC70400875F002023690020885F00207F
S21402B740F4410020F0B50C4600219BB02B4F064674
S21402B750492207A80691EEF707FC3B78012B34D165
S21402B7609EBB0DF10E0120460FF03BFC0546BDF8D0
S21402B7700E0011F0ABFF441BE4B2BDF80E102346D8
S21402B7802A46009606A812F048FD304604A9F7F7A6
S21402B7907FFBD0B9CCB19DF81920B2B9BDF82330E1
S21402B7A003F47E43B3F5285F1ED3B3F5385F0ED39A
S21402B7B01349BDF80E000B6843F400030B602946DC
S21402B7C00CF07FFD18B104233B701BB0F0BD0122C4
S21402B7D00C4B04A81A70FFF7ABFE41F288310A48F8
S21402B7E012F044F80223EFE711463A70FFF78AFE9A
S21402B7F01E2104A80CF064F9E7E700BF875F00206B
S21402B800A8420020885F0020F4410020014B1870F7
S21402B810704700BF885F0020014B1878704700BF52
S21402B820875F0020014B1870704700BF875F0020BB
S21402B8302DE9F04F0446408891B00E298846ADF8AF
S21402B8401A0079D094F80890A7790DF09DFF09A9FF
S21402B8500546BDF81A00E67910F0F4F9BDF81A00AC
S21402B8600DF085FE420542BFBDF82A3043F4005370
S21402B870ADF82A30E379DB0642BFBDF82A3043F43E
S21402B8808053ADF82A30BDF82A30980613D5022F19
S21402B89057D10CA9207A0FF045FBDDF83500DDF80C
S21402B8A0391007AB03C307AA0021042300910DF148
S21402B8B01A00FFF7AFFA0121BDF81A0011F022FFB5
S21402B8C0022F824649D1474B33F81950B8F1000F80
S21402B8D07ED0BDF82A2051067AD54FF6FB739D42DC
S21402B8E076D8414B1B78033B012B04D83F4BB3F869
S21402B8F06830AB426CD0D30502D528460FF0F4FC74
S21402B900BDF82A30D80463D5002F33D1BDF81A000B
S21402B9100DF02DFEC10663D548F23403BDF826208D
S21402B9209A4209D1324E3078FF2805D003222946A2
S21402B930FBF782FBFF2333700023236011B0BDE8C0
S21402B940F08F012F01BF237A2A4A03EB430302EB4F
S21402B950830314BF00229A1CA6E7012F05D10C23ED
S21402B96003FB09F3234AD55AB0E7A81C12F054FB8E
S21402B9700546ABE7284601F0F7FEBDF81A000DF0C3
S21402B980F6FDC206C8D463895046059311F09EFEA2
S21402B9908346504611F07EFE059B02905FFA8BF0BE
S21402B9A04A46394601900093404609AB0CF020F80F
S21402B9B0B8F1000F14BF0B20092016F0030218BFBF
S21402B9C002F1FF32294618BFD2B212F0EEFAA3E70E
S21402B9D0BDF81A000DF0CBFDC3069DD4002FD2D1C0
S21402B9E0A946D0E718550020C75E00202850002040
S21402B9F0276900205854002038B500240F4B104DFC
S21402BA002A78A24205D8C2B9BDE838400D48F6F7F2
S21402BA10EBBC598869B9013AD2B2A2422A70EFD079
S21402BA20121B184603F110011201EEF7EFFA034655
S21402BA30E6E701341033E4B2E2E738BD303E0020D8
S21402BA408B5F0020BC67002070B51A4B1A4A1D781F
S21402BA500023DCB2A54200D870BD144666880133C6
S21402BA60864202F11002F4D1E379A588E16003F080
S21402BA7040028DB9CAB123F00403E3710DF084FECF
S21402BA80037803F07F03037021880029E4D1BDE820
S21402BA9070400A4811F0EABE00216580A180002AA3
S21402BAA0E9D1BDE87040FFF7A7BF2046FFF7C0FE0A
S21402BAB0F7E700BF8B5F0020303E0020BC67002007
S21402BAC02DE9F047044686B040880F4615460DF02D
S21402BAD05BFEA3798046082B52D8DFE803F0052EDA
S21402BAE01851515151510500023012F095FA002DAD
S21402BAF04ED06946F7F7CCF9002841D1684601F0E6
S21402BB00DDFEB0FA80F0400906B0BDE8F08702A973
S21402BB10207A0FF007FA6B466E46DDF80D00DDF868
S21402BB201110334A03C3237A32F81390314AD05C99
S21402BB3075B131460FF01AFAE6E7237A2E4903EB7F
S21402BB40430301EB830231F82390907A961CEFE7C9
S21402BB504FF6FB7AD14515D9304603F0ADFF4FF6C6
S21402BB60FF739842054615D00146304601F018FE8E
S21402BB70554508D9E379DA060ED440F62243E36047
S21402BB800020C1E74D46294608F1020012F046FAA7
S21402BB900120B9E74D46EDE74FF6FC78454512D150
S21402BBA003F00C030C2B1CD1DFB130464FF6FD71AF
S21402BBB001F0F6FD40F61F412046E160FFF738FE31
S21402BBC0FFF71AFFDCE74FF6FD739D4209D100230B
S21402BBD0304619461A4602F02DFB4146304601F021
S21402BBE0DFFDE37943F00C03E37140F62343C6E737
S21402BBF018550020725E00205854002073B5044683
S21402BC0040880E460DF0C0FD023012F005FA0CF028
S21402BC1077FB18B1A11C201D0CF077FBE6B1E57985
S21402BC200135EDB2E57115F0400514D0EBF708F9D1
S21402BC300122054600212046FFF742FF18B1394B84
S21402BC401B882B449DB2384B1B78042B01BF354B07
S21402BC501B885B199DB22580002231462046FFF7DD
S21402BC602FFF20B360880DF08FFDE2792F4922F076
S21402BC700C03E3710B7805460133DBB20B70C3711C
S21402BC802B4BA61C1B780BB3E37998061ED52949C5
S21402BC90097871B159060CD592070AD500220423F9
S21402BCA0114630460092FFF7B5F810B1E06002B0D8
S21402BCB070BD00220123114630460092FFF7AAF813
S21402BCC020B1E37943F00303E371EFE730460CF06B
S21402BCD01AFB0028EAD16088FBF77EFD0328E6D827
S21402BCE0DFE800F0020D1D19E37943F00403E37167
S21402BCF01B06DCD5104B1A78104B1A70D7E740F6A5
S21402BD002443E360E37943F00803E3712B7803F0FE
S21402BD107F032B70CBE740F62543E360C7E740F688
S21402BD202643FAE770680020C75E0020C45E002043
S21402BD30C25E0020246900206A5E00208A5F00201E
S21402BD402DE9F74F064612F07DF85F4B0546B3F82D
S21402BD50009018805D4BA0EB09041B78A4B2A342A6
S21402BD6098BF00234FF000084FF6FF7788BF1B1BD3
S21402BD70564A88BFDBB21370DFF864B1A9EB000342
S21402BD800093534B5FFA88F2197891420ED80EB19F
S21402BD90FFF732FE4FF6FF739F4200F08E80394661
S21402BDA04C4803B0BDE8F04F11F060BDBBF802206E
S21402BDB0002A3CD0484B9BF807201878BBF800A016
S21402BDC0042818D00020BAF1000F08BFA24620446B
S21402BDD0504523D2BBF80010009B1944ABF8001064
S21402BDE0002E4ED002F04802482A4AD10021584678
S21402BDF0FFF704FF45E00192F6F790FF30F01003DC
S21402BE00019ADFD1FAF702FD344B019AB3F800C06B
S21402BE108445D7D9ACEB000080B2D4E702F00C0020
S21402BE20042807D10022ABF800200BF1100B08F112
S21402BE300108A6E7510602F0030C02F008000ED530
S21402BE4028B3BCF1030F25D1DEB1DBF80C1058463F
S21402BE50002908BF4FF44261FFF7EAFC11E040B345
S21402BE60BCF1010F25D11206EED44FF4C862ABF82E
S21402BE7000209BF8072022F0030242F002028BF811
S21402BE800720BBF80020974228BF1746CDE70320BD
S21402BE908445D9D213060ED50C4B1A780AEB02004B
S21402BEA0844208DA4A44521B0AEB0201ABF800103D
S21402BEB0E7E70120ECE7012199E7064803B0BDE871
S21402BEC0F04FF6F791BA00BF365800208A5F00207E
S21402BED08B5F0020BC670020C75E002070680020D1
S21402BEE0303E0020F8B500250A4E0B4F3378ECB2F0
S21402BEF0A34204D8BDE8F8400848F5F785BF07EB2B
S21402BF000414A01CF5F780FF201DF5F77DFF013510
S21402BF10ECE700BF8B5F0020303E00202C5800204C
S21402BF2070B500240B4D0C4E2B78A34208D81B1B71
S21402BF30DBB22B706BB9BDE870400848F6F754BA0E
S21402BF4006EB041040F621410134FFF771FCE4B21F
S21402BF50EAE770BD8B5F0020303E0020BC67002001
S21402BF602DE9F041002506462F46114CDFF84480A5
S21402BF7098F80020EBB29A4203D8BDE8F041FFF7EA
S21402BF803BBD60880DF000FC023012F045F8B0426E
S21402BF900AD16088F8F74AFA00230E21184662880A
S21402BFA003F086F92780678010340135E0E700BF8A
S21402BFB0303E00208B5F0020F8B5154EDFF858E0C3
S21402BFC035789EF800E0134FAE454FEA051C07EBA6
S21402BFD0051419D0002503F4835343EA1323A171F1
S21402BFE02272E371608027F80C50A58006F078FB79
S21402BFF040F60243E36033786081013328463370AB
S21402C000FFF79EFE2846F8BD40F60340FBE700BF5A
S21402C0108B5F0020303E0020E56800202DE9F04FBF
S21402C020344B0D461C78174685B05CB9B1F90680CC
S21402C030DFF8C890DFF8C8A0DFF8C8B099F800307B
S21402C040A34202D805B0BDE8F08F0AEB0416B0880A
S21402C05000B9708801A90FF0F5FDAA7A9DF80E3096
S21402C0609A4244D1B8F1000F0FDA297A9DF80C20D3
S21402C0702B89914209D8204800780844824236DA51
S21402C080521A1B0A1341D90731D538460FF0C9FD9B
S21402C090BDF80A3004469A0602D5EB889B06D1D52F
S21402C0A0F37903F00C03042B08D17088F8F7BEF975
S21402C0B0002372881946184603F0FAF80021304623
S21402C0C0FFF7B6FBFFF798FC384611F0FFFA8442FA
S21402C0D008D2337A01228BF80030294600233846EC
S21402C0E003F044F8B8F1000FACDA0024A6E70134F6
S21402C0F0E4B2A3E7895F0020E46800208B5F00209B
S21402C100303E0020945F002008B511F09BFE074BDE
S21402C1101B88C01A80B2B0F5807F05D9BDE80840FA
S21402C1200021034811F0A2BB08BD00BF365800200C
S21402C130BC6700202DE9F04788B004460D460FF094
S21402C1407BFC0146204606F04BF910F0030340F054
S21402C150848010F00C0F06D12946204608B0BDE8B0
S21402C160F047FFF771BC20460DF001FAC10659D41C
S21402C17020460FF061FC0146204606F031F90746DC
S21402C18020460DF001FB0646023011F045FF05A9D8
S21402C1908046204607F00C0796F806A00FF052FDE0
S21402C1A073780C2F0CBF03270627012113F0010F0B
S21402C1B0204618BF032711F0A5FA2B4B81461B78A1
S21402C1C0033B012B1DD9BAF1010F1AD94FF6F773AB
S21402C1D0984502D8337A1F2B13D9301D11F01CFF55
S21402C1E0F17982460DF0D6FE06465046F7F726FD52
S21402C1F0DEB173685A1C04D0834340F6284308BF56
S21402C2001D461A4B1B88A34212D1B5FA85F0400987
S21402C210FAF7A6FD20460DF0D8F9002201460720BF
S21402C22011F0C3FE08B0BDE8F08740F62845E8E7FF
S21402C23006F056FA8246484611F048FA064648463E
S21402C24011F028FAF6B20290424639462846CDE95F
S21402C25000A605AB0BF0CCFBDCE7012BE2D110F01D
S21402C2600C0FDFD178E700BFC75E00202C580020F5
S21402C270002210B5094B1C78094BD1B28C4201D86A
S21402C280002010BD197A814202D19979022902D082
S21402C29010330132F1E70120F3E700BF8B5F002085
S21402C2A0303E00200146002210B5084B1C78084B91
S21402C2B0D0B2844201D8002010BD187A884202D13A
S21402C2C098790128F8D010330132F1E78B5F00200D
S21402C2D0303E0020002210B40A4B1C780A4BD1B222
S21402C2E08C4203D85DF8044BFFF786BB197A81426D
S21402C2F005D19979012902BF00211980598010338E
S21402C3000132ECE78B5F0020303E0020044B1B68B6
S21402C31013F0300F03D0202130200EF035BD7047C9
S21402C320A8420020002310B5044608491A4601EA2E
S21402C33000414FF07F60FEF751FFE30703D500216F
S21402C34030200EF021FD002010BD00BF0000720755
S21402C350044B5B8823F4784323F08D03038000208C
S21402C360704700BFA842002008B500220346C3F863
S21402C3700220C3F806200B4A02301268D1B212F02D
S21402C380200F18BF41F010011980930701D4FEF761
S21402C3909DFF054B1B78023B032B8CBF172000200A
S21402C3A008BD00BFA8420020C65E002038B505467C
S21402C3B00C46FDF72FFB98B10E4B187878B10E4B52
S21402C3C01B681A040FD58CB113F0420F00D17DB151
S21402C3D003F44073B3F5407F0CBF0020232038BD22
S21402C3E040F60840FBE740F60B40F8E72046F6E743
S21402C3F02320F4E7C25E0020A8420020F0B50446DF
S21402C4008DB007A80D4616460BF0FEFB1022002143
S21402C41003A8EDF7A9FD5CB1234603AC03F11007B0
S21402C420224618685968083303C2BB421446F7D13D
S21402C430012703A986EA070307A88DF81C708DF862
S21402C4401D300BF04CFD80EA070401A8E4B2EBF7BE
S21402C45039FAB6B101A88DF80650EBF75FFA64B167
S21402C460002303A907A88DF81D300BF047FD0C4BDF
S21402C4701B78432B01D1F7F7CFFC0A4B1D700DB08A
S21402C480F0BD01A88DF80750EBF748FA002CF6D05D
S21402C49003A907A88DF81D700BF030FDEFE700BF6B
S21402C4A0C65E0020C15E0020F0B5012593B00746A7
S21402C4B00DA80C460BF0A8FB05A90DA8ADF8345044
S21402C4C00BF037FD01A8EBF7FDF909A90DA88DF8C9
S21402C4D035509DF806600BF02CFD0DA89DF8075010
S21402C4E00BF0BDFC70BB731BDBB2802B28D91FB1CF
S21402C4F0A64225D0A54223D105A90DA80BF0FEFC25
S21402C50003A8EBF7DFF903A88DF80F60EBF706FA3E
S21402C5100122294609A8FFF771FFF7F733FD01212B
S21402C5204FF4007003F0E6FDFDF75CFAB0F1004F41
S21402C53001D9FDF75DFA044B18780BF0BFFA01201B
S21402C54013B0F0BD0020FBE7C15E002070B50E46BA
S21402C550144605460320FFF765F946F0040229460D
S21402C56020460BF025FD0022014B1A6070BD00BF6D
S21402C570A4420020F0B587B00788054610220021A5
S21402C58002A8EDF7F1FC3E4B1B78002B76D1BC05DA
S21402C5905ED407F08403842B63D00022394C114604
S21402C5A01046FFF72BFF17F4045F276005F102061B
S21402C5B01CD0B9040AD5304605F0A4F900284ED19D
S21402C5C0236823F4005343F48073236030460EF04E
S21402C5D069FC002842D10BF013FB18B9236843F418
S21402C5E080332360236843F02003236022680DF122
S21402C5F0060042F400432360FFF7AAFE12F4805FAF
S21402C600BDF8063031D043F02003ADF8063021687D
S21402C610334611F0400218BF05F123024FF07F6047
S21402C620FEF7DCFDBDF80630DA0703D50021302020
S21402C6300EF0AAFB23689B0506D5012295F8221068
S21402C64005F11200FFF7DAFE00200F4B186006E035
S21402C65005F112000EF026FC00289AD0292007B019
S21402C660F0BDB80799D52320F9E723F02003ADF8EB
S21402C6700630FDF7BDF9FEF7BBFBC8E70220EEE782
S21402C680C65E0020A8420020A442002008B5054B42
S21402C6901B7833B1FFF73AFEBDE808400248FEF7C2
S21402C6A031BE08BDC25E0020495F002010B5154BA2
S21402C6B01B78D3B1144B1B78033B012B15D90020F2
S21402C6C00EF0B3FE044698B1EAF7EAFB237913F0BC
S21402C6D0300F0AD148B1012803F0CF0206D0811EDE
S21402C6E04B424B415B011343237110BD1023FAE703
S21402C6F0F7F7DAF80028F8D021462046BDE81040C1
S21402C70004F096B8C25E0020C75E002008B50DF0A1
S21402C710DBF9054B18B91868C0F3800008BD186825
S21402C720C0F30050FAE700BFA84200202DE9F04F00
S21402C730064689461046002189B01546984605F0F9
S21402C7404FFE102807460AD86A4B0341DB0706D479
S21402C750C8F340049DB9002009B0BDE8F08F664BCF
S21402C7601C78002CF6D0FFF7D1FF00280CBF4FF440
S21402C770F0744FF4D074FC4004F00104EAE74FF082
S21402C780000A18F0010F5346524629464FF005009C
S21402C790CDF800A00CBF4FF0080B4FF4027B09F057
S21402C7A07EF80028D7D0C82332460093594653460F
S21402C7B0284605F03DFEADF80E000028CBD018F056
S21402C7C0080A4AD14FF6F773A7F10F02D2B29E4279
S21402C7D08CBF09230123012A01D843F04003474AAC
S21402C7E08DF810301378591C11708DF81130002C0A
S21402C7F04FD09DF81030052F43F020038DF81030EF
S21402C80033D03F4B1D78002D5AD04FF6F7730025D4
S21402C8109E424FF00F0248D9012304A90DF10E00E3
S21402C820F5F736FD002896D1002C4DD1BAF100015D
S21402C83033463A4618BF0121BDF80E00CDF80090E7
S21402C8400BF068FDADF80E00002884D018F0040F37
S21402C8504DD031460DF06DFD7EE749460DF10E00D6
S21402C86005F02AF80028ADD175E70121BDF80E00C3
S21402C87010F048FF012105F0B3FD0123834013F0B9
S21402C880620F1CD11E4B1B78E3B14FF6F7731825C7
S21402C890BEE71B4B25461B780222002BBCD04FF668
S21402C8A0F7739E42B8D8052FB6D0BAF1000FB3D1AF
S21402C8B09DF8103043F040038DF81030ACE7102599
S21402C8C00F22A9E71825FBE7BAF1000F0AD00223C8
S21402C8D04A46009029460DF10E00FEF79BFA002804
S21402C8E0A4D038E741235246CDF800A0F2E70DF077
S21402C8F00AFD31E79FFEFEFFC25E0020C35E0020F7
S21402C900B45E00202DE9DF431E46144B80461B68AA
S21402C9100F469B0791460A9C1BD4204614B10BF087
S21402C920E1FCC0B20622CDE902403B460020CDE93A
S21402C93000890B490FF000F8024650B10021002E84
S21402C9400CBF01230323084604B0BDE8D043FFF71B
S21402C950EDBE002004B0BDE8D08300BFA842002090
S21402C960867B04002DE9F04F8DB081468A461F462D
S21402C97093469DF85C803AB903A8FEF7A7FCB0BBC5
S21402C98000200DB0BDE8F08F154600222321104688
S21402C9900CF015FFADF80A000028F1D010F07AFE70
S21402C9A00523044618F0100F00F8023B677020D0EB
S21402C9B011220021EDF7D8FA04F11306032F4FF0E7
S21402C9C0080237D159463046EDF720FBC8F38013EC
S21402C9D006F1090533720BF081FC00283ED00023D5
S21402C9E02B706B700123033505F8013C36E003AD6E
S21402C9F0CBE7012610221699EDF708FB06FA07F395
S21402CA0013F0620F02D104F11206D7E707A80BF063
S21402CA10FBF805A88DF81C60EAF754FF9DF816206F
S21402CA2018F0200F9DF8173008BF134604F11306BE
S21402CA30A374C3E751463046EDF7E8FA012306F140
S21402CA400802121B28460093BDF80A10082392B269
S21402CA5011F0E3FB042F06F11005BCD02D1BA9B282
S21402CA600DF10A000EF0D0FE002889D118F0040F4E
S21402CA700BD0484611F02EF8FF281FBF074A32F89F
S21402CA80103023F4804322F810304346514648467D
S21402CA90BDF80A20FFF74AFE73E700BFC057002022
S21402CAA070B5032690B08DF807600DF00DF818B932
S21402CAB00224204610B070BDF5F78AFD0028F7D094
S21402CAC002AD2846FEF702FC0028F1D01B4B1C687C
S21402CAD014F00204ECD140F20F43194AADF82430A8
S21402CAE0136804A8CDF826305368CDF82A300BF028
S21402CAF08BF895E8030005AB83E80300062304A839
S21402CB008DF81D308DF81060EAF77EFE01210DF1DA
S21402CB102E020DF10700EAF7CFFD22461A2109A8D8
S21402CB200CF04DFE024608B91924C2E70123294635
S21402CB302046FFF7FBFD0028BBD1F5E7A842002000
S21402CB40495F00202DE9F04F06460F46002199B0B6
S21402CB501F2210A803930F91EDF706FA30460EF047
S21402CB606BFF0146304605F03BFC8DF81B00304655
S21402CB700CF00AFE9DF81B3045788146C5F3400549
S21402CB809806304648BF45F002050FF04AF80446BC
S21402CB90304610F09BFD0023001B5FFA80FA0093DC
S21402CBA05346232B28BF2323224631460FA811F0D3
S21402CBB034FB002840D19E4B9DF83C801B789DF8A4
S21402CBC03DB0002B3BD0FFF7A1FD00280CBF4FF471
S21402CBD0F0734FF4D07323FA08F3D9072FD5AA07B8
S21402CBE02DD4B8F1080F24D1BBF1040F24D1FAF7E3
S21402CBF097FD08BB012322460093314605200DF11E
S21402CC001B0308F029FEB8B1A8F10508B8F10D0F0C
S21402CC1012D8DFE818F02800A001C701EC01F501E0
S21402CC201100110011001100FB019D02A902D7029A
S21402CC30D702B8F1050F08D019B0BDE8F08FB8F1E9
S21402CC40100F05D1039B002BF6D0FAF769FDD1E74A
S21402CC50FAF766FD0028CDD0B8F1050FCAD0B8F1B4
S21402CC60110FC7D0E8E7BBF1050FE5D830460CF048
S21402CC70EEFC059009F1020011F0CEF981460DF1A5
S21402CC801E00FFF765FB01239DF83D70BB4013F0C5
S21402CC906203039305D0BDF81E309B0701D5AE078D
S21402CCA0CAD50CF011FF0028C6D0FAF739FD08B92C
S21402CCB0002DC1D00DF13E0A50460EF0F3F8039B4C
S21402CCC00490BBB1032F9DF84EB01AD10DF14F045C
S21402CCD00CF0FAFE814540F01781032DACD19DF889
S21402CCE056105246003918BF01210DF14E000BF0C6
S21402CCF01EFBA1E7032FDDF80CB07BD10DF14E042D
S21402CD00E6E74C4B1B689C0729D5FF2208210DF14C
S21402CD1057000CF06BFE804608BB034601460DF139
S21402CD2057020220FEF75AFA0CF0CEFE81450DF1AC
S21402CD3057060DF14F0422D04FF6F773994540F28D
S21402CD40E8800022082120460CF050FE002800F061
S21402CD50E080002259465046FFF750FB6CE70DF183
S21402CD6057060DF14F0430460EF036F8002846D02E
S21402CD700CF0AAFE814540F0C8804FF0000820461D
S21402CD80F6F70EF9002800F0C080012F58D0042FC5
S21402CD907FF452AF0EF043F810B1032D7FF44CAF80
S21402CDA0049B002B7FF448AF324602215046FFF721
S21402CDB0CDFB214B1B7863B1FFF772FEFEF72CFD0D
S21402CDC0022806D10120FEF721FD01210846FEF7C2
S21402CDD099FB1A4B1B78022B1FD1032130460AF00F
S21402CDE06FFEFEF719FD014600287FF425AFFEF719
S21402CDF089FB21E70DF156060DF14E04B3E70F4B02
S21402CE001B78432B7FF418AF012F7FF415AF0CF07D
S21402CE105BFE814579D1B846B1E7412B7FF40CAF72
S21402CE20044B1B6858057FF507AFF8F761FC03E76C
S21402CE30C25E0020A84200207B5F0020C65E002063
S21402CE40B64C2378022B22D02378412B3FF4F4AE43
S21402CE50049B33B9FAF764FC594602465046FFF77C
S21402CE60CDFAFAF75DFC00283FF4E6AE0DF0D7FFE8
S21402CE70AB4F98B13B681A0502D42378432B0DD1E9
S21402CE80AB070BD440F61A40F7F7E0FBD4E60DF0FA
S21402CE90C6FF0028D8D0A907D6D4CDE6386810F049
S21402CEA0020002D1059903F0C3FC2378112B16D198
S21402CEB03B685F0513D50020FEF73AFB04460028C0
S21402CEC07FF4BAAE0DF0D8F840F61C40F7F7BEFB7A
S21402CED021462046FEF716FBF7F7C4FBACE6AC0786
S21402CEE001D5FFF713FAB8F1000F9ED00AF088FEBC
S21402CEF018B94FF480310DF047FF0022894B3046B7
S21402CF001A600DF060FF90E70026039B002B7FF46B
S21402CF1013AF4FF6FF73204608A9ADF82030F5F799
S21402CF2091FF20B120460CF0AAFDADF820004FF686
S21402CF30FF73BDF8200098423FF47EAE049B324653
S21402CF40002B0CBF042315232146CDE900A33B4644
S21402CF50FFF708FD70E60CF0B7FD00287FF46CAE14
S21402CF60714B1B78002B3FF467AEA80704D46C4BBA
S21402CF701B6899013FF560AEBAF10C0F0DF1450042
S21402CF8094BF002412AC11F047F802469DF8470001
S21402CF9003283FF651AE394600940DF13D0304F0E6
S21402CFA00BFA49E60DF13D00F5F7FAFF28B1022229
S21402CFB039460020FAF740F83EE65C4B1B78013B08
S21402CFC0012B3FF639AE0DF13D0002F075FD4FF62E
S21402CFD0FF739842044606D10DF13D000CF04FFD5A
S21402CFE0A0423FF429AE0021FAF736F924E6EA0712
S21402CFF07FF522AE2A4638460FA904F0DBFA1BE676
S21402D0009DF83D100120FFF74FFA15E6474B1B78B7
S21402D010013B012B3FF610AEEB077FF50DAE0DF18F
S21402D0203D0002F049FD4FF6FF73984205468046E2
S21402D03040F080800DF13D000CF021FD4045054694
S21402D040074677D10DF13D00F6F71CFCB8420546BF
S21402D0503FF4F2AD304610F039FB00220934E4B258
S21402D060071BFFB2394610460CF0A9FBADF81C00B0
S21402D07000283FF4E1AD4FF0010900232A460821BB
S21402D080CDF8009005F0D4F9ADF81E0000283FF464
S21402D090D3AD214630460EF09BFD4FF0000A804687
S21402D0A01622514609A8CDF820A0ECF75DFF4346AC
S21402D0B022463146CDF800A008A811F0AEF84B463D
S21402D0C0424608A90DF11E00F5F7E2F800287FF4A3
S21402D0D0B3ADA7EB0807FFB2394607A80EF094FBDC
S21402D0E0284610F0F7FCFF2818BF114A444418BF20
S21402D0F032F81030E4B21CBF23F4804322F810301A
S21402D100BDF81C0023463246002100970EF0A4FB11
S21402D1102946BDF81E000DF00CF98DE5C65E00200E
S21402D120A8420020A4420020C25E0020C75E002063
S21402D130C0570020284610F0CDFCFF28074689D0AD
S21402D140F6F7C6FD002885D0384603F099F881E741
S21402D1501E4B1B78013B012B3FF66EAD2A46384626
S21402D1600FA9FCF7C9F967E5194B1B78022B20D1EA
S21402D170002F7FF461AD08A8FEF7A8F800283FF458
S21402D1805BAD144B1F709DF83D30002B14BF64241A
S21402D1906524FEF741FB032806D138463946FEF7DA
S21402D1A0B1F93846FEF73EFB214608A80AF088FC8D
S21402D1B042E5043B012BDBD938460BF0A1F80028E8
S21402D1C0D6D139E530460BF09DF835E5C75E00202E
S21402D1D0C65E00207B5F00202DE9F34105460E4621
S21402D1E0174698460DF01BFE044640B101233A4608
S21402D1F031462846CDF80080FFF784FB04460DF042
S21402D2000EFE30B1FFF782FA78B10A4B1B689B011B
S21402D2100BD400233A4631462846CDF80080FFF765
S21402D22071FB002C0CBF0446012404F0010002B07E
S21402D230BDE8F081A842002070B58AB005A80AF0C1
S21402D240E3FC022301AA15468DF81430084B03F1BD
S21402D2501006144618685968083303C4B3422246B7
S21402D260F7D1294605A80AF03AFE0AB070BD00BFFB
S21402D27007C80400014B1878704700BF25690020D4
S21402D280014B1888704700BF9A6800204FF6FF735C
S21402D2902DE9F043994280460D4685B00BD0002713
S21402D2A04FF6FD791C4EE9F7D1FDFCB2A0420BD831
S21402D2B04FF6FF701DE0F5F773FE0028EFD005B0BD
S21402D2C0BDE8F0430CF000BC36F814304B4517D8D6
S21402D2D0694620460DF0EAFD082241460DF105009A
S21402D2E0EDF78EF94FF6FF7360B99D4204D136F81A
S21402D2F0140005B0BDE8F08326F814500DF09FFD2B
S21402D3000137D0E79D42FBD036F81430AB4208BF57
S21402D31026F81490F4E700BF185500202DE9FF47C1
S21402D32006460F4600254FF6FD79DFF83C80DFF80B
S21402D3303CA0E9F78BFDECB2A04202D804B0BDE8EF
S21402D340F08738F814304B450CD8694620460DF065
S21402D350ADFD082231460DF10500EDF751F908B989
S21402D3600AF804700135E4E718550020725E0020C2
S21402D370014B33F81000704718550020F0B50646EA
S21402D38000250D4F85B0E9F761FDECB2A04201D849
S21402D39005B0F0BD37F81430B3420BD169462046CB
S21402D3A00DF0C0FD9DF80030022B1CBF4FF6FD733A
S21402D3B027F814300135E6E71855002030B585B059
S21402D3C004460D46E9F742FDA0420FD9084B33F852
S21402D3D014204FF6FD739A4208D8694620460DF08F
S21402D3E0A1FD29460DF10500FFF750FF05B030BD3F
S21402D3F01855002030B585B00446E9F727FDA0424F
S21402D40019D92046FEF734FF0546B0B969462046CC
S21402D4100DF04CFD9DF800302BB1694620468DF884
S21402D42000500DF061FD4FF6FF720020044B23F80A
S21402D430142005B030BD2820FBE740F60440F8E78C
S21402D440185500202DE9F0410B7805460E461BB90B
S21402D450BDE8F041FFF7CEBFE9F7F8FCA84231D9A4
S21402D4602846FEF705FF78BB374617F8058B4FF6BA
S21402D470FF713846FFF70AFF0446384600F01EFAE8
S21402D480B0FA80F04009B8F1000F15D0B8F1030FDA
S21402D49015D04FF6FF724FF6FD73944208BF1C4636
S21402D4A00B4B314623F815400A4B585528460DF0CB
S21402D4B01BFD0020BDE8F0814FF6FF74F0E74FF643
S21402D4C0FE74EDE72820F5E740F60440F2E700BFD9
S21402D4D018550020725E00202DE9FF410D460446D5
S21402D4E04FF6FE780F4F0E0AE9F7B0FCA04204D8BA
S21402D4F0FF24204604B0BDE8F08137F814304345D7
S21402D5000CD1694620460DF0D1FC9DF80520EBB201
S21402D5109A4203D19DF80630B342EAD00134E4B20F
S21402D520E2E700BF185500202DE9F04F0C461746DB
S21402D530984600254FF6FD7B87B09DF840A0DFF8A1
S21402D5405C900190E9F782FCEEB2B04201D8FF2669
S21402D55016E039F816205A451ED8304602A90DF0B4
S21402D560A5FC3FB99DF80920424515D19DF80C202F
S21402D570524511D144B939F81620019B9A420BD173
S21402D580304607B0BDE8F08F082220460DF10D01A7
S21402D590EDF736F80028F3D00135D3E7185500200A
S21402D5A010B514460DF082FC2046BDE81040082255
S21402D5B00149ECF72BBD00BF495F00202DE9FF476C
S21402D5C0074615460846082224491E46EDF718F86F
S21402D5D0044600283FD14FF6FF7ADFF88490E9F739
S21402D5E035FC5FFA84F880450BD385B3384608F0DD
S21402D5F015FA01250C9B18700120357004B0BDE8A1
S21402D600F08739F8183053451FD0694640460DF06A
S21402D6104DFC7A789DF801309A4216D17A88BDF888
S21402D62002309A4211D13A799DF804309A420CD1CE
S21402D63008220DF10501781DECF7E2FF28B9002D4E
S21402D640D7D1404608F005FAD3E70134C7E7FF20F2
S21402D65008F0FFF9CEE70020D0E700BF495F0020C0
S21402D66018550020F0B50025154E164F85B0E9F77F
S21402D670EDFBECB2A04201D805B0F0BD69462046EB
S21402D6800DF014FC9DF80030032B06D900236946E2
S21402D69020468DF800300DF027FC9DF8002062B180
S21402D6A04FF6FD734FF6FE71032A08BF0B4626F8A7
S21402D6B01430002301353B55D9E74FF6FF73F6E7E2
S21402D6C018550020725E0020F8B50E4604464FF646
S21402D6D0FF770C4B0C4D1B7803EB430305EB8305DE
S21402D6E0A54202D800242046F8BD2388BB4206D0B5
S21402D6F008223146A01CECF783FF0028F3D00C3436
S21402D700EEE700BFE668002058540020044BFF21D5
S21402D7101A78044802EB42029200ECF725BC00BFDE
S21402D720E668002058540020F8B504460C4B0D4617
S21402D7301B781046A3420DD90C27022117FB0411B1
S21402D7407C43084E08223144ECF760FC335B002031
S21402D7502B80F8BD0023136053604FF6FF73F6E785
S21402D760E66800205854002038B504464FF6FD758A
S21402D770FFF704FE0022084B1878084BD1B2884205
S21402D78000D838BD33F80C1C0132A14208BF23F87A
S21402D7900C5C0C33F2E700BFE668002064540020FD
S21402D7A070B505460E460846FFF7DEFF31462846A8
S21402D7B0FFF76CFD29460648FFF786FF00B970BDE5
S21402D7C0044624F80C6B0DF03AFB29462046F3E794
S21402D7D05854002010B5082286B023490446ECF7B8
S21402D7E00FFF20B906B0BDE810400CF06DB9082254
S21402D7F020461E49ECF704FF20B91D4BB3F868001B
S21402D80006B010BD0023012221464FF6FF7000939A
S21402D810FFF78AFEFF2806D0164B33F810004FF6A5
S21402D820FB739842ECD903A8FEF79EFD58B9BDF8E3
S21402D8300C305B0607D5082221460DF10E00ECF7E8
S21402D840DFFE0028DCD021460B48FFF73DFF40B143
S21402D8504FF6FB724FF6FF730088904288BF184659
S21402D860CEE74FF6FF70CBE7495F002092500020CC
S21402D87028500020185500205854002070B5002269
S21402D88004464FF6FB7608460A4B1D780A4BD1B281
S21402D8908D4201D8002009E01988B14207D8A1427A
S21402D8A005D10822991CECF7B1FB012070BD0C33A0
S21402D8B00132ECE7E66800205854002037B50146EE
S21402D8C005460E48FFF700FF044640B1807A294617
S21402D8D00DF04CFB80F00100C0B203B030BD034631
S21402D8E00090012229464FF6FF70FFF71DFEFF2823
S21402D8F016BF034B2046185CE9E700BF58540020C9
S21402D900725E00202DE9F341224B04461B780F4637
S21402D9108342154638D9FEF7C5FCB8BB4FF6FD73F1
S21402D9209D421D4E0ED004EB440326F823504FF6BC
S21402D930FF739D421FD12046FEF7CCFC002002B0AA
S21402D940BDE8F0810DF106013846F5F77BFA4FF691
S21402D950FF72BDF806303846934218BF1D460C23A8
S21402D9606343F55206EB0308FFF7A8FFB0FA80F010
S21402D970400988F80A000C2303FB04600822394693
S21402D9800230ECF743FBD9E72820D8E740F60540FB
S21402D990D5E700BFE66800205854002038B5044694
S21402D9A00D46FFF7BBFC21460448FFF78DFE00B983
S21402D9B038BD857221460C30F7E700BF5854002068
S21402D9C00023074A1370074A1370074A118801B1E9
S21402D9D01380064B1A880AB100221A80704700BFCD
S21402D9E08D5F00208C5F00203C5800203A580020B3
S21402D9F02DE9F04F4C4C9846238889B005900F4687
S21402DA0010469DF848A05BB952B10DF016FF208073
S21402DA104FF4FA61454809B0BDE8F04F0FF026BF53
S21402DA20DFF81C91B9F80050002D69D028460FF097
S21402DA304DFEC0F3470428460FF02CFEDFF804A183
S21402DA400294BAF80030DFF800B10193BBF8003058
S21402DA500546009300224346012035490DF06CFF2F
S21402DA60ADF81E0010B305EB44080124454512D15B
S21402DA70E4B9BDF81E50CDB12E4B1B782BBB2B46FE
S21402DA8000223946059800F043FA0023ABF800302E
S21402DA90AAF800300AE0012329461A460DF11E00B4
S21402DAA0F4F7F6FB023504460028DFD00023224AAC
S21402DAB0A9F800301378013BDBB21370002BA7D114
S21402DAC009B0BDE8F04FFFF77BBF0BF0C6FF01467B
S21402DAD0284604F085FC0A218046284604F080FC8D
S21402DAE00646A64202D8FF2CCFD1C8E7284604F144
S21402DAF00B0104F075FC8045C1D80134E4B2F0E7AE
S21402DB000E4C237823B910F095F808B90123237038
S21402DB10524641460520F5F757FC0028D0D1207022
S21402DB2009B0BDE8F08F00BF3C580020DC6700203B
S21402DB308C7B04008E5F00208D5F00208C5F0020AF
S21402DB403A580020D4570020D657002030B5154D3D
S21402DB5087B02C889CB923464FF4A07248F238014D
S21402DB6003A80DF0E6FA21462046F9F7F3FB224613
S21402DB700D4B009403A9FFF73BFF07B030BD2046CC
S21402DB800BF002FE043010F047FA03A90446288878
S21402DB900EF058F80023009320462A8803A900F0C6
S21402DBA065FBEAE73C58002000F8FF0737B500207F
S21402DBB001A9F9F7CFFB0D4C014623780C4D7BB13A
S21402DBC00C4B019A1878F9F7DBFB2078F7F716F971
S21402DBD0002323702B700848F4F706FC03B030BD10
S21402DBE02B78002BF7D0FFF7B1FFF4E7905F002009
S21402DBF08D5F00208F5F0020DC67002008B5054897
S21402DC00F4F702F90448F4F7FFF8BDE808400348C1
S21402DC10F4F7FAB83C5800203A580020385800204A
S21402DC202DE9F04F89B089460446CDE905239DF8D3
S21402DC304870139E30B316F801ABBAF1000F23D02A
S21402DC400AF1FF34A400E4B2314601200AF0A0FB38
S21402DC50C00E1BD1DFF838B1314601200AF098FB1E
S21402DC609BF8005034442279BDB1002F47D180235F
S21402DC704846CDE90277CDE900773E4A059900F09D
S21402DC8047F93CE08246DFE75446DDE71B28ECD93D
S21402DC90314601200AF07CFBE7E7DFF8F880FF2A2E
S21402DCA000EA08080BD14246E379A179607901EBD4
S21402DCB0032189B209B0BDE8F04FF9F761BB2E49DE
S21402DCC009688B070AD5FE2A35D101230135EDB244
S21402DCD0202D4FEA43030AD1FF250AE029462846AB
S21402DCE00792F9F737FB4845BFD1079AEBE7984505
S21402DCF0ECD1224B1B78FF2B04D0AB4204D009B0E8
S21402DD00BDE8F08FFF2DFAD029460020F3F774F80D
S21402DD100028F4D09BF800306479002BEFD1FFF78F
S21402DD204FFE17484FF410510FF0A0FD154B8BF81D
S21402DD3000501C70E3E7052A97D8BAF1010F94D871
S21402DD40B8F1000F91D0002FD9D17379002BD6D01D
S21402DD500D49098821B9082B28BF08230B490B70E7
S21402DD60434648461292DDE9051209B0BDE8F04F77
S21402DD70FFF73EBE8C7B0400A842002026690020E6
S21402DD80DC6700208F5F00203C5800208D5F00205B
S21402DD90905F002000F8FF07014B1880FFF7D6BE01
S21402DDA03A58002037B5184B1B78022B03D017259C
S21402DDB0284603B030BD00210DF10700F4F798FCA9
S21402DDC005460028F3D1114B1B78013B012B01D9E4
S21402DDD00225EDE7F4F7F6FB0028F9D009F0B8FDC6
S21402DDE00446F4F7EFFB0A4B4FF47A7118700B23D4
S21402DDF0B4FBF3F203FB12440A34A4B261430548AF
S21402DE000FF034FDD4E700BFC65E0020C75E0020D8
S21402DE10B75E0020D44100202DE9F043384B0024A1
S21402DE201E784FF4F813374FA5B003933D78ADF83C
S21402DE301040F7F78FF8BDF90E30ADF81200A34286
S21402DE40ADF8144006DB304B1C780134E4B21C708B
S21402DE5044F080048DF82C40A94602244FF00008B6
S21402DE608DF82D60B14529D3002221460BA83D70BE
S21402DE708DF82D800BF0A3FCE8B1B8F1000F09D0A5
S21402DE8000234FF6FC71CDE9000303AAFF23062008
S21402DE90FBF7EAFFB5422FD209F05AFD0B23B0FB7F
S21402DEA0F3F24FF47A7102FB13000A3080B2414358
S21402DEB016480FF0DBFC25B0BDE8F083484606A9FD
S21402DEC002F004FA98B9512C11D804F190030DEB24
S21402DED00302083406AB013508F1010803CBE4B2AD
S21402DEE042F8640C42F8601CEDB25FFA88F809F159
S21402DEF001095FFA89F9B5E70448F4F775FADAE733
S21402DF00B75E0020B85E0020925F0020D441002059
S21402DF100CB42DE9F04F8BB014AA0E4652F8041B2F
S21402DF2007460992002940F08F80BDF85400ADF8EC
S21402DF302200002800F0A18033794FF6F778002BF4
S21402DF4040F0868047458CBF4FF009084FF008081E
S21402DF504C4B1C78FF2C40F08380B6F90230002B25
S21402DF60A9BF494B347A1C780134A2BFE4B21C70B4
S21402DF7044F08004DFF81CB12246002104F044FA83
S21402DF809BF80030BDF82200002B6CD0DFF808A109
S21402DF904FF00009BAF8003007930FF097FB0546DA
S21402DFA0BDF822000FF076FBEBB2CDE90193FF231A
S21402DFB0CDE9030900932246334639460798FCF713
S21402DFC0F1F84FF6FF7305468BF80090AAF800307A
S21402DFD0382D33D13246394640460DF122030AF037
S21402DFE097F900284BD04FF6F7739F4226D8B6F91A
S21402DFF002307088002B21DA48F204022349244BAF
S21402E0004FF00008904214BF894699460BF05CFD1B
S21402E010494603468A220120CDF800800DF08CFC8A
S21402E020814658B12246414604F0EEF9FF233246B5
S21402E03039464046CDE90098FBF716FF28460BB056
S21402E040BDE8F04F02B0704701200DF052FC6EE7BB
S21402E050002347458CBF4FF006089846337177E792
S21402E060FF221A7086E7CDE900033246FF233946BF
S21402E0704046FBF7F9FE0546AAE71925DEE7054600
S21402E080DCE700BF28690020925F00209D7B040029
S21402E090927B0400915F00203E58002070B54FF43A
S21402E0A0003300240546164688B0ADF81A100DF166
S21402E0B00F0204A90593ADF81840ADF81C4004946D
S21402E0C08DF80F400AF0FBF89DF80F3028460193B2
S21402E0D0049B044A009305A93346FFF719FF08B0CC
S21402E0E070BD00BF967B040030B54FF48035002427
S21402E0F087B00395BDF82850CDE900128DF8103090
S21402E100074A034603A9BDF82C008DF81140ADF866
S21402E1101250ADF81440FFF7FBFE07B030BD00BF4B
S21402E120A27B0400B1F1006F2DE9F04314462CBF28
S21402E130392238228BB01D464FF00003ADF81E2060
S21402E1404FF480022CBF4FF001099946FF2C064679
S21402E150ADF81C300892ADF824304FEA11471FFA8A
S21402E16081F80FD10CF046F8B9F1000F19D1154A13
S21402E170CDE9020543463046CDE9007407A9FFF70C
S21402E180C7FE1AE0FE2C0AD10CF034F80130C0B2F9
S21402E1900CF03BF8B9F1000F12D00B4A02E0E8B2DD
S21402E1A0F8E70A4ACDE9030501233046CDE90174B2
S21402E1B0CDF8008007A9FFF7ABFE0BB0BDE8F083F1
S21402E1C0034AD5E79A7B0400A07B0400997B0400EF
S21402E1D0A17B04004FF498124FF0806310B586B00E
S21402E1E0CDE903230023ADF814300BF06DFC044692
S21402E1F0F6F7B0FE054B01900093054A234603A9A5
S21402E2004FF6FD70FFF784FE06B010BD495F002092
S21402E210A67B040008B5064B1B78022B02D0043BF3
S21402E220012B03D8FFF7D6FF002008BD0220FCE72B
S21402E230C65E002030B500244FF4806587B0CDE975
S21402E24000128DF81030084A034603A94FF6FD70F7
S21402E2508DF811400394ADF81250ADF81440FFF754
S21402E26057FE07B030BD00BFAA7B04002DE9F04F71
S21402E2709BB00E4605460EA91046CDE90A329DF819
S21402E28090700CF0AEFEBDF838A0804650460FF0F7
S21402E2901DFAB6F902300446002BB6F80690B6F818
S21402E2A002B004DA0022B24B1A70002049E050464F
S21402E2B00FF00CFA4045F5D3A4EB0804E3B2002FA6
S21402E2C018BF4FF4A079152B099328BF15230024F5
S21402E2D0013308F1FF325146DBB292B2009414A821
S21402E2E00FF09BFF6FEA4B436FEA5343A1499DF839
S21402E2F0502008684968ADF846300FAB03C3ADF846
S21402E3004840ADF84440ADF84A90ADF84C20BBF119
S21402E310000F24D10DF15100F4F742FEA0B10BF02C
S21402E320D3FB5C4606460DF1590A0DF151030A9AD3
S21402E3309AF80080012A2DD157B384F0010404F024
S21402E34001001BB0BDE8F08F0DF1510001F0B4FBE7
S21402E3504FF6FF74011B4C4206464C41E3E7BBF105
S21402E360010F40F09480BDF851600BF0ADFB864281
S21402E3700AD030460FA90CF00AFF80F00104E4B27E
S21402E3800DF1530A0FABD2E77B4B0DF1530ACEE7E2
S21402E3900A9CD4E797B3002C75D1B8F1010F72D856
S21402E3A037D10BF091FB0BF08FFB224606469AF80C
S21402E3B00170714B00210120CDE9006102976F497F
S21402E3C00DF0BAFAADF83A0000285CD0002C53D112
S21402E3D0B8F1010F50D12646DFF8B8A19AF80030FE
S21402E3E05FFA84F8434538D940460FF0CBFBC207A4
S21402E3F002D5BFB1013FFFB20134EFE7B8F1010F1A
S21402E40005D1002CCDD081229AF80170D2E7002CDB
S21402E410F9D1B8F1010F94BF002201229AF80170D7
S21402E420D201C7E7404601F017FB0123ADF83400DE
S21402E43002220DA90DF13A00F3F72AFF18BBBDF828
S21402E4403A000FF043F9804648460CF03CFC08F1CF
S21402E450010801368045F6B2CEDBB6B132460C2153
S21402E460BDF83A0003F0D0FF00222846BDF83A3045
S21402E47011A9FFF74DFD06E00C210DF13A000DF053
S21402E480C3F90028F0D001205BE70D21F5E70A9BCF
S21402E490002B7FF40AAF7388342B57D1099B092BC4
S21402E4A07FF403AF002F7FF400AF9DF959603A4620
S21402E4B0B41008210DF1510004F020040BF096FA76
S21402E4C0D0B12F4B1B78012B3FF4EFAE022B27D196
S21402E4D02C4B1B6813F0807F25D12A4B1B685B02EE
S21402E4E001D5002E30DA00232846274A11A9FFF765
S21402E4F00FFD264B1C70D8E60DF15100F4F750FDC7
S21402E5000028DED10DF1510001F0D6FA4FF6FF7366
S21402E510984208D02146F8F79FFE034618B903E052
S21402E520033B012B06D9C8232846174A11A9FFF731
S21402E530EFFCBAE6164BB3F86830AB42CDD0114BBF
S21402E5401B6813F0805FC7E78D23EDE7099BCDE9D3
S21402E550059204930DF15103CDE902833146284614
S21402E560CDE9007A0B9B11AA00F058F89DE600BF91
S21402E570855F0020E0040400495F0020AE7B0400B3
S21402E580C75E0020A84200209032040027690020BF
S21402E59028500020F3680020024B187840F08000D4
S21402E5A0704700BF925F002038B50A4B05461C78BC
S21402E5B024B10BF089FAB0FA80F46409F8F72AFF5E
S21402E5C008B144F04004E8F74DFC44EA40202840F5
S21402E5D038BD00BFC25E0020014B18800020704785
S21402E5E0A26800204FF6FF71034602881B798A4212
S21402E5F017BF074901200A8041881EBF054A00202E
S21402E6001180FF2B1EBF044A00201370704700BF04
S21402E6109E6800209C680020935F00202DE9F04F42
S21402E620B7B09946BDF80431439C0D939DF8083166
S21402E63083460E93BDF8143120460F939DF8183189
S21402E640B1F802A00F4690469DF8005110930FF0C5
S21402E650E3FCBAF1110F064600F28A800BF034FA98
S21402E660B04200F08F80BAF1060F19D14FF6FD7353
S21402E6709E423ED0DDB9BC4B1B78033B012B36D9FC
S21402E68030460FF027FAFF2814BF89238123002281
S21402E6904146CDE900625846B44AFFF739FC06E027
S21402E6A02DB9BAF1030F08D8BAF1010F0AD8002221
S21402E6B0AF4B1A7037B0BDE8F08FAAF10403022BF5
S21402E6C0F5D8D8E7A84B1B78033B012B0DD930466B
S21402E6D00FF000FAFF2814BF8923812341465846CB
S21402E6E0A44A0096FFF714FCE1E78023F6E78023AE
S21402E6F0CDE7A14B1B7859074CD40BF0E5F9002661
S21402E700034632460120994900960DF015F9237901
S21402E710ADF86C000F930028CCD0DDE90E320D98D0
S21402E72003EB42090EF0D2FF5FFA89F909F10507F9
S21402E730FFB28742BED239460D9803F051FE1090C2
S21402E74007EB40070D980EF0C1FF8742B2DADDE90B
S21402E7500F321343DBB2002B40F03282002DA9D1D8
S21402E7602F463A460421BDF86C0003F04DFE76E1D2
S21402E770814BBAF13A0F1B7811D948F23B039A45FE
S21402E78008D014E07C4B1B785A070BD5AAF1040379
S21402E790022B07D8FB8843F48043FB808AE7BAF152
S21402E7A01B0F1ED8AAF102039AB2132A5ED9109B37
S21402E7B0494602930F9B5046CDE900530E9A5B469C
S21402E7C009F08AFD0F287FF475AF0122684B1A7094
S21402E7D0694B1B789B0740F1D982002D7FF46AAF04
S21402E7E0D8E7AAF11C021E2AE1D801A151F822F0AC
S21402E7F015F00200AFE70200AFE7020035EC0200B8
S21402E800AFE7020015ED020015ED0200AFE70200C9
S21402E810AFE70200AFE70200AFE70200AFE7020091
S21402E820AFE70200AFE70200AFE70200AFE7020081
S21402E830AFE70200AFE70200AFE70200AFE7020071
S21402E840AFE7020045ED020045ED0200B1EF02001F
S21402E850AFE70200AFE70200CBEF0200AFE702002D
S21402E86065F002007BF0020089F00200132B9ED8AE
S21402E87001A252F823F000BFC9E8020091E90200A3
S21402E880AFE902008DEA0200FBE60200AFE70200F3
S21402E890AFE70200AFE70200AFE70200AFE7020011
S21402E8A0AFE70200AFE70200AFE70200AFE7020001
S21402E8B0AFE70200AFE70200AFE70200CFEB0200CD
S21402E8C0AFE7020041F0020000241BAB5A4648465E
S21402E8D00E9900931DAB1D948DF86C4009F0F0FC68
S21402E8E00BF0F2F8204B05461B78012B03D0022BC7
S21402E8F014BF02240124E8F7B5FA162894BF0020B4
S21402E900012044EA4014F6F725FB1C4B0646B3F8F2
S21402E91000A0FBF79FFA1A4B07464FF6FF70B3F8B4
S21402E9200090FFF741FE174B9DF86C201988124B9A
S21402E9301B7813F002031CBF134B1B780B921D9A15
S21402E940CDE90701CDE9093240234146CDE901432D
S21402E95058460023CDE90579CDE9036A0B4A0095AE
S21402E960FFF7D6FAA6E600BFC75E0020927B040039
S21402E970855F00209D7B0400675E0020A268002061
S21402E9809E6800209C680020935F0020B47B0400F1
S21402E9900BF09AF8A34BA44A1B88CDE94003002348
S21402E9A04146584637B0BDE8F04FFFF7B1BAA478F3
S21402E9B01DA9631EDBB2EF2B204610D9F22C0ED017
S21402E9C007F078FF82240BF07FF800234146CDE95A
S21402E9D00003964A23465846FFF79AFA6AE607F075
S21402E9E069FF002850D00BF06FF89DF878209DF84C
S21402E9F07A100492BDF8762049000392BDF874207E
S21402EA00C9B2CDE901429DF8792003465200D2B23E
S21402EA1008320A4400920120002285490CF08CFF3D
S21402EA209DF87930ADF86C008DF8673000283FF419
S21402EA3041AE002601230DF167011A461BA8F3F723
S21402EA4027FC054600287FF435AE9DF86730EAB20B
S21402EA50934209D89DF87A308DF8673016B1BDF822
S21402EA606C3033E00126E5E73146204607F024FF06
S21402EA700123ADF8680002221AA91BA8F3F708FCC6
S21402EA8001350028E1D015E683249CE70BF01CF83C
S21402EA90044607F030FF2346009000220120634917
S21402EAA00CF04AFF00283FF405AE00252C46ADF8D0
S21402EAB0740007F020FFEEB2B0420DD822460421C1
S21402EAC0BDF8740003F0A0FCBDF874300022414685
S21402EAD05846FFF71DFAEDE5304607F0E9FEFF2837
S21402EAE08DF86C000AD0012301341A461BA91DA812
S21402EAF0E4B2F3F7CDFB00287FF4DCAD0135D8E7AE
S21402EB005046B4F8029007F0D3FEFF288DF868004E
S21402EB1000F0CF821DA907F0CDFEBDF874304B453C
S21402EB2007D04FF6FF72914540F0C3821B0400F1F6
S21402EB30C0829DF8793012930E9B0533DBB2139395
S21402EB400F9B1493002311934FF000094B4613E0DA
S21402EB5017934900139BC9B219440D9889B20CF059
S21402EB608EFE4FF0000A179B159012995FFA8AF2F2
S21402EB708A4217D309F10109149A5FFA89F1914280
S21402EB80E6D39DF87A201292169A1392002B40F042
S21402EB908582119B002B40F08C8201231193109BDF
S21402EBA01493D1E711999DF86800179307F084FE35
S21402EBB0159A179B0AF1010A824208BF0123D4E77D
S21402EBC009F106095FFA89F33746169372E2A71C23
S21402EBD039463046A57A08F0D3FE01223946304639
S21402EBE0FAF7D4FB30460CF028FC384600F064FFF7
S21402EBF02288824207D04FF6FF72904203D00EF070
S21402EC0069FF0CF05AFB85F00804C4F3C0042146E1
S21402EC103846FEF7C3FE2146384637B0BDE8F04F09
S21402EC2009F087BBA0680020C17B0400927B040029
S21402EC30C57B0400AD4B1B78033B012B7FF63AAD38
S21402EC400AF042FF58453FF435AD08F081FE0B232B
S21402EC50B0FBF3F24FF47A7102FB13000A3080B273
S21402EC604143A3480EF002FEF3F7ACFC00283FF443
S21402EC7021AD0123002218469E4994F800A00CF00C
S21402EC805BFEADF8680000283FF414AD002635465A
S21402EC9034460E9B1BAF01330E93F2B2524514D389
S21402ECA0002C3FF407AD01232A461DA91AA8F3F744
S21402ECB0EFFA00287FF4FEAC22460221BDF8680077
S21402ECC003F0A2FBBDF8683000E74FF000090E998A
S21402ECD0D200D2B20A4408230D993846CDF80090E5
S21402ECE00FF09BFA394648460EF0C4FEFF280FD0B6
S21402ECF0814B1B5C0F2B0BD997E8030005F1D80359
S21402ED006B44643B83E8030008350134EDB2E4B299
S21402ED100136C2E7002D7FF4CDAC18073FF53AADB9
S21402ED20534622464146584603F066FE00287FF4C4
S21402ED30C1AC842341465846704A37B0BDE8F04F0E
S21402ED40FFF7E6B823780F9810930BF0BCFF00216C
S21402ED500646584604F0BAF9644BBAF1310F1B78EE
S21402ED600746A3F103030BD1012B13D9644B654A63
S21402ED701B7812781344DBB20D9316230E930DE024
S21402ED80012B03D9604B1B780D9353BB002D7FF4E8
S21402ED9091ACCEE701231621CDE90D310024109B5C
S21402EDA02246009301202346584901940CF0C4FDE4
S21402EDB000283FF47FACF61BF3B22646544FDFF82A
S21402EDC05C911193ADF86C000F940D9BE5B2AB42CB
S21402EDD009D832460221BDF86C0003F015FB0F9AE3
S21402EDE0C0E40523CAE7162200211DA8EBF7BCF8EB
S21402EDF0BAF1320F3DD13B7903F00302032A21D147
S21402EE008DF87620109B0136F6B2B34215D2BDF8C5
S21402EE106C000EF05BFC0E9B1844119B98420CDCB7
S21402EE2001230E9A1DA91BA8F3F732FA00287FF4D5
S21402EE3041AC0F9B0133DBB20F930134083709F163
S21402EE401209C2E7B9790029DCD13249C3F3C203F9
S21402EE50CB5C1DA8012A08BF43F0010339888DF850
S21402EE6076300FF0DBF879880DF177000FF0D6F8E0
S21402EE70C8E71DA80BF040F94FF0FF33CDE91F336A
S21402EE801F4B1B78AB4261D999F804306F2BD4D84C
S21402EE9028461FA9F4F7D0FF0028CED01E4BB9F89B
S21402EEA00020B3F8683092B9003B18BF01235B011B
S21402EEB043F004038DF8863002238DF88730B9F8C4
S21402EEC002301B0A11468DF8893021A8CEE79B1A1C
S21402EED018BF01235B0143F005038DF88630022339
S21402EEE08DF887300F238DF88830E8E7C75E00205C
S21402EEF0D4410020CF7B04006B5E002090320400D9
S21402EF00C05E0020BF5E0020F1680020CD7B0400BA
S21402EF102A57002018C8040028500020B0550020A8
S21402EF200132D2B2551EEDB22846139312920EF05B
S21402EF3029FEDDE9122310F0010FF1D063490978AA
S21402EF40611A994205D00133DBB2E9E701220023B8
S21402EF50E8E75F4B1FA918782844C0B2F4F76CFFA5
S21402EF6000283FF46AAF284600F076FD1290284645
S21402EF700EF008FE10F0010F129A0FD116238DF82C
S21402EF808630544B1B780133DBB20F2B28BF0F237E
S21402EF908DF88830504B33F8153092E72846129297
S21402EFA00EF0F0FD10F0020F129AE7D11223E6E7F8
S21402EFB01A073FF5EFAB23465A4641460F9803F031
S21402EFC073FD00287FF476ABE0E695B1434B1B78E1
S21402EFD0033B012B7FF66EAB0AF076FD18B9BBF148
S21402EFE0000F7FF467AB207837B0BDE8F04FF5F737
S21402EFF021BE0AF069FD20B1384B1B78033B012B7A
S21402F00001D8802396E62B4641465846344AFEF7F8
S21402F0107FFFE8E70AF058FDB0427FF44BABA01C36
S21402F020F3F7BEFF00283FF445AB0AF04DFD044659
S21402F0300AF04AFD2B4B2C4ACDE940032346AFE4A7
S21402F04020460EF0E9FFFFF7AFFA00283FF432AB96
S21402F0504090002341465846244A37B0BDE8F04F58
S21402F060FEF756BF4B46424659460020CDE940546D
S21402F07037B0BDE8F04FFEF7D3BD4B464246594681
S21402F0800120CDE94054F3E72B464A46414658460E
S21402F090409437B0BDE8F04F09F050B901231AA9E1
S21402F0A01A461BA8F3F7F4F800287FF403AB0137DF
S21402F0B0FFB2013607F01FFC5FFA86FA50453FF6AC
S21402F0C01FAD002F3FF44AABFFF74BBBC05E0020DC
S21402F0D0EC6800207A5F0020B2570020C75E00204E
S21402F0E090320400495F0020D27B04009D7B04001E
S21402F0F0F8B5164B04461D88154B20F8025B1968B6
S21402F10079B10822EAF782FF124B0C201B78124EC6
S21402F110A372124B19780023DAB2914205D8FF2265
S21402F12009E0C4F802104160EEE7013300FB03F782
S21402F130F75BAF42F0D10A4BE2721B782373094B9E
S21402F1401B786373084B1B682361F8BD4C5800207C
S21402F15044510020945F00204C540020E6680020B2
S21402F160765F0020755F002030510020F0B589B030
S21402F17006460C4615460CF054FD0DF10A020146F1
S21402F18030460CF0E6FB144F0346F0B901223A7003
S21402F1902288BDF80A102AB102460090072006F01F
S21402F1A05BFB90B103A8FFF7A3FFBDF80A000EF0C1
S21402F1B08DFA0646BDF80A000EF06CFA214600905B
S21402F1C0F3B2284603AA08F00DFC0023034A3B705C
S21402F1D0136009B0F0BD00BF955F002044510020C7
S21402F1E073B5ADF806000DF106000AF0FAFA01460C
S21402F1F008B102B070BD0DF106000AF03BFB0446F2
S21402F2000EF048FAC67A002EEDD120460BF0D0FF5B
S21402F210FF28E8D00EF09EFC054BD3F88850002D50
S21402F220E1D03346224641213046A847DBE700BFFD
S21402F2302850002073B5002200210C2000F0C2FCEA
S21402F240002119480EF04CFF01250446164E84B1E3
S21402F25020460BF0ADFFFF2805D1214630460EF0C2
S21402F26063FF0446F3E704220023009500F07EFCC9
S21402F270F3E721460D480EF033FF012504460B4EF8
S21402F2800CB902B070BD20460BF092FFFF2804D0E6
S21402F29008220023009500F069FC214630460EF055
S21402F2A043FF0446ECE700BF5058002052580020A7
S21402F2B02DE9F84F10460E46174699460AF072F99F
S21402F2C0254A264B0021B0F5006F14BF904698469B
S21402F2D040460EF005FF4FF0000A0446DFF880B005
S21402F2E00CB9BDE8F88FBC4228D120460EF0D2F900
S21402F2F0857A80F80BA0013DEDB2857216B13F2EDD
S21402F30000D02DBB0EF0B8FC054620460AF04AF99E
S21402F310B0F5006F4FF00002214615D10F480AF0F3
S21402F320C8FAFFF787FF28460EF0A1FCDBF88850E4
S21402F33025B14B463A4631460020A847214640466C
S21402F3400EF0F2FE0446CBE703480AF0B2FAEAE70A
S21402F350FFF770FFF2E700BF525800205058002017
S21402F3602850002000232DE9F34706460F464FF6A5
S21402F370FF78284CDFF8A090ADF8063020460AF059
S21402F38030FA054648B9294620460EF0A9FE8246BE
S21402F3900EF080F90389B34217D94C4501D1FFF725
S21402F3A049FF002120460EF09BFE054607F1FF3A74
S21402F3B05FFA8AFAD5B94C4516D1BDF80600FFF7B2
S21402F3C00FFF404602B0BDE8F0877B1EDBB2FD2B86
S21402F3D0D4D9294620460AF04DFA2A4651460DF15E
S21402F3E006000EF083FEC9E74C46C7E7BAF1FD0FEA
S21402F3F009D928460EF04EF903899B1B9BB2984505
S21402F40028BF98460381294620460EF08DFE054603
S21402F410D0E700BF525800205058002008B50EF022
S21402F42011FD0B4AFF2113881080C31A98B2FFF70A
S21402F43099FF4FF6FF7301469942064803D1BDE88D
S21402F4400840F2F7D1BFBDE808400EF00FBA00BF81
S21402F45054580020FC670020174B00282DE9F04185
S21402F460164D18BF1D460F4628464FF000010CBF2A
S21402F4704FF008084FF002080EF032FE044610B9AC
S21402F4802046BDE8F08120460EF004F9C37A06460F
S21402F49023B1214628460EF047FEEFE720460AF043
S21402F4A0B0F8424601463846EBF7AAF80028F0D1F3
S21402F4B0B378002BEDD1E3E75058002052580020D5
S21402F4C0014B1860704700BF4851002010B5044633
S21402F4D00548F2F789FF0023044A1380044A138082
S21402F4E0044B1C8010BD00BFFC6700205258002051
S21402F4F0505800204E58002008B50448F2F784FC05
S21402F500BDE808400248F2F77FBC00BF5258002010
S21402F510505800202DE9F341044688460EF092FC2E
S21402F520324B074620461E880BF042FE0546204612
S21402F5300AF038F8B0F5006F32D1FF2D06D001235D
S21402F540042200932846002300F010FBB8F1000FB7
S21402F5501DD10EF091FB2146054625480AF046F9D4
S21402F56028460EF084FB23480EF0E8FD224BA8B393
S21402F5701988711A17FA81F086B220460EF08AF8B8
S21402F580032306818372002002B0BDE8F0810EF0EC
S21402F59073FB00222146054615480EF0A7FDDFE75D
S21402F5A016480AF055F904281ED8FF2D06D0012366
S21402F5B0082200932846002300F0D8FAB8F1000F7C
S21402F5C005D10EF059FB214605460C48C6E70EF05B
S21402F5D053FB0022054621460848DEE73146054829
S21402F5E01F800EF043F9C8E71C20CDE74E580020D6
S21402F5F050580020FC670020545800205258002023
S21402F6002DE9FF4708460C4609F0B1FF00F4805882
S21402F61020460AF032F8054620460AF005F8B0F50C
S21402F620404F1BD1B8F1000F14D029460020FFF737
S21402F63013FF054670B10EF02DF80023404A81787C
S21402F6400446009218462A460193F1F7A5FF08B928
S21402F6500123E372012004B0BDE8F08728460EF0CD
S21402F660DBFC81460EF036FAFF28074637D0012526
S21402F670A0F12006C0F12003324925FA03F305FA69
S21402F68006F61E438540D1E900232A433343C1E9E7
S21402F69000230EF039FA044638B138460EF072FAF4
S21402F6A010F00C0F14BF01240024B8F1000FD1D0C3
S21402F6B04FF0000A03A90120ADF80C90FFF7CCFE2C
S21402F6C081460DF0E7FF8046B9F1000F1ED1BAF170
S21402F6D0000F14D1FF2FBDD0002CBBD128E01A4B4F
S21402F6E01B684BB148469847044628B1B8F1000F4C
S21402F6F0B0D000252E46DBE7B8F1000F01D100207E
S21402F700A9E7002501242E46A246D3E774B10023BA
S21402F7100B4A8178009218464A460193F1F73CFF5D
S21402F720002897D1012388F80B3093E7FF2F91D05A
S21402F730064BD3E9001229433243C3E9001289E794
S21402F740B1F2020060160020485100205816002030
S21402F75038B5044609F026FF0546204609F051FF53
S21402F760A5F500630446014658425841FFF774FE69
S21402F770B0B9B5F5006F01D0002038BD20460EF0B6
S21402F7804BFC0EF0A7F9FF28F6D0064B00B21B681A
S21402F79033F8100000F4E260003818BF0120ECE7EE
S21402F7A00120EAE74C5100202DE9F7434FF000090B
S21402F7B00746ADF804900EF0E5F910F00C0F29D0CC
S21402F7C04FF00208154D2B88A5F80090ADF80630CC
S21402F7D00DF106000AF005F8044630B1B8F1010F43
S21402F7E014D04FF001080E4DEDE721460DF106004C
S21402F7F00AF040F806460BF0DBFCB84222463146D9
S21402F80014BF284601A80EF071FCE1E7BDF804001B
S21402F810FFF7E6FC03B0BDE8F08300BF52580020B5
S21402F820505800202DE9F04FDFF8208185B0D8E946
S21402F830003213437CD105B0BDE8F08F02EA040122
S21402F84003EA0700014327D022EA040223EA070359
S21402F850C8E90023DAE9002304EA020507EA030CF2
S21402F86055EA0C056FEA04006FEA070124D1304618
S21402F8700EF088F9C2070FD530460EF06BF9DBF8AA
S21402F8809C30002B45D11D46304600F0E5F8DBF8EB
S21402F89084300BB12946984724197F4109F10109A2
S21402F8A0284B5FFA89F61B78B342C4D9D8E90023FD
S21402F8B052EA0301C2D1BEE702400B403046CAE913
S21402F8C000230EF05FF9C307E6D51F4B30461B68D0
S21402F8D033F8163003F48873102B10D00EF03AF972
S21402F8E0DBF89C3013BB1D460123102200933046E2
S21402F8F0002300F03BF90020F1F7BCFDC4E70EF050
S21402F90029F9DBF89C300125002BBDD00122039596
S21402F91002E000252A4603950392002130469847C6
S21402F920039A002AB0D0002DAED1DDE70025EDE720
S21402F9304FF0000901244F46DFF814A0DFF814B098
S21402F940AEE700BF296900204C5100206016002057
S21402F9505816002028500020F8B50346084613B370
S21402F96009B3402A1FD8114900260B601049002708
S21402F970086010494FF0FF350A7000210C46043328
S21402F980914205DB00215200EAF7EEFA0020F8BDAC
S21402F990C3E9036703F8044C23F8024C1D605D605C
S21402F9A001311833ECE72120F1E700BF5051002067
S21402F9B04C51002029690020F0B5144CDDE905679A
S21402F9C02568EDB1F0B91248007888421AD901EBE1
S21402F9D041014FEAC10C05EBC10415F8311011B90B
S21402F9E02169C90710D4002005F80C0062801A6845
S21402F9F046F0010662605A68C4E90467A260F0BD78
S21402FA000220FCE72120FAE72E20F8E750510020DA
S21402FA10296900200E4B30B51A68A2B10D4B1B782F
S21402FA20834212D900EB400002EBC003C10000245F
S21402FA3000200025C3E9044550544FF0FF32588099
S21402FA405A609A6030BD0220FCE72120FAE700BF28
S21402FA505051002029690020094B1B6863B1094AEE
S21402FA601278824208D900EB400003EBC0031A6901
S21402FA70D20701D5588870474FF6FF70704700BF0F
S21402FA805051002029690020094A0346106870B1C7
S21402FA90084A12789A4209D903EB430300EBC303E0
S21402FAA0186910F0010002D0181D70470020704738
S21402FAB05051002029690020F8B50E4B05461C68F7
S21402FAC034B128B100260C4B1F78F3B29F4202D8FD
S21402FAD04FF6FF7009E008222946201DEAF790FD3E
S21402FAE020B92369DB0701D56088F8BD01361834D2
S21402FAF0EBE700BF50510020296900200C4B1B6821
S21402FB009BB14FF6F77291420DD80A4A127882429A
S21402FB1009D900EB400003EBC0031A69D20704D5EB
S21402FB20002059807047212070470220704700BF8E
S21402FB3050510020296900200A4A0346106878B10D
S21402FB40094A12789A420AD903EB430300EBC30030
S21402FB50036913F0010003D0C3F3001070470020BE
S21402FB60704700BF505100202969002070B51C461E
S21402FB70124B9DF810601968D1B1114B1B78834265
S21402FB8018D900EB4000551E01EBC0012543D1E910
S21402FB90040301D0C5070FD52EB110432343C1E994
S21402FBA00403002070BD20EA020023EA0403F6E7FD
S21402FBB00220F7E72120F5E72D20F3E75051002039
S21402FBC029690020134BF0B51B6803B300266FEAC1
S21402FBD0000C6FEA010E104C2778F4B2A74201D847
S21402FBE00020F0BDD3E9044514F0010F07D014F04D
S21402FBF0020F04D132B104430D43C3E90445013672
S21402FC001833EAE70CEA04040EEA0505F5E70220D3
S21402FC10E7E700BF50510020296900200B4B70B562
S21402FC201B682BB100240A4A1678E2B2964201D823
S21402FC30002070BDD3E9042502400D402A4304F19A
S21402FC40010403F11803F0D00120F2E7505100201E
S21402FC50296900202DE9F0470026FF27B246164DF7
S21402FC60DFF8588098F800305FFA86F94B4502D8DC
S21402FC703846BDE8F0872B792F2B0FD928460AF095
S21402FC8052F92B796C7903F0070304F003048342DC
S21402FC902CBFE4182418E4B2A24506D95446B94645
S21402FCA0A2464F4612350136DCE7288801F0A6F850
S21402FCB00028F3D1F4E700BFB0550020C05E002054
S21402FCC02DE9F04F89B0814609F0C1FC0290484602
S21402FCD00BF0B2FE0024411C054689B2484602F0EB
S21402FCE07FFBA246A346A046274600F01F00023529
S21402FCF000EB4000EAB27D4E50FA85F5EDB2AA421C
S21402FD0074D9DFF8FCA19AF8003033B1A400E4B24B
S21402FD10B4FBF3F4042C08BF03240298F3F7C4FDE3
S21402FD20054600283CD1FFF795FFFF285BD0704BB5
S21402FD3005B2049018780AF0DDF887422CBFE11964
S21402FD402118002F14BF01230223684E05EBC505B8
S21402FD5006EB450553FA81F3284603930AF0E3F8C7
S21402FD6095F804C06B790CF0070103F00303884290
S21402FD702CBF1B185B18039ADBB29A4233DA049A3A
S21402FD802FB921B19AF80030033B5B452BDC1046B5
S21402FD9002990AF070F805B205EBC50506EB4505B3
S21402FDA02B791E09002F00F08180394628460AF07A
S21402FDB0E4F8032128460AF0E6F8B8F1000F09D164
S21402FDC0002E40F0868007F0C3FDC0F30B014948C1
S21402FDD00DF04CFD6B79484623F003031C446C710E
S21402FDE009F0CAFBA87309B0BDE8F08F50D0424BA9
S21402FDF049461B8807A8ADF81C304FF000038DF863
S21402FE001E3000230093032303920EF006FA9DF899
S21402FE101E30BDF81C101B09039A18BF08F1010812
S21402FE20CDE9041318BF5FFA88F8039209F04CFE76
S21402FE300499039A8842059B03D19DF81E7007F029
S21402FE400F072E4890F800C016E016F80E0C10F0B9
S21402FE50070003D00BF1010B5FFA8BFBAA4207D017
S21402FE6036F812EC8E4503D113B108B10134E4B270
S21402FE700AF1010A5FFA8AFAAA4206F112060BD1C1
S21402FE80D4450FD916F80E0C10F00700E2D1EFE7B2
S21402FE9000234FF6FF71D4E736F8120C884201D8D9
S21402FEA0D445D2D80332123ED2B228E7022E14D953
S21402FEB05B0707D0394628460AF065F8B8F1000F06
S21402FEC081D087E7032128460AF05DF8B8F1000FD3
S21402FED080D1062E3FF677AF7CE7314628460AF0F9
S21402FEE052F858EA06063FF46EAF73E7B0550020A4
S21402FEF0765F00201442002020C80400C05E002066
S21402FF00EC6800202DE9F0430823002485B08DF824
S21402FF1008300646022301214FF6FC70CDE9004464
S21402FF2002AA0BF065FDADF80A00D8B12746DFF845
S21402FF30A080DFF8A09099F80020E3B29A4224D875
S21402FF40BDF80A4020460BF077FD411C47F06002E0
S21402FF50204689B202F058FA0022BDF80A0011467D
S21402FF60F4F736FA07F0F4FC184AC0F30B011378DC
S21402FF7001F55A51013113B1013B8908137030461D
S21402FF8005B0BDE8F0430DF071BC18F80E5C6F2D9D
S21402FF9017D8404630F8123D2D01ADF80C3009F066
S21402FFA0C2FF05F0700528448DF80E0001230322D7
S21402FFB003A90DF10A00F2F76BF90028D2D1013736
S21402FFC0FFB2013408F11208B5E700BFBC5E00209C
S21402FFD0C2550020C05E002010B5054C2046F2F740
S21402FFE003FA2046BDE8104000210DF03FBC00BFDA
S21402FFF0144200202DE9F0432A4D87B0F6F7F8FBAD
S2140300002A7829492948FFF7A7FC09212A7828488E
S214030010E9F7AAFF0026244FDFF89C80DFF89C90C0
S2140300202B78F4B2A34202D807B0BDE8F08304F5F8
S21403003082300B2203A900F5C070DBF729FE4FF6CA
S214030040F670BDF814209DF81630511E89B2814211
S21403005015D80020C3F3C003DB1840EB0001CDE93D
S2140300600031214603ABFFF7A7FC0028DCD14FF491
S214030070805327F8143048F8240029F8140004F5B0
S214030080833001220DF10A0100F58070DBF700FED4
S214030090BDF80A20064B01361A558022054B1A5521
S2140300A0BEE700BFF3680020C0570020801300207F
S2140300B06B5E0020AD5E0020B8400020B2570020E3
S2140300C010B50A4B1C780DF005FDFF280DD0012C4A
S2140300D038BF0124064A230232F8101019B101EB87
S2140300E01313A3EB111322F8103010BD765F002014
S2140300F0B25700202DE9F047002506460F46AA46CC
S214030100DFF84490DFF8448099F80030ECB2A3425D
S21403011002D85046BDE8F08720460DF033FDC207EF
S2140301200CD520460DF02EFD830707D438F814307F
S21403013037B133434FF0010A28F814300135E3E7AB
S21403014023EA0603F6E700BFF3680020C057002043
S21403015010B5084B084A1C780023D9B28C4201D844
S214030160002010BD32F8021B013330EA0101F4D13E
S2140301700120F6E7F3680020C0570020F0B50C46D0
S2140301804FF6F77187B08A4286461D469DF8306063
S21403019002D9002007B0F0BD596818680DF10C0CA1
S2140301A0ACE803002C49ADF814200978A142F0D935
S2140301B000218DF81660B61006F00206019170460F
S2140301C021460096FFF7F8FB0028E2D1234B244A8A
S2140301D043F824009DF83830224E1B0222F81430D0
S2140301E04FF4A04304F582300B2226F8143003A9FB
S2140301F000F5C070DBF778FD9DF834301A4913F02C
S214030200040F17BF0123194B0B5536F814300CBFD8
S2140302101B7843F0080304F583300CBF0B5526F810
S21403022014300122214400F58070DBF75DFD0021C8
S2140302300F4B104A1B782846234442F82310E7F74F
S21403024013F80D4B1855284607F0CDFC0B4A012032
S2140302501378013313709DE7F3680020B84000203D
S214030260B2570020C05700206B5E0020DC680020D9
S214030270EC680020E43F0020AD5E0020BF5E002057
S214030280054B1B78834206D90021044B044A1B788E
S214030290034442F823107047F3680020EC680020FC
S2140302A0E43F0020074B084A18780023D9B2884257
S2140302B000D870471188013321F4805122F8021BBD
S2140302C0F4E700BFF3680020C057002030B585B0C0
S2140302D004460D46E6F7C0FDA04202D8172005B037
S2140302E030BD20460DF04EFCC007F7D504F582302E
S2140302F00B2201A900F5C070DBF7CAFC9DF80E209F
S21403030001AB03CB69609107286030D412F0080F65
S2140303100CBF042303232B722046FFF79DFB154BCC
S21403032068811B5D20466B730DF014FC124A28731C
S214030330135D4FF47A7103F00F03AB73135D002064
S21403034013F00F031FBF03F1FF32022393403C2237
S21403035018BF5343094A08BF0A2352F82420B2FBA6
S214030360F1F29A422CBF00239B1A2B61B7E70223B4
S214030370D1E700BFAD5E00206B5E0020B8400020D2
S214030380F8B51F4E04463378834237D0FFF764FB35
S2140303904FF6FF77B84231D020463470FFF704FAA1
S2140303A02046FFF759FB054609F08EFB012301465D
S2140303B01A4628460BF0D9FC2046FFF72BFB0546CA
S2140303C0E0B9104A1378013B1370F4F7B5FB2946DE
S2140303D020460AF051FF80220B4B204623F8145088
S2140303E00A4B1A550A4B23F8145009F0F8FA2A4612
S2140303F0394611200DF0D9FDFF233370F8BD00BF39
S2140304002A690020BF5E0020C0570020AD5E002092
S214030410B25700202DE9F04F0E4615464FF000095F
S2140304208BB01F469DF854309DF850A0DFF84CB1B2
S214030430049005939BF800205FFA89F4A24207D83C
S2140304404FF6F7739D421CD817F0020B3FD01AE005
S2140304502046FFF701FB804604F582300B2207A9EE
S21403046000F5C070DBF714FC4FF6FF727EB99045BB
S21403047016D14FF6F7729DF82630954203F0EF0338
S21403048011D94FF6FF7528460BB0BDE8F08F90459F
S21403049006D00822304607A9EAF7B2F80028E8D0C3
S2140304A009F10109C6E79F4207F002082CD0F3F7CB
S2140304B00FFC002857D12D4B2D4A1B78234412F8E6
S2140304C023B020460AF0F9FEB8F1000FDBD1E6F7B9
S2140304D0C3FC284B1B788342D3D0002108460DF07B
S2140304E0C9FAFF280446CCD0059B0146CDE901A3F3
S2140304F02A46334604980097FFF740FE0028C0D0EC
S214030500F4F71AFBD8460FE02046FFF7A5FAA842F1
S214030510CDD1B8F1000FB6D13046E6F7A5FE164B9F
S2140305201855304607F05FFB514620460AF078FE22
S2140305302046FFF791FA054609F0C6FA002301465E
S214030540012228460BF011FCF3F7C2FB28B9074B30
S214030550074A1B78234442F8238020460BB0BDE8A5
S214030560F04FFFF779BA4FF0000BAAE7EC680020CC
S214030570E43F0020BF5E0020AD5E0020F36800204D
S214030580F8B50026104F3C78F5B2AC420FD80025DC
S2140305900E4B6400224629460D481D70E9F7E4FC1D
S2140305A022462946BDE8F8400A48E9F7DDBC284656
S2140305B0FFF7FAF8002128460AF05EFE2846FFF702
S2140305C029FA0136DFE700BFF3680020BF5E00208C
S2140305D0C0570020B2570020024B80211A780248E9
S2140305E0E9F7C2BCF3680020AD5E002038B50DF015
S2140305F071FAFF28044616D00B4D35F810301B074A
S21403060011D50A4B0A491B7801220B54014400F505
S214030610833000F58070DBF767FB35F8143023F082
S214030620080325F8143038BDC0570020DC680020C6
S2140306306B5E00202DE9F04F794B05461B78894603
S214030640022B17468BB004D0002630460BB0BDE80D
S214030650F08F0DF0DBFD06460028F5D14FF6F97353
S2140306609D4262D04FF6F8739D4276D02B0A2846F9
S2140306700DF11E018DF81C308DF81B50F2F708FCA7
S214030680002814BFB0464FF02008B34614BF062315
S2140306900E23022229463846039300F0EBFC012280
S2140306A00446039B002840F0B880DFF880A18DF84D
S2140306B018209AF800204946CDE900008DF81A2044
S2140306C08DF81D0006AA4FF6FC708DF819800BF006
S2140306D08FF981460028B7D009F0F6F9B8420FD053
S2140306E0484609F051F8394604300DF097FC384671
S2140306F004A90AF04CFD70B1484604A90BF006FAAB
S214030700484B1B78033B012B2BD84FF6FF7148460B
S21403071009F00FFE06469AF80030FF2B0EBF0123A2
S2140307200133DBB28AF800308FE74FF008084FF04A
S214030730200B3C4B1B78033B012B85D909F0C4F9EE
S214030740B84281D109F0C0F9FC238DF81B30FF2392
S21403075005468DF81C3006239BE74FF01008C3466A
S214030760E7E70AF073FE80460028D4D009F0ACF918
S214030770A8422DD12C4B1A7852BB03214846F3F7D7
S21403078027FE0028C7D09AF80030A8F8007088F82B
S2140307900430002388F8053088F8083009F094F907
S2140307A0A84202D1204B1B7853B109F08DF9B84209
S2140307B006D12CB1237923F0030343F001032371FD
S2140307C000224FF6FF710C200DF0EFFB0126A2E787
S2140307D05946284608F1070200F078FC044600282C
S2140307E099D0002203214846F3F7F2FD0028CAD128
S2140307F0237903F00303012B8DD109F065F9A84291
S21403080003D1094B1B78002B85D0237943F00303D0
S21403081023714FF6FF7323807DE7164615E700BF67
S214030820C65E0020C75E00202B690020965F00206E
S21403083037B50E4B05461B780C46033B012B11D9E7
S214030840E6F72EFB01280FD0821E5342534159016F
S21403085028460DF1070200F039FC18B10021448048
S2140308600AF0DBFD03B030BD1021F1E7C75E0020C0
S2140308702DE9F0438BB0857AB0F8069004460E4611
S214030880174609F021F98145804605F0400541D118
S2140308900021608809F05CFB0246002E44D1082341
S2140308A004A9C14501EB03060CBF234902A9086846
S2140308B0496803C6A2B3022100268DF81720012239
S2140308C08DF81010217A45F020058DF81210A188B6
S2140308D008338DF81310090A8DF81410E188CDE952
S2140308E000268DF81510090A8DF816106088314613
S2140308F004AA8DF811500BF07BF8054680B1618889
S21403090008F079FE79003246284601F0FE01F3F737
S2140309105FFD06E0E08802A90AF039FC0028B7D19B
S21403092000200BB0BDE8F0833068716806AB03C3E4
S21403093045F010051023B3E7495F00202DE9F74380
S21403094089461E460746904608F01EFF00210446C9
S214030950304609F0FDFA054609F10701384601F06D
S2140309602DFD7DB1B8F1000F02D103781D44EDB221
S214030970057063781A0716D569463046F2F788FA83
S214030980024618B1002003B0BDE8F083082168468C
S21403099009F02CF80028F5D120460BF08AF8082237
S2140309A06946E9F733FB09F08FF80146201D0DF081
S2140309B035FB6378DB0603D538460C490BF0A6F8FF
S2140309C03146A01C0DF02AFB3146384608F013FECC
S2140309D0074A13780133DBB21370E371A3790BB1C3
S2140309E00120D0E70123A371FAE700BF495F002087
S2140309F0C45E0020FF232DE9F04F8FB081461646D4
S214030A0005918DF822301AB301230BAA0AF078FC5D
S214030A109DF836500446EF0625D50027059BBDF8FE
S214030A20308003F108024946D2B20823009709A88A
S214030A30CDE909770DF0F1FB3A46404609A9F8F7E8
S214030A40A5FC002840F08C80A90627D510220DE0CF
S214030A5013460BAA0AF054FC9DF836500446A80623
S214030A6063D5062202E0AA0618D5082200230599B4
S214030A70BDF832700A44CDE9093349460093D2B231
S214030A80082309A80DF0C9FB384686F0010209A918
S214030A90F8F77CFC002863D1002E46D0BDF83070F2
S214030AA009F012F8874249D038460DF0AFFB80466E
S214030AB0002E45D1BDF82EB00021584609F048FA5D
S214030AC0BDF82C300390184606930DF09FFB0646A0
S214030AD008F0FAFF069B834242D0B64B1B78033BD3
S214030AE0012B3DD915F04003049339D1039B0BB971
S214030AF0002E35D09DF83570039B05F018051F446E
S214030B00FFB2082D8DF835706CD120230493002C8A
S214030B1040F041810AF09AFC054608B3002E40F0E7
S214030B20B28033460126B24674E0BDF8327008F050
S214030B30CBFF8742B8D14FF00108BBE74FF001085F
S214030B40002C43D09C4BE279678803EBC20633F84C
S214030B503220BDF832309A4205D04FF6FF73238019
S214030B600FB0BDE8F08FBDF82EA0B8F1000F08D087
S214030B70002130460AF051FCA6F802A00AF05FF9FD
S214030B80EEE7BDF830000AF050FC05464146304615
S214030B900AF043FCA6F802A0884E2DB1414628462B
S214030BA00AF03BFC63886B800AF049F93378002B24
S214030BB0D6D03B46002248460599FFF7BFFE0028DD
S214030BC0CED03946484609F0B4FBC9E70AF037F9F0
S214030BD07A4B1B78002BC3D0B8F1000FC0D14FF669
S214030BE0FF77E6E7102D01D1049590E7B8F1000FE3
S214030BF08DD1002C3AD0C2460021BDF832000DF14B
S214030C00220200F063FA03460028A9D0002E40F023
S214030C10CA8025460499BDF830000DF123020793D8
S214030C2000F054FA044600289AD0644A079B1278C8
S214030C30002A78D0BAF1000F26D102462C466179F5
S214030C40B9427ED92546A4F802B067711446002B34
S214030C5000F09E809DF82230EA799A4200F0988050
S214030C60002E40F08E80EB7100253FE00AF0EEFB8D
S214030C70044600283FF474AF4FF0010ABCE7002295
S214030C8001261346DBE70126B8F1000F1ED106F056
S214030C905FFE7E23B0FBF3F202FB130005993A4690
S214030CA005315FFA80FA484601F0AEFB4FF6FF7156
S214030CB0484608F0A0FC039B032B2CD9AAF17E0A16
S214030CC0022148465FFA8AF2F3F782FB069BA5F8F1
S214030CD002B02B809DF834306F712B7100232B727A
S214030CE0002E42D19DF82230EB710125B8F1000F9A
S214030CF03FF436AF484609A90AF0E8FE00283FF459
S214030D002FAF2A4609A90BA8FFF7B2FD28E700264E
S214030D1025463446BBE7039B012B94BF0AF1020A20
S214030D200AF1420ACCE7BAF1000FCFD16979B9428A
S214030D3009D9A5F802B06F71002B8BD1002E93D082
S214030D4024E025461446049A002A3FF409AF8F424E
S214030D507FF406AF039306F0FBFD83077FF400AF33
S214030D60039BA5F802B06F7171E7FF23EB71002CAC
S214030D70BBD001252379A4F802B023F00303237123
S214030D80B4E7FF23EB71002C3FF46EAF0025F1E7C9
S214030D90002CD3D168E7002E7FF471AFB246254608
S214030DA00126534636E7BAF1000FB0D156465246EF
S214030DB045E700BFC75E00202A570020F2680020E0
S214030DC070B50C4B4FF6FF751C78002302460A4895
S214030DD09C4201D1002005E00688964206D1AA422D
S214030DE001D10B7070BD8679002EFAD0013308301E
S214030DF0DBB2EDE7F16800202A570020002210B589
S214030E000A4B1C780A4BD1B28C4201D8002010BD85
S214030E105988814204D11979890701D1997911B189
S214030E2008330132EFE70120F1E700BFF168002045
S214030E302A57002010B5084B01461C780023074AA2
S214030E40D8B2844201D8FF2010BD914203F10103BA
S214030E50FAD00832F4E700BFF16800202A570020D2
S214030E6038B50446FFF7E6FFFF28054603D13F21C2
S214030E700B480CF0F3FF4FF6FF7320462380A37155
S214030E8003210AF0CAFA074B07481A7800210732EB
S214030E90D21002FB0500BDE83840E9F765B800BF8D
S214030EA0D67B0400F36800209C5E0020F8B5044659
S214030EB00026124D124F3A78F3B29A4209D800220E
S214030EC04FF6FF710F4B1D780F4BD0B285420BD8F0
S214030ED0F8BDFF2C02D0AB79A34202D12846FFF718
S214030EE0BFFF08350136E6E7FF2C02D0187AA0428A
S214030EF001D1198019720A330132E6E72A57002016
S214030F00F1680020F068002002570020FF28F8B59B
S214030F1004462CD0164B1B78834203D880211548F1
S214030F200CF09CFF4FF6FF75134A32F8341002EBB1
S214030F30C4000379A94203F0030318D0012B16D18A
S214030F4000220E4B1F780E4BD6B2B74203D8BDE82D
S214030F50F840FFF785BF1E88AE4205D093F807C05A
S214030F60A44504D0B14202D00A330132ECE7F8BDFF
S214030F70F1680020D67B04002A570020F068002082
S214030F80025700202DE9F74303F0A2FF324B1B78EC
S214030F90033B012B21D9314B1D88451BADB2E5B16F
S214030FA018804FF6FF7700202D4A13782B44C3F39F
S214030FB0C81403F07F0313702A4B2B4A1E78C3B260
S214030FC09E420DD800264FF6FF77284CDFF8A090F8
S214030FD099F80020F3B29A4216D803B0BDE8F0831E
S214030FE01388BB420DD0137999070AD104EB9311EA
S214030FF0022928BF022103F03F0389B243EA811383
S214031000137108320130DAE734F80A8CB84506D093
S21403101014F8043CAB4205D95B1B04F8043C0136C8
S2140310200A34D5E708F050FD804534F80A3C04F846
S214031030027C24F80A7C09D018460DF10701FFF755
S214031040BFFE18B19DF80700FFF760FF14F8030C06
S214031050FFF75CFFE3E700BFC75E0020565800209B
S214031060975F0020F16800202A5700200C570020C5
S214031070F0680020F0B500244FF6FF7703461048CB
S214031080DFF844C006780F48E5B2AE4201D8002028
S2140310900FE005889D4210D13AB1012A16BFC579E3
S2140310A005793CF83550A94207D1BB4202D1142337
S2140310B08371F0BD057A002DFBD00A300134E3E7D7
S2140310C0F0680020025700202A570020F8B50D4686
S2140310D0114607461646FFF773FE002836D102462A
S2140310E04FF6FF7C1E4B1F4C1978D3B2994206D895
S2140310F000231C4C8B4221D1F8BD0834F5E7B4F825
S21403110000E00132E645F8D13370012327802371CE
S2140311100021A17165B1144B45F008051A782571B5
S214031120D31DDA103078114B02FB0030E8F71CFFB2
S2140311302379204603F03F032371DDE722799209E2
S214031140022AE1D001330834DBB2D3E7037904463D
S2140311509A071EBF23F0030343F001030371D7E787
S214031160F16800202A570020F36800209C5E0020C8
S21403117073B50DF107010546FFF722FE40B103796B
S2140311809A0705D113F0300404D043F00303037128
S21403119002B070BD28460AF050F9094B4FF6FF71AE
S2140311A01D7823469DF80760064AD8B28542EFD9D4
S2140311B0D0790133B04204BF118011720A32F4E7CA
S2140311C0F06800200257002030B50A4BCC081B7885
S2140311D0094D0733DB1000FB0340012301F0070131
S2140311E08B402C5CDBB212B11C432C5430BD24EA7A
S2140311F00304FAE7F36800209C5E002070B50B4BEF
S21403120004461B78834204D840F24B2108480CF06E
S21403121025FE0025074E3378E8B2834200D870BD1A
S21403122000222146FFF7D0FF0135F4E7F3680020DC
S214031230D67B0400F1680020FF2810D0FF290ED0CB
S214031240084BCA081B7801F007010733DB1000FBC5
S2140312500323054AD05CC84000F001007047002015
S214031260704700BFF36800209C5E00200148F0F73B
S214031270CBBD00BF585800202DE9F0471E464D4B06
S2140312808CB01B681546074688469DF8509003F0B9
S214031290080A08F019FCA8423FD1B9F1000F14D090
S2140312A06EB9ADF806603D460424224641462846FC
S2140312B00AF05FF900F001000CB0BDE8F0870023E8
S2140312C0ADF806303D4606243AE038460CF002FCFC
S2140312D0FF28044605D0F2F7FBFC10B12046FEF7C4
S2140312E0CFFF96B10023ADF80630F8F7FDF80028D7
S2140312F0E8D0062440460DF1060202A909F0CDFA0D
S214031300D8B94046F8F7F8FA17E0ADF80660F8F7EC
S214031310EBF80028C7D00424ECE73EB3BAF1000F7D
S2140313202ED000230B24ADF80630B9F1000F0AD1F6
S214031330F8F7DAF82F460028DCD13D46002EB4D065
S214031340BAF1000FB1D004F00402414642F0110294
S21403135028460AF00EF922460646414628460AF073
S21403136008F9002814BF30460020A3E7BAF1000F9F
S21403137014D00124ADF80660B9F1000F95D1D7E774
S2140313800B24284602A9F1F783FD074668B902A88D
S21403139006F04DFF20B9ADF80600EDE70124F0E7AF
S2140313A044F00204ADF80670E6E70023ADF8063015
S2140313B0E2E700BFA84200202DE9F0471E46744B23
S2140313C08CB01B7807460D461446DDF85080002B7C
S2140313D03ED008F079FB30B36E4B1B68980722D4D7
S2140313E04FF6F7739C4233D843463A463146204677
S2140313F0FBF7F2FE08F068FB854200F0C580304636
S214031400FEF75AFBA04203D10CF064FB09F055FF2C
S214031410BA1E534253412946002220460CB0BDE86B
S214031420F0470AF0A2BCE7B1F91ED1F1000949EB77
S21403143001094FF6F7739C4216D90321204606F09E
S21403144098FA03233A4631462046009506F080FB79
S21403145008F03AFBA84200F097804FF6FF739C42D1
S214031460CBE74FF00109E4E72B463A4631462046E0
S21403147004F0B3F92146CDE900082B463246384638
S21403148006F025FF80460146204606F072FAB8F1BC
S214031490000F61D1B9F1000F12D100233A4631464D
S2140314A02046009506F054FB88F001032A46314691
S2140314B02046CDF8009003F00103FFF7DDFE99E721
S2140314C0002FEAD003AA9246334B03F1100E94463C
S2140314D0186859680833ACE8030073456246F6D1CA
S2140314E007A806F091FB0323306871688DF81C305B
S2140314F008AB03C39DF8293007A843F002038DF811
S214031500293006F0ACFC90B13068716808AB03C3B1
S214031510042307A88DF81C3006F0A1FC38B102237B
S21403152007A88DF81C3006F09AFC0028B5D1514662
S21403153007A806F0D4FC0028AFD0F4F795FB0028E4
S214031540ABD103233A4631462046009506F000FB0E
S21403155008F0BAFAA84250E743463A4631462046D0
S214031560009506F0F5FAB8F1010F9DD0B8F1020F19
S2140315707FF440AF284607A9F1F78AFC20B9324624
S214031580284607A909F0BCFF0CB0BDE8F08700BFEA
S214031590C25E0020A84200202AC80400044B1A8812
S2140315A00AB100221A8000210846F9F7ABBF00BF34
S2140315B05858002000232DE9F0478EB004460D4608
S2140315C0CDE903334F7808F07FFA50B1B64B1B686A
S2140315D09A0706D4092103A806F072FA0EB0BDE8EE
S2140315E0F087204603A9F1F753FC0646002840F08F
S2140315F05781022F3DD0042FECD1E5F739FC0028A4
S21403160046D0E5F735FC022840F022810DF1240888
S214031610334632464146304606F090FD012103A884
S2140316209DF8255006F07DFE2840FF2800F0348103
S21403163005AD284608F0E5F9002840F02F8195E827
S2140316400F0088E80F003A46414603A806F0B0FCB0
S2140316500246002840F02081032303A9CDE9005366
S21403166020463B46FBF77EF900280CBF13210621D4
S214031670B1E78D4B1B689B07ACD40235082229467D
S2140316808A48E8F7BDFF0028A4D0E5F7FDFB08B9B4
S2140316901121A0E7864B874E1B78FBB9FFF77EFF29
S2140316A03088002860D103AF2946384606F0AAFAE8
S2140316B0002800F0CA8028460DF10A01F1F7C2FBA4
S2140316C040B90DF1240A504608F09BF980460028DD
S2140316D000F08780FFF762FF0F217CE73088002841
S2140316E042D101460CF04AF8308000283AD0012354
S2140316F00822304603A9F0F7CBFD98BB0123082246
S21403170029463046F0F7C4FD60BB01230222694830
S21403171009A9ADF82440F0F7BBFD0346308823B192
S214031720002848D04FF0100920E00BF0CFFF6149A6
S2140317300746204601F0CAFC30880BF0C7FFFFB20D
S214031740874209D1FF238DF82430012359481A46CE
S21403175009A9F0F79DFD28B900210120F9F7D2FE6B
S2140317600C2138E73088DBE74FF007090BF092FFD0
S214031770074630880BF08EFF3488112100F10808E5
S214031780204600F02DFE10218246204600F028FE5B
S2140317900822044603A94046E8F732FF002840F033
S2140317A08180082229463846E8F72AFF002879D19F
S2140317B0B9F1070F01D010210DE704EB0A244546C3
S2140317C0A4B271E730884FF0010828B1122100F067
S2140317D007FEFF2881461ED12A46B94620464023E7
S2140317E004E03A46A9464346BDF80A0043F003031D
S2140317F0CDE900A349460323FBF7B4F800283FF4DA
S21403180069AF0721484606F05BF9B8F1000FD9D057
S214031810FFF7C4FEE2E6002108460BF0AFFFADF883
S214031820140048B1204605A901F050FCBDF8140089
S2140318300BF04CFF0028CFD1142300934A463946B9
S2140318402046338801F0FAFBC6E7FFF7A7FE1FE73B
S214031850E5F70EFB012801D00621BCE605AD3246AE
S21403186033462946009603A8F9F75EFD024608B1FB
S2140318700A21B0E60C4B20461B6803A95B0003F065
S214031880040343F00303CDE900533B46FBF76AF832
S2140318900028E1D113219EE605219CE612219AE653
S2140318A00B2198E60E2196E6A8420020495F002009
S2140318B0665E002058580020012330B50D4C85B0D5
S2140318C022788DF80430D5188DF805200E228DF871
S2140318D006200A682570CDF807204A6801A9CDF8C6
S2140318E00B200B22F0F7D4FCB0FA80F0400905B0C9
S2140318F030BD00BFC35E0020014B1878704700BFA1
S214031900985F0020142230B58BB005460DEB02011C
S2140319101548DAF7BDF910BBBDF81430DA0720D442
S21403192013F0060FC3F3410208BFC3F341220F4B64
S2140319300DF116019C5C68462246E8F7A5FCBDF847
S214031940263004F128026A4402F8283C02341B0AB3
S21403195002F8273C69462A46E0B208F07BFF0BB044
S21403196030BD2320FBE700BF703214E03AC8040002
S21403197010B58AB0ADF826200022CDE905220492E0
S2140319800CAA02924FF6FF720446AC210120019284
S214031990064A039004FB0122603200924CF62001B3
S2140319A00DF1260209F007FE0AB010BD28500020EC
S2140319B000B58BB0ADF824309DF8303003208DF899
S2140319C02630002303900A4909A8CDE90130CDE962
S2140319D00533049301F160030093B1F85C300220F1
S2140319E04CF6604109F0E7FD0BB05DF804FB00BF61
S2140319F02850002010B54FF6FF741E4A8AB0B2F87E
S214031A006800B2F85E10A042ADF82600B2F85C306B
S214031A104FF6FD70ADF8241018D081424FF0000049
S214031A2094BF48F660014CF66001CDE90500CDE9A8
S214031A300300CDE9010094BF09AA603200920DF1BC
S214031A402602042009F0B7FD0AB010BD81424FF00C
S214031A5000008CBF603209AA00928CBF4CF660412E
S214031A6048F66041CDE90500CDE90300CDE9010064
S214031A70014AE6E7285000209250002000B50E4B9E
S214031A800022B3F85E308BB0ADF824304FF6FF7308
S214031A90CDE90522CDE90322CDE9012209AA009268
S214031AA04FF400610DF126020720ADF8263009F049
S214031AB082FD0BB05DF804FB2850002030B58BB0D8
S214031AC08DF825301B0A8DF8263000230D4991F832
S214031AD05840CD6DB1F85C00CDE905330493072378
S214031AE06031039308ABCDE9010300914FF6FF7312
S214031AF04CF62041082008958DF8244009F05BFD3C
S214031B000BB030BD2850002070B54FF6FE76294C3A
S214031B101D46B4F85E10B4F85C30B14294F85C002D
S214031B20A2B04FEA132321D14FF440416034ADF8FD
S214031B3008108DF80B008DF80C3003CC0DF115044E
S214031B40CDF80D00CDF811102270120A6270002233
S214031B5011461046A270E270ADF8062007F0F2FDBB
S214031B60ADF8060090B9002022B070BD4FF40044D3
S214031B708DF80D10090AADF808408DF80B008DF8A6
S214031B800C308DF80E100DF10F04DDE7043402A9B6
S214031B90621A012392B20DF10600F0F779FB0028D2
S214031BA0E1D1BDF806002A4601210BF0BFFDBDF8C2
S214031BB00600D9E728500020202A10B5144614D86A
S214031BC0012A04D10C88B4F5004418BF012462002E
S214031BD030B10748E8F71AFA064B00201C7010BD10
S214031BE00548E8F713FA054BF7E72120F7E700BFA8
S214031BF05A580020995F00209A5800209A5F0020C8
S214031C002DE9F047104617460CF006FADFF814A144
S214031C10DFF814919AF8003099F80020054613432C
S214031C2002D10020BDE8F08710F4406800F04006BB
S214031C3019D186BBB0F5804F5CD24FF48074002375
S214031C409AF80000344AD9B288425DD8002399F83E
S214031C500000324AD9B28842E3D932F8021B013374
S214031C60A142F7D155E0F81C0CF0D6F94FF6FF73F6
S214031C70984214BF0124022486B1052605F4404386
S214031C80B3F5004F44F0080424D0B5F5804F23D2B3
S214031C9044F4807420E044460326EFE7B5F5804F0E
S214031CA04FF00506F4D3B8F5406F14BF02200820A2
S214031CB0304438440CF0B0F9194B05F44045B3F8FA
S214031CC05C3083420CBF44F0080444F00404B5F5CA
S214031CD0004F01D144F08004B8F5006F0ED1B81957
S214031CE00CF09AF90E4BB3F85E308342A7D144F05A
S214031CF01004A4E7444603260220D9E7B8F5406F4C
S214031D0008BF44F020049AE732F8021B0133A142CD
S214031D1099D1012086E700BF9A5800205A58002020
S214031D20285000209A5F0020995F00202DE9F04F8D
S214031D30104685B0164698460CF06EF95D4F00F0D7
S214031D400803B7F85C10044600F00709F01C02937A
S214031D500391B7F85EB00CF05FF906F1050A054685
S214031D6050460CF059F903464FF6FF70854218D0DB
S214031D700399A1EB050CDCF1000545EB0C056D00A2
S214031D804FF6FF718B420ED145F004050BF052FF60
S214031D90029B6BB1B9F1000F11D0422005B0BDE82C
S214031DA0F08F0125ECE79B4508BF45F00805EDE7F6
S214031DB0B9F1030FF1D8DFE809F0021B795D0BF0E8
S214031DC039FF08B9A807E8D524F00804A4B2B4F587
S214031DD0004F05D0B4F5624F02D0B4F5404FDCD1C6
S214031DE00025294697F8A820002007F0ABFC3CE026
S214031DF0D7F88030E3B9002132460846FFF700FFE4
S214031E00D8B948F6410224F038039BB29342C4D1B2
S214031E100A2D49D0062DC0D197F87730023B012B07
S214031E20BBD8EEF7AFFF0028B7D140F6040505E0B0
S214031E304146304698470028DDD00825E20648BFCD
S214031E4045F08005A30648BF45F4805505F00C030E
S214031E50042BC6D1F01D0CF0DFF897F8A8303246F5
S214031E60009341462B4607F042FC08B30E9B1880AE
S214031E70002093E7A90705D14FF6FF73B7F85C2058
S214031E809A428AD104F44063B3F5006F0AD0B3F5DF
S214031E90406F82D1082250460749E8F7B1FB002875
S214031EA07FF47BAF0C25C9E70425C7E7432075E716
S214031EB0192073E72850002088500020034B1A7817
S214031EC01AB1FF2A04BF00221A7070479C5F0020D5
S214031ED070B5084C084E2378F55C1DB13E210748C3
S214031EE00BF0BCFFFF2223782846F254002323700E
S214031EF070BD00BF9B5F00209C5F0020E47B040056
S214031F00034B044A1B78D05CFF3818BF0120704788
S214031F109B5F00209C5F00200023074A074913604D
S214031F20074A1360074A1360074A11600121074AEC
S214031F301170074A136070476051002041B70300D1
S214031F405C510020585100201C6800202C6900209A
S214031F50685100200E2A70B50C46064615461946EB
S214031F6003D9FFF7D9FF502070BD012807D1002001
S214031F70EEF722FFB0B1FFF7CFFF2120F4E7802270
S214031F800021224B1A70224B1960224B1B684BB15F
S214031F9034200BF0F3FB204B188018B9FFF7BCFF77
S214031FA00120E1E724F0FF6323F4FF231BB1FFF7CF
S214031FB0B3FF4F20D8E774B92046EEF717FF012486
S214031FC0032510F0800F43B21BBF00F01F039C4095
S214031FD09C4044F078440020104B24F078441E7054
S214031FE00F4B10491D70104B1C60104B1870104B94
S214031FF01A68EFF797FA18B1FFF78EFF0420B3E7D6
S2140320009DF810200B4B1A70AEE700BF9D5F0020B3
S2140320106451002058510020DA580020A25F0020A7
S214032020A05F00201923030068510020A15F002051
S214032030605100209E5F00207FB5244B00251A7850
S21403204001232348234903FA02F200781A440A605C
S214032050ADF80E5020B3984236D11F4C1F4B207854
S2140320601B680DF10E0198471D4EBDF80E2030700B
S21403207092B11C4B29460093284602230195EFF79D
S2140320808BFA3278237822B1012A12BF1B2301333D
S214032090DBB2237004B070BD013818BF0120F0E72F
S2140320A078235A43013A0A6008220F490BF0ACFA28
S2140320B00B49094A0978137821B1012912BF1B235A
S2140320C00133DBB21370E5E71846E3E7A05F0020B1
S2140320D0A25F00206C510020A15F00201C68002036
S2140320E02C69002055230300C1DB0300024B18684C
S2140320F0003818BF012070475851002037B50546F1
S2140321001C460BF097FD68B974B1084B1A60084B70
S2140321100A461C600123294600930323FFF71AFF90
S21403212003B030BD4D20FBE72520F9E754510020CE
S2140321305C51002013B504460BF07CFD58B962B120
S214032140074B1A6001230A46009321460323FFF731
S21403215001FF02B010BD4D20FBE72520F9E700BFC5
S214032160585100202DE9F0410446DDE906861D4658
S2140321709DF820700BF05EFD88B99EB1A2B10B4BA3
S21403218001201A600A4B0A46C3F80080094B214611
S2140321901E602B460697BDE8F041FFF7DBBE4D20D9
S2140321A0BDE8F0812520FBE72120F9E71C68002025
S2140321B0605100205C5100200148EFF725BE00BFA8
S2140321C0DA5800202DE9F0410020EFF719F9114BFA
S2140321D0114C1E68114B20881D68114B114FD3F804
S2140321E0008010B13978EFF7E9FF00203870FFF769
S2140321F093FEEFF723FC0EB14046B0473DB120886F
S214032200A84700232380BDE8F0410BF0A2BEBDE83B
S214032210F08100BF5C510020DA580020585100209E
S21403222068510020A35F0020F8B52F48F0F7DCF8CC
S2140322302E4B187830BBEEF7D9FD2D4F06463B687C
S21403224003B32C4B2C4D1C6824B195F900301A4669
S2140322501946A047294B1B6883B1294C2378312B99
S2140322600CD8284B18880BF015FA23785A1C2270C2
S2140322702A78C25423785A1C2270C65480232B70A3
S21403228000233B60204C23781A2B22D81F4A12784F
S214032290012A09D100211E4A156825FA03F0C00752
S2140322A0DAB20ED501B122700020EEF79FFD217839
S2140322B0884212D10022174B1A70FFF7BDFE40B9B1
S2140322C0F8BD0133D8B21A284FF00101E5D90A4404
S2140322D02270BDE8F840FFF775BF0020EEF798FDC3
S2140322E00028E7D0F5E700BF20680020A25F0020A3
S2140322F064510020545100209D5F00205851002057
S214032300A35F0020DA580020A15F00202C6900207C
S214032310685100209F5F002008B50B4B187880B9E2
S2140323200221EEF737FD094B1B782BB100214FF640
S214032330FF720846EEF710FDBDE808400448FFF7B5
S21403234073BF00210846ECE7A25F00209E5F0020D3
S2140323502068002038B5144B0C461D78012D21D17A
S21403236081B90846EEF742FD104A05FA00F01368F5
S2140323700F4923EA0003136020462A46BDE8384087
S2140323800BF042B90B4A13780133DBB2022B1370FE
S21403239004D9BDE838400848FFF746BFFFF74CFEB0
S2140323A00028F6D138BD00BFA25F00206851002088
S2140323B0C1DB03009F5F00202068002038B50C4671
S2140323C005460BF083F9A04203D82D2103480BF0F2
S2140323D045FD28460BF05EF9204438BDF87B040023
S2140323E070B506460D460BF055F9044648B130461F
S2140323F00BF06CF9A84203D8352102480BF02EFDEA
S214032400605D70BDF87B040070B50C460646154645
S2140324100BF05CF9A04203D83E2104480BF01EFDE6
S21403242030460BF037F900B1055570BDF87B040054
S2140324302DE9F0431E46574B8FB01B780746033BE8
S214032440012B0C4615469DF8588007D8F4F718FA62
S21403245020B1F0F71DF908B144F400544E4B1B7835
S21403246013B924F40074A4B2200509D546B9284646
S21403247004A9F0F70DFD002846D024F40064A4B2A6
S214032480ADF81840ADF81A5007F01EFB434BADF8F5
S2140324901C00B8F1000F02D01A78424501D293F817
S2140324A000803F4AE105137848BF0DF1210103F18F
S2140324B00103DBB2137058BF08A922058DF81E80EE
S2140324C08DF81F3006D53368083141F8083C736829
S2140324D041F8043CE30407D5324A0831136841F84F
S2140324E0083C536841F8043C0DF11808A1EB0800BA
S2140324F05FFA80F9002148460BF040F9064628B9F2
S21403250000200FB0BDE8F08304AEB9E70BF0C2F8C5
S21403251041464A46E7F7B8FE30460BF0D7F8804602
S21403252030460BF0B7F80023024600934FF6FF70D1
S21403253004235FFA88F107F0DAF8ADF80E000028F6
S214032540DED040F201131C421AD14FF6F7739D42B8
S21403255016D80BF0BBF80DF10E010446284600F022
S214032560B5FDBDF80E000BF0B1F8E4B2A04207D9F2
S214032570BDF80E0007F008F9437843F004034370F0
S214032580BDF80E003A4601210BF0D0F8BDF80E0058
S214032590B7E700BFC75E0020C25E0020DE680020EB
S2140325A0C45E0020495F0020F0B50829D58889B0AD
S2140325B028D00C2926D0AE0424D405F040030B43C0
S2140325C0424C267816B105F0200423432FB2002F81
S2140325D0B8BF43F08003032920D11223AC068DF83D
S2140325E00430937A10D48DF805300DF1060401A952
S2140325F0621A012392B2EFF74BFEB0FA80F040095D
S21403260009B0F0BD0B46DBE732228DF805308DF8B6
S2140326100420002EE9D00DF11304E8E70C298DF809
S21403262004300ABF138953798DF80530548805BFE3
S2140326301B0A8DF806308DF805300DF1070318BF19
S2140326400DF106031C70240A5C70148802399C7012
S214032650240ADC70147901291C7111D8917A002F91
S214032660597131DA022112899971DA71120A03F16A
S21403267009041A72002EBAD0AB06B8D50534B6E7ED
S214032680A9071AD4002F0CDA117A51B1917A59712D
S2140326901189127A03F1080492B102229A71D97150
S2140326A0E8E70B4C217801F1010C84F800C0917225
S2140326B09C1D002F5971DDDAEAE7917A9C1DF8E735
S2140326C00122090A9A71EAE79C1DD3E7C25E00203D
S2140326D0C35E0020014B1880704700BFDC58002003
S2140326E0014B1888704700BFDC5800202DE9F843DB
S2140326F007460BF0ACFB05461B480BF01FFD1B4BB8
S21403270060B31C683C1B2C44A4B20022184BDFF8B1
S21403271068901B78174D03EB830399F8006005EB6D
S21403272043055FFA82F846450AD9AB8805F10A00E5
S214032730A34216D90A23B21A29465A43E7F766FC78
S214032740013689F80060AC80B8F1000F03D1394632
S21403275005480BF08BF82846BDE8F8833C461D6019
S214032760D3E705460132DCE74068002070510020BD
S214032770A45F00207E550020A55F00201FB5154AE4
S214032780154C1378013BDBB213706168206801AA0D
S21403279003C221891180114A1278D21805D00A2360
S2140327A020465A43E118E7F731FC9DF806301B072D
S2140327B00DD0BDF80C00FFF799FF03468288ADF8ED
S2140327C0082001AA03CA1288186059601A8104B047
S2140327D010BD00BFA45F00207E550020A55F00202B
S2140327E0002108B5084B09481970094B1970094BA5
S2140327F01A7802EB82025200E7F7B6FBBDE8084000
S2140328000548EFF7F1BD00BFA55F00207E55002009
S214032810A45F0020EA68002040680020F8B5002482
S214032820084D094F094E3B783178E2B20B449A4281
S21403283004F1010400DBF8BD2846EFF7E5FA0A3594
S214032840F1E700BF7E550020A55F0020A45F0020AF
S214032850F8B516460C4B0D4A1B78127807461344F8
S2140328600B4A0D46127893420CD03046FFF73EFFD4
S214032870013506810780857004460BF0E3FAE08095
S2140328800120F8BD0020FCE7A45F0020A55F002020
S214032890EA68002010B5064C207828B10548F5F7FD
S2140328A099FD10B1034B188810BDFFF767FFF3E7D8
S2140328B0A45F00207E55002008B50A4A0346107818
S2140328C060B1094A1088984209D121B99378103328
S2140328D023F00F039370FFF751FF012008BD00207C
S2140328E0FCE700BFA45F00207E5500202DE9F74FCC
S2140328F000260BF0ACFADFF8F890B24699F80070B1
S214032900B3463A46DFF8EC801FFA80FEB8F800C0FC
S214032910344CAEEB0C039BB201932378324D0093F9
S21403292003EB830305EB4303ACEB0E0C5FFA86FE67
S214032930BE4515D3BAF1000F01D0009B2370BA42EF
S2140329402AD3002F37D00A222378C8F8000002FBC8
S21403295003532648998803B0BDE8F04F0AF086BFB4
S214032960B3F804E001998E4512D84FF0010A009996
S21403297093F802E001310EF1FF3EC9B2013AA3F823
S21403298004B083F802E00091D2B20A330136CDE7F1
S214032990E644A3F804E0F8E789F800204AB10A22DF
S2140329A02378C8F8000002FB0353104899880AF0FE
S2140329B05DFF237813B903B0BDE8F08FFFF76AFF16
S2140329C006460028F5D006F000FE0146304607F01E
S2140329D0B0FC20B100212888FFF76EFFE9E740F638
S2140329E00241F8E7A45F00207E55002040680020DF
S2140329F0A55F0020705100202DE9F04192F8088071
S214032A001F4608F1FF33DBB2EF2B05460E4614468E
S214032A1088B00BD982238DF80E30314628469DF8B0
S214032A200E30204AFBF774FA012037E00E2200210D
S214032A3004A8E7F799FAB4F809308DF81180ADF8D1
S214032A401230E37A03F07F02032A08D0012B24D145
S214032A5003238DF81030A389ADF815300EE0032B51
S214032A6014BF022301238DF81030E368CDF8153028
S214032A702369CDF81930237D8DF81430A7F1210191
S214032A804A420DF10E034A41009321460DF10F030E
S214032A9004A8FAF793FD0028BFD1002008B0BDE8CC
S214032AA0F08100BF903204002DE9F04F00241D781A
S214032AB095B0CDE902010492234622460120CDE9D2
S214032AC00054404908F038FFADF81E00F8B1A3469D
S214032AD0264627460DF120090DF1380AE4F7B6F924
S214032AE05FFA84F8404516D83A460221BDF81E0020
S214032AF0FFF78AFC32460421BDF81E00FFF784FC6C
S214032B00DDE903100022BDF81E30FBF701FA0120B1
S214032B1015B0BDE8F08F4A4640460AA9FAF740FDCD
S214032B209DF8282022B12DB1013DEDB20137FFB249
S214032B300134D3E7BBF1000FF8D199E803009DF801
S214032B4029308AE803008DF84030BDF82A30032A7E
S214032B508DF841304FEA13238DF8423017BF032315
S214032B6001238DF843309DF82C30DDF83110DDF865
S214032B702D0014BF8DF84C308DF8433011AB03C3D2
S214032B8002980CBF4FF00E084FF0150808F09BF89C
S214032B900590BDF81E000AF099FD059900EB0803A1
S214032BA099420BDB0123424651460DF11E00EFF717
S214032BB06FFB0028ABD10136F6B2B7E74FF0010B37
S214032BC0B4E700BFCD7B040038B505460D4B0E4871
S214032BD01C88EFF7F5FB012D0CD10C4B1C88FA2152
S214032BE0614358B1884209D28408012C204638BF75
S214032BF0012038BD022D08BF0224F0E702480AF080
S214032C0035FEF2E77A5500207441002078550020FF
S214032C10012208B5054B06481A7000210AF026FE65
S214032C20BDE808400020FFF7CFBF00BF935E00203B
S214032C30744100201E4B73B51A8802F108039BB239
S214032C40012B02D81B4B1B7823B902B0BDE870409A
S214032C50EFF7CABB0024184B184D1C70184B1C709A
S214032C602B787BB14FF6FC73164E00932246234611
S214032C702146308808F065FA4FF6FD732C703380D2
S214032C8001200FE0104B10461978F4F719FF0028BF
S214032C90F6D10C4B1A884FF6FD739A42F0D00123F7
S214032CA002202B7002B0BDE87040FFF78DBF00BF57
S214032CB07C550020935E0020965E0020945E0020E4
S214032CC0955E002076550020975E0020012808B503
S214032CD00AD002280CD020B9084B18700848EFF722
S214032CE083FB4FF0FF3008BDBDE80840FFF790BFF9
S214032CF00020BDE80840FFF767BF00BF935E0020D3
S214032D007441002002280CD859B1064A13780133BF
S214032D10DBB21370044A12789A4202D80220FFF7F5
S214032D20D5BF7047955E0020985E002038B5A0F6A4
S214032D301343012B04460D4615D80E4A1378013368
S214032D40DBB213700C4A12789A420CD84FF6FD7217
S214032D500A4B00201988914201BF00221D80084BB0
S214032D601A70FFF731FF29462046BDE8384004F0C5
S214032D703DBE00BF965E0020995E0020765500207B
S214032D80945E002000234FF6FD71054A1370054A32
S214032D901370054A1180054A1370054A137070476D
S214032DA0965E0020955E002076550020945E0020F7
S214032DB0935E002030B5094B02461B7833B1084BAF
S214032DC0084C19780023D8B2884201D3FF2004E0C8
S214032DD0013334F823509542F5D130BDE96800201D
S214032DE09B5E0020565500200022FF21044B054819
S214032DF01A70054B1970054B1A789200E7F7B4B8AA
S214032E009B5E00205A5500209A5E0020E968002049
S214032E10F7B58DF807100DF10701044602F088FD9B
S214032E20234B1D78002D41D02046FFF7C3FF214ECC
S214032E30FF283178204B05D1204A107885422DD9BA
S214032E40451C1570884219D01C4A1B4D92F800C0C9
S214032E500022D7B2BC450CD92F4697F803E00132BF
S214032E60864505F10405F4D102B203EB8202D2785B
S214032E70FA7002B203EB8202D170307002B203EB37
S214032E80820123F82240FF228A709DF80720FF2A3A
S214032E9002D003EB8203987003B0F0BD0A461046D7
S214032EA003EB8202D278FF2AF9D1CBE7FF20F3E7C0
S214032EB0E96800209A5E00205A5500209B5E002099
S214032EC02DE9F843FFF776FFFF28044669D04FF64F
S214032ED0FF72354F03B2DFF8DC80344E27F8232029
S214032EE098F80050A54202D10020BDE8F883337855
S214032EF020B28100A34207EB800090F803E010D0D5
S214032F000023294A5FFA83F94D45944606D99CF86F
S214032F1003900133A14502F10402F3D18CF803E0D8
S214032F2001E086F800E0013DEDB22A1BD2B204317F
S214032F3092003944E7F76AF888F800503378FF2B95
S214032F4004D0A34224BF03F1FF33337000214FF6AE
S214032F50FF70154BCAB2AA420CD300234FF6FF717B
S214032F60134ADCB2AC42BBD2013332F823008842A8
S214032F70F7D1B5E79A78A2420BD11880DA78FF2A00
S214032F8004D0A24224BF02F1FF32DA7001310433C7
S214032F90E0E7FF2AF2D0A24224BF02F1FF329A7082
S214032FA0ECE72D20A1E700BF5A5500209A5E0020CB
S214032FB0565500209B5E0020F8B51C4B05461B7833
S214032FC0084673B3FFF7F6FEFF28044629D02846C3
S214032FD0FFF7F0FEFF2806D0154B164E1A7800238F
S214032FE0D9B2914218D3FF212846FFF711FFFF28D5
S214032FF0014616D00546104F23B207EB830237F877
S21403300023009678FFF704FFA84208BFFF25FF2E8C
S214033010214608D12846F8BD013316F8231081420D
S214033020DED1FF25F6E73446E6E700BFE968002071
S2140330309B5E0020585500205A5500202DE9F0418C
S21403304080460E461F46002386B001A814469DF808
S21403305030508DF80330FCF74BF8ADF804802EB1F2
S2140330603368CDF806307368CDF80A3038460AF070
S21403307011FB0DF103034219214601A804F0C2FC1B
S2140330809DF8033093B931464046E4F701F90E4BF9
S2140330901B785BB10B2C09D8FF214046FFF7B8FE1F
S2140330A0064605EB4404E4B2A54202D106B0BDE8E9
S2140330B0F0812946384608F0E2FB3146FFF7A8FEC2
S2140330C002350646EDB2EFE7E968002000232DE956
S2140330D0F3470DF107028DF8073004460E4602F05B
S2140330E012FC9DF80730054663B92046FFF762FEDB
S2140330F004465EB130880AF0E9FA5FFA80F8FF2CDE
S21403310045D10025284602B0BDE8F087B046F6E76D
S21403311001320C2AF5D02DB207EB8505AD78FF2DCD
S214033120F6D112F0FF0AECD04FEA4A050235EDB2AB
S214033130002EE7D0304605EB080108F065FB0028B3
S214033140DFD1524641463088FFF75EF90AF1FF3277
S21403315008F1010108F102093088D2B2C9B25FFA58
S21403316089F9FFF751F924B207EB8404A478FF2CFE
S214033170C8D023B2494637F82320308808F08FFB9F
S2140331800028BED109F102095FFA89F9EBE7254663
S2140331900022014FBFE700BF5A550020FF2818BF83
S2140331A0064B10B51BBF03EB800433F820302D20ED
S2140331B00B801EBFA3780020137010BD5A55002045
S2140331C008B5D2F72DFBD2F751F800F073F9D3F711
S2140331D00BF8BDE80840D1F7B9BD38B5044690F8FA
S2140331E044108378826CCB1A59425941D1F736FE84
S2140331F0E37893B1257985B900F0F4F80346A2681D
S214033200218A04F11C009C1A8C4236BF52182946A8
S214033210D11ABDE8384000F0DCB838BD09B1D2F7A2
S2140332206FBBD2F77DBB38B58388044603B3E37818
S2140332300088A17804F10C05A3B10023B1FA81F14B
S214033240E3704909FFF7EAFF4FF6FF72A388218967
S21403325093421CBF03F1FF33A3802846BDE83840E2
S21403326000F0B7B80123E370FFF7D8FFE188F4E76F
S21403327038BD10B5044681780088FFF7CFFF0123D9
S214033280E3700023A38010BD10B581780446B1FA1D
S21403329081F100884909FFF7C1FF0023E370A3808B
S2140332A010BDFFF7F1BF70B50446054600262B4652
S2140332B055F8040B10B11B1B0C2B00DD70BD237CD3
S2140332C08680002BF3D0637C13B1FFF7D2FFEEE7C3
S2140332D0FFF7DAFFEBE7FFF7E6BF70B504460546F0
S2140332E04FF6FF762B4655F8040B10B11B1B0C2B21
S2140332F000DD70BD8388B342F4D04FF4FA724FF604
S214033300FF731146D1F7FAFDECE709B1D2F7F8BA25
S214033310D2F706BB00F053B80346184613F8012B42
S2140333208A4201D0002AF8D1704710B53B210446E3
S2140333300068FFF7F1FF0022034603F8012B20681D
S214033340236010BD10B540B1421E0A24002012F8B7
S214033350013F303BD9B2092900D910BD04FB003028
S214033360F5E708B500F028F850F80C3C23B150F800
S214033370041C30F80E0C18477047084619B1FF2195
S214033380103002F0BDB97047007800F0DF03552B0C
S21403339007D0642807D0663818BF4FF0FF30C0B296
S2140333A07047012070470320704718B12D280CBFC3
S2140333B0012002207047704708B501F093FD08B559
S2140333C000F06DF8BDE8084004F0E2BA50E90230B8
S2140333D018470A460830FF2102F089B9FF21083052
S2140333E002F096B908B50AF091FDBDE8084009F069
S2140333F005BA2DE9F041044600274FF00C0E8F4224
S21403340002DB0020BDE8F0812078904204D100253D
S21403341094F80780454502DB01370C34EFE70EFBD3
S21403342005F6D4F808C00CEB06003CF806609E428E
S214033430E8D00135EEE7F0B585B005460E461746EB
S214033440D2F798FB0446A0B131462846D2F760FB74
S21403345083783A46002BA36831460293A37828461E
S21403346001934FF0000300930CBF80234023E0F743
S21403347023F905B0F0BD08B51288D2F77BFB50B12F
S2140334800279BDF80C309A4207D881680298E6F7AD
S214033490BDFD002008BD8620FCE78920FAE7002052
S2140334A004F0FABA08B504F067FB002814BF03203B
S2140334B0002008BD704708B501F0FEFFFFF780FE49
S2140334C0D2F7AEFC642003F0B0FE642003F0ACFE3B
S2140334D001F0F4FFD1F766FC08F0EAFDF8E7F8B56B
S2140334E0D0E90176437B04460D4613B133463E4688
S2140334F01F46FFF777FF012D206438460ED1D1F71C
S214033500A7FD3046D1F7C8FD257360784FF47F4298
S214033510BDE8F8404FF48171FFF78DBF022D05D14A
S214033520D1F7BAFD3046D1F793FDEDE7D1F7B4FDF9
S2140335303046D1F7B1FD0025E6E738B5037B0446F0
S2140335408B420D4607D190F844305BB3BDE8384054
S2140335504830FFF743BFFFF745FF216C431AC72BDD
S2140335600CD80123C83184F8455084F84430091A2E
S21403357004F14800BDE83840FFF72BBF0DB1237BAD
S2140335802BB929462046BDE83840FFF7A8BF0021DF
S2140335902046FFF7A4FF0123C82184F8455084F88A
S2140335A04430E5E738BD90F84510FFF7C6BF012164
S2140335B0FFF7C3BF0221FFF7C0BF0021FFF7BDBF60
S2140335C04FF60173994210B5044602D10021FFF766
S2140335D0B4FF2046BDE81040D2F73CBD10B5044604
S2140335E0806BD8B1E278022A04D0636B5B7972B938
S2140335F084F83C3094F83C306BB1FFF73AFE6078C1
S2140336004FF60272BDE810400621FFF714BFB3FA67
S21403361083F35B09ECE7FFF737FEF0E710BD10B561
S2140336200446406BD1F714FD2046BDE81040FFF773
S214033630D5BF10B50446406BD1F72EFD2046BDE836
S2140336401040FFF7CBBF10B50446406BD1F74AFDD9
S2140336502046BDE81040FFF7C1BF10B50446002260
S21403366006214078FFF7E7FEA378022B01D0FF2B55
S21403367004D12046BDE81040D2F70ABE10BD4FF66F
S2140336800273994210B5044601D1FFF7A7FFE3780A
S214033690022B02D02046FFF7A1FF2046BDE81040CC
S2140336A0D2F7F6BD092901D9FFF789BE704710B5D1
S2140336B08278044603797AB90BB1D2F799FE20468D
S2140336C0D2F7C2FE03236078A4F86C305522BDE817
S2140336D010401221FFF7AFBE012B01D1D2F788FEAF
S2140336E0A379012B02D12046D2F7AEFE0123EAE7E7
S2140336F010B58378044683B903790BB1D2F78EFEEF
S2140337002046D2F7E5FE04236078A4F86C305522F1
S214033710BDE810401221FFF78EBEB0F86C30022BC6
S2140337200CD00379032B01D1D2F762FEA379032BC6
S21403373002D12046D2F788FE0023E5E7D2F708FF3A
S214033740FAE7827883685AB9DB78002B14BF032321
S2140337500423A0F86C30552212214078FFF76BBE85
S2140337601A7922B9DB78003B18BF0123F1E702235D
S214033770EFE77FB500239E6A0446B6F5804F0D46F5
S2140337800CD201A8D3F78CF8039B5B0506D5294614
S2140337902046336C04B0BDE87040184704B070BDD3
S2140337A000239B6AB3F5804F05D21B6BB3F5804F9E
S2140337B001D29B6818474FF4817070471FB50023EA
S2140337C09A6AB2F5804F04D340F2011005B05DF853
S2140337D004FB126BB2F5804FF6D2012201A8CDE9A5
S2140337E002338DF80420D3F75BF8039BDB03EBD59A
S2140337F0029B1A0EE8D0012A03D1C3F307430A2B10
S214033800E2D900239B6A1B6B1B6C9847DEE708B55F
S2140338100AF042FDB0FA80F0400908BD134610B521
S21403382042B103439B0707D10AF03AFDB0FA80F092
S214033830400910BD0120FCE70020FAE700230360DF
S214033840704703680B600160704710B538B132B13A
S21403385029B100230139D45C14B90023037010BDC9
S2140338608B42FAD200F8014B0133F4E7034638B132
S2140338700020814204D01A5C02B970470130F8E791
S21403388070474FF0FF31FFF7F1BF70B50C46164691
S214033890054660B15AB151B1FFF7F3FF844206D92A
S2140338A0211A32462844BDE87040FFF7CEBF70BDEC
S2140338B0FEE7FEE700239A4200D1704710B550F8A2
S2140338C0234041F8234001339A42F8D110BDD3F781
S2140338D047BC4369426CD91C143AB1FBF2F103EBC3
S2140338E0C1000330B0FBF2F00230704738B505462E
S2140338F00C46FFF7EEFF6A6CE31D143AB3FBF2F3D4
S214033900013304EBC30402FB004038BD38B505465B
S21403391044692146FFF7EAFF6A6CE31D143AB3FBDA
S214033920F2F3013304EBC304204438BDF7B507466E
S2140339300E4600257C6CA819644280EA06031C40E8
S21403394003D02C46204603B0F0BDFB6B01225B6917
S21403395001A99847019B0133F4D10435EAE770B512
S21403396005460C46D5F7D2F9EB6B2046BDE870400A
S214033970DB68184770B50025044686B00562E36920
S214033980AB4202D8206A06B070BD666C2068E36B53
S21403399005225B6901A906FB0500984701A800F00C
S2140339A023FC00F046FC10B1236A01332362013581
S2140339B0E5E738B50446456C006804F1400305FBAB
S2140339C00101E06B00F042FC05462046FFF7D2FFFC
S2140339D0284638BDF0B50546002687B0EC69013C9D
S2140339E0B44203D80C46204607B0F0BD01B14C1EC6
S2140339F06F6C2868EB6B05225B6901A907FB040063
S214033A00984701A800F0F0FB00F013FC0028EAD169
S214033A1021460136E2E7F0B504460D46466CE36BF5
S214033A20006887B005225B6901A906FB0500984775
S214033A3001A800F0D9FB00F0FCFB20B101A800F0C0
S214033A40AAFB07B0F0BD29462046FFF7C3FF06468C
S214033A50676C2068E36B05225B6901A907FB060018
S214033A60984701A800F097FB431CEAD0B54238BF3D
S214033A700130E6E72DE9F0434FF6FF79D0F82480CE
S214033A8004460E46C84514BF45460025002787B0A2
S214033A90E369BB4202D807B0BDE8F083E26B236854
S214033AA0606CD2F814C000FB0530052201A9E0477C
S214033AB001A800F099FB022806D0C8450CD1721C59
S214033AC029462046FFF775FFE3690135B5FBF3F298
S214033AD0013703FB1255DBE729462046FFF79BFF1A
S214033AE0B0F1FF3F14BF024632460132E8E70368EF
S214033AF0F0B5CC1A436C0646B4FBF3F4002587B046
S214033B00F36937685A1E9542706C08D3706C336835
S214033B1000FB043007B0BDE8F04000F095BB01346D
S214033B20B4FBF3F203FB1244F36B05225B6901A9B2
S214033B3000FB0470984701A800F056FB00F079FBE1
S214033B400028E3D10135DBE710B423F00304224455
S214033B509B070A44436C18BF04325B4281EA0204A3
S214033B60234203D05DF8044BFFF7C1BF10465DF850
S214033B70044B70472DE9F041D0E90A369E420446CD
S214033B8086B028D11422C369456802FB135528461C
S214033B9006B0BDE8F0812068676C331AB3FBF7F311
S214033BA0E26B07FB0300D2F8148001A90522C04785
S214033BB001A800F019FB012804D0636C1D44013BE7
S214033BC03340ED1A31462046FFF791FF0646A36AB7
S214033BD0B342E0D1DBE70025F9E708B50830134622
S214033BE0D1E90012D5F718F8012008BD13B50C4625
S214033BF0002121760093616813462246D3F706FC1C
S214033C0018B1E37D03B1A07EA075A07D02B010BD00
S214033C1073B5164600F108050C46284609680DF1EB
S214033C20070200F098F9032E06D16368834203D196
S214033C302846216800F076F9012002B070BDD01E38
S214033C40009B42424241187E824211D11A688A4240
S214033C500ED85A688A420BD35A6901325A61D3E99D
S214033C60030282423FBF986840F8221001321A616D
S214033C700120704710B5032A029C07D1A26A53405D
S214033C80626C5242134201D100F04CF9012010BD80
S214033C9008B5C36800209847BDE80840D5F73EB886
S214033CA0012814BF0420022070B5002442431C7070
S214033CB0CC7D101D02F002024CB91AB1012220F08D
S214033CC003001A7000F108034868184470BD1AB15F
S214033CD0012220F003001A7000230C7E01F1200558
S214033CE0DAB2A24201D30020F0E735F833205E1C97
S214033CF0824206D901EBC30300F10802D8691044D7
S214033D00E4E73346801AEBE773B5054690F842605E
S214033D101C4630460DF10303FFF7C2FFEB6B012E83
S214033D205B690DD1324601A998479DF8033013B15C
S214033D30BDF806300193BDF80430236002B070BDB1
S214033D400122214602B0BDE870401847F0B505468B
S214033D5000244868EB6B87B00E4601225B69029429
S214033D6002A908309847274695F84230012B40F0C1
S214033D70AC80632C00F2AB80612C08D805AB2246DE
S214033D8031462846FFF7C0FF9DF814305BB305ABFA
S214033D902246314628468DF81070FFF7B5FF95F892
S214033DA04230012B059B7FD14FF6FF72934256D0CC
S214033DB0082205A904A800F063FA059B9DF81010D5
S214033DC0C3F3072291424AD1DBB2029A1A44029203
S214033DD045E0DCD005AB224631462846FFF794FF84
S214033DE0BDF81430D2E795F84230012B39D1612C57
S214033DF02ED822463146284603ABFFF785FF3146C9
S214033E00284604AB621CFFF77FFF3146284605AB06
S214033E10A21CFFF779FF102208230DEB02010DF118
S214033E2007008DF8073000F02BFA102205A90DF1D4
S214033E30070000F025FA039BDAB24AB99DF807207B
S214033E40B2EB132F04D1DDE9043203EB02430293F2
S214033E5095F84230012B14BF012302231C4401347E
S214033E6082E7302CF4D822463146284603ABFFF7C8
S214033E704BFF3146284604AB621CFFF745FF102371
S214033E8020220DEB03010DF107008DF8073000F03B
S214033E90F7F9039B9AB2002ADAD19DF80720B2EB12
S214033EA0134FD5D1049BD2E70133D8D0102205A9EE
S214033EB00DEB020000F0E4F9059B9DF81010C3F328
S214033EC007429142CBD19BB27FE7312C81D902982E
S214033ED007B0F0BD13B500240194049C0094D3F7F7
S214033EE071FF02B010BD13B501240194049C009425
S214033EF0D3F768FF02B010BD00234FF0FF3230B592
S214033F0044689C4202D10023037230BD016801EB72
S214033F10C30541F833206A600133F2E7C0E90012B3
S214033F20FFF7EABF0023F0B545689D4210D004684A
S214033F30DF0054F8332004EBC306B2F1FF3F08D08A
S214033F40C2F31302914204D14FF0FF33E35173607F
S214033F50F0BD0133E9E70023F0B545689D4202D181
S214033F604FF0FF300EE00468DE0054F83340671C61
S214033F7009D0C4F31307B94205D1240D147003689E
S214033F8033445868F0BD0133E8E7704770B59400D2
S214033F90224605460E460AF083F9431C0AD058B952
S214033FA0224631462846E6F72BFB002814BF3D2061
S214033FB0002070BD6E20FCE77120FAE713B50446B7
S214033FC001A8D5F7A5FC9DF8063023804FF480732F
S214033FD06380D5F7ABFC6060002002B010BDD5F758
S214033FE01BBC08B5D5F70CFC002008BD10B504466D
S214033FF044EA010313F00303084609D1934201D1AF
S214034000002010BD54F8231040F823100133F5E7C1
S21403401021469200E6F738F9F2E710B504460AF0AF
S2140340203BF9431C10D088B9D5F780FC234620F013
S21403403003002044984201D1002010BD53F8042BFE
S2140340400132F7D03E20F8E76E20F6E77120F4E75A
S214034050704713B50023044601461B220DF10700E3
S2140340608DF8073000F00CF922689DF80730B3EBA3
S214034070D26F0CBF0120002002B010BD13B5002381
S2140340800446014620220DF107008DF8073000F0A4
S214034090F7F80DF107001A22211D00F0F1F8626807
S2140340A09DF80730B3EB926F0CBF0120002002B0DF
S2140340B010BD0068431C584258417047006810F012
S2140340C07E0F0CBFC0F3C160002070470068C0F3CA
S2140340D0D3107047006800F07F0001288CBF0020D3
S2140340E001207047036813F07E0F14BF04200820D6
S2140340F07047036813F07E0F03D1406820F07C40BE
S214034100704713F078001CBF03F07F03D81F704777
S214034110006800F07F007047032809D0022803D107
S214034120C1F10201C8B2704700290CBF0720002066
S214034130704737B5054601F10C0443696946012209
S21403414020469847BDF80030012201932046AB690C
S21403415001A9984703B030BD37B501F10C04436994
S214034160012269460546204698474FF6FF72009B94
S21403417099B291420DD16FF30F0343F4254343F0F5
S214034180A503019301222046AB6901A9984703B012
S21403419030BD0020FBE737B5044600251B22011D72
S2140341A00DF107008DF8075000F06AF860689DF877
S2140341B00720B2EBD06F03D120F0784003B030BDB8
S2140341C00DF107001B2204F108018DF8075000F0DB
S2140341D057F8A0689DF80730B3EBD06F01D1C04302
S2140341E0EAE74FF0FF30E9E74BF29A22036810B58F
S2140341F0B2EB134F044613D19BB2012B13D1FFF737
S214034200CAFF01300CD04FF6FF72E068B2EB104FD6
S2140342104FEA104309D180B2C01A18BF012010BD5F
S2140342202368013303D00420F9E70220F7E70320CD
S214034230F5E701288CBF00200120704703380128CA
S2140342408CBF002001207047143070472DE9F041E1
S21403425005469846036908460E4617469847044699
S21403426038B943463A4631462846D4F7C7FD04468E
S21403427018B131462846FFF75CFF2046BDE8F081BB
S2140342801F2A0B689EBF4FF0FF3191408B4359089E
S21403429001F055315B1A03F033319B0803F03333D7
S2140342A00B44017803EB13130A444FF0013103F078
S2140342B00F334B43A2EB13620270704708B507F047
S2140342C09FFDBDE808400021D4F7A2BE02210320CB
S2140342D0D5F79CB870477047704770474FF0502328
S2140342E04FF400321A6770474FF0B0435A6812B162
S2140342F09A6A002AFAD1704770B5054614460E46E8
S21403430009F0ADFC2B685C4034405C402C60BDE893
S214034310704009F09FBC0122417803788A4030211F
S2140343204B4342F2100103F1A04303F570335A5096
S214034330704721FA00F2D20730B5034600F0FC04BA
S2140343400FD500220132D2B2042A02D14FF0FF3039
S21403435008E0831803F00303234421FA03F5ED076B
S214034360F0D4184630BD0020704700207047002068
S21403437070470020704701207047012070470F20C8
S2140343807047E6F757BE002307B5CDE90033012390
S21403439069464FF0FF308DF8023004F0CBFB03B0D4
S2140343A05DF804FB0020704710B508B9212010BD46
S2140343B00029FBD0036813F0704205D1C3F30E0344
S2140343C00B607BB10020F2E703F05044B4F1004FDA
S2140343D005D0B2F1304F02D0B2F1404FE6D103F030
S2140343E07F03EDE74368002BE0D00B60EAE737B5C1
S2140343F00C46054610B9212003B030BD0029FAD07B
S214034400002301A90193FFF7CFFF0028F4D1296801
S214034410019A11F0704102F1030222F0030201D166
S2140344202260E9E7AD68B1F1004FC5F38033C5F309
S214034430403504D103EB450353432360DCE7B1F176
S214034440204F01D12B44F7E7B1F1304FFAD0B1F149
S214034450404FF7D0CFE737B50C460546002800F0A7
S2140344608780002900F0848000230B60036803F034
S21403447070430B60C26822B1032A79D143F080638C
S2140344800B60AB689A0149D403F08073EA680AB9F3
S214034490002B6DD1226822F0407213432360EA6832
S2140344A0032A05D12A69F62A62D962F317432360E1
S2140344B0AB681B0442BF236843F400432360EB68E6
S2140344C0032B1FBF23682A6862F30E0323602B683F
S2140344D0AA68002B2ADB12F4C84F49D12B6803F0D5
S2140344E0704303F10043B3F1804F05D2530542BF37
S2140344F0236843F4806323600023284601A90193BD
S214034500FFF752FF40B92B6813F070421FD12368A0
S214034510019A62F30E03236003B030BD03F04073C9
S214034520B3F1407F18BF4FF00073AFE7500402F4B7
S214034530005105D4E1B1236843F400532360CDE76B
S214034540236843F4804323600029C7D0F3E703F0CE
S2140345505043B3F1004F05D0B2F1304F02D0B2F161
S214034560404F05D1019B5A1E236862F30603D2E728
S2140345702120D1E738B131B101234B604FF000530E
S21403458000208B6070472120704737B50C460546E0
S21403459008B9212016E00029FBD001234B60C3682D
S2140345A0A3B901A90193FFF722FF58B9019B6A69D2
S2140345B09A4209D32A69002AEBD0226043F00053BB
S2140345C00020A36003B030BD1D20FBE7032BE0D122
S2140345D00023F5E7436813B9416070475B685A6880
S2140345E0012AFBD159607047FFF7DCBE08B5FFF719
S2140345F0D9FE002814BF6FF09200002008BD1346B2
S214034600428870B50732072A0C464FEAD20101D01A
S214034610A14222D146680588202218460021E5F7E4
S214034620A3FC360A0346DEB9BCB141F20102954249
S21403463005D0B5F5885F02D0B5F5905F02D10020AE
S2140346405C6070BDB5F5105F0DD1182C03D0202C1F
S21403465001D0102C01D11C60F1E76FF08600F0E763
S2140346606FF08B00EDE76FF08500EAE7F0B51C46C8
S214034670436806461B0A0F46154689B035D12246BF
S2140346802946FFF7BCFF68B9EB1C23F00303C4E914
S2140346900307636145B9202200212046E5F764FC41
S2140346A06FF0860009B0F0BD014620226846E5F7A4
S2140346B05BFC6A4629463046FFF7A1FF0028EAD18D
S2140346C02368009A9A42E6D16368019A9A42E2D135
S2140346D0A368029A9A42DED1A369069A9A42DAD16D
S2140346E0E369079A9A42DDD0D5E76FF08B00D9E7E6
S2140346F0D5F756BCD5F770BD70470020704700202D
S2140347007047C3681944836853F8210030F8023BA6
S21403471013607047012310B580F888300378044689
S21403472053B100F061FA21462046D5F747FE2046EE
S214034730BDE8104000F04DBA10BD38B50D4604462E
S214034740D5F724FE6B682046C4F8B032A96800F09B
S21403475096F94FF0FF332046C4F8B432FFF7CDFF87
S21403476038BDD0F8B43210B50133044601D000206A
S21403477010BD00F0BCFAC4F8B4020130F7D194F8C7
S214034780B80280F00100F3E708B5D5F73BFE08BD95
S2140347900A7801382D2A0ABF012200228918D5F784
S2140347A08DBE07281BD8DFE800F0060A0D10131588
S2140347B004170120704700220820D5F77FBE002289
S2140347C01020FAE700222020F7E70820FFF7E0BFD3
S2140347D01020FBE72020F9E70846D5F7D1BE0020D6
S2140347E070472DE9F74307280C46DDE90A7690461D
S2140347F01D4608D8013806280AD8DFE800F01D272A
S214034800303A44574A00212850D003B0BDE8F0831D
S214034810002220461146E5F773FB3368C0B205EB6A
S21403482083013A6845F82300013348F822103360C1
S2140348303B6801333B60E8E7002220461146E5F774
S2140348405FFB336880B205EB8301EAE7002220466C
S2140348501146E5F755FB336805EB8301E1E70022D4
S21403486020461146E5F7FAFC336840B205EB8301B0
S214034870D7E7002220461146E5F7F0FC336800B27E
S21403488005EB8301CDE7002220461146E5F7E6FC5B
S214034890E1E7002389461E461D468DF8063019F8C3
S2140348A0013F7D2B06D125702D0A65703B6848F8BD
S2140348B02340BDE7202BF2D006F00102013612B9E1
S2140348C08DF80430EBE71022002101A88DF805309F
S2140348D0E5F7C4FC631901359870ADB2DFE72DE93F
S2140348E0F04F9B46002385B08B458146884692460B
S2140348F0CDE902336BDC1A461E4619F80340212C19
S21403490009D81F2C04D8103C072C98BF012200E0BE
S21403491001260133F1E7FF2CFBD15B4436B1013BA3
S21403492043450ADD2B2005B0BDE8F08F62B1013B9D
S2140349304345F7DC3546374602E000252F462E462C
S214034940454504DB0020EEE79845F3D0EAE75D45EE
S2140349503BDB19F80730202B18D109EB07035B78EC
S214034960FF2BDFD1CEB920465AF82510FFF719FFE3
S21403497078B303AB019302AB00932046DDE90E2325
S2140349805AF82510FFF72DFF0135D9E7212B0ED155
S21403499009EB07035B78FF2BC4D1029B5AF825204B
S2140349A00E99012641F8232001330293ECE7A3F185
S2140349B01004072C02D91C460137D3E709EB07037B
S2140349C05B78FF2BAED1E4B2CCE70624CAE72120FE
S2140349D0A9E72620A7E72DE9F04F07460E4615461A
S2140349E09846044685B0DDF84490DDE90FAB2068B1
S2140349F008B3DAF80020D8F800108A421BDA0E9BB8
S214034A0053F82210D2F7E0FA48BBDAF80020013256
S214034A10CAF800206268117BFE291BD10E9B106822
S214034A20012100932A464346CDE902B9CDF804A0F6
S214034A30FFF7D1FF04462B7843B999F800302BB91A
S214034A407EB101233C4689F800302B70204605B022
S214034A50BDE8F08F01238BF800302B70EBE70C34A6
S214034A60C5E73446F2E710B50446236803B910BD1C
S214034A70237A13B92046D5F7B9FD0C34F5E710B5FC
S214034A8041B10A7932B901249C300C71FEF7D9FE84
S214034A90204610BD0020FCE72DE9F041BAB00546DC
S214034AA00AAA084603A900F05FF90446B0B90DF157
S214034AB00A0301930DF10B038DF80A0000930AAA6B
S214034AC0284604AB03A9D5F741FF9DF80A20B2B1E7
S214034AD09DF80B2048B12AB1D5F788FD20463AB099
S214034AE0BDE8F081FFF7BFFFF8E7D5F89C50002D2F
S214034AF0F4D0A86808B1FFF7B6FF2D68F7E700B350
S214034B0046681AAB06F10C082AAF01934046049B8D
S214034B10039900970AAAFFF7E2FE04460028DDD1B0
S214034B20039B05A8CDE90637049B0595CDE9083810
S214034B30D7F7D4F905A83368984705A800F03FFDD2
S214034B40CCE72D24CAE710B50446AC30E5F708F9E0
S214034B5004F1AB031A180020934200D110BD13F8DA
S214034B60011F0029FAD00A2908BF0130F4E7002301
S214034B70F0B50B6013600646D0F8AC0278B196F831
S214034B80AC0060B1012406F1AC07D6F8AC0284424F
S214034B9010D306F1AC00B3F5007F10D30120F0BDAF
S214034BA00D6801350D60156801351560F85C013335
S214034BB00A2802D0B3F5007FF2D30134E5E7C15CDF
S214034BC00A29EBD00029E9D01168013301311160BD
S214034BD0E1E710B50021D0F88C200446E5F7C4F9C8
S214034BE00023C4E9243310BD73B5044600F1AC05B5
S214034BF080212046FEF73AFE4FF40071064628460B
S214034C00FEF734FE0136C0F50070864220461FD8F4
S214034C10E5F7A6F806462846E5F7A2F8013629463C
S214034C20421CA819E5F7F2F92046E5F799F821465C
S214034C3002462846E5F728FB2046E5F791F80A23BF
S214034C40204480F8AC300023C4F8AC3202B070BD08
S214034C50FFF779FF01AAC4F8AC0269462046FFF7BE
S214034C6086FF0022009B234483F8AC20C0E773B57D
S214034C700D460446FFF767FF6B1C19D1D4F8AC3218
S214034C8013B1013BC4F8AC3200252046E5F768F8BB
S214034C90A84215D82046FFF79CFFD4F8AC322BB1B8
S214034CA06946204601AAFFF762FFA0B902B070BDAD
S214034CB0012DFBD1D4F8AC328342F7D20133E1E7BE
S214034CC0082000F023F8202000F020F8082000F049
S214034CD01DF80135D9E7009D04F1AC06019BAB42F4
S214034CE0E4D9715D2046D5F75FFF0135F6E707B5D2
S214034CF000200DF1070100F0E7F820B99DF8070042
S214034D0003B05DF804FB4FF0FF30F9E710B5C1B20E
S214034D100446002000F0C8F800280CBF20464FF0D9
S214034D20FF3010BD0FB407B504AA52F8041B0020C9
S214034D300192D6F7D5F8002003B05DF804EB04B073
S214034D40704710B54C1C0B460119045D222C03D08A
S214034D507B2C01D05C2C05D1D21A1844E5F756F902
S214034D60012010BD0020FCE72DE9F04705469146DB
S214034D708846E4F7F5FF2A460646134619780132B5
S214034D802029FAD0C9F800305C1B01236FF0404A93
S214034D90C8F80030A64201D8002014E02F5D291978
S214034DA07B2F12D0222F2ED1D8F80030621C53440A
S214034DB02A4449F82320012C09D911F8013C13F0A1
S214034DC0DF0F04D02120BDE8F0877D27F3E7013409
S214034DD02B5DBB4209D12B195B7813F0DF03F1D1AE
S214034DE0222F00D12B550134D4E75C2B07D1324652
S214034DF021462846FFF7A5FF0028E3D0013E0134ED
S214034E00A642E5D8DEE75C2F08D13246214628467F
S214034E10FFF797FF0028D5D0013EE4E7202FE2D125
S214034E200022631CB3420A70DDD2EA18EB5C202B27
S214034E30D9D0D8F800300F2B05DC49F823200133EE
S214034E40C8F80030CFE71E20BDE700F000B800200A
S214034E507047D2F7A7B870B50C46154610B9D6F703
S214034E6033F838B143682BB12A462146BDE8704073
S214034E7000681847232070BDF7B50D4616461C4636
S214034E8038B9D6F721F804B901AC20B9232003B00A
S214034E90F0BD03B901ACC768002FF7D023463246EE
S214034EA029460068B847F2E707B501228DF80710D0
S214034EB00DF10701FFF7CFFF03B05DF804FB0B46C8
S214034EC001461846FFF7F0BF00230122FFF7D4BFC1
S214034ED008B508F0BCFFFA23B0FBF3F080B208BDB8
S214034EE00420704740F20160D6F7E4B8704701200B
S214034EF070470020704749BA89B280EA0103C3F3BA
S214034F0003125340180380B258405B0103F4FF5367
S214034F105840704708B5D6F799FC58B1A0F1590325
S214034F20042B06D8042B04D8DFE803F00404040398
S214034F3004005C2008BDD6F7E1BD7047F8B50C4603
S214034F408D18073552421540A5F108070646384620
S214034F5000F0DFF9A188381B628801EBE00189B213
S214034F60A2EBE00225F8041C25F8062CA288C31041
S214034F70AAB1A4EBC202B2F802C0D18003EB0C01C3
S214034F805180E28892B1D31A9BB204EBC20425F88F
S214034F90023CA380B3680344B3603846F8BD15F8F3
S214034FA0082C42F0020205F8082CEAE725F8022C42
S214034FB0F0E72DE9F04F4FF0000887B09946531CF1
S214034FC0109B0546174614BF14460824CDF81480D4
S214034FD0002B00F0C580C3F80080002900F0C280D3
S214034FE042688A4240F2BE80073121F0070608F085
S214034FF043FE05AACDE9008282463A464B46314631
S214035000284600F08AF9059F834607B130B9504613
S21403501008F02DFE192007B0BDE8F08FB7F8028020
S21403502029694FEAC802C0EBC8080139B8F1270F4F
S21403503029617AD9B9F1000F51D1864206F10808E1
S21403504048D0224639462846FFF778FF044605909F
S214035050059B9844404600F05CF9059906F10F005D
S2140350604A88C308A2EBD002A8F80220CA88A8F888
S2140350700430002A30D0D31A9BB201EBC202A8F840
S214035080063093808B88F608A380B8F804303A4637
S214035090E380414600232846668000F0A6F9AB6805
S2140350A00833AB60237843F0010323702B69013385
S2140350B02B616288AB68504603EBC203EA68AB60B9
S2140350C0934288BFEB6008F0D2FD109B08340020A3
S2140350D01C60A0E73C46BBE7A8F80620D2E707EB30
S2140350E008042046039200F014F90BF10703DB08CB
S2140350F00599638008F10703DB08A380CB8893B187
S214035100DB00039AD81D821A5A44C2F3CF020B441B
S214035110E2809A80A38808F1FF384FEAD808A1F8FE
S2140351200280CB80BBE7E380F4E7B9F1010F1BD124
S21403513007F10803B3FBF4F204FB1233B3B12246C0
S21403514039462846FFF7FAFE044623783A4643F0E4
S2140351500103237021460123284600F046F9A8E7F9
S214035160222058E7212056E78642E8D13C46ECE762
S21403517007B500224FF0FF3101AB0192D6F71EF9B7
S214035180019803B05DF804FB2DE9F74F04460D467E
S214035190002900F0AB80D0E9056808F06DFD15F82E
S2140351A0087C35F8061CFB07009000D531B900983B
S2140351B008F05DFD012003B0BDE8F08FA368D4F8C6
S2140351C0109035F804ECA3EBC10B09F10103A5F12C
S2140351D0080C4A1CC4F808B02361BEF1000F7BD04C
S2140351E0ACEBCE03D888B3F802A00190187807F08A
S2140351F00207C00765D4002F64D10198A0EB0A0705
S214035200012F69D18A1CABF108075244C4F81090E9
S214035210A76035F802ECBEF1000F61D0D4E9007048
S2140352200CEBCE0A07EB0009CA4559D21CF83EC060
S21403523057461CF0010C15D1AEEB0101012911D123
S214035240BAF80210AAF802C001310A44BAF80610E6
S214035250002943D00AEBC107216901392161A168FE
S2140352600839A16015F8081C013A21F0010105F878
S214035270081C002125F8061C5A801A7861F30002E0
S2140352801A707FB3C3F107023A44C2F3CF02DA803F
S214035290BA804EB3B34227D37288002A08BF1E468D
S2140352A0B8F1000F06D0434504D8B8F80220002A08
S2140352B018BF43460098C4E9056308F0D8FC0020ED
S2140352C079E74FB115F8087C724427F0020705F812
S2140352D0087C00279F809CE763469AE70F46BBE758
S2140352E00027BFE7DF80D4E71E46D9E7222062E720
S2140352F010B50446D6F77AF82146BDE81040FFF706
S21403530043BFFFF7F5BF0846FFF732BF0846FFF770
S214035310F8BF0023036043607047F0B5D0E9055437
S214035320561C08BF0822002B4FF0000008BF2C466F
S214035330DDF818C0CCF80000002C37D09DF81470A8
S2140353406588FF0007EBC505C2F1000E2078C0078D
S21403535008D51BBBE088A0B104EBC004658807EB47
S214035360C505F3E78D42F4D363B904F10806B6FB2B
S214035370F2F002FB106670180EB1A842EAD8CCF819
S2140353800040F0BD082A0FD06088013004EBC0004F
S214035390461A06EA0E06801B8542F0D2A08800282D
S2140353A0EFD0A4EBC004D9E70846E8E72046E8E7D1
S2140353B003460069C0B10AB951B91A6810460378A2
S2140353C0DB0711D531B9C3885BB100EBC300F6E741
S2140353D09A69F3E7012904D1838823B1A0EBC300BC
S2140353E0EDE700207047184670472DE9F041D0E9F5
S2140353F00554074688461646ABB1954200D00ABB0D
S214035400424600213846FFF7D3FFB442054600D094
S2140354102EB9424601213846FFF7CAFF0446C7E9BC
S2140354200554BDE8F081954208D08D4228BF0D464D
S214035430B44205D0444538BF4446F0E70D46F7E787
S2140354404446ECE79442EAD1E3E770B500261C46EF
S214035450C3E90001C3E90266C3E905001E611A77C2
S2140354605E62FFF756FF23690139C908013341809D
S2140354702361A36830460833A360E3680833E36018
S21403548070BD002307B5684600938DF80430D4F743
S214035490ADF903B05DF804FB10B508F0E0FB044675
S2140354A006F040FD2046BDE8104008F0D3BB704729
S2140354B04FF4C870D5F7FABFD6F7ACB800F01CB8EF
S2140354C07047704708B503F07EF903F086F903F0DA
S2140354D08DF903F09CF9BDE8084003F0ABB97047BB
S2140354E008B503F06BF903F06AF903F069F903F002
S2140354F069F9FFF7F4FF08BD08B503F09CF903F05C
S2140355009BF903F09BF9BDE8084003F09EB970478A
S214035510012070472DE9F34112F001050446884641
S21403552022D110F0030525D12F465208BA4209D1DD
S214035530D4F766F90026B74204EB860008D1D4F701
S2140355406BF911E054F8273001330CD10137EDE73E
S214035550042258F826300DEB0201019308F0A0FE52
S21403556030B1D4F759F93D25284602B0BDE8F0819D
S2140355700136E0E70125F7E77047B0F1006F0FD378
S21403558000F07843B3F1006F0CD000F06040B0F148
S214035590404F09D0B0F1604F14BF0420032070477A
S2140355A00020704701207047022070470020704794
S2140355B01AB111B180B2D6F7A1BA2120704701F013
S2140355C097BEDFF751B9FFF78DBCD0E9023253F827
S2140355D0223000211878DEF799BD704702F0D8B95B
S2140355E001F018BEC3688268013BDBB252F8233071
S2140355F05B78652B02D10020E1F7D8B86E2B01D17A
S2140356000120F9E7662B01D10220F5E7704710B5B4
S214035610D0E90232044653F82230187802F0A2FA90
S214035620E368A268013352F82330BDE810401878C7
S21403563002F096BA10B50446C0B2D7F72DFC200A7E
S214035640BDE81040D7F728BCD0E9023253F8223021
S2140356501878D7F729BD02F035BADFF7A5BD08B528
S21403566001F0F9FEBDE80840E0F78EBFD0E902324C
S21403567053F82230186801F0ECBE0020E1F78AB830
S2140356800120E1F787B80221D7F7A4BC0321D7F797
S214035690A1BC0521D7F79EBC08B501460C20D7F759
S2140356A075FCBDE80840D7F703BC08B501460020E3
S2140356B0D7F76CFCBDE80840D7F7FABB07B5C26856
S2140356C08368043253F8223001211B880DF1060249
S2140356D0ADF806300023D8F701FA03B05DF804FBF3
S2140356E008B508F0C8FBBDE80840EDF767BB10B582
S2140356F01446D8F70FFD2146BDE8104008F0B6B8AB
S21403570008B5D8F707FDBDE80840002108F0AEB895
S21403571008B5D8F7FFFCBDE80840ECF765BE08B54A
S214035720D8F7F8FCBDE80840ECF74ABE7047704768
S21403573008B508F0A0FBFFF7FAFF03F0E0F8BDE8B2
S2140357400840D8F733BD70470120704701207047E3
S21403575008B5D8F7C7FD00280CBF0420012008BDF4
S21403576070472DE9F34104460D4616461F46DDF8FD
S214035770208008F018FC3B46324629462046CDF8E2
S214035780008003F0BDF83B46324629462046CDF856
S2140357900080FFF7E5FF02B0BDE8F04101F0A8BDC9
S2140357A02DE9FF4704460D4616461F46BDF83080D2
S2140357B09DF83490DDF838A008F0F5FB3B463246FA
S2140357C029462046CDE9019ACDF8008001F041F83C
S2140357D004B0BDE8F04701F08BBDF8B504460D46AE
S2140357E016461F4608F0DFFB3B4632462946204650
S2140357F0DEF7C6F9044601F07BFD2046F8BD704788
S2140358002DE9F34104460D4616461F46BDF8208093
S21403581008F0C9FB3B46324629462046CDF80080B1
S21403582003F071F833464246294620460097FFF7B1
S214035830E6FF02B0BDE8F04101F05ABD704708B577
S21403584008F0B1FB03F060F8FFF7F8FFBDE8084087
S21403585001F04EBD012070472DE9F74304460D467F
S21403586016461F469DF8289008F09DFB3B46324699
S21403587029462046CDF80090FFF7ECFF80463B46CE
S214035880324629462046CDF8009003F03EF801F054
S2140358902FFD404603B0BDE8F083012070472DE995
S2140358A0F74304460D4616461F469DF8289008F013
S2140358B07AFB3B46324629462046CDF80090FFF752
S2140358C0ECFF80463B46324629462046CDF80090FC
S2140358D003F01CF801F00CFD404603B0BDE8F0836E
S2140358E0F8B504460D4616461F4608F05CFB3B46D5
S2140358F032462946204603F00AF8BDE8F84001F090
S214035900F7BC00207047F8B504460D46164608F067
S2140359104AFB324629462046FFF7F3FF0746324640
S2140359202946204602F0F4FF01F0E2FC3846F8BDB3
S21403593038B504460D4608F036FB2946204602F0E5
S214035940E8FFBDE8384001F0D3BC704710B5044605
S21403595008F029FB204602F0DDFF2046FFF7F5FF9F
S214035960BDE8104001F0C4BC704738B504460D4688
S21403597008F019FB2946204602F0DBFF294620469D
S214035980FFF7F2FFBDE8384001F0B2BC704770B5D0
S21403599004460D46164608F006FB324629462046C0
S2140359A002F0C9FF324629462046FFF7EFFFBDE85F
S2140359B0704001F09DBC704738B504460D4608F0AC
S2140359C0F2FA2946204602F0B8FF29462046FFF79A
S2140359D0F2FFBDE8384001F08BBC70472DE9F34178
S2140359E004460D4616461F469DF8208008F0DBFA4F
S2140359F03B46324629462046CDF8008002F09FFFFC
S214035A003B46324629462046CDF80080FFF7E5FFA1
S214035A1002B0BDE8F04101F06BBC704738B50546EF
S214035A2008F0C1FA284600F0E1FE0446014628467F
S214035A3001F0ACFF01F05CFC204638BD38B50446E7
S214035A400D4602F07DFF29462046FFF7E6FF38BDE8
S214035A50704738B5054608F0A6FA2846DEF7B0FEC6
S214035A6004460146284601F08FFF01F041FC20461C
S214035A7038BD38B504460D4602F063FF2946204676
S214035A80FFF7E6FF38BD704710B5044608F08BFAFB
S214035A90204602F057FF2046FFF7F5FFBDE810400B
S214035AA001F026BC704738B504460D4608F07BFA6D
S214035AB02946204602F047FF29462046FFF7F2FF15
S214035AC0BDE8384001F014BC704770B504460D4677
S214035AD0164608F068FA32462946204602F034FF96
S214035AE0324629462046FFF7EFFFBDE8704001F037
S214035AF0FFBB704738B504460D4608F054FA2946EE
S214035B00204602F022FF29462046FFF7F2FFBDE8B3
S214035B10384001F0EDBB704738B504460D4608F033
S214035B2042FA2946204602F011FF29462046FFF78F
S214035B30F2FFBDE8384001F0DBBB704710B5044602
S214035B4008F031FA204602F002FF2046FFF7F5FF81
S214035B50BDE8104001F0CCBB704710B5044608F012
S214035B6022FA204602F0F4FE2046FFF7F5FFBDE8D2
S214035B70104001F0BDBB7047704770B504460D4634
S214035B80164608F010FA32462946204602F0E3FE8F
S214035B90324629462046FFF7EFFFBDE8704001F086
S214035BA0A7BB704710B5044608F0FDF9204602F07F
S214035BB0D3FE2046FFF7F5FFBDE8104001F098BB83
S214035BC0704738B504460D4608F0EDF929462046D9
S214035BD002F0C3FE29462046FFF7F2FFBDE8384031
S214035BE001F086BB7047F8B504460D4616461F46B9
S214035BF008F0D9F93B4632462946204602F0AFFE66
S214035C003B46324629462046FFF7ECFFBDE8F84000
S214035C1001F06EBB704770B504460D46164608F095
S214035C20C2F932462946204602F09AFE32462946F3
S214035C302046FFF7EFFFBDE8704001F059BB704701
S214035C402DE9F34104460D4616461F46DDF820802F
S214035C5008F0A9F93B46324629462046CDF800808F
S214035C6002F07FFE3B46324629462046CDF80080AA
S214035C70FFF7E5FF02B0BDE8F04101F039BB0E20A7
S214035C8070470E20704738B5044608F08CF9204656
S214035C90FFF7F7FF0546204602F064FE2046FFF7AF
S214035CA0EEFF01F025FB284638BD704710B50446C5
S214035CB008F079F9204602F056FE2046FFF7F5FF76
S214035CC0BDE8104001F014BB002070470020704769
S214035CD038B5044608F067F92046FFF7F7FF054690
S214035CE0204602F041FE2046FFF7EEFF01F000FBE0
S214035CF0284638BD704708B508F055F902F035FE5A
S214035D00FFF7F8FFBDE8084001F0F2BA002070473D
S214035D107047704708B5D8F7B7FB00280CBF0420B8
S214035D20012008BD70470B68DA7B1AB9DB7C0BB918
S214035D30D8F7CEBB8120704708B5D8F7E1FBBDE89E
S214035D400840D8F7EBBB7047D8F7DABBD8F7E6BB03
S214035D50082808D84FF48B73C34013F0010F0CBF09
S214035D60212000207047212070470121D8F7C8BCA6
S214035D700221D8F7C5BC0421D8F7C2BC0821D8F73E
S214035D80BFBC1021D8F7BCBC01207047D0E9023253
S214035D9053F822301878D8F75FBE0868C37B1BB960
S214035DA0C37C0BB9D8F788BE81207047D0E902328E
S214035DB053F822301878D8F7C1BE704730B5054679
S214035DC0044615F8100B85B0029565691D44CDE9A8
S214035DD000250B46A21D618801F038FE05B030BDD4
S214035DE0704710B492F80A4192F8053103EB042386
S214035DF00B8100235DF8044B1A4601F025BE1FB540
S214035E000446084671B12178FF290BD0238B0293F1
S214035E1063690193237C00936288A31DDEF7ECFC81
S214035E20FF23237004B010BD0868C37B73B9C37C1B
S214035E30032B0BD8DFE803F002080406D9F77EB974
S214035E40D9F7AEB9D9F7DEB9D9F78CB9812070473F
S214035E507047704700207047137810B5032B0CD19A
S214035E605479CBB29C4208D19379B3EB112F04D16A
S214035E7053781B1A5842584110BD0020FCE77FB5E3
S214035E8005460E4600246946E0B201F085FD28B9B2
S214035E906A4631462846FFF7DFFF18B90134202C3F
S214035EA0F1D1002004B070BDFFF7E9BF0868C37BDB
S214035EB09BB9C37C052B10D8DFE803F0030D070B53
S214035EC00905D9F743BAD9F77FBCD9F7D9BAD9F7B1
S214035ED02BBCD9F7A9BBD9F77BBA81207047002022
S214035EE0704730B5102587B001AA00210195FEF74B
S214035EF008FC04462A46002102A8E4F735F82A4699
S214035F00214602A8E4F782F8012102A8D9F73AFE4F
S214035F1007B030BDD9F7C8BD7047FFF7FDBF0B68A4
S214035F20DA7B5AB9DB7C012B04D0022B04D02BB9C5
S214035F30DAF74CBADAF756BADAF760BA812070475E
S214035F40002307B5012101A80193D0F783FE08B902
S214035F50D0F7BCFC012003B05DF804FB08B502F0E3
S214035F6070FA052803D0003818BF012008BD0220A8
S214035F70FCE77047D0E9023253F82230187800382D
S214035F8018BF0120DBF7BABDDBF7BEBD00207047A4
S214035F90002070477047FF207047FF20704700209F
S214035FA070470020704700207047704706207047F0
S214035FB0DBF762B80868DBF73BBD70B50D460446F1
S214035FC000212846164601F078F932462080022141
S214035FD0284601F072F9324660800421284601F013
S214035FE069F90023A360E3606060082070BD034680
S214035FF041B181424FF0640005D94343B3FBF1F04E
S214036000C0B2704708467047DBF78CBDDCF782BB2F
S214036010DCF78ABCB0F5807F05D0A0F50073584244
S2140360205841400170470820704730B599B00D4677
S21403603069461446DCF7DCFB30B915B1BDF802300F
S2140360402B600CB10D9B236019B030BD2DE9F047D2
S21403605088B00E46904604A905AA07461D46FFF7D4
S214036060E4FF044638BB28800DF10C09DDE904A3E0
S2140360709A4520D2062251463846CDF8009006AB04
S214036080DCF7D2FBD8B9039B062B18D12A88DDF898
S2140360901A3042450ED2BDF8181026F832102A8858
S2140360A006EBC20253602A885344013206332A8021
S2140360B00493DBE7F7D9204608B0BDE8F087012450
S2140360C0F9E72DE9F0438FB00F46904601A9002269
S2140360D004469946FFF7A9FF18B101200FB0BDE8A3
S2140360E0F083062220460DF1020302A9FFF7AEFF56
S2140360F00028F2D105460246BDF80210019CEEB216
S2140361008E42EAD20EAB03EBC60656F82C3C36F8A4
S214036110306C0634BE4217BFE41801221346002231
S214036120013522B1C8F80040C9F80030D6E71A4650
S214036130E5E770B50024012602F05DF9E5B2C26812
S21403614006FA05F59542234604F10104F4D3D8B2C2
S21403615070BD70B586B0DCF799F900F11006E1F76B
S2140361608DFD00240546142201A9301902F04AF9D0
S2140361701CB99DF80430FF2B16D0002303F1180238
S2140361806A4412F8142CFF2A06D11C44601E90FBA6
S214036190F5F080B206B070BD2B44DBB2132BEDD9FD
S2140361A01434B4F5826FDED14FF0FF30F2E7DBF73D
S2140361B0A3BF07B504220DEB020102F023F90198F1
S2140361C003B05DF804FB37B5054608460C46FFF7F3
S2140361D0F0FFA84206D0042220460DEB02010195EB
S2140361E0E1F79EFD03B030BD07B50B4600920021D4
S2140361F002460120DCF712F803B05DF804FB08B58D
S2140362000121DBF743FFBDE80840E1F735BFDCF7C4
S21403621081BA08B5FFF7F3FF002008BD08B513469B
S2140362200A4601461846DCF78DF880F00100C0B236
S21403623008BD00207047704708B1DCF78BBB70477A
S21403624030B4DDE902451DB1029430BC00F0C6B996
S21403625030BC70471F2804D8142200F5A030D5F7A9
S21403626017BD70471F2804D8142200F5A030D5F7B1
S2140362703BBD7047152808B505D1FFF7DCFFBDE821
S2140362800840DCF7ADBC08BD10B5142486B0224622
S214036290002101A8E3F768FE2023224601A94FF454
S2140362A0A03001F097FC06B010BD0020704713B570
S2140362B000230C461A460146CDE90033E0B2DDF76B
S2140362C053FA02B010BD13B5002314460190012201
S2140362D00093E0B2DDF748FA02B010BDD0E902320F
S2140362E053F822301868DDF7B7BB194491420ADC2D
S2140362F04218002003B9704712F8011D013B01EB59
S2140363000020DBB2F6E7002070472DE9F04F4FF090
S214036310000A85B0019381460F4615465346019AF7
S21403632011785FFA8AF2914203D8002005B0BDE8DF
S214036330F08F019909EB050801EB4202517892F8B8
S21403634002B011F04004009101F03F061BD0AC19D7
S214036350BC42D4BF0024012433466400A20740F1A4
S2140363608880009B1B0640F192800E9B324603EB0F
S2140363700B000021E3F7F8FD3D4600231D44ADB2B4
S2140363800AF1010ACBE7042E07D866B1B31E022B27
S2140363900BD8DFE803F0122130003E2E37D03F2E15
S2140363A05BD03D2E4BD00320C0E7BD4234BF002454
S2140363B00124012664003346D0E7AB1CBB4250DC05
S2140363C002233A4629464846FFF78FFFADF80A00F0
S2140363D002230DF10A08C1E7EB1CBB4243DC03238F
S2140363E03A4629464846FFF780FF039004260323D0
S2140363F00DF10C08B2E72B1DBB4236DC04233A46EC
S21403640029464846FFF771FF03900423F0E77A1EF8
S21403641095422CDA02233A4629464846FFF765FF9B
S2140364204FF6FF7380B298420EBF0223023083B248
S2140364305C19A742B4BF0324012404268EE7BD4299
S21403644015D298F80030FF2B0CBF01230133EC184C
S214036450BC42CCBF03240124EFE701240426002317
S2140364607CE73446B4E70224C0E70224CDE70324DE
S214036470E3E70E9A02EB0B0014B142F80B807DE7BC
S214036480324641460093E3F7FFFE009B76E7022081
S2140364904CE710B5144686B018811A460A9B02913B
S2140364A0CDE9034301230193099B0146009303208F
S2140364B0BDF82030DDF7EEFB06B010BD1FB5002497
S2140364C00294079C0194BDF818400094FFF7E1FF7F
S2140364D004B010BD2DE9F0410E461746054686B0BA
S2140364E098B391B38AB34FF0000802A95FFA88F015
S2140364F001F052FA044640B99DF80830032B08D041
S21403650008F10108B8F1200FEFD1204606B0BDE828
S214036510F0819DF809202B799A42F1D1BDF80A2023
S2140365206B889A42ECD19DF80C30BDF80D006B7168
S21403653028812B4622464FF6FF71CDE90067FFF709
S214036540BDFF0028DCD00446DFE72124DDE710B5D5
S21403655086B00A9C04949DF824400394BDF820401A
S21403656002940124CDE9003413460A460146062068
S214036570DDF790FB06B010BD1FB504460846194666
S21403658000230094CDE90123079BBDF81820FFF7ED
S214036590DEFF04B010BDF0B5022805460E461446CD
S2140365A01F468BB00AD106A9F0B201F0F5F998B9E7
S2140365B09DF8193023719DF81C306371119B224698
S2140365C004930023CDE902330193109B31460093D5
S2140365D028463B46DDF75EFB0BB0F0BD13B5002443
S2140365E00194049C0094FFF7D6FF02B010BD2DE97A
S2140365F0F0450646884614469A46002701258BB082
S21403660006A9F8B201F0C8F920BB9DF81830012B93
S21403661019D19DF8192033799A4214D1BDF81A205E
S21403662073889A420FD19DF81C3032467371B9B203
S214036630CDE9030ACDE90100434602200094DDF7C5
S21403664029FB054610B90137202FD9D128460BB0B0
S214036650BDE8F0850546F9E70023FFF7C8BF10B588
S2140366600446DEF7F5F80021631E04F10F0213F863
S214036670010FFF2808BF19709342F8D10023237433
S21403668010BD0020704770B506461D46DDF754FF63
S214036690044608B9212070BD3046DEF71BFA0028F1
S2140366A0F8D0A0682A46FF21FFF721F89DF810309E
S2140366B0002063719DF81430A371ECE713B59DF8C1
S2140366C01040CDE9003413460122FFF7DCFF02B089
S2140366D010BD08B5DDF730FF28B18068FF21FFF74E
S2140366E017F8002008BD2120FCE70122FFF7F1BFC1
S2140366F01FB50B466A460146184601F043F96A463B
S2140367000823002032F8021B013B13F0FF0380EA44
S2140367100100F7D1012838BF012080B205B05DF82B
S21403672004FB2DE9F04F87B0DDE9109B054688464C
S214036730484619461F461446BDF848609DF84CA0C7
S214036740FFF7D6FF042D0346ABF800001AD8022D38
S2140367501DD9042D07D04FF2F222A188914222D1EF
S214036760E28891071FD5E17A0022CDE9013720465A
S2140367703346CDE90392CDF800A001F058F907B0EF
S214036780BDE8F08F6A1F012A11D92120F7E70022FE
S2140367904146CDE9119228462246109707B0BDE838
S2140367A0F04F01F053B94FF6FF760C21DCE7052DC9
S2140367B00ED10023E17A0022CDE90137CDE9039219
S2140367C00091234652464146304601F023F9D6E768
S2140367D04FF2F222A188914204D1E288920701D5B2
S2140367E0E17AE8E74FF6FF760C21E4E7F0B585B0EB
S2140367F00546DDF761FB48B16B88B3F5006F05D13D
S214036800681D05B0BDE8F04000F0EFBC284600F078
S21403681005FD0446C8B9E7B26946384601F0BCF838
S21403682078B99DF8006066B92946384601F0B8F88D
S21403683020B140F60443984207D08C26304605B074
S214036840F0BD0134202CE6D1F7E78D26F6E7DDF719
S21403685019BD2DE9FF4704460D460146184617465F
S2140368601E46BDF830809DF83490DDF838A0D8F782
S214036870A5FAD0B92146284601F038F933463A46F8
S21403688029462046CDE9019ACDF80080DDF79EFD26
S21403689033463A4629462046CDE90D9ACDF8308050
S2140368A004B0BDE8F04702F02DB804B0BDE8F087A9
S2140368B0DDF736BFDDF7EEBEDDF712BF10B50446D3
S2140368C001F020F9082201462046BDE81040E3F710
S2140368D09DBB01F019B9002101F016B901F028B9E2
S2140368E00020704720207047EBF728BAEBF772BA00
S2140368F0EDF714BF7047DEF75FB870B506460C4673
S214036900154600F04CF850B13CB135B1204600F0C6
S214036910DAFC013080B2A84200D9002070BD3046B0
S21403692000F043F840B1002CF7D0012DF5D92046EE
S21403693000F0CEFC0230EDE73046DDF79DFFEAE7D8
S214036940F8B5BDF8185010B3967855B9D478A6F1B3
S2140369504107012F07D8621ED2B200F0D3FD0020F4
S214036960F8BD2C46F3E7433E012E04D8A21E92B28E
S21403697000F0E0FDF3E7D27813B90DB1AA4206D8CA
S21403698011B9E3F7F1FAEAE7E3F740FBE7E7892013
S214036990E6E7413803288CBF0020012070474138C2
S2140369A001288CBF002001207047433801288CBF84
S2140369B0002001207047002070470020704703889E
S2140369C0B3F57C4F01D3FFF7F8BF0846FFF7F3BFD5
S2140369D010B54A880488A2420DD1037B0C79234064
S2140369E009D0B2F57C4F08D3FFF7E7FF0B891B1AD4
S2140369F05842584110BD0020FCE70120FAE738B59D
S214036A000D88D488A5420AD10388B3F57C4F08D2F3
S214036A10FFF7D5FF13891B1A5842584138BD00208B
S214036A20FCE70120FAE72DE9F04715460446B8B11E
S214036A3049B1EAB100264FF0140AB04690F8049024
S214036A40F3B2994501D800240AE027680AFB0677C3
S214036A503846FFF7BDFF013628B13C46A5F800804F
S214036A602046BDE8F0877B8943441FFA83F8E7E7AF
S214036A701446F5E72DE9F0470E4615460446B8B129
S214036A8049B112B300274FF00C0AB846B0F8089085
S214036A90BBB2994501D800240AE063683246204613
S214036AA00AFB0731FFF7ABFF28B10C46A5F80080B9
S214036AB02046BDE8F0870B79013713F0300F02BF8D
S214036AC0CB7843441FFA83F8E2E71446F0E72DE950
S214036AD0F04186B00D461446984604AA05AB03A9B2
S214036AE00646DDF79FFF40B30DB1049B2B6034B31E
S214036AF0049D03982946FFF762FF2B880746024644
S214036B007188307800F050FBD8B1297911F0100362
S214036B100BD0EB782A46CDE900433B4671883078A4
S214036B20FCF7A9FC06B0BDE8F0812A462046059985
S214036B30CDF80080FFF704FFF4E78620F2E720464F
S214036B40F0E77E20EEE71FB51C460023ADF80A20CB
S214036B50BDF818208DF80400ADF80610ADF80C202B
S214036B6069461A4601A800938DF80840FFF7AFFF61
S214036B70009804B010BDF0B587B00E4605AB04AA66
S214036B8003A90446DDF74EFF08B3049D0398294680
S214036B90FFF715FF2B88074602466188207800F02A
S214036BA005FBB0B1297911F0100108D000963B46D9
S214036BB02A4661882078CFF7A3F807B0F0BD009186
S214036BC001232A4631460598FFF7BAFEF5E78620E5
S214036BD0F3E77E20F1E72DE9F041064600254FF066
S214036BE014080779E8B2874201D800241AE008FBA4
S214036BF005F0D6F800C00CEB00043CF80000814218
S214036C001AD132B1802A10D194F90CC0BCF1000F0E
S214036C1012DAB0F57C4F05D32046FFF7CEFE83424B
S214036C2000D04BB92046BDE8F081402A04D194F841
S214036C300CC01CF0400FECD10135D3E70121DDF782
S214036C402DBE08B513460022DDF756FF003818BFE1
S214036C50012008BD08B513464022DDF74DFF003876
S214036C6018BF012008BD08B513468022DDF744FF90
S214036C70003818BF012008BD08B540220023DDF701
S214036C803BFF003818BF012008BD08B5802200234B
S214036C90DDF732FF003818BF012008BD0023DDF7FB
S214036CA02BBF0021DDF798BF10B504460121DDF7A1
S214036CB093FF2046BDE8104001F058BE7047F8B574
S214036CC016461F469DF81820BDF81C300546DDF70E
S214036CD013FF78B10421DDF7FDFF044650B12846C3
S214036CE000F012FB3A4631462846A047BDE8F84076
S214036CF000F0FEBAF8BD2DE9F74F1E46DDE90C9B02
S214036D00074688461446BDF838302AB3B9F1000F53
S214036D1022D00EB392F804A099F80020504612F041
S214036D20080F0CBF802240226188DDF7E5FE98B18C
S214036D300821DDF7CFFF054670B1504600F0E4FAB0
S214036D403346224641463846CDE9009BA84703B062
S214036D50BDE8F04F00F0CCBA03B0BDE8F08FF8B54D
S214036D60BDF8187016461A463B460446DDF7C4FEC1
S214036D70E0B177B90221DDF7ADFF0546B0B1204695
S214036D8000F0C2FA31462046A847BDE8F84000F0B6
S214036D90AFBA1021DDF79EFF054638B1204600F056
S214036DA0B3FA3A4631462046A847EEE7F8BD73B530
S214036DB0BDF8184016461A4623460546DDF79CFEE0
S214036DC0B8B1C4B92021DDF785FF044670B1284663
S214036DD000F09AFA099B3146009328469DF8203026
S214036DE09DF81C20A047044600F082FA204602B015
S214036DF070BD8624FAE70024F8E72DE9F04186689B
S214036E000446007800F080FA002514273279EBB2A6
S214036E109A4203D8BDE8F04100F06ABA7B43326871
S214036E202078D15A02EB030800F0C2F9012140464C
S214036E30DDF750FF034608B1207898470135E5E7AC
S214036E402DE9F04F1C4689B09DF84C30BDF84880BC
S214036E5001939DF8503092460293224643460746D6
S214036E600D46DDF749FE8DF814700646ADF816504C
S214036E708DF81840ADF81AA0ADF81C8018B901209B
S214036E8009B0BDE8F08F05A9FFF7A2FD0028F6D0EC
S214036E9000252F46A8462C4634E00C231FFA85F916
S214036EA003FB09F931887368B1F57C4F33F8092081
S214036EB003EB090B1AD333F8090050452CD3019B77
S214036EC0A3422DD900F0BCF99BF80200DEF7AEFB17
S214036ED0029B43B19BF8043013F0010F0CBF05204F
S214036EE00720DEF7A3FB0134A4B219E0ADF81A209D
S214036EF05946304605AA0393FFF781FD039B0028F6
S214036F00D9D101353289ABB29A42C6D804EB080010
S214036F10C31B58425841B3E708F101081FFA88F823
S214036F200137BFB2EDE710B5012488B006949DF88B
S214036F303C4005949DF8384004949DF834400394EF
S214036F409DF8304002940B9C0194BDF828400094B1
S214036F50DEF704F808B010BD2DE9F04786B0BDF89B
S214036F603880DDF83C909DF840A0CDF80080CDE950
S214036F70019A04460D4616461F4600F013F9B8B1AB
S214036F80431EDBB2012B10D800230122811E484288
S214036F904841CDE90432CDE902A03B4632462946B4
S214036FA02046CDE90089FFF7BEFF06B0BDE8F087AF
S214036FB00120FAE730B50024012587B0CDE9044562
S214036FC003959DF82C5002950A9DCDE90045FFF7E1
S214036FD0AAFF07B030BD30B50024012587B0CDE940
S214036FE0044503959DF828500094CDE901354023C8
S214036FF0FFF799FF07B030BD10B5012486B0CDE981
S2140370000444002403949DF828400294099C0194A8
S214037010BDF820400094FFF786FF06B010BD1FB5ED
S214037020089C03949DF81C400294069C019400243B
S2140370300094DEF78FF804B010BD70472DE9F84FC3
S2140370400229074688460C9D04D84FF0000A50468E
S214037050BDE8F88F1BB10429F7D942F004023A7051
S2140370602BB303247B701B0ABB70DFF789FB4FF03F
S21403707000099DF82830385504F1020A01343B55BF
S2140370800B9A5FFA89F3D45C002CE0D0732C10D8EB
S2140370902E464C2C56F804BB3DD0532C15D0622CF0
S2140370A045D1AC8805F1080600231A4616E00124EC
S2140370B0DBE7A4F17503032BC7D8763C2E1D022C01
S2140370C052D8DFE804F0565A58006A6805F10806F5
S2140370D094B2D2B2B2F1FF0318BF01230AEB040144
S2140370E019448845B1DB50461946002947D1534415
S2140370F01FFA83FA5CB1BBF1000FA6D0224607EB5A
S2140371000A005946E3F7C0F854441FFA84FA354692
S21403711009F10109B4E74FF6FF736A6805F108063B
S21403712094B222469C4214BF02230023D6E76C2C5B
S21403713005D1584600F0CCF8841CA4B2B4E7732CEF
S21403714004D1584600F0BFF8441CF6E7A4F1300318
S214037150DAB2092A01D89CB2A6E7A4F14103062BAA
S2140371603FF673AF373CE8E7012300242A68A346BB
S214037170B4E70223F9E70323F7E70423F5E700F16F
S214037180010C01393A54C9B2120A1FFA8CF0ACE763
S2140371900020DEF7D3B90022DEF7F0B90023DEF7CE
S2140371A003BA7047012070470120704701207047DB
S2140371B0704700207047002070470020704700206B
S2140371C07047002070470020704770470E207047B6
S2140371D0002070470020704700207047002070474B
S2140371E07047FF2070470E20704784207047704713
S2140371F0704700207047002070470020704700202B
S214037200704700207047002070470020704700201A
S214037210704770470E207047002070470020704765
S21403722070470020704770477047704770470E20BE
S214037230704770470020704781207047704770473B
S21403724038B50546C0B2DEF7F1F90446280ADEF77C
S214037250EDF914B1002808BF0024204638BDF8B560
S2140372600546C0B2DEF7E2F90446C5F30720DEF7AB
S214037270DDF90746C5F30740DEF7D8F90646280EBC
S214037280DEF7D4F924B12FB136B1002808BF0024A5
S2140372902046F8BD3C46FBE73446F9E710B4CC1865
S2140372A0944203DC5DF8044BFFF71FB800205DF83B
S2140372B0044B70470423FFF7F1BF08B50223FFF71B
S2140372C0EDFF80B208BD0078FF2808BF0020704796
S2140372D008B502220021FFF7F0FF4FF6FF7398422E
S2140372E008BF002008BD003818BF012040007047C3
S2140372F00020704708B5FFF7A1FCFF284FF0FF30CA
S21403730018BF0020C0B208BD08B5FFF7F3FFFF287B
S2140373100CBF2120002008BDF8B506460C461546CE
S2140373201F4600F011F810B12544AC4200D1F8BD59
S2140373303946304614F8012BDEF76AFAF5E70146BC
S21403734000220220DEF7F4B90120704737B5054660
S214037350DCF77EFC044601950CB981201CE02378FB
S21403736023B12046DCF77CFC0446F5E72B6862680D
S2140373705B889A42F5D1A368EA7B99B272B12A8AEE
S2140373809142EED16A7DB2EB134FEAD10020E36857
S21403739001A998478128E4D003B030BD4FF6FF72A9
S2140373A0EEE72DE9F84304460F46904699460BB39D
S2140373B0012A1FD80C20E2F7DDFF064610B9192074
S2140373C0BDE8F8831020E2F7D5FF18B93046E2F798
S2140373D0D9FFF4E70123002547EA084770600570E4
S2140373E0C0F80C904460876033803046DCF728FC96
S2140373F02846E5E72120E3E738B504464368084610
S2140374000D469847B4F90830002B02DB2B78042B83
S21403741006D1002320466360BDE83840DEF78ABD08
S21403742038BD30B54FF48A5587B0ADF816200DF148
S21403743016041A46029543B100230122CDE9003310
S214037440234600F01EFA07B030BD019401240094D1
S214037450F7E7FFF7EBBEFFF7BBBE0020704708B5A4
S21403746000F014FB20B900F05BFB08B9DBF786FDE0
S214037470FFF7CFFEBDE80840FFF7DBBE0020DFF7CF
S214037480C1B90021DFF75EBA0022DFF71DBA1FB5C8
S214037490D2880B4612F0200F4FF6FD7114BF492415
S2140374A05224ADF80610510544BF083CE4B211055A
S2140374B044BF083CE4B2120444BF023CE4B20328CF
S2140374C005D8DFE800F0020F161CADF80630BDF84D
S2140374D00600FFF786FEFF281CBF241AE4B22046E8
S2140374E004B010BD02AA0DF10601D8B200F08CFA62
S2140374F0EDE7D8B200F052FAADF80600E7E7013C34
S214037500E4B2E4E7F8B5064617460D4681B10C78B3
S214037510FF2C0BD00846FFF7D6FEB84228BF3846E6
S214037520C4B22246691C701CE2F770FD3470F8BDC5
S2140375300C46FBE770B5044615460E4611B9417076
S214037540017070BD0B78FF2B05D14B78FF2B02D152
S21403755003704370F5E73046FFF7BAFEA84228BF2C
S214037560284685B22A46B11CA01CE2F74FFD2570BB
S2140375702D0A6570E5E7F0B523B9013A531C2FD100
S214037580002020E0042AFBD800231C46551E6E1C50
S2140375901AD1042A10D00121D200501E01FA00F09D
S2140375A020421EBF914049420C4318421EBF4FF073
S2140375B0FF3101FA02F213439C421EDCB4BF4FF0C4
S2140375C0FF30002040B2F0BD40B1465DEF00BE4044
S2140375D034434E5D013DBE403343D8E70646F5E7E8
S2140375E08C5C38B90346A34202F1FF32C6D24FF091
S2140375F0FF30E8E7835CA342F5D90120E3E72838A8
S21403760007288CBF0020012070471D2810D004D8FF
S21403761040B11C2804D0552070471E380128FAD8DC
S2140376201A2901E00B390F298CBF5520002070471B
S2140376300829F9E7002000217047F7B59DF8204098
S2140376400546082C104619469DF8246036D80022B5
S21403765013462C44AC4208D106F0FD04382C0ED158
S2140376600096FFF7E7FF03B0F0BD14F8017D1B0299
S21403767043EA12631202BA1843F10003EAE7392E0B
S21403768010D107EE100A07EE902AB4EEE77AF1EE71
S21403769010FACCBF77EE677A77EEC77A002117EE3B
S2140376A0900AE0E7824273EB010403D2801A61EB8F
S2140376B00301D8E7101A63EB0101D4E70020014663
S2140376C0D1E738B5C36814461944836853F8215084
S2140376D01AB12846E2F744FB2070284638BD2DE948
S2140376E0F3411C4616460DF107029DF82050FFF79E
S2140376F0E8FF9DF807308046A34288BF8DF8074011
S2140377009DF807700DB1E41BE5B22A46002130460A
S214037710E2F72AFC3A4641467019E2F777FC384608
S21403772002B0BDE8F0812DE9F3411D46164601AAD5
S2140377309DF82040FCF7E5FF019B80469D4238BF3D
S2140377400195019F04B1EC1B224600213046E2F767
S2140377500BFC3A4641463019E2F758FCF8B202B041
S214037760BDE8F08173B50024154601AA1E460194B0
S214037770FCF7C7FF019B072B0AD92146CCB216B1EB
S214037780C4F10704E4B2425C013108292A55F5D155
S214037790D8B202B070BD1FB5030A8DF80E300323AE
S2140377A0009303AB8DF80D0000F0BBF805B05DF851
S2140377B004FB1FB58DF80F100421030A8DF80E3055
S2140377C0009103AB8DF80D0000F0ABF805B05DF843
S2140377D004FBF0B589B016689DF83C50CDF80960F7
S2140377E08DF811305668BDF83830012D109FBDF85E
S2140377F04440CDF80D60ADF812308DF8145014D017
S214037800032D19D13B68CDF815307B68CDF81930B8
S2140378109DF848308DF81D3016230093BDF84C2094
S21403782002AB00F07EF809B0F0BD8DF81540240ACF
S2140378300F238DF81640F0E70120F4E71FB5044642
S214037840084611461A4602238DF80D10009321466A
S21403785003AB00F066F804B010BD10B514461A4624
S2140378600B6886B0CDF80D304B683421CDF8113057
S2140378700A23009303AB8DF8154000F052F806B0C8
S21403788010BD2DE9F041B6B014461D4606460F4618
S2140378909DF8F080DFF77AFA03AA8DF80C001046FD
S2140378A0330A8DF80F703F0A8DF80E308DF80D6091
S2140378B02B468DF810708DF8114005EB4405AB424E
S2140378C002F102021FD16200D2B2931DDBB23D99D0
S2140378D0D8336B44073203F8CC8C01EB4805D3B29C
S2140378E050FA82F2A94202F1020212D103EB4803D4
S2140378F0009006213046BDF8F820DBB2DFF750FAD9
S21403790036B0BDE8F08133F8021B1171090A5171D4
S214037910D5E731F8024B02F8024C240A02F8014C70
S214037920E0E72DE9F0411C4605460E4617469DF84E
S2140379301880DFF72BFA207043463A46314628462E
S2140379400694BDE8F041DFF72BBA00207047704776
S214037950D3F708BD08B5E9F7EFFC002840F6124058
S21403796018BF002008BD70477047704770477047C0
S2140379707047704700207047704770470020704775
S2140379807047704702F066BFFEF773B8FEF756B847
S21403799003F0D7BAF5F72EBD03F0C4BAF5F7E8BC83
S2140379A0F5F750BDF5F70ABDFEF735B9FEF71BB977
S2140379B010B49DF8044001945DF8044BFEF70EB82E
S2140379C0FEF762B8FEF76FB8F1F7D2BBF1F7D6BB96
S2140379D0EEF742BFEEF746BFEAF7CABDFEF7AEB80C
S2140379E0FEF773B8FDF7BDBEFEF796B8FEF782B88E
S2140379F030B4BDF808409DF80C50CDE9024530BCC4
S214037A00FDF7CEBEFDF76CBFF5F78EBEDFF718BAEF
S214037A10F5F754BF70B49DF80C40BDF810509DF8B0
S214037A2014600394CDE9045670BCF2F7BBBB70B484
S214037A309DF80C40BDF810509DF814600394CDE9F2
S214037A40045670BCF2F7EEBBF2F7D8BC10B49DF840
S214037A50044001945DF8044BF2F728BC10B49DF87B
S214037A60044001945DF8044B01F0BABF01F0BABFBD
S214037A70FDF77BBFFDF78BBFFEF718B9FDF79CBF7D
S214037A80EDF7FCB9EEF754B9EEF726B9ECF720BEDE
S214037A9002F051BBEDF7D8BB02F0A7BBEDF764BD10
S214037AA0EDF7C8B8EEF74AB9EEF7C6B8EEF7E2B8A0
S214037AB0EBF78ABCFEF7C4B8FEF75FB8FEF772B8FA
S214037AC0FEF77FB800F036BC00F02FBCF4F74CBCD2
S214037AD0F2F798B9F4F726BCF4F74CBDF2F762B99F
S214037AE0EAF732BDF3F7ECBDFFF732BFFBF70AB98F
S214037AF0FEF701B9FDF72ABFFEF72FB801F020BD48
S214037B00DFF7FCB8EBF748BAEAF7F2BD01F0DCBFE3
S214037B1001F0B3BFEAF740BEEBF78EB9EBF7B8B99F
S214037B20EAF7AEBDDFF706B9DFF718B9DFF7F0B847
S214037B30EAF74EBDDFF7F6B8F6F754BD01F09BBF84
S214037B4001F062BFEAF74ABDEBF710BAEAF7A0BD49
S214037B5010B4BDF8044001945DF8044BFDF750BE25
S214037B60DFF798B9DFF78AB9F6F7DCBAF6F714BD8C
S214037B7003F0FABA03F000BBF6F74CBBF6F72CBDDE
S214037B8000F06DB900F0ABB900F0D3B900F0B9BAA4
S214037B9000F029BB00F092BADFF794BE00F0F0B90C
S214037BA000F01DBA00F030B810B51C4601F0ECFD2D
S214037BB006F032FA0023C0F340202370400010BDC5
S214037BC0002208B50B461146FFF7EEFF023818BF32
S214037BD0012008BD002070477047B1FA81F04009C4
S214037BE07047012070477047704700207047704702
S214037BF00020704770470E2070470120704770477B
S214037C00012070470120704714220021E2F7ACB927
S214037C10704770B505460C468AB0252200210DF143
S214037C200300E2F7A1F96B68CDF81D30AB68CDF819
S214037C302130234601AC03F1100622461868596822
S214037C40083303C2B3421446F7D101236A7B8DF887
S214037C50023012F0040F0CBF4FF480734FF4A0737E
S214037C60110748BF43F48063ADF80030930748BF5D
S214037C70BDF80030684644BF43F00803ADF8003053
S214037C80F1F798FD0AB070BD30B5427B0D46D107BB
S214037C9004468BB007D5407801A9F1F7F5FDD8B1B6
S214037CA02D200BB030BD9307FAD5C2F3800310071F
S214037CB04FEA8313ADF8023044BF43F48063ADF854
S214037CC00230BDF80220201D0AB10DF1020201A9FF
S214037CD002F0DDFD0028E3D001AB03CB9DF81430A2
S214037CE0A1602373BDF810306060590642BF627B03
S214037CF042F0040262735A0542BF627B42F00802F6
S214037D0062731B0742BF637B43F0020363732B4616
S214037D1006AC0AAD224603CAAA4218605960144646
S214037D2003F10803F6D10020BBE7F0B504460D4681
S214037D3093B0252200210DF12300E2F715F96368BD
S214037D4004F1040CCDF83D30A36809AECDF84130FC
S214037D502B4605F11007324618685968083303C2E4
S214037D60BB421646F7D105238DF82230637B5B01B1
S214037D7003F40073ADF820306378FF2B1AD1002389
S214037D8060461A4601A900F0D9F99DF80530FF2B85
S214037D900DD1002301A91A46184600F0CFF99DF825
S214037DA00530FF2B03D11C26304613B0F0BD9DF8DB
S214037DB0053063700020617808AA00F0B4FA06461E
S214037DC00028F1D1607801A900F03EFA2B4603ADF6
S214037DD02A4618685968083303C2BB421546F7D1CA
S214037DE0637B6078DB0648BF9DF81C3001A944BF5F
S214037DF063F07F038DF81C3000F03DFAD4E710B52E
S214037E0004468AB02422002101A8E2F7ADF8637B7A
S214037E10590744BF4022ADF810201A0742BFBDF8E9
S214037E20102042F48062ADF81020DB070FD560788F
S214037E3001A9F1F729FD10B12D200AB010BD01AB41
S214037E4003CB637B606043F00203A160637304A902
S214037E50201D02F01EFD0028EED00020EDE71FB522
S214037E60694600F066F8002818BF2D2005B05DF8B7
S214037E7004FB73B50D4614460646DFF74BF96B88CD
S214037E801A071AD522463146102002F0E3FC204694
S214037E90DFF740F96B88D90717D50023224601215F
S214037EA00DF107008DF80730DFF706FC6B88002B13
S214037EB00CBF2120002002B070BDDE06EAD52246A4
S214037EC00821281DDFF7F8FBE1E79A0701D502230F
S214037ED0E4E75B07EAD50323E0E70F2070471FB507
S214037EE00C46694600F025F8102221466846E2F75C
S214037EF087FBB0FA80F0400904B010BDB8B1B1B149
S214037F004388A3B90378013B082B10D8DFE803F0B6
S214037F100507090B0F0F0F0F0D00DFF7CFBADFF7BB
S214037F2029BBFFF776BEFFF700BFDFF7B7BC2120FC
S214037F30704738B50D4609B300B30378013B082BE9
S214037F401AD8DFE803F0050D1013191919191600CE
S214037F50DFF7ECFA0446284602F099FE204638BDC1
S214037F60DFF728FBF6E7FFF78FFEF3E7DFF758FBAD
S214037F70F0E7DFF79DFCEDE72124ECE72124EDE7AE
S214037F8070B586B0064601A80C461546FFF73CFEBC
S214037F9004238DF804301CB12068616802AB03C368
S214037FA0294601A88DF80560FFF7A8FF06B070BD47
S214037FB070B586B0044601A80D461646FFF724FEA4
S214037FC00323206861688DF8043002AB8DF81160D6
S214037FD003C3294601A8FFF791FF06B070BD002230
S214037FE0FFF7E6BF30B585B00D4669460446FFF792
S214037FF0A0FF20B92A4621466846FFF73AFF05B098
S21403800030BD30B5437B044613F001020D468BB0FA
S21403801007D0407801A9F1F737FC70B12D200BB0DB
S21403802030BD9B07FAD5ADF8022001A90DF1020277
S214038030043002F02CFC0028F0D000210E22A81CED
S214038040E1F792FFBDF810302B80039BAB60BDF8C1
S2140380501230AB819DF81430237301AB03CB606001
S214038060A1600020DBE770B5437B0446DB070E46C2
S2140380708AB003D42D2528460AB070BD69464078D9
S21403808000F04DF905460028F4D1DDF81D300E2228
S2140380906360DDF821300146A360637BB01C43F0C8
S2140380A002036373E1F760FFBDF80030069A43F0FE
S2140380B004033380059BB2607360DCE70B4610B5A0
S2140380C00446102200211846E1F74EFF2278032AC1
S2140380D009D0042A0DD0022A11D101462046BDE854
S2140380E01040DFF74BBC01462046BDE81040FFF7C3
S2140380F088BF01462046BDE81040FFF7B4BF2620E0
S21403810010BDF8B5074608460C4616461D46FFF74B
S2140381107BFD04232370637B314643F00103204633
S21403812067706373FFF705FF08B12D20F8BD294676
S2140381302046FFF7C3FF0028F8D0F6E7F8B5054654
S21403814008460C461F461646FFF75EFD04232370BB
S21403815025B108222946E018E1F758FF637B43F070
S214038160020363734EB932460121284600F0E4F851
S214038170FF28607007D12D20F8BD31462046FFF753
S214038180D8FE0028F7D1637B43F0010363730DB970
S2140381900020F1E7002FFBD039462046FFF78EFF7D
S2140381A0F6E7F8B50C460746084616461D46FFF79B
S2140381B02BFD03232046394600F8043B0822E1F74B
S2140381C025FF637B314643F0020320466373FFF7C4
S2140381D0B0FE08B12D20F8BD29462046FFF76EFFF6
S2140381E00028F8D0F6E7F8B5074608460C461646C4
S2140381F01D46FFF709FD03232370637B314643F0D7
S2140382000103204667706373FFF793FE08B12D20C2
S214038210F8BD29462046FFF751FF0028F8D0F6E7B9
S21403822018B18022012100F087B8FF207047002391
S21403823007B51A4619460093F3F776F8B0FA80F0B6
S214038240400903B05DF804FB0B4610B5192204463B
S214038250FF211846E1F788FE7E2C01468CBF04F505
S214038260C43004F583304FF01902BDE8104088BFD0
S214038270AD30D3F70DBD7E2888BF00F5C4304FF070
S214038280190294BF00F58330AD30D3F72DBD30B55A
S21403829089B00D46FFF7C4FFFF2804460DD001A999
S2140382A0FFF7D2FF2868696801AB03C3204601A91C
S2140382B0FFF7E1FF002009B030BD2D20FBE7704734
S2140382C070470020704770470F20704770479DF82F
S2140382D0000070470F2070470F207047002070473C
S2140382E00F207047002070470020704784B08DE849
S2140382F00F00002004B07047002070477047704797
S2140383000020704770470020704770470020704772
S21403831001207047704700207047012070470E20E9
S2140383207047FF2070470E2070470E2070470020CE
S214038330704770470E207047FF207047704770479E
S214038340002070477047704770470020704770479B
S2140383500020704700207047002070477047704722
S2140383600020704770470020704700207047704712
S2140383700020704710B50024E3B210B9C3F103031D
S214038380DBB20134042CCA544FEA1222F4D110BDD6
S21403839010B50B784C788A78C97828B910462246E7
S2140383A0044608461946034642EA012043EA0423E4
S2140383B043EA004010BD7047DFF794BB08B5CEF71D
S2140383C087FB002814BF8620002008BD08B5CEF71B
S2140383D04FFD003818BF012008BD08B5CEF708FDCD
S2140383E0003818BF012008BD08B5CEF78DFD00384C
S2140383F018BF012008BD08B5DFF754FCBDE80840E8
S214038400DFF702BC70B504460D461646DFF74AFC96
S2140384100420DFF7EBFB324629462046FFF7DDFF55
S21403842004460220DFF7E2FB204670BD08B5DFF7FF
S21403843039FCBDE80840CEF7BFBCDFF76BBFDFF7FC
S2140384404BBF08B5DFF748FF20B1BDE80840002062
S214038450E0F780B8112008BD10B5044608B1E0F770
S2140384605BF92046BDE81040FCF74BBF10B5044649
S214038470006A10B1616AFFF7EFFF0020C4E9080045
S21403848010BD38B50546FFF7F1FF2B7E0446012BDA
S2140384900ED0023B012B0ED8EB69012B18BF6FF0F1
S2140384A09604282200212846E1F75EFD204638BDC3
S2140384B0EB69002BF2E76FF09604F2E7182200212F
S2140384C0E1F752BD70472DE9F84F9846DDE90B49B1
S2140384D00D9B15469A0706460F4623D02A460A9B47
S2140384E003EB040A1444A24220D10D9B9B0705D537
S2140384F0A2EB050AD14505EB0A0420D82046BDE8C1
S214038500F88F434639462020B0470AF1010ACA4588
S2140385100AEB0B02F5D3A9EB04024C4588BF0022F5
S2140385202A44DCE7A246A5EB040BF0E702F1010BB5
S214038530434639461AF8010DB0475A46D3E7434631
S214038540224639462020B0470AF1010AD2E72DE930
S214038550F047DDE90D7616F0020F9DF82880DDE979
S2140385600854DDE90BCE1FD106F001094FB1B9F16E
S214038570000F06D0B8F1000F02D116F00C0F00D092
S214038580013F4FF0300A04E0202C04D005F804A085
S21403859001347445F8D3B9F1000F05D04FF0300914
S2140385A0A74201D9202C2DD116F0100F1FD016F498
S2140385B0806F2CD15CB3744501D0BC4227D1B4F193
S2140385C0010E23D0BCF1100F46D1023C16F0200F4B
S2140385D028D1202C28D04FF0780C05F804C001349D
S2140385E0202C21D04FF0300C05F804C00134202C89
S2140385F01AD0B8F1000F23D04FF02D0C05F804C0A5
S214038600013412E005F804900134C9E77446BCF15E
S214038610100FDBD0BCF1020FE2D1202C04D04FF0B8
S214038620620CDAE7202C08D12024CDE90A76CDE9BE
S2140386300854BDE8F047FFF746BF4FF0580CCCE7A9
S21403864016F0040F02D04FF02B0CD7E716F0080FE6
S214038650EBD04FF0200CD1E7BCF1020F7446C1D12A
S214038660DDE72DE9F04391B0189D1A9E1D9F0DB9C5
S21403867027F010077C0500D515B317F0200F14BF9D
S2140386804FF0410E4FF0610EAC4600250DF1200869
S214038690AEF10A0EBCFBF6F906FB19C95FFA89F4BC
S2140386A0B9F1090F94BF30347444E4B2B44508F802
S2140386B0014B05F10105BCFBF6F401D3202D10D1C7
S2140386C01C9C069705941B9CCDE903649DF86440A7
S2140386D0CDE9015408AC0094FFF739FF11B0BDE8AB
S2140386E0F083A446D6E72DE9F04F95B0269ECDE954
S2140386F00A23DDE91E74DDE9229B57EA040308BF5B
S21403870026F010067205CDE9080102D557EA0403E0
S21403871037D016F0200F14BF4123612300250DF137
S214038720300AA3F10A0821464A465B463846E1F773
S214038730AFF8D2B2092A94BF303242444F45D2B280
S21403874074EB0B0405F101050AF8012B01D3202D68
S21403875014D1259B06960593249BDDE90801CDE9F4
S21403876003939DF88030CDE901530CAB0093DDE90C
S2140387700A23FFF7ECFE15B0BDE8F08F07460C465C
S214038780D1E70025E5E708B100F014B8704710B14B
S214038790D1E900311847704738B5441E14F8015F15
S2140387A025B90A2000F006F8284638BD284600F00A
S2140387B001F8F3E701460020FCF776BB70477047E5
S2140387C0E9F7D6BA704708B5FCF73FFBCEF780F952
S2140387D0BDE80840D0F790BA704708B5CEF7C0FC9E
S2140387E0FBF775F8BDE80840DFF75CBA08B5FBF79A
S2140387F0FBFEDFF7C5FFFBF7D5FDE0F763FBE0F70E
S2140388004FFBE0F7D1FABDE80840D3F71BBA08B52B
S214038810D1F732FAFBF7B5FDD1F73AFAFBF7B3FD1A
S214038820D5F722FCD5F7C8FCD5F7D0FDBDE8084040
S214038830D5F7EEBC70477047E0F7DCBA08B5FCF72F
S2140388404FFFBDE80840FCF773BF704707B500222B
S2140388500346114601200092D4F780FD03B05DF86D
S21403886004FB07B500920B46027D81898068FDF7FD
S2140388704CFD003818BF0120C00103B05DF804FBAF
S21403888008B50020DBF778FE0020DDF709FC0020A2
S214038890D6F744F90020D6F731FC0020D7F75AF96B
S2140388A00020D9F789FC0020DAF7F4F90020DAF77C
S2140388B0E9FFBDE808400020DBF7D4B808B501207F
S2140388C0FDF73AFABDE808400120D6F717BC08B50D
S2140388D00220DBF745FF0220DBF7DEF80220DDF798
S2140388E0EDFE0220FFF7ABFD0220FDF790FC022011
S2140388F0DAF7D0F9BDE808400220DBF7D1BB7047B2
S214038900FDF7A5BF704770477047704770477047BD
S2140389107047704710B50446DBF7DCFA2046D7F7F6
S2140389202BFC2046D8F77EFB2046BDE81040FDF71B
S214038930A1BCFDF7BCBCFDF7C6BCDAF7ADBF7047FC
S2140389407047704770477047704770477047704767
S214038950704705F027BB70477047DBF737B870479B
S2140389607047704770477047704770477047FEF709
S21403897044BCFEF748BC704700207047FEF745BC72
S214038980FEF74FBC7047431E012B03D9031F584203
S214038990584170470120704700F021BC4FF4D07255
S2140389A00021E1F7E1BA70B50446E3F7B5FB0546E7
S2140389B0A8B9A169F1B1238AD3B1204604F1100204
S2140389C0E3F758FA38BBE16919B3638AA3B12046C3
S2140389D004F1120200F0CAFA78B1054603E0002358
S2140389E0A3612361E361002328466361236270BDAC
S2140389F0A061E8E72082E6E7E361216A0029F2D076
S214038A00A28A002AEFD02046E38ABDE8704000F031
S214038A106FBA6182F1E76582E561DEE711B9D0F8E6
S214038A20DC1021B1CB6813B18B68D88970474FF639
S214038A30FF707047E2F754BC10B50C461146E2F7D8
S214038A4075FCE3F7A3FE012801D1002010BD002C1E
S214038A50F7D10520FAE700F0CFB900F0E3B970B517
S214038A6000232425D0F8DC00C4689C4201D12120D1
S214038A7070BD826805FB0322D6898E4202D8128A0D
S214038A808A4201D20133F0E70020F1E7F8B5064643
S214038A900D46E1F7C1FED8B94FF6FF734FF0240C2D
S214038AA0EF68C1B28F4208D81C4621463046E2F72B
S214038AB069F800F09AFB2046F8BDAA680CFB012271
S214038AC0D4899C4202D2002CEFD023460130E8E73B
S214038AD00024F0E7C08D70470A7838B5054610467F
S214038AE0FFF751FF60B14C782046FFF74CFF38B1D3
S214038AF02243530704D42846BDE83840E2F762BE53
S214038B00212038BD10B504460878FFF73CFF58B15E
S214038B104A781046FFF737FF30B1042A04D02046C0
S214038B20BDE81040E2F76CBE212010BD00F0E8B8A7
S214038B30E3F7CEB9084600F008BBE2F70DBD38B53B
S214038B4004460D4600F08EF850B129462046E2F75B
S214038B5019F830B929462046BDE83840E2F7C4BCC8
S214038B600E2038BD70B516460C4605F078F831462B
S214038B7005462046E5F7A6FE0446284605F06AF8AD
S214038B80204670BD00F032B970B5044600200E468C
S214038B9000F027FBD4F8F0503DB1002331462046C1
S214038BA0AC46BDE870401A4660472B460122314664
S214038BB02046E2F731FF284670BD38B5044648889C
S214038BC00D4600F00EFBD4F8F0302BB929462046AC
S214038BD0BDE83840E2F72EBE022038BD00F003BBE6
S214038BE000F03CB9E2F74EBBE4F746BE70B5BDF8FD
S214038BF01060054606B16BB1334428469BB200F0BD
S214038C0077F9044620B91EB13146284600F0ABF981
S214038C10204670BD2124FBE7E4F7B4B9C0F8EC1096
S214038C2000207047E3F740B800F05EB910B4BDF813
S214038C30044001945DF8044B00F09FB80B4610B552
S214038C4014461846A1689288E1F71EFBE1680346BE
S214038C5031B1A0886288121A92B21844E1F714FB65
S214038C60002010BD0346408A18B1188A003818BF82
S214038C70012070470846E4F70BBF00F0ECBA00F09B
S214038C80EABAE5F717B9084708B5E2F743FBC0B2F7
S214038C9008BD022A01D800F0E2B921207047022A53
S214038CA001D800F0EDB921207047022A01D800F060
S214038CB0F9B921207047E3F757BE0846E3F772BEBB
S214038CC000F018BA00207047002070477047D0F8AD
S214038CD0943003F06003402B0DD0602B03D0203B71
S214038CE058425841704749B10B68012B06D9486969
S214038CF040F00100704740F20110704700207047B3
S214038D00F7B504461046D4E954C7DDE908268CEACD
S214038D10020587EA06010540194085EA0C057940F5
S214038D20C4E95451002523F4004106EA010320F068
S214038D30010043F40073024043F00203CDE90055FB
S214038D40E6F78AFC94F824309A0713D5D4F85431FE
S214038D509B050FD54FF48811204600F058FB94F876
S214038D602430024665F3410384F8243020460B463C
S214038D70E2F7A4FA002003B0F0BDF0B587B01C46B6
S214038D801746BDF830601AB90024204607B0F0BD78
S214038D90002BF9D00029F7D001AAE4F7F3F800284E
S214038DA0F2D0BDF80630A2199A42BDF80850C4BFE7
S214038DB09B1B9CB2B54212D90399AD1BADB231448D
S214038DC0A5420391ADF808500DD22A463846E1F77E
S214038DD05BFA0499621B7819E1F756FAD5E704990A
S214038DE0761B3144049122463846F5E70846E5F7F4
S214038DF009BD0220E5F754B808B5D0F8E4304BB106
S214038E001A68022A06D993F825204AB1186AB0FBD5
S214038E10F2F008BD4FF446624C210020E1F714FF40
S214038E200020F6E7D0F8E42008B57AB11368022BE1
S214038E300CD9536A13F47F4FC3F3072106D0126A83
S214038E40DBB253438B42B3FBF1F006D2002040F66D
S214038E507F424C21E1F7F8FE002008BD0346D0F818
S214038E6030010860B3F8343100208B80704790F8E7
S214038E7030310C2B14BF90F82B00FF20704738B509
S214038E800C464FF400610546E7F78AFC70B17CB1E7
S214038E9095F81E3173B94FF480724FF480712846EB
S214038EA0E7F76AFC003818BF012038BD2202F4E752
S214038EB02246F2E70020F8E74FF48071E7F770BC2C
S214038EC008B54A024FF40071E7F756FC002008BDC8
S214038ED008B58A024FF48061E7F74EFC002008BD10
S214038EE04FF40071E7F75CBC062300208B717047D4
S214038EF0B2F5805FF8B50F460646154619462ED8D6
S214038F009A422CD33F2A26D9B2FA82F40122C4F11C
S214038F101F03DBB29A4092B2AA422CBFC4F11904D3
S214038F20C4F11A04E2B20124931DDBB29C40A4B23E
S214038F30AC4212D096F8F5309BB9012096F824304F
S214038F4060F3C71386F824303846E3F72FFE002075
S214038F503762B582F8BD0022ECE70020EEE7212059
S214038F60F8E70E20F6E70846E3F740BE70B5054679
S214038F700E46144602B313883F2B1DD9B3FA83F368
S214038F80C3F11901C9B2062901D8192B12D0062933
S214038F9028BF062101238A1DD2B293403046238080
S214038FA0E3F72CFE23882846EE616B82E3F7B0FED8
S214038FB0002070BD0021EDE72120FAE710B5144626
S214038FC008460121E5F7F4FA2046BDE810400121E2
S214038FD0E5F7EEBAF8B504460E46174604F03FFE2C
S214038FE03A46054631462046E5F7A0FD04462846A0
S214038FF004F030FE2046F8BD022070470320704779
S214039000E4F746BF10B50023E3F7C6F9044608B9EC
S214039010E6F740FD204610BD704770B505460E4680
S214039020144600F0E3F831462846FFF72FFD00F01C
S214039030DDF8230704D50B2C9CBF24F00804A4B248
S21403904021462846E2F76CF900224FF40031284601
S214039050E7F792FB002070BD8021E7F7A1BB7FB541
S214039060531C05AAADF81410029202210022DBB2AB
S214039070CDE900211146E7F79DFB07B05DF804FB39
S2140390807FB5531C05AAADF81410029204210222E0
S214039090DBB2CDE9002100220121E7F78BFB07B005
S2140390A05DF804FB1FB5531C029100220821CDE98D
S2140390B000210122DBB21146E7F77CFB05B05DF821
S2140390C004FB07B591F82830009391F82B3091F8FC
S2140390D0292091F82A10E3F70DFC03B05DF804FB92
S2140390E010B50446E2F716F901462046BDE81040DF
S2140390F0E2F716B9002914BF21200020704738B5BF
S214039100054610460C46E3F77BFCD5B1D5F8E030B0
S214039110BBB15B69ABB1421ED2B2FD2A13D90A6852
S214039120013204BF6FF001020A600A68FF281A6062
S21403913007D16268013202D16FF001026260626891
S2140391405A60002038BD0128F2E738B50546E5F732
S21403915015FD04460021A878E3F7BAFC204638BD7F
S2140391602DE9F74F01251C469DF83030064601933E
S2140391700368174603F0070306339D4005F1FF38DF
S2140391800B46A1B1416804EA080BA5EB0B0A41F0B4
S2140391900059524509EB0B0114D952461846E1F71C
S2140391A073F849467A1B5A445044E1F76DF8019B1D
S2140391B02BB13C4448EA050804EA0804F46003B00B
S2140391C0BDE8F08F1846F0E737B50025144600953E
S2140391D0FFF7C6FF204603B030BDE3F78DBA002085
S2140391E0704700207047002070477047704730B5BF
S2140391F049000446056812B102291FD90339C90379
S21403920095B9E1B1B1FA81F3C3F12003C3F10F00BD
S214039210012838BF012003F01F03D940A94201D912
S21403922001384908216030BDB5FA85F339B1B1FA82
S21403923081F29B1A002BE9DC0F20EFE700210F20B9
S214039240F0E7012805D9023818BF4FF0FF30C0B247
S21403925070470120704708B5E4F774FFBDE808407F
S214039260E4F798BF38B50446FFF7F5FF0546FFF762
S214039270F2FF431BA342FAD338BD38B50D46044666
S214039280E4F760FF35B1844200D90139204601F086
S214039290030138BD844238BF0131F7E708B5012121
S2140392A0FFF7EBFFBDE80840E4F774BF0B0C23F4AD
S2140392B08053B3F5284FF7B50D468FB2064699B2DD
S2140392C016D04AF60103994214D04AF6020399428D
S2140392D012D0B1F5204F14BF04240324D6F8E0308F
S2140392E00BB1196851B9D6F8DC3093B928680EE08B
S2140392F00024F3E70124F1E70224EFE72346684658
S2140393003A46E4F7A3FFDDE90003002BEBD103B0F5
S214039310F0BD19680029E9D0234668463A46E4F7C3
S21403932095FFDDE90003002BE0D1F0E702F070BD06
S2140393300204C0F3891307D56FEA83536FEA935386
S21403934013F5007F18B206D0A3F1C8006FF4FF73BD
S2140393509842B8BF184670474FF0384359699A6920
S21403936003F500530A405A6170470E207047E6F72C
S21403937085BDE6F783BDE6F781BDE6F77FBD08B595
S2140393800846E7F7A1F908BDE6F778BD022070475F
S2140393900220704700207047012070470020704766
S2140393A00E20704700207047E3F7F0B908461146D1
S2140393B00122FFF741BB70B505460C4611461A4617
S2140393C0E7F734FA06682B462046B446BDE87040F5
S2140393D0604710B5E7F72AFABDE8104083681847D8
S2140393E0FFF710BEE3F7FAB8FFF7A9BBE2F704BE30
S2140393F070B504460D4616464FF4881100F01CF867
S214039400324629462046BDE87040E3F719BB38B517
S21403941005460C4604F023FCD5F890301C40D5F8DE
S2140394208C302343C5F88C3004F014FC211E18BF7F
S21403943001210020490238BD38B504460D4604F024
S2140394400EFCD4F890301D40D4F88C3023EA050582
S214039450C4F88C5004F0FEFB284638BD38B50446E5
S2140394600D464FF48811FFF7E7FF29462046BDE86F
S2140394703840E3F70DBB73B50D7806460C4635B397
S21403948004238DF804302379304601A98DF805307E
S214039490FFF738FB0546B8B92278A37952BB8DF897
S2140394A00430E379304601A98DF80530FFF714FB45
S2140394B0054648B923783BB161883046E2F7BAFBE4
S2140394C001213046FFF7DBFC284602B070BD294673
S2140394D0FFF7D5FC29463046FFF7F2FC294630460F
S2140394E0FFF7F6FC2378002BCAD123798DF80430D6
S2140394F06379C9E702228DF80420D3E7FFF7E0BCBF
S214039500FFF7EEBC0020704710B50446E7F728FACD
S21403951021460020E8F786F8BDE81040002000F05A
S2140395203EB970470120704708B5E8F7A9FE80F0FA
S2140395300100C0B208BD4FF0FF30FFF79EBB704777
S2140395400020704710B50C4604F0A4F8048010BD44
S21403955038B50C46154604F09DF803881DB11C4328
S214039560A1B2018038BD23EA040189B2F9E708B540
S21403957004F090F8008808BD08B504F08BF8C078AE
S21403958008BD08B504F086F8008800F00C0008BD96
S21403959008B504F07FF8008800F00C00031F58425B
S2140395A0584108BD38B5054604F074F80446284605
S2140395B0FFF7EEFF30B904F1100004F02DFD00F4C0
S2140395C0406038BD4FF40060FBE738B5054604F04D
S2140395D061F804462846FFF7DBFF014648B9103416
S2140395E02046042203F096FF2044BDE8384004F0EA
S2140395F013BDA08838BD10B50C4604F04BF8848024
S21403960010BD38B5054604F045F804462846FFF76E
S214039610BFFF014608B1201D38BD10340422204682
S21403962003F078FF2044F7E738B5054604F032F830
S21403963004462846FFF7ACFF30B904F1100004F0E7
S214039640EBFC00F4404038BD4FF40060FBE738B550
S214039650054604F01FF804462846FFF799FF01461F
S21403966048B910342046062203F054FF2044BDE8D0
S214039670384004F0D1BCA08838BD38B5054604F0A0
S21403968009F804462846FFF783FF014608B1201D64
S21403969038BD10340622204603F03CFF2044F7E78B
S2140396A008B503F0F7FF007A08BD08B503F0F2FF2C
S2140396B090F9090008BD08B503F0ECFF807A08BDF1
S2140396C008B503F0E7FFC06808BD10B50C4603F005
S2140396D0E1FF047210BD10B50C4603F0DBFF4472C5
S2140396E010BD10B50C4603F0D5FFC46010BD2DE9C0
S2140396F0F8430F468046002107F1100016469946A8
S21403970004F03CF80446D0B103F0C4FF05462046F7
S21403971003F0DCFF002102462846E0F725FC002381
S2140397202046AB7049F00401FFF70CFFA5F8048050
S2140397302EB13A46314605F11000E0F7A5FD204666
S214039740BDE8F883F8B505460F461020002104F05F
S21403975015F80446B0B103F09DFF0646204603F015
S214039760B5FF002102463046E0F7FEFB00233946EC
S2140397702046B370FFF7E6FE25B12A4601212046B0
S21403978003F0D4FF2046F8BD08B503F083FF10307E
S21403979008BD08B503F09AFF1038C0B208BD002014
S2140397A0E7F768BE08B5E8F7C3F8002008BD4088A9
S2140397B0C0F30C000330800840000430704770B5D7
S2140397C00E4605461146304603F0D8FF044635B12B
S2140397D028B103F05FFF32462946E0F717FC204620
S2140397E070BD0088B0FA80F04009704738B5058828
S2140397F00022044604F07AFC05B1258038BDF8B58E
S21403980007460D4600880021164603F07BFFB0424C
S214039810044605D129463846BDE8F840FFF7E6BFBB
S2140398200021204603F06EFFB04205D020460021FB
S21403983003F068FF0446F3E72A462046002103F0B8
S21403984075FF32462846BDE8F840002103F06EBF98
S21403985038B5044638B1002104F042FC0023014623
S2140398605D1C09B998B238BD204604F05DFC2B4652
S2140398700146F5E7F8B5058807467DB1CCB2214623
S214039880284603F03FFF8542064609D100233B8066
S21403989000222146304603F049FF35462846F8BDE8
S2140398A0214603F02FFF21460246284603F03EFFDB
S2140398B0EEE72DE9F04707888246884614465FB3ED
S2140398C0384603F003FF3D460646E4B221462846E3
S2140398D003F018FF4045814616D1214603F012FFD8
S2140398E021460246284603F021FF474504D1454555
S2140398F008BF0025AAF8005000222146404603F080
S21403990015FF3046BDE8F0878742FAD003F0DEFE47
S21403991030444D4686B2D9E73E46F2E7002201239D
S214039920C0E900237047F8B504460127002604F073
S214039930A3F923683BB904F09AF900226368012B64
S2140399400ED16360F8BD1D691F61266004F08FF9B0
S214039950012DF2D02B462D691E61012DFAD1E6E7C3
S21403996019691A610B46EAE7036823B940680128B8
S21403997003D0E8F725BD002070474FF0FF3070474F
S214039980F8B5054604F063FA012306460027A860E7
S2140399902B7304F071F92B6802467BB11C692169AD
S2140399A0A1420CBF2F6019612761104604F05FF9CE
S2140399B0012C08D0204663689847EAE76C68012CB8
S2140399C004D104F054F900232B73F8BD6169711AAE
S2140399D0B1F1004FF5D8216969602361E5E7704767
S2140399E002207047022070470020704701448842D7
S2140399F001D10120704710F8013B9342F7D00020B5
S214039A0070470821FDF7A6BF70B50146064692B01B
S214039A100020E7F7D1F9044670B9FDF796FF05462F
S214039A2001466A462046E7F71BFD6A462946204656
S214039A308DF80260E7F7CAFF204612B070BD00B586
S214039A4093B0FDF782FF6A4601460020E7F708FD5C
S214039A509DF9020013B05DF804FB00B593B0FDF763
S214039A6074FF6A4601460020E7F7FAFC9DF80000FB
S214039A7013B05DF804FBE7F7B7BC012070477FB56A
S214039A804FF6FF7101AAE8F777FF20B1BDF80C0087
S214039A9007B05DF804FB4FF6FF70F9E708B504F06E
S214039AA082FB003818BF012008BD08B51046EAF748
S214039AB037F8BDE80840EAF7F1B8704770477047D3
S214039AC07047704770477047002100B593B06A46E9
S214039AD00846E7F7C5FCBDF8060013B05DF804FBBF
S214039AE0002110B592B004466A460846E7F7B8FC6C
S214039AF000216A460846ADF80640E7F767FF12B04E
S214039B0010BD002100B593B06A460846E7F7A8FCE7
S214039B10BDF8040013B05DF804FB002110B592B045
S214039B2004466A460846E7F79BFC00216A46084651
S214039B30ADF80440E7F74AFF12B010BD704773B59F
S214039B400646E9F73FFA04463046ECF7BDF92246E7
S214039B50034600213046F7F7D7FF0546D0B1FFF797
S214039B6013FE0446284603F095FD0023E21D121A51
S214039B70294608200093D2B2FBF791FE0138C0B203
S214039B80012807D801222946304602B0BDE87040B6
S214039B90E9F74EBA02B070BD134610B50A46002167
S214039BA00446F7F78BFF014628B12046BDE8104070
S214039BB00222E9F73DBA012010BD07B5009313460C
S214039BC00A460021F7F7F4FE28B1002103B05DF83A
S214039BD004EBF5F79FBC012003B05DF804FB2DE909
S214039BE0F04F87B00C4691460746FFF7CAFC05467A
S214039BF0661C304604F010FA042D40F09080384678
S214039C00FFF7C2FD0378092203F00303012B14BFF9
S214039C100223032301212046039303F07BFC09223E
S214039C2000210546204603F075FC21788DF81700C1
S214039C3001390022204689B2FFF7C1FD04EB09086B
S214039C408346F0B14FF0010A2A460146CDF800A03C
S214039C5003980DF11703FBF722FE0228054626D1CB
S214039C60584603F033FD00222070C0B2431E009214
S214039C709BB252465946304604F0CFFA23785344F3
S214039C8023703846FFF773FC020424D498F8013097
S214039C9021789B071FD50139A1EB09013A464046B7
S214039CA0C9B2EDF72DFF23781844207013E020B9CE
S214039CB02070284607B0BDE8F08F032809D1404638
S214039CC004F0AAF920F4007189B2404604F0A6F91C
S214039CD0D7E70428D5D10125002220462178FFF7AF
S214039CE06EFD07460028E4D04FF0000801464346C1
S214039CF001224046CDF80080FBF7D1FD022819D19A
S214039D00384603F0E3FCC2B2013A207093B23946F8
S214039D1001223046CDF8008004F07FFAC9E780F0D0
S214039D20800520F0800081B23046C5F3C01504F0EC
S214039D3075F9D1E70028BCD12070BAE708B5002032
S214039D40FFF7F2FB80F00100C0B208BD0A4608B573
S214039D5001460020E9F76CF9B0FA80F0400908BD27
S214039D600020E7F767BF00210846E7F70BBC002093
S214039D70FFF7D8BB70B5044604F04EF90422002161
S214039D800646204603F0C6FB204404F045F90322AA
S214039D9005460021204603F0BDFB204404F03CF9B1
S214039DA04FF6FF730540ADB29D4214D1F30712D5AB
S214039DB006220021204603F0ADFB204404F02CF9D4
S214039DC00446E9F7A7F9844214BF02240624E9F7F8
S214039DD09BF9204070BD2046FBF77AFFC400E4B22F
S214039DE0F5E708B5FFF7C6FF003818BF012008BD22
S214039DF00120704710B50446FEF7B5FA08B9FEF71A
S214039E00B4FA03050FD40C231B2B01D1002009E061
S214039E1020FA03F1C90703F1010206D5DBB2E31A00
S214039E205842584110BD0B23F9E71346ECE710B52B
S214039E300C46098819B90846F7F720FE208001204A
S214039E4010BD08B510461A4600F0B8FABDE808403B
S214039E5004F080B870B504460D46164692B06A46BE
S214039E60E7F7FEFA6A46294620468DF81F60E7F7AD
S214039E70ADFD12B070BD10B50C46E9F727FD2046C0
S214039E80BDE81040E9F738BC0129F8B505460C468D
S214039E901DD003291ED0052920D0072922D000264D
S214039EA0002400270120E7F71FFA304485421DDA15
S214039EB00320E7F719FA2044854219DA0520E7F765
S214039EC013FA38448542B4BF07200520F8BD6FF067
S214039ED00406E5E76FF004040526E2E700266FF0C4
S214039EE00407DFE7002405272646DBE70120EDE726
S214039EF00320EBE738B5054600242046E7F7F4F9D8
S214039F000134A842E4B202D9062CF6D1072420462F
S214039F1038BD38B14379490023F00C0301F00C0136
S214039F200B434371704710B5044678B141794088B6
S214039F30490801F006010131000AFFF7A5FF0246B2
S214039F4001462046FFF7E5FF104610BD0722FBE754
S214039F5038B50D46E9F7A8FC044608B9002038BD15
S214039F60FFF7E1FF002DFAD1237913F00703F5D0AD
S214039F70984238BF1846C0B2F1E7037923F00703C7
S214039F80194301717047037903F00F0343EA011382
S214039F90037170470022EAF72BB80021012208B5A7
S214039FA0EAF726F8401A18BF012008BD38B515464B
S214039FB0FFF7F0FF0446284604F00BF984B1FF28A8
S214039FC004D0626822FA00F3DB0701D5012038BD0E
S214039FD00123834013436360E3780133E370F5E7BB
S214039FE02046F4E7EAF76EBA10B503F053FB00F128
S214039FF01004204604F010F820F4007189B22046BD
S21403A000BDE8104004F00AB82DE9FF41154601915A
S21403A01001218DF80D301B0A8DF80E309DF82C307B
S21403A0208DF80C008DF80F3028460423009103AA00
S21403A0309DF828809DF830709DF8346001F0D8FCB8
S21403A040044670B12946FFF7D6FAB8F1000F02D1DD
S21403A0502046FFF7C9FF2FB146B931462046F5F72C
S21403A06059FA0024204604B0BDE8F08100222046B9
S21403A0701146EAF7ADF9F4E74FF47A70EAF702BB54
S21403A080F0B5064687B010461C460F461546FFF742
S21403A0907BFB9DF83030184443789CB161780122ED
S21403A0A011F0020F0CBF032100210020CDE901426D
S21403A0B0CDE903100722394630460095EAF77EFBC2
S21403A0C007B0F0BD22462146EFE708B5E8F78CF95E
S21403A0D0BDE808400020EAF7ADBD00B58BB0684682
S21403A0E0EAF7ACFA009BBDF8060004A90693EAF764
S21403A0F04BFA0BB05DF804FB1FB504466846EAF757
S21403A1009DFA02AB03CB2060616004B010BD1FB59F
S21403A110062304468DF80C30EAF71CFF00238DF85F
S21403A1200D00CDE9003301210223204603AA01F0E6
S21403A1305FFC04B010BD70B50C4605460120EBF776
S21403A140FDFD237B4BB1FFF7BFFC014623462A46A2
S21403A150BDE870400120EBF7ABB94FF6FE71F5E7AB
S21403A160F8B50E460746FFF70FFB054603F054FF08
S21403A17000F44040B0F5404F14BF0022062202F11F
S21403A1800A03EB5C0B325C0004F00E045B08144419
S21403A19003F0380338461C44FFF7FBFA844208D220
S21403A1A0001BC2B20F2A28BF0F2230462919E0F738
S21403A1B06BF82046F8BD40F62740ECF7F1BC13B524
S21403A1C0F5F74AFC6946044600F0E1FF58B1FFF78D
S21403A1D07BFC40B1E8F7FCF928B10023022269466C
S21403A1E02046F2F7F9FF02B010BDFF224FF6FF71CB
S21403A1F0ECF722BF07B500210DF10700EDF7AAF82B
S21403A2009DF8070003B05DF804FB13B5044601A9E7
S21403A2100020EDF79FF8019A01462046EDF7B0F8C7
S21403A220204602B010BDF0B50F46002187B00446A5
S21403A23008461646EDF78EF8012305460DF10A008B
S21403A2408DF808408DF80930FFF756FF092C1DD10D
S21403A25031460DF1120003F0E1FE05AB002102AA20
S21403A2609B1A2846CDE90011DBB2642101F0C0FB3E
S21403A2700546E0B1092C15D1EDF7CCF8044688B1B4
S21403A2802846EDF7DBF8204607B0F0BD31460DF162
S21403A29013008DF812704FF6FF7503F0BFFE0DF135
S21403A2A01503DBE7284600F02EF80446EBE70446E2
S21403A2B0E9E77FB50D461646ADF80E0003F006FA3D
S21403A2C0841BE4B2BDF80E20631B9BB210462946DE
S21403A2D00093731901F0C0FA21460DF10E0001F048
S21403A2E093FA04B070BD38B504460D4603F08EFFEE
S21403A2F040B1AC4206D0204603F0ECFBBDE8384044
S21403A30000F0DBBF38BD10B50446FFF73DFA023058
S21403A31003F082FE4FF6F7739842204603D9BDE852
S21403A3201040EDF70DBAEDF757FAB0FA80F0400992
S21403A33010BD0022EDF728B970B50546FFF724FADD
S21403A3400646284601F078FB01462846F8F748F803
S21403A35004462846FFF739F94FF6F773984208D8AC
S21403A360337803F00303012B05D1A31E584258414B
S21403A37070BD0120FCE70020FAE741F2033330B555
S21403A38085B00D46ADF808300446FFF79DFB8DF803
S21403A3900A00FFF799FB0021000A8DF80B0005233E
S21403A3A02046CDE9001102AA8DF80C5001F020FBDF
S21403A3B010B12146FFF7BDFF05B030BD2DE9F041D2
S21403A3C0044617460D46E1B13F294FF0000600D17B
S21403A3D035462046FFF7D5F8082814D10121204634
S21403A3E003F090F9064603F071F90446304603F08D
S21403A3F051F93B4601462A46E0B2BDE8F041FDF777
S21403A4005BBB0126E5E72046FFF7BBF8024630B9FB
S21403A410BDE8F0414FF6FF71012003F0C6BD2046AC
S21403A420FFF7C0F8B0F5006F0ED12046FFF7CDF862
S21403A4304FF6FF739842014617D0002D0CBF03203A
S21403A4400520002203F0B1FD29462046EAF778F8F6
S21403A45068B929462046EEF753FE40B932462946E8
S21403A4602046BDE8F041EDF773BC0120E9E7BDE8FF
S21403A470F08137B54FF6F675FDF76AFA431E9BB2C1
S21403A480AB420446F8D8E9F70FFA0028F4D1694638
S21403A4902046E8F7FDFC0028EED0204600F0DCFF5F
S21403A4A00028E9D12046FFF778FD0028E4D12046AE
S21403A4B0EEF79AFE0028DFD1204603F0A7FE002819
S21403A4C0DAD12046FDF75AFA0028D5D1204603B044
S21403A4D030BD73B504460E46EEF786FE054688B9CC
S21403A4E02046EEF7DBFE21462B460D224FF6FD7087
S21403A4F0009500F056F83146204602B0BDE870409D
S21403A500EEF78EBE02B070BD37B5054614460C296D
S21403A51014D8DFE801F02C132C13131307131313AB
S21403A520132424006946E8F7B3FC18B901216846EA
S21403A530F3F734FA41202946F8F7F8FBD4B120465E
S21403A540FFF722F9023003F067FD4FF6F7739842E0
S21403A55010D9204603B0BDE83040EDF709BB40F6FE
S21403A560144040F613430B2908BF1846E3E7F6F7F3
S21403A570FFFDE3E703B030BD1FB5034608460321DE
S21403A5808DF80D308DF80C1001230021ADF80E2048
S21403A590CDE9003103AA042301F02AFA05B05DF8D9
S21403A5A004FB2DE9F34106460F4614461D469DF867
S21403A5B02080FFF789FAB04207D1002221463846A9
S21403A5C002B0BDE8F041FFF79FBF3A46314620464A
S21403A5D0FFF7D2FFADF8060060B10D2C05D10022BF
S21403A5E04FF6FF71282003F0E0FC35B9BDF80600EE
S21403A5F0FFF789FE02B0BDE8F081012342462946F3
S21403A6000DF10600E7F744FEBDF80630002BEDD14A
S21403A610F0E7F7B50C460546FFF7B6F8611C0646A5
S21403A6202846F7F7DDFEA11C0746284601F027F962
S21403A630014604463846FDF7D7F90D2F34D1204698
S21403A640EEF7D2FD78B1301D03F0E6FC044628464B
S21403A650F679FEF7FCFF31460246204603B0BDE816
S21403A660F040FFF7A3BCB01C03F0D6FC4FF6F7731D
S21403A670984202D92846EDF77BFA2046EEF70EFEFF
S21403A680FFF722FAA04205D1002003B0BDE8F04050
S21403A690EEF748BE6B46B068F16803C369462046CA
S21403A6A0EEF7BEFD03B0F0BD2A463946204603B09A
S21403A6B0BDE8F040FFF728BF14220021DFF754BCA3
S21403A6C02DE9F04F11F00F0704460E4615468FB0DE
S21403A6D05CD10120DDF7C6F809A8FDF795FA092332
S21403A6E009A88DF82430FDF793FA09A8DDF78CF84E
S21403A6F001A909A8FDF71DFC26F00F08A84404F1DC
S21403A700100904F10F0A454511D1236901A9334401
S21403A710236109A8FDF7F2FB0020DDF7A3F8B6F1E5
S21403A720005F28BF272738460FB0BDE8F08F05AA7D
S21403A730234696469446186859680833ACE80300DF
S21403A7404B456246F6D12B46224605F1100B53F8CD
S21403A750041B5B4542F8041BF9D1714609A8FDF7B3
S21403A760CDFB09A8DDF750F8224621460120DDF788
S21403A77035F8013D631E13F8012F15F8011F5345E5
S21403A78082EA01021A70F6D15D46BCE70227CAE7E1
S21403A790F0B5174685B005460C46102200216846DC
S21403A7A0DFF7E2FBBFB3C4B30F2C04F00F0608D9E0
S21403A7B024F00F043A4621462846FFF781FF40BBA4
S21403A7C02744324639466846DFF75EFD80222F6906
S21403A7D006F1100337446B44B7F5005F03F8102CFB
S21403A7E02F61C6F110061AD3062E1FDDFB001A0EC4
S21403A7F08DF80A201A0C5BBA8DF80B20ADF80C30D6
S21403A8006A4610212846FFF75BFF00202B69103BA2
S21403A8102B6105B0F0BD3E46D8E72646D6E7022EA6
S21403A82004DDFB005BBAADF80E30E9E76A4610219B
S21403A8302846FFF745FF2B691022A3F110040021D9
S21403A84068462C61DFF790FBB7F5005F4FEAC40359
S21403A850CDD2E7E770B50E46054686B001A8144686
S21403A860FFF72AFF3246294601A8FFF791FF224643
S21403A870054601AB05AE1C4603CCB44210605160DE
S21403A880234602F10802F6D1284606B070BDEEF75D
S21403A890E7BD0A460021EEF7E3BDF0B58BB00C46E4
S21403A8A001A9EEF7DDFD054680B325220021E01C55
S21403A8B0DFF75AFB0123A3700E23BDF81070238025
S21403A8C0FA0510D523464FF4877206AE23F8042BF9
S21403A8D00DF1280C324603CA6245186059601646C5
S21403A8E003F10803F6D13B0605D5238843F080031E
S21403A8F02380069B636001AB03CB039BC4F81D0058
S21403A900C4F82110A361F0F7B7F8606128460BB0CE
S21403A910F0BD30B505460C4687B001A8FDF774F9BF
S21403A9202868696802AB03C39DF8113043F002023E
S21403A9308DF8112074B12288510644BF43F00603F4
S21403A9408DF81130530542BF9DF8113043F00803CC
S21403A9508DF8113001A8FDF752FAB0FA80F04009DD
S21403A96007B030BD70B58AB00D46002201A9044673
S21403A970EEF776FD88B1204604A9FFF7CAFF60B15B
S21403A980BDF81060FFF7A0F838B9720601D5730555
S21403A99003D529462046FDF793F80AB070BD2DE986
S21403A9A0F3410F460546164602F090FE4FF00008A8
S21403A9B0C41BE4B2294623463A463046CDF8008007
S21403A9C003F02BFC0121284602F09CFE88B10121EE
S21403A9D0284602F097FE074602F078FE0546C3B205
S21403A9E0424630193946CDF8008003F016FC25445C
S21403A9F0ECB2204602B0BDE8F0812DE9F04F85B0F9
S21403AA000C46054691461F464FF0010ADDF838808E
S21403AA109DF83CB002F05AFE22463B4629460646BF
S21403AA20CDF800A0484603F0F8FB5146284602F04E
S21403AA3069FE3C4418B35146284602F063FEF6B25C
S21403AA40B442814610DAE7B2F31BDBB24046224635
S21403AA502946CDF800A003935F4403F0DEFB039B77
S21403AA60BF1B984407F0FF0B012300220E934946B1
S21403AA705B46404605B0BDE8F04F03F0CEBB5B46F1
S21403AA8022462946CDF838A0F3E72DE9F041002603
S21403AA9086B0074608460C4615469846CDE9026634
S21403AAA004968DF8146002F011FE411BCBB20D2BF9
S21403AAB028BF0D232A462146009602A803F0ADFBC5
S21403AAC0424602A93846EEF745FF06462946204683
S21403AAD09DF80820F7F798FC304606B0BDE8F081ED
S21403AAE02DE9F04F0E46CBB00121054617461C460E
S21403AAF002F008FE23463A462946814606A8FFF793
S21403AB00C4FF0DF1280A00EB070B524631462846D0
S21403AB105FFA8BFBFFF743FFB34503D200204BB02E
S21403AB20BDE8F08FABEB06085FFA88F808F104037C
S21403AB309842F3DB331F18440423C4B20193A31BC8
S21403AB40DBB20093524643460021CDF808A006A880
S21403AB50DCF7F8FD0028E1D1A4EB0B040AEB0803AD
S21403AB60E4B2524628463146009301944346FFF723
S21403AB7044FF39462846F7F733FC394600F0F80217
S21403AB802846F7F741FC0121284602F0BBFD0028C2
S21403AB9018BF4D462846ADF8165002F097FD011F24
S21403ABA0C9B20DF1160000F02FFE0120B7E72DE91C
S21403ABB0D841064600F040FF411C044689B23046A1
S21403ABC000F00DFF98B394B321463046F7F708FC20
S21403ABD000F00C03042B074629D000F00308B8F155
S21403ABE0020F00D11BBB384600F0AFFF3B06044400
S21403ABF0A4B216D5611C304689B200F0F0FEB0B19F
S21403AC0021463046F7F7ECFBB8F1010F014600F09A
S21403AC1003030CD0032B0AD0384600F0A5FF031914
S21403AC209CB221463046BDE8D84100F0D8BE00208D
S21403AC30BDE8D881F8B5064600F0C0FE05460446D2
S21403AC403046FEF7A1FD43785B0718D5AC1CA4B2CB
S21403AC502146304600F0C3FEB8B129463046F7F722
S21403AC60BFFB0746691C304689B2F7F7B9FB1FB12D
S21403AC70874201D8FF2808D104EB4704A4B2214633
S21403AC803046BDE8F84000F0AABE0020F8BD13B574
S21403AC90044601A8EFF7B6F8BDF80430DA0710D477
S21403ACA09B0707D410220021204602B0BDE81040BF
S21403ACB0DFF75AB9224621461020FFF7CBFD0028BE
S21403ACC0F0D102B010BD024608B5EFF7C3F8510540
S21403ACD044BF0838C0B2130544BF0838C0B208BD25
S21403ACE0F0B5D30705460C468BB04AD5008800F06E
S21403ACF0A3FE00230646029314B9CDE9034403AC2E
S21403AD00002208212046FEF771FEA8B12888FEF728
S21403AD103BFD023003F080F921460746E8F7B8F812
S21403AD2050B1002240231146384600F01DFA40F683
S21403AD30094528460BB0F0BD31462888F7F750FB87
S21403AD4010F0030F0CBF01260026EEF7CDFB46EAF4
S21403AD504000C0B200900021204602AB05AAF0F7DF
S21403AD60E3FA0546EEF7C0FB0028E2D0002DE0D05C
S21403AD7000212046009602AB05AAF0F7D5FA054651
S21403AD80D7E740F60A45D4E700231A46F0F726BA73
S21403AD9030B58BB005AD04462846FCF735FF0223D5
S21403ADA0284601A98DF81430FDF7C3F8234601AAF7
S21403ADB0144603CCAC4218605960224603F10803DC
S21403ADC0F6D10BB030BD08B5002302461946184627
S21403ADD0F0F704FA012008BD37B504466846F0F7D5
S21403ADE075FA054648B1082221466846DFF708FC8F
S21403ADF0B0FA80F0400903B030BDFF220821204698
S21403AE00FEF7F4FD034628B106212846FFF7BCFFEC
S21403AE100120F0E722460146F0F7E0F9F8E707B528
S21403AE206846F0F753FA10B16846FDF700FA00F0EB
S21403AE30010003B05DF804FB0120F0F781BF704703
S21403AE4037B504460846FEF7DCFB0546FEF73CFE30
S21403AE5000230146009322462B460120F6F7ACFA60
S21403AE6003B030BD30B50124054689B003A8FCF70E
S21403AE70CBFE01A88DF80C40DCF724FD9DF80620D8
S21403AE809DF80730AA4209D0AB4209D103A88DF832
S21403AE900D40DCF7B9FC012009B030BD0024F5E70E
S21403AEA00020F9E700221021FEF7A0BD7FB50D466E
S21403AEB000F582300D22694600F58070D0F7E8FE73
S21403AEC06B462A4602AE1C4603CCB4421060516061
S21403AED0234602F10802F6D1206810602379137125
S21403AEE000236B7304B070BDF0B585B06A460546A3
S21403AEF00B46164601F108071446186859680833C6
S21403AF0003C4BB422246F7D118680D2220601B7982
S21403AF1005F582303146237100F58070D0F7E4FEE4
S21403AF2005B0F0BD38B504460D46DBF78FFFA042EB
S21403AF3005D920462946FFF7B9FF002038BD28204B
S21403AF40FCE730B5002485B08DF80040DBF77EFFC4
S21403AF50E5B2A84204D8F2F785FB002005B030BD61
S21403AF6069462846FFF7C0FF0134EFE738B50446C5
S21403AF70002002F07FFDFF2805460FD002F002FEF8
S21403AF8010F0010009D0284602F0FCFD400840EA14
S21403AF90C17080F0010000F0010038BD04F001002C
S21403AFA0FBE70146F8B506460020F2F795FAFF28B8
S21403AFB001D00120F8BDDBF739FF00240546871CC6
S21403AFC0DBF738FFE3B2984201D80020F2E735F802
S21403AFD02430B34203D117F82430002BE9D10134CF
S21403AFE0EEE738B50D460121044602F08BFB30B17F
S21403AFF00121204602F086FB2880012038BD20462A
S21403B0002C8000F00EFE0130C0B2F7E72DE9F047C2
S21403B01088B00746894610460DF10A011D4690463C
S21403B020FFF7DFFF4FF0000ABDF80A60044630461C
S21403B030CDE905AACDF81BA002F048FB031BDBB243
S21403B0400B2B28BF0B2322463146CDF800A005A8BC
S21403B05003F0E3F848F21F039D4243D00BD885F470
S21403B0600043012B15D923464246494628460097F6
S21403B070FDF730F933E048F23A039D42F3D1FEF789
S21403B08023FDB8422BD02246414605A8FDF757F9C3
S21403B09025E09DF8143013BBBDF81D40DDF8150000
S21403B0A0DDF8191003AB03C3204603A9DCF7F0F859
S21403B0B00122204603A9EEF769F9A74206460ED0F9
S21403B0C0012103A8F2F76AFC48F201039D4206D168
S21403B0D02EB9334632463946204600F046FE08B0BF
S21403B0E0BDE8F0879DF81450002DF8D12F469DF843
S21403B0F015800234EAB24245F1D2D200D2B22244DB
S21403B1000823314692B2009703A8CDE9037703F0EC
S21403B11084F803A8F4F7D0FC02F0DCFC00F0CDF8CA
S21403B1200135E7E708B5E7F75FF9BDE80840F2F74A
S21403B13073BE10B50024418084800480C2800381DE
S21403B14010BD13B5BDF81040CDE900340023F2F767
S21403B150CBFF02B010BD13B5BDF8104001900094AC
S21403B160F2F7C2FF02B010BD07B500930123FFF745
S21403B170F2FF03B05DF804FB0123F3F75BB801218C
S21403B180F4F7C8B901464FF6FF70F4F7EBB810B5FD
S21403B1900C4602F09FFCFF2808D0F4F775FC20B19C
S21403B1A00368236043680120636010BD0020FCE74A
S21403B1B010B50446FEF7F6F9B0F5006F204605D144
S21403B1C0FEF703FABDE8104002F084BCFEF719FA56
S21403B1D0BDE8104003F016B808B502F07BFCFF2864
S21403B1E00CD002F0CFFC10F0010309D0400840EA6F
S21403B1F0C17080F0010000F0010008BD0020FCE7EC
S21403B2001846FAE71FB500F582300B2201A900F5B0
S21403B210C070D0F73DFD9DF80E0005B05DF804FB49
S21403B22030B589B001F0010503A90446F5F74EF8D9
S21403B2309DB190B9204602F0A5FC10F0010109D09B
S21403B240204602F09FFC430843EAC17383F00103E0
S21403B25003F0010103A8F2F7A1FB2046F5F7CEFFA2
S21403B2609DF81430294600932046BDF8162003ABFC
S21403B270FCF79EFB09B030BD7FB50C460546F4F7D8
S21403B280EBFBA04217D04FF6F7739C4213D805F595
S21403B290823606F5C0760B2201A93046D0F7F8FCB5
S21403B2A001A90B223046ADF80C40D0F71DFD214610
S21403B2B02846F4F723FC04B070BD10B50446DBF74C
S21403B2C0CBFDA0420FD92046F4F7C6FB4FF6FF731B
S21403B2D0984208D020460021FFF7A2FF2046BDE88B
S21403B2E01040F5F74DB810BD10B50446FEF7ECFB5D
S21403B2F00023024619462046BDE81040F5F79AB9E2
S21403B3002DE9F04114460F4605469846FEF73CFAEB
S21403B3100646043002F080FE20802846FEF797F9A2
S21403B3206080B379791CE372C9B22846F7F758F8F8
S21403B330B91CA072C9B22846F7F752F8FE1C207251
S21403B340F6B2B8F1000F18D03146284600F097FA47
S21403B3500537FEB23146A080284600F090FAB11CAD
S21403B360E080C9B22846F7F73BF86072217AA088D6
S21403B3700122BDE8F041F5F77DBE2088EAE72DE916
S21403B380F04186B090461E4604460D46FEF79CFBEB
S21403B3904FF6F7739845074632D80523A0428DF833
S21403B3A00C304FF0010214BF012300234FF00001BD
S21403B3B018BF8DF80D30CDE9002114BFADF80E008F
S21403B3C08DF80D30284614BF0423022303AA00F089
S21403B3D00FFB0546A0B1A7421AD0FEF7D5F90746DC
S21403B3E021460430803E02F019FE2046FE7104A971
S21403B3F0FFF7CDFE40B9204604A9E7F75DFA18B972
S21403B400002006B0BDE8F081284604A900F07EFBC4
S21403B41041462846FEF78DFFF3E7037923F003033F
S21403B420194301F03F010171704707B50DF107019C
S21403B430F5F7C6FC03B05DF804FB08B5FFF7F5FFA8
S21403B44018B1BDE80840F5F70BBD08BD00224FF65E
S21403B450FF701146F5F70EBE10B50446FFF7E5FF7D
S21403B460024638B901462046F5F704FE003818BFF1
S21403B470012010BD0120FCE7F8B5174604460E462A
S21403B480FFF7D3FF0546386068B1037903F003037B
S21403B490337023B93A68137903F03F0313713B689B
S21403B4A05C882046F8BD01462046FEF751FD074658
S21403B4B028B1E8F707FC874201D83570F1E7314633
S21403B4C02046FCF701FF0028EBD003234FF6FF745A
S21403B4D03370E6E707B501AA0DF10301FFF7CCFFCA
S21403B4E09DF8033053B9019828B1037913F0300F50
S21403B4F014BF0120002003B05DF804FB0020FAE728
S21403B5002DE9FF410646104688461546F4F7D4FA59
S21403B5100746FEF7D9FA044648BB4FF6FF739E422A
S21403B52025D09F4206D00146384604B0BDE8F04118
S21403B530EBF792BE07238DF804302B680246CDF84E
S21403B54005306B68092101A8CDF80930FEF737F9F5
S21403B550024618B9192004B0BDE8F081012341461C
S21403B5603046F1F7E3F80028F4D02046F3E702204C
S21403B570F1E72DE9F04390460F4606464FF00109E2
S21403B58091B00BA803ADFCF73FFB07AC29460BA80D
S21403B590ADF82C90FCF7CDFC95E80F0084E80F007F
S21403B5A04B46002239463046CDE90048F1F7DAF932
S21403B5B011B0BDE8F0832DE9F04F002785B0814632
S21403B5C00C467E2039469846BDF83CB09DF844A00C
S21403B5D0BDF84C500192ADF80E7002F0CFF8064657
S21403B5E0002800F0AA8002F055F839467E22DEF7DE
S21403B5F0BBFC304602F04EF80090304602F04AF8A4
S21403B600B9F1FF0F0CBF274644F003073B0A14F4B7
S21403B6104062077043705FD14FF00808C31C18469A
S21403B62042460199DEF7F2FC034604F440444344E1
S21403B63084B1790606D419464FEA1B2201F802BBE9
S21403B6405A700B46B4F5004F56D0A4F54042544208
S21403B6505441E400224618460E99DEF7D7FC009ABA
S21403B66003462044A0EB02085FFA88F89DB14FF426
S21403B6707C521A53841C284602F00CF8834628464C
S21403B68002F024F8C5B22A4659462046DEF7FCFDEA
S21403B69060190235EDB2B9F1FF0F2FD0524610995B
S21403B6A000F8019BDEF7F0FD08F101015AFA81F17B
S21403B6B029443046E6F782FD0C210022FF0007F0FE
S21403B6C0800710463943FEF73DF8ADF80E00E8B99B
S21403B6D0002005B0BDE8F08FB2F5006F80F8038058
S21403B6E04FEA182880F8048000F1050314BF4FF0D2
S21403B6F008084FF0020892E70224ABE708EB0A01BA
S21403B70029443046E6F75AFD0821D6E7304601F0CD
S21403B710C1FF0446304601F0D9FF01230246214605
S21403B7200DF10E00E6F7B4FD0028D1D10121BDF8D6
S21403B7304820BDF80E0001F0F9FFBDF80E00C8E77B
S21403B74010B50C46098821B90846F6F797F9208004
S21403B75008B1012010BD0220FCE72DE9F047804622
S21403B7600F460646002402F1FF39BC4202D219F8FE
S21403B770015F25B9A6EB080080B2BDE8F0879A46BC
S21403B780A5F13102012A5AF8041B10D83246322D8D
S21403B79002F8011B06D10134A4B2A74232D3091220
S21403B7A0B21C7170013453461646A4B2DDE7342D3D
S21403B7B00CD10334BC42DDDA0B0A317073700B0C08
S21403B7C0090EB370321DF170A4B2EBE7A5F1330294
S21403B7D0062A0DD8303DADB22B19BB42CADA2A462B
S21403B7E03046013CDEF712FC15FA84F47219EBE7D7
S21403B7F0A5F14102062A01D8373DECE79D8803F1FF
S21403B800080AE9E71646B5E770B5054600880C460C
S21403B81001F05CFFA04228880AD201F057FF0023FC
S21403B820221A19462846BDE8704092B2E6F730BDA4
S21403B8302146E6F7C3FC002070BD38B5054601F087
S21403B84029FF0446284601F041FF00220146204610
S21403B850BDE83840FDF7B3BFF8B516460C461D469F
S21403B860BDF8187001F016FF0444304601F012FFCD
S21403B8703A4641192046BDE8F840DEF7C7BB70B527
S21403B8800C46013189B20646F6F7AAFD214605465F
S21403B8903046F6F7A5FD00EB052080B270BD1FB558
S21403B8A00123ADF80C2000930A460223014603A8A1
S21403B8B002F0B3FC05B05DF804FB0FB437B5069D84
S21403B8C00021A8B201F05AFF044601F0E3FE2CB1B2
S21403B8D0002207AB0193D1B28D4205D8204603B0B0
S21403B8E0BDE8304004B0704753F8041B815401325E
S21403B8F0F1E773B504460D4640200021164601F0D5
S21403B9003DFFADF8060001F0C5FEBDF8063013B9DD
S21403B910002002B070BD402133462A462044FFF77C
S21403B9201CFF211889B20DF10600FFF76DFF0028F2
S21403B930EED1BDF80600ECE70EB403B503AA52F841
S21403B940041B0192FFF7D5FF02B05DF804EB03B0CA
S21403B95070472DE9F7430F4601218146164601F04D
S21403B960D1FE054658B1FFF768FF308088B92846F0
S21403B97001F0ACFE68B1192003B0BDE8F083484679
S21403B98001F0A4FEFF2FA0EB0704E4B214D014B911
S21403B99034800020F0E72A4621462846FDF70FFFAD
S21403B9A080460028E7D03B464A4629460094FFF7E0
S21403B9B053FFA6F80080ECE70120DDE708B5FDF7A6
S21403B9C0E3FE437803F001001A074CBF103008303B
S21403B9D0DB0644BF0830C0B21030C0B208BD10B595
S21403B9E00C4601F073FEA04234BF0020012010BDB8
S21403B9F07FB514460091024641F2092141F609201B
S21403BA009DF820601D46002E18BF0146099B0020A6
S21403BA10F6F70EFDADF80E0010B9002004B070BDA9
S21403BA2001232A4621460DF10E00E6F731FC0028D5
S21403BA30F3D1BDF80E00F1E738B50546FFF7BEFFB4
S21403BA400446284601F042FE631C9BB283420FD88D
S21403BA502846FDF799FE43785B0707D52146284617
S21403BA60F6F7BEFC013004EB4004E4B2204638BDD2
S21403BA700024FBE71FB5ADF80E0001F027FE0446D1
S21403BA80BDF80E00FFF7D8FF00F10E03DBB2BDF8DA
S21403BA900E200146E01A80B200901046FFF7DCFE47
S21403BAA0A4F10E0189B20DF10E00FFF7ADFE04B04E
S21403BAB010BD4278034612F0080006D0D20702D41F
S21403BAC003F10800704703F10900704737B50546D0
S21403BAD00C46FDF759FE437813F0100212D09CB1C2
S21403BAE003F001021B074FF000032946009320468C
S21403BAF04FF0080354BF1832203202F08EFB0120A9
S21403BB0003B030BD1046FBE72046F9E773B505469C
S21403BB100C46FDF739FE437813F0100211D094B1AA
S21403BB20012603F001021B0729464FF008032046AF
S21403BB3054BF18322032009602F06FFB304602B034
S21403BB4070BD1046FBE72046F9E700F00303012B20
S21403BB5008D0C30606D400F00C000C2814BF082037
S21403BB600920704702207047034611F0030005D0F2
S21403BB7003F00303022B14BF022003207047F8B51B
S21403BB800C46064601F0A2FD631C834202D900253B
S21403BB902846F8BD21463046F6F722FC0746FFF74F
S21403BBA0D4FF3B060546F3D50444304601F08EFD2C
S21403BBB0A4B2631C9BB28342E9D821463046F6F70B
S21403BBC00FFC01463846FFF7CFFF2844C5B2DFE730
S21403BBD070B506460D46FFF7D2FF044610B900249B
S21403BBE0204670BD29463046F6F7FAFB8206F7D59F
S21403BBF0304601F06BFD2544ADB26B1C9BB283420D
S21403BC00EDD829463046F6F7EBFB00F01803082B71
S21403BC1014BF05340634E4B2830644BF0834E4B2E2
S21403BC20DEE738B50546FFF707FF044608B90020E8
S21403BC3038BD01462846FFF7CBFF0028F7D020443F
S21403BC40C0B2F5E72DE9F04387B005460C46FDF78D
S21403BC509BFD804602F0E0F907462846FFF7ECFE18
S21403BC60064601462846FFF78AFF0022034600924F
S21403BC702946324602A802F0D0FA9DF8086006F07C
S21403BC800C030C2B06F003090BD0B9F1010F59D0A6
S21403BC90F10657D49DF809300DF10A0500206371AB
S21403BCA007E0FF230DF10900637102F0B5F90DF10A
S21403BCB00B05208198F80130DA0704D508F1020055
S21403BCC002F0AAF92081B9F1010F5FFA89F83DD095
S21403BCD0F3063BD4284602F09FF96080A81C02F0C6
S21403BCE09BF9053515F8013C208023712B78B006A7
S21403BCF0A37206F0400348BF43F02003390627D556
S21403BD0043F40073F80448BF43F48063390548BF1F
S21403BD1043F400633206E38011D56A7812F0030217
S21403BD200DD06FEA43436FEA5343A978B8F1020F85
S21403BD30E3800B4611D1EB7841EA0321218107B05A
S21403BD40BDE8F083FF230DF10905A7E7FF23CCE742
S21403BD507A0648BF43F48073D4E7012A04BF0B0274
S21403BD609BB22381EBE7F7F73FB80BB1F7F7A8B819
S21403BD700AB9F7F721B9FF21F7F74AB8431C08BFFA
S21403BD800020DFF7A7BB0000034B5868C0F308008A
S21403BD90003818BF0120704700ED00E0014B18681B
S21403BDA0704700BF0C630020084B1B6F03F00703AC
S21403BDB0022B04D0032B05D0012B05D0FEE7044B42
S21403BDC018687047034BFBE7034870470080005032
S21403BDD00C63002014630020002D310108B5FFF723
S21403BDE0E3FF054B1B6FC3F301330133B0FBF3F0E3
S21403BDF0024B186008BD00BF008000500863002097
S21403BE000048704700B4C40400487047002D310151
S21403BE10014B1868704700BF14630020174A9368E5
S21403BE20C3F304430C2B0AD8DFE803F00B09090914
S21403BE300909072119091B1D1F0011487047002017
S21403BE407047936803F04073B3F1807F11D0B3F16A
S21403BE50007F10D0002B0B4818BF002070470A48FD
S21403BE6070470A4870470A4870470A4870470A48A6
S21403BE7070470A4870470A48704700BF0040015A97
S21403BE80405DC60000093D00C0EA210180BA8C016E
S21403BE900048E801005A62020024F40080841E0071
S21403BEA040420F00014B1868704700BF1063002024
S21403BEB007B500F065FC6A4600F0C2FC18B14721DE
S21403BEC0034801F0CBFFDDE9000103B05DF804FB96
S21403BED0FCE803000229F8B596BF104B00245C5C0F
S21403BEE0012805460E4608D0022809D008B944F0B2
S21403BEF002040B4B1F6837B9F8BD44F00804F8E793
S21403BF0044F02004F5E77B681A68144203D03146F0
S21403BF1028465B6898473F68EDE700BF3A80040011
S21403BF202038002038B5104D2B78ABB10F4C237852
S21403BF301BB100F031FA00232370002001F0A1FFAB
S21403BF400B4C50B100F07AFA0023012120782B70B5
S21403BF50FFF7C0FF0123237038BD0122054B1A707B
S21403BF602278054B1A70F7E7085900200659002077
S21403BF700D590020095900200A5900200E490B7854
S21403BF80FF2B01D198B170470BB990B970470028C1
S21403BF9014BF0122FF2213440B7060B1074B1B78BA
S21403BFA0012B08D9064B1B782BB9FFF7BBBF1A46E4
S21403BFB0F1E70122EFE770470C5900200D590020E6
S21403BFC00959002010B501F04AFE064B04461B78BB
S21403BFD01BB1BDE8104001F03DBEFFF7A3FF2046AE
S21403BFE0F7E700BF0559002002282DE9F04147D0A6
S21403BFF029480378FF2B41D1002941D11A4613441F
S21403C000DBB2037000293BD0244E3278012A37D99D
S21403C010002B3ED001F023FE214F04463B780BB3A2
S21403C020204D2B781BB901222A701F4A1370DFF8A4
S21403C0307C8098F8003023B100F0AEF9002388F82E
S21403C0400030204601F006FE012001F01AFF01F041
S21403C05006FE2B7804461BB100F0F0F900232B7084
S21403C06000233B70204601F0F5FD01243078A04202
S21403C07006D02146FFF72EFF347001E013B931B91D
S21403C080BDE8F081002914BF0122FF22B7E7012291
S21403C090B5E70224EAE700BF0C5900200D5900203B
S21403C0A00859002005590020095900200659002088
S21403C0B02DE9F04385B0EFF3108572B6AFF3008039
S21403C0C001F0B4FF002800F09280624E624F33788E
S21403C0D023B10020FFF752FF00233370387878B976
S21403C0E003A900F01DFB044650B95C4B039A1B687A
S21403C0F09A4200F284800120FFF740FF0123337049
S21403C1003B78002B40F09980554B1B78002B00F0B2
S21403C11091804FF00208534CDFF868912078404531
S21403C12007D099F8003013B94146FFF7D3FE84F8D9
S21403C1300080B8F1020F0FD1DFF8248198F80030A1
S21403C14053B9494B1B7823B900F020F90122474B1A
S21403C1501A70012388F80030207800F0F7F899F871
S21403C160003013B1424B1B782370AFF30080284690
S21403C17001F082FEEFF3108572B63E4B1A7852B189
S21403C18000221A703A4B20781B78984203D101217B
S21403C1902170FFF79FFE384800F082FA01F05AFF3D
S21403C1A08046002893D12E4F3B789BB189F8000038
S21403C1B0DFF8B89099F800301BB100F0EDF889F875
S21403C1C00080002001F05DFE002839D000F036F92B
S21403C1D000233B70337823B10020FFF7CFFE002304
S21403C1E0337000212078FFF775FE00232370AFF32A
S21403C1F00080284605B0BDE8F04301F03DBE1F4B66
S21403C200D3F8008000F048F9039B80449845BFF4B8
S21403C21072AF00F03BF98200039942F0020292B239
S21403C220CDE900422346164AA1EB0801124801F065
S21403C2302AFE65E700F09CF86BE74FF001086AE713
S21403C240012000F083F8284601F016FEEFF3108570
S21403C25072B6B6E7075900200C590020283800208C
S21403C260085900200D5900200B59002006590020BC
S21403C2700A590020035900202C38002024380020B7
S21403C280C5BF03000959002010B501F0E8FC0022E1
S21403C290054B1C781A7001F0DDFC00F005FBE4B2D8
S21403C2A02043C0B210BD00BF0459002038B501F0CA
S21403C2B0D6FC094B05461B78012B04D801F0CAFCB3
S21403C2C00024204638BD054B1C6800F0E5F80444FE
S21403C2D0284601F0BFFCF4E70D590020243800205F
S21403C2E01549164A0B6F10B503F007031360144A7B
S21403C2F0144C9269032B02F00200C2F34002227030
S21403C30017D0D1F8203103F00703022B11D0D1F850
S21403C310803203F001030C4A137048B143B9064B4D
S21403C320D3F8003103F00303591E4B424B411370FD
S21403C33010BD0123EFE700BF0080005088380020BF
S21403C34000C001501259002013590020012805D0BF
S21403C3500238012808D80020CDF728BA034A136903
S21403C36023F00403136130BF704700BF00ED00E005
S21403C370044B054AD3F8203103F007031360F7F79D
S21403C380ABBF00BF00800050903800200122014B55
S21403C3901A70704711590020F8B51F4B1B78002BF5
S21403C3A039D01E4C2378B3B91D4B9A6DD10302D5F1
S21403C3B0DA6D92072FD49B6DDB072CD401F0A6FD14
S21403C3C0184B194A1860136F23F0070343F003034F
S21403C3D01367FFF703FD01F099FD124B134D1B681E
S21403C3E0134EC01A2B78134F56F8232046F8230013
S21403C3F0111A3A681048521A0A213A600932B2FBF7
S21403C400F1F20133DBB20260B3FBF1F201FB12334C
S21403C4102B7000232370F8BD1359002010590020F9
S21403C42000C0005080380020008000500F590020C4
S21403C43058380020543800205038002008B5F7F745
S21403C4404CFF0D4A0D49136F096823F007030B438E
S21403C45013670B49D2F82031096823F007030B430F
S21403C460C2F82031074B1B7813B10122064B9A62A0
S21403C470BDE80840FFF7B2BC0080005088380020B3
S21403C480903800201359002000E00050014B187824
S21403C490704700BF13590020054B187818B1054B99
S21403C4A0186800EBD000044B1B681844704700BFA5
S21403C4B013590020503800208438002008B50D4B4F
S21403C4C01A7892B100221A700B4A136F23F00703EF
S21403C4D043F001031367D2F8203123F0070343F038
S21403C4E00403C2F82031FFF779FC0122034B5A6795
S21403C4F008BD00BF115900200080005000E0005026
S21403C5000D490B68A0B10022A3B1834203D183680F
S21403C51022B90B6003E01A469B68F5E793608368CD
S21403C5200BB9002070475A6941690A445A61F8E713
S21403C53022207047022070479C38002010B501F077
S21403C54001FD0A4C0A4B19682368C31A09B920600F
S21403C55010BD002BFBD04A699A423ABF9B1A0022B1
S21403C560D21A4A6128BF00238968EFE7983800206B
S21403C5709C38002038B5154D2B682BB35B69B3B1D7
S21403C580134A022014681C4400F088FA204600F080
S21403C59047FA00220F492B680A70012A05D823B1EF
S21403C5A0D88880070AD501230B70002038BD0220E7
S21403C5B000F074FA022000F093FAEAE79B68002B77
S21403C5C0F3D058690244E8E72220EFE79C380020BE
S21403C5D09838002015590020C38870B504460D46C8
S21403C5E03BB9FFF763FE8542064602D2F8F754FFCF
S21403C5F035460E4A656113689BB91460A3600FE065
S21403C6002D1A986819466561034618B15869A842F9
S21403C610F6D941B18C60A36013B15A69521B5A61B3
S21403C62070BD0021F2E71460F5E700BF9C380020D8
S21403C63070B516469DF81420C0E903360271049AB5
S21403C640BDF818300260002204460D468260C3809F
S21403C65006BB01F077FC2844A0613DB9E368656139
S21403C66013B120462168984796B1354601F0F7FA8C
S21403C6700646FFF763FF29462046FFF7ADFF074B45
S21403C6801B68A34201D1FFF775FF304601F0E2FABB
S21403C690002070BD01F056FC3044DDE79C380020D6
S21403C6A0F8B50546D0B101F0DAFA0646FFF746FFBD
S21403C6B00B4B28461F68FFF723FF044620B130467E
S21403C6C001F0C8FA2046F8BDAF42F8D1FFF752FF93
S21403C6D02228F4D1022000F0EDF9F0E72224F1E756
S21403C6E09C38002038B50C460546A8B1A1B10023F6
S21403C6F00B7001F0C1FA0121084B1B6833B901F036
S21403C700B6FA002038BD9D4204D121702278002A53
S21403C710F9D0F4E79B68F1E72220F3E79C38002082
S21403C720F8B506460F4601F0A7FA00250446124B55
S21403C7301B6823B9204601F09AFA1B2011E05A69B8
S21403C7401544DA88B2420DD101F0FCFB0B4E336878
S21403C750C01AA8420AD3002320463B6001F087FA9A
S21403C7600020F8BDFF2EEFD09B68E2E701F0EAFB5E
S21403C77033682B441B1AEFE79C38002098380020B8
S21403C78070B501F079FA064601F0DCFB084B044667
S21403C79001201D6801F0C6FB18B101F0D3FB044667
S21403C7A00135304601F063FA2046294670BD00BFC6
S21403C7B0A4380020014B1868704700BFA03800203B
S21403C7C0F8B50C4B05461B680E4683420FD3002470
S21403C7D040F2E7302146084B4FF47A721F68002375
S21403C7E0E5FB0701DDF754F830602046F8BD21204D
S21403C7F0FCE700BF94380020A03800200F4B10B58C
S21403C8001A689AB14FF47A71531E1342A0FB0101C2
S21403C8100ED1B2FA82F2C2F11F04531CD243E04097
S21403C82001FA03F3184321FA02F20243104610BD3D
S21403C8300023DDF72DF80246F8E700BFA0380020F6
S21403C84038B5164B14468342154B8B4123D3154BF1
S21403C8501A6802B34FF47A75A0FB050305FB013192
S21403C860531E134211D1B2FA82F3C3F11F055A1CA9
S21403C870DB4301FA02F2E84021FA03F310431843BC
S21403C880E940C4E90001002038BD0023DDF700F8C5
S21403C890C4E90001F7E72120F6E700BFEFA7C64B80
S21403C8A037894100A038002010B501F0E5F9034BA5
S21403C8B01C7801F0DCF9E4B2204610BD14590020C0
S21403C8C008B5084B1B7803F0FF004BB101F01EFBC5
S21403C8D0054B1B689B69C01A02288CBF00200120E9
S21403C8E008BD00BF155900209C380020C2072DE95B
S21403C8F0F843044607D5474A136801331360FFF726
S21403C9001DFEFFF737FEA30740F1818001F0B4F95F
S21403C9104FF0000805464646FFF710FE3E4F3C68BC
S21403C9200CB16369A3B100223C4B012E1A7003D1EC
S21403C93018F0020F18BF1E70FFF71CFE222802D144
S21403C940022000F0B7F82846BDE8F84301F08FB997
S21403C95023465A693AB91A792179914288BF1C4607
S21403C9609B68002BF5D1284601F081F9D4F8108096
S21403C970B8F1000F3FD001F0E5FAA269851AEB176C
S21403C980454573F1000337DB23691344A361012391
S21403C9902269CAB1C3B9A38BB8EB050833B1E28BDE
S21403C9A013449BB2B3F57A7F1CD2E38301F064F998
S21403C9B0054641462046FFF70FFEA369226928462F
S21403C9C01344A36101F053F9E36813B120462168C9
S21403C9D09847B4F8068001F04FF901360546FFF78D
S21403C9E0ADFD9CE7A3F57A73E383A36918F1FF38DB
S21403C9F0013BA361DAE7454601F03EF9814620464E
S21403CA00FFF77EFD484601F032F90023C0E7BDE894
S21403CA10F88300BFA43800209C3800201459002057
S21403CA2010B5044601F01BF94FF0B042936A19079C
S21403CA30FCD4136A116C5269120704D4CA1A032A67
S21403CA4001D899420ED1E21A022A98BFDC1CB4F12F
S21403CA50FF3F38BF013C4FF0B04308221C6403F588
S21403CA6080539A6101F0F6F8054A13783BB14FF00C
S21403CA70B041CB6B43F00203CB630023137010BDAE
S21403CA80A668002007B5044B01A9187901F08DF9B3
S21403CA90019803B05DF804FB7C7E040000F00103FC
S21403CAA08207034A48BF43F008039361704700BFF9
S21403CAB000100058820700F001030AD50121064A38
S21403CAC043F0080311704FF0B041CA6B22F0030223
S21403CAD0CA63024A93617047A66800200020005884
S21403CAE0830742BF0822014B5A6170470010005863
S21403CAF073B502AB164603E90600044600F052FF80
S21403CB000546204600F05EFF9DF800208DB1202CE0
S21403CB1033780ED8012B2ED84FF6FF752D4803EB2E
S21403CB204313234430F81310A94202D0013120F8EE
S21403CB301310294B294E33F8141036F8140081428B
S21403CB4032D34FF6FF75A9424FF0010502D00131EB
S21403CB5023F8141004F0FD01092927D1998AB68A0F
S21403CB600A44B242B4BF9A829E8233F81430834298
S21403CB7027D202B070BD022BDBD14FF6FF704FF603
S21403CB80FF75144B33F81410814218BF013104F1BA
S21403CB90210018BF23F8141033F81010A9421CBF45
S21403CBA0013123F81010C4E70025D0E71D2CDCD193
S21403CBB0598F8E18864203DA01390A445A87D4E716
S21403CBC05887002DD5D1204602B0BDE8704001F04D
S21403CBD0D4B900BF2C53002004540020B0530020C7
S21403CBE038B50D46044601F047F8064A13889BB24B
S21403CBF02DB123431380BDE8384001F038B823EA4B
S21403CC000403F7E7F25700200022034B01214FF4F9
S21403CC1080701A70FFF7E4BF435F002008B5054B2A
S21403CC201868FCF7C1FB00F00300C31E58425841C6
S21403CC3008BD00BF2450002038B5044601F03BFA77
S21403CC400C4B05461978187981420FD0631E082BC2
S21403CC500CD8DFE803F0050D0B0D0B0D0D0D0D00C5
S21403CC6000220146044B1868FCF79CFB284638BD97
S21403CC700022F7E7D46800202450002038B54FF090
S21403CC80FF300C46FFF77AF80A4B05461868FFF79D
S21403CC9075F8641B241A20B210F1630F06DB10F13B
S21403CCA0240F05DA64308000C0B238BD0020FCE7EC
S21403CCB0FF20FAE72450002008B5134B1B78062BF9
S21403CCC004D040F62101114801F0C8F8104B1B8828
S21403CCD01B0704D440F622010C4801F0BFF80D4BA5
S21403CCE02A201978FFF7A8FF00210820FFF778FF0E
S21403CCF00222094B1A70094B1868E3F7E1FDBDE8F9
S21403CD00084001F027B900BF435F00200A7B0400F8
S21403CD10F2570020405F00200969002024500020BD
S21403CD2010B50E4C236823B940F6A3410C4801F016
S21403CD3095F82068013001F06FF900F0070003282A
S21403CD400AD1246809220121204600F0E3FB205C77
S21403CD50031F5842584110BD0020FCE71450002022
S21403CD600A7B040038B50C4640B100210420FFF7C7
S21403CD7037FF01F0EFF8012C1DD038BD244B1B887C
S21403CD809B07F6D50129234A2FD1117869B30139B8
S21403CD90C9B2117011B92020FFF722FF002102202B
S21403CDA0FFF71EFF04221C4B00211C481A7000F0DC
S21403CDB05DFD01F0CFF81A4C2068013001F02CF924
S21403CDC000F44060B0F5006F1FD1246801210422EF
S21403CDD0204600F09FFB204401F01EF90146BDE803
S21403CDE038400022202001F0E0B800210D4D02203B
S21403CDF01170FFF7F5FE2B78FF2B04D040F29961F4
S21403CE00094801F02BF82C70B3E74FF6FF71E6E7FD
S21403CE10F2570020425F0020435F00201466002084
S21403CE20145000200A6900200A7B040038B5134C0E
S21403CE3005462388580709D5FFF7F0FE0146072065
S21403CE40FFF7FAFEFF210120FFF78CFF23889907DF
S21403CE500BD50B4B284619788A1F51425141FFF7D1
S21403CE60EBFE01210020FFF77DFF23881B0703D578
S21403CE70BDE83840FFF720BF38BD00BFF25700209B
S21403CE80435F0020F7B5124CD4E9006586EA020C2E
S21403CE9085EA03070CEA000C0F405CEA070E15D080
S21403CEA086EA0C067D40C4E90065CDE900230B46FF
S21403CEB0084902460868FBF739FE38B14FF4FD719E
S21403CEC0054803B0BDE8F04000F0C8BF03B0F0BDAE
S21403CED050160020245000200A7B040008B50A4B95
S21403CEE01B88DB0604D440F64701084800F0B6FF6B
S21403CEF000211020FFF774FE002000F06BFBBDE856
S21403CF00084001F027B800BFF25700200A7B040050
S21403CF102DE9F04F5706804614461D4691B005D5B9
S21403CF20FFF77CFE01460120FFF786FEEE0403D5DD
S21403CF3000212D20FFF780FEA00224D54046FCF7F3
S21403CF40DFFA0146F8B94020FFF74AFE40460AA931
S21403CF50FBF7B3FEB8B99DF83030022B40F0D9800A
S21403CF60BDF8280000F0B6FDFF2808D14046FBF7C1
S21403CF70A2FE40B901214020FFF732FE03E000F095
S21403CF80C3FD0028F2D1A10305D5FFF747FE0146EE
S21403CF900320FFF751FEE20104F0807640F1C080E3
S21403CFA0854B1B889B072DD5844E3068FBF71AFEEE
S21403CFB040BB834B834F18703B78FF2B04D040F263
S21403CFC05761814800F04AFF4FF000090021022014
S21403CFD0FFF706FE87F800907C4F3B78062B07D1B9
S21403CFE001210820FFF7FCFD49462820FFF724FE11
S21403CFF03B78052B06D100212B20FFF71DFE30685A
S21403D000E3F75EFC00F0A6FF220717D56B4F03215C
S21403D010386805AAFBF700FE064620B940F2C96148
S21403D020694800F01BFF9DF81430072B00F0D080F2
S21403D030FFF7F4FD01460420FFF7FEFDE10505D5E5
S21403D040FFF7ECFD01460420FFF7F6FD14F4863FD8
S21403D05005D0FFF7E3FD01460220FFF7EDFDA20131
S21403D06013D5FFF7DBFD01460820FFF7E5FD00219A
S21403D0700420FFF7B5FD554B1B78012B03D14F4B0F
S21403D0801868E3F71DFC00F065FF14F0084F09D09D
S21403D090FFF7C4FD01460720FFF7CEFDFF21012061
S21403D0A0FFF760FEA30009D5FFF7B8FD014606208B
S21403D0B0FFF7C2FDFF210120FFF754FEA70705D5A2
S21403D0C03D4B1B881E0701D5FFF7F6FD6C0603D5FF
S21403D0D000210A20FFF7B0FD280602D50120FCF741
S21403D0E020FAE90540F1858140460AAA05A9FCF71E
S21403D0F057F99DF81430222B00F06D8100F28281DF
S21403D100152B40F26A8140F60A112F4800F0A6FE5E
S21403D1106FE1032B7FF437AF0AA801F067F830E717
S21403D12005F0020756EA07030DD0284B2620197888
S21403D130A1F1060EDEF1000141EB0E01FFF77CFDC7
S21403D1400121304611E004F0805656EA07030FD05B
S21403D1501E4B26201978A1F1060CDCF1000141EBE9
S21403D1600C01FFF769FD02213846FFF7FBFD4BE78D
S21403D17004F0884151EA060309D0144B2720197896
S21403D1808F1F79427941FFF757FD0221D9E705F052
S21403D19008030B4302D02320FFF74EFD680703D591
S21403D1A000212420FFF748FDE9077FF52DAF002176
S21403D1B02520FFF741FD27E7F257002024500020E3
S21403D1C0425F00200A6900200A7B0400435F0020B8
S21403D1D0314638680AAAFBF725FD20B14FF4DA6119
S21403D1E09E4800F03BFEBDF81630386802330AA9A5
S21403D1F0ADF82C30FBF718FD20B140F2DF619748FD
S21403D20000F02CFE0023009331460423386804AA5A
S21403D210FBF70CFD042804D040F2E4618F4800F0CD
S21403D2201DFEDFF8589299F80030C3BB0DF11100CC
S21403D23000F0F2FE00F00700022830D1FFF7EEFC04
S21403D24001460920FFF7F8FC854B1B78062B23D1F4
S21403D250844B9DF813201B789A421DD19DF83530D8
S21403D26023B940F2FA617D4800F0F8FD0DF1110094
S21403D27000F0D2FEC0F3001631462920FFF7DCFC8F
S21403D28000210820FFF7ACFC774B1E70FFF748FD24
S21403D29010B93868E3F714FB00F05CFECEE6BDF881
S21403D2A016000121083080B200F068FA039030B906
S21403D2B0FFF7B4FC01460420FFF7BEFCECE700F0E2
S21403D2C0E9F905AA014606463868FBF7B7FC99F85C
S21403D2D000A0BAF1000F22D106F1010B584600F068
S21403D2E09BFE83065AD53868FCF70AF90746FFF70C
S21403D2F095FC05370146F8B2FFF79EFC584600F04A
S21403D3008BFE00F007000328584F2DD00121042080
S21403D310FFF766FC4FF0FF30FBF7AFFC38600022E8
S21403D3205349BDF816300978F718F1549DF836308E
S21403D330BB709DF83730FB700A9B190E3971190CB8
S21403D3407971FB71190A99F80030B97123B97378AA
S21403D35092B343F020037370002000F069F97870ED
S21403D360039800F071FA97E701210922304600F08E
S21403D370D1F8305C01210428C9D1FFF731FC4FF006
S21403D380FF30FBF77AFC3B4B38601B885806C6D544
S21403D39051464020FFF724FC0122C1E7FFF73EFC7D
S21403D3A001460920FFF748FC2D4B1B78012BB6D10D
S21403D3B03868E3F785FAB2E723F02003CBE70122C8
S21403D3C07E33DBB202FA03F313F00A1F31D113F0F4
S21403D3D0011F3FF498AE27202CE0012202FA03F344
S21403D3E0254A1A402ABB13F0041FF4D1DA077FF547
S21403D3F08AAEAB052FD50121802011B0BDE8F04FD2
S21403D400FFF7EEBB652B1AD8622B12D8452B0CD828
S21403D410422B0ED8352B06D8322B0AD8252B08D903
S21403D420322BD8D06FE6422BFBE7552B05D8522B71
S21403D430F7D92620FFF7FAFCDBE7622BF1E7952BFB
S21403D4403FF661AE812BBAD8722BC4D0733B022B46
S21403D4503FF659AEEDE711B0BDE8F08F0A7B040046
S21403D460435F00203F5F0020096900201050002022
S21403D4700B690020F25700203A003800465F002070
S21403D480024B1878B0FA80F040097047435F0020DB
S21403D49008B5064B4FF0FF311868FBF7A7FF0028C7
S21403D4A0B8BF033040F3870008BD00BF24500020F8
S21403D4B008B5074B1868FBF7CEFA30B1054BB3FB3C
S21403D4C0F0F083B20BB1184608BD0120FCE700BF9D
S21403D4D02450002040420F0038B510200C4601218E
S21403D4E0FFF77EFB064B1D68FFF7E2FF012200FBFA
S21403D4F004F1044B2846FBF75EFF002038BD00BF4F
S21403D50024500020DDCE0300014800F0A7BC00BF76
S21403D510247B0400032A70B5144602D82C4B985C6F
S21403D52070BD81F0010519B90D2A07D1FF20F7E771
S21403D5300D2A03D100780538C0B2F1E7084400F09D
S21403D5406BFDC5F1040110F440660246C9B209D169
S21403D550042C0846E4D0052C16D112F0400F18BF51
S21403D5600846DDE7C5F10603042CD8B2D8D0B6F5D5
S21403D570006F03D1C5F10805E8B2ECE7B6F5406FD6
S21403D580E9D1C5F10E05F7E712F4404107D1062CA1
S21403D590C6D0072CC4D0082C13D10130CCE75506CF
S21403D5A05CBF831CD8B2062CBAD0B1F5004F02D1AB
S21403D5B0831CD8B2EDE7B1F5404FEAD100F108037A
S21403D5C0F7E7130744BF0530C0B20C2CA8D9ADE764
S21403D5D064C60400AC2370B5094C054603FB004340
S21403D5E05E6D26B940F2FD31064800F037FCAC23E9
S21403D5F003FB0544002363653346BDE870401847C4
S21403D60028500020617B040010B40C461146AC225F
S21403D610064B02FB0033586D20B95C655DF8044B7E
S21403D620FFF75ABF02205DF8044B704728500020CE
S21403D630AC22034B02FB003393F8A800704700BFED
S21403D6402850002028B1034B1B68C01A4010013035
S21403D65080B27047E850002030B1044B00F1004020
S21403D6601B68013803EB4000704700BFE8500020FA
S21403D670064B1B68834206D8054B1B68834294BF40
S21403D6800020012070470020704700BFE8500020AC
S21403D690E450002010B5044608B9002010BD00F081
S21403D6A018FD20B940F2CD41074800F0D7FB2046CD
S21403D6B0FFF7D2FF0028F0D00388DB0B14BFD0F8A7
S21403D6C00A000830EAE700BF387B040010B508B943
S21403D6D0002010BDFFF7C0FF044600F0F1FC20B9A0
S21403D6E04FF49D61064800F0B9FB002CF0D0238868
S21403D6F0DB0B0ABF60882089C0F30C00E9E700BF94
S21403D700387B040038B5FFF7A7FF0D46044650B133
S21403D71000F0D6FC20B940F24151034800F09EFBCE
S21403D720023534F8150038BD387B040070B5FFF7B2
S21403D73093FF0C4616460546B0B100F0C1FC20B96F
S21403D74040F24D510C4800F089FB3046FFF784FF4A
S21403D75000F0B6FC20B940F24E51074800F07EFBBD
S21403D760023425F8146070BD40F25251BDE8704093
S21403D770014800F073BB00BF387B04002DE9F84373
S21403D7800746884600F00CFC20B940F28E512A4822
S21403D79000F064FBFC1CA408284B64000434B7F5B3
S21403D7A0005F1E68A4B204D340F29551224800F0ED
S21403D7B055FB00F061FA224981460B687BB9214B81
S21403D7C01D68761BC6F34F06B44227D90025484684
S21403D7D000F04DFA2846BDE8F843FFF733BFB8F12B
S21403D7E0000F11D0174A15685A1BC2F34F02944212
S21403D7F0ECD81448620005EB44040460B8F1000F4B
S21403D8000FD113440B600CE0F61AC6F34F0676B935
S21403D81040F2A651084800F021FBD7E705EB440485
S21403D8201C6000236F80AB80EB802B80CFE7B44275
S21403D830CCD8044A1568DCE7387B0400EC5000209B
S21403D840D4500020E450002038B5054600F014FA02
S21403D850044629460448002200F048FC2046BDE85A
S21403D860384000F004BA00BFF857002082684B4BDC
S21403D8702DE9F0419A4204460E46056815D121B1BA
S21403D88040F21311464800F0E9FA00F0F5F923696F
S21403D8901BB92B682BB924612C60BDE8F04100F05E
S21403D8A0E6B91A6922611C61F6E700F0D0FA8046F1
S21403D8B0FEF76AFA20B14FF49571394800F0CEFAB4
S21403D8C06FF000439E4221694BD22B7B08EB060286
S21403D8D0002B4DD0AB6893424AD1531C002949D044
S21403D8E06169994242D01EB9521AB2F1004F3DD92E
S21403D8F0636123696E689C4203D19D21284800F02A
S21403D900ADFA2F460023B4420BD0002B41D17269E7
S21403D9106169891AB1F1004F32D8326937469442A9
S21403D9202CD12269BD420CBF6A603A617BB9266975
S21403D930B44203D1B8211A4800F090FA3B46012EB0
S21403D94005D062697169521AB2F1004F23D99D421C
S21403D9500BBF6B681A69236122610CBF6C601C6184
S21403D96004E0434431B162699342C1D1BDE8F0811A
S21403D9701346B3E76A6822616C60B9E71646C6E7E2
S21403D980A8EB0202B2F1004FC7D93B4637463669C9
S21403D990B9E71F46F9E733463669D0E7B5230200F1
S21403D9A04C7B04000823064A12F8011B814205D06B
S21403D9B0013B13F0FF03F7D1184670470120704769
S21403D9C015C704000823064A12F8011B814205D036
S21403D9D0013B13F0FF03F7D1184670470120704749
S21403D9E00DC7040010B5082207490446DCF708FEF5
S21403D9F0B0FA80F04FF6FF732289400940009A423E
S21403DA0008BF40F0010010BD26C7040030B5044629
S21403DA100D4685B002B9084A1068516801AB03C3C6
S21403DA2001AB03CB20602046ADF80C501B88616029
S21403DA30238105B030BD00BFE0040400002270B5AA
S21403DA400A4B1C780A4BD5B2AC4202D800200C70A5
S21403DA5008E01E880132864205D30D701B881B1A08
S21403DA605842584170BD1233EDE700BFC05E002038
S21403DA70B0550020F8B5154B04461D680E46E5B1B3
S21403DA80134B1F78874218D900EB400305EBC305F9
S21403DA9026B92B69DA0712D42046F8BD0822314688
S21403DAA0281DDCF7ADFD50B92B69DB07F4D4013430
S21403DAB0E4B2A74205F11805F0D1FF24ECE70134E0
S21403DAC0E4B2A74205F11805E2D1F6E7505100206B
S21403DAD0296900200A4B01461B6830B52BB1094A59
S21403DAE014780022D0B2844201D8FF2030BD5D886E
S21403DAF08D4202D11D69ED07F8D401321833F1E7E0
S21403DB0050510020296900200F4A03461068D0B1FF
S21403DB100E4A12789A4215D919B203EB430300EB67
S21403DB20C300036913F001000DD0094A126832F8E6
S21403DB30112002F4E2622AB913F00C0F14BF01207D
S21403DB4000207047012070475051002029690020AB
S21403DB504C510020094B1B686BB1094A127882426C
S21403DB6009D900EB4000C20003EBC0000169C907F6
S21403DB7001D5985C7047FF20704700BF50510020C6
S21403DB80296900200C4A0346106890B10B4A1278A4
S21403DB909A420DD903EB430300EBC300D0E90432EA
S21403DBA013F001004FF0000104D0184611467047E9
S21403DBB000200146704700BF50510020296900200D
S21403DBC010B5164B187860B1154C2368CBB14FF4DB
S21403DBD0707200201349FFF717FD2368013B23608B
S21403DBE010BDFFF755FC1049104A91F90040136821
S21403DBF084420B4C03F1010313602368B8BF08701B
S21403DC0053B90B4800F09AFA0028E9D1BDE8104052
S21403DC1001460748FFF72ABE0822DAE7A25F00207C
S21403DC206C510020C1DB03009D5F0020645100207F
S21403DC3020680020054B1B682BB9054B1868003875
S21403DC4018BF012070470120704700BF5C510020B9
S21403DC505851002010B962B6BFF36F8F7047EFF3C9
S21403DC60108072B67047302383F31188704780F3B1
S21403DC701188BFF36F8F7047EFF31180302383F360
S21403DC8011887047002070474FF4004070474FF4E8
S21403DC907A7070470122417803788A4030214B43DB
S21403DCA041F2100103F1A04303F570335A50704755
S21403DCB0B0F5802F24D010D8B0F5003F22D006D878
S21403DCC028B3B0F5803F14BF012048207047B0F555
S21403DCD0403F14BF01202C207047B0F5302F13D0DF
S21403DCE008D8B0F5E02F11D0B0F5202F14BF0120CF
S21403DCF010207047B0F57F0F14BF01200620704731
S21403DD004B2070472A207047112070472120704708
S21403DD1008B570B100F022F84FF098435A6CD2025F
S21403DD20FCD5586D10F4702004D0BDE80840FFF70A
S21403DD30BFBF212008BD08B528B128220021DCF783
S21403DD4013F9002008BD2120FCE7036A042B9FBFBC
S21403DD5000EB83020133D16003627047036A052B2D
S21403DD6014D84FF09842116CC902FCD504339B00BB
S21403DD7013650168103B11604168116050F8081F75
S21403DD8011604FF098420344984200D1704750F810
S21403DD90041F1160F8E7836813B9816070475B68F6
S21403DDA05A68012AFBD15960704709B100F005B8DB
S21403DDB022207047012100F043B870B506460D4691
S21403DDC0FFF75AFF04461D2E37D8DFE806F00F1874
S21403DDD0361C1E203622243636362628362A2C2E85
S21403DDE0303636363634363636363632FDF7DCFFE0
S21403DDF0002628602046FFF73AFF304670BD012014
S21403DE00CBF76EFAF4E70320FAE70420F8E70C20D2
S21403DE10F6E70220F4E70620F2E70720F0E70820FB
S21403DE20EEE70520ECE70920EAE70A20E8E70D20FD
S21403DE30E6E71020E4E70B20E2E700202126D8E7F8
S21403DE400020704708B5FEF733F880B208BD08B562
S21403DE50FEF72EF808BD704742DE704738B5044615
S21403DE600D4600F008F8FFF7FEFE29462046BDE8FB
S21403DE703840FFF7F1BF704710B962B6BFF36F8F34
S21403DE807047012070472DE9FF410D4616461F4691
S21403DE900446A8B14FF00008C0F81C80FEF700FC4B
S21403DEA0BDF82C30424602939DF828302946CDE92A
S21403DEB0007320463346FEF7BBFB04B0BDE8F08193
S21403DEC02220FAE7F0B51F46002387B00D46164614
S21403DED004468DF81730A8B1C3610DF11701FEF79C
S21403DEE001FC9DF817207AB9BDF834302946029311
S21403DEF09DF830302046CDE900733346FEF798FB95
S21403DF0007B0F0BD2220FBE70320F9E738B5FFF79B
S21403DF10B3FE054600F016F804462846FFF7A7FEAC
S21403DF20204638BD4FF0B04301285B6904D0022871
S21403DF3005D1C3F3C000704703F00100704700200B
S21403DF40704770474FF0B0439A6A1207FCD4186ABA
S21403DF507047704708B5FFF7FCFF00F01DF808BDD3
S21403DF6010B5FFF77CFE012104460846FEF73CF891
S21403DF702046BDE81040FFF76DBE10B5044600F01E
S21403DF8012F82046FAF7E5FC2046F7F7F4FDBDE85D
S21403DF901040F9F7ADB9704708B5FFF7FCFF08BDA9
S21403DFA00120704770470020704730B589B004469B
S21403DFB0ADF806108DF81020FFF7F4FC0546204652
S21403DFC0FFF700FD03469DB1BDF80600ABB900F0B0
S21403DFD0BAF8FF2808BF00200DF10F038DF80F00D5
S21403DFE01A46204604990593FEF782FD09B030BD14
S21403DFF00028F5D00DF10603F2E700F0A4F8FF2899
S21403E00008BF0020BDF806308DF80F00ADF81A30B3
S21403E0108DF8180006ABE3E7008870470170090A1D
S21403E02041707047012070470120704738B5DAF712
S21403E030DBFE0446D0F756F9051E18BF2546D0F773
S21403E04023FA041E18BF2C46FFF7ECFF002818BF60
S21403E050204638BD38B5FEF717F90446F6F740FFF5
S21403E06004281ED002284FF0000508BF0124F7F746
S21403E07051FE042817D0022808BF0124F7F768FBCF
S21403E080042812D0022808BF0124FFF7CDFF042876
S21403E0900DD0022808BF0124002D18BF00242046F7
S21403E0A038BD0125E3E70125E8E70125EDE7002470
S21403E0B0F5E7FF20704708B5FFF7FBFF002008BD14
S21403E0C008B520B1FFF7D4FA00F0010008BD01201F
S21403E0D0FAE708B5FFF7C0FABDE80840FFF7F0BF58
S21403E0E0008810B1C9B2FFF70DBB70472DE9F041A8
S21403E0F0B0F8008006460C46D5B2B8F1000F11D032
S21403E10029464046FFF7FEFA22460746294640467A
S21403E110FFF70CFB3A4629462046FFF707FB3480F9
S21403E120BDE8F0810F46F5E703461B8808468B4299
S21403E13002D00021FFF7E6BA0020704700690038D6
S21403E14018BF0120704700207047F8B506460D46F5
S21403E150FFF748FC0328044621D02846FFF742FC75
S21403E160032807461BD010F0020318D1A0070DD5CD
S21403E170F90716D401233C43E20704D431892A89DC
S21403E180914218BF002303F00100F8BD0822294678
S21403E1903046DCF735FAB0FA80F35B09EBE700208C
S21403E1A0F3E71846F1E770B50D4600210646FFF77C
S21403E1B097FF044630B1FFF76DFA01462846FFF78E
S21403E1C0C4FF08B1204670BD21463046FFF7ACFFBA
S21403E1D0EFE707B50DF10701FFF730FC20B19DF817
S21403E1E0070003B05DF804FBFF20FAE708B500F06C
S21403E1F009F8FF2804D0FFF7C5FCC0F3C00008BD2C
S21403E2000120FCE701460020FFF734BC08B5FFF702
S21403E21061FCFF3818BF012008BD2DE9F843074607
S21403E2200846154688461C469DF82090FFF732FAA6
S21403E2304619A4B19EB14046FFF748FA25448542E5
S21403E2400FDC2246B9F1000F06D131463846DBF71C
S21403E250DDFE0020BDE8F88339463046F7E7212087
S21403E260F8E71D20F6E700000000000000000000AD
S21403E2700000000000000000000000000000000096
S21403E280F8B500BFF8BC08BC9E467047F8B500BF9B
S21403E290F8BC08BC9E4670475FF800F0D5600020C7
S21403E2A05FF800F071610020446576696365207449
S21403E2B0797065206368616E67652064657465635D
S21403E2C07465643A202564202D3E2025640D0A00DB
S21403E2D0427574746F6E2076616C75652063686131
S21403E2E06E67656420746F2025640D0A005072659E
S21403E2F073732064657465637465640D0A004D75F5
S21403E3006C746920707265737320646574656374D6
S21403E31065643A2025640D0A0052656C6561736571
S21403E3202064657465637465640D0A004C6F6E67DC
S21403E3302070726573732064657465637465640D19
S21403E3400A0072656C61795F73746172745F6C61E5
S21403E350746368696E675F70756C73653A20616E87
S21403E3606F746865722070756C73652069732061BD
S21403E37063746976650D0A0072656C61795F6F6E0A
S21403E3800D0A0072656C61795F6F66660D0A00722E
S21403E390656C61795F746F67676C650D0A00577209
S21403E3A06974696E6720636F6E66696720746F2091
S21403E3B06E763A2025730D0A0053697A653A20254E
S21403E3C0640D0A004661696C656420746F20777279
S21403E3D0697465204445564943455F434F4E464955
S21403E3E0475F4441544120746F204E562C2073746B
S21403E3F0617475733A2025642E20286279746573D8
S21403E4003A202564290D0A007375636365737321C7
S21403E4100D0A004661696C656420746F207265613D
S21403E42064204E565F4954454D5F4445564943451F
S21403E4305F434F4E4649472C207573696E672064C9
S21403E440656661756C7420636F6E66696720696EB6
S21403E45073746561642C207374617475733A202534
S21403E460642E202862797465733A202564290D0A80
S21403E470005573696E6720636F6E6669673A202579
S21403E480642063686172732066726F6D0D0A25736C
S21403E4900D0A006D756677763072793B54533030CB
S21403E4A030322D50533B4C43323B534133753B5232
S21403E4B041343B4943303B534231753B5244313B35
S21403E4C04943313B4D3B004E6574776F726B207347
S21403E4D07461747573206368616E67656420746F16
S21403E4E02025640D0A004D616E756661637475724E
S21403E4F0657220746F6F206269670D0A004D6F6442
S21403E500656C20746F6F206269670D0A00496E6937
S21403E5107469616C697A696E67205A6967626565B2
S21403E5202077697468202564207377697463686547
S21403E530732C2025642072656C6179732C20256406
S21403E54020636F766572730D0A00436F6E666967A4
S21403E5502070617273656420737563636573736695
S21403E560756C6C790D0A007265616420766572734A
S21403E570696F6E20666F726D206E6577206C6F63B1
S21403E5806174696F6E0D0A004661696C6564207478
S21403E5906F207772697465206C6173745365656E5A
S21403E5A056657273696F6E20746F204E562C2073F7
S21403E5B0743A2025640D0A004F6C642076657273E6
S21403E5C0696F6E3A2025640D0A0043757272656E94
S21403E5D0742076657273696F6E3A2025640D0A009F
S21403E5E0524553455420414C4C210D0A0068616C3A
S21403E5F05F6770696F5F63616C6C6261636B3A201F
S21403E60065787469206C696E6520256C6420737464
S21403E6106174757320256C750D0A0068616C5F67FD
S21403E62070696F5F63616C6C6261636B3A206E6FD7
S21403E63020667265652045585449206C696E65737B
S21403E6400D0A002F686F6D652F72756E6E65722FDB
S21403E650776F726B2F747579612D7A69676265655A
S21403E6602D7377697463682F747579612D7A69677A
S21403E6706265652D7377697463682F73696C61626D
S21403E680735F746F6F6C732F73696D706C696369F6
S21403E69074795F73646B2F2E2E2F2E2E2F73726357
S21403E6A02F73696C6162732F68616C2F7A69676276
S21403E6B065652E630044726F7070696E67206F6CB9
S21403E6C064204F544120696D6167652C2063757221
S21403E6D072656E74206F66667365743A20256C7572
S21403E6E00A00556E6B6E6F776E20636F76657220C9
S21403E6F0636F6D6D616E643A2025640D0A00417484
S21403E70074726962757465206368616E6765642CEC
S21403E7102065703A2025642C20636C7573746572CB
S21403E7203A2025642C20617474723A2025640D0AFD
S21403E73000556E6B6E6F776E20636F6D6D616E64E2
S21403E7403A2025640D0A00496E64657820617420BA
S21403E750777269746520617474723A2025640D0AB1
S21403E760004E6F2073776974636820636F6E666903
S21403E7706720696E204E562C207573696E67206479
S21403E780656661756C74730D0A00496E76616C6913
S21403E790642072656C61795F696E646578202564B0
S21403E7A020696E204E562C20726573657474696EEC
S21403E7B06720746F2064656661756C740D0A003E8D
S21403E7C02000556E6B6E6F776E206572726F7200E7
S21403E7D0496E70757420627566666572206973206B
S21403E7E046554C4C004D6178696D756D206E756DA0
S21403E7F0626572206F6620617267756D656E7473ED
S21403E8002065786365656465640054686520617295
S21403E81067756D656E74206973206E6F7420666FFE
S21403E820726D617474656420636F72726563746C71
S21403E8307900496E636F72726563742061726775DF
S21403E8406D656E74207479706500496E636F7272BD
S21403E850656374206E756D626572206F66206172E3
S21403E86067756D656E7473004E6F20636F6D6D61B3
S21403E8706E6420666F756E640075696E7438006129
S21403E88064646974696F6E616C002A00756E6B6EE2
S21403E8906F776E0077696C6463617264006865788D
S21403E8A06F707400737472696E676F707400756945
S21403E8B06E7433326F70740075696E7431366F70B0
S21403E8C0740075696E74386F7074006865780073C9
S21403E8D07472696E670075696E7431360075696E99
S21403E8E0743332002E2E2E200068656C70000A25C5
S21403E8F0730A257325730025732008002F686F6D30
S21403E900652F72756E6E65722F776F726B2F7475C7
S21403E91079612D7A69676265652D737769746368B3
S21403E9202F747579612D7A69676265652D737769CA
S21403E9307463682F73696C6162735F746F6F6C7353
S21403E9402F73696D706C69636974795F73646B2F79
S21403E950706C6174666F726D2F736572766963652A
S21403E9602F6C65676163795F68616C2F7372632FC1
S21403E970626173652D7265706C6163656D656E7437
S21403E9802E63002F686F6D652F72756E6E65722F1E
S21403E990776F726B2F747579612D7A696762656517
S21403E9A02D7377697463682F747579612D7A696737
S21403E9B06265652D7377697463682F73696C61622A
S21403E9C0735F746F6F6C732F73696D706C696369B3
S21403E9D074795F73646B2F706C6174666F726D2FDE
S21403E9E0736572766963652F746F6B656E5F6D61B1
S21403E9F06E616765722F6C65676163792F737263E7
S21403EA002F736C5F746F6B656E5F6D616E616765A8
S21403EA10722E63002F686F6D652F72756E6E65724A
S21403EA202F776F726B2F747579612D7A69676265BC
S21403EA30652D7377697463682F747579612D7A69A8
S21403EA40676265652D7377697463682F73696C6194
S21403EA5062735F746F6F6C732F73696D706C696329
S21403EA606974795F73646B2F706C6174666F726D13
S21403EA702F736572766963652F746F6B656E5F6D52
S21403EA80616E616765722F6C65676163792F737258
S21403EA90632F736C5F746F6B656E5F6D616E756607
S21403EAA06163747572696E672E630043757272656F
S21403EAB06E7420436F6E6669673A2025307800537C
S21403EAC0657420434341206D6F646520746F202571
S21403EAD0643A2025307800656E61626C6564006474
S21403EAE0697361626C6564006F757428636C69652D
S21403EAF06E742900696E2028736572766572290024
S21403EB004D464720537472696E673A202573004159
S21403EB1070704275696C646572204D464720436F7A
S21403EB2064653A20307825303458006E6F6465206B
S21403EB305B004164646974696F6E616C20696E740E
S21403EB406572666163657300202025643A20007051
S21403EB50616765205B25645D206368616E205B25C5
S21403EB60645D20707772205B25645D006E6F742091
S21403EB70616374697665006572726F7220307825FA
S21403EB803038580070616E4944205B307825303445
S21403EB90585D206E6F64654944205B3078253034B9
S21403EBA0585D20007870616E205B3078007061726B
S21403EBB0656E744944205B3078253034585D207088
S21403EBC06172656E7452737369205B25645D006EB3
S21403EBD06F646554797065205B005365637572696D
S21403EBE07479206C6576656C205B253032585D0041
S21403EBF06E6574776F726B207374617465205B2522
S21403EC003032585D200042756666657220627974FC
S21403EC1065733A202564202F202564004570206301
S21403EC206E743A202564006570202564205B656E4B
S21403EC3064706F696E742025732C2064657669632F
S21403EC40652025735D20006E776B205B25645D2051
S21403EC5070726F66696C65205B3078253034585D5A
S21403EC60206465764964205B3078253034585D200F
S21403EC70766572205B3078253032585D0020202080
S21403EC8020257320636C75737465723A203078257B
S21403EC9030345820004E776B20636E743A20256418
S21403ECA0006E776B202564205B25735D00507269C8
S21403ECB06D617279202870726F290020206E6F6450
S21403ECC06554797065205B3078253032585D0020B6
S21403ECD020736563757269747950726F66696C65C3
S21403ECE0205B3078253032585D0045502025643A45
S21403ECF020257320004572726F723A2020556E6B82
S21403ED006E6F776E20656E64706F696E742E004545
S21403ED106E61626C65206576656E742064656275E7
S21403ED206720696E666F20696E20436F72652043A5
S21403ED304C4920636F6D706F6E656E74006F6E6CFA
S21403ED407920636F6F7264696E61746F7273206388
S21403ED50616E20666F726D0A006A6F696E20307886
S21403ED60253038580A006C656176650025732030B7
S21403ED7078253032580A0072656A6F696E44696690
S21403ED806644657669636554797065006578742EA4
S21403ED902050414E2049443A20004E574B206F7076
S21403EDA0656E3A20257520736563004E574B2063C6
S21403EDB06C6F7365640066696E64206A6F696E6162
S21403EDC0626C653A203078253032580066696E6486
S21403EDD020756E757365643A203078253032580096
S21403EDE04368616E67696E6720746F206368616E3F
S21403EDF06E656C2025643A203078253032580069D9
S21403EE006E76616C6964206E6574776F726B2069C9
S21403EE106E6465780053686F72742049443A2030F4
S21403EE2078253034582C2045554936343A20002C62
S21403EE302050616E2049443A2030782530345800FB
S21403EE4053746172746564206D756C74692D706893
S21403EE507920696E74657266616365004661696CE4
S21403EE60656420746F202573202573203078253041
S21403EE703258005465726D696E617465642025733B
S21403EE8020307825303258004B65657020616C69F8
S21403EE90766520737570706F727420656E61626C30
S21403EEA065642E006661696C656420746F20736503
S21403EEB074206B65657020616C697665206D6F6480
S21403EEC0652E007375636365737366756C6C792062
S21403EED073657420746865206368696C642074695C
S21403EEE06D656F7574206F7074696F6E206D6173D6
S21403EEF06B2E006661696C656420746F207365749D
S21403EF0020746865206368696C642074696D656F36
S21403EF107574206F7074696F6E206D61736B2E004D
S21403EF20646973636F766572004D61746368202548
S21403EF3073792066726F6D203078253034582C2014
S21403EF406570202564004E574B20416464726573D8
S21403EF507320726573706F6E73653A203078253050
S21403EF6034580049454545204164647265737320EF
S21403EF70726573706F6E73653A20005365727669B7
S21403EF8063652025737920646F6E652E0023202029
S21403EF90747970652020206E776B20206C6F632059
S21403EFA0202072656D202020636C75732020206EF0
S21403EFB06F64652020206575690020202564202065
S21403EFC020203078253034582020307825303458A7
S21403EFD02020307825303458203078253034582097
S21403EFE000736C5F7A69676265655F6765745F6205
S21403EFF0696E64696E67204572726F723A20307864
S21403F000253038580A002564206F66202564206260
S21403F010696E64696E6773207573656400656E61F7
S21403F020626C6564207072696E74006469736162F1
S21403F0306C6564207072696E7400616464206C6928
S21403F0406E6B206B6579004552523A2043616C63C0
S21403F050756C617465642043524320646F65732046
S21403F0606E6F74206D61746368004552523A20498E
S21403F0706E7374616C6C20436F6465206D75737476
S21403F08020626520382C2031302C2031342C206F20
S21403F0907220313820627974657320696E206C653E
S21403F0A06E677468004552523A204145532D4D4DC4
S21403F0B04F2068617368206661696C65643A203026
S21403F0C0782530325800536574206A6F696E696E0E
S21403F0D067206C696E6B206B6579007365742062BC
S21403F0E0696E642025643A203078253032780045EE
S21403F0F04D50545900554E494341004D324F4E45ED
S21403F100004D554C5449003F2020202000496E6492
S21403F11065782049454545204164647265737320CC
S21403F12020202020202020204E574B496E646578EF
S21403F1302020496E204643202020202054544C286B
S21403F140732920466C6167202020204B6579202098
S21403F1502020002564202020202000202025642055
S21403F1602020202020200020202530385820200072
S21403F17020307825303458202000496E6465782086
S21403F18049454545204164647265737320202020F9
S21403F1902020202020496E20464320202020205473
S21403F1A079706520204175746820204B6579002DA1
S21403F1B020202020200025632020202020256320D7
S21403F1C02020202000696573005741524E494E4760
S21403F1D03A202052454144494E47204F46204B454E
S21403F1E0592056414C5545532044495341424C45BA
S21403F1F044204259204D464720544F4B454E004E1F
S21403F200574B204B6579002573206F757420464352
S21403F2103A202530385800257320736571206E75A3
S21403F2206D3A20307825303258002573206F757478
S21403F2302046433A2025303878005443202573204F
S21403F240002573205461626C650025642F256420B5
S21403F250656E747269657320757365642E005472E7
S21403F260616E7369656E74204B657900256420654D
S21403F2706E7472257320636F6E73756D696E672087
S21403F2802564207061636B657420627566666572BB
S21403F29025732E0057494C4C0057494C4C204E4F73
S21403F2A0540054727573742043656E74657220251A
S21403F2B07320616C6C6F772074727573742063654A
S21403F2C06E7465722072656A6F696E7320757369F2
S21403F2D06E672077656C6C2D6B6E6F776E206B6533
S21403F2E0792E005365742074696D656F7574206696
S21403F2F06F722054727573742043656E7465722042
S21403F30072656A6F696E73207573696E67207765B9
S21403F3106C6C2D6B6E6F776E206C696E6B206B65F5
S21403F3207920746F202564207365636F6E64732E73
S21403F330004552524F523A20002573737461636B33
S21403F340206D75737420626520646F776E2E00528D
S21403F350656164696E6720416C6C6F77656400480D
S21403F360617368696E67206F6E6C7900736C5F7A81
S21403F37069676265655F6B65795F73657474696EEB
S21403F38067735F743A203078253034580020205055
S21403F39065726D697373696F6E733A2025730045E2
S21403F3A072726F723A204661696C656420746F20CE
S21403F3B067657420636F6E6669672C207374617467
S21403F3C075733A20307825303858004661696C6585
S21403F3D0643A20307825303858004D73673A2063F6
S21403F3E06C7573203078253034582C20636D642078
S21403F3F03078253032582C206C656E2025640062E8
S21403F40075666665723A2000454D4245525F002593
S21403F4107353454355524954595F4C4556454C3AE8
S21403F42020253032580025736572617365206B653D
S21403F430792025643A2030782530385800636D6487
S21403F440206E6F74206275696C7400737263206536
S21403F4507020253032782C20636C75732025303469
S21403F460780073656E64696E6720746F206D756CC3
S21403F4707469636173742062696E640025733A204D
S21403F48065703A2025642C20636C3A20307825304A
S21403F49034582C20617474723A20307825303458EE
S21403F4A0002C207376723A2025630025733A207267
S21403F4B06561643A20307825303278002C207376E4
S21403F4C0723A2025632C2064747970653A2030786C
S21403F4D02530325800417267756D656E742061740D
S21403F4E020696E6465783A202564206973206F75F9
S21403F4F074206F662072616E676500436F6D6D6181
S21403F5006E6420616C7265616479206275696C74DF
S21403F5102E202043616E6E6F7420736574204D46F3
S21403F5204720737065636966696320636F6465204B
S21403F530666F7220636F6D6D616E642E004D464775
S21403F54020436F64652053657420666F72206E6572
S21403F550787420636F6D6D616E643A203078253061
S21403F560345800557365204E65787420536571755D
S21403F570656E63652053657420666F72206E6578CA
S21403F5807420636F6D6D616E643A20307825303277
S21403F590580044697361626C652044656661756CE6
S21403F5A07420526573706F6E73652053657420669E
S21403F5B06F72206E65787420636F6D6D616E643A4A
S21403F5C020307825303258004552523A2072656111
S21403F5D064696E6720617474726962757465202548
S21403F5E0303278004552523A2061747472696275FB
S21403F5F074652073697A6520256420746F6F206CA8
S21403F6006172676520666F72206275666665720052
S21403F6104572726F723A20617474726962757465AA
S21403F62020494420307825303458207265706F7234
S21403F6307461626C65206368616E67652069732018
S21403F64073697A65202564422C20627574202564CC
S21403F6504220656E74657265640A006E6F20636D82
S21403F66064004572726F723A20434C492053656EAC
S21403F67064206661696C65642C20737461747573A9
S21403F6803A20307825303858004572726F723A2027
S21403F69020455549363420617267756D656E742052
S21403F6A0697320656D70747920616E64206C6F6F6A
S21403F6B06B7570206279206E6F64652049442066FE
S21403F6C061696C65642E0047726F757000556E69CC
S21403F6D06361737400556E62696E6420257320251A
S21403F6E07330782530325800526571756573743AF5
S21403F6F020005A444F2073696D706C6520646573EF
S21403F70063207265712025303278005A444F206E8C
S21403F7106F646520646573632072657120253032DB
S21403F72078005A444F206D61746368206465736380
S21403F730207265712025303258005573696E672034
S21403F7406D79206C6F63616C2045554936342066AD
S21403F7506F72206465737420455549363420696E8C
S21403F7602062696E64696E67005A444F2062696E50
S21403F7706420726571202530327800636C7573746B
S21403F7806572206C696D697420726561636865646F
S21403F79000696E76616C696420706167653A20253E
S21403F7A064206F72206368616E6E656C3A20256410
S21403F7B0004368616E6765206368616E6E656C20E2
S21403F7C07374617475733A20307825303278006428
S21403F7D075726174696F6E206D757374206265202F
S21403F7E0696E2072616E67652030202D20350063B8
S21403F7F06F756E74206D75737420626520696E2054
S21403F80072616E67652031202D2038007363616E48
S21403F8102073746174757320307825303258006E07
S21403F8206574776F726B2075706461746520736599
S21403F83074207374617475732030782530325800E1
S21403F84041637469766520455020726571756573EA
S21403F85074207374617475733A2030782530325887
S21403F860004C5149205461626C6520726571756560
S21403F87073743A203078253032580042696E6469D2
S21403F8806E67205461626C6520726571756573746A
S21403F8903A20307825303258004C6561766520254D
S21403F8A07330782530325800506F77657220446580
S21403F8B07363726970746F722025733078253032E3
S21403F8C058005573696E67206D79206C6F63616CA1
S21403F8D020455549363420666F722064657374205C
S21403F8E0455549363420696E20756E62696E6469C3
S21403F8F06E6700526F757465205461626C652025CF
S21403F90073307825303258002F686F6D652F727507
S21403F9106E6E65722F776F726B2F747579612D7AA1
S21403F92069676265652D7377697463682F74757983
S21403F930612D7A69676265652D7377697463682FCD
S21403F94073696C6162735F746F6F6C732F73696D29
S21403F950706C69636974795F73646B2F70726F740C
S21403F9606F636F6C2F7A69676265652F6170702F9E
S21403F9706672616D65776F726B2F636F6D6D6F6EF9
S21403F9802F736C5F7A69676265655F7379737465F5
S21403F9906D5F636F6D6D6F6E2E6300457874656E75
S21403F9A064656420526573657420696E666F3A20D9
S21403F9B03078253034582028257329002F686F6D3A
S21403F9C0652F72756E6E65722F776F726B2F7475F7
S21403F9D079612D7A69676265652D737769746368E3
S21403F9E02F747579612D7A69676265652D737769FA
S21403F9F07463682F73696C6162735F746F6F6C7383
S21403FA002F73696D706C69636974795F73646B2FA8
S21403FA1070726F746F636F6C2F7A69676265652F98
S21403FA206170702F6672616D65776F726B2F636F8F
S21403FA306D6D6F6E2F7A69676265655F6170705F63
S21403FA406672616D65776F726B5F736C6565702E3A
S21403FA50630053746179206177616B65207768650D
S21403FA606E206E6F74206A6F696E65643A20257324
S21403FA7000466F72636564207374617920617761F1
S21403FA806B653A202020202020202020202573008C
S21403FA90466F7263696E6720646576696365207472
S21403FAA06F2073746179206177616B6500416C6CBC
S21403FAB06F77696E672064657669636520746F2067
S21403FAC0676F20746F20736C656570002F686F6DA9
S21403FAD0652F72756E6E65722F776F726B2F7475E6
S21403FAE079612D7A69676265652D737769746368D2
S21403FAF02F747579612D7A69676265652D737769E9
S21403FB007463682F73696C6162735F746F6F6C7371
S21403FB102F73696D706C69636974795F73646B2F97
S21403FB2070726F746F636F6C2F7A69676265652F87
S21403FB306170702F6672616D65776F726B2F636F7E
S21403FB406D6D6F6E2F7A69676265655F7374616347
S21403FB506B5F736C6565702E630052583A2052656E
S21403FB60736574546F466163746F72794465666136
S21403FB70756C747343616C6C6261636B00657A7356
S21403FB807020636F756E74657273206661696C6549
S21403FB906420257500657A7370205265736574203A
S21403FBA05468726573686F6C64206572726F722036
S21403FBB0257500657A7370205365742054687265E2
S21403FBC073686F6C64206572726F722025750025EA
S21403FBD075292025733A2025750053657474696E5C
S21403FBE067205468726573686F6C6420636F6D6D0D
S21403FBF0616E64003F3F3F004D61632052782042B0
S21403FC0063617374004D61632054782042636173AB
S21403FC1074004D6163205278205563617374004D00
S21403FC206163205478205563617374004D616320CB
S21403FC305478205563617374205265747279004D4D
S21403FC406163205478205563617374204661696C40
S21403FC500041505320527820426361737400415030
S21403FC6053205478204263617374004150532052EA
S21403FC70782055636173740041505320547820559F
S21403FC8063617374205375636365737300415053E4
S21403FC90205478205563617374205265747279001A
S21403FCA0415053205478205563617374204661692C
S21403FCB06C00526F757465204469736320496E69DE
S21403FCC0746961746564004E65696768626F722063
S21403FCD04164646564004E65696768626F722052AA
S21403FCE0656D6F766564004E65696768626F72203E
S21403FCF05374616C65004A6F696E20496E6469636C
S21403FD006174696F6E004368696C64204D6F766535
S21403FD106400415348204F766572666C6F770041E6
S21403FD205348204672616D65204572726F720041BA
S21403FD305348204F76657272756E204572726F72E5
S21403FD40004E574B204643204661696C757265002A
S21403FD50415053204643204661696C7572650041E5
S21403FD60534820584F66660041505320556E6175C0
S21403FD7074686F72697A6564204B6579004E574BD9
S21403FD802044656372797074204661696C75726588
S21403FD907300415053204465637279707420466142
S21403FDA0696C75726573005061636B657420427588
S21403FDB06666657220416C6C6F636174652046618C
S21403FDC0696C757265730052656C6179656420555C
S21403FDD0636173740050687920746F204D4143202B
S21403FDE07175657565206C696D69742072656163EC
S21403FDF0686564005061636B65742056616C696462
S21403FE006174652064726F7020636F756E74004E44
S21403FE10574B207265747279206F766572666C6FC5
S21403FE207700434341204661696C757265730042EF
S21403FE30726F616463617374207461626C652066BB
S21403FE40756C6C00505441204C6F205072692052E0
S21403FE5065710050544120486920507269205265EC
S21403FE607100505441204C6F205072692044656ED7
S21403FE7069656400505441204869205072692044E3
S21403FE80656E69656400505441204C6F205072695A
S21403FE9020547820416272740050544120486920EF
S21403FEA0507269205478204162727400416464720F
S21403FEB065737320436F6E666C6963742053656E57
S21403FEC0740043534C205278207363686564756CE2
S21403FED065206661696C6564000D0044656275673C
S21403FEE0207072696E742067726F75702025730AAE
S21403FEF00057726F6E6720706172616D657465720C
S21403FF000A0046696E6420616E642042696E64204E
S21403FF10496E69746961746F723A20436F6D706CD1
S21403FF206574653A20307825303258005374617210
S21403FF3074207461726765740046696E6420616E2E
S21403FF40642042696E642054617267657400257389
S21403FF503A2025733A2030782530325800467261AD
S21403FF60676D656E746174696F6E20525820776989
S21403FF706E646F772073697A652073657420746F77
S21403FF80202564002F686F6D652F72756E6E65721F
S21403FF902F776F726B2F747579612D7A6967626537
S21403FFA0652D7377697463682F747579612D7A6923
S21403FFB0676265652D7377697463682F73696C610F
S21403FFC062735F746F6F6C732F73696D706C6963A4
S21403FFD06974795F73646B2F70726F746F636F6C81
S21403FFE02F7A69676265652F6170702F6672616D1F
S21403FFF065776F726B2F706C7567696E2F667261AB
S214040000676D656E746174696F6E2F667261676D75
S214040010656E746174696F6E2E630052583A20419F
S214040020646447726F7570526573706F6E73652083
S2140400303078253032582C20307825303458005209
S214040040583A205669657747726F757052657370B3
S2140400506F6E7365203078253032582C2030782522
S2140400603034582C20220052583A20476574477280
S2140400706F75704D656D62657273686970526573ED
S214040080706F6E7365203078253032582C203078A7
S214040090253032582C00205B3078253034585D00EB
S2140400A052583A2052656D6F766547726F75705276
S2140400B06573706F6E7365203078253032582C2047
S2140400C03078253034580065705B253032585D2012
S2140400D069645B253034585D00436C656172696EF3
S2140400E06720616C6C2067726F7570732E004552C2
S2140400F0523A204661696C656420746F20637265A9
S2140401006174652062696E64696E6720283078259C
S21404011030325829004552523A2042696E64696E5C
S21404012067207461626C652069732066756C6C0068
S2140401304552523A2077726974696E67206E616D13
S2140401406520737570706F727420253032580052B3
S214040150583A2041646447726F75702030782530B1
S21404016034582C20220075760052583A2056696579
S2140401707747726F7570203078253034580075765E
S2140401807300766965775F67726F75700047726F84
S2140401907570733A206661696C656420746F2073A9
S2140401A0656E6420257320726573706F6E73653A8E
S2140401B020307825303258006765745F67726F7533
S2140401C0705F6D656D6265727368697020726573C1
S2140401D0706F6E73650064656661756C745F7265D6
S2140401E073706F6E73650052583A20476574477291
S2140401F06F75704D656D62657273686970203078CE
S214040200253032582C007575620047726F7570730E
S2140402103A206661696C656420746F2073656E6449
S2140402202025733A203078253032580052583A2028
S21404023052656D6F766547726F757020307825301D
S2140402403458004552523A204661696C65642074FD
S2140402506F2064656C6574652062696E64696E6798
S2140402602028307825303258290072656D6F7665FF
S2140402705F67726F75700052583A2052656D6F76DC
S21404028065416C6C47726F7570730052583A204122
S214040290646447726F757049664964656E7469660E
S2140402A079696E67203078253034582C2022006116
S2140402B06464004368616E6E656C206E6F742076AD
S2140402C0616C69643A202564005072696D617279C4
S2140402D0002573206D61736B206E6F772030782550
S2140402E0303858005365636F6E64617279004D61EF
S2140402F0736B206E6F742076616C69643A20256493
S214040300007072696D617279007365636F6E646103
S21404031072790025733A20536574202573206D6125
S214040320736B20746F20307825303858005374610E
S2140403307475730025733A2025733A004368616E1A
S2140403406E656C206D61736B3A0020202020283186
S2140403502920307825303858205B0020202020289B
S214040360322920307825303858205B005374617465
S214040370653A2030782530325820282573290043E2
S214040380757272656E74206368616E6E656C3A2071
S214040390256400546F74616C20626561636F6E73CC
S2140403A03A202564004A6F696E20617474656D7026
S2140403B074733A202564004E6574776F726B2073ED
S2140403C0746174653A203078253032580053746F5F
S2140403D0700025732053746F702E2020436C656163
S2140403E06E696E672075702E0042726F6164636179
S2140403F07374696E67207065726D6974206A6F69BC
S2140404006E0054727573742063656E746572206C26
S214040410696E6B206B6579207570646174652073F2
S21404042074617475730025733A205741524E494ED1
S214040430473A20736C5F7A69676265655F736574B3
S2140404405F696E697469616C5F73656375726974FC
S214040450795F7374617465206661696C65642E20C7
S214040460436F6E74696E75696E6720776974686F1A
S214040470757420696E7374616C6C20636F64652E8A
S214040480004572726F723A20696E7374616C6C20E8
S214040490636F6465207365747570206661696C6546
S2140404A0642E20497320616E20696E7374616C6CCF
S2140404B020636F646520666C6173686564206F6E84
S2140404C0746F20746865206465766963653F00D040
S2140404D0D1D2D3D4D5D6D7D8D9DADBDCDDDEDF006B
S2140404E0FFFFFFFFFFFFFFFF005A69674265654194
S2140404F06C6C69616E636530390025733A206973E4
S2140405007375696E67207363616E206F6E20257342
S214040510206368616E6E656C7320286D61736B2052
S2140405203078253038582900257320697320616C8B
S214040530726561647920696E2070726F6772657384
S21404054073005374617274004578616D696E696EE8
S2140405506720626561636F6E206F6E206368616EEC
S2140405606E656C20256420776974682070616E4916
S21404057064203078253034580054686973206265E6
S21404058061636F6E206973206E6F7420706172747D
S214040590206F66207468652063757272656E7420B9
S2140405A06368616E6E656C206D61736B20283078AD
S2140405B025303858292E2047657474696E67206E76
S2140405C065787420626561636F6E2077686F736503
S2140405D0206368616E6E656C206269746D61736B0E
S2140405E0206973207365742E004572726F723A2008
S2140405F0257320636F756C64206E6F742061747449
S214040600656D7074206A6F696E3A203078253032D2
S21404061058004E6F20626561636F6E73206C65666A
S21404062074206F6E2063757272656E74206D6173CC
S2140406306B2E204D6F76696E6720746F206E65781A
S21404064074207374617465002573206A6F696E691B
S2140406506E6720307825303458206F6E20636861CA
S2140406606E6E656C20256400257320537461746572
S2140406703A202573004572726F723A202573206300
S2140406806F756C64206E6F74207365747570207358
S214040690656375726974793A20307825303258006B
S2140406A04572726F723A205363616E20636F6D7089
S2140406B06C6574652068616E646C6572207265741E
S2140406C075726E65642030782530325800257320A4
S2140406D07363616E20636F6D706C6574652E204263
S2140406E06561636F6E732068656172643A20256481
S2140406F000257320737461636B207374617475735F
S21404070020307825303258002573206E6574776F54
S214040710726B206A6F696E65642E0025732074728E
S21404072079696E67206E657874206E6574776F726B
S2140407306B2E004E6F6E65005363616E20507269B7
S2140407406D617279204368616E6E656C7320616EAC
S214040750642075736520436F6E6669677572656499
S214040760204B6579005363616E205072696D617227
S21404077079204368616E6E656C7320616E642075C3
S214040780736520496E7374616C6C20436F646500F6
S2140407905363616E205072696D617279204368619B
S2140407A06E6E656C7320616E6420557365204365B8
S2140407B06E7472616C697A6564204B657900536364
S2140407C0616E205072696D617279204368616E6E45
S2140407D0656C7320616E6420557365204469737478
S2140407E072696275746564204B6579005363616E43
S2140407F0205365636F6E64617279204368616E6E20
S214040800656C7320616E642075736520436F6E6635
S214040810696775726564204B6579005363616E2061
S2140408205365636F6E64617279204368616E6E65AA
S2140408306C7320616E642075736520496E737461F1
S2140408406C6C20436F6465005363616E205365636C
S2140408506F6E64617279204368616E6E656C732096
S214040860616E64205573652043656E7472616C69AD
S2140408707A6564204B6579005363616E2053656323
S2140408806F6E64617279204368616E6E656C732066
S214040890616E642055736520446973747269627569
S2140408A0746564204B6579005363616E20507269E9
S2140408B06D617279204368616E6E656C7320616E3B
S2140408C0642055736520416C6C204B657973202831
S2140408D0696E7374616C6C20636F64652C20636549
S2140408E06E7472616C697A65642C206469737472C0
S2140408F069627574656429005363616E2053656389
S2140409006F6E64617279204368616E6E656C7320E5
S214040910616E642055736520416C6C204B65797359
S2140409202028696E7374616C6C20636F64652C2078
S21404093063656E7472616C697A65642C206469738D
S214040940747269627574656429004F6E2F4F66660B
S214040950207365742076616C75653A2025303258AC
S2140409602025303258004552523A20726561646937
S2140409706E67206F6E2F6F66662025303258004FE4
S2140409806E2F6F666620616C72656164792073658C
S2140409907420746F206E65772076616C75650054DC
S2140409A06F67676C65206F6E2F6F66662066726F62
S2140409B06D202530325820746F202530325800457B
S2140409C052523A2077726974696E67206F6E2F6F81
S2140409D06666202530325800496E7374616C6C6507
S2140409E0642054797065202842617365293A202072
S2140409F0307825303258004361706162696C6974DE
S214040A006965733A202020202020202020202030D2
S214040A10782530345800426F6F746C6F6164657269
S214040A202056657273696F6E3A2020202020307835
S214040A30253034580053656375726520426F6F74B1
S214040A406C6F61646572204B65793A202020202003
S214040A502000426F6F746C6F6164696E6720666114
S214040A60696C65642100446F776E6C6F6164206600
S214040A7061696C65642E0044656C6574696E6720F4
S214040A806661696C656420646F776E6C6F61642C54
S214040A90207374617475733A2030782530325800A8
S214040AA0496D61676520646F6573206E6F7420639B
S214040AB06F6E7461696E20616E2055706772616432
S214040AC06520496D61676520546167202830782564
S214040AD0303458292E20536B697070696E67207500
S214040AE07067726164652E00457865637574696E17
S214040AF06720626F6F746C6F61642063616C6C62F4
S214040B0061636B2E005374617274696E672045428C
S214040B104C20766572696669636174696F6E004518
S214040B20424C206661696C65642076657269666904
S214040B30636174696F6E2E0045424C207061737356
S214040B40656420766572696669636174696F6E2E82
S214040B50002573696E67204F544120636C69656E87
S214040B6074207374617465206D616368696E6500D2
S214040B7073746F7070004572726F723A204E6F20F5
S214040B80696D61676520617420696E6465782025E7
S214040B9064004E6F7420737570706F727465642E83
S214040BA000436C69656E7420696D616765207175B4
S214040BB065727920696E666F004D616E75662049B0
S214040BC0443A20202020202020202030782530344D
S214040BD05800496D61676520547970652049443A28
S214040BE020202020307825303458004375727265F2
S214040BF06E742056657273696F6E3A2020307825BD
S214040C0030385800486172647761726520566572A0
S214040C1073696F6E3A20004E4100517565727920F3
S214040C2044656C6179206D733A20202020202020B2
S214040C302020202020256C6400536572766572207F
S214040C40446973636F766572792044656C617920B4
S214040C506D733A20256C6400446F776E6C6F616424
S214040C602044656C6179206D733A20202020202072
S214040C70202020256C640052756E205570677261C2
S214040C8064652044656C6179206D733A20202020C9
S214040C902020256C64005665726966792044656C6C
S214040CA06179206D733A20202020202020202020E7
S214040CB020256C6400446F776E6C6F616420457207
S214040CC0726F72205468726573686F6C643A202081
S214040CD025640055706772616465205761697420E5
S214040CE05468726573686F6C643A2020202025640B
S214040CF0004F544120446F776E6772616465733A9F
S214040D002044697361626C6564004F544120446FEB
S214040D10776E6772616465733A20456E61626C65CE
S214040D206400426F6F746C6F6164207374617465E1
S214040D303A20257300496E76616C6964204550201C
S214040D402564207768656E20747279696E672074EE
S214040D506F2073656E64204F5441206D6573736114
S214040D6067652E0053656E64696E672055706772FA
S214040D7061646520456E6420726571756573742EB2
S214040D800025733A20696E76616C696420636D642D
S214040D90496420307825303258004572726F723AB2
S214040DA020204661696C656420746F2073656E64E8
S214040DB0204F544120636F6D6D616E64203078253A
S214040DC03032582C207374617475733A2030782549
S214040DD03032580053657276657220756E6B6E6F8E
S214040DE0776E2C2066616C6C696E67206261636B3B
S214040DF020746F20646973636F766572792E004D74
S214040E006178696D756D2071756572792065727289
S214040E106F72732068697420282564292C207374E3
S214040E20617274696E672073656172636820666FA9
S214040E3072206E6577204F54412073657276657212
S214040E402E0A004170706C79696E6720757067723F
S214040E506164650025733A20696E76616C69642066
S214040E606F66667365742063757272656E74546912
S214040E706D652830782530385829203E20757067EF
S214040E807261646554696D65283078253038582950
S214040E90004F544120436C75737465723A20776131
S214040EA0697420666F722025642073005258656446
S214040EB02074696D654F7574203078253038582055
S214040EC0732C204D41582074696D654F757420301D
S214040ED078253038582073004D6178696D756D201B
S214040EE07570677261646520726571756573747375
S214040EF0206D616465202825642920776974686FED
S214040F00757420726573706F6E73652066726F6D8C
S214040F10207365727665722E005570677261646917
S214040F206E6720616E79776179004F54412053656E
S214040F30727669636520646973636F766572792077
S214040F4070726576656E746564202D20616E6F74AC
S214040F5068657220697320616C72656164792069C2
S214040F606E2070726F6772657373004661696C6594
S214040F706420746F20696E69746961746520736592
S214040F80727669636520646973636F766572792E19
S214040F90004F544120536572766963652044697333
S214040FA0636F7665727920696E2070726F677265FA
S214040FB0737300436C69656E74207665726966693E
S214040FC0636174696F6E206661696C65642E005394
S214040FD069676E617475726500437573746F6D002E
S214040FE0706173736564004641494C4544004E6F16
S214040FF0207369676E6174757265207665726966BA
S21404100069636174696F6E20737570706F72742C87
S21404101020617373756D696E6720696D61676520FD
S2140410206973206F6B61792E00257320766572696B
S2140410306669636174696F6E2025733A203078257B
S214041040303258004D6178696D756D206E756D622D
S2140410506572206F6620646F776E6C6F61642065BE
S21404106072726F7273207265616368202825642922
S2140410702C2061626F7274696E672E004F54412093
S214041080436C75737465723A2073657474696E671D
S21404109020494545452061646472657373206F6614
S2140410A0204F544120636C757374657200506172EE
S2140410B07469616C2066696C6520646F776E6C6F0A
S2140410C0616420666F756E642C20636F6E74696E3F
S2140410D075696E672066726F6D206F6666736574D9
S2140410E02030782530385800466F756E6420667553
S2140410F06C6C7920646F776E6C6F616465642066CF
S214041100696C6520696E2073746F72616765202848
S21404111076657273696F6E20307825303858292EBC
S21404112000466F756E642066696C6520696E207370
S214041130746F72616765207769746820646966668F
S2140411406572656E742076657273696F6E202830DA
S214041150782530385829207468616E206375727259
S214041160656E742076657273696F6E2028307825F4
S214041170303858290046696C6520696E2073746F90
S214041180726167652069732073616D6520617320E1
S21404119063757272656E742072756E6E696E672002
S2140411A076657273696F6E20283078253038582932
S2140411B0004E6F20696D61676520666F756E6420EA
S2140411C0696E2073746F726167652E004F544120F8
S2140411D05365727669636520446973636F766572D6
S2140411E07920756E626C6F636B65640049676E6F19
S2140411F072696E67207365727665722066726F6DAB
S214041200206C6F6F706261636B20616464726573D7
S214041210730049676E6F72696E67203078253034C4
S21404122058204F54412073657276657220696E208B
S214041230736561726368206F662054430053657457
S21404124074696E67204F5441205365727665722028
S214041250746F203078253034580044656C617969A1
S2140412606E67202564207365636F6E647320626501
S214041270666F7265207374617274696E67204F546A
S2140412804120636C69656E740054696D656F75748E
S2140412902077616974696E6720666F72206D657366
S2140412A0736167652E00426164204F544120636F6A
S2140412B06D6D616E643A20307825303258004F5494
S2140412C04120636F6D6D616E64203078253032582E
S2140412D020746F6F2073686F727420286C656E209C
S2140412E02564203C206D696E20256429004F5441F6
S2140412F020636F6D6D616E642066726F6D20756E0F
S2140413007265636F676E697A656420736572766565
S21404131072203078253034582E20204D79204F54B2
S21404132041207365727665723A20307825303458D9
S21404133000496D616765204E6F7469667900476F72
S2140413407420756E65787065637465642025732EE5
S2140413502020537461727420646973636F766572B7
S214041360792E0064656661756C74004F54413A20AA
S2140413706661696C656420746F2073656E642025ED
S2140413807320726573706F6E73653A2030782530FB
S214041390325800496D616765206E6F74696679001E
S2140413A0476F7420756E6578706563746564202570
S2140413B0732E202049676E6F7265642E004F544169
S2140413C03A2044656661756C7420726573706F6E3E
S2140413D0736520666F7220496D616765206E6F7451
S2140413E06966792C2073746174757320307825309F
S2140413F0325800496D616765206E6F74696679209E
S214041400636F6D6D616E6400257320756E6963612C
S21404141073742C207175657279696E6700496E76EF
S214041420616C6964002573202573207061796C6F84
S2140414306164207479706520307825303258002530
S214041440732025733A206F7574206F662072616E60
S2140414506765206A697474657220256400257320A4
S21404146025733A207061796C6F6164206C656E67D1
S214041470746820646F65736E2774206D6174636886
S21404148020747970652030782530325820282564F9
S214041490203C202564290025732025732064756567
S2140414A020746F206E6F6E2D6D61746368696E674D
S2140414B0206D616E75666163747572657220494449
S2140414C00025732025732064756520746F206E6F65
S2140414D06E2D6D61746368696E6720696D616765FA
S2140414E02074797065204944002573202573206490
S2140414F0756520746F206D61746368696E67206615
S21404150069726D776172652076657273696F6E00B5
S21404151025732025732C2052782764204A69747416
S21404152065722028307825303258292C205069637B
S2140415306B6564204A697474657220283078253097
S214041540325829005175657279206E657874206961
S2140415506D61676520726573706F6E7365002573C1
S2140415602072657475726E65642030782530325842
S2140415702E20204E6F206E657720696D616765208A
S214041580746F20646F776E6C6F61642E0025732011
S214041590746F6F2073686F727420282564203C2053
S2140415A02564290025733A204E657720696D6167A6
S2140415B06520697320617661696C61626C6520667A
S2140415C06F7220646F776E6C6F61642E00257320D3
S2140415D06973206E6F74207573696E67206D792049
S2140415E0696D61676520696E666F2E004552524FBD
S2140415F0523A204E65787420496D61676520697398
S21404160020746F6F2062696720746F2073746F7222
S214041610652028307825303858203E20307825300C
S2140416203858290025732072657475726E656420B7
S21404163073616D652046696C6556657273696F6E75
S2140416402061732063757272656E746C7920696E9E
S2140416507374616C6C65642E004F544120446F773C
S2140416606E6772616465732044697361626C656455
S2140416703A2046696C6556657273696F6E206265BA
S21404168068696E642063757272656E7420696E7321
S21404169074616C6C6174696F6E0053746172746902
S2140416A06E6720646F776E6C6F61642C205665726B
S2140416B073696F6E20307825303858004572726F23
S2140416C0723A204661696C656420746F2064656CA8
S2140416D065746520696D6167652E004572726F7268
S2140416E03A204661696C656420746F206572617384
S2140416F065206F6C642074656D7020646174612E5F
S21404170000496D61676520626C6F636B2072657358
S214041710706F6E7365004F54413A20496D6167657A
S214041720426C6F636B5265706F6E736520636F6E89
S2140417307461696E7320696E76616C6964206F7279
S21404174020696E636F6D706C657465206461746186
S214041750005570646174696E67204D696E20426C32
S2140417606F636B205265717565737420506572697A
S2140417706F6420746F202564206D7300446F776E49
S2140417806C6F61642064656C61792062792073658E
S21404179072766572202564206D7300446F776E6CD4
S2140417A06F61642061626F7274656420627920736D
S2140417B065727665722E0053657276657220646F64
S2140417C065736E277420737570706F727420706101
S2140417D0676520726571756573742C206F6E6C79FD
S2140417E0207573696E6720626C6F636B2072657117
S2140417F0756573742E00536572766572207265740F
S21404180075726E65642027756E737570706F72746A
S214041810656420636C757374657220636F6D6D61A7
S2140418206E64272E00556E6B6E6F776E20257320C0
S21404183073746174757320636F6465203078253023
S21404184032580025732068617320646174612073C4
S214041850697A65202825642920736D616C6C65722D
S214041860207468616E2061637475616C20706163B6
S2140418706B65742073697A6520282564292E0025F3
S21404188073206572726F723A20457870656374656A
S21404189064206F6666736574203078253038582C5B
S2140418A02062757420676F74203078253038582E7F
S2140418B0202049676E6F72696E6700257320696E13
S2140418C0666F20646964206E6F74206D617463684B
S2140418D0206D7920657870656374656420696E662A
S2140418E06F2E202044726F7070696E672E004661FA
S2140418F0696C656420746F20777269746520746FF0
S2140419002073746F72616765206465766963652108
S21404191000446F776E6C6F61640055706772616423
S2140419206520656E6420726573706F6E7365005310
S21404193065727665722061626F7274656420757074
S21404194067726164652C207374617475733A203011
S2140419507825303258004572726F723A202573200B
S21404196068616420696E76616C69642025733A2028
S2140419700066696C652076657273696F6E004164F3
S21404198064696E67202564206D732E2064656C611F
S2140419907920666F7220696D6D656469617465206F
S2140419A0757067726164652E00436F756E74646F3C
S2140419B0776E20746F20757067726164653A2025AF
S2140419C064206D73002053746174653A20202025CA
S2140419D073002057616974696E6720666F7220729F
S2140419E06573706F6E73653A20257300204E6578B4
S2140419F074204576656E742054696D65723A2025A8
S214041A0064206D73002043757272656E7420446F93
S214041A10776E6C6F6164204F66667365743A203027
S214041A207825303858202825642525290025733A3A
S214041A30206661696C65642070617273696E6720E4
S214041A404F544120636D6420307825303258004F5F
S214041A5054412044656661756C7420726573706FBA
S214041A606E736520746F20636F6D6D616E642049BC
S214041A7044203078253032582C2073746174757382
S214041A802030782530325800496D61676520626CD5
S214041A906F636B20726571756573742074657374F7
S214041AA0206F6E6C7920776F726B73207768656E23
S214041AB020737461746520697320424F4F544C4FF1
S214041AC041445F53544154455F4E4F4E4500526166
S214041AD06E646F6D2044656C6179206265666F7212
S214041AE06520737461727400446973636F766572FB
S214041AF0696E67204F5441205365727665720047BD
S214041B006574204F5441205365727665722045559E
S214041B1049004F627461696E206C696E6B206B6558
S214041B2079005175657279696E67204E6578742000
S214041B30496D61676500446F776E6C6F6164696EAA
S214041B406720496D61676500566572696679696ED6
S214041B506720496D6167650057616974696E67201F
S214041B60666F722055706772616465206D65737365
S214041B7061676500436F756E74646F776E20746F6B
S214041B8020557067726164650057616974696E6791
S214041B9020746F20757067726164652076696120B1
S214041BA06F75742D6F662D62616E64206D65636853
S214041BB0616E69736D0025733A20256425252063BC
S214041BC06F6D706C65746500496D6167652025648A
S214041BD00020204552524F523A20436F756C6420C1
S214041BE06E6F74206765742066756C6C206865611A
S214041BF0646572210020204865616465722056651C
S214041C007273696F6E3A203078253034580020207D
S214041C10486561646572204C656E6774683A202076
S214041C2025642062797465730020204669656C64B7
S214041C3020436F6E74726F6C3A20203078253034EF
S214041C40580020204D616E75662049443A202020B5
S214041C5020202020307825303458002020496D611B
S214041C60676520547970653A202020202030782536
S214041C7030345800202056657273696F6E3A2020FF
S214041C802020202020203078253038580020205A64
S214041C9069676265652056657273696F6E3A2030AF
S214041CA078253034580020204865616465722053D6
S214041CB07472696E673A20202573002020496D618E
S214041CC067652053697A653A2020202020256C64B5
S214041CD02062797465730020205365637572697495
S214041CE07920437265643A202030782530325800D3
S214041CF020205570677261646520446573743A20C9
S214041D0020200020204D696E2E20485720566572EC
S214041D103A202020203078253034580020204D6189
S214041D20782E204857205665723A20202020307896
S214041D3025303458002020546F74616C2054616739
S214041D40733A20256400202020205461673A20300E
S214041D507825303458002020202020204C656E67DB
S214041D6074683A20256C64004572726F723A204398
S214041D706F756C64206E6F74206F627461696E2078
S214041D8074616720696E666F2066726F6D20696D78
S214041D906167652E000A256420696D616765732096
S214041DA0696E204F54412073746F726167652E000C
S214041DB0496D6167652064656C65746525732E00DE
S214041DC04572726F723A2020436F756C64206E6F92
S214041DD074207265616420626C6F636B3A2030789D
S214041DE0253032582E0A005374617274696E672067
S214041DF065726173652066726F6D206F66667365C3
S214041E00742030782530385820746F203078253088
S214041E10385800436F756C64206E6F742073746159
S214041E20727420455241534521202830782530329B
S214041E30582900454550524F4D2045726173652020
S214041E40636F6D706C657465002F686F6D652F72B7
S214041E50756E6E65722F776F726B2F747579612D40
S214041E607A69676265652D7377697463682F74751C
S214041E7079612D7A69676265652D7377697463681D
S214041E802F73696C6162735F746F6F6C732F736901
S214041E906D706C69636974795F73646B2F70726FAD
S214041EA0746F636F6C2F7A69676265652F617070F3
S214041EB02F6672616D65776F726B2F706C756769CC
S214041EC06E2F6F74612D73746F726167652D7369FD
S214041ED06D706C652D656570726F6D2F6F74612DF6
S214041EE073746F726167652D656570726F6D2D70A2
S214041EF06167652D65726173652E63002F686F6D6B
S214041F00652F72756E6E65722F776F726B2F747590
S214041F1079612D7A69676265652D7377697463687C
S214041F202F747579612D7A69676265652D73776993
S214041F307463682F73696C6162735F746F6F6C731C
S214041F402F73696D706C69636974795F73646B2F42
S214041F5070726F746F636F6C2F7A69676265652F32
S214041F606170702F6672616D65776F726B2F706C1F
S214041F707567696E2F6F74612D73746F7261676510
S214041F802D73696D706C652D656570726F6D2F6F3E
S214041F9074612D73746F726167652D656570726FF9
S214041FA06D2E63004F54412053696D706C65205349
S214041FB0746F7261676520454550524F4D207761B6
S214041FC0726E696E673A20636F756C64206E6F7408
S214041FD02067657420736C6F7420696E666F206664
S214041FE06F7220736C6F7420256420286572726F7C
S214041FF07220307825303258292E20446566617563
S2140420006C74696E6720746F2073706563696669A3
S21404201065642061646472657373206F66667365B5
S21404202074730053746F72616765204472697665D1
S214042030723A202020202020202020202020204FFC
S21404204054412053696D706C652053746F726167D8
S2140420506520454550524F4D20506C7567696E009B
S21404206052656164204D6F6469667920577269749D
S2140420706520537570706F72743A20206E6F00532B
S2140420804F4320426F6F746C6F6164696E672053B0
S2140420907570706F72743A20202020796573004240
S2140420A06F6F746C6F616465722053746F726167CE
S2140420B06520537570706F72743A20557365206688
S2140420C06972737420736C6F7400536C6F7420742D
S2140420D06F207573653A20202020202020202020A1
S2140420E020202020202025640043757272656E74BB
S2140420F020446F776E6C6F6164204F6666736574F8
S2140421003A202020203078253038580045424C208C
S2140421105374617274204F66667365743A20202087
S21404212020202020202020203078253038580045D4
S2140421304550524F4D2053746172743A202020202B
S21404214020202020202020202020203078253038F1
S2140421505800454550524F4D20456E643A20202085
S21404216020202020202020202020202020203078FE
S2140421702530385800496D61676520496E666F20C2
S21404218053746172743A20202020202020202020BE
S21404219020307825303858005361766520526174B3
S2140421A06520286279746573292020202020202049
S2140421B020202020307825303858004F6666736516
S2140421C074206F6620646F776E6C6F6164206F6630
S2140421D066736574202020307825303858004F66A2
S2140421E066736574206F662045424C206F6666737E
S2140421F065743A2020202020202030782530385856
S214042200004F6666736574206F6620696D61676546
S2140422102073746172743A202020202020307825A0
S21404222030385800736C5F7A69676265655F61660B
S2140422305F6F74615F73746F726167655F64726900
S2140422407665725F726561645F63622829206661E1
S214042250696C65642100426164206D61676963206E
S2140422606E756D62657220696E2066696C653A20CB
S214042270307825303258203078253032582030785F
S2140422802530325820307825303258004261642098
S21404229076657273696F6E20696E2066696C652058
S2140422A0307825303458004572726F723A20726561
S2140422B06164416E6456616C696461746553746FDD
S2140422C0726564496D61676528292074726965645E
S2140422D020746F2072656164206D6F72652064617E
S2140422E07461207468616E20697420636F756C6411
S2140422F020686F6C642E00736C5F7A69676265652C
S2140423005F61665F6F74615F73746F726167655F48
S2140423106472697665725F726561645F63622829B8
S214042320204641494C454421004C617374206F6635
S2140423306673657420646F776E6C6F616465643A67
S214042340203078253038580053746F7261676520E2
S2140423504D6F64756C653A204F54412053696D7017
S2140423606C652053746F7261676520506C7567697D
S2140423706E00496D616765732053746F7265643AC5
S21404238020202564206F6620310A00253032583A12
S214042390006570202530325820636C757320253014
S2140423A03458206174747220253034582073767241
S2140423B020256300206D6667202530325800207281
S2140423C065706F7274206D696E2025303458206DE8
S2140423D061782025303458207270742D6368672025
S2140423E02530385800207265636569766520667204
S2140423F06F6D2025303458206570202530325820E3
S21404240074696D656F757420253034580072656D77
S2140424106F766500636C656172696E67206C6173C4
S21404242074207265706F72742074696D65206F66AF
S21404243020616C6C206174747269627574657300D3
S21404244074657374696E672074696D696E67206F4E
S2140424506620766172696F7573207265706F727428
S214042460696E67206F7065726174696F6E73002D94
S2140424702D2D2D2D2D2D2D2D2D2D2D2D2D2D2D2D83
S2140424802D2D2D2D2D2D2D2D2D2D2D2D2D2D2D2D73
S2140424902D2D2D2D2D2D2D2D2D2D2D2D2D2D002D90
S2140424A02D7461626C65207265616473202D2066EC
S2140424B0756C6C207461626C652D2D007265737585
S2140424C06C74203D202564206D73002D2D696E6983
S2140424D074202F207363686564756C652074696363
S2140424E06B2D2D2D002D2D6C6F616420636F6E6631
S2140424F0696775726174696F6E2064656661756C70
S21404250074732D2D002F686F6D652F72756E6E6552
S214042510722F776F726B2F747579612D7A69676283
S21404252065652D7377697463682F747579612D7A80
S21404253069676265652D7377697463682F73696C60
S2140425406162735F746F6F6C732F73696D706C69FF
S214042550636974795F73646B2F70726F746F636FE3
S2140425606C2F7A69676265652F6170702F66726179
S2140425706D65776F726B2F706C7567696E2F7265F9
S214042580706F7274696E672F7265706F7274696E9D
S214042590672E6300524541445F5250545F4346479A
S2140425A000726561645F7265706F7274696E675FEE
S2140425B0636F6E66696775726174696F6E005265E3
S2140425C0706F7274696E673A206661696C65642020
S2140425D0746F2073656E6420257320726573706F44
S2140425E06E73653A20307825303258004552523A98
S2140425F02072656164696E6720636C7573746572B6
S2140426002030782530345820617474726962757489
S21404261065203078253034583A20307825303258C2
S214042620004552523A207265706F7274696E672064
S2140426306F66204C4F4E4720737472696E67206134
S21404264074747269627574652074797065206E6F2F
S2140426507420737570706F727465643A20636C7559
S214042660737465722030782530345820617474721F
S2140426706962757465203078253034580052657068
S2140426806F7274696E6720456E7472792046756C35
S2140426906C202D206372656174696E67206E6577A1
S2140426A0207265706F7274004346475F5250540040
S2140426B0202D20646972656374696F6E3A25303222
S2140426C0582C20617474723A253034580020202027
S2140426D0747970653A253032582C206D696E3A2527
S2140426E03034582C206D61783A2530345800202038
S2140426F0206368616E67653A0020202074696D6502
S2140427006F75743A2530345800636F6E6669677562
S21404271072655F7265706F7274696E6700205443E9
S2140427204C4B2075706461746520616C72656164DD
S2140427307920696E2070726F6772657373004D61DD
S2140427406E75616C2054434C4B20757064617465DF
S214042750206661696C65642E257300537461727417
S214042760696E67207570646174652074727573741D
S2140427702063656E746572206C696E6B206B657978
S2140427802070726F6365737300557064617465209E
S2140427905443204C696E6B204B657900204E657758
S2140427A0206B65792065737461626C69736865640F
S2140427B03A00204572726F723A00506172746E6508
S2140427C0723A20005A434C20676C6F62616C206337
S2140427D06C757374657220636F6D6D616E647300DF
S2140427E0646972656374696F6E00646973632D63EC
S2140427F06F6D2D67656E00646973632D636F6D2D51
S214042800726563006578706563742D7265706F72A7
S214042810742D66726F6D2D6D6500757772697465BB
S214042820006E7772697465007265706F72742D72CB
S2140428306561640073656E642D6D652D612D72652A
S214042840706F7274004372656174657320612067EB
S2140428506C6F62616C20646973636F766572206363
S2140428606F6D6D616E6420666F722074686520619A
S21404287073736F6369617465642076616C756573E0
S2140428802E00636C757374657249641F6174747288
S214042890696275746549641F6D61784E756D62650D
S2140428A072546F5265706F72741F00437265617460
S2140428B06573206120676C6F62616C2073656E645B
S2140428C0206D652061207265706F727420636F6D71
S2140428D06D616E6420666F72207468652061737320
S2140428E06F6369617465642076616C7565732E0028
S2140428F0636C757374657249641F6174747269627B
S21404290075746549641F64617461547970651F6DDC
S214042910696E5265706F727454696D651F6D617867
S2140429205265706F727454696D651F7265706F724C
S2140429307461626C654368616E67651F0043726507
S21404294061746573206120676C6F62616C207265C8
S2140429506164207265706F7274696E6720636F6D50
S2140429606D616E6420666F7220746865206173738F
S2140429706F63696174656420636C75737465722C27
S2140429802061747472696275746520616E64207364
S21404299065727665722F636C69656E7420646972FD
S2140429A0656374696F6E2E00636C75737465724923
S2140429B0641F61747472696275746549641F64691E
S2140429C072656374696F6E1F00476C6F62616C207A
S2140429D07265706F7274696E6720636F6D6D616E79
S2140429E06400656E64706F696E741F636C757374CF
S2140429F0657249641F6174747269627574654964AA
S214042A001F6D61736B1F004372656174657320618B
S214042A1020676C6F62616C207265616420636F6D01
S214042A206D616E64206D65737361676520746F20D5
S214042A30726561642066726F6D2074686520636CCD
S214042A40757374657220616E642061747472696251
S214042A50757465207370656369666965642E0063C2
S214042A606C757374657249641F61747472696275F7
S214042A70746549641F004372656174657320612040
S214042A80676C6F62616C20777269746520636F6D22
S214042A906D616E64206D65737361676520746F2065
S214042AA0777269746520746F2074686520636C752A
S214042AB07374657220616E642061747472696275E1
S214042AC074652073706563696669656400636C7514
S214042AD07374657249641F6174747269627574658F
S214042AE049641F747970651F646174611F004372C2
S214042AF0656174652061206578706563742D726500
S214042B00706F72742D66726F6D2D6D65206D6573B2
S214042B10736167652077697468206173736F63698E
S214042B20617465642076616C7565732E00636C75DC
S214042B307374657249641F6174747269627574652E
S214042B4049641F74696D656F75741F00437265610F
S214042B507465206120446973636F76657220436FE1
S214042B606D6D616E64732047656E6572617465642D
S214042B7020636F6D6D616E6420776974682061737D
S214042B80736F6369617465642076616C7565732E12
S214042B9000636C757374657249641F737461727430
S214042BA0436F6D6D616E6449641F6D6178436F6D2C
S214042BB06D616E6449641F005365747320746865A0
S214042BC020646972656374696F6E20666F7220672D
S214042BD06C6F62616C20636F6D6D616E64732C2024
S214042BE065697468657220636C69656E7420746FB9
S214042BF020736572766572206F72207365727665CF
S214042C007220746F20636C69656E742E005365744D
S214042C1073206120666C616720736F20746861742A
S214042C2020746865206170706C69636174696F6E86
S214042C30206672616D65776F726B2057494C4C2025
S214042C404E4F5420726573706F6E6420746F2074D8
S214042C506865206E657874205A434C206D657373DE
S214042C60616765207468617420636F6D657320699D
S214042C706E206F76657220746865206169722E0016
S214042C8053657473206120666C616720736F2074CB
S214042C9068617420746865206170706C696361741F
S214042CA0696F6E206672616D65776F726B20574927
S214042CB04C4C20726573706F6E6420746F20746859
S214042CC065206E657874205A434C206D6573736175
S214042CD06765207468617420636F6D657320696E20
S214042CE0206F76657220746865206169722E0053C1
S214042CF0657473207468652044697361626C65202A
S214042D0044656661756C7420526573706F6E736586
S214042D10204672616D6520436F6E74726F6C20621C
S214042D20697420746F2075736520666F72207468EA
S214042D3065206E65787420636F6D6D616E642069BE
S214042D40662074686520636F6D6D616E64206973B8
S214042D50206E6F7420616C72656164792062756997
S214042D606C742E0064697361626C65446566617593
S214042D706C74526573706F6E73651F00536574735D
S214042D802074686520666C616720746F20757365AF
S214042D902074686520696E6372656D656E7465641B
S214042DA02073657175656E6365206E756D626572F8
S214042DB02066726F6D20746865206672616D657733
S214042DC06F726B20666F7220746865206E65787407
S214042DD02072617720636F6D6D616E642E0075736B
S214042DE0654E65787453657175656E63651F00433B
S214042DF06C6920636F6D6D616E6420746F2063610F
S214042E006C6C20736C5F7A69676265655F61665F88
S214042E107365745F74696D652066756E6374696F37
S214042E206E20646F63756D656E74656420696E20CC
S214042E3061662E680075746354696D651F0053657A
S214042E407473207468652074776F206279746520C3
S214042E506D616E75666163747572657220737065F4
S214042E606369666963206964656E74696669657218
S214042E7020746F2075736520666F722074686520F1
S214042E806E65787420636F6D6D616E64206966206C
S214042E9074686520636F6D6D616E64206973206E5F
S214042EA06F7420616C7265616479206275696C74F4
S214042EB02E006D6667537065636966696349641FAF
S214042EC00054727573742043656E746572204A6F7D
S214042ED0696E2048616E646C65723A20737461741E
S214042EE07573203D2025732C206465636973696FB0
S214042EF06E203D202573202825303258292C207337
S214042F00686F727469642030782530345800554EE2
S214042F1073656375726564206A6F696E00646576AE
S214042F20696365206C65667400554E7365637572D7
S214042F3065642072656A6F696E00757365207072C9
S214042F4065636F6E66696775726564206B65790084
S214042F5073656E64206B657920696E2074686520DD
S214042F60636C6561720064656E79206A6F696E00D1
S214042F706E6F20616374696F6E00616C6C6F77208E
S214042F8072656A6F696E73206F6E6C79006E6F740B
S214042F902000534C5F5354415455535F4E45545789
S214042FA04F524B5F555020307825303458005472B9
S214042FB07573742043656E746572204555492068A0
S214042FC061732025736368616E6765642E00534CD5
S214042FD05F5354415455535F4E4554574F524B5FBD
S214042FE0444F574E00534C5F5354415455535F4E11
S214042FF04F545F4A4F494E454400534C5F53544127
S2140430005455535F5A49474245455F4E4554574FBA
S214043010524B5F4F50454E45443A20256420736515
S2140430206300534C5F5354415455535F5A494742C7
S21404303045455F4E4554574F524B5F434C4F53459F
S214043040440025733A2025730064697374726962B8
S214043050757465640063656E7472616C697A656420
S21404306000466F726D002573696E67206F6E20636D
S214043070682025642C2070616E49642030782530E1
S2140430803458004572726F723A20446576696365F7
S21404309020646F6573206E6F7420737570706F7222
S2140430A074202573206E6574776F726B20666F725A
S2140430B06D6174696F6E004A6F696E00496E766161
S2140430C06C69642053656375726974792050726FF5
S2140430D066696C653A2030782530325800704A6F3D
S2140430E0696E20666F72202564207365633A20300B
S2140430F07825303258004C696D6974696E672064AF
S21404310075726174696F6E206F66207065726D6982
S21404311074206A6F696E2066726F6D20666F7265C2
S21404312076657220283235352920746F203235347E
S2140431300052583A205A444F2C20636F6D6D616ECE
S21404314064203078253034582C2073746174757379
S2140431503A203078253032580053696D706C65001B
S21404316052583A2025732044657363205265737061
S214043170004D61746368002C204D61746368657348
S2140431803A2025640044657669636520416E6E6F57
S214043190756E63653A203078253034580052583AB4
S2140431A02049454545204164647265737320526521
S2140431B073706F6E73650052583A20416374697673
S2140431C06520455020526573706F6E73652C2043DE
S2140431D06F756E743A202564004E6F6465002C206B
S2140431E04D6174636865733A20307825303458002E
S2140431F0737461636B207665722E205B25642E25BE
S214043200642E256400202573206275696C6420256D
S214043210645D005A444F00534500484100436C75B2
S2140432207374657200476C6F62616C002573747802
S214043230203078253038582C200050726F66696C20
S214043240653A2025732028307825303458292C20D8
S214043250436C75737465723A203078253034582C74
S2140432602025642062797465732C00205A434C2010
S214043270257320436D642049443A20256400507227
S214043280652D52656C6561736500416C70686120DC
S2140432903100416C706861203200416C70686120B6
S2140432A03300426574612031004265746120320047
S2140432B0426574612033004741005265736574208B
S2140432C0696E666F3A203078253032582028257388
S2140432D0290064656C6574652062696E64696E674E
S2140432E03A20253032582025303258000102030493
S2140432F005060708090A0B0C00010101010101017A
S2140433000101010101005752495445204552523AE1
S214043310200025736570202530325820636C757341
S2140433202025303458206174747220253034582097
S2140433306E6F7420737570706F7274656400257395
S214043340696E76616C696420646174612074797056
S2140433506500257361747472206E6F7420777269C9
S2140433607461626C650057524954453A206E6F206A
S21404337077726974652C206A75737420612074658D
S214043380737400524541443A2061747472696275DC
S21404339074652073697A6520746F6F206C61726738
S2140433A06520666F722063616C6C657200636C6E78
S2140433B074007372767200525700524F00202052E7
S2140433C0414D20200020746F6B656E200065787474
S2140433D065726E2000454E44504F494E54202530A9
S2140433E0325800636C7573202F2073696465202F30
S2140433F02061747472202F206D666720202F7479E4
S2140434007065286C656E292F207277202F207374C0
S2140434106F72616765202F20646174612028726171
S21404342077290025303458202F202573202F202577
S214043430303458202F2000202F20253032582028C2
S2140434402530325829202F202573202F202573203D
S2140434502F2000556E737570706F72746564004F1C
S214043460544120524541443A2065703A253032583A
S214043470206369643A253034582061747469643A68
S21404348025303458206D736B3A25303258206D66DB
S214043490636F64653A2530345800524541443A20F7
S2140434A0636C757320253034582C20617474722034
S2140434B025303458206661696C656420253032589E
S2140434C000524541443A20636C75732025303458C5
S2140434D02C206174747220253034582C2064617456
S2140434E0614C656E3A20253032582C204F4B00280C
S2140434F02563292530325825303258253032582550
S2140435003032582530325825303258253032582536
S2140435103032580064697361626C65002573642CEC
S2140435202064726F7070696E67206570203078252D
S21404353030325820636C7573203078253034582028
S214043540636D64203078253032580047656E6572A6
S21404355061746564005265636569766564004469F0
S21404356073636F76657220436F6D6D616E6473204E
S214043570726573706F6E73652028636F6D706C650B
S21404358074653A202563292C202573204944733A10
S214043590200030782530325820005F4558540052B9
S2140435A04541445F415454520057524954453A20C9
S2140435B0636C75732025303458206174747220252A
S2140435C030345820004641494C20253032580057A4
S2140435D0524954453A20746F6F2073686F727400B2
S2140435E0444953435F4154545200257325733A208B
S2140435F0636C757320253034580053766320446911
S21404360073633A2000257357616974696E672025D1
S214043610642073656320666F7220646973636F76D3
S21404362065727920746F20636F6D706C65746500C5
S214043630537461746520636F72726573706F6E6421
S214043640696E6720746F20746865207468652072DC
S214043650657175657374206E6F7420666F756E641D
S2140436600A002573636F6D706C6574652E0A0025F9
S214043670735365727669636520446973636F766510
S2140436807279205374617465206C696D6974732053
S214043690726561636865640A002573496C6C6567C6
S2140436A0616C2062726F6164636173742061646428
S2140436B0726573732C2072656D617070696E672015
S2140436C0746F2076616C6964206F6E652E002573B6
S2140436D04661696C656420746F2073656E64206D42
S2140436E06174636820646973636F766572793A20DF
S2140436F03078253032580025735374617274696EBD
S2140437006720646973636F7665727920666F7220CA
S214043710636C7573746572203078253034580025D0
S214043720734661696C656420746F2073656E6420EB
S21404373073696D706C652064657363726970746F09
S2140437407220726571756573743A2030782530324C
S214043750580025734661696C656420746F20736530
S2140437606E64204945454520616464726573732020
S214043770726571756573743A203078253032580056
S21404378025734661696C656420746F2073656E6486
S214043790204E574B206164647265737320726571A2
S2140437A0756573743A203078253032580045727245
S2140437B06F723A202573206261642073696D706CA1
S2140437C0652064657363726970746F72206C656ECD
S2140437D06774682E0025734D65737361676520747E
S2140437E06F6F2073686F72740025734D6573736111
S2140437F0676520746F6F2073686F727420666F72CB
S214043800206E756D2E20656E64706F696E7473001D
S21404381025734D61746368257320666F756E642026
S21404382066726F6D203078253034582E00457272DB
S2140438306F723A20257320696E76616C6964206C19
S214043840656E6774682028256420213D2025642938
S21404385020666F722041637469766520456E6470D5
S2140438606F696E7420726573706F6E73650025736E
S214043870676F7420616374697665204550207265AD
S21404388073706F6E7365005554432074696D653AA2
S2140438902025642F25642F25642025643A25643A60
S2140438A02564202825303858290028556E6B6E6FFD
S2140438B0776E20636C75732E205B30782530345811
S2140438C05D29000D0A54253038583A005258206CA9
S2140438D0656E2025642C20657020253032582C20F7
S2140438E0636C7573203078253034582000206D665C
S2140438F0674964202530345800204643202530325A
S2140439005820736571202530325820636D64202555
S214043910303258207061796C6F61645B0042617369
S2140439206963004F76657220746865204169722069
S214043930426F6F746C6F6164696E670025735258CA
S21404394020706B7420746F6F2073686F72743A20E3
S2140439502564203C202564002573525820706B741F
S214043960206D616C666F726D65643A202564203C38
S2140439702025640020204861766520526F757465A2
S2140439807220537570706F7274002020456E642028
S214043990446576696365204F6E6C79002020456E19
S2140439A061626C656400202044697361626C6564BE
S2140439B0004572726F722072657472696576696EFC
S2140439C06720696E666F20666F72206C696272612A
S2140439D07279204944202564002573206C6962723C
S2140439E061727925732070726573656E74005A6906
S2140439F0676265652050726F0042696E64696E671F
S214043A0000536563757269747920436F7265005359
S214043A1065637572697479204C696E6B204B6579A1
S214043A20730043424B45203136334B310043424BFF
S214043A304520445341205369676E00454343004381
S214043A40424B4520445341205665726966790050BE
S214043A5061636B65742056616C6964617465005AB1
S214043A604C4C0043424B45203238334B31004543DF
S214043A7043203238334B310043424B4520636F7248
S214043A8065004E4350004D756C7469206E657477FE
S214043A906F726B00456E68616E6365642042656193
S214043AA0636F6E205265710043424B4520323833B3
S214043AB04B312044534120566572696679004D7532
S214043AC06C74692D50414E002F686F6D652F7275AA
S214043AD06E6E65722F776F726B2F747579612D7A9F
S214043AE069676265652D7377697463682F74757981
S214043AF0612D7A69676265652D7377697463682FCB
S214043B0073696C6162735F746F6F6C732F73696D26
S214043B10706C69636974795F73646B2F70726F7409
S214043B206F636F6C2F7A69676265652F7374616360
S214043B306B2F636F6E6669672F736C5F7A69676253
S214043B4065655F636F6E66696775726174696F6ECB
S214043B502E63002F686F6D652F72756E6E65722FFB
S214043B60776F726B2F747579612D7A6967626565F4
S214043B702D7377697463682F747579612D7A696714
S214043B806265652D7377697463682F73696C616207
S214043B90735F746F6F6C732F73696D706C69636990
S214043BA074795F73646B2F70726F746F636F6C2FAE
S214043BB07A69676265652F737461636B2F667261D9
S214043BC06D65776F726B2F6165732D6563622E6307
S214043BD0002F686F6D652F72756E6E65722F776F26
S214043BE0726B2F747579612D7A69676265652D73BA
S214043BF077697463682F747579612D7A696762656D
S214043C00652D7377697463682F73696C6162735F7B
S214043C10746F6F6C732F73696D706C6963697479F4
S214043C205F73646B2F70726F746F636F6C2F7A6937
S214043C30676265652F737461636B2F736563757252
S214043C406974792F7A69676265652D736563757221
S214043C506974792D6D616E616765722D6E6F2D7650
S214043C6061756C742E63004572726F723A2020463A
S214043C7061696C656420746F207265616420667285
S214043C806F6D20454550524F4D2061742030782585
S214043C9034582C207374617475733A202564004577
S214043CA04550524F4D20496E697469616C697A6556
S214043CB0643A20256300454550524F4D20427573A3
S214043CC0793A202563005061727469616C20576FDD
S214043CD072642053746F7261676520436F756E74E7
S214043CE03A20256400416464726573733A20307820
S214043CF02534582C205061727469616C20576F7299
S214043D00643A203078255800636F6E6669726D6574
S214043D106400617373756D6564000A454550524FBF
S214043D204D20496E666F004E6F7420617661696C33
S214043D3061626C6520286F6C64657220626F6F74B4
S214043D406C6F6164657229005061727420446573F7
S214043D506372697074696F6E3A20202020202020D8
S214043D602020202573004361706162696C69746960
S214043D7065733A2020202020202020202020202088
S214043D80203078253258005061676520457261738B
S214043D90652074696D65202873293A202020202028
S214043DA02025640050617274204572617365207426
S214043DB0696D65202873293A202020202020256458
S214043DC000506172742045726173652074696D6574
S214043DD020286D73293A20202020202025640050B6
S214043DE06167652073697A6520286279746573292A
S214043DF03A202020202020202020256C00506172AC
S214043E00742073697A6520286279746573293A2068
S214043E102020202020202020256C00576F7264204C
S214043E2073697A6520286279746573293A2020209C
S214043E3020202020202025642028257029004545A0
S214043E4050524F4D20696E69743A203078255800D8
S214043E502F686F6D652F72756E6E65722F776F7231
S214043E606B2F747579612D7A69676265652D737732
S214043E70697463682F747579612D7A6967626565FC
S214043E802D7377697463682F73696C6162735F74EA
S214043E906F6F6C732F73696D706C69636974795F87
S214043EA073646B2F7574696C2F706C7567696E2FED
S214043EB0706C7567696E2D636F6D6D6F6E2F6565BB
S214043EC070726F6D2F656570726F6D2E6300556E20
S214043ED061626C6520746F20626F6F7420696D6117
S214043EE0676520617420736C6F7420256C640A0007
S214043EF0536C6F74204D616E6167657220666169EC
S214043F006C656420746F20657261736520736C6FD2
S214043F10740A004D61782072656164206C696D696D
S214043F20742073657420746F202564206279746528
S214043F30730A004164647265737320202020202075
S214043F4020202020446174610A00307825346C787F
S214043F5020202020202020307825780A0046616919
S214043F606C656420746F20726561642066726F6D80
S214043F7020666C6173680A00536C6F7420256C6449
S214043F800A20204164647265737320202020203A3E
S214043F9020307825346C580A20204C656E67746887
S214043FA02020202020203A20307825346C582028E1
S214043FB0256C64206279746573290A00202054797C
S214043FC0706520202020202020203A20004E6F20DC
S214043FD047424C2070726573656E740A005A6967AE
S214043FE04265650A005468726561640A00436F6E30
S214043FF06E6563740A00426C7565746F6F74680A44
S21404400000426C7565746F6F7468206170706C69BB
S214044010636174696F6E0A004D43550A004F7468F5
S214044020657220283078256C58290A0020205665A9
S2140440307273696F6E20202020203A203078256C19
S214044040580A0020204361706162696C697469656E
S214044050733A20307825346C580A00202050726F4A
S2140440606475637420494420203A2000307825582B
S2140440702000536C6F74204D616E616765723A2040
S2140440806661696C656420746F20696E6974696121
S2140440906C697A6520626F6F746C6F6164657220F8
S2140440A0286572726F72203078253478290A005693
S2140440B0657273696F6E20202020203A2025640ADA
S2140440C0005061727420202020202020203A2025D1
S2140440D0730A004361706162696C69746965733A56
S2140440E020307825780A00506172742073697A65E6
S2140440F02020203A20256420420A0050616765206B
S21404410073697A652020203A20256420420A0057E5
S2140441106F72642073697A652020203A2025642013
S214044120420A00536C6F7473202020202020203A0B
S2140441302025640A004661696C656420746F2072E9
S2140441406561642066726F6D2073746F7261676553
S21404415020666C61736820286572726F722025640D
S214044160290A00496E76616C696420736C6F74204A
S214044170256420286D617820736C6F74202564296B
S2140441800A004661696C656420746F206765742054
S214044190696E666F20666F7220736C6F7420256478
S2140441A00A00536C6F74204D616E616765723A2025
S2140441B0736C6F74207772697465206661696C75B8
S2140441C072652E2041646472657373206F6666732D
S2140441D065742028256429202B207772697465204D
S2140441E06C656E677468202825642920677265618B
S2140441F0746572207468616E20746F74616C2073C9
S2140442006C6F74206C656E67746820282564290AB0
S21404421000536C6F74204D616E6167657220776120
S214044220726E696E673A20736C6F74202564206C16
S214044230656E6774682028256429206E6F74206173
S2140442406C69676E656420746F207061676520739F
S214044250697A6520282564292E2054686520656EB1
S2140442607469726520736C6F742077696C6C206E49
S2140442706F74206265206572617365642E0A00534C
S2140442806C6F74204D616E616765723A2066616971
S2140442906C656420746F20657261736520256420E4
S2140442A0627974657320696E20736C6F742025645C
S2140442B020617420616464726573732030782534D9
S2140442C07820286572726F722030782578290A0063
S2140442D04572617365642025642062797465732071
S2140442E0696E20736C6F742025640A004661696CDD
S2140442F0656420746F2073657420736C6F74207407
S2140443006F20626F6F7420286572726F7220307827
S214044310253478290A004661696C656420746F2028
S214044320736574206C697374206F6620736C6F7485
S2140443307320746F20626F6F7420286572726F72B8
S214044340203078253478290A004661696C65642033
S214044350746F20676574206E6577206C69737420AB
S2140443606F6620736C6F747320746F20626F6F7443
S21404437020286572726F72203078253478290A00F6
S214044380426567696E6E696E6720696D6167652050
S214044390766572696669636174696F6E2E2E2E0087
S2140443A02E6661696C65642120284572726F7220DE
S2140443B03078253478290A002E7061737365642179
S2140443C020426F6F74696E6720736C6F7420256467
S2140443D00A00666E692B00666E69006E616E006682
S2140443E06E692D006C696273006273656E64007298
S2140443F065736574007261770073656E645F6D75CE
S2140444006C7469636173740073656E642D75736987
S2140444106E672D6D756C7469636173742D62696E55
S21404442064696E670074696D6573796E63006765A9
S214044430742D7074692D726164696F2D636F6E6676
S214044440696700636F6E6669672D6363612D6D6FC0
S2140444506465006576656E7473007365637572696A
S2140444607479007A69676265655F7072696E740054
S214044470706C7567696E006E6574006B65797300A1
S2140444806F7074696F6E00706C7567006368616E38
S21404449067656B6579006368616E67656B007A644F
S2140444A06F007072696E742072656C617465642046
S2140444B0636F6D6D616E64732E0061747472005A5E
S2140444C0646F2072656C6174656420636F6D6D61E2
S2140444D06E64732E00726F75746500706F77657204
S2140444E0006D676D742D6C7169006D676D742D6257
S2140444F0696E64006E6F64650073696D706C650048
S21404450069656565006E776B00756E62696E64003A
S2140445106E776B2D757064006F75742D636C2D6CDF
S21404452069737400696E2D636C2D6C697374005A1C
S214044530646F20696E2D636C2D6C697374207265CC
S2140445406C6174656420636F6D6D616E64732E00B8
S2140445505A646F206F75742D636C2D6C69737420A8
S21404456072656C6174656420636F6D6D616E6473EF
S2140445702E005A646F206E776B2D757064207265FA
S2140445806C6174656420636F6D6D616E64732E0078
S2140445907363616E2D6368616E2D6D61736B00735A
S2140445A063616E006368616E5067006368616E00E5
S2140445B05A646F20756E62696E642072656C6174ED
S2140445C0656420636F6D6D616E64732E00756E692D
S2140445D063617374006368616E67656B65792072E6
S2140445E0656C6174656420636F6D6D616E64732EB3
S2140445F0006C696E6B004F7074696F6E2072656C28
S2140446006174656420636F6D6D616E64732E0072F1
S21404461065676973746572006469736300696E73B1
S21404462074616C6C2D636F64650062696E64696E98
S214044630672D7461626C65007072696E742D727891
S2140446402D6D7367730061707372657472790041BF
S214044650505320726574727920666C616720666FA9
S21404466072636520636F6D6D616E647300456E6181
S214044670626C65732F44697361626C657320707233
S214044680696E74696E67206F66205278206D657354
S21404469073616765732E00656E61626C65004269BE
S2140446A06E64696E67207461626C652072656C6105
S2140446B074656420636F6D6D616E64732E0053655C
S2140446C0637572697479206B6579732072656C61A1
S2140446D074656420636F6D6D616E64732E0064652B
S2140446E06C657465004E6574776F726B2072656CCA
S2140446F06174656420636F6D6D616E64732E00660D
S2140447006F726D0072656A6F696E2D646966662DD8
S2140447106465766963652D74797065006578747070
S214044720616E69640069736F70656E0062726F61B2
S214044730642D706A6F696E006368616E67652D63C9
S21404474068616E6E656C00696E6974006368616E9C
S21404475067652D6B6565702D616C6976652D6D6F6B
S21404476064650074696D656F75742D6F7074696F18
S2140447706E2D6D61736B006D756C74692D70687940
S2140447802D7374617274006D756C74692D7068791C
S2140447902D73746F700066696E64006E6574776F4F
S2140447A0726B2066696E6420636F6D6D616E6473F0
S2140447B02E006A6F696E61626C6500756E7573654E
S2140447C06400736C6F742D6D616E6167657200634F
S2140447D06F756E746572730066696E642D616E64BF
S2140447E02D62696E6400667261676D656E746174CD
S2140447F0696F6E0067726F7570732D736572766578
S21404480072006E6574776F726B2D7374656572696A
S2140448106E67006F74612D626F6F746C6F616400F5
S2140448206F74612D636C69656E74006F74612D73AB
S214044830746F726167652D636F6D6D6F6E006F7454
S214044840612D73746F726167652D656570726F6D27
S2140448500069646C652D736C6565700075706461C1
S21404486074652D74632D6C696E6B2D6B657900759C
S21404487070646174652D74632D6C696E6B2D6B6545
S214044880792072656C6174656420636F6D6D616E0A
S21404489064730074696D6572006E6F7700436F6DA4
S2140448A06D616E647320746F20636F6E74726F6CC8
S2140448B02069646C696E672F736C656570696E67D2
S2140448C0206F662074686520646576696365006693
S2140448D06F7263652D6177616B65006177616B65E7
S2140448E02D7768656E2D6E6F742D6A6F696E6564BC
S2140448F0007265706F7274696E672072656C61749D
S214044900656420636F6D6D616E64732E00636C6501
S21404491061722D6C6173742D7265706F72742D7470
S214044920696D6500746573742D74696D696E6700CE
S2140449306F74612D73746F726167652D656570722F
S2140449406F6D2072656C6174656420636F6D6D6154
S2140449506E64732E0077697065006F74612D7374CE
S2140449606F726167652D636F6D6D6F6E2072656C17
S2140449706174656420636F6D6D616E64730070723C
S214044980696E74496D616765730072656C6F616406
S2140449900073746F726167652D696E666F0064617B
S2140449A074612D7072696E74006F74612D636C6926
S2140449B0656E742072656C6174656420636F6D6DDA
S2140449C0616E64732E0076657269667900626C6F38
S2140449D0636B2D7465737400706167652D72657101
S2140449E07565737400757067726164652D726571A0
S2140449F0756573740064697361626C652D646F77A2
S214044A006E67726164657300656E61626C652D64C1
S214044A106F776E677261646573006F74612D626F81
S214044A206F746C6F61642072656C61746564206376
S214044A306F6D6D616E6473006E6574776F726B2D47
S214044A407374656572696E672072656C61746564FB
S214044A5020636F6D6D616E64732E007072652D63D6
S214044A606F6E666967757265642D6B65792D7365FF
S214044A7074006D61736B2072656C61746564206389
S214044A806F6D6D616E642E0073756274726163740B
S214044A900067726F7570732D736572766572207217
S214044AA0656C6174656420636F6D6D616E64732EEE
S214044AB000667261676D656E746174696F6E2072EC
S214044AC0656C6174656420636F6D6D616E64732ECE
S214044AD0007365742D72782D77696E646F772D7305
S214044AE0697A65006172746966696369616C2D62CE
S214044AF06C6F636B2D64726F700046696E64206120
S214044B006E642062696E642072656C6174656420EC
S214044B10636F6D6D616E64732E00696E697469618E
S214044B20746F7200656E61626C655F74797065009F
S214044B30737461636B00617070007A636C006C65FB
S214044B40676163795F61665F646562756700636F5A
S214044B50756E746572732072656C61746564206327
S214044B606F6D6D616E64732E007072696E742D6362
S214044B706F756E7465722D747970650073696D70E7
S214044B806C652D7072696E74007072696E742D7423
S214044B9068726573686F6C6473007365742D7468EB
S214044BA0726573686F6C640072657365742D7468DF
S214044BB0726573686F6C64730073656E642D7265DA
S214044BC071756573740073656375726974792072A0
S214044BD0656C6174656420636F6D6D616E647300EB
S214044BE07365742D616C6C6F772D74727573742D88
S214044BF063656E7465722D72656A6F696E2D757362
S214044C00696E672D77656C6C2D6B6E6F776E2D6B8A
S214044C106579007365742D616C6C6F772D7472758D
S214044C2073742D63656E7465722D72656A6F696E32
S214044C302D7573696E672D77656C6C2D6B6E6F774B
S214044C406E2D6B65792D74696D656F75740073656B
S214044C50742D6B65792D726571756573742D706F1F
S214044C606C696379006D66672D746F6B656E0061A1
S214044C70707300536563757269747920617073206C
S214044C8072656C6174656420636F6D6D616E6473C8
S214044C902E004765742F736574204D464720746F45
S214044CA06B656E2E00656E64706F696E7420726537
S214044CB06C6174656420636F6D6D616E64732E0041
S214044CC0656570726F6D207574696C69747920728D
S214044CD0656C6174656420636F6D6D616E647300EA
S214044CE0536C6F74204D616E616765722072656CDB
S214044CF06174656420636F6D6D616E647300626FCA
S214044D006F742D736C6F740065726173652D736CAC
S214044D106F74006578742D666C6173682D696E66B1
S214044D206F00736C6F74732D696E666F00507269D2
S214044D306E74732074696D652E005072696E747398
S214044D40206174747269627574652E00436C6561C3
S214044D50727320746865205A444F206C69737420FB
S214044D606F6620636C69656E742028696E292063FB
S214044D706C7573746572732E004164647320636C7F
S214044D8075737465727320746F20746865206B6E17
S214044D906F776E20636C69656E742028696E2920AF
S214044DA0636C757374657273206F6E2074686973B0
S214044DB0206465766963652E00436C6561727320B2
S214044DC0746865205A444F206C697374206F66209B
S214044DD0636C69656E7420286F75742920636C751E
S214044DE073746572732E004164647320636C757308
S214044DF07465727320746F20746865206B6E6F77A9
S214044E006E20636C69656E7420286F757429206340
S214044E106C757374657273206F6E20746869732082
S214044E206465766963652E0053656E647320616EEF
S214044E3020757064617465206368616E6E656C20AD
S214044E40726571756573742E006368616E6E656C49
S214044E501F0053656E647320616E20757064617400
S214044E6065206368616E6E656C207061676520728C
S214044E7065712E2054686520737461636B207365B6
S214044E806E6473206E776B20656E68616E6365640E
S214044E90207570646174652072657120666F722077
S214044EA06E6F6E2D7A65726F20706167652E006373
S214044EB068616E6E656C1F706167651F0050657271
S214044EC0666F726D7320616E20656E6572677920F9
S214044ED07363616E2E007461726765744E6F6465E9
S214044EE049641F7363616E4475726174696F6E1FE3
S214044EF07363616E436F756E741F0042726F6164F4
S214044F00636173747320746865204944206F662057
S214044F10746865206E6577206E6574776F726B2093
S214044F206D616E6167657220616E64206163746989
S214044F307665206368616E6E656C732E006E776BA3
S214044F404D676549641F6368616E6E656C4D617379
S214044F506B1F00506572666F726D7320616E2065FC
S214044F606E65726779207363616E206F6E20676961
S214044F7076656E206368616E6E656C206D61736B1A
S214044F802E007461726765744E6F646549641F739E
S214044F9063616E4475726174696F6E1F7363616ECC
S214044FA0436F756E741F6368616E6E656C4D6173D6
S214044FB06B1F0053656E64732061206E6574776F93
S214044FC0726B2061646472657373207265717565B3
S214044FD0737420666F722074686520676976656EE0
S214044FE0204945454520616464726573732E0069E3
S214044FF06565651F00526571756573747320616E0F
S2140450002049454545206164647265737320626176
S214045010736564206F6E206120676976656E206E06
S2140450206F64652049442E006E6F646549641F00F2
S21404503053656E647320612073696D706C652064BB
S214045040657363726970746F7220726571756573C7
S2140450507420666F72207468652073686F7274209B
S2140450606164647265737320616E6420656E647037
S2140450706F696E74207370656369666965642E0073
S214045080646573741F746172676574456E64706FCB
S214045090696E741F0053656E64732061206D6174BD
S2140450A0636844657363726970746F727352657172
S2140450B07565737420746F207468652067697665F7
S2140450C06E2064657374696E6174696F6E207769A7
S2140450D074682074686520676976656E2070726FE0
S2140450E066696C652E006E6F646549641F70726F26
S2140450F066696C651F0053656E64732061206E6F6D
S21404510064652064657363726970746F7220726577
S214045110717565737420746F206120676976656E97
S21404512020746172676574206465766963652E0011
S2140451307461726765741F0053656E647320612022
S2140451405A444F2042696E6420636F6D6D616E64CD
S21404515020746F20612064657669636520737065CA
S21404516063696669656420696E2074686520636F88
S2140451706D6D616E6420617267756D656E74732EF5
S2140451800044657374696E6174696F6E1F536F753E
S21404519072636520656E64706F696E741F44657310
S2140451A074696E6174696F6E20656E64706F696E83
S2140451B0741F636C757374657249441F72656D6FF2
S2140451C0746545554936341F6465737445554936C8
S2140451D0341F0053656E647320616E2061637469C6
S2140451E0766520656E64706F696E7420726571757D
S2140451F065737420746F20746865206465766963CB
S2140452006520776974682074686520676976656EBA
S2140452102073686F72742049442E0053656E64735D
S21404522020616E20756E62696E64207265717565A4
S214045230737420666F72206120756E69636173747F
S2140452402062696E64696E6720746F2074686520D6
S214045250746172676574206465766963652E00748C
S21404526061726765741F736F75726365206575690F
S21404527036341F736F7572636520656E64706F696C
S2140452806E741F636C757374657249441F6465732A
S21404529074696E6174696F6E45554936341F64656A
S2140452A07374696E6174696F6E20656E64706F697D
S2140452B06E741F0053656E647320616E20756E6293
S2140452C0696E64207265717565737420666F7220EA
S2140452D061206D756C7469636173742062696E64B1
S2140452E0696E6720746F20746865207461726765E0
S2140452F074206465766963652E00746172676574EC
S2140453001F736F757263652065756936341F736F16
S2140453107572636520656E64706F696E741F636C66
S214045320757374657249441F67726F75704164645F
S214045330726573731F0053656E64732061205A444C
S2140453404F204D616E6167656D656E74204C6561B6
S214045350766520636F6D6D616E6420746F2074686B
S2140453606520746172676574206465766963652E6A
S214045370007461726765741F72656D6F7665436845
S214045380696C6472656E1F72656A6F696E1F00537E
S214045390656E64732061205A444F204D474D542D4A
S2140453A042696E64202842696E64696E672054619F
S2140453B0626C6529205265717565737420746F205C
S2140453C074686520746172676574206465766963C1
S2140453D0652E007461726765741F73746172744914
S2140453E06E6465781F0053656E64732061205A44AA
S2140453F04F204D474D542D4C514920284C5149209F
S2140454005461626C652920526571756573742074E5
S2140454106F207468652074617267657420646576AD
S2140454206963652E0053656E64732061205A444F89
S21404543020506F7765722044657363726970746F69
S21404544072205265717565737420746F2074686574
S21404545020746172676574206465766963652E00DE
S21404546053656E64732061205A444F20726F7574BE
S21404547065207265717565737420636F6D6D616EFA
S2140454806420746F20746865207461726765742E76
S214045490007461726765741F696E6465781F0069BD
S2140454A06E6465781F65756936341F696E7374613A
S2140454B06C6C436F64651F00696E6465781F657560
S2140454C06936341F6B65791F005443206C696E6B14
S2140454D0206B6579207265717565737420706F6CC6
S2140454E06963791F417070206C696E6B206B6579F7
S2140454F0207265717565737420706F6C6963791FAB
S21404550000426F6F6C3A20616C6C6F772074727512
S21404551073742063656E7465722072656A6F696E53
S214045520207573696E672077656C6C2D6B6E6F776C
S2140455306E206B65791F0070726F66696C654964CE
S2140455401F636C757374657249641F0074617267B7
S214045550657449641F00456E61626C6573207072E1
S214045560696E74696E67206F66205278206D657365
S21404557073616765732E00536574732074686520C1
S21404558062696E64696E67207461626C6500696E38
S2140455906465781F636C75737465721F6C6F6361E2
S2140455A06C45701F72656D6F746545701F6575690F
S2140455B036341F00436C656172732074686520621C
S2140455C0696E64696E67207461626C652E00507241
S2140455D0696E7473207468652062696E64696E67A8
S2140455E0207461626C6520746F2074686520636F34
S2140455F06D6D616E64206C696E652E00436C65612A
S214045600727320616C6C207365637572697479209B
S2140456106B6579732E0044656C65746520746865E3
S21404562020737065636966696564206C696E6B20B7
S2140456306B657920696E6465782E005072696E74A5
S2140456407320616C6C207365637572697479206B62
S2140456506579732E005465726D696E617465732086
S214045660746865206D756C74692D50485920696E90
S21404567074657266616365005573656420746F2093
S2140456807374617274206D756C74692D504859205A
S214045690696E74657266616365206F7468657220EE
S2140456A07468616E206E617469766520616E64202C
S2140456B0666F726D20746865206E6574776F726BA2
S2140456C02E2054686520737461636B20757365734C
S2140456D02073616D652050616E4964206173206E8D
S2140456E0617469766520726164696F206E6574778B
S2140456F06F726B2E00706167651F6368616E6E65FE
S2140457006C1F706F7765721F6F7074696F6E734D60
S21404571061736B20284269742030203D20526F75D7
S2140457207465727320616C6C6F7765642C204269B3
S214045730742031203D2042726F616463617374206B
S214045740616C6C6F776564291F00417474656D70B5
S214045750747320746F206368616E6765207468656F
S214045760206368696C642074696D656F7574206F56
S2140457707074696F6E206D61736B20746F20666938
S2140457806C746572206F757420756E6465736972C7
S21404579061626C652076616C7565732028652E677A
S2140457A02E206E6F206D6F7265207468616E2033D4
S2140457B02064617973292E0074696D656F75742091
S2140457C06F7074696F6E206D61736B1F0053776919
S2140457D07463686573206265747765656E206469B2
S2140457E066666572656E74206B65657020616C69AB
S2140457F07665206D6F64657320737570706F727450
S2140458006564206279206120726F757465722E005B
S2140458104B65657020616C697665206D6F64651FE5
S214045820005072696E7473207468652063757272B2
S214045830656E74204E6F64652049442C2045554996
S21404584036342C20616E642050616E2049442E004C
S214045850496E697469616C697A65732061206E6546
S21404586074776F726B3B2074686973206973206168
S214045870207465737420636F6D6D616E6420757338
S214045880656420666F722074632D737761702D6F64
S21404589075742074657374696E672E00536574732B
S2140458A020746865206E6574776F726B20696E6409
S2140458B06578207573656420627920616C6C206657
S2140458C0757475726520434C4920636F6D6D616E07
S2140458D064732E20204265666F7265206578656362
S2140458E07574696E67206120434C4920636F6D6D43
S2140458F0616E642C20746865206672616D65776FCE
S214045900726B20737769746368657320746F207490
S214045910686973206E6574776F726B2E20204166FB
S2140459207465722074686520636F6D6D616E6420A3
S21404593066696E69736865732065786563757469EE
S2140459406E672C20746865206672616D65776F7269
S2140459506B207377697463686573206261636B2078
S214045960746F207468652070726576696F7573202D
S2140459706E6574776F726B2E202054686520434CD6
S214045980492075736573207468652073616D65209E
S2140459906E6574776F726B20696E64657820756EB9
S2140459A074696C2074686520646576696365207222
S2140459B06573657473206F7220697420697320633D
S2140459C068616E676564207468726F7567682074B2
S2140459D068697320636F6D6D616E642E0041747424
S2140459E0656D70747320746F206368616E676520DC
S2140459F0646576696365206F76657220746F2061CE
S214045A0020646966666572656E74206368616E6E8E
S214045A10656C20676976656E20696E2074686520FB
S214045A206368616E6E656C20617267756D656E7411
S214045A302E00546865206368616E6E656C20746F12
S214045A40206368616E676520746F1F0066696E6404
S214045A50556E7573656450616E49640066696E645C
S214045A604A6F696E61626C654E6574776F726B001F
S214045A705065726D697473206A6F696E696E67200B
S214045A806F6E20746865206E6574776F726B20661F
S214045A906F72206120676976656E206E756D62652B
S214045AA072206F66207365636F6E647320414E4484
S214045AB02062726F616463617374732061205A4458
S214045AC04F204D676D74205065726D6974204A6F5F
S214045AD0696E696E67207265717565737420746F7C
S214045AE020616C6C20726F75746572732E00412091
S214045AF073696E676C65206279746520696E646983
S214045B00636174696E6720686F77206C6F6E6720B8
S214045B10746865206465766963652073686F756C60
S214045B20642068617665207065726D6974206A6F9A
S214045B30696E696E67207475726E6564206F6E2078
S214045B40666F722E20412076616C7565206F662024
S214045B5030786666207475726E73206F6E2070657A
S214045B60726D6974206A6F696E20696E6465666911
S214045B706E6974656C792E1F00436865636B7320C9
S214045B806E6574776F726B20706A6F696E207374BB
S214045B90617475732E005772697465732074686532
S214045BA020657874656E6465642070616E2049446F
S214045BB020666F7220746865206465766963652E56
S214045BC00065787470616E69641F0052656A6F6957
S214045BD06E7320616E206578697374696E67206ED3
S214045BE06574776F726B20696E20612073656375C8
S214045BF07265206F7220696E736563757265206DB9
S214045C00616E6E65722077697468206120646966C7
S214045C10666572656E74206465766963652074795A
S214045C2070652E00426F6F6C65616E206E657477CA
S214045C306F726B206B657920617661696C6162694D
S214045C406C6974791F4368616E6E656C206D617350
S214045C506B1F416E20656E756D65726174696F6E3B
S214045C6020696E6469636174696E67207468652070
S214045C70646576696365207479706520746F207234
S214045C80656A6F696E2061732E546865207374614B
S214045C90636B206F6E6C7920616363657074732028
S214045CA0534C5F5A49474245455F454E445F444519
S214045CB05649434520616E6420534C5F5A49474217
S214045CC045455F534C454550595F454E445F4445F2
S214045CD0564943452E1F0052654A6F696E7320610C
S214045CE0206E6574776F726B2E00426F6F6C656101
S214045CF06E206E6574776F726B206B6579206176A3
S214045D0061696C6162696C6974791F4368616E6E5F
S214045D10656C206D61736B1F004C6561766573203E
S214045D2061206E6574776F726B2E005475726E7395
S214045D30207065726D6974206A6F696E696E67207B
S214045D406F6E20666F722074686520616D6F756E65
S214045D5074206F662074696D6520696E646963617A
S214045D607465642E00412073696E676C65206279E1
S214045D70746520696E6469636174696E6720686F10
S214045D8077206C6F6E672074686520646576696337
S214045D90652073686F756C6420686176652070652D
S214045DA0726D6974206A6F696E696E6720747572A5
S214045DB06E206F6E20666F722E20412076616C75A1
S214045DC065206F662030786666207475726E732060
S214045DD07065726D6974206A6F696E20696E646599
S214045DE066696E6974656C792E1F004A6F696E73F6
S214045DF02061206E6574776F726B206F6E20612051
S214045E00676976656E206368616E6E656C2C2077B4
S214045E10697468206120676976656E20545820503E
S214045E206F77657220616E642050414E2049442E7F
S214045E3000546865206368616E6E656C206F6E2022
S214045E40776869636820746F206A6F696E20746867
S214045E5065206E6574776F726B1F4F6E652D627961
S214045E607465207369676E65642076616C75652059
S214045E70696E6469636174696E672074686520542A
S214045E805820506F77657220746861742074686552
S214045E9020726164696F2073686F756C6420626534
S214045EA02073657420746F1F5468652050414E201B
S214045EB04944206F6E20776869636820746F206A8F
S214045EC06F696E20746865206E6574776F726B1FD9
S214045ED000466F726D732061206E6574776F726B07
S214045EE0206F6E206120676976656E206368616E38
S214045EF06E656C2C20776974682061206769766506
S214045F006E20545820506F77657220616E6420505E
S214045F10414E2049442E00546865206368616E6EC5
S214045F20656C206F6E20776869636820746F2066DE
S214045F306F726D20746865206E6574776F726B1F60
S214045F404F6E652D62797465207369676E6564208B
S214045F5076616C756520696E6469636174696E67E1
S214045F602074686520545820506F776572207468D2
S214045F7061742074686520726164696F2073686F49
S214045F80756C642062652073657420746F1F546892
S214045F90652050414E204944206F6E20776869631F
S214045FA06820746F20666F726D20746865206E6555
S214045FB074776F726B1F005468697320696E697416
S214045FC0696174657320612054434C4B207570647A
S214045FD06174652070726F6365647572652E005314
S214045FE07065636966792074686520616D6F756E87
S214045FF074206F662074696D6520746F20776169FC
S21404600074206166746572206F6E652054434C4B31
S21404601020757064617465206F7065726174696F51
S2140460206E20636F6D706C65746573206265666F51
S214046030726520626567696E6E696E672061206EA0
S21404604065772054434C4B20757064617465206FEB
S2140460507065726174696F6E2E0054686520616D98
S2140460606F756E74206F662074696D652062657442
S2140460707765656E2073756273657175656E7420D9
S21404608074727573742063656E746572206C696EC1
S2140460906B206B6579207570646174657320696E16
S2140460A0206D696C6C697365636F6E64731F00534F
S2140460B06574206F7220636C6561722073746179F5
S2140460C0206177616B65207768656E206E6F74203B
S2140460D06A6F696E656400536574206F7220636C22
S2140460E065617220666F726365206177616B650017
S2140460F0446973706C61792074686520736C656597
S214046100702073746174757300464F52205445535F
S21404611054494E4720505552504F534553202D2036
S2140461206761746865722074696D696E67206D6551
S214046130747269637320666F72207265706F72740E
S214046140696E67207461626C65206F706572617435
S214046150696F6E732E00436C656172732074686594
S214046160206C617374207265706F72742074696D2C
S21404617065206F6620617474726962757465732E27
S21404618000416464732061206E657720656E7472C6
S2140461907920746F20746865207265706F7274203D
S2140461A07461626C652E00546865206C6F63616C64
S2140461B020656E64706F696E742066726F6D2077EA
S2140461C068696368207468652061747472696275AE
S2140461D07465206973207265706F727465641F54E9
S2140461E0686520636C75737465722077686572657C
S2140461F020746865206174747269627574652069B8
S21404620073206C6F63617465641F54686520494429
S214046210206F662074686520617474726962757490
S21404622065206265696E67207265706F7274656456
S2140462301F3020666F7220636C69656E742D7369F7
S21404624064652061747472696275746573206F7214
S214046250203120666F72207365727665722D7369BD
S214046260646520617474726962757465731F54681A
S21404627065206D696E696D756D207265706F7274D8
S214046280696E6720696E74657276616C2C206D6524
S21404629061737572656420696E207365636F6E64DE
S2140462A0732E1F546865206D6178696D756D207254
S2140462B065706F7274696E6720696E746572766154
S2140462C06C2C206D6561737572656420696E20732D
S2140462D065636F6E64732E1F546865206D696E69FE
S2140462E06D756D206368616E676520746F207468D1
S2140462F0652061747472696275746520746861746B
S2140463002077696C6C20726573756C7420696E20D6
S21404631061207265706F7274206265696E6720739F
S214046320656E742E1F0052656D6F76657320616E00
S21404633020656E7472792066726F6D2074686520AD
S2140463407265706F7274207461626C652E00546896
S2140463506520696E646578206F66207468652072AF
S21404636065706F727420746F2062652072656D6F3D
S2140463707665641F00436C6561727320616C6C20E3
S214046380656E74726965732066726F6D20746865D5
S214046390207265706F7274207461626C652E005092
S2140463A072696E747320746865207265706F727497
S2140463B0207461626C652E00576970657320616C89
S2140463C06C206461746120696E207468652073743F
S2140463D06F72616765206465766963652E00507226
S2140463E0696E747320617262697472617279206274
S2140463F079746573206F6620746865204F54412055
S214046400696D616765206F6E206469736B2E005436
S214046410686520696E646578206F662074686520F8
S214046420696D61676520746F207072696E74206987
S214046430747320646174611F546865206F666673A4
S214046440657420696E746F20746865204F5441200B
S214046450696D61676520746861742077696C6C2067
S2140464606265207072696E7465641F005072696E8E
S214046470747320696E666F726D6174696F6E2061E5
S214046480626F7574207468652073746F72616765D3
S214046490206465766963652E0052656C6F616420BE
S2140464A07468652073746F726167652064657669C5
S2140464B063652E0044656C65746573207468652096
S2140464C0696D616765206174207468652073706502
S2140464D063696669656420696E6465782E0054682D
S2140464E06520696E646578206174207768696368DE
S2140464F020746F20626567696E2064656C657469D4
S2140465006E672074686520696D6167651F00507248
S214046510696E74732074686520696D616765732E8F
S21404652000456E61626C6573204F544120646F773A
S2140465306E6772616465732E0044697361626C658C
S21404654073204F544120646F776E6772616465737D
S2140465502E0053656E647320616E205570677261F9
S2140465606465456E645265717565737420746F2036
S214046570616E204F5441207365727665722E004317
S214046580616E206265207573656420746F2064797B
S2140465906E616D6963616C6C79207475726E206FC0
S2140465A066662073656E64696E6720706167652031
S2140465B07265717565737473206F6E2074686520D8
S2140465C0636C69656E7420736964652C2069662043
S2140465D07468652073657276657220646F65736E81
S2140465E0277420737570706F7274207468697320D2
S2140465F0666561747572652E00426F6F6C65616EB8
S2140466002076616C7565207475726E696E67206F8E
S2140466106E20283129206F72206F66662028302964
S214046620207468652070616765207265717565738E
S2140466307420666C61671F0053656E647320616E18
S21404664020696D61676520626C6F636B207265718B
S2140466507565737420666F7220612066696C6520A8
S214046660746865207365727665722073686F756CDE
S21404667064206E6F7420686176652E2020546573DE
S21404668074206861726E657373206F6E6C7920284F
S21404669074657374206361736520392E352E362035
S2140466A02D204D697373696E672046696C652900F1
S2140466B05072696E747320696E666F726D61746968
S2140466C06F6E206F6E207468652063757272656ED7
S2140466D074207374617465206F6620746865204F37
S2140466E0544120636C69656E7420646F776E6C6FBA
S2140466F061642E0053746F707320746865204F5461
S21404670041207374617465206D616368696E652EDB
S2140467100053746172747320746865204F5441206A
S214046720636C69656E74207374617465206D61634F
S21404673068696E652E2054686520737461746520DC
S2140467406D616368696E6520646973636F766572EC
S2140467507320746865204F544120736572766572A1
S2140467602C207175657269657320666F72206E657C
S2140467707720696D616765732C20646F776E6C6F24
S2140467806164732074686520696D61676573206150
S2140467906E6420776169747320666F72207468650E
S2140467A02073657276657220636F6D6D616E64200A
S2140467B0746F20757067726164652E005072696E1E
S2140467C0747320746865206D616E75666163747594
S2140467D07265722049442C20496D6167652054799E
S2140467E070652049442C20616E6420566572736976
S2140467F06F6E20696E666F726D6174696F6E207459
S21404680068617420617265207573656420776865B5
S2140468106E2061207175657279206E6578742069C2
S2140468206D6167652069732073656E7420746F20CC
S2140468307468652073657276657220627920746860
S2140468406520636C69656E742E00506572666F729F
S2140468506D73207369676E617475726520766572F0
S214046860696669636174696F6E206F6E207468650B
S21404687020696D6167652061742074686520737093
S2140468806563696669656420696E6465782E00547C
S214046890686520696E64657820617420776869632A
S2140468A06820746F20626567696E20766572696613
S2140468B069636174696F6E206F6620746865206909
S2140468C06D6167651F00426F6F746C6F616473203F
S2140468D074686520696D61676520617420746865F5
S2140468E02073706563696669656420696E6465789B
S2140468F02062792063616C6C696E67207468652019
S2140469004F544120626F6F746C6F61642063616CD6
S2140469106C6261636B2E0054686520696E646578EA
S21404692020617420776869636820746F20626567E5
S214046930696E20626F6F746C6F6164696E67207431
S214046940686520696D6167651F005072696E7473AF
S21404695020696E666F2061626F75742074686520A6
S214046960696E7374616C6C656420626F6F746C6FAF
S214046970616465722E005375627472616374732069
S21404698061206368616E6E656C2066726F6D20654B
S214046990697468657220746865207072696D6172C6
S2140469A079206F72207365636F6E646172792063F9
S2140469B068616E6E656C206D61736B206F66207403
S2140469C06865206E6574776F726B2D737465657277
S2140469D0696E6720636F6D706F6E656E742E0054FB
S2140469E06865206368616E6E656C206D61736B20EC
S2140469F0746F2073756274726163742074686520A2
S214046A006368616E6E656C2066726F6D1F54686590
S214046A10206368616E6E656C20746F207375627493
S214046A207261637420746865206D61736B2066728E
S214046A306F6D1F00416464732061206368616E6E2D
S214046A40656C20746F206569746865722074686567
S214046A50207072696D617279206F72207365636F3E
S214046A606E64617279206368616E6E656C206D6118
S214046A70736B206F6620746865206E6574776F721A
S214046A806B2D7374656572696E6720636F6D706FC6
S214046A906E656E742E00546865206368616E6E655C
S214046AA06C206D61736B20746F20616464206120B8
S214046AB06368616E6E656C20746F1F54686520632E
S214046AC068616E6E656C20746F2061646420746FF8
S214046AD020746865206D61736B1F005365747320A2
S214046AE065697468657220746865207072696D6182
S214046AF07279206F72207365636F6E646172792099
S214046B006368616E6E656C206D61736B2E005468ED
S214046B1065206368616E6E656C206D61736B2074AE
S214046B206F20737562747261637420746865206381
S214046B3068616E6E656C2066726F6D1F54686520A2
S214046B4076616C756520746F20736574207468654F
S214046B50206368616E6E656C206D61736B20746F64
S214046B602E1F005365747320746865207072652D3B
S214046B70636F6E66696775726564206B65792073EA
S214046B806F207468617420746865206A6F696E6922
S214046B906E67206465766963652063616E20656E42
S214046BA074657220746865206E6574776F726B2ED8
S214046BB000536574732074686520707265636F6E25
S214046BC066696775726564206B65791F0053746F18
S214046BD0707320746865206E6574776F726B2073AB
S214046BE074656572696E672070726F636573732E61
S214046BF00053746172747320746865206E657477CC
S214046C006F726B207374656572696E672070726F3D
S214046C10636573732E0041206D61736B206F66206D
S214046C206F7074696F6E7320666F7220696E646924
S214046C30636174696E67207370656369666963204F
S214046C406265686176696F722077697468696E2018
S214046C50746865206E6574776F726B2D73746565E2
S214046C6072696E672070726F636573732E1F0044BB
S214046C706973706C617973207468652063757272C9
S214046C80656E7420737461747573206F66207468FF
S214046C9065206E6574776F726B20737465657269B0
S214046CA06E672070726F636573732E00436C656144
S214046CB07273207468652067726F757073207461D0
S214046CC0626C65206F6E20657665727920656E64E9
S214046CD0706F696E74005072696E747320696E66A4
S214046CE06F726D6174696F6E2061626F7574207463
S214046CF0686520636F6E74656E7473206F662074A7
S214046D0068652067726F757073207461626C652E97
S214046D10004172746966696369616C6C7920647297
S214046D206F70732074686520626C6F636B206E7579
S214046D306D62657220646566696E6564206279209A
S214046D407468652070617373656420617267756D1D
S214046D50656E74206F6E6C79206F6E63652C20618F
S214046D606E64207468656E20616C6C6F777320693E
S214046D70742075706F6E20612072657472792E00AF
S214046D8054686520626C6F636B206E756D62657205
S214046D9020746F206172746966696369616C6C79CA
S214046DA02064726F7020746F20666F726365206152
S214046DB0207265747279202D2073657420746F2098
S214046DC03078464620746F2064697361626C651F70
S214046DD0005365747320746865207265636569760C
S214046DE0652077696E646F772073697A652E202034
S214046DF0427920646566696E6974696F6E20696E8F
S214046E002074686520536D61727420456E657267E0
S214046E10792070726F66696C65206974206D75736D
S214046E20742062652073657420746F203120627547
S214046E3074207468697320616C6C6F77732069744E
S214046E4020746F206265206368616E6765642E0037
S214046E50546865206D6178206E756D626572206F6A
S214046E60662074686520626C6F636B73207265635A
S214046E706569766564206265666F726520616E205A
S214046E804150532061636B2069732067656E657299
S214046E90617465641F004D616B6573207468697363
S214046EA0206E6F6465207374617274206964656E05
S214046EB074696679696E67206173206120746172F3
S214046EC067657420666F722062696E64696E6720F7
S214046ED07769746820616E20696E69746961746F7D
S214046EE072206E6F64652E0054686520656E64704B
S214046EF06F696E74206F6E20776869636820746F9C
S214046F0020626567696E207468652046696E6469E8
S214046F106E6720616E642042696E64696E672074D1
S214046F2061726765742070726F636573731F004DBA
S214046F30616B65732074686973206E6F6465207373
S214046F40746172742074686520696E69746961740A
S214046F506F722070617274206F6620746865206694
S214046F60696E64696E6720616E642062696E646926
S214046F706E672070726F636573732E0054686520A5
S214046F80656E64706F696E74206F6E2077686963CF
S214046F906820746F20626567696E20746865204691
S214046FA0696E64696E6720616E642042696E646906
S214046FB06E6720696E69746961746F722070726F8F
S214046FC0636573731F00456E61626C652F64697335
S214046FD061626C6520646562756720606C656761D4
S214046FE0637920617070206672616D65776F726B6D
S214046FF020646562756760207072696E74207479A7
S21404700070652E00456E61626C652F6469736162FB
S2140470106C651F00456E61626C652F6469736162FE
S2140470206C6520646562756720607A636C602070A6
S21404703072696E7420747970652E00456E61626C98
S214047040652F64697361626C652064656275672088
S2140470506061707060207072696E742074797065F7
S2140470602E00456E61626C652F64697361626C659F
S2140470702064656275672060636F72656020707255
S214047080696E7420747970652E00456E61626C6555
S2140470902F64697361626C6520646562756720603D
S2140470A0737461636B60207072696E742074797097
S2140470B0652E0053656E6473206120726571756574
S2140470C0737420666F72204F544120636F756E741C
S2140470D06572732E0052657365747320616C6C2040
S2140470E07468726573686F6C64732076616C75651A
S2140470F07320746F203078464646462E00536574D7
S214047100732061207468726573686F6C642076619E
S2140471106C756520666F7220612070617274696395
S214047120756C61722074797065206F6620636F7564
S2140471306E7465722E0054797065206F6620636FD6
S214047140756E7465721F5468726573686F6C64201C
S21404715056616C75651F005072696E74732074688E
S21404716065207468726573686F6C6473206F66203C
S214047170616C6C2074686520636F756E74657273D9
S2140471802E00436C6561727320616C6C20636F75AE
S2140471906E7465722076616C7565732E0050726924
S2140471A06E747320616C6C20636F756E74657220E8
S2140471B076616C7565732E005072696E74732074F4
S2140471C068652076616C7565206F662074686973DF
S2140471D020706172746963756C617220636F756E7A
S2140471E07465722E0054686520636F756E746572DC
S2140471F0207479706520746F207072696E741F0035
S2140472005072696E747320616C6C20636F756E7453
S21404721065722076616C75657320616E6420636C9C
S21404722065617273207468656D2E00536574204D15
S214047230464720746F6B656E2C2043414E4E4F5468
S21404724020424520554E53455420425920434C492C
S2140472502E005072696E74204D464720746F6B651D
S2140472606E2E005072696E742061637469766520B0
S2140472706576656E74732E0044697361626C65206E
S21404728074686520656E64706F696E7420666F72CC
S214047290205A434C206D657373616765732E0045F1
S2140472A06E64706F696E7420696E6465781F00453D
S2140472B06E61626C65732074686520656E64706FB9
S2140472C0696E7420666F72205A434C206D65737322
S2140472D0616765732E005072696E742073746174EE
S2140472E07573206F6620656E64706F696E74732E96
S2140472F00053686F777320746865207665727369C7
S2140473006F6E206F662074686520736F667477618D
S21404731072652E005365742074686520636F6E660C
S214047320696775726564203830322E31352E342004
S214047330434341206D6F646520696E207468652040
S214047340726164696F2E2053656520646F63756D82
S214047350656E746174696F6E2072656761726469C4
S2140473606E67205241494C5F4945454538303231B5
S21404737035345F4363614D6F64655F742E0041204E
S2140473805241494C5F494545453830323135345FC2
S2140473904363614D6F64655F742076616C75651F29
S2140473A00052657475726E7320505449207261647D
S2140473B0696F20636F6E66696720696E666F726DAB
S2140473C06174696F6E20746F2064657465726D698C
S2140473D06E6520746865205048592074797065205D
S2140473E06265696E67207573656420627920524110
S2140473F0494C2E2072657475726E2076616C7565C4
S21404740020697320656E756D205241494C5F49456D
S21404741045453830323135345F5074695261646999
S2140474206F436F6E6669675F7420652E672020520F
S21404743041494C5F494545453830323135345F5013
S21404744054495F524144494F5F434F4E4649475F54
S21404745032503447485A203D203078303055205238
S21404746041494C5F494545453830323135345F50E3
S21404747054495F524144494F5F434F4E4649475F24
S21404748032503447485A5F414E54444956203D20B2
S2140474903078303155205241494C5F49454545388E
S2140474A030323135345F5054495F524144494F5F5E
S2140474B0434F4E4649475F32503447485A5F434F1E
S2140474C04558203D203078303255205241494C5F93
S2140474D0494545453830323135345F5054495F525A
S2140474E04144494F5F434F4E4649475F3250344705
S2140474F0485A5F414E544449565F434F4558203DD1
S2140475002030783033550053656E647320612072E2
S214047510656164206174747220666F722074686595
S2140475202074696D65206F662074686520646576CE
S214047530696365207370656369666965642E2049AE
S214047540742073657473206120666C616720736FA2
S214047550207768656E206974206765747320746884
S2140475606520726573706F6E736520697420777218
S21404757069746573207468652074696D6520746F1A
S21404758020697473206F776E2074696D652061744A
S21404759074722E0049641F737263456E64706F695B
S2140475A06E741F64657374456E64706F696E741FC1
S2140475B0005768656E2073656E64696E6720757320
S2140475C0696E6720612062696E64696E672C207339
S2140475D07065636966696573207768657468657243
S2140475E02061206D756C7469636173742062696EC2
S2140475F064696E672073686F756C642062652075B5
S2140476007365642E007573654D756C746963617378
S2140476107442696E64696E671F0053656E647320F6
S21404762061207072652D6275666665726564206D8C
S214047630756C746963617374206D657373616765D3
S21404764020746F206120676976656E2067726F7597
S214047650702049442066726F6D20612067697665E4
S2140476606E20656E64706F696E742E0067726F7537
S2140476707049641F7372632D656E64706F696E74EF
S2140476801F00437265617465732061206D657373B2
S2140476906167652062792073706563696679696ECF
S2140476A06720746865207261772062797465732E2A
S2140476B020557365207468652073656E6420636F57
S2140476C06D6D616E6420746F2073656E64207468DB
S2140476D065206D657373616765206F6E63652069E9
S2140476E07420686173206265656E206372656174D8
S2140476F065642E2045783A207261772030783030E1
S2140477003046207B3030203041203030203131204C
S21404771032322033332034342035357D2073656E81
S21404772064732061206D65737361676520746F20D0
S214047730636C757374657220313520283078303068
S214047740304629206F66206C656E67746820382082
S214047750776869636820696E636C75646573207402
S2140477606865205A434C206865616465722E004340
S2140477706C757374657249641F446174611F0052AA
S214047780657365747320746865206E6F64652E0077
S2140477905772697465732061206D657373616765DC
S2140477A02E00456E64706F696E741F436C75737437
S2140477B065722049441F4174747269627574652049
S2140477C049441F4D61736B1F446174612074797062
S2140477D0651F4461746120627974651F0052656197
S2140477E064732061206D6573736167652E00456E52
S2140477F064706F696E741F436C7573746572204988
S214047800441F4174747269627574652049441F315B
S2140478102069662073657276657220646972656392
S21404782074696F6E2C203020696620636C69656EFF
S2140478307420646972656374696F6E1F0053656EA5
S21404784064732061206D6573736167652E004465FB
S2140478507374696E6174696F6E1F536F75726365B6
S21404786020656E64706F696E741F44657374696E08
S2140478706174696F6E20656E64706F696E741F0044
S214047880536F7572636520656E64706F696E741FDE
S214047890004C69737473207768696368206F70742A
S2140478A0696F6E616C206C696272617269657320BF
S2140478B06F662074686520737461636B20617265FB
S2140478C020696D706C656D656E746564206F6E20DE
S2140478D074686973206465766963652E00507269FE
S2140478E06E747320696E666F726D6174696F6E2054
S2140478F061626F757420746865206E6574776F7244
S2140479006B2073746174652C20636C757374657274
S214047910732C20616E6420656E64706F696E747378
S2140479202E006F66667365741F005072696E7473FA
S21404793020696E666F726D6174696F6E20666F7211
S21404794020616C6C20617661696C61626C65207381
S2140479506C6F74732E0052656164732072617720B5
S214047960646174612066726F6D20666C6173682052
S21404797073746F726167652E004164647265737315
S21404798020746F20726561641F4E756D6265722087
S2140479906F6620627974657320746F207265616403
S2140479A01F005072696E747320666C61736820736E
S2140479B0746F7261676520696E666F726D61746953
S2140479C06F6E2E004572617365732074686520734C
S2140479D0706563696669656420736C6F74204944D6
S2140479E02E0053746F7261676520736C6F74206E1B
S2140479F0756D6265721F00426F6F747320746865DC
S214047A0020696D61676520696E20746865207370EF
S214047A106563696669656420736C6F742049442ED7
S214047A2000434C4920696E7374616E636520657803
S214047A30616D706C650064756D6D795F696E7374E5
S214047A40005A434C20636F6D6D616E64730062610F
S214047A5073696300676C6F62616C006D66672D63A3
S214047A606F6465007573652D6E6578742D73657126
S214047A7075656E636500782D64656661756C742D36
S214047A807265737000746573742D726573706F6EAF
S214047A9073652D6F6E00746573742D726573706FE5
S214047AA06E73652D6F6666005A434C206261736977
S214047AB06320636C757374657220636F6D6D616E9D
S214047AC06473007274666400436F6D6D616E642047
S214047AD0746861742072657365747320616C6C20BD
S214047AE06174747269627574652076616C75657309
S214047AF020746F20666163746F72792064656661B2
S214047B00756C742E005241494C006C6F7765722D6B
S214047B106D61632D7261696C2D3830322E31352ECD
S214047B20342E63006C69627261696C2E6100756E36
S214047B30636C61696D6564006275666665722D6D59
S214047B40616E6167656D656E742E63006576656E3D
S214047B50742D71756575652E63007A69676265654F
S214047B602D75707065722D6D61632E63006E656988
S214047B706768626F722E63006173736F6369617402
S214047B80696F6E2E6300313832317300313432320D
S214047B903100313231003273003132323131320049
S214047BA03132323131003238310038313100313837
S214047BB03231310031323131313231323232317395
S214047BC0003132320031323131323231003131312A
S214047BD0310032323800726F7574652D7461626CD0
S214047BE0652E63006D61632D6D756C74692D6E650D
S214047BF074776F726B2E63006C65676163792D70A2
S214047C0061636B65742D6275666665722E6300002B
S214047C100102030E312E312E322D65626530653831
S214047C2036630100010002030300030000000000A5
S214047C3013B779FAC925DDB7ADF3CFE0F1B614B8BA
S214047C400102000000000000FFFFFFFF010000002B
S214047C50010000000000000000000000000000001A
S214047C60000000000000000000000000000000000B
S214047C7000000000000000000000000000000000FB
S214047C80033F1F00E33F0300DF3F0300BD3F030045
S214047C908B3F03001B400300ED3F03008D3F0300B2
S214047CA02C00000002020203000000000102000093
S214047CB0000801B4587D04000008015A147D04002D
S214047CC000080040D07C0400000000000000000013
S214047CD00000FCFEFFFF000000000000FFFF0000A5
S214047CE000000000FFFF000000000000FFFF00008F
S214047CF00000000040001806F4D200002C00B00279
S214047D003DBE00001700F2000C7C00000C00410091
S214047D109E4200006400FCFEFFFF0000000000001E
S214047D20FFFF0000000000005A00F306A554FEFF03
S214047D302100A301A1FEFFFF1100A6008327000077
S214047D400A006100DC26000006003B00F820000064
S214047D5003001500AD130000C800FCFEB4008B0839
S214047D607BC0FBFF4D00E402E756FFFF2C00A20198
S214047D7083EBFFFF1A000301B31A00001100A300EF
S214047D80552900000A005E005A28000006003A0042
S214047D9021220000040018007316000005330400B6
S214047DA0C2E70300C2E70300C2E70300C2E703001A
S214047DB0C2E70300C2E70300C2E70300C2E703000A
S214047DC0C2E70300C2E70300C2E70300C2E70300FA
S214047DD0C2E70300C2E70300C2E70300C2E70300EA
S214047DE0C2E70300C2E70300C2E70300C2E70300DA
S214047DF0C2E70300C2E70300C2E70300C2E70300CA
S214047E00C2E70300C2E70300C2E70300D0E70300AB
S214047E10C2E70300E5E70300C2E70300C2E7030086
S214047E200AE80300C2E70300C2E70300C2E7030050
S214047E30C2E7030032E80300C2E70300C2E7030018
S214047E40C2E70300C2E703004AE80300C2E70300F0
S214047E5068E803000B0000000B00000002000000AE
S214047E600000202000000000030000008C8C3C0072
S214047E7000000000000000000000000000000058A1
S214047E801200000000000000FFFFFFFFFFFFFFFFDF
S214047E90554E4B00474F200042544C00474F32008B
S214047EA0474F3300474F3400474F3500474F36009F
S214047EB0474F3700474F3800474F3900474F410078
S214047EC0474F4200474F4300474F4400474F450043
S214047ED0474F46004A4D5000424452005550520007
S214047EE042544D004D534D0046544C00554E4B00E5
S214047EF0474F200042544C004241440046544C0034
S214047F00465243004F54410044534C0042415000F3
S214047F1055504700544D450046415500545A4600B6
S214047F20554E4B0050494E00454D3400554E4B00BF
S214047F3048562000554E4B00455850004C574D00AF
S214047F40554E4B005242540044534C00454D3400A9
S214047F50554E4B0041535400554E4B00564659005F
S214047F60494E4800554E4B004C434B0058544C0069
S214047F704F424600554E4B00485244004D454D0076
S214047F80425553005553470044424700444D410070
S214047F9056435400554E4B00555020005250200076
S214047FA041503000415031004150200044502000E0
S214047FB044454300907E0400947E0400EC7E040056
S214047FC0207F04002C7F0400347F0400407F0400DC
S214047FD0507F0400587F0400647F0400747F04000C
S214047FE0947F0400554E4B004649420042544C00D0
S214047FF045585400505752005744470020535700E2
S214048000435253004653480042414400464C5400F1
S21404801042524F000104010303060105010501094C
S2140480200600060B0000070B050B0000000000000E
S214048030000000000400E40C0A0001041001000023
S2140480400005000200000300D0820400CC82040075
S214048050B8820400B4820400B0820400AC82040037
S2140480609A8204008A8204007082040068820400F3
S2140480705E8204005C8204004482040041820400A0
S2140480803982040028820400188204000682040050
S214048090EC810400E4810400D8810400D481040047
S2140480A0D0810400C2810400B78104009E810400CC
S2140480B085810400298104002881040018810400B5
S2140480C0F0800400E5800400E4800400D08004000E
S2140480D00000000000000000000000000000000097
S2140480E0000000000F000000000000000000000078
S2140480F00000000000000000000000000000000077
S2140481000000000000000000000000000000000066
S2140481100000000000000000010000000000000055
S21404812000000000000000000F0000000000000037
S2140481300000000000000000000000000000000036
S2140481400000000000000000000000000000000026
S2140481500000000000000000000000000000000016
S2140481600000000000000000000000000000000006
S21404817000000000000000000000000000000000F6
S21404818000000000000000000000000000000000E6
S21404819000000000000000000000000000000000D6
S2140481A000000000000000000000000000000000C6
S2140481B000000000000000000000000000000000B6
S2140481C000000000000000000000000000000000A6
S2140481D00000000000000000FFFFFFFFFFFFFFFF9E
S2140481E0FFFF000000000000000000000000000088
S2140481F00000000000000000000000000000000076
S2140482000000000000000000000000000000000065
S2140482100000000000000000000000000000000055
S2140482200000000000000000000000000000000045
S214048230000000000000000000FFFFFFFFFFFFFF3C
S214048240FF9C0000FF00000000000000000000008B
S2140482500000000000000000800000000000FFFF97
S214048260FFFFFFFFFFFFFFFF00000000FFFF00000F
S21404827000000000000000000000000000000000F5
S21404828000000000000000000000FFFFFF000000E8
S21404829000000000000000000000000000000000D5
S2140482A000000000000000000000000000000000C5
S2140482B000000000000000000000000000000000B5
S2140482C000000000000000000000000000000000A5
S2140482D0FC03010101010101010101010101010188
S2140482E00100000000000001002006000000060156
S2140482F00100002002041104040211101A080A02E4
S2140483001801081110111A080A04020D0B19195C39
S2140483100110280B011400000000000000000000FB
S214048320000000000001010101010100010101013A
S214048330010101000001010100010001010000002B
S2140483400000000000000000000000000001000023
S21404835000000000000000000000000001FF010013
S21404836023E1010075E4010063E2010063E5010016
S21404837062E1010079EB010064EE010024E10100F2
S21404838025E1010026E1010027E1010028E10100C2
S21404839029E101002AE1010000000100800001003B
S2140483A000010100800101000002010080020100BA
S2140483B020E2010000030100000501008005010021
S2140483C0000601002C890100800601000007010058
S2140483D001E5010002E50100000801008008010033
S2140483E00040010086321010FFFFFFFFFFFFFFFF73
S2140483F0EFF00300F5F00300FBF0030001F10300C7
S21404840007F103005A6967426565416C6C69616EE1
S214048410636530394E574B205374656572696E67D1
S214048420000095969595950507090D000000000037
S214048430000102030406000033070400CE1A0400F9
S214048440E81A0400FF1A0400121B0400221B04008E
S214048450361B0400481B0400581B0400741B04004D
S214048460891B04000208010D0D0101011201000020
S214048470FFFFFFFFFFFFFFFF0000000000000000FB
S2140484800109050100020000000000031EF1EE0BC6
S214048490A0840400C427040005330400FE00000082
S2140484A0E02704000086040000000000EA27040019
S2140484B0F085040000000000F7270400E0850400AF
S2140484C00000000004280400D0850400000000001A
S2140484D022280400BC850400000000001A280400BA
S2140484E0A8850400000000002128040094850400E8
S2140484F0000000002F28040084850400000000000B
S214048500A12604007085040000000000282804004A
S2140485106085040000000000342804004C85040034
S2140485200000000020EF03003C850400000000006B
S2140485300000000000000000000000009956030040
S2140485404528040082280400010100FF45D80000E5
S214048550AB280400F0280400010100010107FF0015
S21404856001D800003D290400A8290400010100FFE9
S21404857041D70000C9290400E229040000010100D3
S214048580FF000000AB560300072A04005F2A04001D
S2140485900101FF0093560300762A0400CD2A040046
S2140485A001010207FF0000008D560300762A04002E
S2140485B0CD2A040001010207FF00000087560300CD
S2140485C0762A0400CD2A040001010207FF000000F9
S2140485D0F5D60000EE2A04002D2B0400010101FF4D
S2140485E095D600004C2B0400912B0400010000FFDC
S2140485F051D600004C2B0400912B0400010000FF10
S214048600D9D60000B82B0400BE29040000FF0000E1
S214048610815603000D2C040048570400FF00000098
S2140486207B560300802C040048570400FF0000001B
S21404863031D60000EF2C0400642D040000FF000077
S21404864009D600007C2D0400DE2D040000FF000087
S2140486506D560300EF2D0400352E040002FF0000C3
S214048660D1D500003E2E0400B22E040001FF000007
S2140486702B2F04000E2F04001D2F0400292F0400A6
S2140486803A2F0400502F0400662F0400702F0400B5
S2140486907A2F0400000000007E320400110000005F
S2140486A08A32040012000000923204001300000014
S2140486B09A32040021000000A232040022000000C6
S2140486C0A932040023000000B0320400AA0000000F
S2140486D0B7320400FF00000000000000FFFFFFFFA9
S2140486E0FFFFFFFF0000000000000000000001087C
S2140486F00109020A030B040C050D060E070F0810E9
S21404870001180119021A031B041C051D061E071F67
S2140487100820012102220323042405250626072710
S21404872008280129022A032B042C052D062E072FC0
S21404873008300131023203380239043A08E004E111
S21404874004E204E802E902EA04F008F1100000007A
S2140487500000000002050000B887040002000F00B5
S214048760E087040002000F000888040002000F00DF
S2140487703088040002000F005888040002000F002E
S2140487808088040002000F00A888040002000F007E
S214048790D088040002000F00F888040002000F00CE
S2140487A02089040002000F004889040002000F001C
S2140487B07089040002000F0000000000988904007D
S2140487C00300000040000000000000001900000044
S2140487D0BC89040004000F008000000000000000B4
S2140487E00000000098890400030000004000000018
S2140487F00000000019000000BC89040004000F00FB
S21404880080000000000000000000000098890400BA
S21404881003000000400000000000000019000000F3
S214048820BC89040004000F00800000000000000063
S21404883000000000988904000300000040000000C7
S2140488400000000019000000BC89040004000F00AA
S214048850800000000000000000000000988904006A
S21404886003000000400000000000000019000000A3
S214048870BC89040004000F00800000000000000013
S2140488800000000098890400030000004000000077
S2140488900000000019000000BC89040004000F005A
S2140488A0800000000000000000000000988904001A
S2140488B00300000040000000000000001900000053
S2140488C0BC89040004000F008000000000000000C3
S2140488D00000000098890400030000004000000027
S2140488E00000000019000000BC89040004000F000A
S2140488F080000000000000000000000098890400CA
S2140489000300000040000000000000001900000002
S214048910BC89040004000F00800000000000000072
S21404892000000000988904000300000040000000D6
S2140489300000000019000000BC89040004000F00B9
S2140489408000000000000000000000009889040079
S21404895003000000400000000000000019000000B2
S214048960BC89040004000F00800000000000000022
S2140489700000000098890400030000004000000086
S2140489800000000019000000BC89040004000F0069
S214048990800000000000000000002001200000000D
S2140489A0080000000400422130000000308A040061
S2140489B000FF420030000000000000000000F00845
S2140489C040000000518A0400010023044000000017
S2140489D0598A040006003001400000000000000030
S2140489E0FDFF210240000000010000001900000401
S2140489F019000101190002041900030119000504F5
S214048A0019000601190007040400410005F30000DC
S214048A10060041001B5F030019008100F50F0100EA
S214048A2019008400811A0100008000000000000084
S214048A3006435553544F4D0000000000000000004C
S214048A40000000000000000000000000000000001D
S214048A5000FFFFFFFFFFFFFFFFFFFFFFFF00040114
S214048A6004010401040104010401040104010401D5
S214048A70040104010401FFFFFFFFFFFFFFFFFFFFE8
S214048A80FFFFFFFFFFFFFFFFFFFFFFFFFFFF0001EA
S214048A9002030405060708090A0B1F1C1F1E1F1ED7
S214048AA01F1F1E1F1E1F07021F012F0037013F0036
S214048AB05701DF02E700FF0200000000000000008C
S214048AC0000000000000000000000000000000009D
S214048AD00000000000000000000000001D39040033
S214048AE01900000023390400FFFF00000000000006
S214048AF0EE390400F939040005330400013A040091
S214048B000F3A040005330400223A04002D3A040008
S214048B103B3A04003F3A04004F3A04003B08040082
S214048B205F3A0400633A04006E3A0400783A04009C
S214048B30823A0400863A0400943A0400A83A0400F0
S214048B40BE3A0400008000000000000000000000A0
S214048B5000000000FFFFFFFFFF0000000000000011
S214048B60699F010000000000000000000000F03FC4
S214048B7000000000000024400000000000005940EF
S214048B800000000000408F40000000000088C34042
S214048B9000000000006AF8400000000080842E41B7
S214048BA000000000D01263410000000084D7974103
S214048BB00000000065CDCD41B40B0400A8A104005C
S214048BC000000000E443040098A104000000000034
S214048BD0E943040088A1040000000000EA430400FE
S214048BE078A10400000000002F28040064A10400FB
S214048BF0000000002228040050A104000000000029
S214048C00EF43040040A1040000000000F543040004
S214048C1030A1040000000000F943040020A1040071
S214048C20000000000844040010A104000000000036
S214048C302544040000A10400000000002E440400A3
S214048C40F0A004000000000043440400E0A0040078
S214048C500000000076190400D0A004000000000004
S214048C605344040090A00400000000004A48040096
S214048C701C9804000000000006380400DC9704007A
S214048C80000000005A4404001C9704000000000082
S214048C9063440400209604000000000070440400AE
S214048CA014920400000000008C3A0400EC900400C7
S214048CB00000000077440400EC900400010000006B
S214048CC07B440400AC9004000000000080440400D0
S214048CD0708F040000000000B4E80300708F0400E6
S214048CE00100000070440400149204000000000018
S214048CF08744040014920400010000008C4404001D
S214048D003C8F040000000000964404003C8F0400DE
S214048D10010000009E4404006C8D04000000000066
S214048D2025F00300388D0400000000000000000059
S214048D300000000000000000488D0400A244040067
S214048D4005330400FE000000BA440400C49804007E
S214048D50000000001F490400B4980400000000004E
S214048D600000000000000000000000007C8D0400ED
S214048D70BF44040005330400FE000000D54404008C
S214048D80449A040000000000DB440400349A040003
S214048D9000000000E1440400249A040000000000DF
S214048DA0EA440400149A04000000000066ED030080
S214048DB0049A04000000000070EB0300CC99040041
S214048DC00000000077F40300B899040000000000D7
S214048DD0F4440400A89904000000000064F00300B2
S214048DE09899040000000000F944040088990400DF
S214048DF0000000000045040078990400000000000C
S214048E0005450400689904000000000009450400B4
S214048E10088F04000000000010450400B08E040013
S214048E2000000000184504007C8E040000000000CA
S214048E3024450400488E04000000000000000000E2
S214048E400000000000000000588E04002F450400B7
S214048E5005330400FE000000AF020400E49804009A
S214048E6000000000602F0400D498040000000000F6
S214048E700000000000000000000000008C8E0400CB
S214048E805045040005330400FE000000AF02040051
S214048E900499040000000000602F0400F498040005
S214048EA000000000000000000000000000000000B9
S214048EB0C08E04007245040005330400FE00000062
S214048EC09045040054990400000000006E4A040013
S214048ED044990400000000009F45040034990400EF
S214048EE000000000A44504002499040000000000CB
S214048EF0AB450400149904000000000000000000C4
S214048F000000000000000000188F0400B0450400B4
S214048F1005330400FE00000071020400F09904000A
S214048F2000000000CD450400DC99040000000000A9
S214048F300000000000000000000000004C8F040049
S214048F40D545040005330400FE000000F145040086
S214048F50849A0400000000008C3A0400749A04000A
S214048F6000000000000000000000000000000000F8
S214048F70808F0400F645040005330400FE0000005C
S214048F800F460400349B04000000000032FF030078
S214048F90249B04000000000018460400149B0400F0
S214048FA000000000F1450400649A0400000000007C
S214048FB01D460400549A0400000000002A460400DB
S214048FC06C9004000000000038460400389004004A
S214048FD00000000046460400F88F0400000000006D
S214048FE05A4404001C97040000000000000000001F
S214048FF00000000000000000089004004F46040033
S21404900005330400FE000000937A0400049B040069
S21404901000000000A47A0400F49A04000000000093
S21404902063130400E49A040000000000000000003B
S2140490300000000000000000489004006D46040094
S21404904005330400FE00000097460400549B040009
S2140490500000000014350400449B040000000000D7
S2140490600000000000000000000000007C900400E7
S2140490709E46040005330400FE00000025F00300AD
S214049080889B040000000000602F0400789B040006
S214049090000000006E4A0400649B04000000000008
S2140490A0000000000000000000000000BC90040067
S2140490B0BE46040005330400FE00000025F003004D
S2140490C0B89B040000000000DE460400A89B0400D1
S2140490D000000000602F0400989B040000000000BD
S2140490E0000000000000000000000000FC900400E7
S2140490F0E546040005330400FE000000FF460400B5
S214049100EC9C040000000000182F0400DC9C040003
S2140491100000000032470400CC9C0400000000005D
S21404912066ED0300BC9C040000000000332F04001E
S214049130AC9C040000000000044704009C9C04004F
S214049140000000001C4704008C9C04000000000083
S214049150254704007C9C0400000000002C47040003
S2140491606C9C040000000000384704003C9C04008B
S214049170000000006E4A04002C9C0400000000005E
S214049180474704001C9C040000000000221404004E
S2140491900C9C0400000000004C470400FC9B0400E8
S2140491A00000000063470400EC9B0400000000007D
S2140491B077470400D89B040000000000874704009B
S2140491C0C89B04000000000096470400E0910400D9
S2140491D00000000000000000000000000000000086
S2140491E0F09104009B47040005330400FE000000D1
S2140491F0B24704005C9C040000000000BB47040067
S2140492004C9C040000000000000000000000000069
S2140492100000000024920400053304000533040013
S214049220FE000000C24704005C9804000000000032
S214049230CF470400A096040000000000D8470400AE
S214049240EC95040000000000E6470400B89504000E
S21404925000000000F44704008495040000000000A9
S21404926002480400EC9404000000000013480400C4
S214049270C494040000000000204804002494040061
S214049280000000002B480400CC93040000000000FB
S2140492903E480400A49304000000000013270400C2
S2140492A040930400000000005148040000930400AA
S2140492B0000000005C480400CC920400000000009B
S2140492C0000000000000000000000000DC92040023
S2140492D06F48040005330400FE00000093480400B1
S2140492E00C9D04000000000099480400FC9C040047
S2140492F00000000000000000000000000000000065
S214049300109304009D48040005330400FE0000008A
S2140493101F0404003C9D040000000000CF48040025
S2140493202C9D040000000000DB4804001C9D040083
S2140493300000000000000000000000000000000024
S21404934050930400F148040005330400FE000000B6
S21404935025F00300A09D040000000000602F040018
S214049360909D0400000000000D240400809D04006D
S21404937000000000AF0204006C9D04000000000022
S2140493800D4904005C9D040000000000244904000C
S2140493904C9D0400000000000000000000000000D7
S2140493A000000000B49304003049040005330400B0
S2140493B0FE00000055490400B09D040000000000B3
S2140493C0000000000000000000000000DC93040021
S2140493D05A49040005330400FE0000007E490400D8
S2140493E0009E040000000000DE460400F09D040019
S2140493F0000000008A490400E09D0400000000000C
S21404940091490400D09D0400000000009E49040019
S214049410C09D0400000000000000000000000000E2
S2140494200000000034940400A94904000533040035
S214049430FE00000017480400B09E04000000000070
S214049440C6490400A09E040000000000B40B0400FB
S214049450909E040000000000E21A0400809E0400AF
S2140494600000000091470400709E04000000000005
S2140494701F040400609E040000000000CD490400A0
S214049480509E040000000000D8490400409E0400DA
S21404949000000000E5490400309E040000000000BF
S2140494A0F5490400209E040000000000084A040059
S2140494B0109E0400000000000000000000000000F1
S2140494C000000000D49404001A4A04000533040083
S2140494D0FE000000B40B0400C09E04000000000060
S2140494E0000000000000000000000000FC940400DF
S2140494F0384A040005330400FE0000001F0404007C
S214049500309F040000000000E21A0400209F0400BC
S2140495100000000091470400109F040000000000B3
S2140495205B4A0400009F0400000000009A45040003
S2140495304495040000000000000000000000000045
S2140495400000000054950400724A04000533040029
S214049550FE0000006E4A0400F09E040000000000B6
S214049560AF020400E09E040000000000884A0400E5
S214049570D09E040000000000000000000000000070
S2140495800000000094950400914A0400053304008A
S214049590FE00000025F00300509F040000000000B9
S2140495A0602F0400409F040000000000000000003C
S2140495B00000000000000000C8950400B14A040042
S2140495C005330400FE000000D14A0400709F040026
S2140495D000000000E44A0400609F0400000000004D
S2140495E0000000000000000000000000FC950400DD
S2140495F0FA4A040005330400FE0000001A4B040077
S214049600909F04000000000032FF0300809F0400C7
S2140496100000000000000000000000000000000041
S214049620309604000533040005330400FE000000F1
S214049630244B0400489604000000000000000000CC
S21404964000000000000000005896040005330400E3
S21404965005330400FE000000304B0400E09F0400C5
S214049660000000007D3A0400D09F040000000000C3
S214049670364B0400C09F0400000000003A4B040070
S214049680B09F0400000000003E4B0400A09F0400AE
S21404969000000000000000000000000000000000C1
S2140496A0B09604004E4B040005330400FE00000090
S2140496B025F0030060A0040000000000694B0400CD
S2140496C050A00400000000007C4B040040A00400EE
S2140496D000000000602F040030A00400000000001A
S2140496E0894B040020A00400000000009A4B0400EC
S2140496F010A0040000000000A84B040000A0040012
S21404970000000000B94B0400F09F040000000000B5
S2140497100000000000000000000000002C97040079
S214049720C64B040005330400FE000000E04B0400B2
S214049730B49A040000000000134C0400A49A040029
S214049740000000004E4C0400949A04000000000040
S214049750654C0400A8970400000000006F4C040049
S21404976074970400000000000000000000000000E1
S2140497700000000084970400734C040005330400C2
S214049780FE000000937A0400D49A0400000000004F
S214049790A47A0400C49A040000000000000000003C
S2140497A00000000000000000B8970400924C04007B
S2140497B005330400FE0000004AFF030080A00400F6
S2140497C0000000006E4A040070A0040000000000C0
S2140497D0000000000000000000000000EC970400F9
S2140497E0A54C040005330400FE00000025F0030029
S2140497F0C0A004000000000097460400B0A00400C7
S2140498000000000014350400A0A0040000000000BE
S2140498100000000000000000000000002C98040077
S214049820C04C040005330400FE0000009E490400FA
S214049830D8A10400000000001F040400C8A104000E
S21404984000000000B40B0400B8A1040000000000EF
S2140498500000000000000000000000006C980400F7
S214049860E04C040005330400FE000000FE4C040037
S21404987028A2040000000000084D040018A20400FA
S21404988000000000134D040008A2040000000000BD
S2140498902F280400F8A1040000000000224D040054
S2140498A0E8A1040000000000000000000000000022
S2140498B0000000005F5603002D4D0400053304002D
S2140498C0FF0000005B5603003A4D04000533040015
S2140498D0FF00000045DD00004C4D04000533040085
S2140498E0FF000000E1DC0000794D0400415504004F
S2140498F001FF000045DD0000B94D040005330400F7
S214049900FF000000E1DC0000E74D040041550400C0
S21404991001FF000079DD0000284E0400494E0400D3
S21404992000FF000079DD0000524E0400AF4E040034
S2140499300000FF00F5DD0000BD4E0400D64E040016
S214049940010001FF61DE0000FB4E04003D4F0400F1
S2140499500102FF00F5DD0000534F0400824F0400AF
S21404996001000102FF00000071DB0000B34F040099
S214049970EF4F040007FF000091DB0000F54F0400E2
S2140499802850040001FF0000A5DB0000305004004E
S214049990805004000100FF0001DC00009550040024
S2140499A0E65004000101FF00D5DB0000F650040079
S2140499B03051040001FF000055DC0000385104005B
S2140499C081510400010000010707FF0091DE00003A
S2140499D0D35104002850040001FF000091DF00006A
S2140499E01B5204005F520400010700010700FF0039
S2140499F0BD560300B4520400FA52040001070001E5
S214049A0001FF000019DF0000365304007153040000
S214049A10010000FFE9DE00008F530400D353040066
S214049A200100FF00B9DE0000E6530400D35304002F
S214049A300100FF0061DF00002554040030510400DB
S214049A4001FF0000D1DF00006054040091540400BC
S214049A500100FF0001C90000053304009F54040000
S214049A60000707FFA5C8000005330400B854040027
S214049A70000707FFB1CD000005330400C4540400FA
S214049A8007FF0000B1CD000005330400C4540400F1
S214049A9007FF00000F56030005330400C9540400F2
S214049AA00000FF008DCD000005330400432B0400A6
S214049AB001FF000055CD00000533040001550400E5
S214049AC000FF000085C800000533040005330400C9
S214049AD0FF00000085C800000533040005330400B9
S214049AE0FF000000E55503000533040005330400B9
S214049AF0FF000000E55503000533040005330400A9
S214049B00FF000000E5550300053304000533040098
S214049B10FF00000055C80000053304003755040054
S214049B200101FF0041C80000053304004C55040041
S214049B3001FF0000E155030005330400053304006B
S214049B40FF00000009C80000754604000533040041
S214049B50FF00000009C80000565504000533040041
S214049B60FF00000089C90000775504008E550400E4
S214049B700001000007FF0000DD550300B455040093
S214049B8005330400FF00000005C70000CE5504009E
S214049B9005330400FF00000057560300FC5504007C
S214049BA005330400FF00000049560300165604005F
S214049BB09854040000FF000085D000003B560400C3
S214049BC005330400FF000000D9C500005556040004
S214049BD005330400FF0000006DC50000785604003D
S214049BE0F556040000000310FF00000049C60000FC
S214049BF04A570400B857040001FF00001DC60000C1
S214049C00CD5704001058040000FF000031C50000C2
S214049C102158040005330400FF000000DB55030050
S214049C205058040005330400FF0000000DC5000072
S214049C309C5804009854040000FF0000D9C4000097
S214049C40DD590400325A040000FF0000BDC40000C1
S214049C504C5A040005330400FF000000A1C40000B1
S214049C605C5A040005330400FF000000CB550300D3
S214049C70705A0400EE5A040000FF000071C400008D
S214049C80795B040005330400FF0000002DC40000C7
S214049C90965B0400C15B040007FF0000EDC30000F0
S214049CA0CB5B0400245C0400000500FFA5C3000091
S214049CB0D75C0400EA5C04000002FF0081C30000D5
S214049CC0195D040005330400FF000000CB550300B3
S214049CD02B5D0400655D040000FF000015C3000052
S214049CE0EB5D0400315E0400000301FF05C30000C1
S214049CF0D15E0400175F0400000301FFF938010079
S214049D00B75F040005330400FF000000DD620300B3
S214049D10DF5F04005A60040002FF0000B1E30000A5
S214049D20AF6004004857040000FF00007DE3000015
S214049D30D76004004857040000FF00002DE300002D
S214049D40F060040005330400FF000000052B01004A
S214049D500961040005330400FF000000DD2A010049
S214049D605661040005330400FF000000692A010060
S214049D7081610400A761040000010100010102FFE3
S214049D80412A0100266304004E63040000FF00001D
S214049D90212A01007563040005330400FF00000057
S214049DA0692901009F63040005330400FF000000D6
S214049DB0AF610300B863040005330400FF0000002D
S214049DC0391E0100DE6304000F6404000002FF0075
S214049DD0116003006C64040005330400FF000000F7
S214049DE00D6003009964040005330400FF000000BE
S214049DF0ED1D0100B4640400DE64040000FF0000EE
S214049E00AD1B01000E65040005330400FF000000CE
S214049E10290701002165040005330400FF00000043
S214049E20110701003965040005330400FF00000033
S214049E30895F03005265040005330400FF00000038
S214049E40755F03007F650400F965040000FF0000E9
S214049E50B91A01003866040005330400FF00000048
S214049E60A9190100B066040005330400FF000000D1
S214049E70CD050100F466040005330400FF0000006D
S214049E80B10501001167040005330400FF0000005B
S214049E9029060100BC67040005330400FF00000027
S214049EA01D0601004A6804008F68040000FF0000D5
S214049EB0E9050100C66804001769040000FF0000F5
S214049EC0150401004A69040005330400FF0000007D
S214049ED0ADF8000076690400DF6904000000FF00A6
S214049EE0ADF80000346A0400966A04000000FF001F
S214049EF04DF90000DB6A04000E6B04000002FF004C
S214049F00E35E0300636B0400B16B040007FF00000C
S214049F1081FA0000CD6B040005330400FF00000046
S214049F2095F80000F16B0400166C040000FF0000B6
S214049F30A1F900006F6C040005330400FF00000064
S214049F4065F20000AC6C040005330400FF0000005A
S214049F502DF20000D66C040005330400FF00000058
S214049F60BB5D0300116D0400806D040000FF00005B
S214049F7089EB0000D16D0400506E040000FF000061
S214049F80AD5D0300966E0400E86E040000FF00005A
S214049F908D5D03002F6F04007C6F040000FF00003B
S214049FA0835D0300C66F04000470040000FF000015
S214049FB07D5D0300147004000470040000FF0000BC
S214049FC0775D03003B7004000470040000FF00008B
S214049FD0715D0300627004000470040000FF00005A
S214049FE06B5D03008A7004000470040000FF000028
S214049FF0475D0300B370040005330400FF0000004F
S21404A0004D5D0300D570040005330400FF00000016
S21404A01031E60000FD700400367104000001FF0004
S21404A0205DE600005771040005330400FF000000DD
S21404A030495D03008271040005330400FF0000003C
S21404A04019E600009D71040005330400FF000000BB
S21404A050D5E50000B8710400E571040000FF0000B7
S21404A060BDE500000072040005330400FF00000094
S21404A07005CE00002B72040005330400FF00000028
S21404A08005CE00005272040005330400FF000000F1
S21404A090F5C200006372040005330400FF000000EC
S21404A0A0C1C20000787204009F72040000FF000022
S21404A0B0C1C20000AF7204009F72040000FF0000DB
S21404A0C059C20000D672040005330400FF000000E5
S21404A0D0C3550300F172040005330400FF000000BA
S21404A0E0B5BE0000147304007E73040000FF000075
S21404A0F095BE0000A173040005330400FF000000B1
S21404A1007DDA00000775040094750400010000FF62
S21404A11061D90000B17504000576040000FF000054
S21404A12095D900001A7604006C7604000100FF003E
S21404A13001D90000827604006F7704000107FF004F
S21404A140C75503007F77040005330400FF000000B2
S21404A15061D2000090770400A27704000001010099
S21404A1600007FF0059D10000DD770400EE770400F5
S21404A17000010100FF00000095D900003D780400AE
S21404A1804E780400010000FFD1D000003D780400A2
S21404A1908078040000FF00004D6C010091780400F4
S21404A1A005330400FF000000E9BE0000DD7804006B
S21404A1B005330400FF000000B983030005330400E0
S21404A1C005330400FF000000717A01000533040023
S21404A1D005330400FF000000357A0100053304004F
S21404A1E02279040002FF0000E18101002A790400BC
S21404A1F005330400FF0000006D8101005679040059
S21404A200797904000200FF003B840300A27904006D
S21404A21005330400FF00000049810100C4790400EE
S21404A220E279040002FF000021810100F7790400AE
S21404A230E279040002FF000001000000104800203C
S21404A2400000000000000000FFFF0000275D030080
S21404A2500000000003000000FFFF01009B5D0300F8
S21404A2600000000004000000FFFF0100295E030058
S21404A2700000000004000000FFFF0000AD5E0300C5
S21404A2800000000006000000FFFF00001F5F030040
S21404A2900000000019000000FFFF0100B55F030086
S21404A2A03A4B04004865002000000000000000004F
S21404A2B000000000000000004E7A040024A30400FE
S21404A2C000000000547A040090840400000000009B
S21404A2D05B7A040060860400000000001F49040046
S21404A2E05086040000000000647A040040860400DF
S21404A2F000000000767A04003086040000000000A7
S21404A300857A04002086040000000000967A040083
S21404A310108604000000000000000000000000009A
S21404A3200000000034A30400A87A040005330400E7
S21404A330FE000000C37A04004CA3040000000000E2
S21404A3400000000000000000000000004D8803002C
S21404A350C87A040005330400FF03010001013F042A
S21404A3600201003F040202003D040202003D040113
S21404A370020001020003010002023D040201000281
S21404A38002020100020200000020202020202020DB
S21404A390202028282828282020202020202020208C
S21404A3A0202020202020202020881010101010109C
S21404A3B010101010101010101004040404040404E8
S21404A3C00404041010101010101041414141414182
S21404A3D00101010101010101010101010101010164
S21404A3E00101010110101010101042424242424274
S21404A3F00202020202020202020202020202020234
S21404A40002020202101010102000000000000000DB
S21404A4100000000000000000000000000000000033
S21404A4200000000000000000000000000000000023
S21404A4300000000000000000000000000000000013
S21404A4400000000000000000000000000000000003
S21404A45000000000000000000000000000000000F3
S21404A46000000000000000000000000000000000E3
S21404A47000000000000000000000000000000000D3
S21404A48000000000000000000000000000000000C3
S21404A490A00100002814002000021000AC4C00208C
S21404A4A0C81500200000020800000000FFFFFFFFA0
S21404A4B0FFFFFFFFFFFFFFFF00000000000000009B
S21404A4C00000000000000000000000000000000083
S21404A4D020000000B9AD01001000000099AE010094
S21404A4E000000001000001010001010120C001B8C4
S21404A4F00000000000000000FFFFFFFFFFFFFFFF5B
S21404A500FFFFFFFFFFFFFFFFFFFFFFFFFFFFFFFF52
S21404A510FFFFFFFFFFFFFFFF000102020303040526
S21404A52006080C0C0C00010203040707C8C8C8C8B8
S21404A530C8C8C8C8C8C8C8C803040408080808089F
S21404A54000B801B802B800B02CC1040014C104005D
S21404A55003040408080500000000000000000000D2
S21404A5600000000000000000EA06000048704C0FDF
S21404A57044700E0E30707E1302989A173870340F9B
S21404A58034705A0F307048102C7048102870D01150
S21404A5902470E81120703E0F1C70901218700C1373
S21404A5A014703A0FB110086001D80A7104B87F78A5
S21404A5B0020C7E78641000C6881F00A01DB8707850
S21404A5C003B018600F3027B30F330111C048069844
S21404A5D07C0229B0086001D8087109DD047109BB42
S21404A5E011101660A048086004100112FF322150B2
S21404A5F00860D048086000880698381400C4441FD1
S21404A60000A000BA03DF107109DF06720298360351
S21404A6101DB8507800A04413281441158110086012
S21404A62002D8147110880698201900C014C000B807
S21404A6300698861B0091069892020160B83020D8CE
S21404A64006711EBC637C784D5412F03240DE0472F0
S21404A650404804DB08720DDD0C72044BEF301448DE
S21404A6600698F20400C4E040005444120862013222
S21404A6702140087C811140D91C72B1123032CF4A75
S21404A680013AB1DA107208D8067104D80871804C01
S21404A690237C5670684C441200C4A41E00A04414C4
S21404A6A0413AF3240164415C412A047580B800C42D
S21404A6B06040005481D8367140D90472237C084B1C
S21404A6C00698F20404BA1CB9767900C1204001B891
S21404A6D035797F216121007906B906A901D806716A
S21404A6E002981002804C307C0298640208D86A7182
S21404A6F000C1544000B8141110D95E71584C44126D
S21404A70080BDA26DFF25784C4412FC22513A2814D1
S21404A710104C00C20CC101B8241228140862281474
S21404A7200862281408622814304C304C00C11C40BF
S21404A73000B814111814086100C5284001B854154F
S21404A740FF35047110491814B04C441208620132E3
S21404A750067102980401804C08D80C7107BA24D8F4
S21404A760047106BA187004D80C7101BA40D80E7178
S21404A77002BA0A7005BA20D8047203BA204C4411EF
S21404A780C04C1814086118149111383111429111F3
S21404A790186110D90472EF3200C1084001B81411D0
S21404A7A010311E6111422814A1110861181406986C
S21404A7B06C1B181400C1084001B814111861FF314D
S21404A7C0181400C1448001B8141118140861181430
S21404A7D03088024806989403009308DB047101F855
S21404A7E000A027B00F3000A01088B111186180D9DE
S21404A7F00A7100C1884000B80811009100A000C486
S21404A800684000B8441000A000C0884000500411FE
S21404A8108261041082601050F07200A054155045F6
S21404A8201271069802050698920407B8707802B862
S21404A83041781EBA5B7A5C7A5D7A00C220C001B8A1
S21404A840241206982A1900C5481F00A0541551144E
S21404A85000C3FF010000313D09647F3406989C0262
S21404A860015851280475015841280E758111086154
S21404A87002D90472FF0FCC7007B8727800F8EBBDEB
S21404A88000C0441F00A00411113D10D91271FF33FB
S21404A890186300C1781002B8381107B974795810D3
S21404A8A000A0069892020D300472044809DC047273
S21404A8B0084800C11CC101B8141100C3D01E00A072
S21404A8C0911504351A7218131CBB08D804716C7BD6
S21404A8D004D804716A7B1DBB2F7C5B7B1670044B0B
S21404A8E018131CBB08D804716F7B04D804716D7BE5
S21404A8F0217C0C30026006987E040698C40B00B8CF
S21404A900B111186140D906720298580401BC00C2FD
S21404A910084001B800DC0A7124150265604A0A7012
S21404A9202C4A241508654C4A043508D90471202499
S21404A93000C13C1F00A0141200DC327120D806713E
S21404A94001B80C70F0DA0C720CDB087102B80698C9
S21404A9508604482400C3384101B834138F7B0E7133
S21404A96002B9911308DB047203B928707C491411E8
S21404A9701110FD300DDC1C7200C0A01E00A00410D7
S21404A98080D8107100C0448001B80410E520047516
S21404A990804900C3884000B8FFB8012011410871FF
S21404A9A0014118130824014200C1284000B81411BC
S21404A9B001411C655141911520351E6551411813FE
S21404A9C02813481300C3844000B8341003D8167103
S21404A9D0073005DC1071B1108F780A7200C384C486
S21404A9E00350217B1DB8507800B800C13C1F00A05E
S21404A9F014121C602150F0300152281100A040248B
S21404AA00076400C0FFFF0100013C17B00220015894
S21404AA104028067518AC01EC00A0208800C020C0B1
S21404AA2001B8041217B4211304123052F8711964D1
S21404AA30402400C35C1F00A0341014110698F60DC1
S21404AA401961009211592129067600BB11590698FE
S21404AA50D60D8762313B0472215A412A00A000C2F7
S21404AA60686000B8B8B91F610D49181200A0308894
S21404AA7001B9116100C30000C0FF3110312800BCC9
S21404AA80002D0C75115418AC01EC312DF4701964BA
S21404AA9051134155312C009300A000C3C00FFEFF94
S21404AAA050B2313A014250AA00A006983E07FFB0C1
S21404AAB0867808715CB86B786E7800C2548001B8EA
S21404AAC000C0D81F00A004100812B822217A237AE6
S21404AAD052B8417801B80C6021A809B819604CA88E
S21404AAE000C0FFD1C1FF4FB2013A00C0002E3000B3
S21404AAF001424FAA24B86E78ACB9FFB004D80471EA
S21404AB004CB923A90698A80500C01390010006981E
S21404AB102E0500A00698020519B81460FFB28C62D0
S21404AB200F32826A214006982E0549BC21B952B8D4
S21404AB3049B207DE2A7105DE0871627C607C1D0C52
S21404AB406179677864786B7862786578637860781A
S21404AB50617C010C010C6878020C69786C78020C34
S21404AB6000C22C8001B8277A287A267A6A78050CDF
S21404AB7041790A0CB11040D806710298BA06784A90
S21404AB802B7A327A584A247A00C400011100404ACB
S21404AB9000C0108400000812508800C5841001000C
S21404ABA0FBAD10BD01BB8A6B21B9FAA9C44A1812C1
S21404ABB0217A227A00C0341F00A00410FCA8826404
S21404ABC0411030300129F9A9F8ADFBB08260FBA82A
S21404ABD00330A0652110044820EC237A0410037A7D
S21404ABE0184A2411DC4A01580029241004753150EF
S21404ABF0F8B1115081632A71514031400812FCB1FA
S21404AC008461FCA90F310E7117B0112817B11159C0
S21404AC101028FA76C44AF9B11812217A227AA0705A
S21404AC2000950812F8A800C20C8001B8207A844A5D
S21404AC3000B80812020CA44A087A020C21B841781B
S21404AC40784A0B7A127A00C2C81F00A0FFB008D850
S21404AC500472184A241000DC0A7140A80422241046
S21404AC6041A806989C0200C2481F00A02410015167
S21404AC7000C4FF01000041391150081200A00698D4
S21404AC803E0700BC00C20C8001B8217A52B849784D
S21404AC90020C4878020C49B8417852AC21AC204AE0
S21404ACA0087A067A077A49AC00A059B840785AB1AF
S21404ACB001D9FC72427857B8407858B101D9FC7271
S21404ACC0427800A000C20C8001B8217A227A21B80A
S21404ACD0547852B8BC4A24119979127107B915618F
S21404ACE04CA9617800BB03BC0C64147009B91961E3
S21404ACF04CA9417801BB126300C4002E300000C08A
S21404AD00FFD1C1FF4FB1013941414FA9E44AC8B848
S21404AD10081224AB4CB823A80698A80500C00490D3
S21404AD200100FFB186790471084806982E0500C014
S21404AD308009004040A809B8FFB108D9047103B8D7
S21404AD4053A8B11004D80C7156BB607B57BA627A0C
S21404AD50607A02D80C7156BB607B59BA627A607A04
S21404AD6004B86E783DB8607800C05638000000C15C
S21404AD70B08001B814119979087200C0D604000096
S21404AD8000C124C000B814119F79047208484CA866
S21404AD902EB8FFB108D906714AA804704BA80FB89C
S21404ADA034A800C00C5E000046B2014246AA00C1A8
S21404ADB02C4001B8141108610631087100B90698D0
S21404ADC0501106983E14B11101D90E710698921BC3
S21404ADD002D906720698A00C0698381451140698E0
S21404ADE0920406982A110698641700A006984E172F
S21404ADF001D80A711CB85B7807B8757800B84CA8F7
S21404AE004AA84BA800C0F321FFFF46B1013946A962
S21404AE1004B86F7800A0FABC1964415C512C00C0D9
S21404AE20581F00A00410012C067506989204069874
S21404AE30780FB110186005D8327140BA06980E140F
S21404AE4004B86578911004D816711CB86E7800C0E2
S21404AE50684000B821780698781101400A721DB837
S21404AE60427806984A1402985E0B1DB8717804B8A6
S21404AE706C7841B8427863784478FFB104D9067296
S21404AE800298CA0900C004900100FFB186790471D3
S21404AE90084806982E0500C32C1F00A000C274C0E4
S21404AEA000B82414481300BC48121C4B1C4A241433
S21404AEB0481300BC4812084B584A2414481301BCD3
S21404AEC048124ABA447A427A4BBA447A427AFFB073
S21404AED086780472617A4CBA647A657A3DBA607A86
S21404AEE04DB942B83FBB5B7966796179020C6479E7
S21404AEF0050C63796079050C627965795A7900C224
S21404AF00340102B8241305B819603140081242B857
S21404AF106A78020C4A78020C40BCFFB208DA067162
S21404AF204ABA06704BBA627A657A677A667A6A793A
S21404AF30667B0298A40A00C32C1F00A000C274C03B
S21404AF4000B8241448131C4B1C4A241448133FBC52
S21404AF5048121C4A00BC4812084B444A241448139E
S21404AF6001BC48124ABA647A627A4BBA647A627A44
S21404AF70FFB3867B0472617A4CBA647A657A3DBA0A
S21404AF80607A01D94E71647800C1708001B800C03F
S21404AF908000080008110698860B42B861784DB9FF
S21404AFA07F797E796A7868786278020C7B790F0CF0
S21404AFB07A79140C7479417860787579050CFFB247
S21404AFC008DA06714AB804704BB8657801BC166492
S21404AFD0407002D93C710698860B42B84DB9687821
S21404AFE0407841787F797E797B790F0C7A79140CD6
S21404AFF0FFB208DA087171794ABA067070794BBAEA
S21404B0007279657A6A78020C4A78050C01BC166473
S21404B010020C417940790C0C00C04C0102B848106F
S21404B0200698F20400C4784000B8007C00C0A01E55
S21404B03000A0041180D93271911104D92C727F209A
S21404B04021200411FD310DDD207200C0448001B8BA
S21404B0500411E521147600C0244001B804118A794D
S21404B0600871207C104C207C2AB86278511400C0E9
S21404B070581F00A00410012C17B00111876801584E
S21404B08041280E7605218769415C412D112D0670F5
S21404B0900698920442B84DBB7C7B6478020C29B8AF
S21404B0A068785114404406750698920442B8447869
S21404B0B02AB84278FFB101D90C7100C1548001B896
S21404B0C0CBB80811911004D8147100C0A01E00A0BB
S21404B0D0041080D8067107B8537800F807B800C182
S21404B0E0CC1E00A000C220C001B824122811777814
S21404B0F000F8B1109478387106989C02E4B9115996
S21404B1001128067600B80C70A0B9115901290475E7
S21404B110A0B8826000C3C01F00A03413012B3410F3
S21404B12000C3FFFF00FF42B13139114042A800A01E
S21404B1301DB09178FA7142B86478020C00BA29AA54
S21404B14000C4548001B842B84DB900C3C04001B829
S21404B1503413977B047240EC020C44785C7953AA4F
S21404B1600A0C281442B84DB9FFB301DB2671244CEF
S21404B17000C3FF0FFF01381454794078417855799D
S21404B180020C5B795A79140C5F795E794A784278B6
S21404B190347002DB1471527951795079020C5B7960
S21404B1A05A795F795E791E7004DB1A7100C4FF0752
S21404B1B0000000C3342102B848133FBB467B020C90
S21404B1C05B795A793DBB407B4CBB447B457B00C3D3
S21404B1D0301F00A03414403C207100C068C000B882
S21404B1E0481028131C4B1C48341448102813144BBE
S21404B1F044483414481028134AAA4BAA04B86D7855
S21404B2001DB851785CB84B784E7800A000C074C066
S21404B21000B80411108800B9181068480411108882
S21404B22001B90B6118102C4804111088008800C15D
S21404B230231C000018104AB864784BB86478260CAF
S21404B24028B000C1FFFF0FF0113871B90B6111402F
S21404B25028A828B97379747900C21010303045AA2A
S21404B26054790E0C00C0E84001B8041100C2303016
S21404B270101045AA0E0C0410008810880698620D5B
S21404B2800091009020888F618F600698620D009070
S21404B290886A21400112906A035800C13F3F0000AB
S21404B2A01138FFBC022441281138014245AA28B9A6
S21404B2B053794AB844784BB84478009000911810F3
S21404B2C000912C48181000916848181000A0916846
S21404B2D0436091694361115B012B11284160312859
S21404B2E0315B00BA302806763128204A416330287C
S21404B2F006763128104A4163302806763128084AF3
S21404B3004163302806763128044A4163302806769D
S21404B3103128024A416330280476014A00A01159B4
S21404B32010D906710860086008D90471086004D949
S21404B3300471046002D90471026001D904710160C9
S21404B34000A000BA01D806710148112A1F610160E5
S21404B35001D8F6720138F67200A000C220C001B807
S21404B360241211592129127300210E7100C238C00B
S21404B37001B824120121212900A002B020D814719A
S21404B38000C0B01E00A0041002B9457906987613D2
S21404B390EA7003B09F78087200B806A800F806980A
S21404B3A03E0700C5641F00A05088044D1CBC00C0A6
S21404B3B0B41E00A0811101D91E71407C00950115B0
S21404B3C00C4D5088044DFFBB1863315B041106987E
S21404B3D0EE0D3129F8750698681A54150698921BCE
S21404B3E001D908720698580706700698F4071CBB1D
S21404B3F0547B06984E1701D8067202981A0FFFB9A6
S21404B40001211038F67281129B7AF07100C24480D2
S21404B41001B8241400C0C01E00A0041001130020AC
S21404B420041040500C7200B90698280F18B90A7018
S21404B43018B90698280F00B900B806981E0F704A67
S21404B44008B806981E0F00C2284000B814B806981C
S21404B4501E0F00C2EC4001B80CB806981E0F20223E
S21404B46010B806981E0F1088308806985807009360
S21404B47000910698280F00C0C41E00A00412FFB94D
S21404B480012121411810009500F8312811280410D4
S21404B490081200A004B831281128F8B1181000A02A
S21404B4A0069880080E700698C40B069880080698BE
S21404B4B07212069812079112211900C02C4001B886
S21404B4C00A78097800F810B901BA069804140698A0
S21404B4D02A110698641700C5641F00A081109D7881
S21404B4E0FC7200F8911203321CB900C3A01E00A01F
S21404B4F0341300C4B04000541DB84278707903DE9B
S21404B500067144783A707179A11020D806710298B1
S21404B510541080DB1C7102D8187205B80814A110E8
S21404B52010300248081400B8081491100860081473
S21404B5301DB86278A11000DC0676517900BA069828
S21404B5404E1701D82272911120311D61911004D832
S21404B5500E7200C1501F00A0141101D90A71208870
S21404B56006985011009200C1204000B801DB187103
S21404B570084C03DE0471904C441400C3FF1F000003
S21404B580413BFF233811944900C3384101B83413B2
S21404B590086380DB0C7103BA186206983C100870C6
S21404B5A0186206983C100C49087909791410214051
S21404B5B0081100A000BD0698760210B903DC0471D9
S21404B5C000B901BA0698041402D9067100404E72F6
S21404B5D003B118610F3106987811FFD828728110CC
S21404B5E008D8187106DD0A710698760203DC0C7218
S21404B5F00698BC1106984A140C7006DD107106985D
S21404B600C211487020B804A806DD10720698800897
S21404B6100698120701F840B804A800F800C0A01E57
S21404B62000A00413086301DB227191100111186154
S21404B63011381DB910D8087144790298541002DBE9
S21404B640FA72A11328DBF47203BD06981E1106983D
S21404B65080081DBA7F7A0698F20400C5681F00A009
S21404B6600698760200BA03DC1672044DA11002D8BE
S21404B67004711C4D00C10CC101B80698AE045415E3
S21404B680212D06983E050298AA0891100155033507
S21404B6905150011900A000C14C1F00A0141001D87D
S21404B6A0427101480860FE200E75811020D808718A
S21404B6B000C1501F00A0141101D9287100C02C40ED
S21404B6C001B80412215108610F3118611152281073
S21404B6D000C0084001B804119112215120311152C2
S21404B6E0211900A0811380DB067201B800A000C3F4
S21404B6F014C001B8341006302E726C4B34121C4B36
S21404B7003410186002302072811080D8DE71341034
S21404B710014A08620460803021508C480A717F23F5
S21404B7204D233410013000A000BD06981E111CB82D
S21404B73047784578437802B8447800A0069880088D
S21404B7400698BC1100C5741F00A0541506983E0543
S21404B7500298AA08B1138F7B0A7200C384C40350EC
S21404B760017B06983E1400C1384101B814118F7944
S21404B7700E7100C1B84000B800BA06983C1050BA22
S21404B78006980E1406987811FFD84A71911004D8BA
S21404B7904872811008601CD8407220D93872111281
S21404B7A0FF322151347180218021111400C0D81E2B
S21404B7B000A00413FFBA3151113A215111531DB997
S21404B7C038107B7940440E7200B900C2AC1E00A04B
S21404B7D01812067004B860780698381400F800B991
S21404B7E000C2A44000541812644A0AB918121CBABB
S21404B7F0507A517A1DB942795F7900A0069876028C
S21404B80007DC1072911000200A75069872120298CE
S21404B810660F0698120701B9911004D8047100B98E
S21404B82010BA0698041400BA0040347100C0A01E72
S21404B83000A00411086101D9127104D9E2728110C2
S21404B840086001D8DA711DB8647800C11CC101B85B
S21404B8500698AE0401B81160002A047600BA00C542
S21404B860781F00A05415212D0698721206985807C2
S21404B87000C57C1F00A000F800BC811108D9167210
S21404B88080D9207201B910BA0698041400400E71CB
S21404B89001BC10700698BC1106984A1420B804A877
S21404B8A000F80698721281110231127100B900C2B2
S21404B8B0144000541812244A02B918120698BC11EF
S21404B8C000C5801F00A054150698F01A0298AA080E
S21404B8D00411012114711CBA737A0420041228116D
S21404B8E0042004110121F47200A00698F20401F861
S21404B8F006984E1701D81671FFB9012110380E723A
S21404B90081109B78087104B9677900F8911010D8F3
S21404B910287100C51CC101B854110698EE0D00C567
S21404B920C81E00A054155129EA7507B876781DB8C4
S21404B930447801B804A800F8B110186010D82E7125
S21404B94000C05040005400C3084000B83114984C5E
S21404B95044113411086101D9FA714412281008629E
S21404B96028100862281008622810E8700298B002AE
S21404B97006989202113804721E6202BB00C1D81ED9
S21404B98000A0141120390C72911210DA0672417B51
S21404B99000A006983E1400C2A01E00A0241220DABE
S21404B9A00472617B1CBA527A00A01CBA727A8112A5
S21404B9B004DAFC7200A01CB86B7800C0684000B8BB
S21404B9C02F7800A006984E1701D83A7100C22C4072
S21404B9D001B82410036091112031015138311150FF
S21404B9E01D6008121DB9457900C2448001B82412AE
S21404B9F000C0C01E00A00410182000200410205010
S21404BA000471657910631EB9637900B902EC00CD40
S21404BA10114502EC00CC01DB087100BB0298D61875
S21404BA2003B841110731FA211C760621911210DA67
S21404BA30087102DD10721E7020B80698B20D3038F8
S21404BA40147208B806987E0400C02C4000B8297802
S21404BA50207800F8056020D8067102980C1602ECCF
S21404BA6000CA05B823DA187104DBDA7120DAD67155
S21404BA7010DAD2721EB8617800B801DA067202ECE7
S21404BA8000C8911110D9267100C1B81E00A0141167
S21404BA901150FF300C720761A110115002300A7168
S21404BAA080DB0A720AB89E701DB97C791860911101
S21404BAB011402111C031114001191EB8411108D995
S21404BAC00471667820D904726578A11002D80672CB
S21404BAD0C0DA1E711EB8273123DD087210DB10721F
S21404BAE0607825DD0A7121DD087208DB047162784E
S21404BAF003B8411107310872A1152035AA7102DD79
S21404BB002072A11120D9A07102D91672CCDA9872CB
S21404BB10411140D9927206B8054D5A720298AE1475
S21404BB2021114049C0D94C71A031411540350265F8
S21404BB3051410461086308DA1E7204DA3672104949
S21404BB40A1150235067110DB0E7201340A7108DB8A
S21404BB5022711EB86778CC3211101A300ADC0872CB
S21404BB60CCDE0471FD3100C00D0F0C0D216001D830
S21404BB705C7207B80298D81400BA411108D90C713F
S21404BB8002EC00CA05B830DAEC720734F03103610F
S21404BB9001DA0471014900C0F300A3E3216001D86F
S21404BBA0D27100C09814406821604030014440DAE5
S21404BBB00471204C04320262204A111006301F60C1
S21404BBC0014218311D6111420298F614204A00C041
S21404BBD0051708502160113001422088FFBB0DDA9A
S21404BBE0507100C1DE1B250180BC04DA107208DA2D
S21404BBF00A7200C120841000E024A0240863414394
S21404BC00026401DA06711E49024B00C0201F00A020
S21404BC1008633810BC2002DA127101B91159A11355
S21404BC2080DB087100C100FCFF011810029862183E
S21404BC3000C4A01E00A0441080D87C710092D0DA04
S21404BC4006710DDA0C711EBD437DEFBD0698140314
S21404BC5004620DDA8672A11105D95C7100C24040F7
S21404BC60005424121424281401D9067202D93271FD
S21404BC7040D91E7102EC00CA211018320471FA224F
S21404BC8020D804720822FE22087502EC00C8F87058
S21404BC9001D90E7102EC00C802D9067204DC1872CF
S21404BCA000C0A01E00A004101D6001D806711EB8B6
S21404BCB0647807B873780298D61800C0A01E00A04F
S21404BCC0041080300A7100C0C41E00A0041000A036
S21404BCD006984E1701D82E71911010D8287281102C
S21404BCE0A0D8227203B084781C7200C12C4001B81C
S21404BCF014100DBA487A697A6B7A08111CB87B78E6
S21404BD0007B8757800A0641000C6881F00A0C3B8E2
S21404BD1006987C0200C4441F00A014BA281400B875
S21404BD20011AB1108F780A7200C084C403500178D7
S21404BD3091101030011905BA06980E1402D906712E
S21404BD4001B804A800C0A01E00A00413069864113D
S21404BD5080DB0671029858141DBA7C7A01DB6A717E
S21404BD6000C2241F00A024111114FF3402EC00C8E2
S21404BD70FF24FA7608610698C20D046111380F3064
S21404BD8004611114011141100698C20D01D80872FD
S21404BD9003B80298D8140C4A01DB22712410112827
S21404BDA01128041202300471106200C0FFFF000064
S21404BDB0213800C2204000B8FF2008124110086055
S21404BDC00698C20D01D87C7120BC1033767100BB76
S21404BDD000C1201F00A01415C021112C5112186296
S21404BDE00F320E71408851140698FA184143009495
S21404BDF0511208651C620F320E71411151140698D7
S21404BE00FA181C6441430865513B00C1DC1E00A0BF
S21404BE101411111231100F30127100BA056101D8D5
S21404BE200471114201600FD8F472311003601E30A1
S21404BE30047201B8003A087204B80298D81402983A
S21404BE40C41600C0384101B804118F7914717F20DC
S21404BE50692004110861303110DD06711DBA637A59
S21404BE600698120300F830885088FF34087102ECF4
S21404BE70FF24F87002EC00CD14105950014404213C
S21404BE80FF22F2720F4C0095009300A000C1A81E7A
S21404BE9000A0141100A030880698421B8111086186
S21404BEA002D906720298061A1CBB557B086120D973
S21404BEB006710298F6190088A110186006982019D1
S21404BEC008211415FC251EBB5C7B5D7B00C1084065
S21404BED001B814110731FE21307608D82A7251139E
S21404BEE0FC23341304DB20711863FF33315B00C179
S21404BEF010C000B81411086180490C71FF31302954
S21404BF0054751EBB7B7B10707B7B7C7B00DD0471D1
S21404BF107D7B01BB3815EC25541300DF54710425D2
S21404BF2005DF54715415211120880698EE0D0092F1
S21404BF3051293E7500C1084001B8141102DB0C718A
S21404BF400731315B31292A760C7004DF08720161EF
S21404BF5080D91E720698201900C010C000B8069832
S21404BF60861B069820191411FFD9607202984C1A81
S21404BF700090009300A05415A111186110D9A67260
S21404BF80082508D8A071082510D89A712088211190
S21404BF900698EE0DFC255412112AF82554110C258A
S21404BFA020D80871F025541110252029047621592B
S21404BFB0181500920298B81907B97179811010D82B
S21404BFC00A711CB8447802B841781CB9747904B96B
S21404BFD0677900F88110A0D808711CB9497900A0C7
S21404BFE0086002D8FA7106982019108806983E143C
S21404BFF0106210DA087108211415F025541100C2D5
S21404C0000020FEFF202912750698921B01D90A7299
S21404C010069880080698120700941CBB41100C2052
S21404C02006986413411108211410069864133128E5
S21404C030441111120861FF31FF32012210521072AE
S21404C0401861181404244413042438140C7018615A
S21404C0502141181408240814029838144044147112
S21404C06000C1AC1E00A0141551131C630FDB0C7228
S21404C070196506980205411500A000C3784000B86B
S21404C0803413807B06720698120706983E1408BB83
S21404C09051140698B01A4415FC25541500C378406C
S21404C0A000B83413807B047100A002983E051CB9C6
S21404C0B000C3A01E00A03413086308DB1A718113A2
S21404C0C0A0DB0671497910706979086302DB08728F
S21404C0D004B9677900F800A08111086102D91071CB
S21404C0E01CB97579069820191411FF3100A0FFB900
S21404C0F000A0041008211411F421081100A08111D5
S21404C100106110310E710698201908211411F821B7
S21404C110141100A06CC304000000000044C1040015
S21404C120010000000000000000F049026CC3040097
S21404C1300000000068C104000100000000000000C8
S21404C14000F049028CC104004063598F404B4C00F8
S21404C1500B000B001A00FF7FDC65002000000000C7
S21404C1600EC60400000000007CC204004063598F21
S21404C170404B4C000B000B001A00FF7FDC650020D0
S21404C180000000000CC6040000000000FC1F0103B1
S21404C1906CC504001CC0011000F807001CC0013068
S21404C1A01402080050C001008741300424400601F0
S21404C1B00700620038700000000000000000000362
S21404C1C00068010F40B8244058400101FC00690093
S21404C1D0804005012363E0119BC34A74F00300000A
S21404C1E003800000BE0A0000E040010133000000A6
S21404C1F0F0400401590B0000640483078813C83A0E
S21404C20090200A0028410101001E00003C410B0159
S21404C21000148C00141A21282E343B4249504355EE
S21404C2207698BA0C286900000100000007212864EB
S21404C23014171A002004C869A1203A093C420101D7
S21404C24029000000A080020170780300D5C0000019
S21404C250A8800111F0010000A88001310542CB013D
S21404C260AC800111F0010000AC80013105228D0084
S21404C270B080010100030002FFFFFFFFFC1F010363
S21404C280BCC504001CC0011000F807001CC0013027
S21404C290F502080050C001008741300C2440060116
S21404C2A007C0520000000000000000000000000369
S21404C2B00000000000000000584001016402FF0076
S21404C2C0804005014B01A0089BC34A74F00300009C
S21404C2D00000000000000000E04001013300000000
S21404C2E0F040040100000000640483078813C83A81
S21404C2F09C200A0028410101031000003C410B0168
S21404C3000000000000000000000000000000000024
S21404C3100000000000000000010000000000000013
S21404C3200000000000000000000000003C42010184
S21404C33000000000A080020170780300D5C0000051
S21404C340A8800111F0010000A88001310542CB014C
S21404C350AC800111F0010000AC80013105228D0093
S21404C360B080010100030002FFFFFFFF0C40020043
S21404C370018014007F4000002040020000000000FE
S21404C380000000003040070000000000000000002D
S21404C3900000000000000000000000000000000094
S21404C3A0A007000050400100000000005C400200AE
S21404C3B00000000000000000A84001000700000084
S21404C3C0B440040000400000FF4C000000410000A0
S21404C3D0FF4D000008C001000000000020C001104E
S21404C3E0FF00000020C001300043000024C0040009
S21404C3F0EC80B3034375A802000000002E02000080
S21404C40054C003000E2D09E654060708D1B60200F0
S21404C41064C008000430000040201006C8F2481823
S21404C4201FE8F600BD4B721511A31805103254769A
S21404C430980A000088C001000000000008000101FE
S21404C440040700001800010100000000200001019C
S21404C450088400001C4002011000000020F91304A8
S21404C4605C4005014108000001000000B007080018
S21404C470A7000000000000009440070101011030EE
S21404C48050707F7F000000000000000000000000E5
S21404C4900000000000000000E4400101000000006D
S21404C4A0EC4001017DA8D98B004102010061200007
S21404C4B0B75635120C410301F954120020300429F2
S21404C4C088BB400024410101000000003041030104
S21404C4D06406660C0C010000E853FA006841030188
S21404C4E064048307881382000000000030420301BE
S21404C4F0000000000000000E00000000444201019D
S21404C50000000000108001010300000038800201D2
S21404C510114910000100000088800101000000009D
S21404C5209C800101EB400200B48001013700000149
S21404C53088000202000C00044C0000009400010273
S21404C54000040000D00002020E00000090029608CC
S21404C550E40001023D094204F40001020000000068
S21404C5601801010260005102FFFFFFFF12000000E5
S21404C570666666000000000020C6040010C60400BC
S21404C58000000000001A9A00005A620280841E000E
S21404C5900420FE00114950020000000000000000C4
S21404C5A0000000000000000000000000B1841E002F
S21404C5B00000000000000000000000001200000060
S21404C5C0666666000000000020C6040010C604006C
S21404C5D0000C0000001A9A00005A620280841E00B2
S21404C5E00420000011495002000000000000000072
S21404C5F0000000000000000000000000B1841E00DF
S21404C6000000000000000000000000000504000018
S21404C610E1190000E119000000000000000000001D
S21404C620193F01060410010000010106001027004E
S21404C630000900000000000000000000FDB6010034
S21404C640ADB60100B9B60100A9B70100F38D030029
S21404C6508D9303009193030095930300999303002D
S21404C6609D9303000001030464EE01001000000023
S21404C67024E101001A00000079EB0100110000001B
S21404C68075E401001100000063E5110004000000D9
S21404C69023E111000400000025E101000800000069
S21404C6A026E101000A00000027E101000200000064
S21404C6B0000000000000000028C8040017C804009A
S21404C6C00000000029C804004F8B0400000000008E
S21404C6D0498B04004B8B0400000000004D8B0400C3
S21404C6E0F5C704003EC80400508B04004A8B0400BF
S21404C6F0000000004E8B04000CC70400478B0400A7
S21404C700488B04004C8B0400468B04000002030490
S21404C7100508090A0B0001020304051D2000B401E4
S21404C72008020200AA00FFFFFFFFFFFFFFFFFFFF54
S21404C730F9F40200311402009D4302001D28030090
S21404C740AD460200BF9A0300C19A0300C39A0300D1
S21404C750C59A0300E5BE020055940200FDDB020004
S21404C760B9210300BD330200BB9A0300E19802001E
S21404C7706D120300D1240200BD9A03006F830300E8
S21404C780C92B02003F5803000000000000130000FD
S21404C790000000000000000000000000010000008F
S21404C7A0C99C02000200000035AC03000300000030
S21404C7B0219C020004000000AFAB0300050000004B
S21404C7C0C19B020000000000000000000023001BC4
S21404C7D02200FF00000000000C0902020000000016
S21404C7E01C1A0B0303FF06080402020204020A0BC7
S21404C7F0030302030480FF0204FF01010101080091
S21404C800000000000000005A6967426565416C6CD0
S21404C81069616E6365303980000018381030000096
S21404C820000000008F8E8C8081815A69674265659E
S21404C830416C6C69616E6365303906080C108000C3
S20C04C8409C84FB7F010000004C
S21004C84854C80400E0610020D601000083
S21404C8540000000000000000FFFF000001000000CC
S21404C86400000000000000000000000000000000BB
S21404C87400000000000000000000000000000000AB
S21404C884000000000000000000000000000000009B
S21404C894000000000000000000000000000000008B
S21404C8A4000000000000000000000000000000007B
S21404C8B4000000000000000000000000000000006B
S21404C8C4000000000000000000000000000000005B
S21404C8D4000000000000000000000000000000004B
S21404C8E4000000000000000000000000000000003B
S21404C8F4000000000000000000000000000000002B
S21404C904000000000000000000000000000000001A
S21404C914000000000000000000000000000000000A
S21404C92400000000000000000000000000000000FA
S21404C93400000000000000000000000000000000EA
S21404C94400000000000000000000000000010000D9
S21404C9540000F00108000000081000200100230174
S21404C964040000001010002006003001010000003E
S21404C97414100020FFFFFFFFC0EA2101C0EA2101D2
S21404C9840080000000F049021C63002000600B00D5
S21404C99400800000D0300020C8000000FE00000024
S21404C9A400000000847C040018100020FFFFFFFF32
S21404C9B43480040033000000FDE10000330000006E
S21404C9C4115D0300F4FB0300F8FB030005FC0300FD
S21404C9D412FC03001FFC03002CFC03003FFC0300B2
S21404C9E451FC03005EFC03006BFC030078FC0300AC
S21404C9F48DFC0300A0FC0300B2FC0300C7FC030088
S21404CA04D6FC0300E7FC0300F6FC030006FD030063
S21404CA1412FD03001FFD03002FFD030041FD030068
S21404CA2450FD03005FFD030068FD03007DFD030065
S21404CA3492FD0300A7FD0300C7FD0300D5FD030014
S21404CA44F4FD03000FFE030022FE03002FFE030082
S21404CA5444FE030053FE030062FE030074FE030058
S21404CA6486FE030099FE0300ACFE0300C2FE030028
S21404CA74000000000F000000FF000000000000009B
S21404CA840000000000000000000000000000000099
S21404CA9400000000000000000030E70400C818038B
S21404CAA433070400380704006507040090070400ED
S21404CAB4BE070400EC0704001B080400480804002E
S21404CAC478080400A8080400F8080400FFFFFFFF21
S21404CAD400F80300FFFFFFFF00000400000004004A
S21404CAE4005C2605786400200600000040A20400CA
S21404CAF4000000000100190001000000583C00205A
S21404CB040100190001000000583C0020010019002F
S21404CB1401000000583C0020010019000100000038
S21404CB24583C00200100190001000000583C002075
S21404CB340100190001000000583C002001001900FF
S21404CB4401000000583C0020010019000100000008
S21404CB54583C00200100190001000000583C002045
S21404CB640100190001000000583C002001001900CF
S21404CB7401000000583C00200100190001000000D8
S21404CB84583C0020D44000200000000000000000B0
S21404CB94B88B0400104800202C650020D04A0020DE
S21404CBA4367A0400060000000000000000000000BE
S21404CBB400000000A0A20400B8A20400417A040005
S21404CBC405330400FE0000005C650020000000003D
S21404CBD4E04A0020484B0020B04B00200000000030
S21404CBE40000000000000000000000000000000038
S21404CBF40000000000000000000000000000000028
S21404CC040000000000000000000000000000000017
S21404CC140000000000000000858903008CA40400C2
S21404CC24FFFFFFFFC98C0300C58C0300FFFFFFFF53
S21404CC34CD8C0300FFFFFFFF29E20100FFFFFFFF87
S21404CC44FFFFFFFFFFFFFFFFFFFFFFFFFFFFFFFFE7
S21404CC54FFFFFFFF0000000020A107000000000003
S21404CC6411CF0300000000000000000000000000D4
S21404CC7400000000000000000000000000000000A7
S21404CC8400000000F0500020250A0200B52302002C
S21404CC94053304000000000000000000000000004B
S21404CCA400000000F0500020BD1002000000000048
S21404CCB4053304000000000000000000000000002B
S21404CCC400000000F0500020011B0200B5230200FF
S21404CCD4053304000000000000000000000000000B
S21404CCE4000000002E7B0400F050002059280200A7
S21404CCF400000000053304000000000000000000EB
S21404CD040000000000000000F0500020DD3C02009B
S21404CD1400000000053304000000000000000000CA
S21404CD240000000000000000F05000204D42020005
S21404CD3400000000053304000000000000000000AA
S21404CD440000000000000000F050002049570200D4
S21404CD54000000000533040000000000000000008A
S21404CD640000000000000000B80B0000F050002093
S21404CD74B95C020000000000053304000000000053
S21404CD84000000000000000000000000F050002036
S21404CD9419680200000000000533040000000000C7
S21404CDA4000000000000000000000000F050002016
S21404CDB4DD690200000000000533040000000000E2
S21404CDC4000000000000000000000000F0500020F6
S21404CDD4B7A10300000000000533040000000000AF
S21404CDE4000000000000000000000000F0500020D6
S21404CDF40570020000000000053304000000000073
S21404CE04000000000000000000000000F0500020B5
S21404CE1475760200000000000533040000000000DC
S21404CE24000000000000000000000000F050002095
S21404CE3439AE0300000000000533040000000000BF
S21404CE44000000000000000000000000F050002075
S21404CE54ADDB0200000000000533040000000000FF
S21404CE64000000000000000000000000F050002055
S21404CE741DF4020000000000053304000000000056
S21404CE8400000000000000000000000041B703009A
S21404CE94F050002029220300B523020005330400C1
S21404CEA40000000000000000000000000000000075
S21404CEB4F0500020ED2803000000000005330400B1
S21404CEC40000000000000000000000000000000055
S21404CED4FFFFCEFAEFBEFFFFFDFFFDFF0C002C01A3
S21404CEE4001E2C01400680001027FFFF04F8FFFFF5
S21404CEF40C000000000000004000FDFF2C019C0014
S21404CF040000FFFFFDFFFFFFFFFF60EA80008000D4
S21404CF1410C1CDAB013201FFFFFFFFFFFFFFFFFF90
S21404CF24FFFFFFFFFFFFFFFFFFFFFFFFFFFFFFFF04
S21404CF34FFFFFFFFFFFFFF01FF05FFFFFF0101FFE8
S21404CF44FF0201FFFF640250FF0F010208031E06DE
S21404CF5405021601010A0C052007051010010F0826
S21404CF640410010601010104FF030101FF0C01FF83
S21404CF74405AB47F0150403000FFFFFF0B03FF0507
S21404CF840B0101FF03010305020201FFFFFFFFFF7C
S21404CF94FFFFFF010102FFFFFF40FF010100000045
S20C04CFA4BD4C0000954C000092
S80400702962
