S01B00006275696C642F72656C656173652F7A69676265652E73333714
S2140040000810002035700000C1B20000A7F10200C1
S214004010A7F10200C9B20000D1B20000A7F1020069
S214004020A7F10200A7F10200A7F10200A7F1020023
S214004030D5B2000008310400A7F10200A7F1020083
S214004040A7F10200A7F10200A7F102004D6B0000E5
S214004050A7F10200A7F10200A7F10200A7F10200F3
S214004060A7F10200A7F10200D5B70000A7F10200F1
S214004070A7F10200A7F10200A7F10200A7F10200D3
S214004080A7F10200A7F10200A7F10200A7F10200C3
S214004090A7F10200A7F10200A7F10200A7F10200B3
S2140040A0A7F10200FD730000E1730000A7F1020013
S2140040B0A7F10200A7F10200A7F10200B10B02006F
S2140040C0874B0300834B0300150302009D4B030040
S2140040D08B4B0300710B02008F4B0300A5EF010012
S2140040E0F10B0200A7F10200A7F10200A7F10200FF
S2140040F0A7F10200A7F10200A7F10200A7F1020053
S214004100A7F10200A7F10200A7F10200A7F1020042
S214004110A7F10200A7F10200A7F10200A7F1020032
S214004120A7F10200A7F10200A7F10200A7F1020022
S208004130A7F10200EC
S214004134F0B5114A114C124E00F00105E3695F0711
S21400414413D40DB9334213D103EA00078F4207D1C3
S2140041540B4A1A40002A14BF6FF001000020F0BD7D
S214004164013AEBD16FF00200F9E74FF0FF30F6E7C3
S2140041746FF00100F3E700BF80969800000003503C
S214004184020001000B4B70B5D96911F480310DD1D2
S21400419401244FF48072084E084DF46020462C64C7
S2140041A41A61FFF7C5FF3464EC6070BD6FF0010060
S2140041B4FBE700BF0000035000100350002003502C
S2140041C438B541F6713301220C4C0021E569E363EE
S2140041D40B4B05F48035DA600223606121202361ED
S2140041E4FFF7A6FF10B92120FFF7A2FF0122054B17
S2140041F4DA600DB10023E36338BD00BF000003504E
S214004204001003500020035070B5134C6061E3693E
S2140042145B071ED40E4656F8043B8D18A361AE42C7
S2140042240BD10423002121202361FFF781FF58B915
S214004234BDE870402120FFF77BBF08210846FFF742
S21400424477FF10B10423236170BD56F8043BA361C5
S214004254E5E74FF0FF30F7E7000003502DE9F84399
S214004264154641F67132164B8946DF69DA63012238
S214004274064603F58053DFF8508007F48037DA608B
S21400428455B9284601220F4BDA601FB10022A3F568
S2140042940053DA63BDE8F88306F5005404EA08041C
S2140042A4A41BAC4228BF2C46494622463046FFF79C
S2140042B4ABFF0028E6D12644A1442D1BE0E700BF4F
S2100042C4000003500020035000E0FFFF45
S2140042D02DE9F04F4FF0FD0BC9B09A460DF11B09C2
S2140042E09DF8503108AFCDF80C90CDF808B0019786
S2140042F0059303890446009383790E4690464188C9
S2140043008288407811F0A0F9054650B10090A38845
S214004310002062883A4911F0DBFC284649B0BDE827
S214004320F08F99F800002DF07EFF38B12846A3885C
S2140043306288344911F0CCFC8D25EEE75A463946A2
S21400434099F800002DF017FF8346002851D0529BA5
S2140043501BB1BDF84C3198424BD8002399F8009019
S2140043600793A9F14102012A5FFA8BF123D8384658
S2140043700139254ADFF898C05FFA81FE734513DBE2
S214004380059B04210792C3B907AF18221F489FED6B
S2140043901A7B02FB060420460A460830394684ED9E
S2140043A0027B16F0BDF911E010F8011F01335140F1
S2140043B00CFB01F2E2E7059B33B123464A4638463A
S2140043C000960FF0C3F8A8E70829DED9B8F1000F69
S2140043D001D088F80090BAF1000F01D0AAF800B01A
S2140043E0529B002B99D05A46184608A916F098F901
S2140043F093E7012591E700BF0000000000000000E1
S21400440006DA03003BDA0300C59D1C8180100020FD
S21400441093010001000000002DE9F04F93B0CDE9B4
S2140044200A32DDE91C530E9353EC102BCDE908013C
S214004430104619468DED060B1E9E15F0FBFB80B14F
S214004440DDE906014FF0FF32C54B15F01BFC40B905
S214004450DDE906014FF0FF326FF4801315F0F4FB30
S21400446070B1DDE908019DED060B0E9B1E96CDE9A9
S2140044701C53DDE90A3213B0BDE8F04F00F088B9EE
S2140044800022DDE90601002315F0DEFB002800F01F
S2140044903381DDE906A303F1004BCBF30A5016F493
S2140044A08063A0F2FF3008BF06250F9315F0F0F8E2
S2140044B09BA3D3E9002315F055F99BA3D3E900236A
S2140044C014F09AFFCBF31304894644F07F518046DC
S2140044D00022A44B504641F4401114F08BFF94A3E5
S2140044E0D3E9002315F03EF902460B4640464946FE
S2140044F014F082FF15F0D0FB044615F0C9F88EA321
S214004500D3E900238046894615F02CF90022964B05
S21400451014F072FF15F0C0FB89A3D3E90023074609
S2140045204946404615F01EF980463846894615F03D
S214004530AFF885A3D3E9002315F014F902460B461D
S2140045404046494614F056FF02460B46CDE90C237A
S21400455015F008F9DDE90C23804689461046194611
S21400456014F04AFF0022CDE91001804B4046494630
S21400457015F022FA00227E4B14F03EFF02460B4650
S2140045804046494615F018FA00227A4B14F034FFDC
S21400459002460B464046494615F00EFADDE90C2366
S2140045A08046894600204FF0804114F023FF0246E3
S2140045B00B464046494614F01FFF02460B46DDE90F
S2140045C0100115F0F9F907F2FF3700226A4B14F0D4
S2140045D013FF00223B0515F0C5F852465B468046A1
S2140045E0894615F04FFB002840F08980CDE90C89FC
S2140045F004F16303C62B8CBF0527042731051BD5A2
S21400460053A3D3E900235046594615F031FB002842
S2140046107FD051A3D3E900235046594615F014FB2A
S214004620002876D00027A542C6BF2C1B04F1FF3514
S21400463000253C4646F480660E9B9F422CBF4FF0FA
S2140046400008A3EB070816F0020903D0002F18BFD6
S2140046504FF000083CB1DDE90C235046594615F0F2
S214004660ABF982468B46DDE906010022002315F0F1
S214004670EBFA10B10BF100439B46DDE9080126F486
S2140046800063CDE90183DDE90A324BEC10AB0095FF
S21400469000F07EF802465FB3DDE9091316F0200F3E
S2140046A000F10105089E0CBF65204520B047DDE9F6
S2140046B008010523002205930A23002CCDE90232C7
S2140046C007F1FF374FEAD473B8BF64422A46019316
S2140046D004970A9B00942FF0C4FB0246B9F1000F22
S2140046E006D00B9BC41A0B9B1A190E9BA34245D8E7
S2140046F0104613B0BDE8F08FDDE906ABCDE600222C
S214004700404649461A4B15F057F9013CCDE90C01D5
S2140047106EE7002D90D00F9B002B8DD0013D8BE7D0
S214004720FB799F501344D33FB3C8608B288AC63F9B
S21400473061436F63A787D23F71A379094F930A40FD
S2140047401655B5BBB16B0240EF39FAFE422EE63F76
S2140047502D431CEBE2361A3F0000000080842E41F9
S214004760FFFFEF7F0000F83F0000E03F00002C4016
S21400477000002440000018400000F03F2020DDE943
S2140047800913089DA8470134ADE700BF00000000EC
S2140047902DE9F04F5BEC10AB97B0CDE90501DDE9F4
S2140047A02058CDE90723504652465B465946229F7D
S2140047B015F040FA70B90323CDE902870193AA4B9E
S2140047C00093DDE90501DDE907232FF07CFA17B039
S2140047D0BDE8F08F4FF0FF326FF480135046594615
S2140047E015F032FA28B10423CDE9028701939F4BD6
S2140047F0E6E74FF0FF32504659469D4B15F042FA19
S21400480068B19C4A07F00403002B08BF03229A4BAA
S2140048101CBF13460422CDE902870192D0E750461A
S2140048208DA3D3E90023594615F02CFA38B98CA38A
S214004830D3E900235046594615F006FA68B1DDE97B
S2140048400723DDE905014BEC10ABCDE92187209568
S21400485017B0BDE8F04FFFF7DFBD0022002350463B
S214004860594615F0F1F9002800F091805B46524653
S2140048700020002114F0BEFD012382468B460993DA
S21400488017F4806400F08580092D40F285800024AE
S21400489030210EABA5F109020134202C03F8011BD0
S2140048A0A5EB040901D09442F6D15946504615F0BE
S2140048B0F3F9724B054603EBC90393ED007B8DEDD0
S2140048C00A7B14F0E5FE02460B465046594614F0A5
S2140048D091FDDDE90A2314F045FF02460B46CDE9BB
S2140048E00C2315F001FA064614F0C2FE02460B46EB
S2140048F0DDE90C0114F07EFD02460B46CDE90C23E3
S21400490000225F4B15F0BEF9002848D0013630462D
S21400491014F0AEFE02460B46DDE90A0115F09EF9DC
S21400492008B100260135B9F1000F45D1284614F02C
S214004930AFFE02460B465046594614F05BFD002279
S2140049404F4B15F081F910B9E90700D501350A215A
S2140049500EAB1A19202C0AD095FBF1F001FB10556E
S214004960303502F8015B013405460028F2D107F025
S2140049700302012A55D1B8F1000F52D0099A12B994
S21400498017F00C0F01D008F1FF38302240E00990F4
S21400499076E74FF0060988E7A946002485E7002257
S2140049A0DDE90C01364B15F04FF90028BBD10EB1EE
S2140049B0F007B8D50136B6E70A210EAB1A19202C37
S2140049C00DD0B6FBF1F001FB1063092E03F13003A6
S2140049D009F1FF3904F1010402F8013B11D8302136
S2140049E0A1440EAA202CB2D04C4504F101030AD1F2
S2140049F004F158020DEB02042E2204F8202C1C466B
S214004A00A5E70646DBE7A1541C46EBE71A5501343A
S214004A10444506D2202CF9D1CDE9028701940EAB8D
S214004A20CEE6202CF8D0099B3BB12D2204F158038A
S214004A306B4403F8202C0134EEE77A0704D504F122
S214004A4058032B226B44F4E73B07E5D504F15803E3
S214004A5020226B44EDE700BF0000000065CDCD418D
S214004A600000000065CDCDC129F703002DF7030037
S214004A70FFFFEF7F20F7030025F703003840040010
S214004A800000E03F0000000070B58EB02C22002130
S214004A9003A815F0B5FC64234FF002320893CDE965
S214004AA005230B2301218DF834305B4B8DF8101055
S214004AB01D880D4040F0A980084633F02DFA0A22E2
S214004AC0564B574C1A704FF42873ADF812304FF00F
S214004AD0FF332360534B54491B8820460B82534BAD
S214004AE0534A1B68CD828B61524B0D621B884B82EA
S214004AF0514B1B68CB611CF0F1F820B14FF41B71D1
S214004B004E4834F0A1FA052120682FF09DFB20B115
S214004B1040F27D21494834F097FA206814F026FCCC
S214004B20474B206819682FF052FC0C2533F05CFECA
S214004B306843099033F058FE68430DEB0501079073
S214004B40206816F01FFB20B140F295213B4834F058
S214004B507BFA25681EF0FAFA0022014628462FF056
S214004B60AEFC20B140F29721344834F06DFA40F2A2
S214004B700353344D344E2B80052396F90000AB705A
S214004B807F2801D11CF0A0F93378EB7033F02CFEAF
S214004B9000EB80008000A88033F026FE0023C000D3
S214004BA04FF0FF31E880AB604FF0FF3018A3D3E939
S214004BB0002333F003FB254920682FF039FC2068DA
S214004BC002A930F055F820B14FF434711B4834F088
S214004BD03BFA042220680DEB02012FF0CDFB0428DF
S214004BE004D040F2D721154834F02EFA01A901204E
S214004BF02EF0CEFF06F0A8FB01201CF0E9FD2BF0FE
S214004C002EF81CF00FFE1CF0F7F80EB070BD00BFBB
S214004C100A0020FF42030000165500203C5C0020DE
S214004C203C4F0020E6590400E0620020EC590400E6
S214004C30417F0300E4590400E8590400F22F040001
S214004C4028600020304F0020AB650020B57F0300B1
S214004C500348044B834202D0034B03B11847704706
S214004C60D8650020D865002000000000064B0749E4
S214004C70C91A891048BF0131491003D0044B0BB143
S214004C8001481847704700BFD8650020D865002047
S214004C900000000010B5064C237843B9FFF7D8FF94
S214004CA0044B13B10448AFF300800123237010BDFA
S214004CB0B0150020000000006C7D040008B5044B11
S214004CC01BB104490448AFF30080BDE80840CDE7B7
S214004CD000000000B41500206C7D0400A3F5803AA7
S214004CE0704700BF154B002B08BF114B9D46FFF7C2
S214004CF0F5FF00218B460F461148124A121A15F08E
S214004D007FFB0C4B002B00D098470B4B002B00D0A2
S214004D1098470020002104000D000B4815F0B6FE51
S214004D2015F046FB200029002AF03FF815F09CFEFF
S214004D30000008000000000000000000081000202E
S214004D4008100020905C0020F5AA010007B501219C
S214004D5020200DF1070200F07DFE58B1022301214C
S214004D6020200DF107028DF8073000F083FE03B017
S214004D705DF804FB9DF807100229F8D002220948C6
S214004D8014F02CFA022301210DF1070220208DF8E1
S214004D90073000F06FFE29F08CFF4FF4FA6000F049
S214004DA069FDE4E78894030038B500F0CBFF0128DE
S214004DB005D000F0C7FF022801D000F0DBFF064D4B
S214004DC02B783BB900F0BEFF0128044602D129F03B
S214004DD0E3FF2C7038BD00BFF455002070B50C46BC
S214004DE0088800F0B3FD94F844300546834214D09A
S214004DF004F11C06304629F06BFF84F8445029F075
S214004E006BFF3221A064304629F05DFF94F8441011
S214004E100248BDE8704014F0E1B970BDB0940300DC
S214004E2010B50446008800F091FDA37884F844008D
S214004E30834202BF0123E3702371074B04F11C0079
S214004E40C4E9073400F05CFE224620880349BDE82A
S214004E50104000F093BD00BFCFEA0200DD4D000019
S214004E6070B5C37804460D461646002B32D1C1B144
S214004E701F4814F0B3F9E36CA6600BB1E06D9847D9
S214004E80E368F61A63699E4221D2217E19480131F1
S214004E90C9B2217614F0A2F9A36D13B1217EE06D9C
S214004EA09847E57029F018FF0DB32379FBB9A2687F
S214004EB0238A801A83421AD201230F48237114F0E2
S214004EC08DF9236D9BB1E06DBDE870401847012356
S214004ED02376E6E70029E4D1084814F07FF9636DED
S214004EE0E6602571002BDCD0E06D9847D9E770BDF1
S214004EF0CD940300DE9403000C950300F9940300A0
S214004F00F8B51E46838804460D4617460BB18680C4
S214004F10F8BD8178008829F0FBFD0123E370084B7B
S214004F20E5802781A680C4E903340C34204600F0CF
S214004F30E7FD29462046BDE8F84029F0C4BE00BF7C
S214004F401BEB02000122014B1A70704752650020CD
S214004F5010B501790446B1FA81F10088490929F0B3
S214004F604EFE21796088B1FA81F1490929F047FEA1
S214004F70034B1A68A24204BF00221A6010BD00BF8D
S214004F80F4150020F8B54379044613B30088164F8D
S214004F9004F108053B6813B1144B1B78DBB1144EC3
S214004FA03378C3B1217929F02AFE124B3221A3604F
S214004FB028463C6029F087FE0C4B1B789BB94FF4C3
S214004FC0FA710D4833700D4B0360BDE8F84029F0C8
S214004FD07ABE4088DBE70A4814F000F9094B322114
S214004FE02846A360F1E7F8BDF4150020F65500202A
S214004FF052650020514F0000CC150020454F0000A0
S21400500022950300854F000038B5104D04462B78D6
S21400501023B90F4800F074FD01232B7004F108003B
S214005020E46000F06DFD21792088B1FA81F149092C
S21400503029F0E5FDA37943B121796088B1FA81F1C1
S214005040BDE83840490929F0DABD38BDF5550020DD
S214005050CC15002010B50446E0B10F4814F0BEF899
S21400506001236371A37953B92179208829F0C7FDFC
S214005070236B7BB1606B0121BDE8104018472046CA
S214005080FFF766FF04F1080029F022FE2046FFF72E
S21400509079FFEDE710BD00BF5895030010B5044634
S2140050A0F8B1104814F09AF800236371A3796BB92D
S2140050B021792088B1FA81F1490929F0A0FD236BF6
S2140050C07BB1606B0021BDE8104018472046FFF713
S2140050D03FFF04F1080029F0FBFD2046FFF752FFD2
S2140050E0EDE710BD6395030010B5044668B10748A8
S2140050F014F074F8637920461BB1BDE81040FFF742
S214005100CDBFBDE81040FFF7A5BF10BD6F950300EB
S21400511010B50E4C0E48214614F060F882210D485A
S21400512014F05CF882210220A21E00F0A3FC0146C7
S21400513030B134F8022C0848BDE8104014F04EB8E0
S2140051400648BDE8104014F049B800BF8250002061
S2140051507E95030099950300A4950300E895030047
S21400516038B5124C82212246022000F073FCA51CA2
S214005170014698B122880E4814F030F82A460D4BA6
S21400518003F1240153F8040B8B4242F8040BF9D1C7
S21400519019889B78118093702623238035F8021C8B
S2140051A0054A0648BDE8384014F018B8805000207C
S2140051B0F395030073960300825000205196030077
S2140051C010B504460146084814F008F8012C0748B4
S2140051D005D129F0FAFCBDE8104001F02BB8BDE877
S2140051E0104029F0F4BC00BF9A960300B45F00207C
S2140051F070B50024184D194E3378A34217DC0024EE
S214005200174D184E3378A34217DC0024164D174E60
S2140052103378A34217DC00F095FD0128144818D116
S21400522029F0D3FCBDE87040124800F09DBD28462A
S214005230FFF7F6FD01346035DEE7284629F0ABFCC3
S21400524001343435DEE72846FFF7DEFE0134383514
S214005250DEE729F0BCFCE5E70C1F0020FB5500202C
S214005260EC200020FC550020DC1C0020FA55002015
S214005270B45F0020C15100002DE9F04F85B0FFF764
S2140052806FFFBA4B03A8039329F0C9FC054614F038
S214005290B3FFB74CC2B21F2A627004D9B54813F0E8
S2140052A09DFF00F0DBFA2946A01C15F039FA03A88A
S2140052B029F0B5FC054614F09FFFC2B21F2A84F8F9
S2140052C0212001D9AC48EAE7294604F1220015F06E
S2140052D027FA03A829F0A3FC002504462678002E0A
S2140052E06FD1DFF8D092DFF8D0A2DFF8A882FFF700
S2140052F07FFF99F800309AF8002098F800109F4831
S21400530013F06CFF9AF8003098F800509C4F1D443C
S21400531099F800303C461D44EDB2012D38BF0125FA
S2140053203B464FF482714FF6FF720136B5421E704F
S21400533059809A8003F10C03F7DC924B90498C4815
S214005340A36000F0C5FDE079A26800EB400002EB28
S214005350800000F0C9FBE2798A4B0132E271002638
S2140053601C46DFF834B298F80030B34200F3DB8115
S21400537000274FF00C0B844A814E9AF8000098F8EC
S2140053800010B84200F3E08100274FF07008084490
S2140053900BFB0066DFF824A299F80030BB4200F34E
S2140053A0EF812946764800F00DFC039B6F491A46AC
S2140053B08B4240F0F481754805B0BDE8F04F13F01D
S2140053C00DBF532E0FD163784C2B40F0F980A37895
S2140053D0502B40F0F58001226D4B1A7003A829F07F
S2140053E01EFC04467AE729D8412EF7D9423E102EF5
S2140053F0F4D801A353F826F069540000995600002B
S214005400DD530000DD530000DD530000DD530000D7
S214005410DD530000EF540000DD530000DD530000B4
S214005420A55400004F540000DD530000DD5300007B
S214005430DD530000DD5300002D560000692ECDD14F
S214005440601C29F0F9FB80B229F02FFCC6E7514B0F
S214005450012019780023504A994202F1A402BDDDCA
S21400546002F8A20C0133F7E7601C00F0DBFA0646F0
S214005470E01C29F003FC01210246304600F020FA29
S21400548060224648464C03785A43A118A6524FF469
S214005490FA620A824FF448724A61424A0A65013348
S2140054A003709BE7601C00F0BDFA0022342780469C
S2140054B03D4E114600F004FA30783C4D07FB00F3F1
S2140054C025F80380EA18E3781046693B18BF0123E5
S2140054D0937029F060FB3378354A03FB07550021AB
S2140054E015600125516015742B44337076E7601CF7
S2140054F000F098FA00221146804600F0E1F93422C6
S214005500294E2A4F307802FB00F327F80380F9185B
S214005510E3780846693B18BF01238B7029F03BFBF4
S214005520194A00231146906BB0B901EB831134235E
S214005530327802FB03738B635DB91D4A2B46114616
S21400554052F8040B70B93422307800FB027241F82E
S214005550232033780133C8E70133042B02F14002DD
S214005560E1D1E9E70133042BEAD1F2E782500020CB
S214005570D45E0020B9960300D0960300E0960300A0
S214005580F815002070160020401900201D97030013
S214005590F6550020F9550020401A0020FB55002043
S2140055A00C1F002009EC0200FC550020EC20002017
S2140055B0B45F0020F7550020F8550020F0170020B3
S2140055C0601C00F02FFA0746E01C29F057FB01216B
S2140055D00246384600F074F96023754E754C3278F2
S2140055E0A4205343E118E7524FF44873724F0B82DE
S2140055F04B613B78DFF8E0C158430CEB00010CF838
S21400560000304FF40070488003200871887102EB68
S214005610420004EB401432200133DBB201324B71FE
S2140056208C6081F8A00032703B70D7E6601C00F0FA
S214005630F9F900224FF038088146604F114600F015
S2140056403FF93B785E4E08FB03F326F803904FF0D5
S2140056500109F21882F80490E3786BB1E01C00F0C0
S214005660E1F900220446114600F02AF93B7808FBCF
S21400567003635C8083F806905248534A0378990186
S2140056805354397802EB8314C1EBC10206EBC20215
S21400569062634A1C3A7002E7601C00F0C3F90746D2
S2140056A0E01C00F0BFF9002206461146384600F01E
S2140056B007F9002238241146304600F001F93F4829
S2140056C03F4A03784FF0010E04FB03FC02EB0C018B
S2140056D022F80C704FF0000C81F804E081F806C048
S2140056E003EB0E01C9B24C43171916539C1C0470E9
S2140056F07024364E87F806C0307887F804E04443B6
S214005700334FC3EBC303C1EBC10107EB040C02EB41
S214005710C303385502EBC1027044CCF80430CCF811
S214005720082030705AE636B117F8053C03EB430301
S21400573004EB8304BC603946584600F0F9FF013696
S2140057400BF1A40B0C370EE63944481E0BFB006029
S2140057500BFB0161C079019200EB400004EB800472
S21400576010468C6000F0F6FD98F800101948394491
S2140057700BFB016100F044FD019A01374032FCE565
S21400578016F8053C314603EB430304EB830408FBA1
S21400579007A0B46000F0BAFC01370C36FCE513F83D
S2140057A0011D00297FF402AE3B2102F8011CFDE535
S2140057B0FB5500200C1F0020F9550020FA5500204C
S2140057C0DC1C0020F855002040190020F75500206A
S2140057D0F0170020D01C0020401A002007B5022138
S2140057E001200DF1060200F035F938B9044813F02F
S2140057F0F5FCBDF8060003B05DF804FB0020FAE7F0
S2140058003A97030007B50221ADF806000DF106022F
S214005810012000F02FF9014610B1034813F0DEFC1A
S21400582003B05DF804FB00BF5B97030010B5FFF7FD
S214005830D5FF04460146074813F0D0FC0121064870
S21400584013F0CCFC24B9BDE810400120FFF7DABF06
S21400585010BD00BF8B9703009D97030008B5044852
S21400586013F0BCFC00F016F929F023FA29F01EFA12
S214005870B397030038B50446084D094B28462B60FD
S21400588000F03EF9002C18BF21462846BDE83840F7
S21400589008BF4FF4967129F016BA00BFF021002019
S2140058A057EC020010B5044C237823B9034833F0B4
S2140058B077FB0123237010BDFE55002064330400DF
S2140058C073B506460D461446FFF7ECFF0E4A330A3C
S2140058D0D35C8DF805608DF804307DB1012C04D0C2
S2140058E0032C09D00022012101E02246022101A852
S2140058F001F058FC02B070BD0022F7E704212A46EA
S2140059000DEB0100F4E700BFE930040007B5064AD6
S214005910030AD35C8DF8050001A88DF8043001F069
S21400592075FC03B05DF804FBE930040007B5064AD1
S214005930030AD35C8DF8050001A88DF8043001F049
S21400594091FC03B05DF804FBE930040007B50A4A91
S214005950030AD35C8DF805008DF8043000230DF1A2
S214005960030101A88DF8033001F0A8FC9DF80300A0
S21400597003B05DF804FB00BFE93004002DE9F043F6
S214005980214C85B0064688469146FFF78BFF237864
S2140059901BB901F0EBFB012323701C4A330AD35CCE
S2140059A030228DF80C300023194F8DF80D6002FB65
S2140059B003F4395DE51901BB01233B554FF0FF3376
S2140059C004F1100013493844AB606E80C5F80480BB
S2140059D0C5F80C9008F0D8FB04F1080104223944FD
S2140059E00D4B009503A801F097FCA96802460B48EA
S2140059F013F0F4FB05B0BDE8F0830133102BD6D1CD
S214005A00074813F0EBFBF5E7FD550020E9300400EE
S214005A10182200205DEC02006FEC0200C097030025
S214005A20EE97030080B10278A2F14103032B0BD856
S214005A3040783038C0B2082806D8054B134413F80F
S214005A40413C40EA032070474FF6FF70704700BFA6
S214005A50E930040008B50B4642B101460448006828
S214005A6002F09EFDBDE8084029F019B9022008BDE5
S214005A702060002008B50B4642B101460448006885
S214005A8002F016FFBDE8084029F009B9022008BD5B
S214005A9020600020F0B50026124F8DB0FF23009343
S214005AA00A223346386802A929F08EFEC0B102AB3E
S214005AB01D4603EB800404E055F8043BB34228BFC0
S214005AC05E1CAC423868E9D9296803F077F80028EC
S214005AD0F2D02D28F0D00DB0BDE8F04029F0DFB8A8
S214005AE00DB0F0BD2060002028B1034B0360034BCF
S214005AF0436000238360704719000003C85F0020DE
S214005B00FF2307B50021044A0093083008F0C0FAC6
S214005B1003B05DF804FB00BFC1EC02000B4604496D
S214005B20024608680349097808B129F0DCB87047CE
S214005B302025002000560020F8B50C4618B122217A
S214005B400E4833F081FA246823685E795F88304611
S214005B503946FFF7E3FF08B98120F8BD8568002DB8
S214005B60FAD0A368E27C39463046A84704460028A7
S214005B70F2D12DF0C2F82046EFE700BF16980300DA
S214005B80F8B515460D4A044610680D4A0B461178BE
S214005B9050B1224629F0A7F8034628B100210C2769
S214005BA0C678B14201DB0020F8BD07FB01F45A6855
S214005BB01019125BAA42F7D00131F2E72025002027
S214005BC0005600202DE9F74F04460D460026454BAB
S214005BD0454F1860454B197033010021F85C0136BB
S214005BE00FF020FB0C2EF7D10C2D28BF0C254FF004
S214005BF0000901953C4EDFF800A13D4DDFF8FC8022
S214005C00019B4B4502DC03B0BDE8F08F23784FF0D4
S214005C10000B337063887380A388B380A379C6F8BB
S214005C200880B371E379C8F8005088F804304FF064
S214005C300003A768A8F80630E3795B450ADC012173
S214005C4016F8100B0FF0EEFA08F1080809F1010932
S214005C500C34D5E74FF0000338886B812880FB783A
S214005C604FF0000C2B81BA78C5F804A0002A0092E9
S214005C700CBF802240222A7379680AF10C02634521
S214005C8013DC03EB43030AEB830ABB6843B1009AB9
S214005C904FF6FF71B2FA82F2164B52092CF0BDFF96
S214005CA014350BF1010B0C37C6E7B1F800E00CF128
S214005CB0010C22F80CEC91F802E00C3202F816EC1B
S214005CC091F804E00C3102F815EC11F809ECBEF17D
S214005CD0010F14BF4FF0100E4FF0110E02F814EC27
S214005CE0CDE700BF20250020203C002000560020E5
S214005CF0242B0020395B000024250020A42D002042
S214005D00014B1860704700BF1C25002070B5128834
S214005D1005460E46FFF734FF044670B10279049933
S214005D20806814F0BFFB064B1B680BB9002070BDE3
S214005D303146284622889847F8E78620F7E700BFCE
S214005D401C25002008B50EF009FB022806D0012805
S214005D5006D0044B18784000C0B208BD0120FCE70E
S214005D600220FAE7FF550020014B1860704700BF7D
S214005D7018250020034B1A781AB901221A700AF067
S214005D804DBB7047FF5500200022064B10B51A7019
S214005D90054B1C682CB1FFF7D5FF2346BDE8104025
S214005DA0184710BDFF5500201825002037B50446BB
S214005DB0002832D00EF0D2FA022830D160892DF0B9
S214005DC0FEFAE079237A003818BF0120012B637AA7
S214005DD008BF40F008000BB140F0100063890BB11B
S214005DE040F00400257CA188A2790DB1E36873B960
S214005DF00C4B0FF0F3FD217808460FF06BFE2CF0ED
S214005E0005FE002814BF0320002003B030BDCDE9F6
S214005E100035054B0FF0E2FDEDE70220F5E7012027
S214005E20F3E700BF53E603001CB6030008B50CF00A
S214005E3053FC014630B1044813F0D0F9BDE80840E1
S214005E400CF0EEBF08BD00BF88980300034B044A61
S214005E505B7C012103201370FFF70CBEB45F0020AB
S214005E600156002010B50446FFF7F0FFB4F57F4F4B
S214005E700BD100240A4B1A8813449C70FFF748F98C
S214005E802046BDE81040FFF7F5BC4FF601739C4274
S214005E9004D1BDE81040034828F07FBE10BD00BF07
S214005EA080500020B45F002010B5074C0121224628
S214005EB00320FFF7CFFD28B92378044A003B18BF1C
S214005EC00123537410BD00BF01560020B45F0020AC
S214005ED00822F8B54C4B32241A7030229A705A7148
S214005EE035229A713122DA7139225C70DC703624E0
S214005EF01A724FF400121C71444C4264C464444C41
S214005F0001220465434C85188465434CC567C46507
S214005F10424C434D4466434CC0F880508466424C25
S214005F2080F848200467414C80F8542044672024B9
S214005F3080F8784080F8844000F12104C0F888405A
S214005F403B4C80F86020C0F88C403A4C80F86C20BF
S214005F50C0F89440384C80F89020C0F8984080F8FC
S214005F609C20364CC0F8B830354BC0F8A440C0F87A
S214005F70BC300F24022380F8A84080F8C030314C93
S214005F80314BC0F8AC40C0F8C430304C304BC0F891
S214005F90B040C0F8C830092482232E4D80F8B440A3
S214005FA080F8CC302C7C2C4BC0F8A000C0F8D03049
S214005FB044B12A4B80F8D820C0F8D43005F111033C
S214005FC0C0F8DC304FF0000CCA798E6802EB420352
S214005FD09F00443006EB830326F807C05860012074
S214005FE00C349870DC701318CB71FFF75DFFFFF769
S214005FF0A9FE012806D12B7C23B1BDE8F840154840
S21400600028F0CBBDF8BD00BF0256002002310400C8
S21400601001002000013104000200200000310400CD
S2140060200500420003002000FF3004000400420088
S21400603007003000FE30040012001001004042004D
S214006040FDFF2100ED300400FC3004000600420095
S21400605000FF4401B45F00208050002001FF1001C3
S214006060437B044A0121137000780E30C0B2FFF75C
S21400607001BD00BF0C56002038B504460078054D1B
S2140060800E302A460121C0B2FFF7E4FC08B92B788F
S214006090637338BD0C560020024B53F8200028F0DE
S2140060A009BF00BF042E0020012908B506D002292A
S2140060B007D049B928F0F5FE002008BD28F0F4FE08
S2140060C0FAE728F0F4FEF7E7024813F087F8012015
S2140060D0F3E700BFB598030011461A46024B53F883
S2140060E02000FFF7E1BF00BF042E0020002310B5FC
S2140060F0044683810364A0F844304830FFF700FD6F
S214006100014BC4E9123410BD9BEE020038B50446BC
S2140061100B781A4A43700D4642F82300FFF7E6FF55
S2140061202046FFF7A9FF4FF4401323610123144ACA
S2140061302375A261134A84F82030E261124A84F87B
S2140061402C306262114A84F83830A26204F10C02E4
S21400615022630F4A04F10D036263E363EA79A868D9
S21400616002EB420300EB830110344C60094C40F80C
S2140061702340094B8B60531CEB7138BD042E002066
S2140061800B560020080020005365002000FF30005A
S21400619001FF100102010104D960000070B50D4630
S2140061A00646144613460A460146114813F016F8EA
S2140061B025B92046BDE87040FFF754BE072D05D12F
S2140061C021463046BDE8704000F078BA062D05D16D
S2140061D021463046BDE8704000F076B8B5F5817FC0
S2140061E005D121463046BDE87040FFF755BF70BD6B
S2140061F0D19803000148FFF783BD00BF9D610000F2
S2140062004FF4C01330B5036001230371074B8C684D
S2140062108360CA7902EB420304EB83056860044896
S21400622044F82300531CCB7130BD00BF033104007B
S2140062300400010138B50024044D55F8040B08B1DC
S21400624028F046FE01340A2CF7D138BD2C2E00204B
S2140062500229024608B50ED004D839B9104628F0EF
S21400626062FE06E04029F9D0412907D1104628F001
S21400627050FE002008BD28F060FEFAE7014812F044
S214006280ADFFF6E70499030011461A46024B53F891
S2140062902000FFF7DDBF00BF2C2E0020426B094B0D
S2140062A052791A7082785A70C2789A70826B12B1DC
S2140062B090F83C20DA70007804210930014AC0B218
S2140062C0FFF7D8BB0D560020024B53F8200028F0ED
S2140062D050BE00BF2C2E002038B504460078084D6E
S2140062E009302A460421C0B2FFF7B4FB30B96B78F8
S2140062F0A370AB78E370EB7884F83C3038BD00BF11
S2140063000D56002038B504460078114D09302A464F
S2140063100421C0B2FFF79EFBC8B9A3782A78022BE7
S2140063200CD004D863B9204628F0FDFD01E0FF2B11
S2140063300AD02046BDE8384028F0CABD002AF2D16F
S214006340204628F0E6FDF4E7002AF9D1EBE738BD51
S2140063500D560020F8B504460B78224A0D4642F842
S21400636023004370FFF7B8FF636B1F4A5C631A6332
S2140063702046FFF7C7FF204628F0AAFD4FF48013FB
S21400638063600123626BA06B0532E260174A2372DA
S2140063902261A21C2375A26160B1154A84F82030E0
S2140063A0E261E21C6262134A84F82C3004F13C037A
S2140063B0A26223630627E979AE6801EB4103002851
S2140063C026F8237006EB83020CBF02230423D37047
S2140063D001239370084B043493604B1C5460EB719C
S2140063E0F8BD00BF2C2E00204FEF02000340300106
S2140063F001FF300102FF1001896200000246417968
S214006400D37808480139042B00EB811008D8012BFB
S21400641004D80BB928F07DBD28F085BD28F08DBDC9
S214006420704700BF4019002002464179D3780848DB
S2140064300139042B00EB811008D8012B04D80BB9C6
S21400644028F071BD28F065BD28F077BD704700BF05
S2140064504019002030B587B004464579FFF772FC36
S214006460012822D1E2786B1E042A1ED8DFE802F04B
S2140064700431031F2800104663784FF480728DF8AD
S21400648004304FF48273ADF806300623ADF80830BA
S21400649001238DF80B3000238DF80A0001A8CDE902
S2140064A003238DF81430FFF781FC07B030BD0A4A8D
S2140064B002EB83135B6B5B79181E18BF0120DBE7CA
S2140064C0054A02EB83135B6B5B79B3FA83F04009F2
S2140064D0D2E70020D0E700BF4019002030B587B0D3
S2140064E004464579FFF72EFC012829D1E3786A1E79
S2140064F0042B25D8DFE803F00B0B0B032600164B06
S21400650003EB82135B6B5B79003B18BF0123627859
S2140065108DF80A308DF804204FF482720123ADF80E
S214006520062006228DF80B30ADF8082000234FF425
S214006530807201A8CDE903238DF81430FFF736FCEE
S21400654007B030BD044B03EB82135B6B5B79B3FA89
S21400655083F35B09DBE700BF4019002010B586B067
S2140065600446FFF7EFFB012812D16378094A8DF83D
S21400657004304FF48273ADF806304FF48073CDE9E3
S2140065800223002301A804938DF81430FFF70EFCB5
S21400659006B010BD0800070110B586B00446FFF728
S2140065A0D1FB012820D16278104B8DF804204FF4DF
S2140065B0827294F8A01094F8A10059701870ADF883
S2140065C0062004934FF480720223094901A88DF82F
S2140065D01430CDE90212FFF7E9FB94F8A130013B35
S2140065E018BF012384F8A13006B010BD1156002054
S2140065F00800050110B583780446E3B10379022B41
S21400660006D143790C48013B00EB831028F095FC3B
S214006610A379022B02D12046FFF71CFF2046FFF786
S214006620BBFF02236078A4F86C305522BDE810400A
S214006630122128F07ABB10BD401900204388094A71
S214006640082113808388538083681B8A938090F880
S214006650A03093718379D37100780430C0B2FFF70D
S21400666009BA00BF0251002038B50D46044601782D
S214006670104812F0B3FD4FF602739D420CD16379B9
S2140066801BB10D4A12789A4201D20123637120464B
S214006690BDE83840FFF7D2BFB5F57F4FF7D12046AB
S2140066A028F0C9FCA378022B0CBF01220022A368A5
S2140066B09A70ECE71A990300F8550020024B53F83D
S2140066C02000FFF7D1BF00BF542E002038B5044687
S2140066D00078134D04302A460821C0B2FFF7BAF9F5
S2140066E020B1BDE838400F4812F078BD2B88638093
S2140066F06B88E978A380AA88A3681A82AB7984F8A5
S214006700A030EB79A37119B1074B1B788B4205D2E9
S214006710064812F063FD23780133637138BD00BF6D
S2140067200251002034990300F85500205D990300BB
S214006730F8B504460B78484A0D4642F823004370E5
S214006740FFF7C4FFA268454B0226D364444BA11C46
S2140067505365444B44481365444B04F10C0CC2E9A2
S21400676016344FF44013E36001236161E16240494F
S214006770103221632265211D3E4AA1633E496265AF
S21400678004F1A002A061E163E265E01C611D3B4AE2
S214006790206261643A483B492266A21D237423772F
S2140067A084F8283084F8343084F84030A16484F8C3
S2140067B04C6084F8583084F864306062A266E879E9
S2140067C0AA6800EB400102EB8107C7F804C04FF04F
S2140067D0060C2D4F42F82170C118C9B201EB4101D9
S2140067E042F821C002EB810700217960274F84F828
S2140067F080302767264F84F89830A767254F264BAA
S214006800E767264F84F8746084F88C60C4F89C3080
S21400681004F16C06831CC4F88470C4F89060204FA2
S214006820204EDBB203EB4303C4F89460C4F88870D0
S21400683002EB83067034746008261B4C42F8234033
S214006840C31CDBB203EB430302EB8304043042F8C1
S21400685023606160E871F8BD542E0020A3EF0200AB
S214006860E5EF0200F56500001000300199EF020028
S21400687001FF300104FF200102FF200105FF300167
S21400688000FF300103FF2101070001084A00210034
S21400689004310400510010000631040007310400E2
S2140068A0550021006F0018001200010400239B6AA7
S2140068B0B3F5804F03D21968064A914203D00023ED
S2140068C0037083607047012202709A689B69426079
S2140068D0F7E700BF07B0CD5E024B034A1A6029F007
S2140068E032BF00BF0000002002020FF073B53F4B1E
S2140068F004461A781AB102221A7002B070BDCDE9A9
S21400690000220028F9D001261E7032F0ABFA384D6E
S214006910384B186017F044FA2B785BB902F0F2F99E
S21400692040B935480823354A3549006801F038FE35
S21400693000B92E70334B5A68E260334A9A601A6E7A
S21400694022605A6E6260D3F87021A2601B6E5C04EF
S2140069502CD52E4AD368D807FCD42D4B1A68531C66
S21400696029D04FF4801393402A4A13660423294CF7
S2140069704FF0804223664FF480632366102323661D
S2140069804FF400536846236601A92266636628F022
S2140069906AFB009B2366019B63662B78002BACD0BA
S2140069A0164B1A6822665B686366A6E71A4AD368BF
S2140069B0D907FCD4D1E7194B1B78002BD6D1184B3E
S2140069C05A68144B12B94FF480121A66154A526868
S2140069D012B94FF400121A66134B5B68002BC5D130
S2140069E04FF480020B4B1A66C0E700BF1456002017
S2140069F0155600208C2E002020600020902E0020AF
S214006A00007108000080004455CEAC000000044031
S214006A10EC5F002000900044000004501356002055
S214006A200080055000C005500000065038B5224DC5
S214006A3004462B78012B02D001232B7038BD00288A
S214006A40FCD028F035FB013009D028F031FB40F2AD
S214006A500113984203D0194AD368DB07FCD4226896
S214006A60174B1A6662685A66A268C3F87021E26815
S214006A70D40744BF00229A60124B1A68013213D121
S214006A80114A127882B911494968C80748BF1A6086
S214006A900F4A5268D10744BF01221A600D4A526855
S214006AA0D20744BF02221A6017F082F90A4B186810
S214006AB032F0D3F90023C0E714560020000004404B
S214006AC000800044EC5F0020135600200080055034
S214006AD000C00550000006508C2E002070B5002423
S214006AE0A36AB3F5804F23D21A68134B9A421FD17C
S214006AF0124E337813F0FD0518D14FF48034104849
S214006B00FFF7F4FE032004F0CBF90E4B0320DC6005
S214006B1004F0AAF90C4B1C61AB6ADB699847044683
S214006B200748FFF783FF0CB901233370204670BD7A
S214006B304FF48174FAE700BF07B0CD5E135600200D
S214006B407C2E002000A000440090004413B5204B8B
S214006B501B7803B9FEE700231E4CCDE900336A46D6
S214006B6008231D49206801F01BFDF8B91B4AD2F81E
S214006B704031D2F840211F2B4FF0010311D9203AA3
S214006B809340019A1A43019208236A4612492068E4
S214006B9001F08EFE124B134A1A6029F0D4FD02B0A3
S214006BA010BD9340009A1A430092EDE72D28F1D1CC
S214006BB00A4AD2F84031D2F840211F2B4FF0010389
S214006BC085BF203A93409340019398BF0093DBE73C
S214006BD01456002020600020007108000080004449
S214006BE0000000200B020FF038B50025AB6A044603
S214006BF0B3F5804F10D21B6BB3F5804F0CD207480D
S214006C00FFF774FEAB6A20461B6B5B689847BDE8CF
S214006C1038400248FFF70ABF38BD00BF982E002054
S214006C2013B50024A36A0190B3F5804F13D21B6BF3
S214006C30B3F5804F0FD20948FFF758FEA36A01212B
S214006C401B6B01A89B69984704460448FFF7EEFEB5
S214006C50204602B010BD4FF48174F9E7982E00204C
S214006C6070B50026B36A0446B3F5804F0D4612D2BF
S214006C701B6BB3F5804F0ED20848FFF737FEB36A9A
S214006C8020461B6B29469B69984704460348FFF736
S214006C90CDFE204670BD4FF48174FAE7982E002092
S214006CA070B50026B36A0446B3F5804F0D4612D27F
S214006CB01B6BB3F5804F0ED20848FFF717FEB36A7A
S214006CC020461B6B2946DB69984704460348FFF7B6
S214006CD0ADFE204670BD4FF48174FAE7982E002072
S214006CE0F8B50027BB6A0446B3F5804F0D46164636
S214006CF011D21B6B7BB10948FFF7F8FDBB6A204633
S214006D001B6B324629465B6A984704460348FFF7E2
S214006D108DFE2046F8BD4FF40174FAE7982E002049
S214006D2070B50026B36A0446B3F5804F0D4612D2FE
S214006D301B6BB3F5804F0ED20848FFF7D7FDB36A3A
S214006D4020461B6B29469B6A984704460348FFF774
S214006D506DFE204670BD4FF40174FAE7982E0020B1
S214006D60F0B50027BB6A0446B3F5804F0D461646BD
S214006D70ADF5337D20D21B6BB3F5804F1CD2104887
S214006D80FFF7B4FDBB6A20461B6B40F2C1225B6A6C
S214006D9001A99847044630B10948FFF747FE204648
S214006DA00DF5337DF0BD836A32461B6B2946DB6AE0
S214006DB001A898470446EFE74FF40174EFE700BFD9
S214006DC0982E002010B50024A36AB3F5804F10D289
S214006DD01B6BB3F5804F0CD20748FFF787FDA36AFD
S214006DE01B6B1B6B984704460348FFF71FFE2046A5
S214006DF010BD0124FBE700BF982E0020F0B58FB031
S214006E00044601A80E461546FFF7EEFE9DF80C3028
S214006E10012B12D1B5F5402F27D8B4F5402F24D832
S214006E206319B3F5402F20D821462A46304613F082
S214006E3077FC002420460FB0F0BD0027BB6AB3F5F0
S214006E40804F15D21B6BB3F5804F11D20A48FFF75F
S214006E504DFDBB6A2A461B6B314620465B6B984746
S214006E6004460548FFF7E2FDE4E740F20244E1E7A6
S214006E7040F20114DEE700BF982E0020F0B58FB078
S214006E80044601A80E461546FFF7AEFE9DF80C30E8
S214006E90012B1FD1B5F5402F06D8B4F5402F03D8E7
S214006EA06319B3F5402F13D940F2024420460FB0C1
S214006EB0F0BDE258013225D104339D42F9D82A4666
S214006EC03146204628F024F90028EDD00024EDE7CE
S214006ED00023F2E70027BB6AB3F5804F15D21B6B81
S214006EE0B3F5804F11D20A48FFF700FDBB6A2A4669
S214006EF01B6B314620469B6B984704460448FFF7B9
S214006F0095FDD3E740F20344D0E740F20114CDE705
S214006F10982E002070B58EB0044601A80D46FFF7E7
S214006F2063FE9DF80C30012B22D144EA0503C3F31F
S214006F300C03002B33D1B5F5402F04D940F20244A0
S214006F4020460EB070BDB4F5402FF7D82544B5F5F1
S214006F50402FF3D8204604F5005428F0D2F8AC426F
S214006F6002D00028F6D1E9E70028E7D00024E7E7BA
S214006F700026B36AB3F5804F14D21B6BB3F5804F6F
S214006F8010D20A48FFF7B2FCB36A29461B6B2046AC
S214006F90DB6B984704460548FFF748FDD0E740F20C
S214006FA00444CDE740F20114CAE700BF982E002043
S214006FB0BFF34F8F0549064BCA6802F4E0621343DD
S214006FC0CB60BFF34F8F00BFFDE700BF00ED00E0D2
S214006FD00400FA0570B5D0B1C9B10E4E431E013992
S214006FE013F8014F2046325D02F00302012A11F821
S214006FF0012F08BF04F12000B55C05F00305012D44
S21400700008BF2032801A01D1002CE9D170BD0120C2
S214007010FCE700BFD55804000348044A0449121A86
S214007020921028F0C1B800BF34410000D0420000E2
S2140070302C5D002008B5154B83F30A8800F030F865
S214007040FFF7EAFF124B13498B4212D30020124B74
S21400705012498B4218D3FDF745FE186850F82240B7
S214007060586840F82240013298688242F5D30C33C3
S214007070EAE70022F8E71C6844F8220001325C6860
S214007080A242F8D30833E4E70022F8E7080000201D
S214007090747D0400807D0400807D0400807D0400F3
S2140070A0124B134A70B59A60D3F88820114D42F4FB
S2140070B07002C3F888206FF0010205F500542266BE
S2140070C041F2FF7262660222C3F8D020BFF34F8FF0
S2140070D0BFF36F8F4FF44036032003F0E1FE03202A
S2140070E0E66003F0C1FE2E6170BD00BF00ED00E05B
S2140070F00040000000800044014B1860704700BF4D
S214007100F45F0020054B1860054B1B6F03F0070368
S214007110032B01D12FF0FEBF704700BFFC5F00209D
S214007120008000502DE9F04104464FF001080C2580
S2140071300D4E0CB9BDE8F08194FAA4F0B0FA80F0D8
S2140071400F2808FA00F2C8BF103824EA0204CABFA3
S21400715005FB006205FB0062B4325768002FE8D0DA
S2140071609168C0B2B847E4E7A82E002008B50C48DE
S21400717031F016FF192003F085FE28B1192003F020
S2140071808FFE192003F070FE1A2003F07BFE28B154
S2140071901A2003F085FE1A2003F066FE002008BDC4
S2140071A0643304002DE9F0410E461746054618B331
S2140071B00F2923D80378DBB1013BDBB2022B19D8A9
S2140071C0104AD35C6A78D340DB0717D50E4BD3F84A
S2140071D01043ACB931F046FE80463A462846314662
S2140071E002F0BEFB404631F038FE2046BDE8F08196
S2140071F07F23E7E70023E5E72224F6E72124F4E7E8
S2140072000224F2E75831040000C0035010B50446CB
S21400721010B30378E3B1013BDBB2022B1AD8104A55
S214007220D35C6278D340DB0718D531F01BFE012211
S214007230617823788A4030214B4341F2100103F1F4
S214007240A04303F570335A5031F007FE002010BDFE
S2140072507F23E6E70023E4E72220F8E72120F6E78D
S2140072605831040010B5044610B30378E3B1013B6F
S214007270DBB2022B1AD8104AD35C6278D340DB0705
S21400728018D531F0EFFD0122617823788A4030214D
S2140072904B4342F2100103F1A04303F570335A50FA
S2140072A031F0DBFD002010BD7F23E6E70023E4E796
S2140072B02220F8E72120F6E75831040038B50D46BD
S2140072C0044618B311B30378E3B1013BDBB2022BDB
S2140072D01AD8104AD35C6278D340DB0718D531F051
S2140072E0C1FD30222378534303F1A04303F57033E6
S2140072F05B696278D34003F001032B7031F0ADFD7B
S214007300002038BD7F23E6E70023E4E72220F8E7E5
S2140073102120F6E7583104002DE9F0410D461646C7
S2140073209846044600284FD000294DD00178002901
S21400733040D04B1EDBB2022B3ED8254AD25C637887
S214007340DA40D20701D4FF2940D1022E01D9042EFB
S2140073503CD131F087FD23780746FF2B05D0324617
S2140073602046296802F042FB28602B68013309D1C9
S2140073702378FF2B06D1174B6078D3F8241428F017
S21400738052FC286029684B1C18D00C23124A03FBB9
S2140073900122069BC2F8048093602378FF2B04D05A
S2140073A001230E4A8B40C2F82434384631F055FD8E
S2140073B0002007E07F22C2E70022C0E7384631F00F
S2140073C04CFD2D20BDE8F0812220FBE72120F9E7C7
S2140073D05831040000C00350A82E002000D00350EF
S2140073E008B502F0B3FA044B00F05530C3F8200499
S2140073F0BDE80840FFF796BE00E0035008B502F06F
S214007400A5FA044B00F0AA30C3F82004BDE80840F3
S214007410FFF788BE00E003502DE9F04F14460546FE
S2140074200E469B46C36B87B001225B6902A9606863
S2140074309847EB6B01225B6903A93046984702A880
S21400744028F0B1FA074648B10023A37563754FF0DC
S214007450FF33A360002007B0BDE8F08F03A828F034
S214007460AFFA0123A375237E04EBC303DE611F84FA
S2140074706368B3420ED1206003A828F0C3FA4FF029
S214007480FF332075A360237D043B022B26D8002300
S214007490A375DFE723681A1A53425341A37503A85E
S2140074A028F0B0FA237D834218BFA77503A828F0FA
S2140074B08BFA074602A828F087FA874218BF0023EF
S2140074C003A818BFA37528F087FA074602A828F075
S2140074D083FA87421CBF0023A375D4E703A828F0CD
S2140074E073FA80B1EB6B022230465B6904A99847B9
S2140074F004A828F078FA0346207D032839D8DFE868
S21400750000F03838040903A8F3E7CC22237E04EB06
S214007510C3031A8401F06EFC109B187003A8277E24
S21400752028F046FA04EBC70787F82200237E03A854
S21400753004EBC303B3F8209093F8227028F044FAC3
S214007540804603A828F048FA8246B8F1000F15D006
S214007550EB6B022230465B6904A9984704A828F022
S21400756007FA6075637D6BB90023A3754FF00008BA
S21400757038E0227E04EBC2021384CBE703A828F08F
S214007580E2F9EEE794F81680B8F1000FEED0B9F104
S214007590000F09D1DFB10123E375637E002B4FD1C5
S2140075A0012F42D1677614E06B6C06EB0A015A4253
S2140075B086EA010010421CBF0022A2755A1E0A402D
S2140075C09B1A9945D0D8A37D002BE3D1CEE7E37D67
S2140075D043B94FF000084B4652463146284627F03E
S2140075E02DFFA060A27D12B123694B4423611A4986
S2140075F0237E097899422AD901332376BBF1000FFE
S21400760027D032B3E37D23B3B8F1000F21D1032F87
S2140076101FD0A1684B1C1CD0109B22460093284606
S2140076200123FFF7F9FEA07513E095F8343063B92F
S214007630EB6A0133CFD1032FCDD10123A376C8E760
S214007640012FCFD0032FC4D1F7E79846C3E7002316
S214007650A375A07DFFE600BF7C3104002DE9F04F46
S2140076600E46984600238BB004464FF0FF31104676
S21400767017468DF8133001F0A7FBB6F5801F20D211
S214007680314605AA04F1080028F0DFF8451C01463B
S21400769003D1237CBBB92D2010E0384601F094FBC3
S2140076A00122394620460DF1130327F019FF002862
S2140076B0EFD09DF8133088F8003000200BB0BDE8FE
S2140076C0F08FB01CE5D1E56A691C36D12046616AA8
S2140076D027F0FAFD0546B31C18BF0123DFF8CC904F
S2140076E00193636A626C0293236805A902FB053A5C
S2140076F0E36B05225B695046984705A828F0EEF92B
S21400770028F011FA504628F019FA4FF0000B82467E
S21400771001464B1C05D0636C81EA0A025B421342A9
S21400772011D02946204627F0CFFD029BAB422CD035
S214007730BBF1000F2CD10546D3E72368ED1A636C26
S214007740B5FBF3F5C7E7484601F03EFB0DF1130322
S21400775049462046019A27F0C3FE034690B1B21C64
S21400776003D0D9F80020B2420CD19DF81320039321
S2140077700D4B88F8002049461A68384612F0D0FFAC
S214007780039B9B46D9F80810C3E7BBF1000F82D0D5
S214007790B6F5801F91D2314698F800307A6804F129
S2140077A0080001F03FFA88E77831040084360020AC
S2140077B02DE9F3410446174698460E46184D816A51
S2140077C0E36A8B4201D04B1C02D102B0BDE8F081C7
S2140077D0284601F0F9FA0122294620460DF1070352
S2140077E027F07EFE38B14346294620469DF80720FE
S2140077F0B8470028E9D0A9684A1C04D16968204621
S21400780027F0EFFD0146012EDAD16B6881EA03020C
S214007810636C5B421A4218BF4FF0FF31D0E700BFDF
S214007820583600202DE9F04F4FF0FF334FF6FF7229
S2140078300025044600F10806C0E909238BB0C362A0
S214007840056205633046884627F0D0FF204627F0BD
S2140078500BFD60BB2046414627F086FD204627F0FC
S21400786003FD60BB5E200BB0BDE8F08F2368E26BC3
S214007870606C576900FB0530052205A9B84705A8C6
S21400788028F02CF9012807460CD12946204627F077
S2140078903CFD012F024600D101322946204627F042
S2140078A002FD03E028F044F90028EED10135E36933
S2140078B09D42DBD3204627F0D7FC0028CAD00025FF
S2140078C04FF0FF394FF6FF73CA46A846C4E908537F
S2140078D0E36998450AD3A5EB0905012D2CD84FF688
S2140078E0FF72636A93423CD16720BCE72368E26B71
S2140078F0606C576900FB0830052205A9B84705A843
S21400790028F0ECF8834605A828F0BFF80746584646
S21400791028F009F968B1574538BFC4F82480B9453E
S21400792028BFB946BD4238BF3D46BA46236A013332
S214007930236208F10108CBE74FF6FF730025636268
S214007940E3699D42CBD2676C2068E36B052207FB98
S21400795005005B6905A9984705A828F096F8013543
S214007960EEE7E26B676C2068694607FB0300556923
S2140079700522A847684628F088F8626A2368606C83
S2140079804B4D00FB023028F0D9F84FF0FF33A062D1
S214007990E3622A466FF00101204605ABFFF75EFE64
S2140079A0002846D1AD6829462046E56227F038FC17
S2140079B0206320B92046E16A27F013FDE0622946DD
S2140079C0204627F00EFD0546A36A9D4233D1204689
S2140079D027F0F9FB00278046B946E36999453CD372
S2140079E0B84559D92046616A27F06EFC0026054640
S2140079F004F1400AB74212D8626C2368694602FB5B
S214007A000539E36B05225B6948469847684628F0C7
S214007A103CF8534602464946E06B28F091F8294662
S214007A20204627F051FC0136B0450546E2D16420D9
S214007A3019E7A56AB7E72946204627F0F1FB236B2E
S214007A402946034407462363204627F0CAFC05461A
S214007A50002FB9D1C4E90B07B6E7636C2568052289
S214007A6003FB0955E36B05A95B692846984705A8FB
S214007A7028F034F828F057F858B1284628F05EF871
S214007A800146204627F0CCFB636C143B984208BFA7
S214007A90013709F10109A0E7304627F0A7FE0023C9
S214007AA020461946034AFFF783FE0020DBE600BFA8
S214007AB0B0360020CFF402002DE9F041036B90466B
S214007AC0826B07689A4288BF8363426C436A90B0B1
S214007AD002FB0377C36B0E46052201A95B690446C9
S214007AE03846984701A827F0F9FF0128014630706C
S214007AF057D0656CE26B2368606AD2F814C005FB49
S214007B000030052206A9E04706A827F0E7FF01286F
S214007B104FF0000523D0D4E90A3201219342CDE983
S214007B200B458DF834800E958DF83C102AD11946F9
S214007B30204627F056FC236B626C14339B1AE062D7
S214007B4023630C9B53B99DF83C303BB1626A616C71
S214007B502368E06B01FB023127F078FF0C9DE36B96
S214007B6005225B6901A93846984701A827F0B6FFA9
S214007B7030702846236BA26B9A4288BFA36310B06E
S214007B80BDE8F081237C33B91C490BAA04F1080038
S214007B9001F096F8D5E72046194A0BABFFF708FE2A
S214007BA0CFE7237C23BB2246164904F1080001F0E8
S214007BB087F8616A204627F0A8FB616A421C2046C7
S214007BC027F071FB054620B9236B626C1344143B07
S214007BD023632046A16A27F004FC2368A062C01A2B
S214007BE0636CB0FBF3F06062204627F03DFCB6E71E
S214007BF000232046044AFFF7DBFDDAE75D8300003A
S214007C00D982000069F5020005F5020073B50D463D
S214007C10D11E4A421C461B7E4A419A4226D12968FA
S214007C202368994222D3636899421FD8114E0DF1FA
S214007C3007033246FFF712FDC0B972686B689A42B6
S214007C4014D19DF80730DA1E53425341227E9342E8
S214007C500CD1636901336361D4E90323934205D2EF
S214007C602968A26842F8231001332361012002B07C
S214007C7070BD00BFB03600202DE9F04F9B4689B09E
S214007C809DF848309046514A0193136907465B4574
S214007C900D46C0F09580D94653680093B9F1000FA1
S214007CA07BD0FB6B01225B6905A90098984705A865
S214007CB027F086FE454B1B68984240F0848005A856
S214007CC027F08AFE0428064615D105A827F08BFE65
S214007CD0009B04461E44019B002B3ED1804512D9D2
S214007CE01C46A8EB00083846009927F07AFBA9EB5B
S214007CF004090090D2E7FB6B02225B69009806A994
S214007D00984706A8E2E7A0EB08045C4528BF5C4657
S214007D10032C4644ABEB040B1DD9FB6B29463046BF
S214007D205B69A208984724F0030304F0030A1E4484
S214007D301D44DDF80480BAF1000FD4D0FB6B01229D
S214007D4006A930465B6998475246284606A912F0AF
S214007D50E7FC5544C7E7A246EBE7824600F003037C
S214007D6002932B1803930644039BA6EB0A00A3EB8F
S214007D700A05029B9A4514D1BAF1000FB3D0FB6BEB
S214007D80012206A95B6998475246284606A912F0C2
S214007D9083FE0028DDD04FF03609484609B0BDE81E
S214007DA0F08FFB6B012206A95B69984704222846E0
S214007DB006A912F071FE0028EDD1AAF1040AD3E755
S214007DC04FF06309E9E74FF06F09E6E7DC3600207D
S214007DD02DE9F0410F4616469846044688B060B333
S214007DE090F83450FDB1012127F033FA00210E9BA4
S214007DF0CDE90511CDE902379DF83C30CDF8048079
S214007E008DF81C30237C04968BB90D4901AA04F129
S214007E10080000F055FFDDE90553E06B002E08BFB3
S214007E201D4627F0AFFB284608B0BDE8F081204687
S214007E30044A01ABFFF7BCFCEDE70546F3E700BFDD
S214007E4033F502000D7C00007FB590F842600446D2
S214007E5001920DF10B030A463046114927F09AFBB2
S214007E60012E0546E36B17D132465B6903A9984796
S214007E709DF80B10039B019A59B19BB243EA02434B
S214007E80012228460393E36B03A99B69984704B035
S214007E9070BD62F30F03F3E701229B6901A9F5E7C2
S214007EA0DC3600202DE9F04F99B00E460D920A6997
S214007EB0416C0B931439D31DB3FBF1F3013302EB82
S214007EC0C302036B04469342C0F001820023DFF82E
S214007ED004940893E36A48461946059300F074FF35
S214007EE0D6E9033707930B9B022B4DD1CC2F40F0DE
S214007EF0D7810D9B3BB13146204627F0A1FB656C30
S214007F001490012044E00120079B656C1B681493C5
S214007F1000F0010000280CBF04230823782F0E93DE
S214007F2049D8059A6B1E1340ED1A3B1D9D423CD264
S214007F30002F3DD0082D3ED80023042506934FF091
S214007F40040A336806990B98C9F80030C9F810700F
S214007F5027F05CFD4FEA9A030F93059B89F81400FF
S214007F600393002309930C9304930A93616C039B79
S214007F704A1E1A408B1A27B35544AB4223D8236BAC
S214007F805B1A134423632FE1782F656CB9D8F07D14
S214007F900D9B002BBCD0E36B01225B69706816A9B1
S214007FA0984716A827F010FDB4E700250695C6E703
S214007FB004250697C3E7012300254FF0080A069319
S214007FC0BFE75345DBD3A3EB0A029742039BB846B1
S214007FD028BF90469742534428D90122D9F810105A
S214007FE089F817208F4226D10399C9F80410049205
S214007FF099F817200AB399F818100398CA1C09EBC9
S214008000C202506004980131A2F80880907289F884
S2140080101810B8F1000F07D00B9A022A40F08180A2
S214008020099A72B1012209929B46ABE0049A002A93
S21400803018BF0322DBE70222D9E7039AC9F8042017
S214008040E7E70C9A4244032AEED9E26B1846956994
S21400805014A901220993A847099B05460028E1D0E8
S2140080603D2D40F01E8104F1080303932368059A12
S214008070606CA2EB030ABAFBF0FA00FB0A3027F0AA
S2140080805DFDE16A8046204627F0ABF9A26A82428F
S21400809000F00F81626CD9F80830511E0B40216B3E
S2140080A02768891A0B442363089BE062DF1BB7FB33
S2140080B0F2F7BA4540F0FA80059BB3EB080A12D0F7
S2140080C0E36B4FEA9A0241469B6998478346E36A08
S2140080D0059A5344E362236B03989B1A4344236335
S2140080E027F084FBDA462368616CE06B01FB0731FE
S2140080F027F099FC204627F0B7F8204627F0B4F979
S2140081002063BAF1000F00F0D4803269616CD31D91
S2140081101439B3FBF1F3013302EBC3029042A5D24C
S214008120BFE00D9A002A77D1B8F1030F4FEA980204
S2140081306ED9E16B18468D6907991093A847109B76
S2140081400546C0B918F0030515D0079A28F0030BAA
S21400815002EB0B019B444FF0FF3215A815922A46FE
S214008160109312F0DDFAE26B5846956915A90122C4
S214008170A8470546109B9B46079A42440792002D47
S21400818040F08B80049B16A80193069B009399F8F9
S21400819014204346316800F0CDFDE36B0F9A9B69CF
S2140081A0039816A99847039A051E089B18BF1346FE
S2140081B00893434652462046039927F03FF9236B1F
S2140081C008F10302A3EB0A0322F003029B1AC9F884
S2140081D008002363002D7FF443AF0C9BA7EB080732
S2140081E043440C93CDF80CB02046039927F0F9F8D9
S2140081F000250390002F7FF4B9AE364A31689368A5
S21400820004F10800E36252680B9B00F00BFD49E0A6
S2140082109B46454607999EE79B4606F1200210922C
S214008220F27D7068A2B1002296F818C00A99D5B2FD
S214008230AC4511D9109D02F1010E35F832508D4231
S21400824028D90E9806EBC2020144D069084403E020
S2140082500E9A0A990A441044E26B15A95569012240
S2140082601193A847159A0A9B1392E26B04339569FB
S2140082705846012213A90A93A847119B054603EB0B
S2140082800802A2EB0B02042A7FF679AF28B90BF19D
S214008290040BC5E77246491BC9E7CDF820B088E74E
S2140082A070252F46384619B0BDE8F08F4FF0000A0B
S2140082B019E73269616CD31D1439B3FBF1F301334E
S2140082C002EBC302236B9342BFF404AEE9E71C271C
S2140082D0E8E700BF84360020032A2DE9F34106466E
S2140082E00D4617461C4606D1237A012B23D00120C3
S2140082F002B0BDE8F081DFF86080096842460DF103
S2140083000703FFF7ABF960600028EDD19DF8072062
S214008310237A032AE8D0D8F804106A689142E3D199
S214008320012B2969D4F80CC007D172690CEB010344
S214008330934202D92074207CDAE708316144E16078
S2140083403B46012229463046FFF7ACFD6060002818
S214008350CAD00020CCE700BFB03600202DE9F3419C
S214008360089C032A1746266806D1237A012B24D0B8
S214008370012002B0BDE8F081DFF89080304642462A
S2140083800DF10703FFF76AF960600028EDD1256854
S214008390D8F80400A96AD5F844C04840CCF10003D8
S2140083A01840227AE1D1012A09D1E268D8F81030C3
S2140083B013447269934202D92074207CD9E7286856
S2140083C0EB6A1B1A081AB3FBFCF3B0FBFCF0834203
S2140083D00BD1706CF36A421E1340326B121A1344B0
S2140083E02846336326F0FDFFE862D8F81020E368DD
S2140083F008321344E36001223B4604492068FFF735
S21400840051FD60600028B0D00020B2E7B0360020F2
S2140084102DE9F0410025604B0E46D3F80080044657
S2140084201D6018B921252846BDE8F08190F8347003
S21400843007B30A6803689A4240F0A3804A68436814
S2140084409A4240F09E808A6883689A4240F09980FB
S214008450CA68C3689A4240F094800A6943699A429F
S21400846040F08F808A69C36B9A4240F08A804B69DD
S2140084708361D8E768223946856B11F0C1FFD6E9DB
S2140084800212336804F1080023607368A563636012
S214008490336963617369A36127F0BAF9B36904F1BC
S2140084A04000E3639B68984720B9676C17B1636820
S2140084B0B3FBF7F794F84330E761002BB2D0002304
S2140084C0656C2366002D64D0002F62D02368B3FB52
S2140084D0F5F205FB1233002B55D16668B6FBF5F3B3
S2140084E005FB1363002B4ED1204626F089FEA369B8
S2140084F0043303449E4248D340F634726369CC3B4F
S214008500934244D8B5F5805F43D30321204626F036
S214008510A0FED4E90001E36B1B6898470546E36BB1
S2140085200220DB689847CDB941462046FFF77AF926
S2140085306428054604D141462046FFF773F90546F0
S214008540666C5DB9236A2046143E5E4326F058FEEC
S214008550A369043303449E4238BF5A25002D0CBF3E
S2140085600123002384F8343007D1D4E900010B4AF4
S21400857013680133136027F0E5F9E06B27F002F883
S21400858051E75D254FE759254DE75A254BE75F250F
S21400859049E75B2547E700BF143000201030002075
S2140085A02DE9FF410C4616461F46054680B390F857
S2140085B034307BB3B1F5801F2ED2DFF86080012106
S2140085C026F047FE2146424628460DF10F03FFF7E8
S2140085D045F8044670B99DF80F30012B11D1D8F834
S2140085E01030BB4212D10246009031462846FFF7B3
S2140085F043FB0446E86B26F0C5FF204604B0BDE802
S214008600F081022B14BF2D246024F3E76324F1E7E6
S2140086102124F2E71124F0E72924EEE7DC360020D7
S2140086202DE9F04385B00C4617461E460546DDF894
S214008630308098B390F8343093B3B1F5801F31D2C0
S214008640DFF86490012126F004FE21464A462846BB
S2140086500DF10F03FFF702F8044688B99DF80F30B6
S214008660012B14D1D9F8102006EB08039A4213D335
S21400867000904346324639462846FFF7FDFA044640
S214008680E86B26F07FFF204605B0BDE8F083022B9E
S21400869014BF2D246024F3E76324F1E72124F2E7D6
S2140086A01124F0E72924EEE7DC36002073B50C46EB
S2140086B01646054630B390F834302BB3B1F5801F1C
S2140086C024D2012126F0C5FD21462846104A0DF188
S2140086D00703FEF7C3FF044680B99DF80730032B57
S2140086E00CD0022B0CD12846094926F0A9FF306091
S2140086F0E86B26F047FF204602B070BD2D24F7E752
S2140087006124F5E72124F6E71124F4E72924F2E7AB
S214008710DC3600202DE9F3411E4600230C461746A2
S2140087200546336050B390F834304BB3B1F5801F34
S21400873028D2DFF85480012126F08BFD21464246E0
S21400874028460DF10703FEF789FF0446A0B99DF8F9
S2140087500730032B10D0022B03BF01233B600423FA
S214008760D8F8103018BF38603360E86B26F00AFF80
S214008770204602B0BDE8F0812D24F6E72124F7E775
S2140087801124F5E72924F3E7DC36002073B5044608
S214008790056B26F035FD636E03449D422CBF002317
S2140087A00123854294BF00252D1A207C84F8503082
S2140087B0656584F85800A8B100230C4E1A46194681
S2140087C02046009627F000F8002305461A4619466C
S2140087D02046009627F001F8E3682844984294BFA4
S2140087E00020C01AE06502B070BD00BFFFFF0F009A
S2140087F02DE9F3471E4643690446B34288461746AA
S2140088009DF828904ED300258DF80750204626F078
S214008810F7FCD4F830A082450AD2236AB5EB430FA2
S21400882006D2002220460DF10701FFF745F9B8B33E
S2140088309DF80730012B05D1002220460DF10701D7
S214008840FFF73AF9B9F1030F06D03146204626F075
S214008850C7FC256B854227D3144D4FF0FF312846C1
S21400886000F0B2FA4B46294600222046C5E90376B8
S214008870C5F80080FFF716FB236E054663B1204659
S214008880FFF784FF94F8503013B994F858301BB1B2
S214008890236E04F150009847284602B0BDE8F087E2
S2140088A00135B3E76225F7E71C25F5E7B03600206B
S2140088B02DE9FF410F4690461E46054698B390F8B0
S2140088C0343093B3B1F5801F31D21A4C022126F012
S2140088D0C0FC2246394628460DF10F03FEF7BEFEC1
S2140088E0024678B10123424600933946334628466D
S2140088F0FFF77EFF0446E86B26F044FE204604B0F1
S214008900BDE8F0819DF80F30012BEBD12169B14213
S214008910E8D10093414633462846FFF7ADF90446B2
S2140089200028DFD1E7E72124E8E71124E6E7292439
S214008930E4E700BFDC3600202DE9F04790F842302F
S21400894086B0012B05460391A1EB020740F0AA80F2
S214008950FF2F03D81E464FF0640807E00226012BBF
S21400896014BF4FF032084FF06408013600244FF66B
S214008970FF79DFF844A195F84230012B14BF32236B
S21400898064239C4202D35FFA88F40DE005AB2246CE
S2140089905146284626F032FE95F84230012B059BBC
S2140089A034D14B452DD1E4B295F84230012B14BF9B
S2140089B032226422121BB24217D3012E39D1002272
S2140089C0012B05978DF8132027D1082205A90DF154
S2140089D0130027F0CFF89DF81330059A42EA0322D9
S2140089E021462846FFF730FA40B102233249009369
S2140089F02846CC23096803AAFFF7FAFE06B0BDE8AE
S214008A00F087DBB203B902340134B4E7591CCAD08C
S214008A109BB2002BF8D10134F6E7102205A90DF120
S214008A20130027F0A7F89DF81330059A42EA034290
S214008A30D6E7039A012B059223D10823202205A905
S214008A400DF113008DF8133027F094F89DF81320DD
S214008A50120221462846FFF7F7F995F84230611CC6
S214008A60012BC9B21AD10028BFD12846BDF8142060
S214008A70FFF7EAF90028B8D10234BDF81620E1B2B3
S214008A80AFE71023202205A90DF113008DF813304F
S214008A9027F070F89DF813201204DAE70028A4D116
S214008AA0059A9EE7B7F5803F4FF00106BFF457AF33
S214008AB04FF032085AE700BFDC36002070B586B0AB
S214008AC00E4605460392A0B390F834309BB3B1F53A
S214008AD0801F32D2022126F0BCFB31462846184AB7
S214008AE00DF11703FEF7BAFD044618B99DF81730C6
S214008AF0032B0ED10223314600932846CC2303AA2B
S214008B00FFF776FE0446E86B26F03CFD204606B0EE
S214008B1070BD022B0BD10A49284626F091FD039919
S214008B2002468142EFD02846FFF706FFEAE76124B7
S214008B30E9E72124EAE71124E8E72924E6E700BF6D
S214008B40DC360020F7B50C461646054668B390F8A6
S214008B50343063B3B1F5801F2BD2022126F079FBA7
S214008B6021462846144A0DF10703FEF777FDC0B9E3
S214008B709DF80730032B14D0022B14D10E4928463B
S214008B8026F05EFD471C024639462846FFF7D4FE0F
S214008B90044606B13760E86B26F0F4FC204603B0C6
S214008BA0F0BD2D24F7E76124F5E72124F6E711242C
S214008BB0F4E72924F2E700BFDC36002030B50C4687
S214008BC0054685B028B390F8343023B3B1F5801F3E
S214008BD023D2022126F03DFB0DF10F032146284645
S214008BE00F4AFEF73BFD034688B99DF80F20032A7F
S214008BF00DD003222146009202462846FFF7F8FDD4
S214008C000446E86B26F0BEFC204605B030BD2D2499
S214008C10F7E72124F8E71124F6E72924F4E700BF54
S214008C20DC3600202DE9F043466886B30568984692
S214008C304FF0000CA946AE4655F83C400CF1010C2E
S214008C40C4F31307013401D0B94217D0B4450EF16E
S214008C50080EF1D12F46002403E0B44207F10807BE
S214008C6012D055F8343001340133F6D1C1F3130174
S214008C7041EA0851C7E90012BDE8F08341EA08510D
S214008C80CEE90012BDE8F083B8F1030F03D101234B
S214008C900372BDE8F083002303E0B34209F108093C
S214008CA0F5D055F833400133C4F30754032CF4D100
S214008CB0C1F3130343EA0853C9E90032BDE8F08361
S214008CC02DE9F0410646406882B0B8B10F4690469E
S214008CD00024336853F8345003EBC403C5F307523B
S214008CE0C5F31301013506D05B683046CDF8008029
S214008CF0B84718B1706801348442EAD302B0BDE8C0
S214008D00F08100BF024B1968024B1868FFF780BB62
S214008D10006000202060002008B530F096F8014B77
S214008D20186008BD08370020014B186830F088B876
S214008D300837002073B504462248012A00EAC1110C
S214008D409DF8185023F07C4007D9961E012E28D98E
S214008D50073303F07F03194308E09DF81C300A43ED
S214008D60DB0603F0C053134343F060410023C4E91D
S214008D7000108DF80730B5B1202221460DF107000E
S214008D8026F0F8FE1A220DF10700211D26F0F2FE4D
S214008D90082063689DF8072043EA8263636002B098
S214008DA070BD1143E2E71B220DF10700214626F0B5
S214008DB0E1FE23689DF80720042043EAC26323608F
S214008DC0EDE700BF80FFFF0738B5094B0D461A6870
S214008DD00021044611F014FB00234FF0FF322383DA
S214008DE0C4E900252361A260E382A37638BD00BFF4
S214008DF0783104000138C0B205289ABF014B185CD0
S214008E00012070477D3104002DE9F04107461546E4
S214008E1000240E46596888B0490A012922464FEABE
S214008E20510104F10104F8D8DC78997824031B88F2
S214008E30C90201F4006104F480540C43C3F30A032E
S214008E405203234492B24FF000089C18274B6FEA57
S214008E500444039325F07843ED4302A90DF107007F
S214008E601B2202938DF8078026F084FE9DF80720CB
S214008E70029B02A943EAC2630DF107001B2225F0FC
S214008E807845049302958DF8078026F073FE9DF8CA
S214008E900720029B6FEA144443EAC26305934FF02F
S214008EA0FF330794069307A9BB69012206F1100059
S214008EB09847BB6905A90446012206F108009847B1
S214008EC0BB69404518BF044604A90122301D9847D7
S214008ED00122404518BF0446BB69304603A998479F
S214008EE0404508BF204608B0BDE8F08101009AB2B0
S214008EF038B5104B0546D3F800310C4603F0030393
S214008F00022B0BD0032B0DD0012B0FD12EF01CF90A
S214008F10032305B1286004B1236038BD2EF05EF946
S214008F200723F6E72FF0A4FF0623F2E7012300202D
S214008F30EFE700BF0080005038B5134B0546D3F866
S214008F4020010C4600F0070004281AD8DFE800F0DD
S214008F5003090D111500012305B1286004B1236033
S214008F6038BD2EF0B7F80423F6E72EF0EDF803230D
S214008F70F2E72EF0EFF80523EEE72EF0E1F80223F5
S214008F80EAE700231846E7E70080005038B5104BA4
S214008F900546D3F840310C4603F00303022B0BD0F2
S214008FA0032B0DD0012B0FD12FF064FF082305B142
S214008FB0286004B1236038BD2EF010F90723F6E7C9
S214008FC02FF05BFF0923F2E701230020EFE700BF45
S214008FD00080005038B5104B0546D3F860310C467B
S214008FE003F00303022B0BD0032B0DD0012B0FD164
S214008FF02FF040FF082305B1286004B1236038BD78
S2140090002EF0ECF80723F6E72FF037FF0923F2E7F8
S21400901001230020EFE700BF0080005041F67132C8
S21400902010B5104C104BA04294BF00240124D969FF
S214009030DA639A6801F4803122F4401242EA04525C
S2140090409A600A4A90420A4AD2F818028CBF40F048
S214009050020020F00200C2F8180209B10022DA630A
S21400906010BD00BF005A62020000035080F0FA02F2
S21400907000C007502E4B98424AD022D82D4B98421B
S21400908040D014D82C4B984239D00AD82B4B984253
S21400909032D02B4B98422FD02A4B98422CD000200F
S2140090A07047294B9842FAD1284B186F7047284BC7
S2140090B098422AD0274B9842F1D1244BD3F880000F
S2140090C07047254B98422BD009D8244B984223D082
S2140090D0234B9842E3D11D4BD3F88C007047214BAD
S2140090E0984221D003F5740303F510539842D6D165
S2140090F0164BD3F898007047144B986D7047134B77
S214009100586E7047114B586F7047104B986F7047EA
S2140091100E4BD3F8840070470C4BD3F8880070478A
S2140091200A4BD3F890007047084BD3F8940070476A
S2140091300048E8010024F400C0CF6A0080841E00C6
S21400914000093D0040420F00405DC6000080E00F71
S214009150C0EA210180BA8C01007E560380D5430206
S214009160006CDC020090D00337B50C460021114B92
S2140091700191D3F88031054603F00303022B0ED08D
S214009180032B11D0012B03D101A8FFF7D5FE0D212B
S2140091900DB1019B2B6004B1216003B030BD2DF0F2
S2140091A0D9FF05210190F3E72DF0CAFF02210190B7
S2140091B0EEE700BF0080005038B5104B0546D3F8E8
S2140091C040320C4603F00303022B0BD0032B0DD0CA
S2140091D0012B0FD12FF04EFE082305B1286004B1F5
S2140091E0236038BD2DF0FAFF0723F6E72FF045FE83
S2140091F00923F2E700231846EFE700BF008000507F
S21400920038B5144B0546D3F800020C4600F00700AC
S21400921004281BD8DFE800F003090D111500012310
S21400922005B1286004B1236038BD2FF023FE082363
S214009230F6E72DF0D3FF0723F2E72FF01EFE0923F3
S214009240EEE72DF067FF0C23800AE9E700231846B7
S214009250E6E700BF0080005038B5144B0546D3F84B
S21400926008020C4600F0070004281BD8DFE800F0D0
S21400927003090D111500012305B1286004B1236010
S21400928038BD2FF0F7FD0823F6E72DF0A7FF0723DC
S214009290F2E72FF0F2FD0923EEE72DF03BFF0C235B
S2140092A0800AE9E700231846E6E700BF0080005082
S2140092B0032814D005D8012805D0022809D000209C
S2140092C005E00F28FBD1084B186FC0F301300130C2
S2140092D07047054BD3F89000C0F30460F7E7024BE5
S2140092E0186FC0F38020F2E7008000501FB50023FF
S2140092F00193252817D8DFE800F0131A1D272C360F
S2140093003B51565B60656A78161A401616561A2741
S2140093102C27361A5127783B3B3B3B2727275B6099
S2140093202DF0DEFE0190019805B05DF804FB2DF0EF
S214009330F1FEF7E72DF0D4FE02460220FFF7B8FF55
S214009340B2FBF0F20192EEE72DF0E4FE02460320B7
S214009350F4E72DF0DFFE02460320FFF7A9FFB2FB7D
S214009360F0F25208EEE7002101A8FFF7FDFEDAE76B
S214009370002101A8FFF7E0FDD5E702934FF0E023B8
S2140093801B695B0705D52DF0C5FE0290029B019375
S214009390C9E703A902A8FFF7F9FDF7E7002101A82E
S2140093A0FFF7F4FDBFE7002101A8FFF713FEBAE7B9
S2140093B0002101A8FFF724FFB5E7002101A8FFF769
S2140093C04BFFB0E7002101A8FFF792FDABE7094B82
S2140093D0D3F8803003F00303022BA8D0032B01D070
S2140093E000209FE72DF0B6FE9CE7002101A8FFF7BE
S2140093F0E3FE98E70080005008B50120FFF776FFEF
S214009400BDE808400349884294BF01210221032099
S21400941000F002B880F0FA02032810B50C4627D0F8
S21400942004D8012804D0022817D010BD0F28FCD17C
S21400943026F0BEFB26F0C4FB124A013C136F23F451
S214009440405343EA043313672DF064FE0021FFF710
S214009450E5FDBDE81040FFF7CFBF0A4A4C1ED2F824
S214009460903023F0F85343EA0463C2F89030DCE708
S214009470044A4C1E136F23F4806343EA8423136765
S214009480D3E700BF008000501FB5002301932528B6
S21400949021D8DFE800F013202020202A2F454A4F4D
S2140094A054595E7120203420204A202020202A2073
S2140094B04520712F2F2F2F2020204F54314B1B6F0C
S2140094C003F00703013B032B05D8DFE803F00C028B
S2140094D0080A04230193019805B05DF804FB0323F2
S2140094E0F8E70623F6E70223F4E7002001A9FFF7D2
S2140094F03BFEF0E7002001A9FFF71EFDEBE7029315
S2140095004FF0E0231B695B0705D52DF003FE0B2308
S2140095100393039BDEE703A902A8FFF737FDF8E7EE
S214009520002001A9FFF732FDD5E7002001A9FFF7CB
S21400953051FDD0E7002001A9FFF762FECBE700202F
S21400954001A9FFF789FEC6E7002001A9FFF7D0FCB6
S214009550C1E70C4BD3F8803003F00303022B03D093
S214009560032B05D00023B5E72DF0D4FD0B23B1E780
S2140095702DF0F0FD0523ADE7002001A9FFF71CFE46
S214009580A9E700BF0080005008B50320FFF790FE53
S214009590034B187026F00CFBBDE8084026F010BB05
S2140095A01656002010B504462DF0B4FD0021FFF736
S2140095B035FD1CB1BDE81040FFF71EBF034B03206E
S2140095C0BDE810401978FFF727BF00BF16560020E9
S2140095D038B50546FFF74EFD204B04465A68012A6B
S2140095E004D11F494A609A699207FCD10020FFF710
S2140095F04BFF042803D126F0DBFA26F0E1FA194ADD
S21400960024F0407395421FD0174A95421FD0174A40
S214009610D16811F0060FFBD19068936091684B40BB
S21400962013F4F81F16D12846FDF766FD0020FFF755
S2140096302BFF042810D12DF06DFD0021FFF7EEFC66
S214009640BDE83840FFF7D8BE43F00073DFE743F0CD
S2140096508073DCE79060E9E738BD00BF00C00150CA
S21400966000E0015040420F0080841E0000000150C0
S21400967070B504460020FFF707FF03287CD045F6A8
S2140096800E030221414AC2F88030414B9962012103
S21400969003F580539962936DD903FCD4D4E9001383
S2140096A01B0543EA0163E17B94F823500B43217BBF
S2140096B043EA0143617B43EA0133A17B43EA81131A
S2140096C013619169D4E904031B0643EA806301F041
S2140096D000410B43A17EE07E0B43217E43EA01431B
S2140096E0617E43EA01239361E169136A002923F04E
S2140096F00D0343EA010314BF0121002143EA80035E
S21400970043EAC103136294F8203094F82200916A69
S2140097104FEA431331D194F8216021F0330143EA34
S21400972006130B4343F0010393621A49174A936DDD
S21400973031EA0303FBD10221154B9962936D5B005E
S214009740FCD41369A16823F4700343EA0153136140
S2140097504FF000420E4B9A6118B9022203F580536F
S2140097609A6215B901220C4B9A6294F824301BB108
S214009770064B0A4AC3F8802070BD21F03301294306
S2140097800B4343EA40039362EFE700BF00C000507C
S21400979000D000500300014000E00050F1A7FFFF9A
S2140097A0014B93F90000704717560020014B1880B4
S2140097B0704700BF106500200C4A10B513690446B8
S2140097C043F0040313612EF015F826F0FDF9084B5C
S2140097D0084AC3F8202430BF26F0F7F901F0E2FE6D
S2140097E01CB9BDE810402DF095BC10BD00ED00E0A2
S2140097F000E003500000FFFF034A0179D36E23F018
S21400980030030B43D36670470040005041F6713278
S214009810034BDA63012203F50053DA60704700BF9A
S2140098200000035041F671320121044BDA6303F560
S2140098300052D1600022DA63704700BF0000035078
S214009840044B1868421C02BF034AD2F89400186002
S214009850704700BF2460002000400050CB784A7854
S21400986010B55B010C7843EA82030A79234343EA86
S21400987002130C22424302F1B0421363012C02BFD2
S2140098808A78024B43F8202010BD00BFD0800350DA
S21400989008B54FF0B0435A6802B960B15B680BB1C7
S2140098A026F09CF94FF0B04130B10120074B5860CC
S2140098B026F094F9C86008BD26F090F90223CB6024
S2140098C026F08CF90122024B5A60F4E7001000588B
S2140098D0002000584FF0B0414B6810B50BB126F091
S2140098E07DF901220B4BC4785A608378934043EA93
S2140098F0840344782343047943EA0413447943EA0F
S214009900C4038B60044B5A600378C3F10203CB6038
S21400991010BD00BF0020005800100058054B5B69C2
S214009920C3F38512827003F03F021B0B4270037074
S214009930704700BF00C007500120034B9B680A33E6
S21400994003F01F03984070470080E00F034BD3F8E6
S2140099502424D3F820041040704700BF00C00350F2
S2140099602DE9F8431E4B0546D3F810334B1E0E2B3D
S2140099700E46174690F8009044781DD909B34FF06C
S21400998000082846D7B12FF07BFA09EB4903072CCD
S2140099904FF00F014FEA031315D8A400114808FA38
S2140099A004F2A140184426F021F9BEB928468FB12A
S2140099B0BDE8F8432FF064BA8846E2E726F025F9BA
S2140099C0E3E78846E1E7083CA400074808FA04F203
S2140099D0A140E7E7BDE8F84326F017B9BDE8F883ED
S2140099E000C0035004C003500CC003502DE9F041E2
S2140099F0204B1646D3F810234A1C05460C464078E2
S214009A0004D1D3F8241426F00EF90446002C2EDBDD
S214009A10072C14DC03274FEA84082A7807FA08F78D
S214009A203946154802FA08F226F0E0F86A78394610
S214009A3002F00302114802FA08F226F0D7F80123D2
S214009A4016F0050F0E4A18BF0E4903FA04F30CBFB2
S214009A50C2F81034C1F8103416F0060F18BF094AC1
S214009A60C2F814340123064AA340C2F82034204624
S214009A70BDE8F08100C0035000C4035008C4035082
S214009A8000E0035000D0035070B504462AF0B0FC46
S214009A90064630B90FCC044D0FC594E80F0085E894
S214009AA00F00304670BD00BF0C37002047F6FF732E
S214009AB09A42F0B570D0022970D8394B5B5C022B05
S214009AC06CD8384DDE0005EBC304A77815F83330A4
S214009AD0012F394638BF0121012B16D1E078401AF4
S214009AE00021884205D8012F2CBFC0190130C0B212
S214009AF0F0BD431A6568A0EB530335F91350954241
S214009B00D4BF194603F1FF30EBE760680028EFD0BA
S214009B10B0F90040944204DBB0F902409442B8BF6A
S214009B20144683883544FF2B19BFC8232827B0F96D
S214009B300630B0F90870A3EB04030CBF0122002224
S214009B4093FBF7F36E7813441BB29E4201DD002BA5
S214009B5001DA731E1BB24FF47A7C00EBC305EA8869
S214009B60AD685F1C14FB02521D4622EAE2723BB24D
S214009B705C329E42B2FBFCF204DD00EBC307BF88FA
S214009B809742EAD200EBC5039888904228BF104659
S214009B90884238BF0846AAE7FF20A9E70020A7E7C3
S214009BA0833104000C3700200229F0B560D8314B11
S214009BB0595C02295CD8304B13F83100012816D1C5
S214009BC003EBC1039C78D878012C214638BF0121CD
S214009BD0904294BFC1EB0001C1EB0201001BCAB268
S214009BE08242C8BF00225B6833F91200F0BD002A2B
S214009BF03CD003EBC1035968002939D098789042CD
S214009C0002D3B1F90200F1E7DC78B1F90000944222
S214009C10ECD95C788B88013CA3F1FF06734201F116
S214009C200405E4B2734101F10C07DEB2B44216D863
S214009C3005EBC3034FF47A756A43B3F902405B68D9
S214009C40D21A04EBD47302EB630292FBF4F2904256
S214009C50CCDBB1F902009042C8DC10B2C6E737F898
S214009C6033C05E1C9445E3D33346DEE70348BDE7C6
S214009C700348BBE7833104000C3700200CFEFFFFCF
S214009C800080FFFF08B50448FFF7FEFEBDE8084069
S214009C9001202AF0B3BB00BF883104007FB5142230
S214009CA0002101A810F0ACFB044B01A94FF0FF30D7
S214009CB002932AF0E9FB07B05DF804FB006A18007F
S214009CC02DE9F0418CB08846DDE912761D46044643
S214009CD0002847D0002945D0002F43D0002E41D081
S214009CE013F00F033ED120482049A360002A08BF86
S214009CF001462362C4E90013404609A926F025F868
S214009D0068BB204609992FF016F9294620462FF001
S214009D1012F96946404626F0A7F800BB6946204679
S214009D2026F0D2F8404603A926F0A9F8B8B920468E
S214009D3003A926F0C9F806970127204645F00055E6
S214009D4006A90797089526F0BFF8204609A90996A0
S214009D500A970B952FF015F920462FF0CFF80CB088
S214009D60BDE8F0812120FAE70001000400010104AB
S214009D702DE9F04F97B0894690461F460546DDF818
S214009D8080A0002800F0BB80002900F0B8803AB11F
S214009D90229B002B00F0B380239B002B00F0AF80AB
S214009DA0BAF1000F00F0AB80219B002B00F0A780DB
S214009DB067B13C680026229B43440293464507D37E
S214009DC007B13C60002017B0BDE8F08F3C46F1E7D5
S214009DD05CB1229B219A9B5D125D01345340239A0D
S214009DE004F00F0493550136E8E7A8EB060BBBF129
S214009DF00F0F58D9434B4846C5E90034AC602C6277
S214009E0013A925F0A2FF0028DDD1284613992BF0D0
S214009E100F0B2FF090F8594628462FF08CF848463E
S214009E2004A926F021F80028CDD1284604A926F05A
S214009E304BF8484607A926F022F80028C3D1284642
S214009E4007A926F041F8012322992F4ACDF828A029
S214009E500B930C928A190D9228464BF000520AA9D1
S214009E600E9303920F9226F02FF828460DA926F09F
S214009E702BF8239B039A99190123109111931292A0
S214009E80214A284610A9CDF84CA0149315922FF01D
S214009E9078F8284613A92FF074F828462FF02EF8E5
S214009EA05E4400288FD1229B03EB060B239B1E44A7
S214009EB0029B9B4501D1464680E7ACB9219B2246D2
S214009EC0CDE900A3494610232846FFF7F9FE0028EF
S214009ED07FF479AF0AF1100212F8013D0133DBB2CC
S214009EE013700BB95245F7D1219A1BF8013B125D4E
S214009EF00134534006F8013B04F00F04D8E7212054
S214009F0061E700BF03030004100000207FB50E4683
S214009F101D460446F0B102B9E3B90123019202934B
S214009F2045F00053039300230B4AA360C4E90023C3
S214009F302362204601A925F0C7FF314620462EF0B1
S214009F40FAFF204629462EF0F6FF20462EF0D6FFD2
S214009F5004B070BD2120FBE700000943084B98427F
S214009F6002D0084B984207D10B88B3F5105F14BF98
S214009F706FF08500002070476FF08500704700BFC7
S214009F80004440040013C0041038102808D8064BBC
S214009F90C34013F0010F0CBF6FF08600002070471F
S214009FA06FF08600704700BF010101002DE9F04FF9
S214009FB0A7B008AFCDE90501DDE93295DDE9346AE1
S214009FC000210792384610229846DDF8D8B010F0E7
S214009FD017FA102200210CA810F012FA069B2BB9D3
S214009FE06FF08604204627B0BDE8F08F079B002B55
S214009FF0F6D0B9F1000F01D1002DF1D1309B13B985
S21400A000319B002BECD116B9BAF1000FE8D1BBF1A9
S21400A010000FE5D040460599FFF7A0FF044600284C
S21400A020E0D1014628221CA810F0EAF92022214699
S21400A03014A810F0E5F91CA82EF073FF002840F0D5
S21400A040AF80DDE90612059814AB25F089FF0446BB
S21400A0500028C7D11498FFF797FF04460028C1D1FF
S21400A06015B9CBF80000BDE7B14518D209EB0503DA
S21400A0709E4214D25545B3D82A464946304610F07B
S21400A08011FA554B984526D006D3544B984524D004
S21400A09003F54073984520D06FF08504A2E74F4B38
S21400A0A098451BD003F54073984517D04A4B984502
S21400A0B0F2D1554594D815F00F0291D12B46CDE933
S21400A0C0009614A91CA8FFF7FBFD814600285CD16A
S21400A0D0CBF8005086E7B146EDE7B14610220021E6
S21400A0E010A810F08DF955453FF67AAF3C4B9845D1
S21400A0F0319B39D10D2B7FF473AF01238DF840309F
S21400A100309B0DF1410203F10C0153F8040B8B4216
S21400A11042F8040BF9D11B78137001238DF84F30E9
S21400A12015F00F0842D025F00F034B440DF1300C0C
S21400A13003F1100E624618685968083303C2734567
S21400A1409446F7D10F2D33D825F00F0333440393ED
S21400A1500CABCDE9017310AB00934246002314A963
S21400A1601CA8FFF705FEB0E7102B7FF439AF309B35
S21400A17010AA03F1100E9446186859680833ACE824
S21400A180030073456246F6D1CAE7524600213046C0
S21400A19010F036F90023B9F1010FCBF8003002D0E9
S21400A1A06FF092041EE76FF08B041BE70F2D8FD91C
S21400A1B010ABCDE9029600930197002325F00F021D
S21400A1C014A91CA8FFF7D4FD81460028DDD1B8F1FC
S21400A1D0000F3FF47DAFB7E7004440040010C00412
S21400A1E00013C0042DE9F04F8A46A1B00021DDE936
S21400A1F02A56DDE92C790590934606A81022984643
S21400A20010F0FEF8102200210AA810F0F9F8BAF1B2
S21400A210000F05D16FF08604204621B0BDE8F08F10
S21400A220BBF1000FF6D00DB9002EF3D117B9B9F176
S21400A230000FEFD12E9B002BECD040460599FFF780
S21400A2408DFE04460028E7D10146282216A810F005
S21400A250D7F8202221460EA810F0D2F816A82EF025
S21400A26060FE002854D15A46514605980EAB25F09C
S21400A27077FE04460028CFD10E98FFF785FE0446E9
S21400A2800028C9D116B92E9B1860C5E7BD4216D264
S21400A290AB199F4213D24E45BCD8324629463846A3
S21400A2A010F000F93A4B98455BD003F5407398459B
S21400A2B031D0384B984511D06FF08504ACE7344B5D
S21400A2C098454FD003F54073984525D0314B9845B7
S21400A2D0F2D14E4503D96FF089049DE73D4633071A
S21400A2E098D133460122CDE900570EA916A8FFF7EC
S21400A2F0E7FC2E9B05461E6000288DD04A460021AE
S21400A300384610F07DF800232E9A012D13603BD0BE
S21400A3106FF0920480E73D460D3E4E45DBD80123A4
S21400A3208DF828302B460DF1290205F10C0153F863
S21400A330040B8B4242F8040BF9D11B780D351370D1
S21400A3404FF48073ADF8363006AB01930AAB00933A
S21400A35032460023CDE902570EA916A8FFF708FDDE
S21400A360C7E73D46103E4E45B5D82B460DF1280CA6
S21400A37005F1100E624618685968083303C2734523
S21400A3809446F7D11035DFE76FF08B0444E700BF43
S21400A3900010C0040044400410B54FF42F72002192
S21400A3A0044610F02DF88023C4F88C30054B04F1D9
S21400A3B09C00C4F88430012384F88830BDE810403F
S21400A3C024F0B6BE9299030010B5D0F8A0400A4615
S21400A3D08CB925F0DBFF044610B90024204610BDDA
S21400A3E02D2896BF064B074953F82010064A074803
S21400A3F026F012F9F2E7D0F8A4101046A047ECE7D2
S21400A4007432040095990300BE970300C59A0300B2
S21400A410F8B590F88060044616B100263046F8BDC0
S21400A42025F0E7FD0028F8D1012384F8803094F861
S21400A430883033B1D4F884101F4884F8886026F03A
S21400A440EBF84FF0FF37D4F8B402421C1FD0C4F824
S21400A450B47210F0FF052CD0204625F0C7FD294623
S21400A460204600F0A7FB0028EDD0204625F0CCFDC6
S21400A47094F888303BB1D4F884100F4826F0CCF816
S21400A480002384F88830002384F88030C6E726F05E
S21400A490A8F8431CDDD1D4F88C30D4F89420013BC6
S21400A4A09A4204DB054A0649064826F0B5F8012616
S21400A4B0E9E70126C7E700BF67AC0300BE970300C5
S21400A4C0A3990300C59A0300F8B50B780446302B11
S21400A4D00D46164604D14B7803F0DF03582B11D0F7
S21400A4E0284F6A1E12F8011F002934D128460A2276
S21400A4F00FF076FE202C03460D4631D1B1FA81F0DE
S21400A50040091AE04A1C1F4912F8013F8BB9284639
S21400A5100FF072FE1C4B02382340032B12D101347D
S21400A520A41084420AD1A87837288CBF00200120C6
S21400A53003E0CB5C13F04400E6D1F8BDCCBF0120AD
S21400A5400020FAE7002CB8BF0334B0EBA40FD4BF4A
S21400A55001200020F1E77B5C13F00400C2D1ECE799
S21400A56026B1084302D0013B61F100050122A2405A
S21400A570013A1A40002D08BF9A420CBF0120002065
S21400A580DBE700BFD558040003000080F0B5037871
S21400A59001467B2B17D10646022400220B4F16F8E5
S21400A5A0015F7D2D05D10B5D6BB9D24302F0010032
S21400A5B008E07B5D13F0440002D001320134EEE780
S21400A5C0202DFBD0F0BD0020FCE700BFD5580400CE
S21400A5D070B506460D460FF00FFE0446304626F0D0
S21400A5E01BF8044EAC4200D370BD304626F014F87B
S21400A5F00134F7E73FA303002DE9F84F0446022194
S21400A6005148FFF7E5FF1E212068FFF7E1FF63686A
S21400A610586826F001F84D4825F0FEFF67683B7B3A
S21400A620FD2B12D8D7F808804FF0FF3640460FF0C3
S21400A630E3FD0546DFF81091DFF870A1DFF84CB1B6
S21400A6400C3717F8013BFF2B01D1BDE8F88F212B03
S21400A65018D8212B36D8DFE803F0377274111B1D8B
S21400A6601F213535353535353535232527292B2D0D
S21400A6702F3135353535353535353D33344C002DB0
S21400A6802BD12EE0334C344AFE2B08BF1446F6E797
S21400A690324CF4E7324CF2E7324CF0E7324CEEE75D
S21400A6A0324CECE7324CEAE7324CE8E7324CE6E76D
S21400A6B0324CE4E7324CE2E7324CE0E7324CDEE77D
S21400A6C0324CDCE7234CDAE7314CD8E725F098FF2C
S21400A6D001362AE0002DB4D02E4C202B06F10106C0
S21400A6E0AFD002214846FFF773FF1E214846FFF70A
S21400A6F06FFF504625F090FF5946204610F0D6F8DA
S21400A7002549002818BF2146244825F085FF3B78B8
S21400A710202B02D12B2025F073FF214825F07CFF4B
S21400A7204DB118F806301F2B05D018F806001F2864
S21400A73001D0AE42CADB054825F06EFF81E7194C12
S21400A7409DE7194C9BE700BF53E60300BE97030046
S21400A7504D9A03005F9A030085B60300AA9A030089
S21400A760B19A0300A29A03009E9A0300959A0300EA
S21400A7708B9A0300819A0300969A03008C9A030032
S21400A780829A0300779A0300709A0300679A030080
S21400A7904C9A0300529A03005D9A030067AC0300CC
S21400A7A0D69D0300A99A0300B09A03006DB7030074
S21400A7B02DE9F04F9BB005468B460024009203938C
S21400A7C00FF01AFD249F039B04901C6028463C60F3
S21400A7D00AAA09A925F042FF064658B90A980FF0BA
S21400A7E00BFD3446B046039B1860D5F89C300293A8
S21400A7F0029B1BB920461BB0BDE8F08F029BD3F826
S21400A8000890B9F1000F6CD02E4416F8013B202BAF
S21400A81011D000260C23734309EB030A59F80330C2
S21400A8200193002B58D0099B434555DB9AF8082026
S21400A8302AB1721C39E03B6801333B60E5E73968B2
S21400A840D5F894200793039B521A1A601AAB03EBB1
S21400A850880151F8403C0199184605930FF0E6FF31
S21400A86006900028E5D101980FF0C6FCDDE9062326
S21400A8700146DAF80400D7F800A090F80CC0BCF146
S21400A880FE0F16D103F1FF3EC64512D0D0F8009059
S21400A890059801920FF0B0FC0AF1010A019A5044A3
S21400A8A02B5C23B1386008F101081646B2E7013088
S21400A8B0F6E7D5F894200591A2EB0A028A4220DC3E
S21400A8C058460FF099FC059901447B290DD9584646
S21400A8D01F4A009924F053FC2B46049A2A449342BC
S21400A8E02CD1029B1B68029382E7DDE900125846D2
S21400A8F024F045FC5846174A0099013424F03FFCE2
S21400A90097E7BCF1FE0F94D1013B434591D1D0F8B7
S21400A91000A0DFF840905AF80C2B22B9049B3B604D
S21400A920039B1A60D8E75846009924F028FC4A464C
S21400A9305846009924F023FC0134ECE713F8011B79
S21400A9400029CCD14FF0200103F8011CC7E700BF57
S21400A950B79A03003FA303002DE9F047002486B012
S21400A9601C60DDE90EA8064689468AF80040116894
S21400A970154888F8004017461D468DF81740FCF726
S21400A98029FB18B901242B6801332B600020D6F868
S21400A9909C6036B914B1012388F8003006B0BDE8D3
S21400A9A0F087B06868B14B460021CDE902A8CDE932
S21400A9B000750DF1170225F088FC9DF81730002B66
S21400A9C0E8D13668E5E700BFBC9A03002DE9F047FA
S21400A9D00446ADF5447D8022002104A802AF0FF0A6
S21400A9E00FFD80222046009703AB04A9FFF7E0FE88
S21400A9F001283DD104A80FF0FFFB03993B68461AD7
S21400AA000B4426EAE6762344054604A8324601446B
S21400AA1018460FF085FE00228255D4F89060039BFE
S21400AA203968D4F890201944B14212DCD4F8941056
S21400AA30E81A0244C4F89020014404AAC4F894100A
S21400AA40D41825182B1B002B0DDC0DF5447DBDE816
S21400AA50F087A05C25F0D4FDD4F8903001360133A1
S21400AA60C4F89030DBE714F8010B25F0C9FDE9E7E0
S21400AA70EBDD24AD8022002128460DF5887A0FF004
S21400AA80BFFC0DF110094FF40072002150460FF084
S21400AA90B7FC4FF001084A46002312F8016BA6B92E
S21400AAA004A84AF828300FF0A7FB294633469845F5
S21400AAB01CDB19F8016B0DF5887C5CF8042B8242D0
S21400AAC00CD101F8016B0133F1E7202E03F10103ED
S21400AAD004BF4AF8283008F10108DEE70DF1100E31
S21400AAE07244D25CB242E8D00022EA54D4F89060B5
S21400AAF0039BB3422FDC23462C4A04A92C4825F09E
S21400AB008BFD28460FF078FB0646039B3F68F61A37
S21400AB101F4426EAE672E01917441D44E11904F1C1
S21400AB20900399423CD904F19803984238D26A1EA1
S21400AB3081190B1A002B27DD12F8013F00F8013BA4
S21400AB40D4F890300133C4F89030D4F89430013300
S21400AB50C4F89430EDE7D4F890300136E05C25F088
S21400AB604FFDD4F890300133C4F89030C0E7D4F8E5
S21400AB709020013B0132C4F89020D4F89420013292
S21400AB80C4F89420002BF2DC00232E44E355731BFC
S21400AB90002B7FF75AAF15F8010B25F031FDF6E7CD
S21400ABA029460FF0BDFD3346ECE700BF929903003F
S21400ABB0C19A03002DE9F843D0E9245604460F460F
S21400ABC0002294F89830012B07D10A2F07D10023D2
S21400ABD084F898300020BDE8F88300F29F801B2F91
S21400ABE001D10223F4E70D2F0DD1012384F898300C
S21400ABF00D2025F005FD0A2025F002FD002301208A
S21400AC00C4E92433E7E74FF00008082F84F898805B
S21400AC1034D1454530DDB5420FD1384625F0F0FC3D
S21400AC20202025F0EDFC013D384625F0E9FC013EEC
S21400AC3004F80580C4E92456CCE7FBDA05F1FF39B1
S21400AC40384625F0DDFC04EB0903A6EB0902611982
S21400AC5018460FF027FC04F806800146013E4848D7
S21400AC6025F0DAFC35464D4501DC4D46E2E7082086
S21400AC7025F0C6FC013DF6E7ACD0DBE77F2F1CD104
S21400AC80002EA7DDB542A5DA6319691C21441846D3
S21400AC90721B0FF007FC04F806800146394825F0C1
S21400ACA0BBFC0820013E25F0ABFCB542F9D1D4F838
S21400ACB09430013BC4F894308CE70A2F98D0092FC3
S21400ACC003D12046FFF782FE84E7D4F88C30013BA0
S21400ACD0B3427FF77FAFB54204EB050805F10109E3
S21400ACE00CDB384688F80070D4F89430C4F890909E
S21400ACF00133C4F8943025F083FC6BE74146721BA1
S21400AD0004EB09000FF0CEFB404625F085FC08203A
S21400AD10013E25F075FCB542F9DDE2E7022B06D1CF
S21400AD205B2F01D1032353E784F8982049E7032BD0
S21400AD307FF450AF413F84F89820032F3FF64AAF88
S21400AD40DFE807F002070A160121204625F009FC75
S21400AD5040E74FF0FF31F8E7B542BFF63BAF605D26
S21400AD6025F04EFCD4F890300133C4F8903031E72B
S21400AD70002D7FF72FAF013D0820C4F89050BAE7AA
S21400AD80CA9A0300C49E030008B50248FEF720FCDA
S21400AD90002008BD00B4C40430B58BB06C46174D17
S21400ADA00FCD0FC40FCD0FC495E8030084E8030051
S21400ADB0134BD3F84C2112031CD5A3F5FE431C8875
S21400ADC04FF6FF739C4208BF8C248DF81940FEF79F
S21400ADD0E7FC204480F308008DF818000948FCF7CB
S21400ADE091F96846FEF744FC3220FEF7DFFC0020AF
S21400ADF00BB030BDD3F85041E4B2E6E72C33040084
S21400AE000080E00F00F049020028ACBF00F160406F
S21400AE10064B4FEA0111C9B2ABBF00F5614000F026
S21400AE200F0080F800131954704700BF14ED00E0BF
S21400AE3008B52EF017F80B4B1A7872B901221A7063
S21400AE402EF00BF86FF0040210460132052152B2C4
S21400AE50FFF7DAFF3D2AF7D108BDBDE808402DF020
S21400AE60FCBF00BF18560020002807DB012341095D
S21400AE70034A00F01F00834042F82130704700BFAD
S21400AE8000E100E0054B421153F8223000F01F00AD
S21400AE9023FA00F0C04300F00100704700E100E034
S21400AEA0002808DB01224309034900F01F00824006
S21400AEB0603341F82320704700E100E010B50446F7
S21400AEC02DF0C3FF024B1C602DF0BAFF002010BD12
S21400AED03437002010B52DF0B8FF034B1C682DF05A
S21400AEE0AFFF204610BD00BF3437002038B50C46F3
S21400AEF01546014610B9FFF7EDFF01462B462246E0
S21400AF0003480EF08DF90028D4BF3720002038BD46
S21400AF10B307030008B500F0E3FB18B16A21024846
S21400AF202EF092F8002008BDCF9A030008B500F076
S21400AF3049F80C4A536A43F470235362EFF30883CC
S21400AF404FF0CD31084A043B934208D200F070FA25
S21400AF50FFF7E0FFBDE808400448FEF795BD43F85C
S21400AF600419F1E700ED00E0080000208831040035
S21400AF7007B5042200200DEB020129F0FDF9042894
S21400AF8003D0D72104482EF05FF8019800F0DCF9D2
S21400AF9003B05DF804FB00BFCF9A0300082310B58A
S21400AFA00C0A41400648C9B241F30002013B024088
S21400AFB013F0FF0382EA5101F6D184EA010010BDC6
S21400AFC02083B8ED38B5FEF73BFC044624F000FEBF
S21400AFD0E3072AD401221046114600FA01F3234063
S21400AFE002F1010223D01D4B33F811301C48062B0A
S21400AFF0028844881B4920D14FF20F039C4219D186
S21400B000B2F5406F28BF4FF4C0624CF23C330A8062
S21400B010438040F201730A889A4201BF124B134ADA
S21400B020D2E90001C3E9000115E00021DBE7102AA0
S21400B030D2D1DBE74FF4C062E7E740F20725AB4228
S21400B0400AD14FF20F05AC4206D19A4204D14CF217
S21400B0503C320B80428038BD0B80DAE7EC340400CB
S21400B060285D00200A51002038370020205D00208F
S21400B070014B1888704700BF0A510020014B188802
S21400B080000A70470A510020044B05481B881A0A1C
S21400B090B3F5406F38BF00EB820070470A510020BE
S21400B0A0BC340400044B1888044B020A53F82230C0
S21400B0B0C0B203EB800070470A5100208C340400B5
S21400B0C010B504462DF0C5FE4FF20F02044B1C804F
S21400B0D05A80BFF35F8FBDE8104025F034BB00BF39
S21400B0E0285D00206D4A2DE9F0416D4B55686D4C8A
S21400B0F05D65516A99656C49D1F80002D865D1F84A
S21400B1000412586B1966916A10F0040F5966D16ADA
S21400B1104FF000009966116BD966516B1967D26BB8
S21400B120D8645A67D3E90E1218BF11465F4A914297
S21400B1301A655DD301F12000A04259D88869C5F38D
S21400B14008051864CE69062D5E6455D1584DA84290
S21400B15052D3584DA8424FD205884DF642608542DC
S21400B1604AD11868C3F890005868C3F8940040F2B3
S21400B1700170A242154604D22E680432B6F1CD3FC5
S21400B180F7D00022C3E91E22C3E92022C3E9222207
S21400B190641BDFF81CC1434DDFF818E19C648D4248
S21400B1A02DD8D3E91EC7D3E92065D3E922414FF055
S21400B1B0000E013AD2B2FF2A3CD1BEF1000F05D0F4
S21400B1C0C3E91EC7C3E92065C3E92241B3F854307A
S21400B1D0C3F308030C2B3BD8022B54D9DA1E092ADA
S21400B1E051D8DFE802F03157404350505050504D90
S21400B1F00021C3E910112D494FF42060B9E755F836
S21400B200044D6445CBD37445C9D2E607C7D500269E
S21400B210294F57F8048FA045C1D00136062EF8D125
S21400B22032B1013AD2B202F11E0643F82640B6E722
S21400B2300522F8E7E0464FF0010EBC4637462E469C
S21400B24025460C464146B4E740F60120BDE8F081AD
S21400B2503B2B18D1194B9B6913F0020F40F2025397
S21400B26018BF1846F2E740F60320EFE740F6042240
S21400B27040F20173B0F5206F0CBF10461846E5E7A4
S21400B28040F60520E2E740F60722013B4B2B98BF2D
S21400B2901046DBE740F60220D8E700BF00ED00E0EE
S21400B2A0905C00200810002000E100E0080000206C
S21400B2B0D042000060940300045D00200080015A24
S21400B2C000F00CB800F00AB800F008B800F006B8B5
S21400B2D000F004B800F002B800F000B872B61EF035
S21400B2E0080F09D01EF0040F0DD0DFF850E0AEE8CE
S21400B2F0FF1F6FF002000CE0DFF840E0AEE8FF1F33
S21400B3006FF00E0005E0DFF834E0AEE8FF1F6FF0E8
S21400B31006006946EFF309828EE80700864608486D
S21400B320084C854501D3A54501D384F30888FFF76B
S21400B330D9FE84F30888FFF7C3FE0000905C002067
S21400B34048000020081000204BF6EF6283B2002B66
S21400B35008BF1346044A000C13804FF6CE2308BFDE
S21400B3601846024B188070471465002012650020AE
S21400B3700B4BB3F900201888002AB8BF80F0620093
S21400B38042001A80074AB2F9001013880029BCBF91
S21400B39083F4805383F00B035900118058407047A4
S21400B3A0146500201265002007B5684600F01AF8FC
S21400B3B0DDE900010022034B03B05DF804EB25F045
S21400B3C0BEBC00BF4037002007B5009313460A46B0
S21400B3D00146034825F067FA03B05DF804FB00BF9A
S21400B3E0403700200249034A0160521A4260704703
S21400B3F0D865002000000120004870474037002034
S21400B40038B5416004462DF020FD05462146044827
S21400B41023F091FE2846BDE838402DF011BD00BF50
S21400B42068370020014823F083BE00BF683700203D
S21400B4300222014B1A6770470040005070B52DF08D
S21400B44004FD174E054617482DF0AAFD3378CBB9F4
S21400B45000F046F9044620B128462DF0F1FC2046BF
S21400B46070BDFFF7DFFF2DF062FE0F4B1C602CF067
S21400B4703DFB0E4B0E4A1860536F43F001035367B3
S21400B48025F079FC00F028F825F08CFC094B002408
S21400B49018600123284633702DF0D2FCDFE700BF8A
S21400B4A024560020643304006C37002094370020B4
S21400B4B00040005070370020054B1B685843054B72
S21400B4C000F5742000F23F20B0FBF3F0704700BF99
S21400B4D09437002040420F00294B2A4AD3F8003107
S21400B4E070B503F0030313602CF096F84FF4C870A1
S21400B4F0FFF7E2FF0022244B24491860244C0B6817
S21400B5000132D2B20A2A44F8040BF9D1034400EB04
S21400B510C00003440B601F4B1F4D1B7813B3184B22
S21400B520D3F8003103F00303022B22D0032B23D0E1
S21400B530012B17D12BF008FE024698B1174B184E78
S21400B540DC6800231946C4F30B04013404EB8404BE
S21400B5500138E4FB06010EF0E7FBFFF7ADFF2B68B2
S21400B56003442B601F20FFF7A7FF2B6803442B60C4
S21400B57070BD2BF033FEDFE72DF07AFCDCE700BF72
S21400B58000800050D4370020983700209C370020D9
S21400B590A037002028560020CC37002000C00150DD
S21400B5A040420F000122154B10B55A67144B154C3C
S21400B5B01B7813B302202DF0ABFDF0B12CF01CFB72
S21400B5C0D8B1A36DD90302D5E36D9A0715D40D4BF8
S21400B5D09B6DDB0711D401220B4B1A702DF08CFDEE
S21400B5E0BDE81040094B0A4A1860136F23F00703A2
S21400B5F043F0030313672BF08DBD10BD00D0005041
S21400B6002956002000C0005026560020C8370020CB
S21400B610008000500122014B1A7070472956002006
S21400B62007B5FFF7C1FE01A8FEF778F99DF80530CB
S21400B630012B25D1234B9A6DD20311D45A6B6FF38D
S21400B640162242F4BC1242F4A0625A631A6B22F429
S21400B650704242F440421A631A6B42F4E0621A6384
S21400B6609DF8043063B94FF000531B68164B1B68F7
S21400B670164B1B68164B1B68164B1B68164B1B6835
S21400B680164AD2F8803043F00303C2F8803025F023
S21400B69091FBFFF7CDFBFFF777FBFFF77DFB0DF088
S21400B6A009FEFFF7CBFE00F01BF825F084FBFFF742
S21400B6B03DFC25F08FFB28F08FFC03B05DF804EB13
S21400B6C025F07ABB00C0005000400020008000201B
S21400B6D000C0002000000120004001200080005033
S21400B6E070B52DF0BFFB144E05463478FCB9134BED
S21400B6F01C60134B1C60134B1C6000F031F80120DB
S21400B7002CF068FB2CF05AFB0F4B0246186020B951
S21400B71028462DF0A2FB232070BD234640F2E731D9
S21400B7200A480EF001FB0A4B1860012333702846C6
S21400B7302DF093FB0020EFE72C560020E437002086
S21400B740E0370020EC370020E837002018FCFFFF29
S21400B750DC370020014B1868704700BFDC3700203C
S21400B7601FB50024184B18689A880290D3F8060074
S21400B7709B7A00901548ADF80C208DF804302DF01B
S21400B7800FFC02A88DF808408DF80C40FEF7A2F8D2
S21400B790694601208DF80040FEF760F81F220C4B2A
S21400B7A09A615A614FF0B042936A13F00803FBD1D6
S21400B7B013620120FEF76CF80A20FFF771FB0A20DF
S21400B7C0FFF752FB04B010BD1535040060330400CB
S21400B7D00020005810B52DF045FB4FF0B04304464E
S21400B7E05B691A07074A03F0010003F00D0348BF20
S21400B7F040F0020053612CF015FA2046BDE81040D8
S21400B8002DF02BBB0020005821282DE9F3410546DA
S21400B81004D82C46204602B0BDE8F08100240B4E2A
S21400B8200B4FDFF830800023CDF800801A4619460B
S21400B830386823F0C9FF8442EBD2222CE9D056F8B0
S21400B840043BAB42E6D00134EDE700BF34380400D9
S21400B85020600020FFFF0F002DE9F04F644E654D7D
S21400B86089B025F003FB31682868FCF7D1FD044653
S21400B870002827D033680024D3E900019A691268AB
S21400B8809047336804A89B699B68984733680220F2
S21400B8909B69DB689847326805985368E7B2B3FB44
S21400B8A0F0F3BB42916904F101044ED8CB68002046
S21400B8B0984733689B695B68984731682868FCF747
S21400B8C0A7FD04460027DFF844A1DFF84481DFF82F
S21400B8D04491F4B9484B2868DB5D002B00F0838068
S21400B8E0D8F8006002AB314603AAFCF713FF2D28F8
S21400B8F007D070B9039B012B0BD031462868FDF7A3
S21400B9005DF9DAF8003031461A682868FDF7D6F88F
S21400B91004460137222F0AF1040A08F1040809F147
S21400B9200109D6D1B4FA84F3344A5B0913702B6844
S21400B9301B7C33B125F066FA18B1DB2130482DF0B8
S21400B94083FB204609B0BDE8F08F12680B6907FB41
S21400B950002098479FE7D8F8003003AA194402ABA6
S21400B9600191FCF7D7FE2D28034601992BD02868B5
S21400B97013B30BF1010B5FFA8BF18E422868EAD8FD
S21400B980204BDB5D002BC4D0F3B27E2B2868C0D8DA
S21400B990D8F8003003AA06EB030B594602ABFCF7B7
S21400B9A0B9FE2D28B5D059462868FDF707F90136A7
S21400B9B004460028E8D0ACE7039B7BB999F8002042
S21400B9C0029B9A42D5D099F80030DAF80020286811
S21400B9D0FCF76EFF0028CCD00446D1E70191FDF7B6
S21400B9E0EDF80199EFE7084BA346DE5DC3E700BF1D
S21400B9F00060002020600020103804002E56002032
S21400BA00569B0300EE370400AA37040020350400D6
S21400BA1034380400CC370400F8B51F46214B0446E2
S21400BA201B780D46164623B100F47E23B3F50E2F81
S21400BA302BD02046FFF7E8FE2128044614D81A4BE0
S21400BA4053F82010194B1B78ABB1194B212C1868F2
S21400BA501DD8184B1B5DD3B13268FDF72FF804468E
S21400BA6050B125F0CEF907E0FF2807D93A4631460F
S21400BA7080B224F0DAFE00242046F8BD4FF4A97107
S21400BA800D482DF0E1FA0021DCE70146DAE77F2DCC
S21400BA9008BF00253B46324651FA85F1FCF708FF01
S21400BAA0DDE700BF2D560020343804002E56002057
S21400BAB02060002010380400569B030030B5134663
S21400BAC000F07E62B2F17E6F8BB00DD10A46C0F3F5
S21400BAD00B016846FEF71AFA20B140F293110948A6
S21400BAE02DF0B2FA0BB030BD5A0825F08DF90028BB
S21400BAF0F8D04FF49C7103480BB0BDE830402DF0F1
S21400BB00A3BA00BFE79B03002DE9F743C707054626
S21400BB100E46144604D540F2E31149482DF094FA37
S21400BB20E10704D54FF4F27145482DF08DFA454BE8
S21400BB3093F80080B8F1000F20D043F260239D42B6
S21400BB4008D12246314640480EF0EAFD002003B0F8
S21400BB50BDE8F083C5F30B0705F44055B5F5805FE7
S21400BB6014BF4FF40F204FF40E20234632467F2199
S21400BB70384303B0BDE8F043FFF74EBF05F470430B
S21400BB80B3F5805F3FD1C5F30B05304A05F17E65FE
S21400BB90631E2B44934230D82F46DFF8A49007EB61
S21400BBA00408474542D1AA070ED04FF6FF7336F871
S21400BBB0022BA81E43EA024304220DEB0201019366
S21400BBC0FFF77CFF0235023CA3070ED0023C24F0B0
S21400BBD00103F35A04226FEA03436FEA13430DEBA3
S21400BBE0020128190193FFF769FF002CAED0224608
S21400BBF031462846FFF762FFA8E740F2FD111048DD
S21400BC002DF022FAC8E705F46043B3F5005F04D1CF
S21400BC10C5F30B0505F53E25BEE740F205210848AD
S21400BC202DF012FA6FF00F074546B6E717F8013BFE
S21400BC30FF2BB6D04FF4047148462DF005FAB0E756
S21400BC40E79B03002D56002016650020FF03E00F3B
S21400BC5010B500F077F825F023F9044618B100F087
S21400BC6079F8204610BD00F07BF804460028F6D18F
S21400BC700122014B1A70F2E72F560020054B1B7865
S21400BC8033B1054BC0F3130100221868FCF75ABF06
S21400BC90112070472F56002020600020144B2DE9FD
S21400BCA0F0411B7805460E461746FBB125F0DFF837
S21400BCB0012805D9841EE4B2012C09D9212412E0FA
S21400BCC03B4631462846BDE8F041002200F052B817
S21400BCD000F038F83B4600223146284600F076F859
S21400BCE0044600F037F82046BDE8F0811124FAE754
S21400BCF02F560020124B70B51B7804460D4616468C
S21400BD00E3B125F0B4F8012805D9831EDBB2012B78
S21400BD1008D9212410E0324629462046BDE8704066
S21400BD2000F040B800F00EF820463246294625F0CE
S21400BD30B9F8044600F00EF8204670BD1124FBE763
S21400BD402F56002008B52DF080F8014B186008BD6E
S21400BD50F0370020014B18682DF072B8F03700203D
S21400BD60024B1968024B1868FCF752BB00600020B3
S21400BD702060002037B505460C46C0F3130108487E
S21400BD80ED02006805D5224603B0BDE83040FCF75A
S21400BD908DBC009313462246FCF742FC03B030BD30
S21400BDA02060002030B405461346074A0C46C0F310
S21400BDB013011068EA0203D5226830BCFCF77EBE89
S21400BDC0224630BCFCF774BD20600020F7B505465F
S21400BDD00F4614461E461BB92125284603B0F0BD63
S21400BDE00029F9D025F043F84BF23462ABB2934207
S21400BDF020D14FF0FF3322466946CDE9003325486F
S21400BE003346FFF7E3FF08220546234968460EF04F
S21400BE1043FE38B933462246694641F2F010FFF732
S21400BE20D5FF0546002DD8D13246694638460EF075
S21400BE3077FCD2E741F2F01293420FD1174B31193B
S21400BE4008299A6CDB6CC7D8CDE9002332460DEB87
S21400BE50040138460EF064FC0025BEE702280BD12C
S21400BE60C5F30C4332199342B6D3C5F30B0104F164
S21400BE707E6432462144ECE7032809D1C5F30C431F
S21400BE8032199342A8D3C5F30B0104F53E24F0E71C
S21400BE900125A2E7021008C0C03804000080E00FA9
S21400BEA010B527F062FA28F0F9FABDE8104003460C
S21400BEB001210220014A02F00BBC00BF7E9C030059
S21400BEC013B5D0E9023253F822301C78204627F00A
S21400BED05EFA2346009001210220024A02F0F8FB97
S21400BEE002B010BD929C0300014B187826F037BEB6
S21400BEF030560020FF232DE9F04F8FB0112200218D
S21400BF0008A88DF813300EF07BFA08A825F0E5FF98
S21400BF1001210220B04A08AB02F0DAFB41F24903E5
S21400BF20AE4A0121022002F0D3FB06A826F004F94F
S21400BF3008A90DF1130026F00AF902200021A84AEC
S21400BF4002F0C6FB002026F03BFE10B106A809F062
S21400BF5041FE9DF92A3001210220A24A00939DF855
S21400BF602B3002F0B5FB27F0FCF9831EDBB2FC2B6E
S21400BF70054631D8012102209B4A02F0A9FB012484
S21400BF809A4E9B4FDFF8D08223463246002102208D
S21400BF9002F09EFB05A9E0B227F0E5F9034650B192
S21400BFA0A0F11602012A40F2AA8042460121022090
S21400BFB002F08EFB0CE09DF914303A4601939DF892
S21400BFC016300121009302209DF8153002F080FB08
S21400BFD00134E3B29D42D7D8BDF8284008F0E6F910
S21400BFE023460021834A0090022002F071FB0220C3
S21400BFF00021814A02F06CFB002026F0E1FD10B122
S21400C00008A809F0E7FD01217C4A022002F060FB47
S21400C01027F003F9044627F0FEF823460121784A64
S21400C0200090022002F054FB08F098FE0021022047
S21400C030744A02F04DFB9DF81330FF2B65D00021AB
S21400C0400220714A02F044FB01216C4A022002F0F1
S21400C0503FFB26F081F8012103466C4A022002F0DD
S21400C06037FB08F07BF900210346694A022002F0FC
S21400C0702FFB26F077F8044626F076F823460121B3
S21400C080644A0090022002F023FB2CF0EAFF08F03E
S21400C0900DFF01210346604A022002F019FB00252D
S21400C0A0DFF8B88108F002FFECB2A04233D82CF0DB
S21400C0B0D8FF0123594A1946022002F009FB002046
S21400C0C026F04DFD564B574C0093012100230220CD
S21400C0D0554A02F0FDFA236863B1012102201B785D
S21400C0E0524A02F0F5FA2368012102205B78504A92
S21400C0F002F0EEFA26F038FD0FB0BDE8F08F012111
S21400C10002204C4A02F0E4FA62E7002102204A4A82
S21400C11002F0DEFA98E7494B204603EB0416D6F801
S21400C120089008F07DFF8246204608F0C5FE444F82
S21400C13000280CBFC346BB46204608F071FF0AF035
S21400C1402BFD002808BF4746534600210220CDE9B4
S21400C15000B73C4A02F0BCFAB37901210293B388D7
S21400C160022001937388384A0093337B02F0B0FABA
S21400C1700026DFF8ECB099F80430F4B2A34203D8F6
S21400C1802CF06FFF01358DE714235C43D9F800705F
S21400C19002203A5B07EB040A9AF90C3000922B4A0D
S21400C1A0002132EA230228BF5A461346284A02F0E4
S21400C1B08FFA002026F004FD38B150463C5B26F08E
S21400C1C03AF8014620460AF035FD01210220214AB0
S21400C1D002F07EFA0136CEE7D39C0300E29C030011
S21400C1E0FE9C03002A9D0300059D03001B9D030083
S21400C1F0229D0300579D0300779D0300C19D030009
S21400C200809D0300A29D030004BE0300AD9D0300B5
S21400C210C39D0300D99D0300EF9D0300689E0300A5
S21400C220809E0300EC3C0020749E03008E9E03005C
S21400C230A29E03003F9D03005F9A0300203C00205F
S21400C240AA9C0300FA9D03001A9E0300C79C0300E5
S21400C250509E030053E603004A9D0300B29C030071
S21400C260BB9C03002DE9F7430025134EDFF85880EA
S21400C27008F01CFEECB2A04202D803B0BDE8F08382
S21400C2802701204616F8079008F016FE0B4A4B4684
S21400C290002808BF4246002102200092084A02F009
S21400C2A017FAF05D25F064FF01210220054A02F02E
S21400C2B00FFA0135DCE700BF203C0020ECEC030061
S21400C2C0BD9E030053E60300F6EC030008B5836842
S21400C2D05A681178C26853F82230A1F165025142BB
S21400C2E05141187808F09EFF30B9BDE8084001219A
S21400C2F00220024A02F0ECB908BD00BFC89E030047
S21400C30000210220014A02F0E3B900BFE29E0300CA
S21400C31000210220014A02F0DBB900BF109F030093
S21400C32010B5044686B01822002168460EF068F85C
S21400C330684626F092FBD4E9022052F8203002EB41
S21400C34080021B788DF80B30516891F900108DF83B
S21400C3500A1091680988ADF808106168091A03295F
S21400C36007DDD26803F01F03127843EA42138DF804
S21400C3700B30684608F0C8F800210346024A02203F
S21400C38002F0A6F906B010BD2C9F030007B50020EA
S21400C39026F0ABFF00210090034B0220034A02F078
S21400C3A097F903B05DF804FB399F03003F9F030035
S21400C3B013B5D0E9023253F8221003EB82035B6810
S21400C3C0087819680023094CA222994208BF214622
S21400C3D0C01A18BF012026F07CFF01210090044BF4
S21400C3E00420044A02F074F902B010BD00F8FF07FA
S21400C3F04A9F030058A0030013B5D0E9023203EBAE
S21400C400820153F82230D1E901141878FF2200384F
S21400C41018BF01202378096826F05BFF01210090F1
S21400C420034B0420034A02F053F902B010BD00BFCC
S21400C430519F030058A0030008B5002101230C4AB1
S21400C44026F0CCFD0A4826F02CFB0020094909F00E
S21400C45059FC002026F0B4FB10B1054809F0BAFBE1
S21400C460BDE8084001210420034A02F031B900BFAC
S21400C470625B0020669F030053E6030010B525F0BC
S21400C48075FE034630B1BDE8104001210420054A80
S21400C49002F01EB90121BDE810400420024A02F055
S21400C4A017B900BF749F0300859F030010B526F0E0
S21400C4B0FAFABDE81040034601210220014A02F0C4
S21400C4C007B900BF909F030010B526F0BCFABDE880
S21400C4D01040034601210220014A02F0F9B800BFCD
S21400C4E0A69F030037B5D0E90232012453F8223064
S21400C4F04FF6FF701D78FE2204FA05F1002326F0A1
S21400C50054FF2B46009021460420024A02F0E0F831
S21400C51003B030BDBA9F0300D0E9023253F8223090
S21400C5201B7823B101210220024A02F0D1B8024A48
S21400C53013707047D99F03003056002007B5684631
S21400C54025F0FAFD07F032FF01210346084A0220D3
S21400C55002F0BEF8684609F03DFB08F09BF90121A1
S21400C5600346044A022002F0B3F803B05DF804FB69
S21400C570EF9F030009A0030037B5D0E902454068E5
S21400C58054F82530401B0328D8BF002004EB850450
S21400C590C8BFE06819786368C8BF00781A78A368CF
S21400C5A093F900300090012026F083FE38B901216F
S21400C5B00220084A03B0BDE8304002F089B8064BB6
S21400C5C00190009301210220044B054A02F080F8F6
S21400C5D003B030BD1AA0030022A00300F6CE03006D
S21400C5E036A0030007B5012026F06BFE48B9009080
S21400C5F001210220084B094A02F06AF803B05DF8F0
S21400C60004FB054B0190009301210220044B054AD0
S21400C61002F05EF8F2E700BF22A003004DA0030080
S21400C620DBFA030036A0030008B5D0E9023253F85F
S21400C6302230187826F0F7FD30B9044A0121BDE80B
S21400C6400840042002F044B8014AF7E762A003005D
S21400C6507EA0030008B5D0E9023253F822301888CD
S21400C66026F0DFFD30B9044A0121BDE80840042069
S21400C67002F02EB8014AF7E79DA00300CDA0030004
S21400C68073B50378044613F0050F0ED04588062DC3
S21400C69017D1836801215B68174A1B78019383884A
S21400C6A004200093154B02F013F82378012B20D0BA
S21400C6B001210420114B124A02B0BDE8704002F07E
S21400C6C007B835B98388012104200E4A02F000F825
S21400C6D0EBE7012DE9D186680B49002009F012FB33
S21400C6E0304609F077FA29460420084A01F0F0FFA0
S21400C6F0DBE702B070BD00BF03A10300FAA0030091
S21400C70055A1030020A103003DA1030053E603004A
S21400C7102DE9F04F00268FB0364D09AC0FCD0FC473
S21400C7202B6801210220344A236001F0D1FF3446F1
S21400C730DFF8DC9025F014FDF5B2A8420BD825F002
S21400C7400FFD23460090012102202C4A01F0C0FF75
S21400C7500FB0BDE8F08F284605A926F04EFD03462B
S21400C760002841D19DF81430032B39D904238DF8C5
S21400C77014302B4600210220214A01F0A9FF9DF823
S21400C78014300EAA02EB830300214A4653F8143CE9
S21400C790022001F09DFF28469DF821A09DF815B0C7
S21400C7A09DF81870BDF8168026F029FD5346CDE991
S21400C7B0028000210220CDE900B7124A01F088FF6E
S21400C7C001340020E4B226F0FBF918B10DF119008F
S21400C7D009F000FA002102200B4A01F079FF01E07F
S21400C7E0002BC6D10136A5E700210220074A01F03A
S21400C7F06FFFF7E7C838040067A10300E0A1030055
S21400C8001D9D030094A10300BE970300BBA1030077
S21400C81067AC0300C3688268013BDBB252F8233082
S21400C82002201B78652B14BF00220121044B1BBF7E
S21400C83001211A70034A044A08BF197001F048BF64
S21400C8407C650020F7A1030005A20300D0E90232B0
S21400C85053F822301A88014B1A807047186500205A
S21400C86007B5D0E9023103EB810253F82130526854
S21400C8701988054B0548128800930088012309F0A3
S21400C8809DFE03B05DF804FB81C60000186500201D
S21400C890C3688268013BDBB252F823305B78A3F1B1
S21400C8A0660253425341014A137070477F65002069
S21400C8B030B5D0E9023253F8223089B01D78012312
S21400C8C002AA1946044626F089FB0123009310238A
S21400C8D002210DEB0302204626F061FB284604AA3F
S21400C8E002A926F07CFD0446002026F069F918B15E
S21400C8F02146044807F0EAFD0020034909F0E8F95C
S21400C90009B030BD14A2030053E60300002330B57F
S21400C9108FB00221009309AA1223054626F03FFB9A
S21400C92005AA014609A807F0AFFB044698B12328DC
S21400C93005D1134A0121042001F0CAFE09E021288E
S21400C94001D1104AF6E70346012104200E4A01F001
S21400C950BFFE0FB030BD01232846194603AA26F0B5
S21400C9603DFB05A903A826F03CFD0546204626F01B
S21400C97027F918B12946054807F0A8FD044AD9E763
S21400C98021A2030044A203007FA20300A0A203008A
S21400C99053E60300F0B5D0E9023253F8221003EB59
S21400C9A082039B6805461F7887B038460E7826F0C7
S21400C9B0E7F8044608BBD5E9022101238DF80830C4
S21400C9C0194452F8210002EB810200888DF80970A4
S21400C9D09268ADF80A00127804218DF80C202846DB
S21400C9E00DF10D0226F0FAFA304602A98DF8154030
S21400C9F026F007FC044626F0B7F83346012104204B
S21400CA00024A009401F064FE07B0F0BDB5A2030030
S21400CA102DE9F04101218EB00220274A01F058FE90
S21400CA20002005AB01AA09A926F0D3FC0025044680
S21400CA30224E234FDFF898801CB128460EB0BDE882
S21400CA40F08102202B463246214601F041FE204668
S21400CA5026F0B6F810B10AA809F0BCF83A4600214C
S21400CA6002209DF8303001F033FE424600210220BD
S21400CA70079B01F02DFE00210220BDF82030114A50
S21400CA8001F026FEBDF8143000210F4A022001F006
S21400CA901FFE013501A826F08EF8EDB20121022016
S21400CAA00A4A01F015FE284605AB01AA09A926F098
S21400CAB090FC0446C0E700BFE7A203002DA30300D6
S21400CAC035A3030023BE03004AA3030053E6030076
S21400CAD041A303002DE9F047064698B0C0B925F0FB
S21400CAE03DFB074600250EA826F07DFC012102200E
S21400CAF0384A01F0EDFD2C46DFF8E080DFF8E090E4
S21400CB00DFF8E0A0BC4205D3284618B0BDE8F087A1
S21400CB100127E7E713A826F066FC002E4CD0022378
S21400CB2006A913A88DF84C30FE2426F04EFC0028EB
S21400CB303FD102A913A826F04EFC9DF8593043F0C9
S21400CB4001038DF85930002E3DD123463146022090
S21400CB50214A01F0BDFD9DF859300AA943F00103B2
S21400CB6013A88DF8593026F036FC002026F028F859
S21400CB7010B114A809F02EF80C9B424600210220A2
S21400CB8001F0A6FDBDF82820002112F4007F0CBF9E
S21400CB904C23412312F0100F0CBF6E227922022084
S21400CBA000924A4601F094FD06A826F004F80135E6
S21400CBB0EDB20134E4B2A5E720460AAB06AA13A9F3
S21400CBC026F005FCB3E752460021022001F080FD66
S21400CBD0C1E700BF54A303002DA3030041A3030035
S21400CBE090A3030089A3030030B5012499B00EA8D2
S21400CBF026F0F9FB13A88DF8384026F092FBC0B952
S21400CC00BDF84C1011EA040513D121460220444A0F
S21400CC1001F05EFD29460220424A01F059FD2146F8
S21400CC2002203F4A01F054FD214602203C4A01F012
S21400CC304FFD06A90EA826F0C8FB20B11022FF2142
S21400CC4006A80DF0DDFB04A826F0C7FB059B012116
S21400CC500220354A0093354B01F03AFD9DF812301C
S21400CC6001210220324A0093304B01F031FD0021B1
S21400CC702E4B304A022001F02BFD06A825F09BFF24
S21400CC8013A826F0B0FB02230AA913A88DF84C308F
S21400CC9026F0A1FB00283FD10B9B00930121022028
S21400CCA0254B264A01F014FD0121234B244A02207D
S21400CCB001F00EFD0120FFF70DFF01211E4B214A5A
S21400CCC0022001F005FD0020FFF704FF044625F0D2
S21400CCD045FA23460090012102201B4A01F0F8FC89
S21400CCE001211A4B174A022001F0F2FCFFF790FED2
S21400CCF01749022803461748174A28BF0A46084914
S21400CD0028BF01460092CDE9013102200121134AD5
S21400CD1001F0DEFC19B030BD4FF0FF33BDE700BFB9
S21400CD2053E60300A3A30300E1A30300D9A3030073
S21400CD30F1A3030080CD0300ADDB030004A40300D1
S21400CD4014A403001BA4030024A4030038A40300B7
S21400CD509FA30300EAC203003CC3030046A40300EB
S21400CD6010B5D0E9023253F822301C78201E18BFC6
S21400CD70012026F0C2FA054A054B0020002C18BFF9
S21400CD801A46BDE81040034908F0A2BF73A403008A
S21400CD906EA403007CA40300D0E9023210B553F859
S21400CDA022301C88204626F0AAFA2246BDE810400B
S21400CDB00020014908F08CBFBDA4030037B5044627
S21400CDC007F0CCFA014638B100200D4A0D4903B0F1
S21400CDD0BDE8304008F07CBFE368A268013BDBB2E8
S21400CDE052F8233008481D780123084A00936C2D1A
S21400CDF008BF02461023204626F0D1F803B030BD07
S21400CE000BA5030013A503006565002055650020EB
S21400CE1013B583689A681278672A22D101A826F08B
S21400CE2080FA0446A8B9BDF80420174908F050FF58
S21400CE30BDF80430DA070AD413F0020F134B144A75
S21400CE4018BF1A461349002008F042FF19E0124A9C
S21400CE50F8E702461149002008F03AFF224610493A
S21400CE60F1E7C26801A953F8220003EB82035B686E
S21400CE7000681B68ADF8043026F059FA044600280E
S21400CE80ECD102B010BD00BF46A5030039A50300D3
S21400CE90DDCE030067A5030029A5030079A50300DE
S21400CEA0A5A50300034A04491388C8540133138018
S21400CEB0704700BF1A5100203656002073B5154D36
S21400CEC001242B78144E13F0040F0CBF0223042306
S21400CED0124A21461470328802200192EB5C104AF6
S21400CEE00093104B5B8801F0F3FB002102200E4AF2
S21400CEF001F0EEFB0D4B29460093328823460220B4
S21400CF0001F02CFC21460220094A02B0BDE8704020
S21400CF1001F0DEBB365600201A51002035560020A0
S21400CF20B4A503000C510020D9A50300FBA50300FF
S21400CF3053E6030070B516464FF48A52114B124D55
S21400CF40DA805980114B1B881A1E18BF012240EA4E
S21400CF5082000F4A1278003A18BF012240EA0210F7
S21400CF60287063B103246B701B0AAB7009F082FE55
S21400CF70631C2855EE54074B02341C8070BD0124F8
S21400CF80F4E700BF0C510020365600201851002050
S21400CF90345600201A51002038B5D1E902320C462A
S21400CFA0054653F82230024619880C4B1878FFF7CE
S21400CFB0C1FFE368A268013352F82330188823F0D3
S21400CFC0B3FF4DB1E368A268023352F823301878F5
S21400CFD0BDE83840FFF766BF38BD00BF31560020B9
S21400CFE0F0B50546EB68AA68023352F823300846C7
S21400CFF01C78294685B0FFF7CFFF204625F007F9B5
S21400D000204E214F78B3204625F00DF90321441C0D
S21400D01003AA284622F0EFFF3288E4B2C2F1FF03EB
S21400D02003991B1B9BB28B4222443CBFC2F1FF03F9
S21400D03003930123032100933A449DF80C302846BD
S21400D04025F0ADFF039A022C338804BF0F48110A5F
S21400D050FA5408BFC15413441C44348005B0BDE8DC
S21400D060F040FFF72BBF204607F080FE01233288F2
S21400D07004460093032103463A44284625F08FFFD2
S21400D0803388E9E71A51002036560020375600202C
S21400D090052307B5012100930220044B044A01F042
S21400D0A017FB03B05DF804EBFFF79EBDE2A5030097
S21400D0B0E9A5030013B5044626F02FF938B1CDE9EB
S21400D0C0004001210220034B034A01F001FB02B09D
S21400D0D010BD00BF0BA5030000A60300194B37B513
S21400D0E01B783BB901210220174A03B0BDE8304047
S21400D0F001F0EEBAD0E90232144C53F82230012186
S21400D1001D78638802200093114A2B4601F0E0FA4E
S21400D110104B25711B78104D63B1012102200F4A78
S21400D12001F0D6FA20460E4A298803B0BDE8304002
S21400D13024F00EBE20460A4A298803B0BDE83040D7
S21400D14024F0C8BE3556002017A603000C51002058
S21400D15025A60300325600201A5100203CA60300E4
S21400D160365600202DE9F041D0E9023253F822105D
S21400D17003EB82035A680C7817889A68DB68B2F863
S21400D1800080C6B01D780021304B0220304A009443
S21400D190CDE9017801F09CFA002D0CBF6E237923AF
S21400D1A0012102202B4A01F093FAFF23002D0DF1F6
S21400D1B0170606AD019320460CBF80234023424647
S21400D1C039460296009525F068FB0446002835D1BE
S21400D1D0307825F022F80746B0B1284625F0AFFC97
S21400D1E01D4BFD28A8BFFD200093234682B20DF1FB
S21400D1F01901022001F0B2FA01210220174A01F0BB
S21400D20067FA46B0BDE8F081307825F00CF860B1DA
S21400D210284625F099FCFD28A8BFFD200E4B82B2BB
S21400D22000930DF11A013B46E3E7307807F09EFDC8
S21400D2300B4B0246009329460123DAE700900121B2
S21400D2400220084B084A01F043FADAE749DC0300FB
S21400D25056A603007BA6030001F0030053E6030076
S21400D260FBA5030003AF030085A60300D0E9023246
S21400D27053F8221003EB82032DE9F04F5A680F781B
S21400D280B2F800809A68C7B0B2F80090DA681B69F6
S21400D29092F800A01E7800212F4B304A0446CDE9B4
S21400D2A001890220009701F013FABAF1000F0CBFB3
S21400D2B06E23792301210220294A009606AD01F04B
S21400D2C007FAFF22002128460DF09AF8304624F08F
S21400D2D0A4FF834608B30023052100932046FD23C0
S21400D2E00DF1190225F05BFE2870BAF1000F0CBF95
S21400D2F0802340234A4641463846CDE9005625F06D
S21400D30097FA0146144807F0E1F801210220154A71
S21400D31001F0DEF947B0BDE8F08F304624F083FF19
S21400D32060B1FD2305212046CDF800B00DF11A02AC
S21400D33025F035FE85F801B02870D6E70590304612
S21400D34007F014FD059A0346009205212A4620465A
S21400D35025F025FEC9E700BF3CDC030056A6030007
S21400D36096A6030053E603002DE9FF471C465B68BC
S21400D370E5685B1B00255FFA83F803952E46FFF7EA
S21400D380D9FDEBB298450BD90C9B9B5D282B39D861
S21400D390202B00F2CB800136F6B2002B40F0C9807D
S21400D3A0FFF78CFD04B0BDE8F087132A2FD801A143
S21400D3B051F822F07BD400008DD400009FD40000EA
S21400D3C0D3D40000A1D30000A1D30000A1D3000055
S21400D3D0A1D300000FD400000FD400000FD400002B
S21400D3E00FD400000FD400000FD400000FD40000AC
S21400D3F00FD400000FD400000FD400001FD400008C
S21400D400F9D40000A3F13102D1B21329CDD90136E7
S21400D410F6B2A3F14102032AC2D8422B6CD06C4F5D
S21400D42000213A88DFF8B0A1C2F1FE039BB2FF2BC1
S21400D43028BFFF2301320091DBB22046524469B276
S21400D44025F089FD3B880AF803000133184438802C
S21400D45011E04FF00409E368A2682B4452F8233029
S21400D4601F68F8B209F1FF39FFF71CFD19F0FF0934
S21400D4704FEA1727F5D1013583E7E368A2682B4406
S21400D48052F823301878FFF70DFDF4E7E368A2683A
S21400D4902B4452F82330188823F046FDEBE7E36868
S21400D4A0A2682B4452F823301F68B7F1807F09D258
S21400D4B0F8B2FFF7F7FCC7F30720FFF7F3FCC7F354
S21400D4C00740E0E72B4601210820424A01F000F918
S21400D4D066E74FF00409E368A2682B4452F823304D
S21400D4E01F68F8B209F1FF39FFF7DCFC19F0FF09F5
S21400D4F04FEA1727F5D1BEE7294603AA204622F0B1
S21400D5007AFD0021324F344A3B88DDF80C9002EB5E
S21400D510030CCAB2914501F1010102D84B443B808D
S21400D520A9E710F802A00CF802A0F2E7242B3FF6B9
S21400D53070AF013B232B3FF633AF01A252F823F026
S21400D5407BD400008DD400009FD4000053D400008C
S21400D550A1D30000A1D30000A1D30000A1D30000F6
S21400D560A1D30000A1D30000A1D30000A1D30000E6
S21400D570A1D30000A1D30000A1D30000A1D30000D6
S21400D5807BD400008DD400009FD40000D3D40000CC
S21400D590A1D30000A1D30000A1D30000A1D30000B6
S21400D5A0A1D30000A1D30000A1D30000A1D30000A6
S21400D5B0A1D30000A1D30000A1D30000A1D3000096
S21400D5C07BD400008DD400009FD4000053D400000C
S21400D5D01A510020AFA6030036560020094B1B78D0
S21400D5E023B101210820084A01F072B8D0E90232BE
S21400D5F053F82230054A1B88012113800820044A6C
S21400D60001F066B835560020D5A603001851002054
S21400D61017A70300D0E9023253F82230054A1B78D8
S21400D6200121003B18BF012308201370024A01F0B5
S21400D6304FB800BF335600203DA70300D0E90232A2
S21400D64053F82230034A1B78012113700820024A3F
S21400D65001F03EB8345600206CA7030010B5D0E9A0
S21400D6600232044653F82230132219880B4B1878DE
S21400D670FFF760FCE368A268013352F8233018789D
S21400D680FFF710FCE368A268023352F823301878DC
S21400D690FFF708FCBDE81040FFF710BC315600202D
S21400D6A010B5D0E90232044653F822301122198808
S21400D6B00B4B1878FFF73EFCE368A268013352F87C
S21400D6C023301878FFF7EEFBE368A268023352F8BF
S21400D6D023301878FFF7E6FBBDE81040FFF7EEBBF7
S21400D6E031560020D0E9023253F82230034A1B7824
S21400D6F0003B18BF0123DB00137070473156002033
S21400D70010B5D0E9023253F82230044619880E4B81
S21400D71006221878FFF70EFC0120FFF7C3FBE3682C
S21400D720A268034452F82330188823F0FDFBE36810
S21400D730A268023352F82330188823F0F5FBBDE8C0
S21400D7401040FFF7BBBB00BF315600202DE9F04369
S21400D750D0E902324FF0FD09013253F8221003EBF4
S21400D76082035A68C7B017889A68B1F800801478A0
S21400D77053F8043C002C0DF1170506AE18783A460F
S21400D78014BF4023802341460295CDF804900096AE
S21400D79025F083F8034638B1184A0121082000F026
S21400D7A097FF47B0BDE8F083201E18BF01200A226D
S21400D7B04146C000FFF7BEFB384623F0B5FB28788D
S21400D7C0FFF770FB4A463146287824F0D4FC04461E
S21400D7D028B10B4F3D88C5F1FF03984202DD234672
S21400D7E0084ADAE7024608483146284425440CF041
S21400D7F097FF3D80FFF762FBD3E700BFA2A70300B9
S21400D8001A510020BEA703003656002010B5D0E9F6
S21400D8100232044653F82230082219880B4B187837
S21400D820FFF788FBE368A268023352F823301878C3
S21400D830FFF738FBE368A268013352F823301888F4
S21400D84023F072FBBDE81040FFF738BB31560020CE
S21400D85073B5D0E902320546023253F8221003EBC4
S21400D860820353F8042C53F8083C0C781988234B91
S21400D870168818780622FFF75DFB0020FFF712FBDC
S21400D880304623F051FB2046FFF70CFBEB68AA68F6
S21400D890033352F82330188823F046FBEB68AA6857
S21400D8A0043352F82330188823F03EFB204609F054
S21400D8B0E1FBE8B9204607F059FA05210446019035
S21400D8C001AA284622F097FB019B01469C4206D0FF
S21400D8D0224631460A480BF081FC02B070BD094D65
S21400D8E009482E882246304434440CF0DBFD2C8058
S21400D8F002B0BDE87040FFF7E1BA00BF3156002025
S21400D900EAA703001A5100203656002073B5D0E966
S21400D91002324FF48A5153F82230104D1A88104BB9
S21400D920D9805A8000232A4600930121FF2325F040
S21400D93036FB2B78044613F0040F0A4B08BF01266B
S21400D9401B7818BF032613B109F094F9A855064BA7
S21400D9501C8002B0BDE87040FFF7B0BA3656002013
S21400D9600C510020335600201A510020D0E9023214
S21400D97053F82230034A1B78003B18BF012313706C
S21400D980704700BF3256002010B50C4608B908F0A4
S21400D990FDF8024B18715C7110BD00BF0C510020E1
S21400D9A002462DE9F341D0E90253526855F8231098
S21400D9B0D21A0C8805EB8301013BDBB255F82380B5
S21400D9C0294D022A4868C8BF8A682B78D8BFFF212D
S21400D9D00078C8BF11783BB901210220234A02B063
S21400D9E0BDE8F04100F074BEFFF7CEFF06F0DEFCA7
S21400D9F01F4F204E3B880146224600931E48334662
S21400DA0025F038F80246C8B998F804103B885F2914
S21400DA1017D1CDE900364FF6FF712046164B24F09D
S21400DA208BF928B1034601210220144A00F050FE6B
S21400DA300023134A2B701380124A137002B0BDE8FD
S21400DA40F0814FF6FB718C4208D9CDE900362146AD
S21400DA50094B4FF6FF7024F0CDF9E2E72146064A5F
S21400DA60009624F0F9F9DCE73556002035A80300C7
S21400DA701A510020365600200C5100203CA8030006
S21400DA801851002034560020002210B50A21044602
S21400DA901046FFF74FFA002023F046FA0122044B07
S21400DAA01A70FFF70BFA2046BDE81040FFF778BF64
S21400DAB05F5B002038B51C4615460123224625F03C
S21400DAC08DFA60B92146284625F051FC044620B15F
S21400DAD001210420034A00F0FBFD204638BD002447
S21400DAE0FBE700BF63A803002DE9F0430C4615468C
S21400DAF01F46D0E9022352F8231002EB83029368F4
S21400DB000E8893F80080D3688BB0B3F80090324646
S21400DB10012106ABFFF7CEFFF0B90DF1200CF4B1F2
S21400DB2001232A884021CDE902C2CDE90471CDE95E
S21400DB3000932221434606AA304625F086FA0B4B70
S21400DB400B4A00930B4B0190002C08BF1346012193
S21400DB500420094A00F0BCFD0BB0BDE8F083624625
S21400DB6028686968032303C22246DBE7C2A80300CD
S21400DB70A7A80300A1A80300AFA8030007B50123C8
S21400DB806A46002125F02AFA6846034908F0C2FDD5
S21400DB9003B05DF804FB00BF81C60000D0E9023286
S21400DBA053F822300149188808F086BD81C6000067
S21400DBB010B5D0E9023203EB8201496853F82230EF
S21400DBC009784FF48A52188825F02FFABDE81040DD
S21400DBD0034601210420014A00F07ABDCCA80300C8
S21400DBE0D0E9023253F8223002214FF48A5210B59F
S21400DBF0188825F00CFABDE81040034601210420E1
S21400DC00014A00F065BD00BFE5A803001FB5D0E9D6
S21400DC10023203EB820153F82230496818884FF429
S21400DC208A5309880293094B094A0193094B1B78CA
S21400DC3000931278084B25F060FA01210346042071
S21400DC40064A05B05DF804EB00F042BD1C5100200A
S21400DC50365700203557002026510020FCA8030028
S21400DC602DE9F043D0E9023253F8221003EB820389
S21400DC705A680E8817789A68DB688BB092F800901E
S21400DC80B3F800803246042106AB0446FFF712FFC5
S21400DC9028BB08AD01232A460521204625F09EF91B
S21400DCA038B9042001210F4A00F012FD284624F05E
S21400DCB043FA4FF48A53CDE904930023CDE9025387
S21400DCC003232121CDE9008306AA3B46304625F0F2
S21400DCD0BCF901210346044A042000F0F9FC0BB00D
S21400DCE0BDE8F08314A9030043A9030038B5D0E9C2
S21400DCF0024303F18043023B02220F4954F82300FB
S21400DD009D000CF0C9FE60B90C4B0D491A78042A28
S21400DD100BD82C44A068008821F8120001321A7033
S21400DD2038BD084B08491A78F1E70121BDE83840AC
S21400DD300420064A00F0CCBC71D4030036570020FD
S21400DD4026510020355700201C51002055A90300FD
S21400DD5008B5C368806803F18043023B0222064987
S21400DD6050F823000CF098FE10B9044B187008BD4C
S21400DD700022034B1A70FAE771D4030036570020CE
S21400DD803557002037B5D0E9023153F821208C00F2
S21400DD9015784268521A012AC5BF1B195B686C09C0
S21400DDA01C78DCBF44F0180405F01F052946204601
S21400DDB025F067F8034640B12346012104200E4AA9
S21400DDC0009500F085FC03B030BD0121A94074B970
S21400DDD02346FE224FF6FF7025F0E7FA01210346A0
S21400DDE00420064A03B0BDE8304000F071BCFE22B5
S21400DDF041EAC461EEE700BF6BA903008BA90300EC
S21400DE0070B5D0E9021551F8253001EB85010446BE
S21400DE1018884B681A788B68052A1B8802D85E1EFD
S21400DE20072E0BD9012104200C4A00F051FCBDE856
S21400DE307040012104200A4A00F04ABC6468641B52
S21400DE40032CCABFC9680749096825F0AEFABDE8C1
S21400DE50704002460449002007F054BFA9A90300F9
S21400DE60C9A9030000F8FF07E6A9030008B5D0E932
S21400DE70023253F8220003EB82035968FF2203881C
S21400DE8009684FF6FF7025F090FABDE80840024694
S21400DE900149002007F036BFF9A9030008B5D0E90C
S21400DEA0023253F8223005214022188825F0AFF8B8
S21400DEB0BDE8084002460249002007F023BF00BF25
S21400DEC01AAA030008B5D0E9023203EB82014868BB
S21400DED053F82210027840230988312025F0EAF80A
S21400DEE0BDE8084002460249002007F00BBF00BF0D
S21400DEF03BAA030008B5D0E9023203EB820148686A
S21400DF0053F82210027840230988332025F0D2F8EF
S21400DF10BDE8084002460249002007F0F3BE00BFF5
S21400DF2055AA03001FB5D0E9023253F8221003EBBE
S21400DF3082039B6808881A780023D21A18BF012229
S21400DF40CDE9023302A94023D20125F0C2F801210F
S21400DF500090044B0420044A00F0BAFB05B05DF8BC
S21400DF6004FB00BFC2A8030073AA030007B5D0E9EC
S21400DF70023253F8223003214022188825F047F851
S21400DF8001210090034B0420034A00F0A1FB03B0DC
S21400DF905DF804FBC2A8030082AA030037B5C36875
S21400DFA08268053352F8233004211D786A4601231F
S21400DFB0044625F013F838B904200121064A00F07B
S21400DFC087FB684624F0B8F82B466A4600212046B0
S21400DFD0FFF78AFD03B030BD9CAA030007B5D0E961
S21400DFE0023203EB8201486853F82210027840237D
S21400DFF00988322025F05EF801210090034B0420AA
S21400E000034A00F065FB03B05DF804FBC2A80300FA
S21400E010CDAA030070B585690446EA0705F0020636
S21400E02005D476B1C5F3072024F0AAFD09E01EB199
S21400E030B2210F482BF008F8A069C0F3810024F045
S21400E0408EFDE3691BB9BA2109482AF0FDFF204678
S21400E05014F008FCE3693EB1607E9847AB0706D033
S21400E060BDE8704024F080BD20469847F6E770BDB6
S21400E070E2AA030008B514F0E9FE28B1BDE808409E
S21400E080472102482AF0E0BF08BD00BFE2AA03000D
S21400E0902DE9F041FF2B04460F4690461D469DF89D
S21400E0A0186005D0FF2E03D0D52111482AF0CCFFEA
S21400E0B00023FF2D18BFAD000E4A1CBF45F001051A
S21400E0C0EDB222600C4AC4E9063818BFA561FF2EDF
S21400E0D0C4E901232361E76007D0A36943F0020384
S21400E0E023F47F4343EA0623A361BDE8F08100BF23
S21400E0F0E2AA0300F437002015E00000002310B564
S21400E100054C03610460054CC261C0E9014301236C
S21400E110C160836110BD00BFF437002015E0000029
S21400E12070B58669044606F00303032B0D4603D13B
S21400E130FC2114482AF088FFFF2D16D0B20704D41D
S21400E14040F201110F482AF07FFF284624F0B4F968
S21400E150FF28054604D14FF482710A482AF074FF5E
S21400E1602DB204EB4514204670BDF307FBD5A3691A
S21400E17013F00C0FF7D040F20B1102482AF064FFA0
S21400E180F1E700BFE2AA03000023054AC0E9063112
S21400E19003610260C360034A034B426083607047BA
S21400E1A0F437002015E0000031280200014826F070
S21400E1B0C0BF00BFF4370020014826F0C6BF00BF2E
S21400E1C0F437002013B50E4826F08DFF22F02FFFFF
S21400E1D025F056FF25F078FF25F082FFFCF748FF74
S21400E1E00446FCF75FFF2346009001210420054A01
S21400E1F000F06EFA02B0BDE81040FCF73FBF00BF6B
S21400E200F437002075AB0300022808B503D12AF0C6
S21400E21014FF014B186008BD2438002008B50DF027
S21400E22055F90122044B1A702AF090FFBDE8084009
S21400E23002490348FDF7E4B8385700202C60002058
S21400E24028380020014B1870704700BF3757002051
S21400E250024B187808B106F08DB870477565002037
S21400E26008B5074B1B780BB1002008BDFFF7F0FF81
S21400E2700028F9D106F058FC023818BF0120F4E750
S21400E2803757002070B5FFF7EBFF174D20B1FFF7AB
S21400E2908DFF0428044613D82B781BB92AF056FFA6
S21400E2A001232B7022F0D1FE0446D8B12B781BB97F
S21400E2B0F7210E482AF0C8FEBDE87040FFF776BF8B
S21400E2C022F0C5FE0028E7D02B785BB12AF0BDFD12
S21400E2D006460021012029F023F830462AF0B0FD3A
S21400E2E000232B70204670BD3857002096AB0300E5
S21400E2F01FB5FFF7C7FF0446FDF72CFAA04228BF5C
S21400E300204688B103A929F0F7FB034638B9CDE9C2
S21400E3100000064A039906482AF0ABFE18B18E2183
S21400E32004482AF091FE012004B010BD49100300F5
S21400E3300438002096AB03000D4B70B51B780D4DCE
S21400E3400D4C0121002B0CBF2B46234602200B4A06
S21400E35000F0BEF90A4B01211B780220002B0CBFEF
S21400E3602B462346BDE87040064A00F0B1B900BF10
S21400E3707565002090D40300AFD403002CAC0300D6
S21400E380375700204BAC030010B5D0E9023253F8E3
S21400E390223002201B780121002B15BF0124002407
S21400E3A0044A054A00F094F92046BDE81040FFF7FD
S21400E3B049BF00BF6AAC030087AC0300D0E9023255
S21400E3C053F82230034A1B78003B18BF0123137012
S21400E3D0704700BF7565002038B50125084B1D70D5
S21400E3E02AF033FD04462946284628F099FF2046A1
S21400E3F02AF026FDBDE8384002490348FDF700B87C
S21400E40039570020346000205038002070B514F0D2
S21400E410A3FD10F0070F1D4D11D02B785BB9012618
S21400E4202E702AF012FD04463146304628F078FF5A
S21400E43020462AF005FDBDE8704014F05DBB24F0D0
S21400E44098FF022803D1124B1B78032BE5D914F052
S21400E45083FD18B90E4B1B78032B14D814F04CFB15
S21400E46004460028D9D02B785BB100262E702AF0FF
S21400E470ECFC05463146012028F052FF28462AF0DB
S21400E480DFFC204670BD4FF0FF34ECE73957002024
S21400E490C05B00201FB5FFF7B9FF0446FDF75AF929
S21400E4A0A04228BF204688B103A929F025FB0346D1
S21400E4B038B9CDE90000064A039906482AF0D9FD86
S21400E4C018B18C2104482AF0BFFD012004B010BD0D
S21400E4D02515030030380020A6AC030010B5094C03
S21400E4E00949002007F0F4FB23681B68587924F0DC
S21400E4F019F823681B68587923F01DF805F060F9B1
S21400E500002010BDB03D002034AD030008B524F057
S21400E51020FF024628B1BDE808400020014907F068
S21400E520D7BB08BD57AD030008B524F028FF024648
S21400E53028B1BDE808400020044907F0C9BB5422B2
S21400E540BDE80840FF2102480BF05ABF6FAD03003C
S21400E5503051002038B504460D4624F014FF02461C
S21400E56028B1BDE838400020034907F0B1BB034B93
S21400E57023F8145038BD00BF8DAD03003051002085
S21400E5802DE9F34100240C4E0C4DDFF838800C4F7B
S21400E59056F8043B0BB9D8F8003035F8022B39464C
S21400E5A0009200202246013407F092FB2A2CEFD17D
S21400E5B002B0BDE8F08100BF40600020845100201A
S21400E5C0A9AD03003C60002008B52A21034824F0CA
S21400E5D0D2FEBDE80840FFF7D3BF00BF845100203D
S21400E5E007B5D0E9023253F822301A78292A0DD816
S21400E5F0084B53F822300BB9074B1B68074900201D
S21400E60031F812100091064907F062FB03B05DF87E
S21400E61004FB00BF406000203C60002084510020C6
S21400E620A9AD030008B52A21034824F0A6FEBDE8DC
S21400E6300840FFF7A5BF00BF8451002038B5D0E9D9
S21400E640023253F8221003EB82035B680C781D88B5
S21400E6500020044907F03CFB29462046BDE8384028
S21400E660FFF778BFB4AD03002DE9F34100240C4E4C
S21400E6700C4DDFF838800C4F56F8043B0BB9D8F831
S21400E680003035F8022B394600920020224601342D
S21400E69007F01EFB2A2CEFD102B0BDE8F08100BFC8
S21400E6A04060002030510020A9AD03003C600020EF
S21400E6B010B5024622F055FF20B9044C236811B16C
S21400E6C01343236010BD23EA0203FAE7EC60002040
S21400E6D00CB413B502460C4622F043FF60B9094B52
S21400E6E01B681A4208D005A9049801910AF08AFD11
S21400E6F014B1054825F050FC02B0BDE8104002B049
S21400E700704700BFEC600020B3B00300034610B5AE
S21400E710D3E9023253F8223008461C78211E18BF6F
S21400E7200121FFF7C5FF014648B9084A084B0220F9
S21400E730002C08BF1346074AFFF7CAFF10BD00218A
S21400E7400220054AFFF7C4FFF8E700BFB29C0300AB
S21400E750AA9C0300B5B00300CBB003002DE9F0413E
S21400E76005461F460C46DFF82C808E18B44201D1B1
S21400E770BDE8F0810021284614F8013B069AFFF711
S21400E780A7FF002FF2D0424600212846FFF7A0FF41
S21400E790ECE700BF3FA303000021024A0248FFF750
S21400E7A0ADBC00BF2DE8000058380020FF2101480E
S21400E7B022F02FBC583800200022034BFF210348CC
S21400E7C01A7022F01FBC00BF3A57002058380020AD
S21400E7D013B5114C2378032B13D8009300230F4A4C
S21400E7E018460F4907F074FA237842F21072002B8D
S21400E7F008BF0022FF210B4802B0BDE8104022F0FF
S21400E800F0BB00220849104607F062FA02B0BDE8E5
S21400E8101040FFF7D1BF00BF3A570020DCB003001E
S21400E820EEB0030058380020F8B00300F0B52B4DCA
S21400E8308FB02B7823B309A824F0D5FD022309A8AE
S21400E8408DF8243024F0BDFD01AA06469446244BDC
S21400E85003F11007144618685968083303C4BB420E
S21400E8602246F7D105AA17461E4B03F1100E144692
S21400E87018685968083303C473452246F7D1E6B1D1
S21400E880012409A824F04BFD28B9BDF8243013F064
S21400E890020F18BF01242B781349002B4FF00003FA
S21400E8A04FF0A00208BF1946204624F012FD90B98A
S21400E8B02B7801332B700FB0F0BD614609A824F009
S21400E8C082FD0028DCD1394609A824F07CFD0446E8
S21400E8D00028D6D0D4E7FFF77BFFECE73A570020B6
S21400E8E0DC380400EC38040000F8FF0710B5002000
S21400E8F0324907F0EDF908220020314907F0E8F91F
S21400E900304B314A1978314B0020002918BF1A467F
S21400E9102F4C304907F0DCF9002024F020F923685A
S21400E920002B47D01B78022B44D900222A4B1046D6
S21400E9302A4907F0CDF922F05BFE2949024600205D
S21400E94007F0C6F900F0CAF826490246002007F08C
S21400E950BFF923681B78032B2CD900F0CFF8224987
S21400E9600246002007F0B4F900F0D8F81F49024626
S21400E970002007F0ADF900F0D9F81D490246002046
S21400E98007F0A6F900F0A4F81A490246002007F09E
S21400E9909FF900F0D1F8184C184954F820200020B0
S21400E9A007F096F900F01EF9154954F820200020CB
S21400E9B007F08EF9BDE8104024F0D6B81AB103006F
S21400E9C036B103003B57002090D40300AFD40300B9
S21400E9D0EC3C002059B10300809E0300749E0300A7
S21400E9E075B1030099B10300BDB10300E1B10300A6
S21400E9F005B203002CB20300F060002053B20300FF
S21400EA0076B2030008B5D0E9023253F822301878FF
S21400EA1040B10020074907F05BF9BDE808408020B8
S21400EA2000F034B8044907F053F9BDE808408020E8
S21400EA3000F046B899B20300B6B20300D0E902323D
S21400EA4053F82230034A1B78003B18BF012313708B
S21400EA50704700BF3B57002018220021094BC3E92E
S21400EA6000121A7B0AB9084A9A601A7C12B94FF447
S21400EA707A72DA8140F6B8325A8200229A829A7501
S21400EA80704700BF78380020E09304000A4B10B5AA
S21400EA901B687BB11B78032B02D8B0F5007F09D129
S21400EAA0064C2368034323606368184202D02AF0AA
S21400EAB0BFFAA08210BD00BFEC3C002078380020D2
S21400EAC0024A136823EA0003136070477838002070
S21400EAD0014B1868704700BF78380020024B9868D2
S21400EAE0FA23B0FBF3F07047783800200122024B7F
S21400EAF098601A73704700BF78380020024BD88998
S21400EB00FA23B0FBF3F07047783800200122024B5E
S21400EB10D8811A74704700BF78380020024B588A94
S21400EB20FA23B0FBF3F0704778380020014B5868A2
S21400EB30704700BF783800202DE9F84300244FF0D6
S21400EB400C08104B104F9D7D104E3988E3B28B4257
S21400EB5002D32846BDE8F88308FB03F3F05C06EB17
S21400EB60030924F003F850B9FF21D9F8080022F071
S21400EB7050FA20B199F805309D4238BF1D46013441
S21400EB80E3E700BF783800201C6500207461002091
S21400EB90124B10B51B68124CEBB11B78032B02D836
S21400EBA023689B0517D52AF043FAA38AC01A638AFE
S21400EBB080B283423EBFD4E900329343236024F000
S21400EBC052FB08B1E08910BD2368002BFAD1FFF78D
S21400EBD0B3FF0128F6D0A068F5E700BFEC3C0020A4
S21400EBE078380020014B987D704700BF78380020A9
S21400EBF038B504460D462AF0CCFA244B1B7813B1E0
S21400EC00204622F0F0FC402C27D006D884B13F2CBA
S21400EC1018D0BDE8384023F0A7BF4C3C0C2CF8D8E1
S21400EC201B4B2341DB07F4D40220FFF749FFF0E734
S21400EC304FF40070FFF744FF0220FFF727FF154B45
S21400EC401C71E6E74FF40070FFF73AFF0220FFF76B
S21400EC5037FF00220F4B1A71DBE723F006FF002870
S21400EC60D7D10C4C0220237901332371FFF728FFFC
S21400EC704FF40070FFF70AFF2379AB42C9D322F0A6
S21400EC80B3FC0028C5D122F088FCC2E73B57002021
S21400EC90FEEEFFFF9038002010B505F05FFB02285F
S21400ECA00AD124F0BCFA034630B1BDE81040002279
S21400ECB00249104607F00CB810BD00BF02B30300AF
S21400ECC00021024A0248FFF719BA00BF99EC00007B
S21400ECD09838002038B5002023F041FF124B1B68FF
S21400ECE093B11B78022B0FD905F038FB022816D1FA
S21400ECF00E4C2568FFF74CFFA842206008D0FF2185
S21400ED0022680B4822F06DF9BDE8384023F02CBF8E
S21400ED10FF21074822F07DF90028F5D1EFE7FF2113
S21400ED20034822F06FF9EFE7EC3C00209038002013
S21400ED309838002002460249002006F0C9BF00BFEE
S21400ED4016B3030010B5234C2348FF2122F05AF9CE
S21400ED50207802281ED003282ED0012804D0212097
S21400ED60BDE81040FFF7E6BF1C4B19780029F7D026
S21400ED7002231B4A23701378052B0EBF0023013392
S21400ED80DBB29942137003D1052313700020E7E726
S21400ED90052BFBD0124B1B78052B02D103232370C7
S21400EDA0DDE7104A104932F8230007F085FC0323FC
S21400EDB023700028D4D110BD094B0C4A1878094B93
S21400EDC003EB8001897833F8200007F045FC012327
S21400EDD0EEE700BF3C570020B8380020455700201B
S21400EDE077650020D8510020CDEF000079EF0000B5
S21400EDF02DE9F04F0D46144695B0049011220021DF
S21400EE000FA89946DFF86C810BF0FAFA04EB45037D
S21400EE100393D9F800301C2B02D0039B9C4202D1EE
S21400EE2015B0BDE8F08F0123DFF844A18DF81C3043
S21400EE3023884C4AADF81E309AF800304A4D08EB4D
S21400EE4083039B7828788DF8203013688DF81D0092
S21400EE50CDF821305368CDF8253023F087FE049B8B
S21400EE608DF8290021882878002B4AD123F04BFB07
S21400EE70002844D09AF800300FAA38F8230007A9D3
S21400EE8022F0C0FB00283AD023F06AF94FF0000BBE
S21400EE90074606461C255FFA8BF2974234D8B742DF
S21400EEA02BD99DF81C30032B1AD10FAB0193BDF85C
S21400EEB0213000220421009301202C4B06F08EFD09
S21400EEC09AF8003008EB83039978274B187806F0F9
S21400EED001FE9AF80030002038F8231023F099FD40
S21400EEE05DB107A9304624F08CF9214B05461B7806
S21400EEF0304638F8231024F086F9C9F8005002345A
S21400EF0087E723F0F7FAB3E710460BA9059224F03B
S21400EF1074F930B99DF82C1031B9059AB74208BF7C
S21400EF2016460BF1010BB6E7BDF82E00BDF81E2005
S21400EF309042F6D19DF830009DF820209042F0D106
S21400EF409DF81C208A42ECD1032A14BF0822022214
S21400EF500DF121010DF131000BF09EFD002808BFD8
S21400EF600025DEE73D5700207665002093B50300B8
S21400EF7077650020D851002013B503460020114ABB
S21400EF809C6812780190052A03D01B78032B00D1C9
S21400EF902CB9012002B0BDE81040FFF7CBBE626876
S21400EFA0217801ABFFF724FF217A0120E26801AB4C
S21400EFB0FFF71EFFFF21044802B0BDE8104022F014
S21400EFC019B800BF77650020B8380020094B1B78B9
S21400EFD0052B02D00378032B02D00120FFF7AABE30
S21400EFE08168054A0B68054813604B68FF2153602B
S21400EFF022F000B8776500203D570020B838002082
S21400F00038B50024114B124D1870124BFF211C709E
S21400F0102C7006F05FFD0122032110460E4B06F011
S21400F020DDFC4FF6FF712246084623F0F5FC044649
S21400F03048B940F6B832FF21084821F0D2FF012334
S21400F0402B70204638BDFFF775FEFAE77665002080
S21400F0503C5700204557002053E60300B8380020F0
S21400F060144BF0B51A681449136809785879884221
S21400F0700BD11249D78808460022114D1E792B78ED
S21400F080D4B2A34203D8052C0AD10020F0BD0C88C8
S21400F090BC4202D18C78B442F7D001320431EFE79B
S21400F0A0A342F2D120F82270013300EB8200867072
S21400F0B02B70EAE7B03D002076650020D85100208E
S21400F0C045570020FF2307B50021044A0448009353
S21400F0D0FEF7DEFF03B05DF804FB00BF45ED000061
S21400F0E0B83800201FB5B42303210446ADF80E300F
S21400F0F023F000FA98B12123204600930022032132
S21400F1000DF10E0323F0A5FB04460020054B064A2E
S21400F1100649009406F0DCFD204604B010BD8624A7
S21400F120F3E700BF40B303004DB3030062B3030030
S21400F130D0E9023253F82230034A1B7801211370BB
S21400F1400220024AFFF7C4BA8F65002071B303009D
S21400F1500122014B1A7070478F6500200A4B90F809
S21400F16005111B7890F8082119448A42BCBFB2FBEF
S21400F170F3F103FB11234FF0FF32B8BFDBB202FA04
S21400F18003F380F80A3170478F6500202DE9FF41B0
S21400F1900446057F867EDFF870806E43237F98F8EE
S21400F1A0002013449D4212DB607F60B9238B0293DC
S21400F1B063690193237C00936288A31D217805F080
S21400F1C095FDFF232370002004B0BDE8F081E37EA8
S21400F1D0AB42E9D9A77E228BF1199142A4BF921BBC
S21400F1E0D7B205EB0323E3813A4633462946204649
S21400F1F022F022FA0028E7D1637F37440133013535
S21400F2006377BEB2EDB2C9E78F65002037B5054615
S21400F21024F025F80D4B04461B6869461B78032B23
S21400F22082BF0B4B1B881B18284688BF9CB224F055
S21400F2309EF838B9684624F014F818B9044B1B88B1
S21400F24023449CB2204603B030BD00BFEC3C0020F7
S21400F25020650020084B1B78FF2B0BD1074B1B7833
S21400F260FF2B07D1064B1B78022B03D04FF4807080
S21400F270FFF726BC704700BFF8600020083A002061
S21400F280D838002010B50446FF2121F0BBFE054B00
S21400F2909C4202BF0023A4F588742370BDE810408A
S21400F2A0FFF7D8BFE83900202DE9F0479A462A4BE9
S21400F2B081461B7888461646BDF82050002B49D05C
S21400F2C0FF2D3ED938252846BDE8F087234B0C2273
S21400F2D03146A01D636184F80090A4F802800BF00C
S21400F2E0E1F8A289414642F4004242F0400220463C
S21400F2F0A28122F0B3F92A46514660690BF0D2F893
S21400F30041464846A21D258323F0FDFCA076002832
S21400F310D8D00544013DB5FBF0F0FF28D2DC002331
S21400F320E0762046A383FFF731FF054680B92379B0
S21400F3304FF48070B372FFF7A9FB227C099B1A80FA
S21400F340C1E7074C2778FF2FC0D040F60345BAE741
S21400F3502770F2E70225B6E78F65002047570020A2
S21400F360083A0020B0F9063010B5002B25DA144C08
S21400F3702278237CFF2A02D0827A9A4207D0114C48
S21400F3802378FF2B17D0827A237C9A4213D169B94F
S21400F390637F013BDBB263775BB90B4A237F12784E
S21400F3A0204613442377FFF7F1FE0146204622F05D
S21400F3B064F9FFF74FFF012010BD0020FCE700BFF7
S21400F3C0083A0020F86000208F6500202DE9F04FF5
S21400F3D09A46B1F9063091B0002B0D461746DDF877
S21400F3E06880049080F22981B8F80030FF2B04D999
S21400F3F04FF4B871A64829F027FEA64B00241A78C9
S21400F40093F80401B3F80211002A40F0A5802E7A82
S21400F410A14A1278B24240F2AF800222A3F80271EB
S21400F4201A70AA7AFF2483F804210022A3F8084160
S21400F43083F80521A3F80621B8F80020954883F83C
S21400F4400C21FFF78BFE3846FFF7E0FE214600EB67
S21400F4504002924821F0C5FD4FF48070FFF716FB7E
S21400F4608C4C94F80A91B9F1FF0F20D18A4A94F88F
S21400F470053112781344B34219DC94F80C1184F861
S21400F4800531B4F80631204601FB0233A4F80631F4
S21400F490FFF764FE0122824B38461A70FFF7B6FE6D
S21400F4A0494600EB400204F5887021F09AFD94F876
S21400F4B00531B34260D8DFF8E0B19BF800C00CEB32
S21400F4C00302964258DA764994F808210878013AF9
S21400F4D0002853D0964205DAB8F8002084F80C21AC
S21400F4E000220A70B6FBFCF901220CFB196994F89D
S21400F4F00A015FFA89F902FA09F2D1B2024076B936
S21400F5002889000A844584F8080108D92046CDE9F0
S21400F51006210593FFF722FEDDE90621059B94F8F8
S21400F5200A01014384F80A1182B994F80921B4F853
S21400F53006C1013284F80921B8F80020DAF8001074
S21400F5400CEB0200FF2826DD0323237094F8083115
S21400F550013B9E4230D138E0AE7A864202D18F42DD
S21400F56000D11C462E7A002C7FF47BAF002A3FF495
S21400F5704FAF012A3FF44CAF01205FE09642B1DA6C
S21400F58094F80C1198F800209142ABD004F58870DE
S21400F590FFF778FEF0E794F80CE1F31A0EFB03C3CE
S21400F5A0A01C10FA83F005920AF07CFF94F808314C
S21400F5B0059A013B9E4244D0012394F80A2103FA9F
S21400F5C009F3013B1343FF2B04D122462946384654
S21400F5D022F045F894F8083194F809219A42CBD1E4
S21400F5E09BF80030B2FBF3F103FB112212F0FF028E
S21400F5F018BF13462278022A26D1264A02341078EB
S21400F6005178012804BF01315170012224F8022CE0
S21400F610EA88B4F8041122F04002EA8094F809213E
S21400F6200A44591E94F80A3113FB01F31344A8F850
S21400F6300030CAF80040FFF70DFE002011B0BDE80C
S21400F640F08F84F80B21C0E76979002994D0032A4B
S21400F65092D1B4F8062194F80B1108AE11445A1E44
S21400F66094F80C31284613FB02F30B4400219BB29E
S21400F670A21CA8F80030CAF80020CDE90071029656
S21400F680049907F005FD8921304623F039FB7DE714
S21400F69098B30300D83800208F650020E839002092
S21400F6A04657002013B5044618B101280BD002B007
S21400F6B010BDFF2301460093064A0748FEF7E8FC04
S21400F6C0064B1C70F3E7FFF743FDFF22044B1A704E
S21400F6D0EDE700BF85F20000E8390020D8380020AA
S21400F6E0083A002013B501A909F04AFE044648B9B5
S21400F6F0BDF806309DF80420034906F0E9FA2046D6
S21400F70002B010BD8120FBE72FB4030013B5694695
S21400F71009F042FE044688B9BDF802309DF8002084
S21400F720074906F0EFFA2046019906F043FA20460C
S21400F730044906F0CDFA204602B010BD8120FBE752
S21400F74053B4030079B4030037B5694609F048FEA0
S21400F750044618BB9DF801309DF80020104906F0BD
S21400F760D1FA104D9DF80120E3B29A4206D8002047
S21400F7700D4906F0ADFA002003B030BD01986300D5
S21400F78003F4FF7302220021184423F0D2F929461D
S21400F7900246002006F0B6FA0134E3E78120EBE7E4
S21400F7A07BB40300AAB4030053E6030013B501A913
S21400F7B009F0ECFD044648B9BDF806309DF8042073
S21400F7C0034906F085FA204602B010BD8120FBE70B
S21400F7D0B4B4030030B500240B4D85B06946E0B2E2
S21400F7E023F00BFD50B99DF80030032B06D12946B7
S21400F7F0BDF805309DF8012006F06AFA0134202C89
S21400F800ECD105B030BD00BFDBB4030008B5002066
S21400F810034906F05DFABDE80840FF2000F0DEBAB6
S21400F820EDB403002DE9F04F85B006460D461746A9
S21400F83021F063FF044640B130463A46294621F09F
S21400F84046FF002005B0BDE8F08F4FF003094FEAF1
S21400F85015285FFA84FA6946504623F0CEFCB8B9FC
S21400F8609DF800B0BBF1000F12D1694650468DF8E6
S21400F87000908DF805508DF806808DF8016023F015
S21400F880C0FC02460028D7D05846064906F020FAA3
S21400F8900134202CDDD10020034906F019FA892016
S21400F8A0D0E700BF02B5030029B503001FB500234B
S21400F8B004468DF80F3021F00BFF28B19DF80F306D
S21400F8C063F07F038DF80F30182301930DF10F03BB
S21400F8D00022009304214023204622F0A9FF02467E
S21400F8E018B10020024906F0F3F904B010BD00BFBD
S21400F8F044B503001FB502A909F060FD044688BBA5
S21400F900BDF80820184906F0FDF92046039906F0D0
S21400F91051F92046154906F0DBF94FF6F672BDF8A8
S21400F9200810134C4B1E9BB2934219D82368039AB7
S21400F9301B685879FFF776FF23681B79012B0BD8D5
S21400F940BDF808300022CDE900030421094B092048
S21400F95006F044F823F0CEF96FF0FF0004B010BDB7
S21400F9608720E9E78120F9E763B5030079B403004F
S21400F970B03D00207AB5030070B504468AB005ADE8
S21400F9801122002128460AF03BFD204604A909F072
S21400F99009FD044600283AD11E4EBDF810201E4927
S21400F9A006F096F932681379012B28D84FF6F670D0
S21400F9B0BDF810104B1E9BB2834224D813685879AA
S21400F9C021F09BFE08B333682A461B68BDF810106A
S21400F9D0587921F07BFEBDF8103001220421CDE9D4
S21400F9E0004309200D4B029505F0F8FF23F082F93D
S21400F9F0034620B100200A4A0A4906F069F96FF06A
S21400FA00FF000AB070BD8724E5E78B24E3E781207A
S21400FA10F7E700BFB03D00207DB5030092B50300B8
S21400FA2096B50300A1B503002DE9F0479AB004A9E6
S21400FA3009F0D0FC0446002840F0B5809DF8102060
S21400FA405B4906F05FF925465A4E9DF81020EBB24A
S21400FA509A4254D80020584906F03AF99DF81050BA
S21400FA60002D40F099802C462E46544F06A9F0B241
S21400FA7023F0C3FBC8B99DF81830032B15D13B689B
S21400FA809DF819201B685B799A420ED19DF81D20BF
S21400FA9005F168036B4403F8402C9DF81E200235E0
S21400FAA0013403F83F2CEDB2E4B20136202EDDD14E
S21400FAB09DF810300BB1002C77D00AABCDE901438E
S21400FAC0FF2302220421009309203D4B039505F0F5
S21400FAD085FF23F00FF9034660B19DF81020002A39
S21400FAE05FD0384A3849002C08BF0A4600203749FC
S21400FAF006F0EEF86FF0FF001AB0BDE8F087059844
S21400FB006B0003F4FF7302220021184423F011F85F
S21400FB1031460246002006F0F5F8013595E70598CF
S21400FB20730003F4FF7302220021184423F001F847
S21400FB30002780465FFA80FA06A9F8B223F05DFB3C
S21400FB4000BB9DF81830032B1CD1D9F800309DF867
S21400FB5019201B685B799A4214D19DF81D305345D5
S21400FB6010D19DF81E30C8F307229A420AD105F13B
S21400FB7068036B440235013403F840AC03F83F2CAD
S21400FB80EDB2E4B20137202FD6D101369DF8102011
S21400FB90F3B29A42C3D88BE70025DFF820902E46B2
S21400FBA0F4E7084AA2E78120A6E78B20A4E700BF77
S21400FBB0FBB50300AAB4030053E60300B03D0020E3
S21400FBC01AB60300CCB50300EAB503001EB6030060
S21400FBD02DE9F04389B002A909F0EAFB04460028A3
S21400FBE067D1BDF80820344906F072F84FF6F67271
S21400FBF0BDF80850DFF8D4906B1E9BB2934254D8E1
S21400FC00D9F8003029461B685F79384621F075FD23
S21400FC1000284CD026465FFA86F8404603A923F013
S21400FC20ECFA28B92946384603AA21F053FD20B934
S21400FC300136202EEFD14FF0FF08404623F0DBFAC6
S21400FC40014658BB112203A80AF0DAFB29463846BB
S21400FC5003AA21F03CFDD9F800301A79012A18D8F9
S21400FC601B68BDF80810587922F024FFBDF808304C
S21400FC7003220421CDE900430920104B05F0AEFE17
S21400FC8023F038F8034620B100200D4A0D4906F04F
S21400FC901FF86FF0FF0009B0BDE8F08302460A497E
S21400FCA0002006F015F80124D5E78724D3E78B2437
S21400FCB0D1E78120EFE700BF40B603007AB5030026
S21400FCC07EB60300A1B5030057B60300B03D002082
S21400FCD02DE9F043DFF894800020D8F80030214961
S21400FCE01B688BB05E79002505F0F2FF01275FFAEE
S21400FCF085F9484601A923F080FA044690B99DF894
S21400FD000430032B0ED19DF80530B3420AD1484685
S21400FD1023F071FA0146A0B102461349204605F0C9
S21400FD20D7FF27460135202DE1D1D8F80030002135
S21400FD301B68587922F0BEFE87F001000BB0BDE8C4
S21400FD40F083112205A80AF05BFBBDF80940304697
S21400FD50214605AA21F0BBFC2146304622F0AAFE29
S21400FD60E0E700BF8BB6030057B60300B03D0020A7
S21400FD7037B5694609F028FB044638BBBDF80020B5
S21400FD80134905F0BFFF134D2046019905F012FFF9
S21400FD902046114905F09CFF2B681B68587922F015
S21400FDA098FF70B14FF6F672BDF800104B1E9BB26E
S21400FDB0934209D82B68019A1B685879FFF732FDE1
S21400FDC00446204603B030BD8724FAE78120F9E7D1
S21400FDD09FB60300B03D002079B403007FB505460A
S21400FDE00024E6B26946304623F007FAA8B99DF823
S21400FDF00030032B11D19DF80130AB4204D0FF2D0B
S21400FE000BD19DF80D3043B9304623F0F4F9024685
S21400FE1018B10020034905F05BFF0134202CE0D127
S21400FE2004B070BD57B60300034B1B681878012852
S21400FE3008BF0220704700BFEC3C0020D0E9023229
S21400FE4053F822301A78024B1A7000F0E7BA00BF57
S21400FE504658002070B5D0E902456B1EDBB254F858
S21400FE60230003221B490AF017FE54F8253004EB42
S21400FE708504197863681A78A2F10B030F2B05D94D
S21400FE8015490020BDE8704005F022BF01290FD1BA
S21400FE90124C9140236840B90B43114A236000205E
S21400FEA0BDE870400F4905F013BF23EA0103F4E7ED
S21400FEB002290CD101230C4903FA02F20B6818B987
S21400FEC013430A4A0B60EAE723EA0203F9E70A4605
S21400FED00749D6E7C3B60300C7B603001C61002077
S21400FEE0DDB60300E5B6030018610020F8B603008F
S21400FEF002B7030007B5D0E9023103EB810253F8DD
S21400FF0021300B491B785268012B0A4B08BF0B4661
S21400FF1012684FF000001A600092074A074B084923
S21400FF2018BF1346074A05F0D3FE03B05DF804FB7E
S21400FF301C610020186100201DB7030015B70300E0
S21400FF4027B703000C39040038B5254A254B264C44
S21400FF500020264905F0BCFE0020254905F0B8FE25
S21400FF6022682449002005F0CDFE2068224C234D4F
S21400FF7005F088FE2146002005F0AAFE2A682049E2
S21400FF80002005F0BFFE286805F07CFE2146002014
S21400FF9005F09EFE1B4B1C491A781C4B002053F89C
S21400FFA0223005F095FE00F00DF9194902460020B2
S21400FFB005F08EFE174B00201A78174905F088FECC
S21400FFC0164B17491A78002005F082FE04F0C6F991
S21400FFD0BDE8384002461349002005F079BE00BF50
S21400FFE00C39040041B703001C61002048B7030029
S21400FFF050B703005EB70300C19D030018610020E0
S2140100006FB703007458002080B7030020610020FA
S21401001093B7030059580020A7B70300585800208B
S214010020B9B70300CBB7030007B500F071F8054B6D
S2140100300090054A0020054905F04AFE03B05DF828
S21401004004FB00BFE1B703000C39040062B30300F0
S214010050F8B504460B4F0C4E0C4D00200C4A0D49CA
S21401006005F036FE20463B7829783278F5F78CFE87
S21401007000233B7033702B70FF21BDE8F840064823
S21401008020F0C0BF7458002058580020595800204E
S2140100900C390400E6B70300283A002037B51248A9
S2140100A0FF2120F0AFFF114B187810F0100505D096
S2140100B0002003B0BDE8304003F01CBF0121B4208E
S2140100C004F0C6FA04460A4B0A4A0B490090284631
S2140100D005F0FEFD2046FFF7BBFF4FF4806003B03E
S2140100E0BDE83040FEF7ECBC283A002074580020EA
S2140100F0FDB703000C39040062B303000021024A75
S2140101000248FDF7FBBF00BF9D000100283A002012
S21401011008B5054B1B7823B11720FFF799FF002080
S21401012008BD0220FCE700BF7458002010B550B18E
S214010130054B00F1100250F8044B904243F8044B73
S214010140F9D1024B197010BD5A5800206A58002088
S21401015037B5174D04462B78DB0626D50090154B90
S2140101600020154A154905F0B3FD1E2C0BD0652C51
S21401017009D0032C19D0002023F0B7F840F61C4014
S214010180FFF766FF0DE023F0D8F84FF4FA63B0FBF3
S214010190F3F202FB1300C218FF21094892B220F0C5
S2140101A020FF2B7823F010032B7003B030BD00BF67
S2140101B07458002016B803000C39040062B303001B
S2140101C0283A0020014B1879704700BFEC510020F7
S2140101D070B54C4E8EB0337803F0FB02A3F10905DF
S2140101E0022AEDB258D0042B41F6041257D0A3F1DF
S2140101F008014B424B415B0013434348ADF80C30BA
S21401020021F0ABFA48B9414B3F4A03F1100153F8CC
S214010210040B8B4242F8040BF9D13D4B1B78002BA3
S2140102203FD03C4B0DF10E0203F1100153F8040BC5
S2140102308B4242F8040BF9D103A823F076F8232861
S214010240044610D1012D49D80020334A334905F020
S2140102503FFDBDF80C3003A823F40053ADF80C3075
S21401026023F063F80446002C41D14FF40C7023F0C0
S2140102705AF8044600283AD103F0FAFE012D36D882
S214010280274A01AB1068516803C3264901A823F029
S214010290A8F878B319242AE043F60412A7E7022344
S2140102A0AAE73378042B0DD0082B0BD01E4B0DF18B
S2140102B00E0203F1100153F8040B8B4242F8040BB3
S2140102C0F9D1B9E7104A0DF10E0302F1100152F807
S2140102D0040B8A4243F8040BF9D1ADE7337803F0F7
S2140102E0FB03022B03D10020104905F0F1FC204648
S2140102F00EB070BD044901A823F073F80446002827
S214010300C8D1F4E77458002048580020E3B8030029
S2140103106A5800205A5800200C3904003AB80300E5
S214010320F4B80300FC380400FDB8030095B80300D8
S21401033070B5002686B00446252022F0DCFF162282
S214010340002116480AF05CF8154B1E60154B18780C
S214010350FFF76AFD022814BF0123042303208DF84A
S214010360083023F016F804238DF810300E4B02A83F
S2140103700593039403F030FD05460C4B0C4A1968AF
S2140103800C4B3046A14208BF134600940A4A0B495B
S21401039005F09EFC284606B070BD00BFEC5100205B
S2140103A0483A002074580020910601001C61002084
S2140103B015B703001DB703000C3904000EB903007E
S2140103C008B5134A1378042B09BF124B01331B7867
S2140103D0C3F10603DBB2137003F0FD02092A04D150
S2140103E01720FFF735FE172008BD0A4A1278002AA3
S2140103F014BF052206229A4207D1074B1868002827
S214010400EED0FFF795FF4D20EEE70020ECE700BFAA
S214010410745800206A5800201861002073B51E4CDD
S2140104201E4E23683268134334D01D4B1B6853B3EA
S2140104301C4D2B783BBB03F091FFF8B94FF480605D
S214010440FEF724FB184B24681B7894B1C3F1020312
S2140104502B7003F047FD2046FFF76AFF0446002095
S214010460124B134A1349009405F032FC204602B0A1
S21401047070BDC3F1060334682B70EAE70121B4208E
S21401048004F0E6F8EAE70020094A0B4905F020FCEB
S2140104900224E4E70224E9E71C6100201861002039
S2140104A0EC3C0020745800206A58002056B903001E
S2140104B00C39040062B303003CB903002DE9F3478D
S2140104C0384D394E00202A792B88384905F000FC32
S2140104D03268287922FA00F010F0010002D134497E
S2140104E005F0F6FB334F3C783CB1082232493348DD
S2140104F00AF0D2FA041E18BF0124DFF8DC80DFF808
S214010500A490DFF8B4A014E098F800004946013042
S214010510C0B288F8000022F0E0FE002835D13C7811
S2140105203CB10822514625480AF0B6FA041E18BF07
S21401053001242A793368D340DB07E5D5002CE3D1C3
S21401054000922B881E4A1F49204605F0C1FB1E4B10
S2140105501878FFF769FC01230322124922F0C3FE33
S2140105601A4A054613780133137010B902B0BDE874
S214010570F08720462B46124A154905F0A9FB284666
S21401058002B0BDE8F047FFF763BD0020114905F052
S2140105909FFBFFF715FF0028E8D102B0BDE8F04742
S2140105A000F01CB8EC510020483A00205CB903006A
S2140105B08DB90300735800206B580020FA510020B3
S2140105C00C3904005CBA0300745800205858002007
S2140105D0FDB9030026BA0300475800202DE9F04173
S2140105E0214C224D2378002055F82330204A2149FA
S2140105F005F06EFBFFF7ECFD03461D4E1E4FDFF8C0
S21401060074802BB92378042B15D8B3B91B4B15E08E
S21401061032463946002005F05BFBFFF7D1FE00BBF2
S2140106202378324655F82330414605F051FBFFF753
S214010630CFFD0346E5E7092BE8D1114B00201B68E7
S214010640104A11491360114B187022F046FE20B172
S214010650BDE8F0410120FFF7FBBCBDE8F041FFF724
S2140106602DBFBDE8F08100BF745800202061002036
S2140106700C3904007CBA030089BA03001861002013
S2140106801C610020483A0020EC5100204758002009
S21401069070B51C4C23789BB3838913F4407F2FD00D
S2140106A0056835B12A46BDE870400020164905F0B8
S2140106B00FBB22F010FE154E03463070144A284632
S2140106C0144905F005FB33781BB1BDE87040FFF710
S2140106D085BF2378082B0CD8042B0CD80E4B1B781F
S2140106E0C3F1060323700D4BBDE870401868FFF791
S2140106F01FBE0A2BF2D1BDE870401820FFF7A8BC38
S21401070070BD00BF74580020B4BA030059580020C9
S2140107100C390400E1BA03006A5800201861002071
S21401072030B5464D03460446454A0020454987B044
S21401073005F0CEFA2B782BBB01A822F054FE02233B
S21401074001A88DF8043022F03CFEB0B93E4901A85C
S21401075022F039FE88B1152C0FD122F0EEFD47F2BA
S2140107603153B0FBF3F202FB130000F51C501030BE
S21401077080B203F0BFFB07B030BD162CFBD103F0EF
S214010780F3FBF8E7152C2AD100202D4A2F4905F056
S2140107909FFA2B78042B11D0082B0FD02C4B1B78EB
S2140107A0DA070BD401A822F0BAFD18B9BDF8043057
S2140107B09B0703D42B7843F010032B7022F0BDFD6A
S2140107C04FF4FA63B0FBF3F2FF2102FB1300C218E9
S2140107D0204892B207B0BDE8304020F002BC22F0BB
S2140107E0DEFD04460028C6D12B78013B092B1ED816
S2140107F0134A194905F06CFA184A19491378013356
S214010800D8B2107022F069FD60B12046154905F096
S2140108105FFAFFF7D5FD0028ADD107B0BDE830403F
S214010820FFF7DCBE07B0BDE83040FFF747BE40F635
S2140108301C4007B0BDE83040FFF70ABC74580020E2
S2140108400C39040005BB0300FC3804001CBB030084
S21401085046580020283A00202FBB030047580020A6
S214010860EC51002026BA03002DE9F0410B4686B074
S21401087004460E4617463A490246002005F028FA75
S2140108804FF000080123CDE901380DF1160300935E
S214010890424640230621204621F0FFFF054640B18F
S2140108A002463049404605F013FA284606B0BDE830
S2140108B0F0819DF816202AB936B900202A4905F09C
S2140108C007FAF2E7012EF8D082F00103002027494B
S2140108D08DF8173005F0FCF99DF817300DF1170665
S2140108E033B310230022CDE90063062140232046BE
S2140108F021F09EFF064630B1324600201C4905F025
S214010900E7F93546D1E74FB90821204621F0F2FD37
S21401091020B120469DF8171022F0CDF8052120467B
S21401092021F0E8FD0028C0D0204622F0C1F8BCE73F
S2140109304FB90821204621F0DDFD20B120469DF863
S214010940171022F0B8F810230022CDE90063062123
S2140109504023204621F06CFF06460028DED0CBE778
S2140109605EBD03007ABD030093BD0300B3BD030063
S214010970D3BD0300002208B5034B11461B681B6854
S2140109805879FFF771FF08BDB03D002008B5044B4C
S21401099000221B6801211B685879FFF765FF08BD17
S2140109A0B03D002008B5044B00221B6802211B68DD
S2140109B05879FFF759FF08BDB03D002010B5012357
S2140109C0002488B001A88DF80430CDE90244F5F77B
S2140109D06DFF20469DF80420124905F079F920465E
S2140109E0039A114905F074F92046029A0F4905F059
S2140109F06FF910220E4B0DEB0201188840F0604093
S214010A0040F48010FBF74AF920460A4905F07AF9C6
S214010A1004A822F0D0F82046074905F059F908B095
S214010A2010BD00BFECBD03000BBE03002ABE0300D1
S214010A30BC38040049BE030053E6030008B520F0A5
S214010A40BDFE0020024905F043F9012008BD00BFA4
S214010A5066BE03000023054A8360C360044BC0E9F9
S214010A60002311B14FF6FF730B807047491042AA5D
S214010A702830021110B5044660B10020064905F081
S214010A8027F9052C06D002F0CBF9044902460020CE
S214010A9005F01EF9012010BD7ABE03008BBE0300CF
S214010AA037B500216A4601AB054620F048FF0446EB
S214010AB068B100220F49104605F00AF902F0B0F9B4
S214010AC00D490246002005F003F903B030BD0B497D
S214010AD005F0FEF801201FF086FE01F099FF431C89
S214010AE002D007F09DFFF0E721462846FFF7A6FF54
S214010AF0EBE700BFB4BE03008BBE0300FCBE0300E1
S214010B0038B5054601F084FF044621F09BFF4DB140
S214010B1000200E4905F0DCF8631C14BF20460020B7
S214010B2007F040FF20F058FE0228044605D00128B1
S214010B3005D10020064905F0CBF8204638BD002037
S214010B40044905F0C5F80024F7E700BF19BF030004
S214010B5033BF03004CBF030008B50020034A044915
S214010B6005F0B6F8BDE8084000F050BDF6CE03002B
S214010B7065BF030008B50020034A044905F0A8F83C
S214010B80BDE8084001F0CAB984BF030065BF030091
S214010B901FB5D0E9023253F8223068461C78214648
S214010BA001F0D0FB684601F073FC28B922460449DF
S214010BB005F08EF804B010BD6846FFF771FFF9E73F
S214010BC08ABF03000020014905F082B8A6BF0300D2
S214010BD07FB50DF1060102A8FFF73CFF002026496C
S214010BE005F076F80020BDF80820244905F070F8D5
S214010BF00020BDF80A20224905F06AF8039A002071
S214010C00204905F065F800201F4905F07BF84FF6EE
S214010C10FF73BDF806209A4229D000201B4905F033
S214010C2057F800201A4A1B4905F052F800201A4AC4
S214010C301A4905F04DF800221949104605F048F802
S214010C400020154A174905F043F80A2200201649E4
S214010C5005F03EF80A220020144905F039F80A2268
S214010C600020134905F034F807B05DF804FB0020B6
S214010C70104905F02DF8D4E7B5BF0300CDBF03003A
S214010C80E6BF0300FFBF030018C0030023BE030036
S214010C90E09304002EC00300C02709004DC00300E6
S214010CA06CC003008BC00300AAC00300C9C00300C8
S214010CB0E7C003002BC0030008B50020034905F078
S214010CC007F8BDE80840012001F0FAB905C10300A4
S214010CD008B50020034904F0FBFFBDE808400020EA
S214010CE001F0EEB91EC1030030B5104B104D1B5C70
S214010CF085B08DF80F302B780446834206D00D4B15
S214010D000D4953F82020002004F0E2FF30232C7018
S214010D100A4801930DF10F0300930622802319213F
S214010D20007821F085FD05B030BD00BF23390400F1
S214010D307C5800203039040036C103007965002054
S214010D401FB5232303900193064803AB00930122AA
S214010D5080231921007821F06BFD039805B05DF81A
S214010D6004FB00BF7965002073B5164D04462B7849
S214010D70154ECBB120F051FD012815D0346040F658
S214010D80B244124B1B78072B17D02D78C5B920F02B
S214010D9044FD031E18BF01230D4800952246192164
S214010DA0007821F0C9F803E000233360002CE8D175
S214010DB0201E18BF012002B070BD02250123EBE7FB
S214010DC00025FBE7795800204C3A00207C5800208B
S214010DD07965002008B50448FFF7C6FFBDE808405E
S214010DE00220FFF781BF00BFC027090010B5064CDF
S214010DF0208821F061FE608821F05EFE6068BDE813
S214010E00104021F068BE00BF503A00207FB5232372
S214010E108DF813300DF11303029304230648019352
S214010E2005AB0093012280231921007821F035FDBE
S214010E30059807B05DF804FB796500202DE9F047B9
S214010E40DFF84C91044699F8000090460F4621F0D1
S214010E5033FB0B2899F8002005D9BDE8F0470020A0
S214010E603F4904F035BF00263E4B3F4D1E803F4BA9
S214010E70DFF820A103EB00135B8801202B802A7189
S214010E8004F04EFE05F0F6FE04F04AFE204604F09D
S214010E9047FE0123042C8AF800300BD8022C45D8D3
S214010EA09C4216D02346BDE8F0470020304A31491F
S214010EB004F00EBF062CF5D130462F4904F008FF8A
S214010EC0384604F02DFEFFF791FF97B18AF80060CF
S214010ED00FE04FF6FF76294F3888801B18BF012098
S214010EE004F01EFEFFF782FF3888B04201D021F0E1
S214010EF0E3FD19236B8099F8003000202B71204BFD
S214010F001B786B71EB8843F04003EB801D4B19880F
S214010F1021F07FFD034620B1224600201A4904F045
S214010F20D7FE4046BDE8F047FFF71EBF304604F047
S214010F30F7FDFFF75BFFFFF769FF21F0CCFD134BD1
S214010F401B78002B0CBF3F20202004F0E9FD042C69
S214010F50CFD14FF4806021F0AFFD3220C7E700BF4C
S214010F6049C103001052002014520020203C0020EA
S214010F7003AF030095C1030078C1030004520020AB
S214010F80786500201A650020AEC10300785800205D
S214010F90796500207958002038B5044605200D46AD
S214010FA0FFF7A2FE184B1A884FF6FD739A4207D137
S214010FB00020164904F08CFEBDE83840FFF70ABF52
S214010FC065B1134A13780133DBB2092B137014D9B8
S214010FD00A2200200F4904F07BFEEDE7012C0ED11A
S214010FE00B4B1D700C490D48FFF734FDBDE838402A
S214010FF0002101200A4AFFF721BF012CF2D0BDE8EB
S21401100038400748FFF7B0BE1A650020E8C1030064
S2140110107B58002013C2030004520020503A0020DF
S214011020E093040008B50649002004F051FE054887
S214011030FFF736FDBDE8084000210846FFF7ACBFC4
S21401104057C20300503A0020814237B50346154681
S21401105008D2002000910F4A0F4904F039FE002003
S21401106003B030BD0C1A224600200C4904F030FEB5
S21401107040F6BB5322460020094904F029FE4FF4EE
S2140110807A735C43074B01209C4294BF2C602B6013
S214011090E6E700BF03AF030068C20300A5C2030072
S2140110A0C0C2030080EE360010B504460820FFF7E4
S2140110B01BFE0D4B3CB91C700021BDE810400620FC
S2140110C00A4AFFF7BBBE1B78092BF5D90A22002076
S2140110D0074904F0FDFD0020064904F0F9FDBDE8CE
S2140110E01040FFF79FBF00BF7B580020C0270900B4
S2140110F0ECC203002DC3030073B51F4D2C7834B129
S21401110000201E4902B0BDE8704004F0E1BD022097
S214011110FFF7EAFDFF221A4E1A4B30781A7021F0BB
S214011120CBF90B2807D920463278174902B0BDE81B
S214011130704004F0CDBD154B1549009301EB00112D
S214011140012319224FF6FD70498805F037FA70B170
S2140111502046104904F0BCFD00220F4B0F481C70BE
S2140111600F4B1A7002B0BDE87040FFF7FDBD0124B9
S2140111700C492C70EEE700BF7A5800203EC30300EE
S214011180796500207865002049C1030089140100B3
S214011190203C00207FC3030079580020C0270900A7
S2140111A07B580020A5C3030038B5144D04462B78A0
S2140111B0052B21D91249FFF75DFC24B918B911494D
S2140111C004F086FD0424104B195D21B9BDE83840B2
S2140111D00846FFF769BF032C06D02B78052B03D0F2
S2140111E006200A4AFFF72AFE0021094B0846197015
S2140111F0BDE83840FFF7D0BE38BD00BF7C580020A0
S214011200503A0020C7C3030019390400C02709005B
S2140112107958002030B5044689B00720FFF764FDF1
S214011220052C0AD100222A4B03A91A7002A804AA87
S21401123001F0FEFD30B1022045E09CB90122244BAD
S2140112401A700224224D287878B1421E5042214954
S2140112505041FFF755FC022304462B70022C0ED199
S2140112600A200FE0022CE6D1EBE7631F5A424FF04B
S214011270050018495A4120F0D7FA0446EEE7032C38
S21401128004D10020FFF770FD09B030BD062C06D151
S2140112900020114904F01CFD01232B70E0E70F4AE2
S2140112A00F4B2878002C18BF13460E490E4A00949F
S2140112B0002808BF0A4600200C4904F009FD201E3C
S2140112C018BF0120400009B0BDE83040FFF76CBFF1
S2140112D077580020503A002002C40300FBC30300E5
S2140112E0F4C30300E3C30300EDC303003DC40300DE
S2140112F013B51F4C0620FFF7F7FC2278092A09D9F7
S21401130000201C4904F0E4FC042002B0BDE81040B3
S214011310FFF74ABF184B1B782BB300201FF087FA44
S21401132020F07BFA68B9FFF771FD144B196820F0BD
S2140113306BFA02460420002102B0BDE81040FFF718
S2140113407DBD01A820F067FAFF2809D14FF4FA60A5
S21401135023780133237002B0BDE81040FFF704BDC7
S2140113600198FFF7EDFC4FF4FA620320E3E700BFB4
S2140113707B58002058C4030078580020603A0020AB
S214011380F023F0B589B0CDE900033448802300226C
S21401139019210078324E334F21F04AFA00203249A3
S2140113A004F096FC3246394603A801F041FD0328B5
S2140113B004462E4D1CD10626039A2D49002004F022
S2140113C087FC0398FFF7BCFC0020396800F0ACFEF0
S2140113D02E7001F09FF900220446264B30461A7003
S2140113E0FFF782FC84BB09B0BDE8F040FFF780BF81
S2140113F028BB7268204904F06BFC214604A8FFF75D
S21401140029FB059B726893420BD020461B4904F0CA
S2140114105FFC072305202B7009B0BDE8F040FFF7FD
S214011420F9BE1A462046164904F052FC052300214F
S21401143001202B7009B0BDE8F040FFF7ADBD0020DC
S214011440104904F045FCF1E7042C05D0042009B04E
S214011450BDE8F040FFF7A8BE09B0F0BD79650020F1
S214011460503A0020603A002090C403007C580020C7
S214011470C1C403007B580020FCC4030035C503002B
S21401148089C50300C5C50300F7B504468768002073
S2140114902378364D012B287004D0354B354918700A
S2140114A004F016FC26785EBB334B1B78FF2B04D169
S2140114B003B0BDE8F040FFF78DBC304B1B78032B23
S2140114C011D82F4C0320FFF70FFC6946208821F026
S2140114D04EFF002843D02B49208805F0EDF820B1B7
S2140114E02E70FFF777FC03B0F0BD0124204B264990
S2140114F01C7004F0EDFB0320FFF7F6FB2C70F2E7FF
S214011500012E25D13B78002BEDD01B4D2B78FF2BE0
S214011510E9D1A68802F04AFF864206D100201B497F
S21401152003B0BDE8F04004F0D3BB194BA2881B788A
S2140115303BB132B11749002003B0BDE8F04004F0DA
S214011540C7BB7B6814491B782B700D4B1A80F2E7DA
S214011550032E08D108226846A16808F0A3FF684652
S214011560FFF70EFFBFE700232B70A1E77958002095
S2140115707A580020E0C50300786500207C580020DA
S2140115801A65002089140100A5C3030000C60300E4
S2140115907658002026C6030051C603007FB5094BC6
S2140115A01A78FF2A0AD1187001F088FB0022064B30
S2140115B00DF1060102A81A80FFF74CFA07B05DF894
S2140115C004FB00BF7965002002520020152838B5BB
S2140115D017D10C4B1D78A5B921F0AFFEC4B2012C72
S2140115E038BF01240120FFF77FFB28462246064923
S2140115F004F06EFB4FF47A706043BDE83840FFF7A5
S214011600B3BB38BD7C5800206EC60300034B1B7865
S214011610022B01D8FFF770BD704700BF7C58002031
S21401162070B5284C20F0F4F82578274EBDB100207F
S214011630264904F04DFB264A137801331370002324
S21401164023703378062B0AD1BDE87040214B186809
S214011650B0F5FA6F38BF4FF4FA60FFF785BB337801
S214011660013B082B2CD8DFE803F005090D2B1319D5
S2140116701D222700BDE87040FFF7C8BFBDE87040D7
S214011680FFF73ABD00232370BDE87040FFF7A2BB09
S2140116902946BDE870400120FFF77EBCBDE87040DA
S2140116A0FFF726BE0220BDE87040FFF7B3BD01205C
S2140116B0BDE87040FFF7F8BCBDE87040FFF7B2BC6C
S2140116C070BD00BF795800207C5800209DC60300DD
S2140116D07B5800204C3A002010B90520FFF764BD66
S2140116E0034B1B78062B01D1FFF79ABF704700BF4B
S2140116F07C5800202DE9F0478E68054633189A7805
S2140117000C46092A8EB008D90020A34904F0E0FA55
S214011710852420460EB0BDE8F08750B98B899F49D5
S214011720895C8B4205D200919D4904F0D1FA802450
S214011730EFE79C4BE7881B889F4236D09A49097889
S214011740012932D932B13A460020984904F0C0FA4C
S2140117507E24DEE7964B1A70934B26791B78052B71
S21401176003D0012B3AD8FFF751FF5EB93146204628
S21401177021F0C6FA0346002851D030468D4A8E49DC
S21401178004F0A6FAD4F80880A48998F8037098F8AB
S2140117900450002E4CD13046884A894904F098FA04
S2140117A000210120FFF7F8FB4FE00021804B197064
S2140117B0072A00F28A8301A353F822F05917010081
S2140117C00719010007190100191B0100191B010067
S2140117D0191B0100AF1D0100AF1D0100022B17D11F
S2140117E002F0E4FD8742B3D00020764A764904F041
S2140117F06FFAFFF781FC46BB3146204621F080FA9E
S214011800034610B36B4A6C49002004F061FA1CE0F1
S2140118106E4A00206E4904F05BFA012479E7A3685A
S2140118201B78DA06AED432466A4904F051FAA9E7C3
S21401183000210AA8FFF70EF9032F08D95F4B664A65
S21401184066490097002004F043FA002461E76B1E06
S214011850632B04D9594B604A61490095F2E7614B05
S214011860E4B2DB5D9C4209D0CDE901430020534B35
S214011870594A5D49009704F02BFAE6E757B3A4B23C
S21401188022460521404621F054F9BDF8283083420E
S21401189003D04A4B554A5649B6E7012F1AD022467D
S2140118A00721404621F045F9BDF82A30834203D08E
S2140118B0424B4E4A4F49A7E7032F0BD12246092137
S2140118C0404621F033F90B9B984203D13B4B474AE4
S2140118D0494999E7642D3FF463AF21F02EFD642357
S2140118E0C0B2B0FBF3F203FB12030133DBB29D423D
S2140118F0BFF456AFCDE900530020304B3B4A3F4979
S21401190004F0E6F9A1E7284B1B78052B01D03C4AE9
S2140119107FE7EB1CDBB2277BF45C44B12346002057
S214011920374A384904F0D4F900210C460BE00F2F52
S2140119300DD81023204634490093314A3B4604F023
S214011940C7F9802401210020FFF726FBE1E60435D4
S214011950EDB220462A4A2D4904F0BAF97A1B7119CC
S214011960D2B206A81FF067FF05443A46E9B23046F0
S21401197021F0DCF8264D069A2B68264F9A423860ED
S21401198001D100284AD1244900201D4A04F0A0F9BB
S21401199085240121D7E700BFBAC603005C390400DD
S2140119A0D2C603001A6500207C58002001C7030038
S2140119B07958002077C703007FC7030007C80300D4
S2140119C01CC8030045C7030052C70300A7C703008E
S2140119D0B4C70300D1C7030031C8030039C80300E8
S2140119E053C803001F39040071C80300C6CC0300A6
S2140119F0ABC80300D5C80300FDC8030024C9030013
S214011A0058C9030072C90300A1C90300B8C903007D
S214011A10503A0020603A0020E1C9030000F08EFF32
S214011A203E68B0420AD200F089FF9D49034632461D
S214011A30204604F04DF98924012184E7079A6B6852
S214011A409A4205D12046974A974904F041F96BE737
S214011A509649097859B19A4209D22046944904F028
S214011A6037F996210620934AFFF7E8F95CE7924A90
S214011A70924905A801F0DCF9079E48B96A689642C2
S214011A8006D88F4904F024F90520FFF7C3FB40E68A
S214011A90324600208B4904F01BF9396800270020E4
S214011AA000F042FB00206E60FFF74AF9864B0620E5
S214011AB01F80FFF719F9854B1F7001F0B1F9064633
S214011AC0F8B94FF6FF73824A0AA81188994214BFE3
S214011AD013463B466A88298801F012F90AA800F0E5
S214011AE0D7FC58B10AA801F0DDF938B1304679497A
S214011AF004F0EEF80420FFF757FB0AE6FFF7F8FBC1
S214011B0007E6042805D1744B1921187820F02BFA22
S214011B10FFE538467149EBE7714B1B78062B01D080
S214011B20704A76E6DFF8A0A1EB1C94F80C90BAF8A0
S214011B300080DBB22EB930466B4904F0C9F8872421
S214011B40E7E5F75C2C1D972FE4B22FD025D8812F1F
S214011B5071D0952F67D017BBB9F1100F7FF6E7AD9F
S214011B6031194A460AA81FF066FE0444E4B221462B
S214011B704A46304620F0DAFF231DDBB2053416F85C
S214011B8003A0E4B2A9EB04035345054666DA0093C5
S214011B9038465346534A5549C7E5982F43D03B46E6
S214011BA00020504A524904F093F8C8E7B9F10A0FE9
S214011BB07FF6BDAD1FFA89F721463A46304620F03A
S214011BC0B5FF05F1080104463A46C9B2304620F091
S214011BD0ADFF0AAA01462046FFF736FA08B9454B7B
S214011BE00A93B9F10C0F12D905F10C013A46C9B2A4
S214011BF03046DDF8288020F09CFF044602463E4928
S214011C00002004F065F8AAF8004044440A940A9CAF
S214011C103A492246002004F05BF82046FFF7A4F874
S214011C201FF001FE11E63649002004F051F80320AA
S214011C30FFF7BAFA09E6334C23786BB11FF0E6FDDD
S214011C4050B10020304904F043F8002323701FF000
S214011C50EAFDFFF74DFBF8E52C49E5E7DFF8A49030
S214011C6099F8003043B9FFF7D1F88542034607D00B
S214011C701C4A27490095E5E51FF0CFFD0128F2D162
S214011C8010220D480AA908F007FF10B9BAF13F0F54
S214011C9042D9144A1F49002004F01AF84FE700BF42
S214011CA000CA030058C9030038CA0300755800204B
S214011CB06DCA0300C0270900503A0020603A002090
S214011CC0FCC40300AECA0300025200207B58002069
S214011CD004520020D0CA030079650020EFCA030031
S214011CE07C58002015CB03002ACB030057CC0300F9
S214011CF039CC0300E093040065CB030090CB0300CE
S214011D00AFCB030078580020CBCB03000ACC0300EE
S214011D1093CC0300CFCC03006D4B187099F80030BC
S214011D204BB11FF073FD30B128461FF072FD042839
S214011D3007463FF48AAD5146284632191FF0ACFEDD
S214011D4028B10020634903F0C3FF042070E799F827
S214011D500030554463B11FF059FD48B1FF2FF4D050
S214011D60012F3FF472AD032F16D11FF05AFD054621
S214011D702846FEF7E5FF04460246052156481FF0B1
S214011D8081FD564B1B689C420AD320461FF07FFEFE
S214011D900520FFF73FFA58E51FF041FD8046E7E7CB
S214011DA04046FEF7E1FF00287FF44FAD51E74C4B6C
S214011DB01B7803F0FD03082B01D04A4A29E5A489C4
S214011DC035B1F27822B10020474903F081FF2EE7B2
S214011DD0E4B22246F11C0AA81FF02DFD434BBDF8C4
S214011DE028201988054691420DD04FF6FF718A4288
S214011DF009D03C4A00203E4B3E4903F083FFBDF824
S214011E0028203D4947E7BDF82A20598891420CD041
S214011E104FF6FF718A4208D0324A0020374B3549C7
S214011E2003F070FFBDF82A20EBE70B9A5B689A4235
S214011E300AD0013208D02B4A2E490020304B03F03D
S214011E4061FF0B9A2F4926E7A4B2E91C2246C9B2C4
S214011E50304620F06BFEE91DC9B2074622463046E1
S214011E6020F064FE431C014606D10820FEF73CFF25
S214011E702548FEF779FFE8E4384606AAFFF7E4F8B6
S214011E80A8B9214B0693214B00221978204B1878CC
S214011E901FF0ADFC069C2046FEF766FF224600209A
S214011EA01C4903F015FF0920FEF71EFFCDE440F69E
S214011EB0B733069A9A42E6D840F6B8320020164959
S214011EC003F006FF40F6B833DCE7812421E400BFC7
S214011ED07B58002002CD030025CD0300603A002088
S214011EE07C5800202ECD030043CD0300503A00203D
S214011EF0C5C803006ACD030023BE0300EFC8030074
S214011F0085CD030082D5030080EE3600786500207B
S214011F1079650020BDCD030092CD030008B50420ED
S214011F20FFF742F90020FEF7DFFE0023054A1921DC
S214011F301370054A1370054B1878BDE8084020F069
S214011F4012B800BF795800207A5800207965002021
S214011F5010B5164B164C1A78164B002053F8222053
S214011F60154903F0B5FE2178144B154A00200029C7
S214011F7018BF1A46134903F0ABFE23782BB1124B58
S214011F8000201A68114903F0A3FEFEF73FFF04463E
S214011F90FEF73CFF0E4B19681FF067FC2246BDE8B2
S214011FA0104003460B49002003F092BE7C580020E7
S214011FB07958002030390400D9CD0300AFD403008E
S214011FC090D40300E6CD03004C3A002000CE030077
S214011FD0603A002019CE030038B5014604460020B9
S214011FE0FFF788FB054698B1E37C00200A4A0B49B7
S214011FF003F06EFE2379042B0AD02946204620F0F2
S2140120007FFE034620B10020054A064903F060FE24
S2140120106FF0FF0038BD00BF03AF030041CE0300E1
S21401202077C703007FC7030010B51346094A127825
S21401203082420DD163B1084A002014680A46074956
S21401204003F046FE2146BDE810400120FFF752BBD3
S21401205010BD00BF79650020B03D002063CE0300AF
S21401206010B50D4B1C782CB1BDE8104000200B4973
S21401207003F02EBE6420FEF763FE4FF6F0716FF09C
S2140120800F02074B0320C3E9001222462146BDE892
S2140120901040FEF7D3BE00BF7C5800209CCE030044
S2140120A0503A0020014B1870704700BF7858002046
S2140120B000210620014AFEF7C1BE00BFC027090065
S2140120C0014B1870704700BF75580020114B2DE961
S2140120D0F04107460D4618680F49101A09681FF0A7
S2140120E0C4FBDFF840800D4E98F800400346FF2CF5
S2140120F0307004D0A8420AD32C44A04207DB3A46EB
S2140121000020074903F0E4FD337888F80030307882
S214012110BDE8F081683A0020643A00207D5800202E
S214012120CACF03007A65002050EA010208D0FF22D8
S214012130054B091A1A70054B1860054B1960704754
S21401214011461046FFF7C2BF7A650020683A0020A4
S214012150643A00202DE9F04FAFB006AD284600F0F6
S214012160FDFD0026624FDFF8D091284600F090F979
S214012170044648B900F0BEFD5E490246204603F01B
S214012180A7FD2FB0BDE8F08F39460020F2B203F06C
S2140121909FFD284616A900F0FFFD044620B15649CA
S2140121A0002003F095FD8FE0BDF85820534903F059
S2140121B08FFD49462046BDF85A2003F089FD20468A
S2140121C0BDF85C204E4903F083FD2046BDF85E2035
S2140121D04C4903F07DFD2046BDF860204A4903F0D6
S2140121E077FD2046199A494903F072FD2046BDF84D
S2140121F06820474903F06CFD204646490DF16A0206
S21401220003F066FD44492046239A03F061FDBDF8BC
S2140122105C30D90705D520469DF890203F4903F04C
S21401222057FDBDF85C309A0714D500203C4903F0F1
S21401223069FDBDF85830B3F5807F4FD1002020F0FE
S214012240BFFC18B10DF1910003F0C4FC0020354924
S21401225003F03EFDBDF85C305B070BD50020BDF8F2
S214012260B220314903F034FD0020BDF8B4202F49D7
S21401227003F02EFD062228460DF116030AA91FF0CB
S21401228023FB044690BBBDF81620294903F020FD28
S214012290DFF8A8A0DFF8A8B00DF12808BDF81610E1
S2140122A0A2B2914210D9B8F800205146002003F09E
S2140122B00FFD0134D8F804205946002003F008FD2C
S2140122C0062C08F10808E9D16C46204600F05AFDB4
S2140122D094E80F00013685E80F0046E70123202227
S2140122E000200DF1910103F057FCAFE7114957E7C4
S2140122F0DCCF0300A9D10300E5CF030009D003001A
S2140123003DD0030056D003006FD0030088D00300F1
S214012310A1D00300BAD00300CFD00300EBD0030056
S21401232004D1030053E6030017D1030030D10300A4
S21401233049D103007CD1030022D003005AD1030007
S2140123406AD103002DE9F04188B004AD0446284661
S2140123508846002700F002FD6E46474507D195E8FE
S2140123600F0084E80F00204608B0BDE8F081304633
S21401237000F008FD96E80F0085E80F00284600F0FB
S21401238087F801370028E8D1014B0FCBE9E700BFFA
S214012390B03B04001FB5D0E9023253F8223068463C
S2140123A01978FFF7CFFF684600F07CFD48B1042896
S2140123B009D1074A0020074903F08AFC05B05DF8F9
S2140123C004FB054AF6E70020044903F081FCF5E723
S2140123D04BDB0300C4D10300FBD40300D0CA0300C7
S2140123E010B5D0E9023203EB8201496853F8223076
S2140123F098B00C6804A81978FFF7A4FF03AB402235
S2140124000093214608AB04A800F0E2FC024628B17E
S21401241000200E4903F05CFC18B010BD039808A913
S21401242000F007040122C0F3C70003F0FBFB039989
S21401243008A8091B0144064801232246008803F028
S214012440ABFB044803F0E4FBE6E700BFD4D103008E
S2140124502052002053E60300F0B504460D460B4B10
S214012460EF880FCB84E80F00AB882E899B0741BF0E
S214012470D5F83900D5F83D1004F1080303C3EA681E
S2140124802046278066806260F0BD00BF6839040080
S214012490102208B5034908F0FFFA003818BF0120DA
S2140124A008BD00BFB03B040008B521F0A4FBC288FC
S2140124B0FF219208012A38BF012202481EF091FD31
S2140124C0012008BD783A002038B5134690B10120A6
S2140124D0274A1070274A00201160274A13600A46CF
S2140124E0264903F0F5FB02F043FB254B187002204A
S2140124F002F044FB21F09AFBE8B91D4D1D4C2B78E8
S2140125002BB921F078FB2268C368134423601A4B69
S21401251024681B689C4229D221F06DFBC1682046C5
S21401252006F022F8002402462C7050B921F07EFBFA
S214012530FFF7BAFF03E0FFF7B7FF0028DDD0012061
S21401254038BD20460F4903F0C3FB0D4B187802F047
S21401255015FB00200C4903F0BBFB00F091F908B90C
S21401256000F0AEF92046FFF7B7F8E8E70124ECE7FC
S2140125707F580020703A00206C3A0020FBD10300FF
S2140125807E58002027D2030047D2030038B500F05A
S2140125904BFA044600F042FA241A21F02CFB0546B9
S2140125A018B9B1211B4826F04FFDAB8803F0030391
S2140125B0032B03D0B221174826F046FD00F02EFA71
S2140125C005461FF0F4F901238340013B2B4203D05B
S2140125D0B421104826F038FD1FF0E9F901238340A5
S2140125E0013B234203D0B5210A4826F02DFD05F014
S2140125F091FD05461FF0DBF94FF48063B3FBF5F35D
S214012600C440A34205D2BDE83840BA21014826F0AD
S2140126101BBD38BD5DD20300FF2108B504481EF07E
S214012620F1FCBDE80840002211461046FFF74CBFFA
S214012630783A0020F7B504460E4600F089F80546BC
S21401264021F0D9FAC3682B449C4220D31FF0AFF97E
S2140126502C44C440013C114F3B68DEB1A34219D162
S21401266001340023ADF8043000F0E4F9054605F026
S21401267051FD103504FB005405F04CFD01A902463E
S214012680204605F099FD1FF0A2F9386004E04FF0EE
S214012690FF34E0E7A342E4DB03B0F0BD4C61002069
S2140126A04FF0FF320A4B10B51A600022094B1A7020
S2140126B000F0B4F9044600F0B7F9214602460120BD
S2140126C0FFF702FF00280CBF0120042010BD00BF49
S2140126D04C6100208058002038B500F0D1F808B9C8
S2140126E0002038BD094D0A4C2B7823B91FF06FF92D
S2140126F0012320602B7024681FF059F901348440AF
S214012700EED000F025F82044EBE700BF805800200B
S2140127104C61002070B50D4C2368002B01DA0120B6
S21401272070BD00F07BF9054621F065FA2468C6689D
S2140127301FF03DF9013404FA00F1294401208A19F9
S214012740FFF7C2FE0028EAD00420E9E74C6100202A
S214012750024B18680C301FF06AB900BF50610020A8
S214012760FF2307B50021044A04480093FBF790FCB9
S21401277003B05DF804FB00BF19260100783A00207B
S2140127800E4B70B51C680546036804F582641C444C
S2140127900E46FFF7DDFF2B68834208D232681A44E3
S2140127A0824208D9C31A012033602C6070BD044AE6
S2140127B0126813441C1A0020F7E700BF506100207E
S2140127C0743A00202DE9F04FB3F5803F87B00F46ED
S2140127D09846019003D3002007B0BDE8F08F03A907
S2140127E004A8CDE90332FFF7CBFF0024824600F1AF
S2140127F00109DFF888B05FFA89F9019BDDE9035624
S214012800AAB27BB13046109921F0FCF90028E2D13A
S214012810B9F1020F2BD1DBF800300493019B03BB07
S2140128202F4421E03946304605F0C6FC0028D2D1B7
S214012830BAF1000FECD0002CEDD105F06BFC2E4464
S214012840B6FBF0F303FB10600028E4D005F062FC51
S21401285005A902463046059405F0AEFC0028DAD0FC
S214012860B9E7109B2B441093A8EB05050395631C51
S2140128704B454FF00104C0D32046ADE7743A002023
S2140128807FB56B460C4A1068516803C390680C22EA
S21401289018600A4B0DEB0201186821F0B3F90C22FF
S2140128A068460DEB020108F0F7F8B0FA80F040092F
S2140128B007B05DF804FB00BF7839040050610020C2
S2140128C01FB5084A01AB1068516803C3906801A997
S2140128D01860054B0C22186805F06EFC05B05DF813
S2140128E004FB00BF7839040050610020F7B50446A8
S2140128F015460E4681B9072A03D80024204603B0A0
S214012900F0BD0D4B80791968E379063000EB0320A2
S2140129100C3180B21FF095F8002721462B4632462F
S21401292038460097FFF74EFF04460028E5D03946A3
S2140129307019FFF77FFEE1E750610020024B18682F
S214012940A0F50060704700BF5C61002010B58AB03A
S214012950684606F015F810F0FF0027D1009BFBB182
S214012960174C01A9206005F083FF10F0FF001DD170
S2140129702268009B9A4204D34FF4DD71114826F079
S21401298063FB019B104A11491360029A13440B60C2
S2140129900F49A3F500630A600E4A1360009B63B9F2
S2140129A040F2CF11074826F04FFB06E0044A0346E3
S2140129B012680020084903F08BF90AB010BD00BF69
S2140129C05461002010D30300743A0020586100209F
S2140129D05C61002050610020B8D3030008B5FFF702
S2140129E0B5FF21F008F950B121F005F9064B02694F
S2140129F01B689A4203D2B321044826F025FBFFF751
S214012A00C5FD012008BD00BF5C61002010D3030096
S214012A10014B1868704700BF54610020014B1868CD
S214012A20704700BF743A0020014B1868704700BF1A
S214012A3058610020014B1868704700BF50610020A4
S214012A4010B5FFF749FE04462849002003F040F977
S214012A500020274903F03CF90020264903F038F905
S214012A600020254903F034F9244B00201A68244934
S214012A7003F02EF922462349002003F029F9FFF737
S214012A8067FE21490246002003F022F91F4B002071
S214012A901A681F4903F01CF91E4B1F4C1A680020C8
S214012AA01E4903F015F9226800201D4903F010F9AC
S214012AB04FF4806200201B4903F00AF922680020C7
S214012AC01949103203F004F92268002017490C3224
S214012AD003F0FEF822680020154902F5826203F031
S214012AE0F7F8BDE8104005F049BA00BF37D4030037
S214012AF074D4030093D40300B3D4030054610020BC
S214012B00DED40300FDD4030020D50300743A002070
S214012B1043D50300586100205061002066D50300AC
S214012B2089D50300ACD50300CFD50300F2D5030049
S214012B3015D603002DE9F04194B004460D46002059
S214012B40482102AA1EF08EFF18B9534903F0C0F8B7
S214012B5019E060220021204607F052FC04224F496A
S214012B6002A807F099FF90B16DB19DF80B300020D7
S214012B7001939DF80A309DF80820009348499DF876
S214012B80093003F0A5F8012014B0BDE8F081BDF8C6
S214012B900C20B2F5807F228003D0424903F098F8DA
S214012BA0F1E7BDF81420BDF80E102281DDF81620DD
S214012BB06180E2600499BDF81A206160228284F87F
S214012BC0320007AD04F112020FAE2B4603CBB3421F
S214012BD0106051601D4602F10802F6D10F9B324A81
S214012BE063631360314B10221846002107F008FC7E
S214012BF0E288A388028022894280E26842600BB99B
S214012C000020C1E700263546A388D90709D536B185
S214012C1005F150026A4412F8482C84F83820013530
S214012C20EDB29A0714D520881EF032FE07466EB123
S214012C3002AB03EB05080246414604F1390007F0F2
S214012C406FFD3A4641461A4807F06AFD2F44FDB229
S214012C50A3885B070DD556B105F150036B4433F8D5
S214012C60482C33F8463CA4F85A20A4F85C300435C6
S214012C70EDB2002EC4D1482D02D930460D4965E784
S214012C802946382002AA1EF0EDFE08B90A495DE77A
S214012C9038250126B8E700BF38D60300843904007A
S214012CA06AD60300A0D60300983A00209C3A00207A
S214012CB0A43A0020BBD603000BD7030030B50B4C5B
S214012CC099B025786DB9FFF789FE68B1294668463F
S214012CD0FFF730FFB0FA80F0054B4009187001236A
S214012CE02370002019B030BD0120FBE78158002079
S214012CF082580020014B1878704700BF8258002088
S214012D0070B51E46134B044618881D46884298B077
S214012D1002D15B88934206D00F4B0FCB84E80F009D
S214012D20204618B070BD96B100216846FFF702FF35
S214012D300028F1D1BDF804305B0708D53388BDF80B
S214012D405A209A42E8D8BDF85C209A42E4D395E826
S214012D500F00E3E79C3A0020B03B0400064B10B599
S214012D601B7804462BB9054B0FCB84E80F00204691
S214012D7010BD034BF8E700BF82580020B03B0400AB
S214012D809C3A002010B50446024B0FCB84E80F0096
S214012D90204610BDB03B04000B4B10B51B78044613
S214012DA008467BB10021FFF7C5FE48B9102221462F
S214012DB0064807F071FE003818BF0120C0B210BDEA
S214012DC00120FBE70120FAE7825800209C3A002008
S214012DD02DE9F0410E4690460E4910221F4607F097
S214012DE05BFE044670B90C4B3A461D683046AD1B77
S214012DF0454528BF454629461EF034FE28B90749F1
S214012E0002F066FF0120BDE8F081069B20461D60AA
S214012E10F9E700BF9C3A0020983A00200BD7030040
S214012E200022024B1A70FFF73BBC00BF82580020FD
S214012E302DE9F0419CB00F4616468046FFF74CFC44
S214012E40054602461549002002F042FF382D20D9DA
S214012E50012104A8FFF76EFE0446D0B9119B04A910
S214012E603B606F463846FFF7F7FA97E80F0086E8AB
S214012E700F00119BAB4297BF01210324084AC8F8F3
S214012E80003094BF1170C8F8005020461CB0BDE851
S214012E90F0810022024B01241A70F6E73DD70300A9
S214012EA08258002070B5084D00262B7853B1FFF7E5
S214012EB0F7FB04461022002104482E7007F0A0FA02
S214012EC0204670BD3446F5E7825800209C3A002023
S214012ED008B50020064902F0FBFE064B00201A78D2
S214012EE0054902F0F5FEBDE80840FFF7A9BD00BFA1
S214012EF05CD703008258002086D7030003460120D2
S214012F00024AC3E9032000221A7070470100FEFF3F
S214012F102DE9F0410024264E264FDFF8A88088B020
S214012F2000F0D4F9A5B2854202D308B0BDE8F0811D
S214012F30284603A91EF0CCFDA2B23146002002F0BD
S214012F40E1FE9DF80D2012B39DF81210BDF8103069
S214012F50402914BF6E2179210020CDE90031394680
S214012F60BDF80E3002F0CEFEBDF814201AB10020D6
S214012F70114902F0C7FE9DF80C00BDF8182070B983
S214012F80079B0E490093BDF81A3002F0BBFE0020E5
S214012F900B4902F09DFE013426F063F8C0E7BDF848
S214012FA01C304146009300209DF81A30EDE700BF23
S214012FB09FD70300A5D70300C8D70300D2D70300C5
S214012FC053E60300F9D7030010B500F0ABFABDE8ED
S214012FD010400346024A0020024902F079BE00BFB3
S214012FE021D8030058A00300D0E9023253F822305A
S214012FF010B5188800F086FABDE810400346024A6C
S2140130000020024902F064BE27D8030058A003003E
S21401301010B5D0E90232002486B08DF8044053F88A
S214013020221003EB8203097801A88DF805105A686F
S2140130301288ADF806209A681288ADF80820DA687A
S2140130401278ADF80C40A24214BF402280228DF8BF
S2140130500A201A691288ADF810205A699B691288ED
S214013060ADF812201B68059300F0D0FB034A034617
S2140130700349204602F02CFE06B010BDC3B603007D
S21401308058A0030038B50024064D25F0D6FF45F8B4
S21401309024000634C02CF8D10020BDE8384002498F
S2140130A002F016BE801000202ED8030030B5002096
S2140130B087B0204902F00CFE00201F4902F008FEEE
S2140130C000201E4902F004FE25F0B7FF0024054645
S2140130D0A0B201A901341EF0FBFC202CF8D125F08A
S2140130E0ACFF1749421B002002F0F2FD15490020F3
S2140130F002F0EEFD25F0A1FF0446012000F09EF847
S21401310025F09BFF0E49021B002002F0E1FD0E494F
S214013110002002F0DDFD25F090FF04461EF0C9FCFC
S21401312025F08BFF021B0020054907B0BDE83040A3
S21401313002F0CEBD5AD8030089D80300B9D80300DF
S214013140D6D80300E5D80300FFD8030010B50C4617
S21401315003F022FD08B9032C12D101F0FFF8042870
S2140131600ED001F0FBF805280AD0064802F060FCF4
S2140131701C2801D11FF04AFCBDE8104002F068BCD3
S21401318010BD00BFBD1A03002DE9F04F00274FF018
S214013190FF36DFF8A4B0264C87B0BBF80030B8B2D3
S2140131A0834209D8731C3BD03246FF21214807B021
S2140131B0BDE8F04F1DF015BF01A91EF089FC9DF872
S2140131C0050001F001FFF8B19DF80480B8F1000F89
S2140131D01AD1BDF810A0BDF8129025F02EFF1821C7
S2140131E00246BBB24B43E018E158007C4FF47A73B9
S2140131F0A2EB010C50B103FB0AF363450ED30B445B
S214013200981A864228BF06460137C6E74D466B43E5
S214013210FAD06345F5D31944881AF2E74046F0E739
S214013220FF21044807B0BDE8F04F1DF0EBBE00BF1C
S21401323080100020AC3A0020065200202DE9F04113
S214013240014688B058B1022810D01EF05BFC78B356
S214013250D221194808B0BDE8F04125F0F5BEFF239C
S214013260164A17480093FAF713FFEEE700244FF0CB
S21401327001082746134EA5B2284603A98DF80D70FE
S2140132801EF026FC9DF80D0068B101F09DFE20B1F0
S2140132909DF80C300BB986F810800134202C06F10D
S2140132A01806E8D12546084B1D80FFF76DFFCCE7D1
S2140132B008B0BDE8F08100BF1FD90300F135010059
S2140132C0AC3A00208010002006520020014B1888DE
S2140132D0704700BF065200202DE9F04F634A077D74
S2140132E089B004466249002002F00CFD00201FF060
S2140132F067FC20B12368218A588803F09BFC0020D4
S2140133005C4902F0E5FC637DDFF87491002B2368CD
S21401331008BF08205988574B18BF00200093228AFF
S2140133204FF0090314BF4FF080084FF0400802F039
S2140133302FFBA289BB1C93420CDB1FF0DBFC034670
S21401334020B100204C4A4D4902F0C2FC012009B0D0
S214013350BDE8F08FA068791C89B2C55D1FF0E9FB56
S2140133600337012D0646BFB213D823683246598863
S2140133705879238A009343461FF023F88246002893
S2140133803ED1862002F0CCFB284602F0C9FB30462F
S21401339068E08520F6E703A91EF09AFB9DF80C303D
S2140133A0AB4223D123689DF80D105A7991421DD165
S2140133B0BDF80E105A88914218D1BDF81020B242BD
S2140133C014D19DF81220424510D1BDF81410228A5E
S2140133D091420BD1002D38D0BDF81810E2889142E9
S2140133E004D19DF81A201B799A422ED00BF1010BBD
S2140133F0B9F800305FFA8BF08342CCD88B20C1E756
S2140134004FF0000BF4E79AF8020002F089FBBDF8D2
S21401341018001FF051FBBDF81A001FF04DFB9AF87B
S214013420020003F027FE002883D19AF8020001F07B
S2140134309DFC0546079E002D3FF47BAFF0B2013D93
S21401344002F06EFB360AEDB2F5E7002002F068FBEB
S214013450284602F065FB30461FF02EFB012DD2D127
S214013460BDF81C001FF028FB63E700BFAED90300C0
S21401347080CD030053E60300BBD90300D8D903006F
S214013480065200202DE9F04391B0694680461EF0B1
S2140134901FFB0023194F8DF801303888431E98B260
S2140134A08045388009D1694640461EF019FB6846BA
S2140134B01EF0FDFA11B0BDE8F0834FF0180905A91A
S2140134C01EF006FB0E4C3E880AAD09FB06460FCEE3
S2140134D00FC596E8030009FB084485E803000AAE19
S2140134E0404605A91EF0FCFA0FCE0FC495E803006E
S2140134F084E8030069463888D7E700BF06520020F3
S2140135008010002008B5064B1B88834205D9FFF7BB
S214013510B9FFFFF739FE002008BD2720FCE700BFF2
S2140135200652002038B5074D2C882CB9FF210648D5
S2140135301DF068FD204638BD601E80B2FFF7A2FF71
S214013540F2E700BF06520020AC3A00202DE9F3470F
S2140135509A4618239DF82890244FCDE9001203FBC4
S21401356009731446D3E902231FF0A3FC064620463E
S2140135700D4603F07FFD04F0FD03382B80460FD186
S214013580009432462B460021DAF810001EF0CBFAE2
S214013590B8F1010F1BD135431ED102B0BDE8F0874B
S2140135A0392CDAF810300BD107EE906A07EE103A94
S2140135B0F4EEC77AF1EE10FAACBF01200020E7E77F
S2140135C09E4275F100032CBF01200020E0E7B8F110
S2140135D0000FE2D10028E0D0182303FB097701236E
S2140135E03B7402B0BDE8F047FFF7CEBD8010002067
S2140135F02DE9F04F00252E46A846AA462C46DFF8B0
S214013600BC91D1B0694BA8B21B88834209D81CB1C2
S21401361061882079FFF79AFDFFF7B6FD51B0BDE846
S214013620F08F0BA91EF054FA25F007FD1823AFB250
S2140136307B4309EB030B59F8033005909DF82D00E9
S214013640049301F0C1FC002800F0AE809DF82C1018
S214013650002940F0A980DDE90432D01A4FF47A72CD
S214013660BDF838305343834200F29E809BF81030F9
S21401367043B9BDF83A30002B00F09680534383429D
S21401368000F29280FD230022CDE9013210AB0093B7
S2140136900DF119020DF11A03E9B20BA8F0F718FEA5
S2140136A0002877D1BDF81A30DA1C0493D2B214B3CD
S2140136B03F4B9DF82D101B8813442279914214D15B
S2140136C0BDF82E10628891420FD19DF83220B8EBDA
S2140136D0D21F0AD1BDF83420524506D1B3424DDD82
S2140136E00020344902F0F4FA01E0B342F8DC6188C4
S2140136F02079FFF72BFD02F0E7F904469DF9320029
S2140137002D4BC043C00F0093BDF834200A23BDF8EB
S2140137102E10C0009DF8328002F03AF99DF82D3047
S2140137204FF0000B23714FF48A53FF26BDF834A0E7
S2140137304FEAD818E38007A95FFA8BF01FF05DFD0A
S214013740C0B2B0B99DF81D109DF82D20914210D140
S214013750BDF81E10BDF82E2091420AD122469DF8D2
S21401376029109DF81C001FF0CEFAB04228BF304643
S214013770C6B20BF1010BBBF1200FDCD1BDF8300056
S2140137801FF09AF99DF8190002F0CAF9049910A8D9
S21401379002F0DAF9182300225F4309EB07031A74D3
S2140137A025F04BFC49F8070001352BE706520020AF
S2140137B01052002097DA030053E603008010002021
S2140137C070B500240126104D8AB02B88A0B2834222
S2140137D004D80AB0BDE87040FFF7D6BC05A91EF0B4
S2140137E077F99DF8150001F0EFFB50B19DF8143004
S2140137F03BB91A46CDE901360093E1B205A8F0F7C8
S21401380067FD0134E1E700BF065200202DE9F043D1
S2140138100389DFF858818BB0B8F80090009304460E
S21401382083798288418840781EF0CBFD002800F01D
S2140138309580E78927B1A389BB4200F291800027D2
S214013840B8F80030BDB2AB4214D84D4601264FF64B
S214013850FF73E2899A4226D146B9B8F80030AB42E6
S21401386002D92846FFF70EFEFFF78EFC00200BB0AC
S214013870BDE8F083284605A91EF02AF99DF8143004
S2140138807BB92268059B5340FF2B0AD86368069EC6
S2140138905E4036F07F4604D1BDF81C2023899A424B
S2140138A0D5D00137CCE7E2689A422BD0002E53D10F
S2140138B0D4E90323CDE9082305A81EF0F8F800286B
S2140138C0D5D1B8F80030AB4204BF6B1CA8F8003065
S2140138D025F0B3FB18236B43234AE9B2D050D41822
S2140138E0002305A81A46CDE901330093F0F7F0FC52
S2140138F018B100220023C4E90223284605A91EF0B8
S214013900EFF8B1E7234605AA04F1100C174618682C
S2140139105968083303C763453A46F7D118683860D3
S21401392005A81EF0C7F80028C0D01F2D1AD80023FE
S2140139308DF8143063788DF815306388ADF816303D
S214013940A388ADF81830A3798DF81A302389ADF81D
S2140139501C300028B0D1ABE70020E6E7862086E7DA
S214013960872084E7892082E7801000200652002005
S2140139702DE9F04FB04A90F814908DB00446AF4947
S214013980002002F0BFF900201FF01AF920B12368C9
S214013990218A588803F04EF90020A94902F098F9C7
S2140139A0637DDFF8B8A2002B14BF80234023029367
S2140139B0236808BF08205988A14B18BF0020009330
S2140139C0228A072301F0E4FF00230393A28909F169
S2140139D00305954211DB039B13B9184602F0A0F8C4
S2140139E01FF088F9034620B10020964A964902F056
S2140139F06FF901200DB0BDE8F08FA06809F1010153
S214013A0089B210F809601FF094F8324680460346E2
S214013A108E490020ADB202F05BF98EB1012E00F0A6
S214013A208A808527384602F07BF8304602F078F81F
S214013A3040461FF041F8852FD2D00123039376E04C
S214013A40A06809F10401A28989B2475D1FF071F8E7
S214013A5009F10601A289049089B2A0681FF069F8ED
S214013A603A4605900090049B3046794902F030F9B9
S214013A7009F1080938461FFA89F503F0FBFA002810
S214013A8057D1384601F072F9294603468146A28984
S214013A90A0681FF03FF86F498346304602F032F9BE
S214013AA0A1684A4629443346304602F075F8304646
S214013AB0634902F00DF9A9441FFA89F523684246C5
S214013AC059885879238A0093029B1EF07AFC18B114
S214013AD08378BB4240F0AC80483FFFB2092F05D83F
S214013AE040F21133FB40DB0700F1A48000238DF880
S214013AF01C30236807A85A798DF81D205B88ADF81D
S214013B002080ADF81E30029BCDF82CB08DF8223007
S214013B10238AADF82430049BADF82830059BADF818
S214013B202A30FFF773FE074600287FF47BAFA946CD
S214013B304CE7B346C2E72946A289A0681EF0F9FF02
S214013B404FF0000B024607464349002002F0C0F83A
S214013B5009F10509BAF800301FFA89F5BAF800200C
S214013B601FFA8BF94A4503D81F2B31D9892759E704
S214013B70484607A904931DF0ABFF9DF81C20049B43
S214013B80012A22D122689DF81D00517988421CD154
S214013B90BDF81E005188884217D1BDF82010414556
S214013BA013D19DF82210029881420ED1BDF824004F
S214013BB0218A884209D1BDF82800E188884204D1CB
S214013BC09DF82A10127991421BD00BF1010BC5E723
S214013BD0012299468DF81C20226851798DF81D1016
S214013BE05188ADF82080ADF81E1002998DF822108C
S214013BF0218AADF82410E188ADF8281012798DF8E5
S214013C002A2007A8ADF82C701DF051FF07460028A2
S214013C107FF408AFBAF800304846994508BF09F165
S214013C20010307A908BFAAF800301DF059FF7EE777
S214013C308D27F7E68C27F5E6C2DA030080CD030070
S214013C4053E6030023DB0300D8D90300CADA0300D6
S214013C50E7DA030008DB030013DB0300065200204B
S214013C602DE9F04F074688469146002589B09A46C9
S214013C70BDF848B09DF84C60149C224B1A88A8B237
S214013C80824235D903A91DF023FF9DF80C201D4B58
S214013C90B2BB9DF80D10B94232D1BDF80E104145A8
S214013CA02ED1BDF8101049452AD19DF81210514564
S214013CB026D1BDF81410594522D13046029201F0A2
S214013CC055F8A6F14103012B01460AD820461EF0FD
S214013CD036FF0D4B0D4A204484420CD10421029339
S214013CE002ACEDB232462046009503ABFFF72EFC40
S214013CF009B0BDE8F08F14F8011F4B405343EBE7C2
S214013D000135BBE706520020C59D1C8193010001C9
S214013D101FB50F4C2478C4B142EA03229DF818302F
S214013D208DF8051042EA43220A4BADF80C201A78AA
S214013D30094B8DF80610079903EB021300908DF8D6
S214013D400400DB6868460291984704B010BD00BFC6
S214013D508358002085580020CC3A002073B51A4DB0
S214013D60FF211A481DF04EF92B7853B3184C194E03
S214013D702378180106EB03131A7A5968305C1FF092
S214013D80C0FA4D281DD0E0B1012300212278CDE9EB
S214013D9000311201B25CC0B2FFF7BAFF0A222378E3
S214013DA00A480133DBB2B3FBF2F102FB1133FF2108
S214013DB023702B78013B2B7002B0BDE870401DF0DC
S214013DC019B902B070BD00BF835800206C3B0020BB
S214013DD085580020CC3A0020F8B5104F3E780A2EC0
S214013DE01AD00FC8DFF840C00D4D9CF800400136D0
S214013DF005EB041585E80F000A230134E4B2B4FB91
S214013E00F3F203FB12440748FF218CF800403E7092
S214013E101DF0F0F80020F8BD0120FCE783580020D3
S214013E20CC3A00206C3B0020845800200021024A36
S214013E300248FAF763B900BF5D3D01006C3B002004
S214013E40002337B50C46124D12492A78CDE90033C6
S214013E5012018A5C01230146E0B2FFF759FFA4B9BB
S214013E600D490A788AB10A202B78013A0133DBB270
S214013E70B3FBF0F40A70FF2100FB143307482B70E4
S214013E8003B0BDE830401DF0B5B803B030BD00BF8B
S214013E9085580020CC3A0020835800206C3B002037
S214013EA008B500F0BDF850B1054B064A064905288D
S214013EB008BF1A46BDE80840002001F009BF08BD4A
S214013EC037DB030053E6030058DB030008B5032085
S214013ED01FF031FA10B90122014B1A7008BD00BF5C
S214013EE0865800200022024B18781A70704700BFCF
S214013EF0865800200246FF2101481DF072B800BF17
S214013F008C3B0020114B37B51D78C5B9FF211048F1
S214013F101DF078F8FFF7DAFF044600900D4B2846AF
S214013F200D4A0E4901F0D4FE4CB10D4B1B78DB0651
S214013F3005D528461FF0D9F920461DF029FC094B66
S214013F40186803B0BDE83040FFF7D4BF865800209C
S214013F508C3B002075DB0300A3DB030062B3030088
S214013F607458002060610020FF2101481DF04AB806
S214013F708C3B002070B51A4E054633780C466BB361
S214013F800020184A184901F0BDFE032C01D0652C0B
S214013F9020D11649002001F0B5FE22460020144922
S214013FA001F096FE0020134901F0ACFE01232946DC
S214013FB00822002001F0F0FD00200F4901F088FEE4
S214013FC0032C88BF0023204688BF3370BDE87040AD
S214013FD0FCF7BEB8012CE0D00849DBE770BD00BF96
S214013FE086580020A3DB03004CB70300B6DB0300B2
S214013FF003BE0300D4DB030053E60300CCDB03005F
S214014000014B1860704700BF606100200021024A22
S2140140100248FAF773B800BF053F01008C3B002049
S214014020054B10B51C782CB90448FF211CF0E2FFA3
S214014030204610BD0520FCE7865800208C3B00205A
S214014040F8B50024074B084E1D68084FE3B29D42A1
S21401405004F1010400D8F8BD394656F823001CF0D7
S21401406088F9F3E784570400885704002C6200207F
S21401407010B5044C23780BB11FF04DF901232370C2
S21401408010BD00BF7B6500202DE9F743254B0D468B
S21401409016460446019350B14AB1042301AA12F808
S2140140A0011BA94235D0013B13F0FF03F7D12120B4
S2140140B003B0BDE8F08317F8010F90FAA0F0000EE8
S2140140C01CF093FB014608EB07039945F3DCCAB2E3
S2140140D0C1F30F2392FAA2F293FAA3F3120E1B0E68
S2140140E003EB0223DB43621912F8020C99B2DBB22E
S2140140F098420CD112F8013CB3EB112F07D132468E
S2140141002146284603B0BDE8F0431FF06CB82320D3
S214014110CEE74FF6FF71671EA5F10209C4F101084B
S214014120D1E700BF080A0E12014B1870704700BF96
S21401413087580020024B1A6818608260704700BFDB
S21401414064610020024B186800B14068704700BFE8
S2140141506461002070B5044600250A4B1B687BB1DC
S21401416000211E8807E05A6802EB0110013145B9AB
S214014170021B554255418AB29642F4D89B68EEE737
S214014180184670BD646100202DE9F04F1E460023DD
S21401419093B0022E074688461446DDF870909DF8C7
S2140141A074A0ADF81A3040F2C08099F800305A0772
S2140141B029D5042E40F2B98099F804B000255F4B4A
S2140141C033F83520002A00F0B68001350A2DF7D1E4
S2140141D0209B002B40F0AD80FF250023207908AA04
S2140141E00DF119018DF819301EF035FC70B1BDF8CE
S2140141F02C309DF8190023801EF0B1FC0790C0B149
S21401420013B0BDE8F08F99F802B0D7E720791EF019
S21401421053F90B28059000F28A8020791EF0B0FC35
S21401422007900028ECD1464A059B02EB03135B88F6
S21401423023804FF6FF73002F08BF43466288002194
S214014240CDE9002358465246238802F0FDFD18B1F9
S214014250E38843F02003E380209B07A90DA8CDE95E
S2140142600D34CDF83C90ADF84080ADF842608DF845
S21401427044708DF845A01EF003FC08B10798BFE70F
S214014280484602F025FDA01D02F010FD22464146DB
S21401429038461EF038FDB04227D3E3882246C3F3E2
S2140142A00E03E3809DF87C3041460393BDF87830D9
S2140142B0384602930DF11A03CDE90093F3B21DF0CF
S2140142C06EFE209B079003B3F8B9BDF81A2042B1E1
S2140142D0092D06D81B4B03EBC5018A80209A43F8AB
S2140142E035201120FAF7D2FB1CE0BAF1000F0AD1F3
S2140142F00DF11A03CDE9006322464B464146384686
S214014300FAF7D2FFDDE73820DBE7052807D1E38897
S214014310DB0607D5002301200793FFF705FF079B60
S214014320002BDED01EF020FCA8E7012068E7212044
S21401433066E71C2064E7EDB24FE700BFB43B002000
S214014340203C0020B03B00204FF6FF72024B1A8043
S2140143505A809A80704700BF0852002010B5044C5E
S2140143602379FF2B02D11FF004F82071207910BDAC
S2140143700852002010B50C4C2379FF2B08D10020E1
S2140143801EF0EDFB20B91EF0F4FF20711EF0ECFBD1
S2140143902079022805D00438012894BF0020012086
S2140143A010BD0020FCE700BF085200204FF6FF7347
S2140143B010B5044C22889A4202D11EF0D0FF20800C
S2140143C0208810BD0852002010B5FFF7BDFF40F64B
S2140143D01D439842044607D8B0F5416F05D2182808
S2140143E026D8152848D829D010BDA0F541630D2B35
S2140143F0FAD801A252F823F03D4401003D440100E1
S214014400E9430100E9430100E9430100E9430100F2
S214014410E9430100E94301008D4401009F44010086
S214014420394401003944010039440100394401008E
S21401443040F606439842D7D11C4920E0FFF7B6FF65
S2140144401B490246002001F043FC152C05D11EF045
S21401445070FFBDE810401EF01CBB164B164A1749EC
S214014460B4F5416F08BF1A46002001F031FC1EF07A
S2140144700FFB1EF00EFBECE71628DDD110490020DD
S21401448001F026FCBDE810401EF025BC1DF06EFEB6
S214014490BDE8104002460B49002001F019BC00207F
S2140144A0BDE81040084901F013BC00BF33E3030028
S2140144B0E0E2030053E60300DBE20300FCE2030054
S2140144C01CE3030048E3030070E3030007B5094A51
S2140144D00346108831B9084A084903B05DF804EB71
S2140144E001F010BC0091064A064901F00BFC03B02E
S2140144F05DF804FB205200205FAE030090E303004A
S21401450003AF030062B303000D4B37B51B680446C7
S21401451093B11D780389012D08BF02250093C37A44
S214014520084A0020084901F0D3FB2146284603B07B
S214014530BDE830401EF0D5BE022003B030BD00BF3E
S214014540EC3C002005E40300B4E30300002010B5B2
S2140145501EF005FB0D4B1B6863B15A78052A03D87C
S21401456062B1052402220AE0FF2AFAD00020084997
S21401457001F0AEFBBDE810401EF0F6BA1446104638
S2140145801EF00BFF20461EF006FFF3E7EC3C002072
S2140145900AE4030013B5134C00201EF0E0FAFFF7FF
S2140145A0D3FE23689BB101A81DF0D3FD78B923681B
S2140145B01A789DF804309A4209D0D91E032906D9E3
S2140145C0D11E012903D9012A07D1022B05D10323C4
S2140145D001A8ADF804301EF08AFE02B0BDE8104016
S2140145E01EF0C2BAEC3C002000231946034A0133F0
S2140145F00A2B918042F8081BF9D17047B03B002086
S2140146007FB50E4605461EF074FE2A46044603464E
S2140146100D49002001F05CFB96B10C4B36211A883F
S2140146209B78ADF80C208DF80E3003230022009302
S2140146304FF6FC7003AB8DF80D501EF0AEFD044630
S214014640204604B070BD00BF2BE40300C03B04004D
S214014650FF2810B50C4604D10020044901F038FBB0
S214014660FE202146BDE81040FFF7CABF44E4030020
S214014670F8B51E460B8807460C461546002B64D136
S2140146804A88B1F9021000200029B8BF6B7830497A
S21401469001F01EFB6288132A1DD002F5FF437F330B
S2140146A09BB2052B23D8A2F50042013A052A1ED853
S2140146B0DFE802F0193F1D033C09264A264900207F
S2140146C001F006FB13E0254A2349002001F01AFBFE
S2140146D02A792349F3E7022E94BF4FF6FF72B5F805
S2140146E001202049EBE700201F4901F0F1FA33468B
S2140146F02A46214638461FF046FD70B933462A46FB
S214014700214638461FF041FD48F2210362889A424D
S21401471003D1384669781EF0A7F96388B3F5004FD0
S21401472002D90820FAF7CCF90120F8BD2A790F49F9
S214014730C5E70F4A0849002001F0E4FA032E94BFAA
S2140147404FF6FF726A880B49B9E70020EDE700BF14
S2140147507FE40300A7E40300AEE40300BFE4030024
S214014760C5E40300D3E40300EBE4030005E503001E
S21401477027E503002CE503002DE9F04116888AB0F1
S214014780DFF88C80ADF80E300DF10E03C8F800206E
S21401479015460093324610AB07460C46FAF716FE4E
S2140147A090BB109B8DF824000693BDF80E3004A82C
S2140147B0ADF81C30AB898DF81070ADF820306B89E0
S2140147C00594ADF81E60ADF822301EF057F9D8B941
S2140147D021463046BDF80E30109A01F0C9FF98B94F
S2140147E021463046BDF80E30109AFFF741FF58B902
S2140147F0CDE9006039462046BDF80E30109A02F029
S21401480049FB08B9C8F800000AB0BDE8F08100BF4E
S214014810AC3B0020F0B585B004AB03E903000023F0
S2140148201C469DF80D609DF80E70154AD9B202EB34
S214014830C1004568EDB99DF80C30284600939DF8F7
S2140148400A209DF80B300F4901F05CFA26B132467A
S21401485028460D4901F056FA0C4A0020002C18BFD4
S2140148602246BDF808300A4905B0BDE8F04001F01F
S2140148702FBA12F831100133B94208BF2C46D5E7DA
S214014880683B04003EE503004FE50300CEAD0300A0
S21401489053E503004FF6FF7310B5084C88B06288E5
S2140148A09A4207D102A90DF107001DF050FCBDF890
S2140148B010306380608808B010BD00BF0852002029
S2140148C02DE9F04F85B0894692461C460746BDF84D
S2140148D03850BDF83C80109E002833D00346464A27
S2140148E00020464901F00EFA2388002B76D040F2CC
S2140148F00912934274D0424A4249B3F5827F08BFF7
S2140149000A46CDF804806188002000913E4901F0F6
S214014910F9F9238893B1B8F1020F0FD933783B49DF
S21401492013F0010F3A4A18BF0A4659074FF0000024
S2140149304CBF3379B378374901F0E4F900203649A2
S21401494001F0C6F90023354931F83320AA4249D18E
S214014950334A52F833B0002331F83300DA00A84264
S21401496046D100202E490A44908041F8330047B9C9
S214014970238833B9B4F90230002B02DB0820FAF79A
S21401498085F80120FAF79CF89EB13578EB0710D52B
S21401499015F0040004D04246012130461EF0C9F845
S2140149A0CDE90170434622465146484600961DF021
S2140149B0E0FDBBF1000F06D043462246514648466D
S2140149C0CDE90067D8474346224651464846CDE9D9
S2140149D000671DF094FA05B0BDE8F08F114A90E724
S2140149E0114A8EE701330A2BAED14FF0000BB2E726
S2140149F001330A2BB0D1BAE70BA503007AE5030011
S214014A00CFAD030068E5030088E503006BE503000E
S214014A1073E50300B9E5030053E60300B43B002049
S214014A20B03B002061E5030065E503000D4BF0B5E2
S214014A304FF00C0C1F88054600230B4EDCB2BC421F
S214014A4001D30020F0BD0CFB04F43019345DAC42F8
S214014A5005D144888C4202D104799442F2D00133C4
S214014A60ECE700BF1C6500207461002073B50126C9
S214014A702B4D2C4C2A462046FF2300210096F9F7A1
S214014A8007FB2A462046FF2300210096F9F700FB84
S214014A902A462046FF2300210096F9F7F9FA2A460E
S214014AA02046FF2300210096F9F7F2FA2A4620460F
S214014AB0FF2300210096F9F7EBFA2A462046FF234A
S214014AC000210096F9F7E4FA2A462046FF23002142
S214014AD00096F9F7DDFA2A462046FF2300210096C4
S214014AE0F9F7D6FA2A462046FF2300210096F9F761
S214014AF0CFFA2A462046FF2300210096F9F7C8FA86
S214014B002A462046FF2300210096F9F7C1FAFF2323
S214014B102A46002120460096F9F7BAFA02B070BD7F
S214014B202D180300003C00202DE9F84300244FF027
S214014B300C090C4B0C4F1E78DFF830803A88E5B232
S214014B40954202D33046BDE8F88309FB0585FF216F
S214014B50A8681CF065FA18B9AB799E4238BF1E46A4
S214014B600134EBE7885800201C65002074610020A2
S214014B70014B1878704700BF88580020014B187009
S214014B80704700BF88580020F8B506460C461DF051
S214014B9060FF0546C8B930461DF08EFC0B2815D8B7
S214014BA00B4B03EB00131F7B87B95A880121228028
S214014BB09A88304662809B79237100F037FA39462D
S214014BC06071304600F032FAA07101252846F8BD22
S214014BD0203C002070B504460E4615461DF06CFCC0
S214014BE00B2802D94FF6FF7070BD094B03EB00137B
S214014BF01A7B002AF6D146B901222946204600F042
S214014C003DFA0028EED00088EEE7012EEAD1F4E75F
S214014C10203C0020FF2313B50DF1070104468DF853
S214014C2007301DF014FF18B19DF8070002B010BD43
S214014C30074B03EB04131B7B0BB1FF20F6E7204663
S214014C4000F03AF90028F8D0204600F0E9F9EDE73F
S214014C50203C002013B5F6F711FA0446F6F714FACD
S214014C60224603461249002001F032F800F084FF84
S214014C70FFF7BAFC00F0A6F80221084602F046FD4E
S214014C80FFF764FC41F249001EF099FB4FF0FF1359
S214014C900093FF2368468DF804301EF076FB4FF430
S214014CA000401EF054FB00201EF071FB02B010BD48
S214014CB008E6030038B505461DF0EDFE90B9284616
S214014CC01EF099FA044628B140F60443984214BFF0
S214014CD088248D2423462A460020034900F0F8FF45
S214014CE0204638BD8D24FBE720E603002DE9FF476B
S214014CF005460E4617469846BDF83090DDF834A0B6
S214014D00BDF83840CDF80090CDE9014AE4B2FFF78E
S214014D10D7FD43463A4631462846CDE90094CDF8BC
S214014D2008A01FF0F9F9FF21034B044A044804B018
S214014D30BDE8F04700F01ABE1452002010520020C1
S214014D40605A0020044B01461888102240F040406B
S214014D5040F48010F6F7A2BFBE380400024B186874
S214014D605968FFF757BD00BF6A7C04000123064A55
S214014D70D15C814202D1054AD05C704702335F2B79
S214014D80F6D10020704700BFC23B0400C33B0400BD
S214014D9070B500220446094B1D78094BD0B28542F6
S214014DA001D8FF2070BD1E78A64204D10029F9D093
S214014DB05E7BF607F6D401321033EFE78958002000
S214014DC0203C00202DE9F04198B06B46304A10682F
S214014DD0516803C390680CAA18602E4B14469C4673
S214014DE003F11806154618685968083303C5B34217
S214014DF02A46F7D112AA1746274B03F1180615467D
S214014E0018685968083303C5B3422A46F7D1234ABE
S214014E1003AB106851684FF0010E03C390687168C8
S214014E201860DCF83000002206AB03C30C21EC4608
S214014E30B068CDE909221860194BDFF86C8019704B
S214014E40184B0DEB01060B9206AD09A91CF8010BD8
S214014E500132187034F8020B0C2A588037F8020B0E
S214014E6083F80DE0988016F8010B03F1100303F8A0
S214014E700A0C15F8010B08EBC00043F8080C11F8F2
S214014E80010B03F8040CE1D118B0BDE8F08100BFB6
S214014E903AE60300323F04004A3F040047E60300B7
S214014EA089580020203C00202C3C0400014B187837
S214014EB0704700BF89580020034B03EB0013587B53
S214014EC000F00100704700BF203C0020F0B504460A
S214014ED00846D9B100220E4B11461F780D4B1D46D0
S214014EE0D6B2B74201D8002010E01E78A64206D0FE
S214014EF09E68F688314489B201321033F0E75E7B52
S214014F00F607F9D505EB02150180A868F0BD00BFCC
S214014F1089580020203C00202DE9F3478946904619
S214014F201D46074618B9002002B0BDE8F0870029E3
S214014F30F9D0002AF7D0002BF5D0002400780DF127
S214014F400601ADF80640FFF7C1FF0028EBD0394651
S214014F500DF10602BDF806601DF0A3F9074600280C
S214014F60E1D00DF10602BDF806A01DF0C1F900283A
S214014F70D9D0C9F80070C8F80000037913F02002F0
S214014F8019D1DB0614D4BDF806300C4A564413FA80
S214014F9086F612FA86F20BE01A790C33920642BFB5
S214014FA013F8092C891889B29842F5D8044A0A449C
S214014FB001202A60B8E72146024BF5E7AC590020EC
S214014FC08A5800206C3E040008B50021FFF7E0FE79
S214014FD0FF2817BF044B084603EB0013587B18BF86
S214014FE000F0010008BD00BF203C00202DE9F04183
S214014FF00D4616461F461DF05FFA0B280AD8074CC9
S2140150003B4604EB001032462946BDE8F041806875
S2140150101DF01FBA0020BDE8F08100BF203C002033
S214015020014B0001185C7047203C002070B50C460F
S2140150301DF042FA0B281BD80F4B03EB00139A689E
S214015040C2B10023142618461579D9B28D4200D86C
S21401505070BD116806FB0311097B34B911F0800F8E
S2140150601CBF0130C0B20133EFE711F0400FF7E784
S2140150700020EDE71046EBE7203C0020F8B50D4692
S21401508016461DF019FA0B280BD80F4B4FF0140CCF
S21401509003EB00139A6800231C461779D9B28F4296
S2140150A001D80020F8BD10680CFB0300017B46B94F
S2140150B011F0800F03D0AC42F4D00134E4B20133D6
S2140150C0ECE711F0400FF5E7203C00202DE9F04F0A
S2140150D0064600243A4B87B01B783A4F0093009B54
S2140150E09C4207D2FF2E08D030461DF0E5F90B286A
S2140150F0044606D907B0BDE8F08F07EB04131B7B07
S2140151002BBB23014FF00008019307EB041A14E0B0
S21401511014221B6802FB05352B89B3F5967F01D94E
S21401512023F09FFF4FF000094FF00C0B29891FFA5F
S21401513089F291420ED808F10108019B5FFA88F5C1
S214015140FB189B681A79AA42E2D8FF2ED2D1013405
S214015150E4B2C4E71FFA89F00BFB00F06B6819187C
S2140151600A7912F0100F23D19AF800E012F0400FDE
S2140151708DF80CE0B5F800E0185AADF80EE00CBF5B
S2140151804FF0400E4FF0800EADF8120028468DF815
S21401519010E01DF052F85307ADF81400C8780AD590
S2140151A00228896800D90968002203A81DF021F9A0
S2140151B009F10109BAE702288CBF89680831F3E7CB
S2140151C089580020203C0020052370B5094A06882E
S2140151D01488B44208D19578047B2C403F2C03D91F
S2140151E00D4201D0506870BD013B02F10802EFD1BB
S2140151F01846F8E7DC3E040070B50024074D084E5B
S2140152002B78E0B2834200D870BD06EB0010437BDA
S214015210DB0701D51DF02FFA0134F1E7895800208C
S214015220203C0020F8B50C4600210546FFF7B0FDEE
S214015230FF2829D0154A060102EB00135B7B03F019
S21401524001016CB143F001031644A142737305D00A
S214015250C4B100B202EB00101DF00DFA0120F8BD3A
S2140152602346F1E77B4311682846CA18127BC95AC0
S214015270D2091CF06CFE0134B268E3B2117999428E
S214015280F0D8EBE71427F7E70846E8E7203C0020CC
S214015290F0B59446497D20B339B3012918BF0421DE
S2140152A000254FF6FF702F462A46144E3488644573
S2140152B011D196F803E01EEA010F0CD0B4789C4297
S2140152C009D30AB1BC4206D81EF0100F03D08AB12A
S2140152D0BC420CD370B90135072D06F10406E5D1A1
S2140152E0F0BD002908BF0821D8E70221D8E72746E4
S2140152F00020F0E727460122FAE700BFC03E04007F
S2140153002DE9F04F0A9FBDF824E09DF82C809DF80A
S21401531030904C7D78B394B3012C18BF042400253B
S214015320194800F11C0C068896421ED190F803B06D
S2140153301BEA040F19D08678464516D31BF0100FCA
S21401534091F80FA004D0BAF1000F0ED0B1F810A05A
S214015350BAF1000F09D1A94513D0AE4511D95E5552
S2140153603E88013501363E80ADB204306045DAD163
S2140153700120BDE8F08F002C08BF0824CDE70224E9
S214015380CDE70020F5E700BFC03E04002DE9F04F51
S2140153900024B1F57C4F0E4638BF4FF0010BA246F4
S2140153A0A1464FF6FF781F4628BF274B85B028BF7A
S2140153B0B3F800B0009001925C4503D3404605B0B7
S2140153C0BDE8F08FB6F57C4F0CD3204B3A4603EB85
S2140153D0840331465B880098FFF708FE054680B3D4
S2140153E000232AE03A46314600981DF095F8F5E785
S2140153F00C229CB254436A680199105B02EB040CC0
S214015400884219D3B9F1000F01D0504514D861462E
S2140154102846CDE902321CF010FF029B60B1039AC8
S214015420125BB9F1000F03D0524501D3804503D971
S214015430924680464FF0010901332A899CB2A24266
S214015440D6D80134A4B2B7E7223C0400243C0400B9
S2140154502DE9F04F91461A4600238BB08DF8202097
S214015460BDF850208DF81C00ADF81E10ADF82420B4
S21401547005460F461A4604A907A8159C9DF85860CC
S2140154809DF85CA09DF860B09DF864800493ADF82B
S21401549022901CF05AFF049850B92B46CDE90079AA
S2140154A0644A654900F014FC86200BB0BDE8F08F15
S2140154B0BAF1000F14D18378B34206D050465D4A44
S2140154C05E4900F005FC8D20EFE7037913F0010338
S2140154D006D11846574A5A4900F0FAFB8820E4E7F5
S2140154E003795B072CD583685A689B6805920693F7
S2140154F080781DF0C0FC049B0546DF782146022F0C
S21401550003463A4610D805A81DF071FC81462B4685
S2140155103A46214606A81DF06AFCB9F1010F01D0F2
S21401552001300DD18720C0E705981DF060FC0128E9
S214015530F8D02B463A46214606981DF058FCEFE770
S214015540BBF1000F6FD1049F4FF6FF722146B8786A
S2140155501CF011FE00286BD0BDF82430C5B20093B4
S214015560CDE902549DF82030BDF82220BDF81E106A
S2140155709DF81C0001961DF07BFA002895D1BDF818
S2140155802430CDE902540093BDF822209DF8203046
S214015590BDF81E109DF81C0001961DF046F8002867
S2140155A083D121469DF8682007A81CF022FF002819
S2140155B07FF47BAFB8F1000F07D03B462046BDF81D
S2140155C01E209DF81C101CF0B7FFBDF82430BDF856
S2140155D02220BDF81E109DF81C000093CDE9016441
S2140155E09DF82030FEF73CFBBDF82430BDF82220A4
S2140155F0BDF81E109DF81C000093CDE902549DF8DD
S214015600203001961DF033FABDF82430BDF8222073
S2140156100093BDF81E109DF820309DF81C001CF06C
S214015620DCFF002041E70020064900F051FBF8E7C7
S21401563001203AE754E6030060E603008CE6030027
S214015640A0E60300B4E603007FB500258DF8083018
S214015650BDF820308DF80400ADF80610ADF80A202C
S214015660ADF80C306946BDF82830099A01A80B9EA2
S21401567000951CF06AFE044630B916B1009B9B7873
S2140156803370204604B070BD8928FAD128460249F5
S21401569000F01EFBF5E700BFD1E603002DE9F04F51
S2140156A04FF0000AC7B0FFF701FC5FFA8AF6B04276
S2140156B002D847B0BDE8F08F5B4B36019A5D0020FB
S2140156C05A4900F005FB0020594900F001FB002370
S2140156D00593554B9DF8144033449B681A79A242B2
S2140156E002D80AF1010ADEE714224FF000091B680E
S2140156F002FB043422891FFA89F39A4202D8059BD9
S2140157000133E5E70C231FFA89F803FB08F8D4F800
S21401571004B023F0A6FC0BEB08052B79454913F0E2
S214015720400F3BF8083022884FF000000093424BB0
S21401573018BF0B46414900F0E5FA294620461CF001
S2140157407CFD074600283CD13D4900F0DBFA29796B
S214015750DFF814C111F0010F3A4818BF604611F086
S214015760020FAA78EB7832D1DFF800C111F0100FE2
S214015770354918BF6146CDE900010020334900F0E4
S214015780C1FA2B793BF8082013F0400F4FF0000BBD
S2140157904FF0FD030DF118082188CDE9023BCDE954
S2140157A0007821480CBF40238023805DFFF74CFF23
S2140157B086280ED12649002000F08AFA09F101094F
S2140157C098E702462349002000F09CFABFE72249E9
S2140157D0D1E7A8781CF021FDD8B140461DF0AFF9FD
S2140157E0421C92B201234146002000F0D5F9394609
S2140157F0208801F001FA4FF6FF73984207D0174B45
S214015800174903EBC0035A68002000F061FA1549F6
S214015810D1E7A8781CF007FD20B140461DF094F9A9
S214015820821CDEE7EA78DDE7203C002023E7030060
S21401583031E70300FBE6030000E7030071E703001E
S214015840B4D8030008E703000BE7030085E703006D
S214015850A1E7030042EC030013E70300AC3F04009A
S2140158608EB7030053E6030005E703001BE70300BA
S2140158702DE9F04FC7B0BDF844A10646BAF1040FB2
S2140158800D4614461F46BDF840B163D9CDE9013B2C
S21401589000920B4602463049002000F019FAFD231B
S2140158A00DF117090DF118083046029322463B46C2
S2140158B02946CDE900B8CDF80C90FFF7C5FE06469F
S2140158C0B8B9FD22414699F800001CF054FC074681
S2140158D0C0B1AAF10403834238BF892620461DF0D1
S2140158E0EBF88EB1304600F01BF9304647B0BDE804
S2140158F0F08F009023462A460020184900F0E8F968
S2140159000027EBE78926E9E7DFF85CA0BA1CBAF8BE
S2140159100030C3F1FF039A4219DA304600F000F96D
S21401592099F8000000F0FCF8BAF800900C483A46E6
S21401593041464844B94404F0F3FEAAF800902346D1
S2140159402A4630460749009700F0C2F9CDE789207C
S21401595000F0E6F88926C8E7ADE70300E8E70300AC
S214015960605A00200FE803001052002010B5044CC6
S21401597020600448018004490A60044A136010BD8F
S214015980E83C00200E520020E43C0020E03C0020D1
S21401599030B587B00AAC0D4654F8041B0093CDE928
S2140159A00114134609490246094809880068059406
S2140159B01CF082FF4FF48A52064B1B681880064B78
S2140159C01B685D80DA8007B030BD00BF0E52002034
S2140159D0E83C0020E43C0020E03C002008B410B580
S2140159E087B009AB0C4653F8041B0092CDE90113AE
S2140159F002460B490B4805930988002300681CF0F2
S214015A005BFF4FF48A52084B1B681880074B1B68D4
S214015A105C80DA8007B0BDE8104001B0704700BF77
S214015A200E520020E83C0020E43C0020E03C002030
S214015A30044A034611680448044A09881268006843
S214015A401CF013BAE43C0020E03C0020E83C0020B7
S214015A50044B054A1B6812681988044B18681CF029
S214015A6077B900BFE43C0020E83C0020E03C002081
S214015A7007B5074B1B681B880192064A12680092FD
S214015A80054A12681CF0C5F903B05DF804FB00BFB7
S214015A90E43C0020E83C0020E03C00201FB5144612
S214015AA0064A12681288CDE901430091044B054964
S214015AB01B6809681CF089F904B010BDE43C00209D
S214015AC0E83C0020E03C0020014B1868704700BF0E
S214015AD0E03C0020024B1B6818715971704700BFEB
S214015AE0E03C002010B50024084B1C70FEF75EFC5D
S214015AF0074BFF2218802146064804F081FC064B1E
S214015B001C80064B1C605C609C6010BD6A5B0020BC
S214015B1012520020605A0020105200201452002019
S214015B2007490B88FE2B9FBF064AD054581C80B2EB
S214015B309DBF088000F1FF3080180020704700BF2D
S214015B4010520020605A0020F8B5094F0D463B88D8
S214015B505C18FE2C0ADC074E0A46A4B20146F01871
S214015B6004F0A0FC3C80641BA019F8BD0020FCE7F3
S214015B7010520020605A0020024B034A00201A608F
S214015B80704700BFEC3C0020283C0400014B18780D
S214015B90704700BF203C002030B4044D044C002B5D
S214015BA00CBF2B46234630BC1CF0F2BFFBA50300FE
S214015BB0E2E8030070B5054608460C461CF0BFFF38
S214015BC0611C0246024B2846BDE870401CF0E0BF4F
S214015BD001F0030000B5037889B0069343783E22AE
S214015BE00593837808490493C37803930379029352
S214015BF04379019383790093C3790448008800F0C0
S214015C0081F809B05DF804FB3DE80300205200204E
S214015C10024B02460249188800F05AB8205200206A
S214015C2067AC03002DE9F04705460E4617460024EB
S214015C30DFF84480DFF844A0DFF84490AC4201D19D
S214015C40BDE8F087B8F8000006EBC4015346082209
S214015C501CF09EFF0134B8F800003FB9044AA54283
S214015C6008BF4A46034900F04DF8E7E74A46F9E718
S214015C7053E6030066AC030020520020E2E803006E
S214015C80BD9703002DE9F0410E4E044630881CF006
S214015C9097FFA8B100250C4FDFF83080E3070AD53F
S214015CA018B94146308800F02DF830882A46394622
S214015CB000F028F8002001351B2D4FEA5404EDD1E1
S214015CC0BDE8F08120520020FAD4030085E50300E8
S214015CD00EB417B505A9044651F8040B019103F05B
S214015CE091FA01210220054AF8F7F2FC044B1C80C8
S214015CF003B0BDE8104003B0704700BF53E6030091
S214015D00205200200EB417B505A9044651F8040B1D
S214015D10019103F077FA034B1C8003B0BDE81040F5
S214015D2003B070472052002013B503680446587923
S214015D3000F032FF90B923685A88032A0ED0E17C1E
S214015D405B79CDE900211649164AFFF7C1FF01210B
S214015D5020461CF0D5FF012002B010BD637D012B4B
S214015D600AD0637D33B92368228A598858791CF092
S214015D70AFFB48B9C3200AE02368228A59885879BC
S214015D801CF0AFFB0028ECD020461CF01BFF064B96
S214015D901B78002BDFD110F5807FDCD0C1B2D7E7AE
S214015DA06AE8030062E80300615B0020002970B521
S214015DB00F491D460F4B14460CBF6E227922002850
S214015DC008BF0B4600200C49FFF79CFF0B4E2544ED
S214015DD0AC4205D1BDE8704000200949FFF778BF05
S214015DE03146002014F8012BFFF78CFFF0E700BFC7
S214015DF0A3E8030099E80300ACE80300E0E8030029
S214015E0037CC03002DE9F04FC27C8BB00592427D62
S214015E100368002A14BF80224022077D0446856855
S214015E2086895879B846B3F80290069200F0B4FE17
S214015E30A0B9059B052B05D86FF02D03059A1341D4
S214015E40DB070BD5B9F1030F08D0AB490020FFF7EC
S214015E503FFF012120461CF053FF76E0E37B1BB198
S214015E60228A002A00F0B781607D0022B0FA80F015
S214015E705B4203F00403DFF88CB2400943EAC0003A
S214015E80ABF80020FFF74CFEE37B1BB3208A1CF027
S214015E9013FE8246A07CFFF743FE059A162A00F2FF
S214015EA09A81DFE812F019009E016C005600D201BB
S214015EB06C009201D9019A01E001E701EE01390176
S214015EC00202980198019801140258021402700205
S214015ED0390102029A46DDE700204B46874A884987
S214015EE0FFF7F6FE0120FFF71BFE08F10207B74297
S214015EF029D84146324628461CF01BFE80462368B8
S214015F0042465879BBF800304946C3F1FF039BB2BD
S214015F100193238A0093069B1EF038F910B11FFAED
S214015F2087F8E2E7236842465879BBF800304946CD
S214015F30C3F1FF039BB20193238A0093069BFFF7ED
S214015F4097FC8928EBD11CF0D5FE01200BB0BDE8EB
S214015F50F08F4FF0000B0420FFF7E2FDF31E0893CD
S214015F60089B984552D3BBF1000FECD1E37B94F824
S214015F701480002B0CBF02220422624B1A804FF0C1
S214015F80000B0420FFF7CCFD5F4608F1030A5645D7
S214015F9040F29D803246414628461CF0CAFD05EB7C
S214015FA008039B78F21EAA44A2EB0802079051460A
S214015FB0184692B209931CF0DEF80890002879D0B2
S214015FC02268099B5079CDE901A3238A49460093AB
S214015FD0DDE906321CF0FEFB82464A460020079B9E
S214015FE04949FFF78FFEBAF1000F55D10BF10103B6
S214015FF0504646495FFA83FBFFF76AFE089B08F1A5
S214016000030813FA88F81FFA88F8BEE732464146B5
S21401601028461CF08EFD05EB08039F78089B08F1C7
S2140160200301A3EB08022944824692B2384609913D
S2140160301CF0A1F8079068B323680999587902976C
S2140160400191238A524600934946069B1CF012FC96
S2140160500746B8B10BF1010338465FFA83FBFFF739
S2140160605FFD50461CF028FD53464A46002026494F
S214016070FFF72EFE3A4600202549FFF729FE802F1E
S2140160803FF471AF079B08F1030813FA88F81FFA6B
S21401609088F865E78027DDE75046FFF741FD07985A
S2140160A01CF00AFD0137524600201949FFB2FFF7DE
S2140160B00FFEA3E78720FFF733FD07981CF0FCFCD3
S2140160C00137872212490898FFB2FFF701FE059BA8
S2140160D0052B3FF43AAF002F7FF435AFBBF1000F2D
S2140160E005D10C495846FFF7F3FD8021B2E6384644
S2140160F0FFF716FD27E700BFB29C0300EDE803009B
S2140161003AE9030010520020F7E803003AE80300DA
S21401611013E903001DE903000599A84AA84B0020CE
S214016120152918BF1346CDF80090A64AA649FFF7D1
S214016130CFFD059B0C2B14BF16200D20FFF7F0FC9E
S2140161403246284639461CF0F4FC059B3D440C2B90
S2140161500646AD7835D1192D28BF1925E37BB3B195
S2140161604FF6FF73278A9F4211D12068324649466F
S214016170069B4079FFF70AF9B84208D0BAF1000F3A
S21401618005D020828AF80000000A8AF80100002063
S214016190BBF80070FFF7C4FC236832465879059BAC
S2140161A04946A3F1150CDCF1000343EB0C03CDE9E2
S2140161B00153238A0093069B1CF080FA834BD85523
S2140161C0C1E6132D28BF1325C8E72046FDF7D0FBEF
S2140161D000287FF4BAAE81213CE62046FDF77CF824
S2140161E0F6E7B9F10A0F05EB0708A6EB070A21D176
S2140161F0DFF8DCB19BF80030E3B1E37BD3B9BAF149
S214016200080F17D13246394628461CF092FC88B949
S21401621098F8023073B998F80320E22A0AD1324678
S214016220391D284605931CF081FC1CF04EFD059B8C
S2140162308BF80030414648461FFA8AF21DF0A8FF47
S21401624000287FF482AE002104E6F21B484692B293
S214016250E9191CF02BFCF3E7F21B484692B2E91948
S2140162601CF0E6FBECE7F21B484692B2E9191CF07B
S2140162700DFCE5E7F21B484692B2E9191DF08AFFCC
S214016280DEE72368EE5D5879238A0137ED5D0193D9
S214016290069B3246494600932B461CF04EF92A4689
S2140162A0314648461CF0C6FB4FE605987A1CE95D68
S2140162B0B31AA0F11606704270410039009018BF5B
S2140162C0012148469BB22A441CF0B6FBB8E7059B61
S2140162D0EE5D112B3D446F7838D11220FFF720FC7C
S2140162E00025E37BB3B14FF6FF73B4F810809845F1
S2140162F010D133464A4621462846FEF7C9FF404597
S21401630008D0BAF1000F05D020828AF80000000AF2
S2140163108AF80100BBF80080DFF8B0A0C8F1FE02E1
S21401632092B208F10103009253444A462146284698
S214016330CDE90267CDF804B0FEF7E2FFBBF8003006
S2140163400AF808000133ABF80030FCE51420FFF72B
S214016350E7FB0125C5E77B1C9E422CD3EF5D1D4460
S214016360003F18BF0127F31A9EB233462A46394624
S2140163700020FFF71BFD00962B463A464846218A29
S2140163801CF05EFB5CE77B1C9E4214D3EF5DF61AA5
S214016390003F18BF01271D44B6B233462A46394688
S2140163A00120FFF703FD00962B463A464846218A10
S2140163B01CF044FB44E70020C8E500BF53E6030099
S2140163C0E8E803002EE9030038E90300605A0020DC
S2140163D05F5B002038B54FF6FB750446A9424FF0C7
S2140163E001019DF8100098BF43F4004321702381FA
S2140163F06260A07202230020084A0949FFF768FC80
S214016400E07A084B40F6CA0203EB4010FF211AF06F
S214016410E8FDBDE838400420F8F738BB48E903003A
S21401642053E90300303D002030B5054685B028B954
S2140164301D4905B0BDE83040FFF74ABC0024007B8B
S2140164401CF08DFB2046194A19492C70FFF740FCB9
S214016450184BE87AFF2103EB40101AF0D3FD2046D3
S214016460154B02019A5C22B901300428F9D1F8F7DC
S21401647027FB696899B1B5F908302A899B1303F09F
S21401648002038DF80430C2F30E03ADF806304FF662
S214016490FF73ADF80830002301A80393884705B0C1
S2140164A0BDE830401CF060BB7EE9030048E903000C
S2140164B0B0E90300303D0020F03C00200948037895
S2140164C073B91946084AD3720133042B117311703C
S2140164D051601181917202F11002F4D1012303700F
S2140164E0704700BF605B0020F03C002008B5FFF756
S2140164F0E5FF002305491A018A5C01EB03101AB176
S2140165000133042BF7D1002008BD00BFF03C00206A
S21401651070B50D460646FFF7D1FF0023094800EB8C
S2140165200514A17AB14205D1217819B12B4400EBAB
S214016530031070BD0133042B04F11004F1D10020C7
S214016540F7E700BFF03C002010B50446FFF7B6FFA2
S2140165500E4B9C4212D003F12002944210D003F15C
S214016560400294420ED060339C420DD1032308486A
S21401657000EB0310BDE81040FFF756BF0023F6E717
S2140165800123F4E70223F2E70020F3E7303D002081
S214016590F03C002070B50024064D074E28463246D2
S2140165A000210134F7F7AAFD042C05F12005F5D1E9
S2140165B070BD00BF303D0020496501002DE9F34163
S2140165C005460C4617469846FFF790FF064640B923
S2140165D01C4A1D49FFF77CFB0224204602B0BDE899
S2140165E0F0814FF6FB739D420AD94FF6FD739D422B
S2140165F004D00020134A1549FFF76AFB4FF6FD75D4
S214016600434621463A4628461CF047FB044600F01E
S2140166102FFE804634B1234600200A4A0C49FFF774
S21401662057FBDAE73B462046064A0A49FFF750FB86
S214016630062329463046089ACDF80080FFF7CAFEA1
S214016640CBE700BF48E90300BDE90300E7E9030023
S2140166501CEA030045EA0300F7B506460C46174652
S214016660FFF744FF054638B9104A1149FFF730FBDA
S2140166700224204603B0F0BD21464FF48A5230462C
S2140166801CF0D3FC044600F0F3FD34B12346002091
S214016690064A0849FFF71CFBEBE7009004233A463D
S2140166A031462846FFF796FEE3E700BF48E90300B8
S2140166B0BDE903006DEA0300F7B506460F46FFF78E
S2140166C015FF054638B9104A1049FFF701FB0224A9
S2140166D0204603B0F0BD00224023114630461CF090
S2140166E068FE04461CF063FE34B123460020064AC9
S2140166F00749FFF7EDFAEBE7009001233A463146EA
S2140167002846FFF767FEE3E748E90300BDE9030013
S214016710A0EA030073B504460E46FFF7E7FE0546FA
S21401672038B9104A1049FFF7D3FA0224204602B0BE
S21401673070BD0022204611461CF03DFE04461CF0AA
S21401674036FE34B123460020064A0849FFF7C0FA50
S214016750ECE70090234632464FF6FC712846FFF7D9
S21401676039FEE3E748E90300BDE90300CEEA03008A
S2140167702DE9F0418846107800219EB014461D464A
S214016780FFF7C6FE0646002800F0FD800778002FBA
S2140167907BD0B8F80010002940F0F5800389B8F8DE
S2140167A0022043F40040824240F0ED8061780029E7
S2140167B06BD1A2F50042062A00F2E580DFE812F06E
S2140167C0A100A100E300E3000700B8006900E38828
S2140167D00D3DADF82430238915F00105ADF82630BE
S2140167E063798DF82830E37A03F1060214F8122053
S2140167F08DF814308DF81C2042D10BA98E460691D7
S21401680004F10C005FFA85FC9C4500F1020009D2F8
S21401681010F8018C10F802CC01350CEB082C2EF880
S21401682002CBEFE701EB43011A440891D2B25900BB
S21401683001F10D009A42C0B20BD025186D78205C8C
S2140168407831694400EB0520013321F84C0CDBB2AA
S214016850EDE7B6F908203389002AACBF01220322EE
S214016860C3F30E038DF808206288ADF80A3005AB35
S214016870ADF80C20049302A930461CF0F9F904E0A7
S214016880424A43490020FFF723FA38461EB0BDE8C6
S214016890F081042D02D83D4A3E49F3E72379053DB0
S2140168A0ADB29D42B4F8028002D0384A3A49E9E7CF
S2140168B03A4A3B4B0020002D08BF13463949334A5C
S2140168C0CDF80080FFF704FA05348DF81450B6F9B8
S2140168D00830069485B1002BACBF012303238DF845
S2140168E02C303389ADF83080C3F30E03ADF82E306B
S2140168F005AB0D930BA9BFE7002BACBF0623052301
S214016900EDE70B2DC7D9D4F80200D4F8061013F41E
S214016910004F05AA03C20CBF042203228DF82C20C7
S2140169206289C3F30E03ADF83020ADF82E30DFE7F1
S214016930042DB0D96388ADF8303023790533DBB246
S2140169409D4206D00020114A17490095FFF7C0F96D
S2140169509BE70E4A00201549FFF7BAF9B6F9082059
S2140169603389002AACBF01220322C3F30E03ADF81C
S2140169702E3005AB0D93631D069323798DF82C20DD
S2140169808DF81430B6E700277FE700BF48E903001B
S214016990FBEA030023EB030037EB030077A40300B5
S2140169A053E603005EEB03007BEB0300BCEB030046
S2140169B0304BF0B5B0FBF3F24FF4616503FB120008
S2140169C0B0FBF5F3DCB205FB13033C25B3FBF5F393
S2140169D0DBB2A0EB04104B71C3EB0313A0EB8300F7
S2140169E04FF4FA630B8040F201134B8001230C71C4
S2140169F01F4600246425204E8871944200D1F0BDC4
S214016A0091F802C013B1BCF1020F2BD006EB0C00BB
S214016A1010F801ECC87870450BBF012001300CF16D
S214016A20010CC0B208BF81F802C0C87088780D2872
S214016A3016D10B888F7001339BB298070B8014D147
S214016A40B3FBF5F005FB103080B280B94FF4C87087
S214016A50B3FBF0FC00FB1C339BB2B3FA83F35B0978
S214016A600134CAE74FF01D0ED4E70023F8E70123EF
S214016A70F6E700BF805101006E3F040010B50446E2
S214016A8088B006A9FFF794FF9DF81E300A480393C5
S214016A909DF81D30049402939DF81C309DF81A2031
S214016AA00193BDF818300549009300889DF81B3006
S214016AB0FFF70EF908B010BD20520020D5EB0300F9
S214016AC0026808B51188154B19805188598051798B
S214016AD01971117959714FF48A51D980D28812F0FF
S214016AE0200F0CBF0A464FF48B528169DA800C4A9C
S214016AF0137831B9C0880B4923F00203088013705C
S214016B0008BD43F002031370074B152218460131E6
S214016B1003F0C8FC002200F8012CF1E71452002013
S214016B206A5B0020125200202352002010B5184C38
S214016B30236858791BF0C0FC0B2822D8154B03EBB1
S214016B400010027B237F9A421BD123684288198852
S214016B508A4205D04FF6FF70814212D1120410D43A
S214016B602279023A012A06D9A37B63B9BDE810400F
S214016B700748FFF747B9198958791AF0D3FD002855
S214016B80F2D1002010BD0248BDE81040FFF7CCB896
S214016B90B43D0020203C002008B51BF08DFC0B28DE
S214016BA096BF024B0020185C08BD00BF6F5B00203B
S214016BB008B500201BF0D3FFFF201BF0B0FC1BF034
S214016BC0D3FF1BF078FEFEF771F901210246064855
S214016BD003F016FC054BFF21054A0648FEF7C6FEE4
S214016BE0BDE80840FEF708BB6F5B0020145200208A
S214016BF010520020605A0020F0B5002204464FF6DD
S214016C00FF750B4F90B237F830600346AE4201D1A4
S214016C102846F0BDA64209D1B4F57C4FF9D307EB5F
S214016C20C3035B888B42F4D00029F2D00132E9E736
S214016C30AC3F040010B50446FFF7DEFF094A0346E1
S214016C4010884FF6FF72934214BF074A2246BDE8EA
S214016C50104017BF02EBC30304495A680449FFF703
S214016C6051B800BF20520020AC3F0400F8EB0300EF
S214016C708EB70300034B18780130C0B2187000F0CD
S214016C807F0070477D650020044A137818B143F0F1
S214016C9001031370704703F0FE03FAE76A5B0020F6
S214016CA0014B1870704700BF6D5B002038B1074B71
S214016CB01B78012B04D1038843F0400303807047FF
S214016CC0022BFCD1038823F04003F7E76D5B00201D
S214016CD068B1074A1378012B07D1064B1B7813704E
S214016CE0037843F01003037001E0022BF8D07047DD
S214016CF06C5B00206B5B00207FB50121264B274E85
S214016D00197033780246D90744D42549096881B1F8
S214016D100868C1888D0641BF224CE18841F02001F8
S214016D20E180C1884C0641BF1E48C18841F0400140
S214016D30C1801D4D1D492878097840074CBFE97070
S214016D4069701B4913F00204098809D0164A1948CC
S214016D501BF086FE337823F00203337004B070BD57
S214016D60154B18884FF6FB73984208D80B46CDE9A9
S214016D70005201460B4A20461BF04BF8EEE74FF651
S214016D80FF73CDE9014200930A46074B05491BF004
S214016D901CF8E3E70020E1E7615B00206A5B002066
S214016DA0B03D002014520020605A00207E6500206D
S214016DB010520020225200201252002070B5037992
S214016DC00446012B0D46164631D883681B78DB0630
S214016DD000D561B3A37B13B9E37C0B2B27D000222C
S214016DE0144B1A80637DB3FA83F35B09D800E37B07
S214016DF0ABB9FEF795FEA07CFEF792FE0B20FEF7E0
S214016E008FFEE07CFEF78CFE2846FEF789FE2046C4
S214016E10FFF756FE3046BDE87040FFF76DBF40F005
S214016E200400FEF77DFE208A1BF046FEE3E7002005
S214016E3070BD00BF10520020024B0A46014618687A
S214016E40FFF7BCBFB03D0020F0B4054618460F4B17
S214016E500C461B78BDF81010012B0D4E01D037786B
S214016E6027B1002333700020F0BC70470CB9002A0C
S214016E70F9D143B14FF65743994204D02B462246E7
S214016E80F0BC1BF0D3BD0120EEE700BF7F650020FC
S214016E906E5B00202DE9F04F684C4FF0000A254646
S214016EA08446964698460F46654B664E83F800A084
S214016EB00FCE0FC596E80F0085B085E80F00DDF808
S214016EC03C90BDF8383072460093394643466046DA
S214016ED0CDE9019400F0DCF8DFF89081064670B940
S214016EE00025FEF7FFFD16220021574803F088FA19
S214016EF000232846C8F8003005B0BDE8F08F534B94
S214016F00A27CC8F800401A70514B1B78002B36D073
S214016F101BF0DDFE4F4902465046FEF7F3FE22689F
S214016F205046537952884C490092A289FEF7EAFEF0
S214016F3050461BF045FE20B12368218A5888FFF78A
S214016F4079FEE37B23B10020228A4449FEF7DAFE6C
S214016F50A36800201A78E37C41490093A37CFEF7DE
S214016F60D1FE207DA289A168121A014401230020C6
S214016F7092B2FEF711FE00203A49FEF7A9FE2F480D
S214016F80FFF79EFD2D481DF0FCF8054630BBB9F114
S214016F90000F25D12168E0880B8801904988BA1E28
S214016FA0032A00918CBF002201220121E07CFFF719
S214016FB04BFF38B923685B79FF2B3AD0FFF7B6FD54
S214016FC005468EE72368DB889A06F3D40121264C12
S214016FD01A4821701BF094FE84F80090354680E72D
S214016FE0B9F814309B07E5D47AE75846FEF718F847
S214016FF082465846FDF760FF88B123685046228ACC
S21401700059881BF05CFA50B13846FFF759FD2368E2
S21401701089F804A083F805A0FFF788FD00B9284683
S21401702005460136FDF742FF5FFA86FB5845DCD878
S21401703057E70026014FDFF83890F3E7B43D00200C
S214017040615B00208C3F0400225200207E650020F8
S2140170507C65002011EC03001AEC03003BEC0300F6
S21401706047EC0300C19D03006E5B0020B03D00208D
S214017070145200200023054AD15C814202D31A44EF
S214017080507870470233DBB2F6E700BF7A3F040060
S21401709073B515462E781A4616F0040F0CBF032654
S2140170A005269E42089C08D9224A234900960020BC
S2140170B0FEF70EFE002002B070BDBDF8183021713B
S2140170C02060E380A560A2812B7803F00103A373FF
S2140170D02B7803F00403002B14BF01210021E17378
S2140170E02978C1F3C00161754FF00101217518D0EF
S2140170F028461BF01EFD237D208202332375227D48
S214017100531CDBB22375A95C0232D2B2A17422757C
S214017110EB5CE374A3899A4205D900920749054AB4
S214017120C5E72382EBE7079B0120A36100232377B2
S214017130C1E700BF0BA503008AEC0300A6EC030021
S2140171402DE9F7430024204FDFF89C80DFF89C9060
S214017150E0B21CF06AF8FF2805460FD1234601214C
S21401716002201A4AF7F7B4FA194B0134187819F0C5
S2140171703AFB152CECD103B0BDE8F08346B238EAF1
S214017180260328BF4B4601210093022057F82430DE
S214017190104AF7F79DFA002EE6DA0923E340DB07EB
S2140171A00AD50D4A0D4B15F0010F18BF1A460121DD
S2140171B00220F7F78DFAD7E70A2CD5D1084A094BF2
S2140171C015F0010FF1E700BFC43F0400FFEC030018
S2140171D08065002027ED0300D8EC0300C2EC030015
S2140171E0F4EC0300EAEC030077A4030053E6030083
S2140171F008B554220021024803F002F9002008BD18
S2140172001053002008B55422FF21024803F0F8F875
S214017210002008BDBC520020024B23F810100020AD
S214017220704700BFBC520020002310B4074ADCB2EE
S214017230A14203D85DF8044BFFF7DABF2A2BF9D039
S21401724032F8024B20F813400133F0E710530020C8
S214017250002310B5054A994201DD2A2B00D110BD45
S21401726032F8024B20F813400133F4E710530020A4
S214017270024B187800F07F00704700BF7B5B002050
S214017280034B18780130C0B2187000F07F007047C9
S2140172907B5B002030B51C4600238BB0ADF8222066
S2140172A0021D92B2012A0E9DADF82030ADF81E10D7
S2140172B0ADF81C3003D94FF6FF7290420FD1002271
S2140172C0CDE90352CDE90124094B01461B784FF65F
S2140172D0FF70009307AB1BF0C8FF0BB030BD014633
S2140172E0CDE901531846009407AA1BF0DAFFF4E72C
S2140172F08165002038B505464FF480500C4603F0F2
S21401730085FA4FF480532860236030B940F2A51106
S214017310BDE83840014821F097BE38BD16EE03009F
S21401732000487047CE540020014B1878704700BFC4
S2140173309A650020014B1888704700BF246500201D
S214017340014B1878704700BF93650020014B1878F1
S214017350704700BF7F5B0020014B1878704700BF65
S2140173608E650020014B1870704700BF825B0020BD
S214017370014B1870704700BF815B0020014B1888D5
S214017380704700BF226500202DE9F74F4FF0000837
S214017390394B3A4F93F80090394B3A4E3A4D3B4CA5
S2140173A03B483C49DFF8F4C0DFF8FCE0DFF810A109
S2140173B0DFF810B10193019B2037203301935FFA68
S2140173C088F3994506F1200605F1200504F120040D
S2140173D000F1200001F120010FD8002211462E4BAA
S2140173E02E4D1C782E4E2F4B2F4FD0B2844203F1D8
S2140173F0200338D803B0BDE8F08F2C4B2C4A47F851
S2140174001C3C002346E907232A4A47E9063E45E98C
S2140174100723294A46E905E344E90723274A45E9BC
S21401742005E340E90723019A44E905E340E905E35A
S21401743041E908CA41E9063E47F820CC47F8103C26
S21401744046F820CC45F820CC44F820CC40F820CC97
S21401745041F8103C08F1010842E908CB42E9063E32
S21401746042F8103CA7E743E9085643E9061743F8F4
S214017470101C0132B9E700BF9E6500208C41002038
S2140174808C4000206C4100204C410020EC40002044
S214017490CC400020AC400020986500200850002019
S2140174A09D9F02000C41002053E60300A5580300EF
S2140174B07D570300D967020079810200E531030098
S2140174C04DE50200DD560200002208B5074B1A60A2
S2140174D05A601BF079FE064B18701BF075FE054BC3
S2140174E01870054B1A78054B1A7008BDAA4F002074
S2140174F0BD5B0020BC5B00208C650020BB5B0020D0
S214017500002100B593B008466A460AF0E7F901463D
S214017510C8B90E4B0E4A09930E4B0D920A930E4AAA
S2140175200E4B0E920B930E4A0E4BCDE90F230C9386
S2140175300D4B6A4611930AF087FC003818BF0120EC
S21401754013B05DF804FB0120FAE700BF0F530300F8
S2140175507563020013550300353802001332030029
S214017560A172020073550300A55F0200084B18784C
S214017570112806D8012809D9064BC34003F001009B
S2140175807047A0F1430358425841704700207047A6
S214017590BF5B00203400020008B5064B1B78013B98
S2140175A0022B05D80020FFF7E1FF0138C0B208BD65
S2140175B0FF20FCE7C05B0020044B00F1100250F8EE
S2140175C0041B904243F8041BF9D17047C15B0020AD
S2140175D0044B03F1100253F8041B934240F8041BBA
S2140175E0F9D17047C15B002030B5002491B0114B32
S2140175F00546214614220BA8CDE9094302F000FFF7
S214017600102209ABCDE900440693CDE90452CDE939
S2140176100252094B09490AA818F0E4FC04460AA8D4
S2140176201CF04CFB1CB1A021054821F00DFD11B04A
S21401763030BD00BF0024800000444004C15B002030
S214017640A1EE030070B5002490B0154B05460E461A
S214017650142221460BA8CDE9094302F0D1FE1022DF
S21401766009ABCDE9004406933146CDE90452CDE994
S21401767002520C4B0AA818F0B5FC04460AA81CF0E6
S2140176801DFB1CB1BA21084821F0DEFC099B102B1A
S21401769003D0BB21044821F0D7FC10B070BD00BF59
S2140176A00024800000444004A1EE030030B50D46DE
S2140176B000218FB0124B0446142209A8CDE9071306
S2140176C002F09EFE102207ABCDE90242CDE9004250
S2140176D0049329460B4B08A818F086FC044608A814
S2140176E01CF0ECFA1CB1D121074821F0ADFC079B38
S2140176F0102B03D0D221044821F0A6FC0FB030BDD8
S2140177000024800000444004A1EE03000022034B45
S2140177101870034B1970034B1A707047D25B002028
S214017720D35B0020D15B00202DE9F04FDFF890807D
S214017730064698F800300D4685B0002B3AD04FF635
S214017740FB73984236D84FF0000B1C4FDFF874A03D
S2140177503C7898F800305FFA8BF94B459AF80000B0
S21401776011D9484402AA0DF10601C0B214F00CFB6F
S214017770082229460DEB020003F08EF90BF1010BEE
S2140177800028E6D14C463B78A34208D198F8002061
S214017790631CDBB29A423B7004BF00233B70324647
S2140177A029469AF800301C44E0B205B0BDE8F04F17
S2140177B014F0D8BB05B0BDE8F08F00BFD15B002048
S2140177C0D35B0020D25B00202DE9F74F06460D461D
S2140177D014461F464FF0010BDFF8789003F10C0AB0
S2140177E015B903B0BDE8F08F102DA84628BF4FF09D
S2140177F010083A46164B5FFA88F152F8040B5245C8
S21401780043F8040BF9D101919AF8002011481A7037
S214017810002389F80F4089F800B089F80E30FFF789
S214017820E3FE324601340B480199E4B212F801CB6B
S21401783010F8013B83EA0C0302F8013C931BDBB210
S2140178408B42F3D3A5EB080816461FFA88F5C7E75F
S214017850D55B0020D45B00202DE9F04F9046914681
S21401786085B00090981A029383B20193009B0F464D
S214017870354903F10C0453F8045BA34241F8045B59
S214017880F9D11B78314E0B7049233370019BF0738D
S2140178901B0A3046B373FFF7A7FE0221BB460D460F
S2140178A0737888EA030373704FF0000A1DE0C5F190
S2140178B01004A9EB0A039BB2A4B29C4228BF1C4643
S2140178C000231FFA83FCE8186445C0B21FD825447C
S2140178D0EDB2A344102D54441FFA84FA05D10025B5
S2140178E030460391FFF780FE0399D145DFD807EBB9
S2140178F0080B25B115480391FFF776FE0399012978
S2140179004FF000050DD00121DDF80490CCE71BF8FF
S21401791003C016F800E001338CEA0E0C06F800C02E
S214017920CFE7029B09491F44094B38461C7822467B
S21401793002F0F6FE2A4621463846009B05B0BDE811
S214017940F04FFFF741BF00BFD55B0020D45B00209E
S2140179509F65002030B540780C4601284FF0110392
S21401796087B001F1100516D1144A01A90AF0F4FFF7
S214017970234601AC224618685968083303C2AB4255
S2140179801446F7D111230D4A002001A90AF0E4FF9D
S214017990002007B030BD0120094A01A90AF0DCFF2A
S2140179A0234601AC224618685968083303C2AB4225
S2140179B01446F7D11123024AE6E700BF75E4010039
S2140179C079EB010030B50C46407887B001284FF0BE
S2140179D011030DBF0B4A0C4A012001A918BF01A9CA
S2140179E00AF0BAFF234601AA05AD144603CCAC4201
S2140179F018605960224603F10803F6D1002007B04B
S214017A0030BD00BF75E4010079EB010010B50C46EE
S214017A1088B01A230C4A01A901200AF09DFF2146CD
S214017A200DF10E0304F1100251F8040B914243F8D4
S214017A30040BF9D11A230020034A01A90AF08CFF8E
S214017A40002008B010BD00BF24E10100F0B58BB0E6
S214017A5004460D461DF020FCA8B101A812F044F919
S214017A6088B1667B271D16F0020F05D0082238461E
S214017A7001A903F011F8D0B901AB46F0020603CB19
S214017A806060796066731A230A4A03A901200AF026
S214017A9063FF29460DF116030DF1260253F8040B78
S214017AA0934241F8040BF9D100200BB0F0BD2D2014
S214017AB0FBE700BF24E10100F0B50546071D0022E3
S214017AC00C463846082193B01DF074FB6A7B0646C7
S214017AD0D0070BD5687808A91CF021F8DDF83D30F1
S214017AE06B60DDF841307B6080B10BE0910709D512
S214017AF0D2000121384602F080021CF01BF8FF2854
S214017B00687002D12D2013B0F0BDD6B1687801A9F6
S214017B101BF0A2FF9DF81C305B0604D54FF4C6711E
S214017B200A4821F091FA234603AD07AC2A4603CA58
S214017B30A24218605960154603F10803F6D10020E9
S214017B40E1E708A91BF0EBFFCEE700BF1FEF03003C
S214017B502DE9F04106468AB01F480F461546002417
S214017B60FFF736FD002C01A914BF4FF05C0C4FF057
S214017B70360C10238846184A12F8010B013B8CEA92
S214017B80000013F0FF0301F8010BF5D105A81EF064
S214017B904CF94246102105A81EF04BF9C4B93946E6
S214017BA0324605A81EF0ADF92A460DF1140C0DF16A
S214017BB0240E634603CB7345106051609C4602F168
S214017BC00802F6D114B10AB0BDE8F0810124C9E774
S214017BD02A461021E5E700BF045C00202DE9F047A6
S214017BE091460D46C0B09DF82041DDF828811E461D
S214017BF0DFF87CA09DF824310746224649464046D8
S214017C008AF8003002F08CFD9DB12346324641468B
S214017C103846FFF721FEB44207D9A11B3B46012295
S214017C2089B208EB0600FFF7CFFD002040B0BDE8A3
S214017C30F087A11B3B46012289B208EB0600FFF73D
S214017C40C3FD22464146684602F06AFD3246694651
S214017C5038462346FFF700FE9AF800200DEB040194
S214017C6009EB040002F018FF0028DED02C20DDE727
S214017C709F65002038B50346104601F1100451F8FF
S214017C80045BA14242F8045BF9D104491BB1FFF73A
S214017C90D9FC002038BDFFF709FDFAE7045C002097
S214017CA030B5054689B069461BF05AFD6B8804ACB1
S214017CB0ABB12246294668461BF0F2FC0E4A08ADD7
S214017CC0234603CBAB42106051601C4602F108020A
S214017CD0F6D10948FFF770FC002009B030BD6B46AD
S214017CE0054D1A4603CAA24228606960134605F18B
S214017CF00805F6D1EDE700BF045C002050B10B4B40
S214017D000B4A03F1100153F8040B8B4242F8040BA3
S214017D10F9D17047064B054A03F1100153F8040BDD
S214017D208B4242F8040BF9D1704700BF045C002077
S214017D30E45B002008B51022024802F0B3FB0020E5
S214017D4008BD00BFF45B002008B5084610220249B2
S214017D5002F0A8FB002008BDF45B002010B5044625
S214017D6086B001A9114A112301200AF0F5FD9DF8FC
S214017D70143001A8E3701EF01FFC80F001000C4ACD
S214017D8001A96070112301200AF0E6FD9DF8143068
S214017D9001A8A3701EF010FC80F00100207010F006
S214017DA03DFB6060002006B010BD00BF75E4010019
S214017DB079EB010010B5044686B01123134A012061
S214017DC001A90AF0C9FDA3789DF814209A4207D0AC
S214017DD08DF81430002011230C4A01A90AF0BCFDCD
S214017DE011230B4A012001A90AF0B6FDE3789DF89C
S214017DF014209A4207D08DF8143000201123044A2B
S214017E0001A90AF0A9FD06B010BD00BF79EB01007B
S214017E1075E401002DE9F04186B0064603A80C463C
S214017E2012F000FF054600284AD1BDF80C3098062E
S214017E3046D510222946204602F0E2FA01A811F0A2
S214017E4053FFC0B1777B06F1040817F0020F06D086
S214017E500822404601A902F01FFE00282ED101ABE0
S214017E6047F0020703CB7060C8F8041077732388C5
S214017E7043F008032380238843F00203238011F094
S214017E800DFB60601DF008FA30B10E4B1B68A36055
S214017E90238843F0040323800B4B1A68D1035EBF8B
S214017EA0238843F010032380130203D5238843F469
S214017EB000632380284606B0BDE8F0812D25F9E74A
S214017EC02425F7E7BC410020C041002010B5D0E9C9
S214017ED0023253F8223090B01C6840226946204690
S214017EE01BF090FE034630B1224600200549FDF7FF
S214017EF0EFFE10B010BD012269460820FDF792FE84
S214017F00F7E700BFB5EF030070B500F0B1F8002841
S214017F100CBF6E22792200201349FDF7D9FE00F02E
S214017F20A7F8F0B11BF082FE00280CBF6E22792262
S214017F3000200E49FDF7CCFE082200200C49FDF773
S214017F40C7FE00250B4C0C4E234654F8042C314634
S214017F5000200335FDF7BCFE182D04F10C04F3D107
S214017F6070BD3F22E4E700BFEDEF030004F003001D
S214017F7014F00300E442002033F0030070B51BF058
S214017F803AFE044621490020FDF7A2FE2CB9204600
S214017F90BDE870401E49FDF79BBE00F0BBF80546E4
S214017FA01C4B62690020002A08BF1A461A49266837
S214017FB0FDF78EFEA28800201849FDF789FE1849B4
S214017FC0E2880020FDF784FEA388228913F01000C2
S214017FD01ABF002013491449FDF77AFEE268002013
S214017FE01249FDF775FE226900201149FDF770FE62
S214017FF0104A114B0020B6F5817F38BF13460F4952
S2140180002A46BDE87040FDF763BE00BF68F0030076
S21401801075F003002BC0030096F00300B4F00300D4
S214018020D5F00300F2F003000FF103002DF1030079
S2140180304BF1030060F0030056F0030069F1030002
S21401804038B5014600230C25084A05FB03F4A018A1
S2140180501459013404D10C2202F024FA002038BD50
S2140180600133082BF1D10120F9E700BFE0420020DF
S214018070034B1878012894BF00200120704700BFE9
S214018080165C002038B50446044D2878A04203D07B
S21401809021461BF090FD2C7038BD00BF165C0020F9
S2140180A000B58FB03422002101A802F0A9F901A879
S2140180B0EEF79AFD0598D0B182680E4BB2F5803F77
S2140180C034BF92B2C2F38F2241881A81028828BF38
S2140180D041F010011A6042689980DA80C268DA605D
S2140180E002691A6142695A61027E18461A760FB011
S2140180F05DF804FB64420020054B1B7820B1012B80
S21401810004D80220FFF7BEBF012BFBD8704700BF83
S214018110165C002010B5084C237853B91BF06BFD94
S2140181200123237028B10368B3F5817F24BF037E42
S2140181302370207810BD00BF155C002070B5184B69
S2140181401B78012B2BD81BF039FD164D024616491C
S2140181500020FDF7BDFD0120FFF7CEFF2E78FF2E94
S2140181601DD1FFF79DFFC8B1848860223146C4F354
S21401817040040E482C7002F043F9602231460C4848
S21401818002F03EF95CB1FFF7C5FF042807D9BDE848
S214018190704040F22B11074820F056BF287070BD82
S2140181A0165C0020A06500208CF10300E042002050
S2140181B0804200209EF103002DE9F04FDFF8849203
S2140181C08DB003AB07468846144699E8070083E856
S2140181D00700FFF7B3FFFFF79DFF944B06461D7898
S2140181E04B46012D40F07081012840F27281B7FBA9
S2140181F0F0F200FB1272002A00F06B818C4900221B
S2140182008B46D1F800C0BCF1FF3F04D0087A604429
S214018210874200F019810132082A01F10C01F0D1E0
S21401822093E8070006AE0DF1240A86E807008AE8FF
S2140182300700FFF76FFFB7FBF0FB00FB1B7BA0EB14
S2140182400B094A46414606460AA809978DF82C901E
S21401825002F066FA00224FF00C0E764902E0013277
S214018260082A0ED00EFB02F000EB010C0858013074
S214018270F5D19AE807008CE807006F490A780132C1
S2140182800A70A14504DD4FF4E2716C4820F0DCFE73
S214018290A41B5C444F44A1B217FA84F4B4FBF6F273
S2140182A006FB1242C8448E1A91B1A41A08EB0601C5
S2140182B007A88DF82020069402F032FA06A8FFF7E8
S2140182C0BFFEFF2804D140F2D9115C4820F0BCFE65
S2140182D0B6B2B6B10320FFF7D5FE802E0AD83246D5
S2140182E04146574802F01CFA3246384654491BF0BC
S2140182F06DFC05460220FFF7C5FE28460DB0BDE819
S214018300F08F0025F9E74FF40E714C4820F09CFEE3
S214018310464B1B78012B00F0E380002C36D003205F
S214018320FFF7B0FE802C2FD822464146444802F083
S214018330F7F92246384642491BF048FC054602201A
S214018340FFF7A0FEDFF8F09099F8003093B1039C98
S214018350FFF7E0FE374B002798461A68511C04D0F9
S214018360197A411A521A944224D00137082F03F180
S2140183700C03F2D1002DC0D1039B0133C1D003A859
S214018380FFF75EFE0546B8E70125D8E72546D9E79B
S21401839040F26D21294820F057FE012524E0012DE9
S2140183A030D0802E2FD83246254903981BF00EFC7C
S2140183B0054628E0002DA0D10C247C4308EB0403DD
S2140183C09DF814A093F808B00AEB0B03802BDFDCB2
S2140183D01B4B524604A9184602F0A2F9211D5A4623
S2140183E04144504402F09CF90C2303FB07839DF89B
S2140183F014201B7A13449E42D1D040F273210F48B9
S21401840020F022FE01250220FFF73CFE99F80030FD
S21401841013B1013B89F800304FF0FF3308EB04023B
S21401842048F80430C2E9013367E700BFA0650020C1
S214018430E042002080420020145C00209EF10300F0
S214018440E4410020284004004FF00C0A0AFB02B366
S214018450187AA6EB00095FFA89F9A14501D35FFAFC
S21401846084F90AFB02FA0AF1040528444A46414601
S214018470584402F055F90BEB0A031A7AA4EB0904E7
S2140184804A44D2B2B242A4B21A7219D1032001935D
S214018490FFF7F8FD32460BEB05015BF80A001BF00F
S2140184A095FB05460220FFF7EDFD4FF0FF32019BDD
S2140184B04BF80A20C3E90122002D7FF41EAFC84401
S2140184C0002C3FF41EAF4F44104B1B78012B7FF45A
S2140184D024AFB7FBF6F306FB1373002B7FF413AF41
S2140184E0E319B3FBF6F506FB1535002D3FF415AF82
S2140184F0641B5B1B08EB04012A4604A80393A4B281
S21401850002F00EF98DF8145007E700BFA0650020B1
S21401851070B5134B1B78012B0CD1FFF70FFE00260D
S214018520104D55F8043C013306D10336182E05F1DB
S2140185300C05F6D1002411E00320FFF7A3FD55F842
S214018540044CFFF7E7FD2946024620461BF03EFB9A
S21401855004460220FFF796FD002CE6D0204670BDAB
S214018560A0650020E442002070B505460C46FFF7E2
S214018570E5FD0520FFF786FD214628461BF034FB66
S21401858006460220FFF77EFD00220A4B2C4419689E
S214018590481C08D0A94206D3A1423EBF4FF0FF3186
S2140185A0C3E9001199600332182A03F10C03EED1D6
S2140185B0304670BDE0420020D0E9023253F8223046
S2140185C010B51C68204600F095FA28B12146BDE892
S2140185D01040024800F002BE10BD00BF1CF20300AE
S2140185E008B5D0E9023253F82230186800F06CF969
S2140185F020B1BDE80840024800F0F0BD08BD00BF4C
S2140186003EF203002DE9F041D0E9023253F8221080
S21401861003EB82035B680F681D789AB0642D04D95A
S2140186206421114800F0DAFD64252A46384601A97E
S21401863000F002F9044698B90C4800F0CFFDDFF8C7
S214018640348001AE013DA54202DC1AB0BDE8F081DE
S2140186503919404616F8012B00F0C0FD0134F2E747
S214018660034800F0BBFDF0E761F2030081F203006E
S214018670ABF2030098F203002DE9F04700252D4FD9
S214018680DFF8E080DFF8E0908CB0284603A900F020
S214018690EFF810B10CB0BDE8F087049B2946039AA9
S2140186A00093384600F09AFD404600F097FD059984
S2140186B010290CD810290CD8DFE801F00F14320B62
S2140186C0340B0B0B360B0B0B0B0B0B0B3A00202949
S2140186D02CD0194800F082FD07E0184800F07EFD16
S2140186E00135D2E7164800F079FD0699484600F0B4
S2140186F075FD0799134800F071FD134800F06EFDF3
S2140187001024DFF868A00DF11F06504616F8011F69
S214018710013C00F063FD14F0FF04F6D10B48DDE7E1
S2140187200B48E0E70B48DEE70B48DCE70B48DAE7E7
S2140187300B48D8E7C6F203006BF303001BF30300F4
S2140187402BF3030091F30300A9F30300BE97030084
S21401875033F303003BF3030044F303004FF303003A
S21401876066F303000AF303007AF30300BAF3030087
S21401877010B50B4C8EB023785BB9EEF7AFF9014616
S21401878050B9012301A82370EEF72EFA054B049A7F
S2140187901A6020780EB010BD034800F01FFDF8E700
S2140187A0175C002024460020C0F3030000B58FB0FC
S2140187B0FFF7DEFF002829D001A8EEF715FA059B82
S2140187C01448198800F00AFD059B13485969134B94
S2140187D0002908BF194600F001FD059B104859887D
S2140187E000F0FCFC059B0F48196900F0F7FC059B9F
S2140187F00D48D96800F0F2FC059B0C48197E00F084
S214018800EDFC0B4B0B48196800F0E8FC0FB05DF867
S21401881004FB00BFFDF303000FF403002BC00300AD
S21401882021F4030035F4030049F403005DF403006A
S2140188302446002071F4030070B5064615460C4622
S21401884079B172B1FFF794FF68B121462A463046E6
S214018850EEF7D4FA014618B1044800F0BFFC012037
S21401886070BD2120FCE71120FAE700BF83F4030066
S21401887037B505460C46FFF77BFFE0B1114B1B6889
S214018880AB421AD9CCB100212422204601F0B8FD12
S2140188902146284616F0FEFB88B9284601AA04F1AF
S2140188A00801EEF75DFA20B140F20643C01A18BF80
S2140188B0012003B030BD1120FBE72120F9E701209C
S2140188C0F7E700BF24460020F0B593B00546FFF752
S2140188D04FFF002845D0254B1A68AA4207D82946DB
S2140188E02348013A00F07AFC212013B0F0BD05A818
S2140188F0EEF77AF9284603A916F0CCFB98BB049A42
S21401890022F4FF57C2F30C0327F01F072BB14FF4D5
S21401891000532946174800F061FC039E7FB120F002
S214018920A0FB30464FF40051EEF7F4FA3346044606
S21401893006F5005650B9039BF31ABB42EFD32A46FD
S21401894039460D4800F04AFC002406E000902A460D
S2140189504FF40051094800F041FC201E18BF0120C9
S214018960C3E71120C1E70120BFE700BF244600206E
S214018970B1F403005FF503001EF60300CDF5030016
S21401898010B5044638B1FFF7F3FE30B10020044BB2
S2140189901B68236010BD2120FCE71120FAE700BF09
S2140189A02446002010B50446FFF7E2FEB0B10C4B9A
S2140189B01A68A24206D821460A48013A00F00EFC7F
S2140189C0212010BD20F04DFB40F2C1222046064971
S2140189D0EEF786F9003818BF0120F2E71120F0E71C
S2140189E024460020B1F403006043002010B504467D
S2140189F0FFF7BEFE70B121460848EEF791F940F246
S214018A000323984208D040F2012398420CBF052068
S214018A10012010BD1120FCE70020FAE7604300208A
S214018A202DE9F0412D4D04462F68FFF7A1FE0028E1
S214018A3051D02968A14207D84A1E2948214600F08C
S214018A40CDFB2120BDE8F0812648EEF729F9DFF8B5
S214018A5094800246B0B943462E68964222D1BE4261
S214018A6014BF3A4606F1FF3212BB31461D48C8F81C
S214018A700040EEF7F5F8014600B31B4800F0AEFBE8
S214018A800120DFE72046EEF7CBF8044638B1014671
S214018A90164800F0A3FB201E18BF0120D2E7EDF711
S214018AA01BFFF8E753F8041B8C42DDD00132D4E7F4
S214018AB00C499200081D01F0F5FCD6E72968094823
S214018AC0EEF7EEF8044610B101460948D6E7EDF791
S214018AD003FF2046B6E71120B4E700BF2446002076
S214018AE0B1F403004043002064F603003AF60300A5
S214018AF097F60300F8B50446FFF73AFE002845D07E
S214018B00234B1A68A24207D821462248013A00F0B0
S214018B1065FB21242046F8BD1F4800F05FFB20F0CE
S214018B20A0FA40F2C1221D492046EEF7D9F840F2DC
S214018B300327054620F095FA184E65B140F2032347
S214018B409D421AD02946164800F048FB01241548D4
S214018B5000F044FBDEE720F084FA29463046EEF7C3
S214018B60DFF8B84209D040F20123984203D10E48FB
S214018B7000F034FBE1E70546DFE721460B4800F04D
S214018B802DFB2046FFF74CFF0446E0E71124C1E722
S214018B9024460020B1F40300CEF603006043002013
S214018BA0EEF60300BE97030037CC030006F703007A
S214018BB010B50A46044619B1024B00211B689847B6
S214018BC010BD00BF3440040010B5114C237858077F
S214018BD044BF23F0040323702378990705D500F0DA
S214018BE05DF8237823F00203237063781BB100231A
S214018BF0084A636053600023082106486370FFF744
S214018C00D7FF2378DA0744BF23F00103237010BD92
S214018C10284600202C46002038B51A4C6278237866
S214018C20022A01D1072B11D0DD0712D52378980728
S214018C3007D400F02BF82378054643F0020323708F
S214018C4080B96278237882B15A0716D5002528465E
S214018C5038BD17F045F92378054643F00103237024
S214018C600028E3D0FFF7B0FFF1E7D907ECD50649B6
S214018C7062604A6002226270E6E743F004032370F2
S214018C80E4E700BF284600202C4600200122024BC4
S214018C90002083F8F0207047344600202DE9F0418B
S214018CA00A4C002526464FF0010803272046C4F843
S214018CB01C80277601351AF0E4FF062D04F12804FE
S214018CC0F4D1002386F8F030BDE8F0813446002068
S214018CD02DE9F04F984691B00B1E0A93B44B91467E
S214018CE014BF83469B4600251A9E98F8000070B96B
S214018CF04D4538BF2A464B464FF000000A9928BF1B
S214018D0009F1FF32D847284611B0BDE8F08F252873
S214018D1008F1010806D02A464B460A996C1CD8472A
S214018D202546E2E70023414611F8012B2B2A16D0EF
S214018D300AD8202A16D0232A17D0A2F130000928F3
S214018D4034D800270A2418E02D2A05D0302AF4D179
S214018D5043F001038846E6E743F00203FAE743F0EF
S214018D600403F7E743F00803F4E743F01003F1E7E1
S214018D70884604FB0722A2F13007414611F8012B71
S214018D80A2F130000928F3D998F800202E2A52D1F2
S214018D9098F8011008F10102A1F13000092843F406
S214018DA080633ED800244FF00A0E11E02A2A08D12B
S214018DB056F8047B8846002FBCBF43F002037F426F
S214018DC0E2E70027E0E702460EFB0411A1F13004BA
S214018DD0104610F8011BA1F1300CBCF1090FF2D9B5
S214018DE09046424612F8011B6C292DD025D86829D9
S214018DF033D06A293BD04246904618F8010B6728C3
S214018E0060D8572836D8452808D084D9462800F097
S214018E10188147287FF47FAF43F4006343F02003B3
S214018E2027E12A2906D156F8044B08F1020824EA5C
S214018E30E474D6E790460024D3E7742901D07A2952
S214018E40D9D143F48073D7E798F801106C29F8D18B
S214018E5043F4407308F10202CEE798F8011068293E
S214018E6002D043F08003C7E743F0C003F2E743F4C0
S214018E700073C1E7A0F158020F2A3FF64CAF01A1DB
S214018E8051F822F0258F0100178D0100178D010082
S214018E90178D0100178D0100178D0100178D010038
S214018EA0178D0100178D0100178D0100258F010018
S214018EB091900100258F0100679001004790010005
S214018EC067900100A0F16901C9B20F293FF623AFEF
S214018ED0012249F2410C8A4012EA0C0218D10A29F1
S214018EE000F0158107297FF416AF43F0210305939F
S214018EF00823CDE903431023CDE9012356F8043BAB
S214018F002A46009358464B460A991AF0AAFFA8E04B
S214018F106F2800F05E8110D9782808D1102223F03E
S214018F200C0310E0582839D0622800F054810A2238
S214018F3023F01003642806D0F1E769284FF00A02EF
S214018F4023F01003F6D1590548BF23F00103692821
S214018F5003F4007101D0642840D111B3073626F01E
S214018F600706B24670685AF8081BCDE90773002356
S214018F700593C30F0028029306940B46049202DA67
S214018F804B4260EB4000CDE900304B462A4658463E
S214018F900A991AF0A8FF05465646A6E643F02003AE
S214018FA0BCE7D90506F1040A04D5316805E000BF1F
S214018FB0C53C030058060CD53178CDE90224CDE92D
S214018FC0047300294FEAD1730193B8BF4942009157
S214018FD020E01906E9D5B6F90010EEE779B1CDE93A
S214018FE007730023CDE9042306F1070A2AF0070ACE
S214018FF006940293FAE80223CDE90023C5E7D805D3
S21401900006F1040A0DD5CDE90473CDE902240191D8
S214019010336800934B462A4658460A991AF021FFB0
S214019020B9E7590607D53178CDE904730023CDE9B0
S21401903002240193CBE7316813F0800F18BF89B281
S214019040F2E743F02003CDE90173073626F0070661
S2140190500094B6EC020B4B462A4658460A99EBF7A3
S21401906097FB054641E600F0DF00472801D143F4AF
S2140190700063CDE90173073626F007060094B6ECC7
S214019080020B4B462A4658460A99EBF7C5F9E8E71C
S21401909013F0020426D04FF0010A6B1C0B932A46EC
S2140190A04B460A9916F8040BD84774B354460B9AE4
S2140190B021E04B4620200A99D8470AEB05020AF11F
S2140190C0010A5745F5D83A1E18BF0122002A07F1B2
S2140190D0FF3308BF002307F1010A1D4408BF4FF004
S2140190E0020ADAE7A246E8E7551C4B4620200A9911
S2140190F0D8472A460134BC42F6D3A7EB0A035745A4
S21401910038BF00230B9A1A440B920B9DEDE53246AD
S214019110002C52F8046B14BF21464FF0FF310B921E
S21401912032463144107808B1914211D1A2EB060AB9
S21401913013F480620C9202D0A24528BFA24613F017
S21401914002030D931BD1AAEB05032A460F9308E0F1
S2140191500132E7E7531C0E9320204B460A99D84765
S2140191600E9A0F9BD318BB42F4D3A7EB0A035745BD
S21401917038BF00230AF101021D4403EB020AAB1BB0
S2140191800E9304E01C464B462A460A99D8470E9B86
S214019190F51816F8010B28B10C9B002BF3D0631EB3
S2140191A0002CEFD10D9B93B12A46AAEB050405E0EE
S2140191B0561C4B4620200A99D84732461319BB4203
S2140191C0F6D3A7EB0A03574538BF00231D440B9E71
S2140191D08BE50822A3E60222A1E600BF0FB41FB565
S2140191E006AA52F8043B02A90392009204484FF0E3
S2140191F0FF32FFF76DFD05B05DF804EB04B0704774
S214019200873F03001FB5034600914FF0FF3203A9C5
S2140192100248FFF75DFD05B05DF804FB873F0300DC
S2140192201FB5CDE90201009302A9134603484FF08A
S214019230FF32FFF74DFD05B05DF804FB8F3F0300DD
S2140192401FB5094B094A1868094B01A91860094B53
S2140192501360094A0192094A1268CDE9022316F001
S214019260E6FE05B05DF804FB146200202C370020F2
S2140192703037002008620020092F0400E44900204E
S214019280014B186816F0E7BE1462002038B5F1F7F6
S21401929021FE0446064D2B68D3F8B002F1F70EFE08
S2140192A0286816F0EBFE2046BDE83840F1F706BE0A
S2140192B01462002010B51F4CF0F766F9236F0120E9
S2140192C023F0070343F002032367F0F76BF9D4F8A2
S2140192D02031002023F0070343F00103C4F82031B6
S2140192E0D4F8403123F0030343F00103C4F84031BE
S2140192F0D4F8603123F0030343F00103C4F860316E
S214019300D4F8403223F0030343F00103C4F840329B
S214019310D4F8003223F0070343F00103C4F8003207
S214019320D4F8083223F0070343F00103C4F80832E7
S21401933010BD00BF00800050064B1B681A7A022A37
S21401934001D81AB97047032A00D070471B68024A31
S2140193501360704718620020E44900200022024B87
S2140193605A60DA601A607047E849002008B501F0D3
S21401937037FF0022014B1A7008BD00BF185C0020A1
S2140193800A4601491AF06DBECD5804000A46014945
S2140193901AF067BEC85804000A4601491AF061BEB1
S2140193A0C15804000A4601491AF05BBEBE580400C3
S2140193B00A4601491AF055BEBB5804000A4601493F
S2140193C01AF04FBEB65804000A4601491AF049BEC3
S2140193D0B15804000A4601491AF043BEAC580400CD
S2140193E00A4601491AF03DBEA558040081F0004125
S2140193F002E000BF83F0004330B54FEA41044FEA74
S214019400430594EA050F08BF90EA020F1FBF54EA0E
S214019410000C55EA020C7FEA645C7FEA655C00F0AA
S214019420E2804FEA5454D4EB5555B8BF6D420CDD7B
S2140194302C4480EA020281EA030382EA000083EAFE
S214019440010180EA020281EA0303362D88BF30BD9E
S21401945011F0004F4FEA01314FF4801C4CEA1131F4
S21401946002D0404261EB410113F0004F4FEA033353
S2140194704CEA133302D0524263EB430394EA050FDE
S21401948000F0A780A4F10104D5F1200E0DDB02FA4D
S2140194900EFC22FA05F2801841F1000103FA0EF2E1
S2140194A0801843FA05F359410EE0A5F120050EF1A7
S2140194B0200E012A03FA0EFC28BF4CF0020C43FAD8
S2140194C005F3C01851EBE37101F0004507D54FF0E5
S2140194D0000EDCF1000C7EEB00006EEB0101B1F535
S2140194E0801F1BD3B1F5001F0CD349085FEA30007B
S2140194F04FEA3C0C04F101044FEA445212F5800F86
S21401950080F09A80BCF1004F08BF5FEA500C50F122
S214019510000041EB045141EA050130BD5FEA4C0C05
S214019520404141EB0101013C28BFB1F5801FE9D262
S21401953091F0000F04BF01460020B1FA81F308BF85
S2140195402033A3F10B03B3F120020CDA0C3208DD51
S21401955002F1140CC2F10C0201FA0CF021FA02F12C
S2140195600CE002F11402D8BFC2F1200C01FA02F19C
S21401957020FA0CFCDCBF41EA0C019040E41AA2BFC1
S21401958001EB0451294330BD6FEA04041F3C1CDA89
S2140195900C340EDC04F11404C4F1200220FA04F0A9
S2140195A001FA02F340EA030021FA04F345EA030153
S2140195B030BDC4F10C04C4F1200220FA02F001FA15
S2140195C004F340EA0300294630BD21FA04F0294697
S2140195D030BD94F0000F83F4801306BF81F4801130
S2140195E00134013D4EE77FEA645C18BF7FEA655CA3
S2140195F029D094EA050F08BF90EA020F05D054EA75
S214019600000C04BF1946104630BD91EA030F1EBF79
S2140196100021002030BD5FEA545C05D1400049417D
S21401962028BF41F0004130BD14F580043CBF01F570
S214019630801130BD01F0004545F0FE4141F4700156
S2140196404FF0000030BD7FEA645C1ABF1946104631
S2140196507FEA655C1CBF0B46024650EA013406BF32
S21401966052EA033591EA030F41F4002130BD00BFF1
S21401967090F0000F04BF0021704730B54FF48064AE
S21401968004F132044FF000054FF0000150E700BF2F
S21401969090F0000F04BF0021704730B54FF480648E
S2140196A004F1320410F0004548BF40424FF000017B
S2140196B03EE700BF42004FEAE2014FEA31014FEABE
S2140196C002701FBF12F07F4393F07F4F81F060510D
S2140196D0704732F07F4208BF704793F07F4F04BF58
S2140196E041F40021704730B54FF4607401F0004535
S2140196F021F000411CE700BF50EA010208BF704795
S21401970030B54FF000050AE050EA010208BF704785
S21401971030B511F0004502D5404261EB41014FF4EE
S214019720806404F132045FEA915C3FF4D8AE4FF0F6
S21401973003025FEADC0C18BF03325FEADC0C18BFD9
S214019740033202EBDC02C2F1200300FA03FC20FA2A
S21401975002F001FA03FE40EA0E0021FA02F1144477
S214019760BDE600BF70B54FF0FF0C4CF4E06C1CEA90
S21401977011541DBF1CEA135594EA0C0F95EA0C0F01
S21401978000F0DEF82C4481EA030621EA4C5123EA74
S2140197904C5350EA013518BF52EA033541F48011A3
S2140197A043F4801338D0A0FB02CE4FF00005E1FB56
S2140197B002E506F00042E0FB03E54FF00006E1FBA0
S2140197C003569CF0000F18BF4EF0010EA4F1FF04E3
S2140197D0B6F5007F64F5407404D25FEA4E0E6D4123
S2140197E046EB060642EAC62141EA55514FEAC52034
S2140197F040EA5E504FEACE2EB4F1FD0C88BFBCF5B0
S214019800E06F1ED8BEF1004F08BF5FEA500E50F160
S214019810000041EB045170BD06F0004646EA010126
S21401982040EA020081EA0301B4EB5C04C2BFD4EB58
S2140198300C0541EA045170BD41F480114FF0000E51
S214019840013C00F3AB8014F1360FDEBF002001F0BF
S214019850004170BDC4F10004203C35DA0C341BDC39
S21401986004F11404C4F1200500FA05F320FA04F00B
S21401987001FA05F240EA020001F0004221F000413F
S21401988010EBD37021FA04F642EB06015EEA430EB2
S21401989008BF20EAD37070BDC4F10C04C4F12005E2
S2140198A000FA04F320FA05F001FA04F240EA020095
S2140198B001F0004110EBD37041F100015EEA430E66
S2140198C008BF20EAD37070BDC4F1200500FA05F286
S2140198D04EEA020E20FA04F301FA05F243EA020305
S2140198E021FA04F001F0004121FA04F220EA020014
S2140198F000EBD3705EEA430E08BF20EAD37070BD5A
S21401990094F0000F0FD101F00046400041EB010139
S21401991011F4801F08BF013CF7D041EA060195F01B
S214019920000F18BF704703F00046520043EB0303D5
S21401993013F4801F08BF013DF7D043EA06037047C2
S21401994094EA0C0F0CEA135518BF95EA0C0F0CD0CD
S21401995050EA410618BF52EA4306D1D181EA030113
S21401996001F000414FF0000070BD50EA410606BF0D
S2140199701046194652EA430619D094EA0C0F02D152
S21401998050EA013613D195EA0C0F05D152EA033697
S2140199901CBF104619460AD181EA030101F00041B5
S2140199A041F0FE4141F470014FF0000070BD41F0FE
S2140199B0FE4141F4780170BD70B54FF0FF0C4CF4D8
S2140199C0E06C1CEA11541DBF1CEA135594EA0C0FF7
S2140199D095EA0C0F00F0A7F8A4EB050481EA030E44
S2140199E052EA03354FEA013100F088804FEA03332B
S2140199F04FF0805545EA131343EA12634FEA0222F9
S214019A0045EA111545EA10654FEA00260EF00041B9
S214019A109D4208BF964244F1FD0404F5407402D20B
S214019A205B084FEA3202B61A65EB03055B084FEA9C
S214019A3032024FF480104FF4002CB6EB020E75EB99
S214019A40030E22BFB61A754640EA0C005B084FEAC1
S214019A503202B6EB020E75EB030E22BFB61A75463E
S214019A6040EA5C005B084FEA3202B6EB020E75EB89
S214019A70030E22BFB61A754640EA9C005B084FEA01
S214019A803202B6EB020E75EB030E22BFB61A75460E
S214019A9040EADC0055EA060E18D04FEA051545EAFD
S214019AA016754FEA06164FEAC30343EA52734FEAA6
S214019AB0C2025FEA1C1CC0D111F4801F0BD141EA1F
S214019AC000014FF000004FF0004CB6E711F4801F84
S214019AD004BF01430020B4F1FD0C88BFBCF5E06F64
S214019AE03FF6AFAEB5EB030C04BFB6EB020C5FEA74
S214019AF0500C50F1000041EB045170BD0EF0004EC9
S214019B004EEA113114EB5C04C2BFD4EB0C0541EAFA
S214019B10045170BD41F480114FF0000E013C90E6F7
S214019B2045EA060E8DE60CEA135594EA0C0F08BFBB
S214019B3095EA0C0F3FF43BAF94EA0C0F0AD150EABA
S214019B4001347FF434AF95EA0C0F7FF425AF10464D
S214019B5019462CE795EA0C0F06D152EA03353FF475
S214019B60FDAE1046194622E750EA410618BF52EAF2
S214019B7043067FF4C5AE50EA41047FF40DAF52EAC6
S214019B8043057FF4EBAE12E74FF0FF3C06E000BF63
S214019B904FF0010C02E000BF4FF0010C4DF804CD70
S214019BA04FEA410C7FEA6C5C4FEA430C18BF7FEA30
S214019BB06C5C1BD001B050EA410C0CBF52EA430C5E
S214019BC091EA030F02BF90EA020F0020704710F1DE
S214019BD0000F91EA030F58BF994208BF90422CBF6D
S214019BE0D8176FEAE37040F0010070474FEA410C66
S214019BF07FEA6C5C02D150EA013C07D14FEA430C84
S214019C007FEA6C5CD6D152EA033CD3D05DF8040BF4
S214019C10704700BF8446104662468C461946634626
S214019C2000E000BF01B5FFF7B7FF002848BF10F1FD
S214019C30000F01BD4DF808EDFFF7F4FF0CBF012042
S214019C4000205DF808FB00BF4DF808EDFFF7EAFFBE
S214019C5034BF012000205DF808FB00BF4DF808ED79
S214019C60FFF7E0FF94BF012000205DF808FB00BF6E
S214019C704DF808EDFFF7CEFF94BF012000205DF8F8
S214019C8008FB00BF4DF808EDFFF7C4FF34BF012005
S214019C9000205DF808FB00BF4FEA410212F50012F2
S214019CA015D211D56FF47873B3EB625212D94FEA1D
S214019CB0C12343F0004343EA505311F0004F23FA07
S214019CC002F018BF404270474FF00000704750EA5C
S214019CD0013005D111F0004008BF6FF00040704719
S214019CE04FF00000704700BF4A0011D212F5001273
S214019CF011D20DD56FF47873B3EB62520ED44FEADE
S214019D00C12343F0004343EA505323FA02F070475D
S214019D104FF00000704750EA013002D14FF0FF309B
S214019D2070474FF00000704753B94AB9002908BF81
S214019D3000281CBF4FF0FF314FF0FF3000F08CB908
S214019D40ADF1080C6DE904CE00F006F8DDF804E08C
S214019D50DDE9022304B070472DE9F04F099D0E4658
S214019D6004460F46002B47D18A429446B2FA82F344
S214019D705AD943B102FA03FCC3F120029F409C402A
S214019D8020FA02F217434FEA1C461FFA8CFE220CF9
S214019D90B7FBF6F106FB117701FB0EF042EA07422C
S214019DA0904208D91CEB020201F1FF3702D2904221
S214019DB000F23C813946121AA4B2B2FBF6F006FB59
S214019DC0102200FB0EFE44EA0244A64508D91CEB0D
S214019DD0040400F1FF3202D2A64500F22A811046A1
S214019DE040EA0140A4EB0E0400211DB1DC40002333
S214019DF0C5E90043BDE8F08F8B4205D90DB1C5E931
S214019E00000100210846F5E7B3FA83F100294FD196
S214019E10B342C0F00281824240F2FF800846002D24
S214019E20E8D0C5E90047E5E7002B40F0AF808A1A85
S214019E304FEA1C4E1FFA8CF70121B2FBFEF60EFB11
S214019E401620220C42EA004207FB06F090420FD988
S214019E501CEB020206F1FF382CBF4FF001094FF050
S214019E600009904203D9B9F1000F00F0DC804646A4
S214019E70121AA4B2B2FBFEF00EFB102200FB07F78B
S214019E8044EA0244A7420FD91CEB040400F1FF3256
S214019E902CBF4FF0010E4FF0000EA74203D9BEF1C2
S214019EA0000F00F0C9801046E41B40EA06409CE71C
S214019EB0C1F120048B4006FA01FC00FA01FE22FAE9
S214019EC004F7E6408A401F4320FA04F34FEA174896
S214019ED043EA0C031FFA87FC4FEA1349B6FBF8F076
S214019EE008FB106649EA064600FB0CF9B1450ED997
S214019EF0BE1900F1FF3A2CBF4FF0010B4FF0000BDB
S214019F00B14503D9BBF1000F00F0A2805046A6EB85
S214019F1009061FFA83F9B6FBF8F308FB136603FB81
S214019F200CFC49EA0646B4450ED9BE1903F1FF38C2
S214019F302CBF4FF001094FF00009B44503D9B9F120
S214019F40000F00F08280434643EA0040A6EB0C0671
S214019F50A0FB028C66454346E14602D307D1C645BF
S214019F6005D2B8EB02036CEB070C0138E1465DB194
S214019F70BEEB030266EB090606FA04F422FA01F3C5
S214019F80CE401C43C5E90046002133E702FA03FC34
S214019F90C3F1200299409C40D6404FEA1C4E20FA5D
S214019FA002F21FFA8CF7B6FBFEF00A430EFB1066B0
S214019FB0110C41EA064100FB07F68E420ED91CEB56
S214019FC0010100F1FF382CBF4FF001094FF00009E5
S214019FD08E4202D9B9F1000F34D04046891B92B2A5
S214019FE0B1FBFEF60EFB161142EA014206FB07F133
S214019FF091420ED91CEB020206F1FF382CBF4FF03E
S21401A00001094FF00009914202D9B9F1000F16D0AB
S21401A0104646521A46EA00410FE7841A66EB0302E7
S21401A02001201746FBE6023E624421E702396244FC
S21401A030C1E664440238D3E66444023834E7023E9B
S21401A0406244E6E702386144C8E7023B3E447BE7E8
S21401A05002383E445BE700BF704700BF2DE9F04F72
S21401A060924685B089461E460D46554A03902946B6
S21401A07015F8014B135D13F00803F8D12D2C7CD095
S21401A0802B2C4ED04FF0FF3102936FF00043CDE9F9
S21401A090001336F0100851D037464FEAE6783A46B4
S21401A0A04346DDE90001FFF73FFE002383468E4667
S21401A0B018461946A44613E0ACF13704A6421FDD44
S21401A0C0002B09DB83457EEB010305D38E4508BFD4
S21401A0D083453BD1A24239DA4FF0FF3315F801CB65
S21401A0E0ACF13004092CE9D9ACF14104192CE3D9BF
S21401A0F0ACF16104192C03D8ACF15704A642DFDC9D
S21401A1005A1C2FD0029A12B1404261EB4101BAF1BA
S21401A110000F03D0002B48D1CAF8009005B0BDE867
S21401A120F08F4FF0FF30029336F010086FF00043C7
S21401A1302C7801F10205CDE90003ADD1302C25D0F4
S21401A140002E3AD10A27B0463E46A8E700FB08F3A0
S21401A15007FB0133A0FB07010B44201843EBE47116
S21401A1600123BBE72223039A1360BAF1000F17D02D
S21401A17005F1FF39DDE90001CEE74FF00047009316
S21401A18001232C788D1CCDE9017382E72B7803F02F
S21401A190DF03582B0CD086B90827B0463E467EE72B
S21401A1A0DDE9000105B0BDE8F08FCDE90001DFE78C
S21401A1B010276C7802353E4671E710273E466EE75B
S21401A1C0D55804004AE700BF10B4044C13460A46AB
S21401A1D0014620685DF8044B40E700BF4862002056
S21401A1E010B4044C13460A46014620685DF8044B39
S21401A1F034E700BF4862002020F0030110F003009E
S21401A200C0F1000051F8043B00F1040C4FEACC0CFD
S21401A2106FF000021CBF22FA0CF213434FF0010C40
S21401A2204CEA0C2C4CEA0C4CA3EB0C0222EA03027F
S21401A23012EACC1204BF51F8043B0430F4D0C2F148
S21401A240000102EA0102B2FA82F2C2F11F0200EB39
S21401A250D20070472DE9F04780460C464548264611
S21401A26014F801EB10F80EC01CF0080CF7D1BEF183
S21401A2702D0F5BD0BEF12B0F3AD0654633F01000A0
S21401A2803ED04FF0FF379A46B7FBF3F703FB07F9CB
S21401A2906FEA0909002630460EE0AEF1370C634539
S21401A2A01DDD002E04DBB84202D833D1CC4531DDAA
S21401A2B04FF0FF3614F801EBAEF1300CBCF1090F8C
S21401A2C0EDD9AEF1410CBCF1190FE6D9AEF1610C36
S21401A2D0BCF1190F03D8AEF1570C6345E1DC731CD2
S21401A2E01CD005B140420AB1F6B91160BDE8F0874D
S21401A2F033F0100094F800E0654606F10204C0D180
S21401A300BEF1300F17D06BBB0A234FF005091A4F69
S21401A3109A46BFE700FB0AC00126CBE72223304658
S21401A320C8F80030002AE1D0611EDEE794F800E0AC
S21401A3300125B41CA2E7207800F0DF00582807D0DA
S21401A34083B908234FF007096FF060479A46A1E7E3
S21401A350102394F801E04FF00F0902346FF07047B4
S21401A3609A4697E710234FF00F096FF070479A4609
S21401A37090E700BFD5580400999999196AE700BF7C
S21401A38010B4044C13460A46014620685DF8044B97
S21401A39060E700BF4862002010B4044C13460A462A
S21401A3A0014620685DF8044B54E700BF4862002070
S21401A3B00F4B70B50F4DAB42A3EB050607D0B61099
S21401A3C00024013455F8043B9847A642F9D80A4DB3
S21401A3D01FF046F8094B5E1BAB424FEAA60606D0B5
S21401A3E00024013455F8043B9847A642F9D870BDBD
S21401A3F0D0650020D0650020D0650020D4650020FF
S21401A40070B5860747D0541E002A3ED0CAB203460E
S21401A41001E0013C39D303F8012B9D07F9D1032C48
S21401A4202CD9CDB20F2C05EB052505EB054535D905
S21401A430A4F1100C03F1100E1A462CF00F064FEA89
S21401A4401C1CB644C2E90055C2E9025510327245D9
S21401A450F8D10CF1010214F00C0F04F00F0C03EB11
S21401A460021213D0ACF1040323F0030304331344A4
S21401A47042F8045B9342FBD10CF003042CB1C9B241
S21401A4801C4403F8011BA342FBD170BD644613466E
S21401A490002CF4D1F9E703461446C0E71A46A44651
S21401A4A0E0E700BF88420ED98B1883420BD900EB38
S21401A4B0020C002A6ED0624613F801CD994202F8CA
S21401A4C001CDF9D170470F2A0FD8034602F1FF3CA0
S21401A4D0002A5FD00CF1010C013B8C4411F8012BD2
S21401A4E0614503F8012FF9D1704740EA01039B0744
S21401A4F051D1A2F1100301F1200C70B523F00F0524
S21401A50001F1100E00F110041B09AC445EF8105C5A
S21401A5100EF1100E103444F8205C5EF81C5C44F812
S21401A5201C5C5EF8185C44F8185C5EF8145CE64542
S21401A53044F8145CEAD1013312F00C0F02F00F0C50
S21401A54001EB031100EB031329D0ACF1040C1C1F23
S21401A5508E462CF003064FEA9C0C1E445EF8045B04
S21401A56044F8045FB442F9D10CF1010402F003028D
S21401A57003EB840301EB840102F1FF3C4AB10CF1C9
S21401A580010C013B8C4411F8012B614503F8012FA6
S21401A590F9D170BD704702F1FF3C03469AE7624667
S21401A5A0EAE700BF2DE9F04F82468E463F487546E2
S21401A5B01EF801BB10F80B4014F00804F7D1BBF1EC
S21401A5C02D0F5BD0BBF12B0F6FF0004904BF9EF837
S21401A5D000B005F1020E33F0100010D1BBF1300FC0
S21401A5E004D0002B5ED10A231F4609E09EF8000026
S21401A5F000F0DF0058284ED0002B53D108231F4609
S21401A6000025B9FBF7F6284607FB16980EE0ABF1D6
S21401A610370C63451DDD002D04DB864202D321D1B4
S21401A620E0451FDA4FF0FF351EF801BBABF1300CE9
S21401A630BCF1090FEDD9ABF1410CBCF1190FE6D90C
S21401A640ABF1610CBCF1190F03D8ABF1570C6345A4
S21401A650E1DC6B1C0AD004B140420AB1CDB91160ED
S21401A660BDE8F08F07FB00C00125DDE72223CAF80D
S21401A67000305AB10EF1FF314846F0E79EF800B0BF
S21401A6804FF0004905F1020E0124A4E74846BDE853
S21401A690F08F8146EEE710239EF801B00EF1020E10
S21401A6A01F46ADE710231F46AAE700BFD558040092
S21401A6B0242B02D8012B00D074E710B500F02EFA37
S21401A6C016230360002010BD10B5242A084C13463B
S21401A6D0246807D8012A05D00A4601462046BDE867
S21401A6E010405FE700F01AFA16230360002010BD41
S21401A6F04862002010B5242A084C1346246807D85F
S21401A700012A05D00A4601462046BDE8104049E721
S21401A71000F004FA16230360002010BD48620020F2
S21401A720844641EA000313F0030349D1403A23D398
S21401A7300B6803604B6843608B688360CB68C360BB
S21401A7400B6903614B6943618B698361CB69C361A3
S21401A7500B6A03624B6A43628B6A8362CB6AC3628B
S21401A7600B6B03634B6B43638B6B8363CB6BC36373
S21401A77040304031403ADBD230320BD30B680360B5
S21401A7804B6843608B688360CB68C36010301031C0
S21401A790103AF3D20C3205D351F8043B40F8043B8F
S21401A7A0043AF9D2043208D0D2071CBF11F8013B93
S21401A7B000F8013B01D30B8803806046704700BF59
S21401A7C0082A13D38B07B1D010F00303AED0C3F120
S21401A7D00403D21ADB071CBF11F8013B00F8013B4A
S21401A7E0A4D331F8023B20F8023B9FE7043AD9D3C1
S21401A7F0013A11F8013B00F8013BF9D20B780370DE
S21401A8004B7843708B78837060467047024B0146E5
S21401A810186816F0F2B900BF48620020024B0146E4
S21401A820186816F0EDB900BF48620020CAB3844626
S21401A8300B4630B504460843800719D09CF8000043
S21401A8400C78A04212D150B3012A28D0E64603E084
S21401A8501CEB030F23D010B31EF8010F11F8014FA4
S21401A860A2EB0E03A04203F1FF33F1D0001B30BD73
S21401A870032A07D8E2E7043A11D01EF0803F0ED132
S21401A880032A10D92068194653F8045BA446A0F1A0
S21401A890013E0434A8422EEA000EECD0CEE700209A
S21401A8A030BD10467047A4461946C7E780EA010C3A
S21401A8B01CF0030F37D110F0030C20F0030021F039
S21401A8C0030150F8042B08BF51F8043B0ED08CF05E
S21401A8D0030C6FF07F434FEACC0C23FA0CFC51F8C3
S21401A8E0043B42EA0C0243EA0C0300BFA2F1013C1E
S21401A8F09A4201BF2CEA020C1CF0803F50F8042B50
S21401A90051F8043BF2D04FEA02604FEA12220128C6
S21401A91028BFB0EB036F08BF1B0AF4D003F0FF0398
S21401A920000EC01A704710F0030F0AD010F8012B62
S21401A93011F8013B012A28BF9A42F4D0A2EB03008A
S21401A94070474DF8045D50F8042B01F0030521F023
S21401A950030151F8043B022D26D04DD822F07F4545
S21401A960B5EB132FA2F1013C2CEA020C0DD11CF021
S21401A970803C08BF51F8043B0AD185EA0205B5EBD5
S21401A980036F0CD150F8042BE8E74FEA13235BE082
S21401A9903CF07F4C54D10B784FEA126554E04FEAF5
S21401A9A0126503F0FF034FE04FEA0245A2F1013CB6
S21401A9B04FEA15452CEA020CB5EB134F18D11CF0E3
S21401A9C0803C08BF51F8043B07D185EA0205B5EB88
S21401A9D0034F09D150F8042BE6E75FEA0C4C2FD160
S21401A9E00B884FEA12452FE04FEA03434FEA124520
S21401A9F04FEA134328E000BF02F0FF05B5EB136FE3
S21401AA00A2F1013C2CEA020C0DD11CF0803C08BFDF
S21401AA1051F8043B0AD185EA0205B5EB032F0AD1AA
S21401AA2050F8042BE8E74FEA13630DE012F0FF0F2E
S21401AA3006D051F8043B4FEA122523F07F4303E08A
S21401AA404FF0000020BC704705F0FF0203F0FF0046
S21401AA50012828BF904204BF2D0A1B0AF4D0A2EB9E
S21401AA60000020BC704700BF08B5064B044613B172
S21401AA70002100F0AFF8044B1B6803B1984720464D
S21401AA8014F090FBD5AB0100304B002000230146AB
S21401AA901A46184600F048B8032A30B415D941EAD8
S21401AAA0000484460B46A40704D0541E0FE0043A63
S21401AAB0032A08D91946604653F8044B5CF8045B30
S21401AAC0A542F4D0F1E760461946541E7AB1431EFA
S21401AAD00139021901E09A4209D013F8010F11F861
S21401AAE001CF6045F7D0A0EB0C0030BC70470020CA
S21401AAF030BC704738B5074D074C2C1BA41005D049
S21401AB00013C55F8043D9847002CF9D1BDE8384082
S21401AB101EF0ACBCD8650020D4650020014B186837
S21401AB20704700BF48620020F0B5264C83B0064649
S21401AB300F46256805B36C681F2C3FDCA6B1D5F817
S21401AB40880048B3D0F800114FF0010C40F82420DB
S21401AB50022E00EB84020CFA04FC4CEA0101C0F858
S21401AB600011C2F8803010D0631C002002346B60E4
S21401AB7045F8247003B0F0BD13491448216010B1A4
S21401AB800068C1F88800104DD5E7D0F8043143EAD3
S21401AB900C03C0F80431E7E70D49CDE9002369B19C
S21401ABA04FF48470FFF732FE40B100216C68C0E9B3
S21401ABB04011DDE90023C5F88800C5E74FF0FF30F6
S21401ABC0D8E700BFC04B0020344B00200000000037
S21401ABD00DA801002DE9F04FDFF8B49083B0D9F845
S21401ABE0006096B3884601907568D6F888706C1E2A
S21401ABF02BD4013507F1800B06EB8505B8F1000F64
S21401AC0026D173682A68013BA3423BD000232B6000
S21401AC10BAB1D6F804A05FB30123D7F80011A34058
S21401AC200B4225D0D7F8040157F8241003422BD144
S21401AC30019890477368D9F8002053451ED1B24257
S21401AC401CD1013C043D631CD8D103B0BDE8F08F94
S21401AC504FB15BF824304345D3D0013C043D621C20
S21401AC60F3D0002FF5D1013CEFD3013CFBD2ECE74A
S21401AC7090477368D9F800205345E0D0002AE4D005
S21401AC801646B1E77460C3E708469047D2E700BFAF
S21401AC90C04B0020431E033306D8044B984228BFFE
S21401ACA01846642838BF6420704700BF40420F0032
S21401ACB038B5194B05461B680C4603B1984744B195
S21401ACC0236833B11B68013303D0E3680BB1A36873
S21401ACD04BB919F08CFE00204FF4C172412100F0EF
S21401ACE0FFF9212038BD204602F04AFC00230B4A1A
S21401ACF085F83C31C5E93743C2E9003363694BB196
S21401AD00074A422110684FF4D272C31A584258417A
S21401AD1000F0E6F90020E5E7304E0020C85E00208E
S21401AD20944E0020F8B504461EF08FF8002607461C
S21401AD300E4B1B6893B19E68AEB196F82420D207DD
S21401AD4011D435460FCC0FC50FCC0FC523682B6029
S21401AD5096F8243043F0010386F8243038461EF076
S21401AD606FF83046F8BD1B68E4E700BF9C62002020
S21401AD7010B5044618B9054B054A136010BD00F01E
S21401AD80D9FCD4F8E830002BF6D1F4E7994103005A
S21401AD9098620020014B1868704700BFC85E00200B
S21401ADA008B502460868FFF775FF08604868FFF7B0
S21401ADB071FF48608868FFF76DFF8860C868FFF715
S21401ADC069FF0B69C860581C03D00B48834228BF33
S21401ADD003460B614B69581C03D00748834228BFC2
S21401ADE0034688694B61FFF755FFBDE80840886157
S21401ADF0104601F07BBC00BF40420F00D0F8E030A7
S21401AE002DE9F04105460C4613B1C38D8B424CD05B
S21401AE10D5F8DC30002B4BD09E68002E48D0D86881
S21401AE20002845D0013800B200281ADB002106E0D0
S21401AE30128A591CA24217D209B2884211DB0B189A
S21401AE4003EBD3735B1003EBC30206EB8202B2F88B
S21401AE500EC003F1FF3EA445EAD90FFA8EF08842F0
S21401AE60EDDA2120BDE8F0814FF6FF7299B29142EA
S21401AE70F7D09BB203EBC30306EB83062846B6F96D
S21401AE80122095F83011D5F8F080EEF70FFE074640
S21401AE90B8F1000F04D00023324628461946C047B1
S21401AEA0EC85C5F8E06085F839710020BDE8F081D1
S21401AEB00E20BDE8F08100BF2DE9F04782B00446C0
S21401AEC00F46164601F086FE002863D14F4D2B68CB
S21401AED0D4F8DCA0D4F8E0800BB1534576D04FF01F
S21401AEE00009AF6001F09EFE0128074665D12046A5
S21401AEF019F0BCFC002851D12B68DAF80010D8F8FC
S21401AF00002013B1186888426BD0204619F060FC07
S21401AF10C5E900A8D4F8F0508DF80760002D67D079
S21401AF200022204611460DF10703A847204600F0EF
S21401AF30EDFF0546B9F1000F0FD076B9D4F88C3085
S21401AF400BBB012F05D025B1314B002103205B68D7
S21401AF509847284602B0BDE8F087B5FA85F040F27A
S21401AF6007523321400900F0BBF83146204601F074
S21401AF700BFA284B05461B68414620469847D4F8ED
S21401AF808C30002BDDD000224FF40073204600F0F9
S21401AF90E1FBD6E700231D4D6B6098E794F825305A
S21401AFA0DA07A9D5D4F894305B05A5D51A4B01224A
S21401AFB0002120461B6898479EE70021012000F0EB
S21401AFC001FC01F02FFE0128FBD190E76B68002BF6
S21401AFD085D0434583D1AB689F4215D04FF0010918
S21401AFE07FE7696811B10968914291D059688CE789
S21401AFF094F82A1094F839313246994228BF1946F6
S21401B000204600F0D1FE91E70025A2E7C85E0020A9
S21401B010A462002098620020344E0020F8B50F4646
S21401B02005461DF012FF394606462846FFF7E6FE9E
S21401B030044620B130461DF003FF2046F8BD01F05E
S21401B040A7FD224639462846FFF736FF0446002864
S21401B050F0D1284619F00AFC0028EBD095F82530E7
S21401B06013F001030DD0D5F8942052050DD5B5F88F
S21401B0702A21BA4205D0B5F82C31DB1BB3FA83F38B
S21401B0805B09034A82F8C430D4E72346F9E700BFD8
S21401B090001E00B013B50446694619F0ABF9204608
S21401B0A019F0EFFAFF28024606D020469DF8001058
S21401B0B0EEF77AFD02B010BD0048FBE70080FFFF07
S21401B0C038B5044D044C054B286021601A601DF00C
S21401B0D0B7FB38BDC44D0020A0620020C84D00203B
S21401B0E010B550B90548064B01600648026018685D
S21401B0F0054B18601868FFF7E3FF10BDA06200203B
S21401B100204F0020C84D0020C44D00202DE9F041FD
S21401B1108AB001AC05460B462746194A02F1200CB7
S21401B120264610685168083203C662453446F7D190
S21401B130002B08BF3B46002710681C463060384687
S21401B14003F10C0690B95FFA87F842462846218833
S21401B15019F08FFB50B942462846E18819F09AFB50
S21401B16020B942463146284619F0A6FB0137032F7F
S21401B17006F1080604F10204E4D10AB0BDE8F08144
S21401B180F8590400F0B589B005460E4619F0A3FB40
S21401B190044600BB01AC06F10C070FCF0FC497E8BD
S21401B1A0070084E8070001A92846FFF7F9FD2846AD
S21401B1B0311D19F06AFD044648B92846074901F0D1
S21401B1C057FA044618B9284601F0C6FD0446284633
S21401B1D03168FFF79BFF204609B0F0BDF059040027
S21401B1E0014919F05AB900BF29CD010070B5164EB4
S21401B1F0032804460D4633781ED023FA04F202F0E3
S21401B2000102AA421DD053B10122A240A54023EA61
S21401B21002032B43DBB233704BB1012070BD2DB15D
S21401B2200A4B01201B6898473378EDE73570074BCA
S21401B23000201B689847F0E79A07DED003F0FC036E
S21401B240E9E7002070BD00BF195C0020084E002011
S21401B25038B504460D4605F077FD60B101F0C6FC31
S21401B26048B9012D07D8012019F0E0FA0D4B1B68EB
S21401B27023B15B6898470C4B1C7038BD1DF03CFF32
S21401B2800A4B1A68801A18601CF054FC4FF47A7244
S21401B290074B1B6802FB003019F0FDF8012001F096
S21401B2A0ADFCE8E72C4E0020A2650020004E0020F1
S21401B2B0044E0020F8B505460C461DF0C6FD104F9D
S21401B2C006463B7833B1012D04D01CB90D481CF05D
S21401B2D083FB3C7021462846FFF788FF0A4B04464D
S21401B2E01B783BB93B782BB919F094FA10B1074B90
S21401B2F01B68984730461DF0A3FD2046F8BD00BFE9
S21401B3001A5C0020DC4D0020195C0020A46200209D
S21401B310054A0B46117831B100211170034A01210B
S21401B32052681878104770471A5C0020A462002003
S21401B330124B0239012910B518701ED805F004FD0C
S21401B340D8B101F053FCC0B101F034FAA8B90C4BE6
S21401B3501C6834B123689847BDE81040002019F0F6
S21401B36065BA19F096F8074B18601DF0C5FE064B36
S21401B3701860204601F042FCEEE710BDA2650020F1
S21401B3802C4E0020044E0020004E002038B5044606
S21401B39080B11DF05AFD0121044608461BF0C0FF8E
S21401B3A001210B4A084615F0FCFC2046BDE8384052
S21401B3B01DF046BD1DF049FD0546214601201BF046
S21401B3C0AFFF01202146024A15F0EBFC2846EDE7C7
S21401B3D0ED2F0400F0B585B01DF037FD344D044661
S21401B3E02B7823B133481CF0F7FA002852D11CF011
S21401B3F07DFB02AA03A919F0F7F90346002838D005
S21401B40019F006FA029B98421CD100202A4B039998
S21401B4101B682A4E9942307020D90027C91A012389
S21401B42024482B70264A3346CDE900771DF040FEAE
S21401B430002837D1234A1378D90701D53178F9B1D5
S21401B440204611E019F0E2F9029B984228D0002329
S21401B45018461949194A0968137003910121FFF723
S21401B460C5FE002320462B701DF0EAFC002005B027
S21401B470F0BD20462B701DF0E3FC212005B0F0BD89
S21401B48003F0FE031370002BDAD10F4B1B689847AD
S21401B4902046E9E720461DF0D3FC0E2005B0F0BD9E
S21401B4A00220B3E7032320462F703370F3E700BF73
S21401B4B01A5C0020DC4D0020FC4D0020A165002018
S21401B4C011B30100195C0020084E002038B51DF0AC
S21401B4D0BCFC0F4D04462B789BB90E4A0E491370DF
S21401B4E00E4B0F4A0F481A600F4A5A60EFF788FF53
S21401B4F00E490F48EFF784FF0E4B0F4A1A600123DF
S21401B5002B70F0F787F820461DF09AFC002038BD16
S21401B5101B5C00201A5C00201C5A0400A462002058
S21401B520D5B30100CC4D0020B5B20100245A040069
S21401B530D44D0020084E00208DB301002DE9F043C4
S21401B5408F7880460F2F0C4685B003D9212005B091
S21401B550BDE8F08327B90123374A00201370F6E7C8
S21401B5600D784E78EDB9002EF0D194F90310E088ED
S21401B57003F00AF82128E9D055EA0603A088DFF887
S21401B580C89013D003F064F84FF60403B9F800200E
S21401B59001469A424BD1AE42334638BF2B4600266F
S21401B5A02DE0082DD2D8082ED0D8DEE703F050F8CB
S21401B5B04FF6040501464FF60500204A136E9BB26E
S21401B5C0AB4208BF0346B1F5803FA9F800300FD95A
S21401B5D002230825136680230126C2F880302B46F5
S21401B5E049084FF6FF720139914228BF114608E01B
S21401B5F08023012608251666C2F880302B460029CE
S21401B600EFD1002202920122013FFFB20092019780
S21401B6102A4608F1F80002F0B7FE1EB14FF4801278
S21401B620074B5A65074BA2681A60022394E7034842
S21401B6300266A9F80030AEE71C5C002000C001B825
S21401B64000D001B8144E00202A65002010B504462B
S21401B650D0F818210B4B4FF40061C3F8A82090F8DE
S21401B6602420D20102F4006205F0D2FA94F82430C4
S21401B67013F0100F4FF4007314BF034A034A136705
S21401B68010BD00BF001E00B0001002B8002002B8B6
S21401B690431C07D06FF0FF02034B10401A62A3F55C
S21401B6A080531862704700BF00E000B8F8B5044642
S21401B6B00F4616461DF0C9FB0546A047044620B1B5
S21401B6C028461DF0BDFB2046F8BD04F07FFC042291
S21401B6D00549D1F8D83E23EA07033343C1F8D83EDB
S21401B6E0024B1A67ECE700BF001000B0002002B85A
S21401B6F000F01803182B0AD003070AD440F20113EE
S21401B70010F0100018BF1846034B1865704700204C
S21401B710FAE70120F8E700BF001F00B0044B1868E5
S21401B720830654BFC0F30F204FF6FF70704700BF6B
S21401B730FC4E002038B10368044A002B08BF1346AC
S21401B740034A13607047014BFAE700BFE144030068
S21401B750B062002010B4D0E9544122400B4052EAB6
S21401B760030104D003495DF8044B096808475DF8F6
S21401B770044B7047B06200200F2938B505460C46C9
S21401B7800ED801F04FFA01280CD1074A2846D36B90
S21401B79023F00F032343D36319F0ACF8002038BD20
S21401B7A02120FCE70220FAE7001F00B0014B186CCD
S21401B7B0704700BF001F00B0014B0020196470479E
S21401B7C0001F00B003282DE9F347884655D82C4BB7
S21401B7D013F800902B4B1E5C2B4B13F800A01DF0AA
S21401B7E034FB074604F03EFB054640B10023002229
S21401B7F0CDE9003301200023002104F079F904F09B
S21401B80039FB48B100230022CDE900330020002394
S21401B8104FF4004104F06CF96EB31C4BDC6C04F081
S21401B82008041B4B3146DC64484604F02DFC5246A6
S21401B8303146484604F092FC164BDC646DB1164B5B
S21401B8401868D0F89410F83003F06EFA13490868B7
S21401B850FFF71EFF4FF0FF330B60B8F1000F04D067
S21401B8600F4B002103205B689847384602B0BDE8BD
S21401B870F0471DF0E5BA3446D3E702B0BDE8F087DD
S21401B880345A0400305A04002C5A0400004000B810
S21401B890006000B8005000B8204F0020AC620020C5
S21401B8A0A46200200F4A136F13F0A00F15D1506F3A
S21401B8B010F0040013D10C4BD3F8D83E23F07F438D
S21401B8C023F0FF035BB1D368C3F30362092A07D0F1
S21401B8D0B2F10C0018BF012070470020704701200C
S21401B8E0704700BF000002B8001000B070B50D46EA
S21401B8F0064620B91A4B1B68A3B10E2011E001F0D1
S21401B90091F9012829D1174B93F90040C4F11C0481
S21401B910641BC4F11C03002BB8BF5B42232B0CDD58
S21401B920212070BD81EAE173A3EBE173DBB2232B27
S21401B930F6D80C4B19700020F3E786F828501DF056
S21401B94084FA094AE402D36904F4FF2423F4FF23AA
S21401B9501C43D4611DF074FAEDE70220E1E700BF55
S21401B960204F00201D5C002000C000B818B9034B12
S21401B97093F90000704790F9280070471D5C00207D
S21401B98010B5044618F072FF10B1012001F0D4F989
S21401B9902046FFF75BFE1DF058FA0A4A0121D2F84D
S21401B9A0A030044623F02003C2F8A0300222064B42
S21401B9B008469A60054B5B68984720461DF040FA9A
S21401B9C0002010BD001E00B0001002B8A4620020C6
S21401B9D0064B5A6A920207D4D3F8803013F4706F7C
S21401B9E014BF01200020704701207047004001B8B5
S21401B9F0F8B50E46D0F8943002EA010423EA0103B2
S21401BA002343C0F89430464A01F00B0323EA0401AD
S21401BA10D1642340A2F58052D3647207054610D53F
S21401BA200121FFF7D5FF60B104F0D0FA4FF400739F
S21401BA3014F0040F14BF3B4A3B4A536204223B4BAB
S21401BA401A67F30606D514F0100F14BF00221B2246
S21401BA50374B5A6537061DD5200616D54FF400120A
S21401BA60304B1A62012203F58053C3F800211DF002
S21401BA70ECF90E210746032003F09EF840F201225E
S21401BA802B4B3846DA621DF0DBF9214605F1F8004A
S21401BA9003F04AF9F10503D5E2052AD503F05CF86F
S21401BAA0B30503D5A70527D503F062F816F48C6F06
S21401BAB01DD014F4806224D095F82530DC070CD50F
S21401BAC0EA8DB5F82A31934219D0B5F82C31981A77
S21401BAD043424341174A82F8C430D5F8E410284659
S21401BAE018F0FFFC8022144BD864144B1A61002016
S21401BAF0F8BD03F02BF8D3E703F034F8D6E70123BB
S21401BB00E8E77105E9D595F82530DB07E5D5094B5A
S21401BB10114683F8C4200A4B28461B689847DCE781
S21401BB20006000B8005001B8006001B8002002B8FB
S21401BB30004000B8001E00B0001F00B0000002B8B0
S21401BB40344E0020014B1868704700BF204E00207D
S21401BB5037B51DF07AF9002401230022CDE900341F
S21401BB60002305461946104603F0C2FF022002F0E4
S21401BB70E7FA064B21461C60054B02205B68984796
S21401BB8028461DF05DF9204603B030BD284E002042
S21401BB90A46200202DE9FF4102290D46164698466B
S21401BBA0039004D1FFF7D4FF04B0BDE8F0811DF087
S21401BBB04CF91E4F04463B683BB1B34205D01DF01D
S21401BBC03FF9002321203B60EEE7194B0022C3F822
S21401BBD000803E60002301264FF0000810461946FB
S21401BBE0CDE9006603F084FF124B022083F8008043
S21401BBF002F0A6FA43462A46022003A902F0BEFA3C
S21401BC000D4B039A1A6008B92046D8E70B4D2B68EE
S21401BC109847212804D020461DF012F90020C3E7DA
S21401BC2031466B6802209847F5E700BF284E002092
S21401BC30244E00201F5C0020204E0020A46200201D
S21401BC40044B5B6E5B054EBF0120034B187800F07A
S21401BC500100704700C001B81F5C00200A78022A64
S21401BC6011D0101F4242424152004B781201022B62
S21401BC700BD0191F4B424B415B000549054842EA70
S21401BC808312FFF713BD0122EFE70123F5E700BF9B
S21401BC90F0FFFF006DCC01000B78022B10D0181FAF
S21401BCA0434243415B004A78022A0BD0111F4A42A5
S21401BCB04A4152000F21044843EA8202FFF7F6BCCC
S21401BCC00123F0E70122F5E799CC01002DE9F843BD
S21401BCD00E780446042E0D4690F830810BD10027CD
S21401BCE05FFA87F9484601F07DFD08B14E4602E04D
S21401BCF00137042FF4D1304601F074FD002849D0F5
S21401BD0094F83031B34209D1AA88D4F8A8309A42BF
S21401BD1004D16A88B4F832319A4238D084F8306156
S21401BD20AB883046A4F834316B88A4F83231AB883E
S21401BD3004F59875C4F8A830FF2384F82B3018F062
S21401BD408AFE84F82A00284601F078FC18BB2846AB
S21401BD5001F03EFDF8B9D4F8E03053B194F8301153
S21401BD60414506D02046B3F91220EDF79FFE84F830
S21401BD703901204601F09AFE0949A4F8340101234D
S21401BD80084AD1F8FC1004F1F80003F0AFFC0020DB
S21401BD90BDE8F88321200C2384F83031F8E700BF92
S21401BDA0001F00B0581F00B0F8B5054690F83001E6
S21401BDB00C460C28164623D0FF2923D01AB14FF083
S21401BDC0FF32114B1A6018F046FE074695F830010F
S21401BDD001F068FD844228BF0446E4B2BC4238BF85
S21401BDE03C46E0B285F82B0001F002FEFF280CBFAE
S21401BDF02124002416B9284601F068FD2046F8BD26
S21401BE000224FBE72124F9E7B462002010B590F87C
S21401BE10303104460C2B43D0D0F8E03080F82A109D
S21401BE20D3B3D0F8F020CAB990F839318B421BD37E
S21401BE3000222046FFF7B8FF40BB1A4B1B78022BA7
S21401BE4023D8204601F032FE17490123174AD1F8BC
S21401BE50FC1004F1F80003F049FC16E0B0F94220AA
S21401BE60B3F912309A42E3DD0022204694F83911E4
S21401BE70FFF79AFF50B9C4F8E000204618F034FAEC
S21401BE804FF6FF739842014601D1002010BD2046AF
S21401BE90BDE81040FFF7C2B8FF2380F82B30F4E767
S21401BEA00220F3E72E650020001F00B0581F00B0E7
S21401BEB0F0B51D46144B04461B780F46164685B052
S21401BEC05BB1D0F8E030E3B102AAB3F912300092C8
S21401BED0002213F0C8FE05B0F0BD02A918F08AFAD8
S21401BEE09DF808103A462046EDF7E0FD014626B9D2
S21401BEF02A462046FFF758FFEDE72046FFF786FF64
S21401BF00E9E71846E7E700BF86310400D0F89C3021
S21401BF10012B01D10020704770B5044665498CB0ED
S21401BF2018F0CEFDD4F8E0600146E58DC4F8E400D3
S21401BF3026B1336813B15B68002B71D11CF085FF05
S21401BF401CF07EFF0123D4F8E4108DF80630B38987
S21401BF50D6E90120EB1A9BB200FB03225648ADF846
S21401BF600430036800928B4207D0204618F0B9FAD5
S21401BF7080225249524BC8641A61514D00F052FE5C
S21401BF800128FBD1AB689E06F8D420469DF8062012
S21401BF90009906AB03F0E6F800283ED100F042FE19
S21401BFA00128FBD1464A136FD801FCD49368990641
S21401BFB0F9D4684606A903F08DFA054668BBE28DFA
S21401BFC0404B5A6494F8243060F3410384F82430DB
S21401BFD000F0EEFFD4F8E0305969431E0E68DBB27C
S21401BFE0FD2B029622D9F31C34D84B68FF28039305
S21401BFF05ED10126DA1C25D8024602A9204618F091
S21401C00088FCE6B9D4F8543199053FD494F8243025
S21401C01043F0020384F8243011E002200CB070BD16
S21401C0201A68032A8AD99B6A5B0E8EE74B68012839
S21401C0300393DED00246204602A918F06AFC0020CF
S21401C0400CB070BD0133204B5B6816D0DA1C23D8C8
S21401C0500393D1E71C4B01361B6818BF0126DD1C74
S21401C06006D802934B68FF280393C3D00020C3E78A
S21401C070FF284B6819D00393C3E7DD1C0FD802468F
S21401C080204602A9039318F044FCBBE720464FF470
S21401C090803118F0C6FDD2E7FF28B2D1E6E7FF28C7
S21401C0A0B0D10022204602A9EDE701200393A1E7C3
S21401C0B02A46C0E7FC1F00B0104E0020001F00B04B
S21401C0C0000002B8008001B8BC62002010B50C4622
S21401C0D019B118F0CBFB00B10434204602F0B8FACF
S21401C0E0024B4042C3F8C80E002010BD001000B03D
S21401C0F0838E70B593420C4615461CD3836C8B42D7
S21401C10008BF00241CF0A1FE4FF49C530B490646C1
S21401C110CA68C2F30362D340DA0702D50B6F9B03EA
S21401C12004D401222946204601F016F830461CF0B8
S21401C13087FE002070BD2120FCE700BF000002B88A
S21401C1402DE9F84F064615460B4611B92120BDE8E4
S21401C150F88F002AFAD0032905D8002201F05EF9EB
S21401C16003460028F2D01C889978B4F5804F01F078
S21401C170070080F0C580A0F1070C1A7993F805A096
S21401C180DF88DCF1000343EB0C0305282B7394BF17
S21401C1900023C1F30013C1F3801C6B738B0985F870
S21401C1A010C003F00203C1F3C00C43EA0C03C1F351
S21401C1B040116B74A974AF82002A40F0828096F811
S21401C1C01E31013BDBB2EB74D6F89430DF0600F18A
S21401C1D08380063801287FD8B6F81280F76908F1FF
S21401C1E0FF38484B083C04EA08045B6D3B5D0134AC
S21401C1F0802B0EBF6FF07F03323B5BB2AB73002325
S21401C200AB6096F8279004EA0804B9F1000F61D1F3
S21401C210631D03EA08035A1C02EA0802BA5CFB5CC7
S21401C22043EA0223D9040FFA83FB4CD5D6F8E4304F
S21401C23013B11B68022B05D841F24D724C21002028
S21401C240FEF74EFFD6F8E420CBF30B0392F824203A
S21401C250DB000AB1B3FBF2F39A4508D83BB1CAEB4F
S21401C2600A2ABAFBF3FA6FEA0A0A5FFA8AF9D6F8DB
S21401C270EC3023B1484695F90E1098478146631C69
S21401C28085F80F9003EA0803F95C013303EA080313
S21401C290FA5C013303EA080341EA0221FA5C01333E
S21401C2A003EA0803F85C41EA0241002341EA00611F
S21401C2B06A7C304603F0D8FA06232860AB7100206A
S21401C2C045E7531E7EE717F804904FEA49095FFADF
S21401C2D089F9CCE79946D2E700230020EB730A4B95
S21401C2E05A69C2F30723120448BF63F0FF035AB228
S21401C2F012F1800F1CBF323B5AB2AA730346DCE729
S21401C300022024E7004000B800C000B838B5148801
S21401C31011F003054FEAC40422D13F2C20D9B4FA08
S21401C32084F4C4F11903DBB2052B01D8192C15D0FE
S21401C330052B28BF052301240633DBB29C40C4F33A
S21401C340CF03138003828161448700F02DFF054AE5
S21401C350631E2343C2F8A430284638BD2B46EAE7BD
S21401C3602125F9E7001E00B011F5004F1FBF01F3AC
S21401C3700E01044BC1F30E01002014BF9964212065
S21401C380704700BF008001B8F8B504460E4619B9DB
S21401C39090F824305A063FD44FF6FF73618ED4F8D6
S21401C3A0E470994204D0314B1B680BB12046984784
S21401C3B02F4D2B68BB424DD02E4B1B683BB11FB196
S21401C3C03A68002A48D0BF6839462046984707276A
S21401C3D0204601F06BFB002E32D006270126264BA5
S21401C3E094F9282093F900302449C3F11C039B1AC1
S21401C3F0CA69DB0222F4FF2203F4FF231343CB6155
S21401C400D4F8E4301E4A2B601E4B976720461E70F8
S21401C41018F070FA0020F8BD4FF6FF71144DD0F8F1
S21401C420E4702A6866F386139742418680F82430C2
S21401C43017D0104B1B68002BC1D101F037FB072723
S21401C44011493B46114AD1F8FC1004F1F80003F0FB
S21401C4504DF9C2E70127BBE71746204639469847FC
S21401C460B5E701F023FB0127EAE700BF1C4E0020D9
S21401C470104E0020184E00201D5C002000C000B8A1
S21401C480006000B81E5C0020001F00B0581F00B0FE
S21401C490054A12681AB190F81E1119B910470846D4
S21401C4A002F0AABB014870470C4E002000FEFFFFB9
S21401C4B0344B2DE9F7431C6801F4007900F00103C1
S21401C4C0174653EA090206460D4635D04FF00008D6
S21401C4D03BB30023002200210120CDE9008803F0B0
S21401C4E007FB042001F02CFE41462046FFF7D0FF53
S21401C4F0012241462086104617F0A8FED4F8941073
S21401C50004F1F80002F010FC1F490868FFF7C0F8B4
S21401C5104FF0FF330B6094F8243043F0040384F8A3
S21401C5202430B9F1000F07D00121204618F079FB1D
S21401C53025F4007506430D432B4632462046FFF789
S21401C54009F9FB070FD51149114A0868002113683C
S21401C550116001210F4A117003B198470E4B00215B
S21401C56002205B68984717F00E0F08D04FF4097247
S21401C5703B21002003B0BDE8F043FEF7B1BD03B098
S21401C580BDE8F083204F0020AC620020244E00203E
S21401C590284E00201F5C0020A462002008B5482217
S21401C5A000210248FDF72CFF002008BDDC1E00B06C
S21401C5B073B578216422A0F8141182210C23C0E9F6
S21401C5C04112C0E94322C0F8002107224FF0FF358F
S21401C5D0002680F830314FF6FF730446C28700F11B
S21401C5E04C0282641E4AC385A0F8403080F82C3085
S21401C5F043864263038780F82860C0F8A8504585C3
S21401C60080F8265003F03EFC2046FFF7C7FF94F95A
S21401C61028102046FFF76AF9602340F6FF71114A99
S21401C6202046D36402F11C42D162D1650E4A2946E6
S21401C630D36440220D4B1A67D4F89420FFF7D8F93B
S21401C6400E230022CDE9003340F20223104619469C
S21401C65003F04EFA01F0E2F8304602B070BD00BFBA
S21401C6604000FFFF004000B8005000B8002002B8AC
S21401C67010B50C46FFF792FFBCB1A378082B16D86D
S21401C680E278082A13D843EA021313F0FF030CBF1B
S21401C69019466168074AC2F8DC10217882F8201131
S21401C6A0617882F8233182F82111002010BD212003
S21401C6B0FCE700BF001E00B0012A10B512D8032BFC
S21401C6C010D803EB82020123074C934094F8220111
S21401C6D0DBB221B10343002084F8223110BD20EAE9
S21401C6E00303F8E72120F9E7001E00B0034670B502
S21401C6F00C68B0F83421013408BFD3F800418D68C6
S21401C70008BF0C604C68F830013404BFD3F80C4104
S21401C7104C606E1C3CD1D3F80841CE688C60751C09
S21401C7203CD1D3F804510E69CD60013604BFD3F86D
S21401C730F8600E614E69013604BFD3F8FC604E61A5
S21401C7408E69013604BFD3F810618E618E695EB3BF
S21401C7505A32B24238BF32460E688A6116B15A2E34
S21401C76038BF5A26C3F808414C68C3E94065C3E997
S21401C77043420A69C3F8F8204A690C49C3F8FC2009
S21401C780D1F8FC1007230A4A02F0B0FF002070BD62
S21401C79002F15A04AC4238BF2C46BEE702F17805D6
S21401C7A0B54238BF3546BEE76422D5E7001F00B064
S21401C7B0581F00B070B51CF048FB04460B4E00F045
S21401C7C031FA012805D020461CF03AFB02252846FE
S21401C7D070BDF36813F0706FC3F30365EFD1B36AEE
S21401C7E0DB06ECD520461CF02BFBF0E7000002B878
S21401C7F038B51CF02AFB4FF6FF710A4A13888B42A4
S21401C80003D11CF01DFB0E2038BD074C074D1B0441
S21401C8106566A4F58054636611801CF011FB002048
S21401C820F2E700BF2C650020006001B80000FFFFA2
S21401C8302DE9F74304460F4615461E46FFF732F824
S21401C84030B3A38A23B3204617F016FE78B9002E1C
S21401C85040F0F280794BD3F8D83E03F03002102A2C
S21401C86000F0EA8003F0C003402B00F0E580DFF81B
S21401C8700082D8F81430D90740F1DE801CF0E5FAC2
S21401C8800646032001F058FD30B130461CF0D8FAB8
S21401C890022003B0BDE8F083D8F8142012F0060891
S21401C8A0F3D130461CF0CCFA644B4FF400612046BD
S21401C8B0D3F8D89ED3F8AC6E04F0BEF940B14FF46D
S21401C8C0007201215E4B08461A67424617F0BEFC0D
S21401C8D094F82530DA0707D5D4F894305B0542BFC3
S21401C8E04FF40022574B1A6739462046FEF796FB4F
S21401C8F0524BC3F8D89EC3F8AC6E0028C9D194F841
S21401C9002430980601D4002D57D0C5F3400003F01B
S21401C91023FB022315F4807F1BBF0021494A484AA6
S21401C920136717BF484A13675161136303F04EFB41
S21401C9304FF4806315F0040F14BF444A444A15F0BF
S21401C940400F53624FF004023D4B28461A674FF0E2
S21401C950400314BF3F4A404AC2F88830FEF7C8FE7B
S21401C960204617F0B3FE38B14FF4807315F0010F6F
S21401C97014BF344A324A1367A90647D54FF6FF72E9
S21401C980B4F8403093420FD0344A3549526E100CF9
S21401C990C2F301120132B3FBF2F308802B4A2C4991
S21401C9A030481B0448665366003D18BF012594F8BD
S21401C9B0243065F3451384F82430204617F056FFDB
S21401C9C0F0B1204617F082FED0B14FF40031204678
S21401C9D004F032F9431C03229BB2234801A917F045
S21401C9E0FDFF9DF8042002F00703052B9DF8053096
S21401C9F015D112070DD443F480731C4AC2F8B8301F
S21401CA00002003B0BDE8F04317F0F5BFFFF7F0FED6
S21401CA10CAE713F0040F09D19DF80630EBE703F0DF
S21401CA203002202A05D113F0010FF4E74FF480738A
S21401CA30E3E79DF80630E0E70E202AE7001000B095
S21401CA40002002B8001002B800400054005001B89F
S21401CA50006001B800D000B800E000B8004001B89E
S21401CA602C6500200000FFFF08400054001E00B0A7
S21401CA7000C001B82DE9F3410646884615461F4613
S21401CA801CF0E3F90446032001F056FC38B12046B9
S21401CA901CF0D6F90E24204602B0BDE8F081042031
S21401CAA001F04AFC0028F2D120461CF0C9F9012306
S21401CAB02A4641463046FFF7BBFE04460028EAD127
S21401CAC0DFF8C8805FB388F8000039463046FEF7C5
S21401CAD035FD00284CD198F80030012B1CD02022BF
S21401CAE0244B1A67244BDB6CB3F5817F1FD20120E0
S21401CAF017F0C2FF1CF0A9F9204B06461B680193EC
S21401CB00CBB901F093FC15F0800526D101F0E0FCCD
S21401CB10284603F0F5F925E003F008FABBE798F894
S21401CB200030012BF8D0002BD9D12124B3E7802285
S21401CB30134B1A61DBE7042001F002FB00230122FC
S21401CB40042001A901F01AFB0028DAD103F056FAF5
S21401CB50212430461CF074F99DE70022094B9A67A0
S21401CB6001F0B6FC084B01215B6800209847F0E70E
S21401CB70044690E7001002B8001F00B0144E0020D3
S21401CB80000002B800C001B8A46200201C5C0020AE
S21401CB9008B50C4BD3F84C114B1C12D011F0804148
S21401CBA00FD1094B1B6813B10320FEF70BFE4FF0A4
S21401CBB080624FF40071054BDA67054AD1620122A3
S21401CBC05A6108BD0080E00F204F0020001002B817
S21401CBD0004000B84FF40022034B186F03F50053D2
S21401CBE01A67C0F3C0407047000002B8024B58698C
S21401CBF000F00100704700BF00C001B8084B5A6939
S21401CC00D10707D508B901F077BA5B69DA0706D408
S21401CC1001F064BA5B69DB0701D40028F8D17047DC
S21401CC2000C001B80F4BDB68C3F30363013B0B2B5A
S21401CC300FD8DFE803F006060C06060606080A0803
S21401CC40080802207047042070470520704703201B
S21401CC507047054B5B6913F0060F0CBF01200420DB
S21401CC60704700BF000002B800C001B8094AD36887
S21401CC70C3F303630B2B08D06FF49050184100F0F8
S21401CC80010080F0010040007047106F10F4803002
S21401CC90EDD17047000002B80C4AD368C3F30363B2
S21401CCA0062B07D8042BD8B20BD8C31E58425841BE
S21401CCB040007047072B06D1D2F830010028ECD18E
S21401CCC07047022070470020704700BF000002B87E
S21401CCD0094BDB68C3F303639A1E012A8CBF00224B
S21401CCE00122012B02701EBF4FF4026222FA03F3E7
S21401CCF003F001030B707047000002B8094AD368BD
S21401CD00C3F30363032B01D0072B08D1536FDB0654
S21401CD1005D4906F80F00800C0F3C0007047002073
S21401CD20704700BF000002B8024B0022196817F0D6
S21401CD307EBD00BF985A0400024B1B6803B118471A
S21401CD40704700BF404E0020024B1B6803B11847D6
S21401CD50704700BF3C4E002010B5FF224FF6FF7112
S21401CD60044617F086FD68B9FF224FF6FF7120468C
S21401CD7017F090FD30B92046BDE81040FF22024969
S21401CD8017F09ABD10BD00BF3C5A04002DE9F041D2
S21401CD901C46184B05461E680F46904646B130683D
S21401CDA001F01CFEF3681BB1B368186801F016FEAB
S21401CDB0114B1B682BB1DA681AB19B68186801F031
S21401CDC00DFE9DF81830640744EA08425B0503F03F
S21401CDD0BC6342EAC7621A432846084942F4C8724D
S21401CDE003F016FF002228461146FFF781F90020BE
S21401CDF0BDE8F081945A0400985A04009007E12D8A
S21401CE0008B5FFF77BFF88B1094BDA6912030DD528
S21401CE10186F10F4003009D19B6F13F0100F4FF00C
S21401CE2010030CBF034A044A936708BD0220FCE7BF
S21401CE30000002B8001002B8002002B838B5044657
S21401CE40F8B1124AD3691B031DD5556F104BC5F3B4
S21401CE508115032DB3F8B4300DD10822083B9BB2DF
S21401CE6021460C4817F0BAFD0020084B25729B6F2F
S21401CE701B0A637238BD022D05D1023B2A469BB2BE
S21401CE80EEE72120F6E70220F4E700BF000002B833
S21401CE90001E00B038400054431EDBB2FD2B14D9EF
S21401CEA0FF280B6801D14A68134313F0802F1EBF79
S21401CEB042F20102074BC3F8282251F82020054B05
S21401CEC0C3F85022C3F8542270470128F5D1002335
S21401CED0E9E700BF004001B8F0B585B06D460E46E3
S21401CEE00F4B074614460FCB85E80F000D4BD3F8C2
S21401CEF048020090D3F84C2201923EB1631EDBB289
S21401CF00FD2B0AD93060FF2C00D1726022462946DB
S21401CF10384617F0FEFC05B0F0BD012CF4E700BF63
S21401CF20445A04000080E00FF0B585B06E460D4B04
S21401CF3007460D460FCB86E80F0000F039F831465C
S21401CF4004460246384617F05DFE4DB140B9FF2C47
S21401CF501BBF04AB03EB8404009B54F8103C2B600E
S21401CF6005B0F0BD445A040030B50C4B05461870A8
S21401CF7085B0082380B90A4AC2F8FC3351B96C4619
S21401CF80084B0FCB84E80F00074B2A46214618684A
S21401CF90FFF7A2FF05B030BD044AEDE7A365002008
S21401CFA0001002B8545A0400204F0020002002B896
S21401CFB0014B1878704700BFA3650020124BD3F8C9
S21401CFC0E020D2031ED54FF480321049C1F8E0208C
S21401CFD0A1F58051C1F8EC201A6CD1B2C2F3072238
S21401CFE0C3F88010C3F880200422C3F880200022F2
S21401CFF0C3F88020C3F88020C3F88020C3F88020BF
S21401D000C3F88020704700BF004000540060005401
S21401D010F0220A4B01219A64A022A3F580539A6458
S21401D020074B826CC3F8C010FC21C3F89810C3F8F4
S21401D0309C204FF40052C3F8BC207047006000B833
S21401D04000400054F8B50D46174606461BF0FDFE97
S21401D05001230421084C094A2363A760E660256181
S21401D060C2F8E010064AC2F884311BF0E9FE0DB1A1
S21401D07002232363F8BD00BF004000540060005443
S21401D08000E100E00222024B58611A63704700BFBC
S21401D090004000540122044B1A6640F6FF72996361
S21401D0A0D863DA65704700BF004000542DE9F04FA1
S21401D0B0042A05460B4683B039D901260978141F80
S21401D0C081615A7803F1040982619A788261DB787A
S21401D0D083610368D0F808B003F0070306339E4067
S21401D0E006F1FF3A0AEA0B084768A6EB08029442E3
S21401D0F047F000570ED84946224607EB0800FDF7D1
S21401D1000FFB46EA0A0604EB0B023240AA6003B0A4
S21401D110BDE8F08F494607EB08000192FDF700FBDA
S21401D120019A384609EB0201A21B4244E7E7013A9D
S21401D130032AECD8DFE802F00B08050213F8012BEE
S21401D140826113F8012BAA6113F8012BAA611B78DF
S21401D150AB6103B0BDE8F08F38B50C461546014605
S21401D1600F4B60B101220F48C3F8C0202246FFF7DB
S21401D1709DFF1DB104220A4BC3F8C02038BD64B11F
S21401D180D3F8A420A24284BF0122C3F8C020022201
S21401D190C3F8A040C3F8C020EBE70122FAE700BFBE
S21401D1A0004000549840005438B504461BF04DFE2C
S21401D1B001211A4A638F054611663BB3B3FA83F31E
S21401D1C0C3F11903DBB2A069C2F890109366072376
S21401D1D0D066C2F88C304FF4A02302F50052C2F894
S21401D1E0E030A2F58052C2F8EC3000220C4B1A60F7
S21401D1F00C4B1B6F5B0209D54FF480020A4B04F1FE
S21401D200F8001A67D4F8941001F08EFD4FF4E0236D
S21401D2102846E363BDE838401BF012BE00400054C8
S21401D220444E0020000002B8002002B82DE9F84361
S21401D23005460C46B1B1D0F81880478F1BF005FEA5
S21401D240B5F83CC0791E01EA0C0323F00702032C53
S21401D2500646DFF8F8E042445CD1DEF8004024B927
S21401D2601BF0EEFD0E20BDE8F88324F00104DEF885
S21401D270000020F00100A04251D10023CEF800307A
S21401D280238894426FEA43436FEA534323803CD199
S21401D290EB8F08EB07091846083880B202F108043C
S21401D2A04C4528BF4446082804D9B4F800E0BEF52A
S21401D2B0804F3ED263440F431B1A3B409BB2AB8761
S21401D2C0E887118894781C4AC1F30C0151645367AE
S21401D2D0C2F88C004FF48022184B04F00704C3F800
S21401D2E0E0200122164BC3F88421FFF767FE042CC9
S21401D2F00BD14FF48002134B05F1F8001B6F124B54
S21401D3001A67D5F8941001F00FFD30461BF098FD12
S21401D3100020A8E7601E012898BF1446A7E7E88FFB
S21401D3204344E31A48BFDB1908389842A8DC304664
S21401D33096E72246B0E700BF004000540060005464
S21401D34000E100E0000002B8002002B8444E0020D0
S21401D350144B10B51968CA8F8B8F488F1344013848
S21401D360073B8C69034023F007031C4402F10803C2
S21401D3700D4A9BB2CB87C2F88C304FF480220B4B00
S21401D380C3F8E02001220A4BC3F88421A07800F0FC
S21401D3900700042803D1074AD3681B03FCD4064BB5
S21401D3A01C6010BD204F0020004000540060005457
S21401D3B000E100E0000002B8444E002010B5064C23
S21401D3C0216839B1CB0703D4044B1868FFF72EFF49
S21401D3D00023236010BD00BF444E0020204F0020D4
S21401D3E04FF480320B4B0C49C3F8EC20A3F50053E5
S21401D3F0C1F8E020D3F888109A6E012302F00702E4
S21401D40006329340C1F30C01083B994201D8FFF75D
S21401D410D5BD704700600054005000542DE9F04718
S21401D42080460C4616468769458F1BF00EFDB8F8F8
S21401D4303C2005F1FF3C02EA0C0323F00701032C14
S21401D44082463944B8F83E0019D1494C24689CB943
S21401D4500244073A02EA0C0222F00702BC183B44D7
S21401D460E31A48BF5B19834210DB50461BF0E8FC09
S21401D47000242046BDE8F08724F00104EFE7012CE4
S21401D48002D0022CEBD108380C46E8E7002E3DD03E
S21401D4908C423FD1374AD2F844903649B8F81270D8
S21401D4A0D1F88820C2F30C02934247DA2588B5F5F5
S21401D4B0804FDAD2A378C5F30C0503F007037A1E72
S21401D4C0A5EB09053A43052B337005EA02052DD86D
S21401D4D02DB2E84340F241420421C00FFDF700FEA1
S21401D4E07580E3783374D8F81C207B1E03EA0903A1
S21401D4F0D118B160A9B213FA85F5AF422FBF002348
S21401D500FF1AB780F26024BFB180F36050461BF06B
S21401D51097FCAEE7A4F10802974284BFED0802EB40
S21401D520C502B2F80090C9F30C09B6E7124B5B6D61
S21401D530003B18BF0123A5EBC305C9E70B6C7A1E98
S21401D540A3EB09033A431A400C4915B2002DCB68E8
S21401D5500BDCC3F30363D81E43424341DB00337045
S21401D5608B6F72801B0A3374BDE70823F7E700BF91
S21401D570444E002000400054004000B8000002B8AD
S21401D580054BA822D3F84C013121431C0CBF0120C6
S21401D590C0F38070FDF7A4BD0080E00F38B5094DDB
S21401D5A00446286840F69702003818BF01202B2150
S21401D5B0FDF796FDFA235C432B680A20B4FBF3F4CF
S21401D5C0604338BD784E0020174B30B51A68431CAF
S21401D5D0164B22D0B2F1407F1FD3154D00F03F0409
S21401D5E0D5F8002122F03F021443C3F8C84001F0E9
S21401D5F03F042243C3F8D020D5F804310D4A1A401F
S21401D6000D4B03EA500003EA510110431143074B47
S21401D610C3F8CC00C3F8D41030BD00200146C3F8CF
S21401D620C800C3F8D000F2E70080E00F001F00B08A
S21401D630000002B81FF087E1E0FFFF7F73B5574E89
S21401D6400446317819B91C225548FCF7D9FE2378CF
S21401D650544A6188137051804FF0FC62524CFF218E
S21401D660C4F8FC204FF47F02C4F808214F4A022B6D
S21401D6704F4D117033D1042307224E49C4F8FC23C1
S21401D680C5F8FC33C4F800114FF4C071C5F8001199
S21401D690C4F8FC234FF48052C5F8FC33C5F870215A
S21401D6A04FF40052C4F87021C4F808314FF4FF1348
S21401D6B0C4F8FC304FF4BB13C5F8FC308023C4F823
S21401D6C0703148F2C8023C4BC3F8D8203B4B3C4A69
S21401D6D00020C3F8C02F0123337002B070BD394A51
S21401D6E0012BC4F80021384B27D14FF4C072C5F87E
S21401D6F00021D3F83802D3F83C12FFF765FF072361
S21401D700C4F8FC330223C5F8FC334FF48053C5F844
S21401D71070314FF40053C4F870310423C4F8083153
S21401D7200DEB0300ECF7FAF89DF80530023B012BF0
S21401D7309CBF8023C5F87031C3E7244AC5F8002191
S21401D740D3F83002D3F83412FFF73EFF0723C4F8AC
S21401D750FC330123C5F8FC338023C4F870314FF441
S21401D760805301A8C4F87031ECF7D8F89DF805305D
S21401D770012B05D19DF8043053B948F25D1309E039
S21401D780FBD9023B012B9CBF4FF40053C5F8703107
S21401D79048F25813084AC2F8D83097E7205C0020B0
S21401D7A0C41F00B02E650020002002B8A765002027
S21401D7B0001002B8C0F10F00001F00B0001000B04A
S21401D7C04C4E0020C0F70F000080E00FC0F60F009F
S21401D7D0034B1A6802609B8883800020704700BF55
S21401D7E02E65002010B5044601F026F80A4BD3F842
S21401D7F0F83724B983F40023C3F3C04010BD012CCD
S21401D80005D113F4C02F0CBF01200020F6E7A31E9C
S21401D81058425841F2E700BF000002B86FF07F425D
S21401D820154BD3F8FC37934208D0144A03F03F0354
S21401D8301370F123124A1370124A13701249134BD4
S21401D84009781A68A9B1B2F1A06F12D3D3F85012B1
S21401D8500F4A104BB1F1FF3F18BF13460E4A136033
S21401D86041F66A020D4B1B68B3FBF2F30C4A1360D8
S21401D8707047084BF2E700BF000002B8A865002019
S21401D880A9650020AA650020A66500200080E00F9B
S21401D8905082E00F785A0400484E0020944E002033
S21401D8A0784E0020012807D0022802D030B100208F
S21401D8B07047034B18787047024BFBE7024BF9E7BA
S21401D8C0A8650020A9650020AA6500200023F0B500
S21401D8D090F8304185B002462046CDE90133CDF8B7
S21401D8E00B30FFF7DFFF92F82B30411EC9B28B4297
S21401D8F028BF0B46002C3CD0012C38D104241846F6
S21401D9004FF00F0C384E0DEB0405B0FBFCF7F75D3E
S21401D910013CC01BC0B2814238BF00206055002CBC
S21401D920F3D105240F278DF80830B3FBF7F0305CF0
S21401D9300344DBB28B4228BF0B462B5501340B2C1C
S21401D940F3D10F2602F1A800D43215F8013BB3FB40
S21401D950F6F14C1CC1EB01115B1A0133DBB2E4B2E8
S21401D9601B0443EA045340F8043F8242EDD105B05C
S21401D970F0BD042418464FF00F0C1C4F0DEB0406A7
S21401D980B0FBFCF5EDB27D5D013C401BC0B28142AF
S21401D99038BF0020A055002CF2D105240F258DF8A4
S21401D9A00830B3FBF5F0385C0344DBB28B4228BF8A
S21401D9B00B46335501340B2CF3D10F2502F1A80485
S21401D9C0D43216F8013BB3FBF5F1481CC1EB01114B
S21401D9D05B1A0133DBB2C0B21B0443EA005344F8BE
S21401D9E0043FA242EDD1C2E7715A0400645A040012
S21401D9F038B5284B05461A7827490C2A02D1FF204C
S21401DA00087038BD104617F026F804461046FFF792
S21401DA1049FFA84228BF2846C0B2A04238BF2046C8
S21401DA200B78C0B28342ECD0087088B1431EDBB2DB
S21401DA30022A1A490ED14FF0FC62C1F8FC20A1F56A
S21401DA400051D1F8FC2042EA4353C1F8FC30D8E734
S21401DA500346EDE7124A134C1268AC32C4F8C02FE5
S21401DA604FF47F02C1F808210F49CA6FD202C8D409
S21401DA700F22B3FBF2F2551CC2EB02129B1A0133C2
S21401DA80D1F808411B0443EA05532343C1F8083182
S21401DA90B7E700BF2E650020A7650020002002B86A
S21401DAA0204F0020001000B0000002B82DE9F04F12
S21401DAB090F830510646D0F8A82087B035BB1F2A0B
S21401DAC038BF1F22093A4C24844B85481B6A96F8B6
S21401DAD02B10C3F38213DC400368DFF82CA29342B9
S21401DAE0DFF828827F4B04F0010414D11F78A74287
S21401DAF011D19AF80070AF420DD17B4F3F788F421B
S21401DB0009D1B8F8040007B0BDE8F08F032A38BF82
S21401DB100322023AD7E7026098F800001C70FFF76C
S21401DB20C1FEFF2924D1284616F095FF07466F4906
S21401DB303CB3D6F8E4702FB13B68082B40F2CB809B
S21401DB4097F838701DBB0B6840F27121B3FBF1F3F7
S21401DB5053431922B3FBF2F339462A4605A8059327
S21401DB6016F04FFF02023C04059842F0110988E0C6
S21401DB70471E8F4228BF0F46012F38BF0127FFB22D
S21401DB80D5E7012D29D0022D01D0B5B327460B6864
S21401DB9040F27121B3FBF1F353431922B3FBF2F3C5
S21401DBA03946012207EB072405A8059307EB042451
S21401DBB016F027FF7F00032F38BF0327020242EA31
S21401DBC0001242EA0009033F00F01F0007FA00F0C6
S21401DBD0FFF7E4FC00F5FA6758E00F23B7FBF3F311
S21401DBE0581CC3EB0313FB1A0133DBB2C0B21B0490
S21401DBF043EA0053C3F30747C9E70C6840F27121B3
S21401DC00B4FBF1F40F2354431922B7FBF3F3B4FB2F
S21401DC10F2F43748374A0068A2FB0412013350FA7F
S21401DC2083F313F8013C0392A3F140012A4603A8AB
S21401DC30019316F0E6FE039F2F4AE41BA2FB041293
S21401DC4000903021049204A82A4616F0DAFEDDF888
S21401DC5010B08146A4EB0B0401220594102144F276
S21401DC60100405A816F0CDFE009B1A02019B42EA9D
S21401DC70091244EA0344059B42EA000907EB0B003C
S21401DC801844FFF78BFC00F50C57283740F6FF7158
S21401DC901A4B3846C3F8C010A3F58053C3F8C0909A
S21401DCA0A3F58053C3F8C440154C276001F0B0FCBF
S21401DCB04FF47A72134B4042986523680A49B3FBC6
S21401DCC0F2F3A8F8043096F82B30B7FBF2F08AF896
S21401DCD000500B7017E7002734E700BF004001B87B
S21401DCE0B4620020215C0020A4650020944E002030
S21401DCF0484E002069C2F568911E856B006001B828
S21401DD007C4E0020001F00B0A56500202E65002077
S21401DD10014B1870704700BFA665002010B5044679
S21401DD2003F012F878B1174B1B786BB964B1164B38
S21401DD301B784BB1154B1B78013B012B04D84FF4D4
S21401DD400042134BDA6710BD124BDB6F1B04FAD48B
S21401DD501BF07BF84FF400420F4B0446DA67A3F53D
S21401DD60A0435B682BB1FEF741FF10B1022016F00D
S21401DD7083FE0222094B2046BDE81040C3F88424E6
S21401DD801BF05EB8225C0020235C0020804E002041
S21401DD90002002B8000002B8001002B800D00350FC
S21401DDA00122024B00201A70FFF7B8BF225C002048
S21401DDB00022024B01201A70FFF7B0BF225C002040
S21401DDC0F7B50646504C00F037FD504B2578504FBE
S21401DDD01E7085BB2846FFF7A1FF2378013B012B68
S21401DDE019D8E37B01A88DF80430237C8DF8053023
S21401DDF0E9F738FAC7F884544FF6FF72454BC3F873
S21401DE008420F822A3F58053C3F884200022404BD7
S21401DE10C3F884240DE04FF6FF723E4BC7F88454D6
S21401DE20C3F88420F822A3F58053C3F88420C7F8EA
S21401DE308454394B5BE00020FFF770FF2378013BE9
S21401DE40012B08D8E37B01A88DF80430237C8DF8DC
S21401DE500530E9F707FA0023C7F88434002ECBD043
S21401DE6062685AB32D4B1B6803EB5203B3FBF2F304
S21401DE70013B1B0243F0F80326782649022E284A66
S21401DE801ED0032E4FF6FF75214826D0012E34D121
S21401DE9043F00203C1F88450C2F884300723C0F867
S21401DEA08434E37B01A88DF80430237C8DF805309B
S21401DEB0E9F7ACF90120FFF731FF17E0F823DBE7BC
S21401DEC04FF6FF7043F00103C1F88400C2F88430B6
S21401DED006220F4BC3F88424E3E743F00503C1F899
S21401DEE08450C2F884300423C0F884340D4B4FF0BC
S21401DEF080420020DA6703B0F0BDC1F88450C2F852
S21401DF0084300023F0E700BF804E0020235C002011
S21401DF1000C00350006000B8002002B8944E0020F4
S21401DF20005000B8001002B8F0B5294F06463D462D
S21401DF3004460FCE0FC5336885B02B6000F07CFC1D
S21401DF400022244BC3F88424A17A627A42EA014271
S21401DF50C3F89024217CE27B42EA0142C3F88C2478
S21401DF60217B627B41EA0240C3F888043B78032B9D
S21401DF702AD8DFE803F022020C178DF804100421DA
S21401DF808DF805200DEB01000022E9F70BF9E37B84
S21401DF9000228DF80830237C042102A88DF8093070
S21401DFA0E9F700F9637A01228DF80C30A37A04218F
S21401DFB003A88DF80D30E9F7F5F8074B187805B08A
S21401DFC0BDE8F040FFF7FCBE212005B0F0BD00BF64
S21401DFD0804E002000C00350235C0020034BDB6F03
S21401DFE0002BBCBF024BC3F888007047000002B884
S21401DFF0004000B82DE9F04716F0A2FD4FF47A76FE
S21401E0002D4BB0FBF6F618604FF4FA7373430746D0
S21401E0102A48190E1B021818294A4FF0000341F12D
S21401E0200001FBF781FE274BA0F5807205461A63B7
S21401E03020B948222B21FDF753F801254FF47A72B7
S21401E0404FF0000A6A43534650083102FBF76CFE54
S21401E0501C4B1D4AB7F57A7F9A601C4B4FEA056840
S21401E06019601B4B8946044618604FEA152505D2F0
S21401E0709B222B215046FDF733F801264FF47A7385
S21401E080A8FB030103FB05117308C01841F1000149
S21401E09000233246FBF748FE0E4B023419600E4B46
S21401E0A049F10009A408186044EA8974054B013C4B
S21401E0B09C63BDE8F08700BF944E002020A10700B6
S21401E0C040420F0000C001B802110100A44E00201A
S21401E0D0A04E00209C4E0020984E00201022044B9B
S21401E0E0C3F884215A600122024BDA60704700BFF0
S21401E0F000E100E000C001B81022064BC3F88421FD
S21401E100C3F88420BFF34F8FBFF36F8F0422024BF7
S21401E110DA60704700E100E000C001B810B50446BF
S21401E120A242A2EB0000A3EB010104D2034B01398A
S21401E1309B6B0133184401F0030110BD00C001B808
S21401E14038B501250A4B02019D504FF480730446F1
S21401E150084A834053661AF078FE074AA5401378AA
S21401E16023EA05031370BDE838401AF069BE00BF04
S21401E17000E101B800E001B82C5C00202DE9F84F61
S21401E180164605468A461F461AF05FFE022E00F026
S21401E190908080461AF066FE594B5A4AD3F8209072
S21401E1A0147D5A6EE4B2520744BFD3F8209001346E
S21401E1B004F003041AF051FE4846214600F036FAF0
S21401E1C08446DAF80000012E04BF01306044ACEB4F
S21401E1D0000C08BFCAF80000BCF1804F7DD300F0E8
S21401E1E037FA8145A1EB040188BF454BDFF834C1FE
S21401E1F088BF01F1FF3101F0030188BF9B6BA0EBE3
S21401E200090E0CF80510A1B1F90742BF41F61F72BD
S21401E2103D4B5A67BA0742BF3B4B3C4A5A677B079E
S21401E22042BF0022364B9A673C0742BF0022344B5E
S21401E2309A6511244FF0010A314B05F110021201C3
S21401E24003EB051BCBF80C0131499C501A6A0AFAFC
S21401E25005F4586E0B78A2EB0902E4B2234372452B
S21401E2600B7025D34FF48073AB40034220D11CF8CA
S21401E2700520002A40D10EB3264AF807536607D573
S21401E28041F61F7140F201101F4B596750675967DD
S21401E290B90706D51C4B1D4A1E491F485A674867D1
S21401E2A05A677A0742BF01221C4B1A613B071AD4F0
S21401E2B040461AF0C5FD0120BDE8F88F184A2D0129
S21401E2C042F805A042F89C3C1AF0BFFD10490B78B5
S21401E2D023EA04030B701AF0B3FD40461AF0B0FDB2
S21401E2E00020BDE8F88F2120FFF778FE4FF480323A
S21401E2F0034B4046DA60DCE7064A40465366D8E7F9
S21401E30000C001B8044F002000E001B800001F1F44
S21401E3102C5C002000D001B800000101000002B80A
S21401E32000E101B8245C0020024B1878003818BFC1
S21401E330012070472C5C0020034B10300001185858
S21401E34000F00100704700BF00C001B870B5064676
S21401E350FEF74CFC044608B1FFF7CEFE0023084D3D
S21401E3603046AB61EB612B6200F072F9054BC9B226
S21401E370197528620CB1FFF7B1FE002070BD00BF11
S21401E38000C001B8044F00202DE9F0419DF8188027
S21401E3900D46B8F1000F08BF0022214EB5F5803FAB
S21401E3A0B168074621F4700141F4A001B1609DF8FF
S21401E3B020409DF81C104FEA042444EA016444EA14
S21401E3C0031444EA084444EA02044FF0180140F2F8
S21401E3D0E9222CBF002001207465FCF781FE35641C
S21401E3E0B8F1000F1AD00F4BBC68D3F888305A2CFE
S21401E3F038BF5A245B0606D500F0F0FB18B10A4B6D
S21401E400B3FBF0F31C44204600F022F901308542AC
S21401E41038BF0022024B34BF5A645864BDE8F0810D
S21401E42000C001B800C000B800093D00214B10B57E
S21401E4301A6E1A66596C59B11F49C96800292EDB34
S21401E440596D4FF0FF3301F00F018B409A4326D1EF
S21401E45010242020FFF7C2FD184B9C6002F088FBB9
S21401E4602022174BC3F8842101F0F4FC48B10022A6
S21401E47000200821FEF71CF8124B5C66A3F58053BA
S21401E4801C670D4AD36803F07063B3F1807FF9D936
S21401E490084B0D4A5A6741F201429A6710BD01F0D6
S21401E4A0D9FC0028F4D0094B064A5366A2F58052DF
S21401E4B01367EDE700C001B8000002B8001002B80B
S21401E4C000E100E000E001B8011B01181000002087
S21401E4D008B52120FFF782FD4FF48032014BDA6048
S21401E4E008BD00BF00C001B8F8B5184D04462B6A38
S21401E4F01B0426D500F0E6FB2B6AA0FB044613F0AE
S21401E500787F4FEA9367C3F34450C3F3044505D1BC
S21401E51040F25A422B21FCF7E3FD0120AD01B5FB89
S21401E520F0F010EB871005D140F25F422B21FCF78B
S21401E530D7FD01200246002320463146FBF7F4FBB7
S21401E540F8BD00F04BFBA0FB0401F9E700C000B8E2
S21401E5500246012030B50B4CA0F12003C0F1200586
S21401E56024FA05F504FA03F32B4304FA00F5954261
S21401E5708B4100D330BD0F2801D00130ECE7FF20DE
S21401E580F8E700BF40420F0010B50C46FFF7ACFF9E
S21401E590C30943EA4163C01A61EBD111FFF7D8FF03
S21401E5A0FF2814D00F220C4B40F01000C3F888202F
S21401E5B0A3F58053C3F88800A3F580531B6ADBB22A
S21401E5C0802B06D02046BDE8104000F067BB212016
S21401E5D010BD0220FCE700BF00E000B838B51AF015
S21401E5E041FC084B084A1D6A147D5A6EE4B2520774
S21401E5F044BF1D6A01341AF030FC284604F00301BA
S21401E60038BD00BF00C001B8044F00200346064ACB
S21401E610103302EB00111B01D1F80C01D158C1F3E4
S21401E620400116F034BA00BF00C001B8064B1B68A3
S21401E630434303EB8171054B1B68A3FB003013F1C9
S21401E640004341EB000070479C4E0020984E00208E
S21401E6500C4A20F04043014610B5002014684FF0E4
S21401E6600042E4FB0320084A890F126802FB0300FC
S21401E670064B9B6B984204D901330131C01A01F055
S21401E680030110BDA04E0020A44E002000C001B81A
S21401E690044B01F0F071103041F0030100011950F4
S21401E6A0704700BF00C001B808B52220FFF796FCEE
S21401E6B04FF48022014BDA6008BD00BF00C001B8EC
S21401E6C008B5064B4FF030401A6805499200FCF732
S21401E6D027F8BDE8084001F0E3B800BFB45A0400CB
S21401E6E0B85A040070B50C68651C15D0C4F30266F0
S21401E6F09E42C4F3074530D1A4B294422DD804EB10
S21401E7008506B24229D2141BA50824F003040E592B
S21401E710340F04D0012C08D00022212402E06B1C07
S21401E72051F82320C0E9002470BD0E4C34F8133094
S21401E73042EA03431A686B1C51F8234001EB83013C
S21401E7404B6822405E4036F0704404D11B0F032B09
S21401E75004BF8B681A430024E4E7013501EB850109
S21401E760C1E700BF8C5A040007B501A8EBF7D6F83D
S21401E7704822164B5A65164AD2F8D43023F4FC3395
S21401E780C2F8D430134B1B689DF80530023B012BB1
S21401E79019D84022104BC3F8FC23104BD3F85C3237
S21401E7A0DBB2FF2B00D10623094A1B03D2F8FC1368
S21401E7B09BB20B43C2F8FC33D2F83021084B1A60E7
S21401E7C003B05DF804FB00F0E7FEECE7008001B85B
S21401E7D0000002B8002000B0001002B80080E00F70
S21401E7E0384E002000224FF400710F4B10B51A6707
S21401E7F05A679A670D4AD162012102F5E8325161E2
S21401E800DA6812F0706FFBD14FF0304201245A667D
S21401E81002F5FC5208329C66DA64054B1B68984781
S21401E820044B5C6110BD00BF000002B8004000B898
S21401E830B8620020002002B801230F4A0F49C2F82F
S21401E84080328A6A22F002028A620D4A53600D4AB9
S21401E85053600D4A5360A2F580425360A2F54042D0
S21401E860536002F5C032536002F580425360A2F550
S21401E87000425360704700BF0080005000C0005047
S21401E88000D000B800500054005001B808B5FFF79A
S21401E890D3FF0E4B0E4ADA6700F076FEFFF764FFF1
S21401E8A003220C4BC3F8E020012203F54043DA674C
S21401E8B04FF460725A614FF40072DA67FEF778FB24
S21401E8C0BDE808400021FEF74FBB00BF000002B8BC
S21401E8D00048F000005001B82DE9F04F054687B01A
S21401E8E002900F4657F8044B631C06D1029B2C601E
S21401E8F0E81A801007B0BDE8F08F5FEA147B18BFF6
S21401E9000123344AC4F3016108BFC4F3074332F854
S21401E9101120A4B24FEAC30A2F4844EA02440AF17E
S21401E92004022A4482421BD20722CA4002F0010294
S21401E93001929A0004EB830303930123B94603FA79
S21401E9400BF808F0940305F1080604920593039B5F
S21401E95009F10409A34208D1049955443944C0E792
S21401E9601D4A9542E0D80020C4E7059B53B918F02C
S21401E970420F19D118F0280F0BD146F8084C59F858
S21401E980042C21E04FF4206232210020FCF7A8FB82
S21401E990F3E740F6042232210198FCF7A1FB04F5C7
S21401E9A0805246F8082CEAE740F60D2232210198FB
S21401E9B0FCF796FB04F50052BBF1010F46F8082C54
S21401E9C0DDD159F8042CD24346F8042C0434083619
S21401E9D0BDE700BF8C5A0400003000B0F8B505460C
S21401E9E0F0B10026154B34461F46154953F8042B43
S21401E9F0BAB9A00000F13040294600F50150FFF7F2
S21401EA006BFF30B940F6AE323621BDE8F840FCF770
S21401EA1067BB0C4B0134044447F8265023F81640D4
S21401EA20F8BDAA42FCD001360C2E02D031F81640B1
S21401EA30DCE740F6C83236210020E6E7A84E002083
S21401EA40FA540020FC54002070B50446A8B1C1B1A8
S21401EA50384A52F8043B984215D1002336498A6851
S21401EA609206FCD49B00354A03F1304303F501536B
S21401EA70C2F8B0302022324B9A6070BD01330C2BA5
S21401EA8002D1304D12E0012352F8041BA142F5D108
S21401EA902D4A32F81330E1E704D16268C3E9001267
S21401EAA0083403E0012A01D1043419602268531C9A
S21401EAB0E3D0C2F3016335F81300110C93B211F0E1
S21401EAC0FE0F43EA004360680DD00434CAB2022A3E
S21401EAD02168E1D9D4E90160033AC3E900169860D8
S21401EAE00C340C33F3E7120F072AD9D8DFE802F00B
S21401EAF00704090D1013181DC04303F500531860D1
S21401EB00CEE71A6842401A60CAE703F58053F6E773
S21401EB1015F0B2FFC4E7012203F580538240F2E705
S21401EB20012203F500538240EDE71A6830EA02023B
S21401EB30FBD1B5E7A84E0020000002B8001E00B0C9
S21401EB40001002B88C5A0400FA5400200122014B2E
S21401EB50DA677047001002B80122014BDA67704786
S21401EB60002002B84022014BDA677047002002B845
S21401EB704022014BDA677047001002B80B4B1B6846
S21401EB80D3F8E43023B11A68022A01D9186A70470B
S21401EB90074B9A6D90B238B1064BC2F307421B6819
S21401EBA0DB085343B3FBF0F0704700BF204F002053
S21401EBB0004001B8944E0020064BDB68C3F30363A4
S21401EBC0984206D1044AD36B23F0F00343EA0111BD
S21401EBD0D1637047000002B8001F00B0054B1B68E8
S21401EBE0D3F8E43013B11A680A2A01D8FFF7C6BF72
S21401EBF0186C7047204F00202DE9F743064615F0A4
S21401EC0034FF00248046DFF890901AF01EF90DF1CB
S21401EC10070105460DF10600FEF75AF89DF8063085
S21401EC208BB9721C29D015F020FFA0EB08042846EA
S21401EC301AF006F99DF8063013B99DF807303BB374
S21401EC40A642E2D824E0D9F80C3013F4603FE8D0AD
S21401EC50D9F8100015F076FF731C074603D015F09F
S21401EC6004FFA0EB080428461AF0EAF817F5007F1F
S21401EC70E0D0384603B0BDE8F08328461AF0E0F845
S21401EC809DF80630002BC0D19DF80730002BBCD173
S21401EC90004FEEE700FEFFFF00C000B810F1800F46
S21401ECA004D04D28CEBF7F20323040B2FF22044B25
S21401ECB0C0B21A62A3F5805318620020704700BFE5
S21401ECC000E000B80B4A10B5136E0B4C116E03F042
S21401ECD00703E35CC1F3CD0101FB0333126E074862
S21401ECE0C2F3454202FB033300688001B0FBF3F038
S21401ECF010BD00BF004001B8845A0400944E0020A5
S21401ED00084910B5D1F89C3040B11C46CA68D1F804
S21401ED109C309C42F9D1C2F30362027003F00F00EB
S21401ED2010BD00BF000002B8094B01F080011B6F47
S21401ED3003F480030B4309D14FF40012054B1A620A
S21401ED40837F1BB10122044BC3F80021704700BF2B
S21401ED50000002B8006001B8005001B82DE9F04F7C
S21401ED60404F804685B038680C4615F085FB20B9C3
S21401ED700024204605B0BDE8F08F2246002140461B
S21401ED80FBF73EFB384B5D6915F00105F0D1FCF74A
S21401ED9001F806460028EBD03F68384615F0A4FA7D
S21401EDA04FF6FF73984234D04FF060512F4E304BE0
S21401EDB0304AD3F82090D6F88C3011624FF00061BB
S21401EDC0A2F58052116224220421C6F88C202A4A18
S21401EDD04FF4804B91604FF480520027DFF8A4A0D7
S21401EDE0CAF868B0F262A7421ED30421234A916092
S21401EDF0A2F5F032C2F88C304FF060521D4B1A6209
S21401EE0009EA02031E4A13624FF480421D4B9A66BA
S21401EE10AFE73146384615F00BFA01463846FCF79F
S21401EE20FDF80028C0D0A3E7B26E5104FCD5B26845
S21401EE30D205F9D5CAF868B0D6F890200135012D6B
S21401EE400392D0D9E21B042AA8BF042208EB0700CC
S21401EE5003A901930092FBF763FC009A019B3A44D5
S21401EE6097B2C0E7204F0020000002B8004000B86B
S21401EE70004001B8006001B8001002B8002002B8D6
S21401EE80005001B8006000B84FF604014FF60502C5
S21401EE90044B01201B6C9BB28B4208BF1346024AEF
S21401EEA0136670470080E00F00C001B82DE9F74FE8
S21401EEB081460F464FF0FF35FFF790FB0026019085
S21401EEC08A462C463046DFF8D8B006F110031B01FF
S21401EED05BF8033003F00308B8F1010F15D1304693
S21401EEE0FFF794FB02460B4601985146FFF716F9C9
S21401EEF0DBF8643006F10802D340DB0739D5002F72
S21401EF0040D000252C463E6040460136082EDCD116
S21401EF1060B3234A0027D2F808C0916B0CF4403343
S21401EF200131A4FB0141641941F10001B3F5003F31
S21401EF3030D1536B0CF4405C013347F10006BCF54D
S21401EF40805F22D1156B15F5807505FB06F647F136
S21401EF50000203FB0266A5FB03323244594304FB5D
S21401EF600212A3FB04341444C9E9003403B0BDE81B
S21401EF70F08FA84271EB0403C6D207B13E60054686
S21401EF800C46C1E73D463C46BEE7320242EA136202
S21401EF901B02E3E7136B13F5807347F10002DDE70D
S21401EFA000C001B808B515F0E1FD044B5A7C0123F9
S21401EFB002329340024A536108BD00BF044F00204D
S21401EFC0002000582DE9F34105460F4668461146D4
S21401EFD0FFF76CFF0646B0B1AFB1DDE900321B0AA0
S21401EFE043EA0263A5FB0384094B120A05FB0244AC
S21401EFF01A6812B915F0A4FD0246002340462146C0
S21401F000FAF792FE3860304602B0BDE8F08100BFE4
S21401F010944E002037B50446FFF70EFCE1782279BE
S21401F0201B4841EA0243C0F8CC34E579A37943EAA8
S21401F0300543C0F8D03423784BB18DF80410042171
S21401F0408DF805200DEB01000022E8F7ABF8637898
S21401F0505BB10421A37900228DF80430E3790DEB2E
S21401F06001008DF80530E8F79DF8227801235AB1A2
S21401F070084AC2F8C834627802233AB1054A002029
S21401F080C2F8C83403B030BD034AF2E7024AF6E7D5
S21401F09000C0035000D0035000E0035070B52C4B65
S21401F0A00C461A7812B92B4A926D1A702A4AD26FF8
S21401F0B052054AD51D78294B05F00F06B0FBF3F033
S21401F0C040434FEA151505D140F27C622B21FCF72F
S21401F0D007F80120224A0A217243B2FBF0F34843A3
S21401F0E0B3FBF1F602EB5002B2FBF0F201FB163372
S21401F0F0042BD2B207D8C3EB8310C3EB80035BB2F9
S21401F10083B96DB217E0C3F10B0303EB8303DBB2E4
S21401F110B3FBF1F32B44DDB20F2DF2D9013AD2B293
S21401F120053DEEE7053B5BB293FBF1F31D44EBB205
S21401F1306DB2002D04DB002042EA0512226070BD8C
S21401F14001320533D2B25DB2F5E70220F7E700BF20
S21401F1502D5C0020008001B8000002B8403B25006D
S21401F160809698004FF0000C2DE9F84FA2FB017B2A
S21401F170C84EDFF85CE3BE1999466BF10003B6454D
S21401F1807CEB030308D240F23E220E216046FBF7D9
S21401F190A7FF0220BDE8F88FD0F8E4A00C4615467C
S21401F1A0BAF1000F04D0DAF80030032B00F21B810D
S21401F1B0B94BBA4A9B6BD2F8FCA0C3F31408B84B00
S21401F1C0D3F8EC305E00B64B48BF48F400181B6E0F
S21401F1D048EA456858074EBF4FF440039B0503F0C5
S21401F1E0E07348EA030817F0AFFF012D0646D0D1B9
S21401F1F00028CED0AB4B984200F0048103F51223D1
S21401F20003F5F863984200F00381A74B984200F09B
S21401F2102F81002502462B4600204FF00071FAF799
S21401F22083FD2B46013007FB03F3C8F3130100FBF4
S21401F2300B33A1FB0662A7FB007001FB052203440A
S21401F24020339B09C9F80030F60C984B46EA423643
S21401F25018F4801F1C6008BF7642954B954DC9F87F
S21401F260144034441E602C60BAF1000F00F0B980DF
S21401F27000239149C8F381528A5C194618F0807FB1
S21401F28018BF6408002EB8BF764292066008C2FB1B
S21401F29006012246FAF748FDDAF800300E2B08D9A7
S21401F2A07F4B7D4A926BD969D3F80C31C90600F1C0
S21401F2B0D68018F4001814BFC42240F207127F4902
S21401F2C0C0F31300A1FB04614FEA511102FB01F1E7
S21401F2D0C9F80400DAF818004FF4FA73B1FBF0F13C
S21401F2E018BF4FF0000801FB03F3A4FB0262FA33D8
S21401F2F0A3FB003004FB0822B342904138BF013122
S21401F300C9B241F4006CC9F808C000297ED0DAF809
S21401F3101C00A1FB003624B1B4FA84F20E2A40F395
S21401F3208880E203002E77D1B2FBF3F2530003FB91
S21401F3300113A3FB00764FEA044EBE454FEA144480
S21401F34074EB060609D34E003344A0FB0371BE4599
S21401F35074EB010102F10102F6D2C2F30E024CEA8D
S21401F360023C4CF00063C9F8083017F0EDFE2B683C
S21401F370002B00F08880B3FA83F4D4F102044CBF6A
S21401F3801C4623FA04F44E4B9C4288BF64080028AE
S21401F39046D0B4FBF0F3642100FB134201FB02F2FA
S21401F3A0904244D85A1E52085B08013B120242EAB8
S21401F3B00313C9F80C3017F093FE00285CD0B4FB99
S21401F3C0F0F2642100FB124401FB04F4A0425ED873
S21401F3D0531E5B085208013A1B0243EA0213C9F89E
S21401F3E010300020D6E6042BDAF828807FF4FBAE36
S21401F3F018F0807F0CBF08F0E0734FF4400328F04C
S21401F400E078EEE600232F481D460CE72120C1E6F2
S21401F41000232D481D4606E70B46002289E70446D1
S21401F42040F2C2422B210020FBF75AFE2346013B45
S21401F430B8E7C2F10F0702F1110E06FA0EFEFB4005
S21401F44043EA0E03A7F1200E26FA0EFE43EA0E0348
S21401F450FE40013304FA02F246F1000662E702F4C6
S21401F460801203F400131A4308BFC0F5801020E78A
S21401F470002316481D46D6E640F2E5422B21FBF74F
S21401F4802FFE621EA4E70028C9D01C46CFE714460B
S21401F490F7E700BF006CCA88008001B8001F00B003
S21401F4A0004001B800F04902005A6202E04E002016
S21401F4B0DC4E0020D84E00209C5A0400D34D62102A
S21401F4C03FBE40250A3BB2DF313641DCD694BFD67B
S21401F4D0807C814A10B50B46044686B039B98279DC
S21401F4E0016821486B460068FFF73CFE6B461F4AE1
S21401F4F0196851631E4AD2F8FC2062B35A6842B1B9
S21401F5001C4A1D49C2F80C115968A2F58052C2F86E
S21401F5100C119A6842B1174A1849C2F8EC1099685A
S21401F520A2F58052C2F8EC101549D868D1F86421CA
S21401F53022F4EE620243C1F86421D1F85C21186915
S21401F54022F4EE620243C1F85C21A1F5FF4158693D
S21401F5502839FFF7A3FD0020A2880A4B9A6203F51B
S21401F560A033186406B010BD204F0020008001B8FB
S21401F570001F00B0006001B8FFFF0F00FFF8FF0F8B
S21401F580000002B8004000B84FF48062014BDA6711
S21401F590704700BF001002B84FF48062034BDA6771
S21401F5A0034B1B780BB1034A93657047002002B8E2
S21401F5B02D5C0020008001B840B10368012B05D9FD
S21401F5C00069034B002808BF18467047004870477B
S21401F5D0A45A040010B590B10468012C0FD9026931
S21401F5E06AB11168094B102C19605168596091680D
S21401F5F088BFD268996094BFD960DA6010BD1022C6
S21401F60000210248FAF7FCFEF8E700BFE84E0020AA
S21401F610084BC1171A68A2FB000302FB013310F165
S21401F620807043F10003400E40EAC310803820EAA0
S21401F630E0707047F84E00200722164B70B5DA6668
S21401F640154B164A1D68164BEC08E005C0184FEA24
S21401F650153141F100010023FAF766FB114B124EFA
S21401F66018604EF66020FFF7D3FF4042C6F88400CC
S21401F6700E48FEF7EDFF024658B1E3015008181890
S21401F6804FEA15714FF0000341F10001FAF74CFB08
S21401F690F06570BD000002B8944E002065CD1D00D7
S21401F6A0B2E60E00F84E0020001F00B040420F00E8
S21401F6B010B5044698B10B4BD3F8FC00FFF78AFF50
S21401F6C04FF47A7303FB04F0074BA0F6AC50DA68EC
S21401F6D09B681044C01ABDE81040FFF799BF4EF66C
S21401F6E06020F8E7001F00B0E84E00202DE9F8433F
S21401F6F00546084614461E46FFF76CFF0DB306F096
S21401F700020716F004061ED1DFB14FF47A706B685B
S21401F7105843002B40F08C80FFF77AFF60626B69DC
S21401F720002B00F08C804B4AD0684FF47A7202FBB3
S21401F7300300A0F503501038FFF76AFF2062002E81
S21401F74057D1BDE8F8832869002868D04FF47A734A
S21401F7505843404BA0F6AC509B68C01AFFF758FFC1
S21401F760E061A88B00285DD04FF47A735843394B7B
S21401F770A0F6AC509B68C01AFFF74AFF2061364BD3
S21401F780E968D3F8008000294FD04FF47A735943C3
S21401F790304BA1F6AC519A685B68891AC91A2F4B8F
S21401F7A0C8171A68DFF8BC90A2FB011302FB0033EE
S21401F7B011F1807143F10003490E41EAC31180390A
S21401F7C0274B6161DB6EA361D9F8003053B1404627
S21401F7D015F04CF830B12246D9F800301D49D8F85A
S21401F7E0D80098470021A869FFF762FFA062002FA2
S21401F7F08BD1A86830BB47F23050FFF709FFA060F5
S21401F8004FF47A702B6858432BB1124B1B6803F5E3
S21401F8101C5310331844FFF7FBFEE06091E74EF6E9
S21401F82060209BE74EF66020A6E74EF66021B6E71D
S21401F830084B1B6803F51C53103318446CE747F25A
S21401F840305079E74FF47A735843A0F503501038D7
S21401F850D3E700BFE84E0020204F0020F84E0020DE
S21401F860001F00B0E44E002038B5054608461C4689
S21401F87015F01EF90246D5F8E400FFF79DFE436831
S21401F880A018002B044AA8BF4FF4FA721A44034B7F
S21401F89092FBF3F2104438BD0CFEFFFF18FCFFFF8D
S21401F8A070B5124C88B001AD0FCC0FC594E80700B7
S21401F8B085E807008C2200210D48FAF7A1FDD42225
S21401F8C000210C48FAF79CFD0B4B0C4A5A6301F0D9
S21401F8D04DFA0B4B1B783BB1044E01AD0FCD0FC655
S21401F8E095E8070084E8070008B070BDC41F00B0A3
S21401F8F0A01E00B02C1F00B0001F00B01011111187
S21401F900205C002008B519F0A0FA0E4B1A78A2B9AF
S21401F9100D4A126812F4843F0FD10C4A1021D167A8
S21401F9201B7863B9084B1B68DB0508D4074B2022FC
S21401F930DA67BDE8084019F083BA054AEEE7044BDA
S21401F940F5E700BF335C0020A0150020002002B8B8
S21401F950001002B80A4B197801F0FF0229B1002104
S21401F960197008499202C1F8B420597801F0FF02D3
S21401F97029B1002159709302024AC2F8B830704783
S21401F9802E5C0020005000B8064BD3F8D80E064B6C
S21401F9905B6F1A0103D4054B9B6E1B0401D500F562
S21401F9A080707047001000B0000002B8004000B838
S21401F9B010B519F04AFA0E2104460320FFF7FCF8A9
S21401F9C040F20122034B2046BDE81040DA6219F0EE
S21401F9D037BA00BF004000B808B519F036FA4FF044
S21401F9E00042224BC3F88020BFF34F8FBFF36F8FC7
S21401F9F00122C3F88420BFF34F8FBFF36F8F02221B
S21401FA00C3F88420BFF34F8FBFF36F8F0422C3F870
S21401FA108420BFF34F8FBFF36F8F0822C3F8842073
S21401FA20BFF34F8FBFF36F8F1022C3F88420BFF34D
S21401FA304F8FBFF36F8F2022C3F88420BFF34F8F01
S21401FA40BFF36F8F4022C3F88420BFF34F8FBFF3FD
S21401FA506F8F4FF48072C3F88420BFF34F8FBFF3CC
S21401FA606F8FBDE8084019F0EBB900BF00E100E078
S21401FA7008B519F0EAF94FF00042094B1A60012265
S21401FA805A6004225A6008225A6010225A602022C4
S21401FA905A6040225A60BDE8084019F0D1B900BF4B
S21401FAA000E100E0012370B5074C2370074B1E6888
S21401FAB0074B3240D3E9005319402840FCF7F8FCC5
S21401FAC00023237070BD00BF315C0020004F002072
S21401FAD0A01500200022044B1A70044B197811B1AE
S21401FAE01A70FFF70FBF7047325C0020335C0020AE
S21401FAF02DE9F047DDF820A003EA0108099B064638
S21401FB000C4602EA000703EA0A09BAF1000F40F0C0
S21401FB104E81031F0B4300F00E81052871F100038F
S21401FB2080F0E48050EA010300F06081431E0B433D
S21401FB3000F02481FFF750FFAD4AD2E9005323EAD3
S21401FB40040325EA06053D4343EA0807A94BC2E933
S21401FB5000571E68DFF8F48226EA0A0646EA090616
S21401FB601E60FFF7CFFE15F02A4F14BF48F20203BE
S21401FB704FF40043A04AB007D26EA04848BF43F4F2
S21401FB80005383EA020122EA0302C2669C4A0B4042
S21401FB908166D366C5F380421203290348BF42F447
S21401FBA08072EB0648BF42F40052964BAC0648BF43
S21401FBB042F400726806D3F80C3248BF42F4806201
S21401FBC0290648BF42F400628F4882EA030123EA0D
S21401FBD00203C0F80C328D4B0A40C7F34024A4043C
S21401FBE0C0F80812C3F80C22EA0448BF44F4803473
S21401FBF0AB0348BF44F48014A80748BF44F480040C
S21401FC0015F4001F06D0D8F8000015F085F808B9DD
S21401FC1044F40024E90248BF44F40034FA0648BF1D
S21401FC2044F4000473077A4B48BF44F004041A6A8C
S21401FC3044F4001484EA020323F0010375491A40D0
S21401FC400A621C40CB61744B16F0010F1C62734BA9
S21401FC50734A18BF1A46734B7C071B6F48BF42F0A6
S21401FC600062714882EA030123EA020303676F4BCD
S21401FC700A4041661A676E4A05F00103516CA0F509
S21401FC80803081EA030221EA0301416482631A405B
S21401FC90684B28025A64D8F8002048BF664B92F891
S21401FCA0F62058BF654B690748BF43F4806322B10D
S21401FCB015F4C06F18BF43F480733207604A48BF1B
S21401FCC043F00043D2F8EC105E4883EA010222F4C6
S21401FCD0A0221140C0F8EC101340C0F8E0205A4AA8
S21401FCE0BDE8F047C2F8EC30FFF7C2BEA0F580636E
S21401FCF00B4306D020F48063A3F500730B437FF417
S21401FD0019AF19F0A2F83A49D1E9003223EA0603FD
S21401FD1022EA040242EA08023B43C1E900324B4AA6
S21401FD20126892F8F610474A09B313F4C06F1ED052
S21401FD304FF4807311E019F088F82D4AD2E90031AA
S21401FD4023F004033B4341EA080157EA0807C2E9E6
S21401FD5000314FF480633B4A0BD0C2F8E030A2F585
S21401FD608052C2F8EC30BDE8F04719F069B84FF49C
S21401FD708073C2F8EC30C2F8E030F4E719F065F8A9
S21401FD801B4AD2E9003123F001033B4341EA080153
S21401FD90C2E9003101232E4A57EA08071BBF9363C5
S21401FDA0A2F580525364536408BF9363DBE750EABD
S21401FDB001037FF4BFAEBAF1010F7FF4BBAE19F0B9
S21401FDC044F80C4A136823F0010343EA090313605D
S21401FDD04FF48063144AB9F1000F04D05366A2F5BC
S21401FDE080521367BFE713675366BCE7BDE8F08729
S21401FDF0A0150020004F0020004000B8006000B8A9
S21401FE00005000B8004001B8006001B8005001B8C9
S21401FE10000002B8002002B8001002B8041C00035B
S21401FE200418000300C001B800E001B800D001B812
S21401FE3000C000B800D000B80D0A0A09090A0A096C
S21401FE40004000540060005400500054204F002031
S21401FE5000E000B8024B5868C0F3C000704700BF0E
S21401FE60A0150020024B186800F00100704700BF83
S21401FE70A0150020024B5868C0F3C030704700BF81
S21401FE80A015002010B50446FEF700FDFFF7A4FDFF
S21401FE902046FDF7BDF8FEF7A5FCFEF7ABF8FEF72A
S21401FEA01DF9FFF7C9FB13490723134AD1F8FC10C4
S21401FEB004F1F800FFF71AFC4FF080710020FEF7FE
S21401FEC0E7FB4FF000720D4B4FF400110120C3F811
S21401FED00021FEF7DDFBFEF7D7FF20B940F2923294
S21401FEE01421FBF7FDF814F04AFEBDE8104001208E
S21401FEF0FDF766BF001F00B0581F00B000D001B864
S21401FF008023074A1367082340B11367054AD2F8CE
S21401FF10A03023F02003C2F8A0307047024AF4E76D
S21401FF20001002B8001E00B0002002B810B518F08C
S21401FF308CFF012104460020FFF7E2FF044B196104
S21401FF40044B5B6898472046BDE8104018F078BF20
S21401FF50000002B8A4620020F8B5194C05462078C6
S21401FF6040F2E442B0FA80F03E214009FBF7B8F8CF
S21401FF7055B9607840F2E442BDE8F840B0FA80F046
S21401FF803E214009FBF7ACB84FF440660D4F0E4DCD
S21401FF90D7F8B43040F2E442C3F381232370C5F8A6
S21401FFA0B46060783E21B0FA80F04009FBF798F81B
S21401FFB0D7F8B830C3F381236370C5F8B860F8BDCD
S21401FFC02E5C0020004000B8006000B8F8B5084C70
S21401FFD0084D236F0423084F2B67236F5B0300D460
S21401FFE0F8BD042602203E6714F046FD2E67F4E7AE
S21401FFF0000002B8001002B8002002B8A82238B5E6
S2140200001A4B1D6F03F500531A6710229A60A3F568
S214020010804302F100521A675A66FFF79BFC144BA4
S2140200201B7813B90320FEF78BF80024114B9C674C
S214020030FFF7CCFF104A114BD2F8D81E0B40C2F87D
S214020040D83E04220E4B1A670E4BAA06C3F8AC40E3
S21402005008D503F58073DB6CB3F5817F22BF80225F
S214020060024B1A61BDE83840FCF7C2BB000002B87A
S214020070305C002000C001B8001000B0DF0000FFB6
S214020080002002B8001E00B010B549B930B3164AB7
S214020090D3681B0E13F00E0F20D193689A061DD458
S2140200A0FFF786FC104C0020FEF72AFE032801D03C
S2140200B0092805D1636FDB03F5D4E36D0C2BF2D967
S2140200C0FFF784FF4FF40072084BDA62012203F551
S2140200D0E8335A61042203F580531A674FF4C0626C
S2140200E0034BDA6210BD00BF000002B8004000B841
S2140200F0006001B808B503210920FEF75DFD202245
S214020100014B1A6108BD00BF000002B838B50546AB
S21402011018F09BFE0E4B04461868FDF745F835B1FD
S214020120FFF7D8FC2046BDE8384018F089BE094BD8
S2140201301B78002BF6D0084B1D78002DF2D1FFF766
S214020140C9FC2A464FF480400021FFF7ABFCE9E7E2
S214020150204F0020325C0020315C00202DE9F84F51
S2140201605C4B06460D4614461B6F002A40F0AE80D6
S21402017013F0A00F14BF4FF001094FF00009FCF76F
S21402018037FBA0234FF0000ADFF868810320C8F887
S2140201907030FDF7D5FF0420FDF7D2FF4E4FFFF774
S2140201A099FC4E4B4FF0040B7B67C7F878A0FFF71D
S2140201B00DFF4B4B4FF48071D3F8A020494842F014
S2140201C02002C3F8A020FF22C8F80820414A116185
S2140201D0D0F8D82E44491140C0F8D81EC8F870B0DE
S2140201E0C3F8ACA07B6913F0060F04D0FEF75CFAE6
S2140201F05846FDF7A5FFB9F1000F08D04FF400628C
S2140202003A4B1A674FF40042A3F5E0339A6666B19A
S214020210374BDB6C180701D4FFF7CAFBFFF76AFF00
S2140202200420FDF78DFFFFF795FB2A4B5A69D1078D
S21402023047D5DA6812F0706FFBD12E4B2E4A1A673A
S2140202402E4AD36B23F0F003D36315B12046FFF793
S2140202505DFF2B4BD3F84C315A1C01D05B0002D504
S2140202600122244B5A6164B3214BDA6E03F5005324
S2140202709A6603F5D0331B6A1E4A23F00103D36144
S214020280204BD3F80C1203F50053C3F8081203F5FB
S2140202900053D3F8841003F5005399671A4BD3F82A
S2140202A0EC1003F50053C3F8E010184B596C03F535
S2140202B000539963164903F5803359664FF608438F
S2140202C013670020BDE8F84FFCF736BD4FF0000973
S2140202D055E700BF000002B800C001B800000101E7
S2140202E0001E00B0001000B0DF0000FF001002B8D1
S2140202F0004000B8002002B810003000001F00B016
S2140203000080E00F004001B80040005400C000B872
S2140203105000002F9B4B2DE9F04F9F6EDB6E85B091
S2140203201F40994B9F66994BD3F8E050D3F8EC30B8
S2140203301D40974BC3F8E050964BD3F80822D3F8EB
S2140203400C3202EA0309944BC3F8089203F52043E1
S214020350DA691B6A02EA0308904B08F47702DA614C
S2140203608F4BD3F80422D20605D4D3F80431C3F354
S2140203700016DB0651D518F068FD8A4B5A695E6E88
S2140203801B6F12F0060F06EA0306874A26F0007372
S21402039014BF4FF0010A4FF0000A23F400637407FB
S2140203A0536604D5814A137D0133DBB2137518F008
S2140203B047FD002F00F0E28017F4004300F0D380E0
S2140203C018F043FD0146FFF7DFFA0446784BD3F8F0
S2140203D000B0DBF80020DBF800309A42FBD0DBF8F6
S2140203E000209A42FBD0FFF7CFFAA04217D1084668
S2140203F018F026FD6F4B1C606F4BD3F870B01BF4E1
S214020400E0520ED124F07F4424F0DF040CB9FFF74B
S214020410F5FD4FF0807B002414E0B246C9E704469F
S214020420D7E70192FFF7EAFD5C4B019A1BF4805472
S2140204301A6740F09A801BF4806F0CBF4FF0805B07
S2140204404FF0806BB80715D55B4A5448126F02F41A
S21402045060410167002900F08B80110400F18B8057
S21402046012F4005F0CBF4FF000524FF000620024FF
S2140204704BEA020BC7F340377F00504A2A40002A55
S2140204804AD015F4206F0AD040F6A31206210020A7
S214020490FAF726FE0020FFF739FE25F48025EB0545
S2140204A006D5FF213D4A4BF4C06B9160FFF780FAF8
S2140204B015F0090F0AD040F6B81208210020FAF704
S2140204C00FFEFFF717FE0121304A116315F0106F79
S2140204D00CD040F6C11209210020FAF701FEFFF700
S2140204E009FE002211461046FCF736FE15F4202FB0
S2140204F00AD040F6C91207210020FAF7F1FD0020C3
S214020500FFF704FE25F48025E80301D5FCF768FF13
S214020510002DB8BF47F0080769070DD51B4AD26AF7
S21402052012F4005F4FF4005217BF19492449CA62F9
S2140205304BF4000B08BFCA626A0548BF4BF0040BB7
S21402054015F48023019300F0A480FCF701FF013824
S214020550062837D8DFE810F028012B0128012E01E3
S2140205603101340134019B4655E74FF0804B52E788
S2140205704FF000727BE74FF0004278E7BB463C46FE
S2140205807BE700BF004000B8006000B8004000549F
S21402059000600054004001B8006001B8002002B8B4
S2140205A000E100E000C001B800E001B8044F0020FE
S2140205B0385A0400FC4E0020000002B8090B0B89D2
S2140205C00050005440F6FA1203210020FAF788FD84
S2140205D001218548826ED0F8883002F00702063282
S2140205E001FA02F2C3F30C0CA2EB0C0292B2072A37
S2140205F012D97E4A126F53020ED47D4B826B806DE7
S2140206005B6D5BB102F0070206329140C0F30C004C
S214020610091A89B2072901D84BF4007B754A127869
S214020620002A36D0704AD2F8E02012F4A02F30D139
S214020630714A724912789AB9F20411D40A787AB1D8
S2140206404FEADB026E4842EA447282F00102D0F8B8
S214020650D80E02F00102520020FA02F2930718D1D5
S2140206600420FDF76DFD674A67485067FFF732FAC8
S21402067062490A784AB9654A127832B1644A6549CB
S21402068012680BEA02020A4201D14BF4804B26F4AE
S2140206908056B9F1000F1DD019F4805F18BF4BF4D5
S2140206A0802B19F4807F18BF4BF4002B19F4005FDF
S2140206B018BF4BF0100B19F4007F18BF4BF0200B3D
S2140206C019F4806F18BF4BF0400B19F4006F18BF77
S2140206D04BF0800BB8F1000F48D018F4001F0AD078
S2140206E04D4A13683BB1414A4C48116F00680022DC
S2140206F0C1F3C061984718F4802F18BF44F4007401
S21402070018F4803F18BF4BF4805B18F4801F18BFA4
S2140207104BF4003B18F4800F18BF4BF0020B18F492
S214020720003F18BF4BF4801B18F4000F18BF44F0AC
S214020730100418F4002F19D0394AD2F8A02012F06B
S214020740C00F13D02949CA68C2F30362032A01D034
S214020750072A05D14A6FD00602D48A6F120732D50D
S2140207604FF400212F4A28F40028D161002E00F011
S2140207701B81330540F18F802B48DFF88890C278C2
S2140207802A49002A58D04FF40063013AD2B24B6687
S214020790C27032B9264A1278C2B140F60141254AE1
S2140207A051670022002173E04BF4803B10E74BF4C4
S2140207B0006B0DE74BF4806B0AE74BF4807B07E790
S2140207C04BF0080B04E74BF4001BCFE7D9F8782070
S2140207D012F4A05F15BF4FF4807240F60142C9F8CA
S2140207E05820C9F87820DCE700400054000002B820
S2140207F0004000B8335C0020325C0020355C0020EC
S214020800001000B000C001B800000101345C0020F6
S214020810A0150020088D0100344E0020204F002035
S214020820001E00B0002002B8245C002000E001B8E0
S214020830305C002000D001B80320FDF781FCD9F817
S2140208401420A84B12F0060F04BF41F61F72A649E9
S214020850A64808BF4A674FF40061A34A5166D9F812
S214020860142012F0060208BFC9F878205A8A12F439
S214020870006162D022F400625A82027802F0FF0916
S214020880002A5ED1FDF710FFFFF7B8FB4A4620218B
S2140208904BEA020B0C43B00009D52E20FDF79EFB57
S2140208A04FF00051904A44F0080411675166F10671
S2140208B006D52B20FDF792FB10218B4A1167516655
S2140208C016F0306F05D1F20463D5BAF1000F00F0CE
S2140208D0C080330117D52920FDF780FB844A526C6D
S2140208E012B11021834A9160FFF7B4FA48B1824AE6
S2140208F082487D494A66026700F54050C068400457
S21402090022D444F0040416F0007A28D00420FDF71E
S21402091017FC2720FDF762FBFFF770FB4FF0007114
S214020920714A5166764AD2F8D82E520679D40221F6
S214020930704A916044F0020428E002784FF40052B4
S214020940A6E74FF400422DE70A6720204A66FDF725
S21402095045FB2D2044F00C04FDF740FBD3E716F0D0
S214020960807FDFF88C9147D00420FDF7E9FB282032
S214020970FDF734FBD9F87820002A3AD1FFF73EFB80
S214020980594A5D4944F00104116751660021584AEC
S2140209909165720508D55B498A78002A00F0D880EE
S2140209A0013A8A7000221743574AD2F8A02013064B
S2140209B003D558462146FCF7C7F93A46584621461B
S2140209C0FFF770F8019B0BB1FCF7F8FC01224F4BC6
S2140209D005F00435C3F8E0504D4B18F4002FC3F869
S2140209E084211EBF4FF40022424BDA6105B0BDE8F7
S2140209F0F08FC9F878A0C3E7F104C7D50420FDF745
S214020A009FFB444AC9F87420FDF74EFED9F86420CD
S214020A1012F0407FBAD12A20FDF7E0FAFFF7EEFA8D
S214020A2080E7394AD2F8A0108B0683D402203A49CE
S214020A3088603A49096891F82510C8077FF57AAFA9
S214020A4092F8C420002A3FF475AF8021344A11611F
S214020A5070E7344A1268013202D04BF0010B98E775
S214020A6028490A7952B1013AD2B20A7112B9234A16
S214020A702D49516700224BEA020B8AE70420FDF754
S214020A805FFB0320FDF75CFB194A2249516718F009
S214020A90DCF981460DF10F00FEF732F9234A824651
S214020AA012780AB1FEF784FFBAF1030F0ED1DFF80F
S214020AB070A00020FEF724F9032807D1DAF8742084
S214020AC0D103F6D4DAF85C200C2AF2D99DF80F206E
S214020AD0032A2FD10121164A4846117018F0B0F9A0
S214020AE0C8E700BF044F002000E001B8305C0020D9
S214020AF000C001B8002002B81000002000D001B8E3
S214020B00001000B0245C0020001E00B000600054FC
S214020B1000E100E000000101001002B8204F0020B2
S214020B20000002B8AC6200200000010D365C002016
S214020B30325C0020094AD2F8E02012F4A02FC9D174
S214020B40FEF7C8FF484618F07BF94FF4804292E75A
S214020B500220FDF7F5FA012225E700BF0040005407
S214020B600122024B1A62DA61704700BF002002B807
S214020B700D4B10B5DC691A6A14400C4A24F47F0146
S214020B80D161E20706D5D9684FF0FF30C1F30361A1
S214020B9013F0FFFF630706D5BDE8104004220020CD
S214020BA00021FEF77FBF10BD000002B8002002B889
S214020BB00C4A08B5936B526C13400B4A9363DB07DF
S214020BC00FD50A4B40F663421878122100F0010056
S214020BD0FAF786FABDE80840002201200021FEF757
S214020BE061BF08BD00C000B800E000B8A015002034
S214020BF0054AD2F88430DB07FBD4936FD2F8842000
S214020C001340024A93677047008001B800A001B8FB
S214020C1070B514460D4618F018F9064BD3F8A060C6
S214020C2074402C407440C3F8A04018F009F906EA54
S214020C30050070BD001E00B0034BD3F8A0309943E8
S214020C400CBF012000207047001E00B02DE9F041C5
S214020C5017460A43012A1D469DF818409DF81C6057
S214020C60DDF8208029D8B44227D2082E25D8032BB7
S214020C7023D8B8F1000F20D00A460021FBF71CFD4E
S214020C80FF21EB009940C943DFF834C008F1FF3872
S214020C90FF00E2B2964202D80020BDE8F0813D197C
S214020CA00CEB8505D5F8E02018F8010F0A409840AD
S214020CB01043C5F8E0000134EBE72120EDE700BF62
S214020CC0001E00B0034B1868034B002808BF1846E6
S214020CD0704700BF1C4F0020887B04002DE9F843B4
S214020CE0DFF860900646D9F8008008461746B8F145
S214020CF0000F03D00E242046BDE8F88306B33368FF
S214020D0001331DD1E1B1FAF70DF805460028F1D0FE
S214020D10C9F80000FAF72CF8284613F04EFA0446F3
S214020D2040B14046C9F80080FAF722F8284613F088
S214020D303FFAE0E73560002FDDD02846B847DAE70D
S214020D402124D8E7204F0020024B1868003818BF2D
S214020D5001207047204F0020002108B5024B0846AC
S214020D605B689847002008BDA46200200523064A57
S214020D70A2F84A3092F8493003F0010363F0730395
S214020D8082F84930704700BF001F00B00023F0B55C
S214020D9085B0CDE901330393124B134D1B78134EE6
S214020DA08DF8043018F05EF82A78337804469A42B2
S214020DB00F4F0CD03178386801AA297013F01EFF45
S214020DC050B140F608210B4818F03EF904E03868A6
S214020DD013F0F4FE0128EDD0204618F03EF805B0D8
S214020DE0F0BD00BF82650020B3650020B465002018
S214020DF03C4F0020F22F0400F8B52B4B1B7823B192
S214020E0040F6FC31294818F01FF918F02BF8284B49
S214020E1007461C8814F0060409D001214FF480709E
S214020E2017F07AF83846BDE8F84018F016B82146AA
S214020E304FF4807017F070F8204600F09DFF0228ED
S214020E4008D180221B4B8021186813F080FAFFF726
S214020E509DFFE7E7204600F08FFF054638B10128E0
S214020E6007D040F63141114818F0EEF8DAE70246AC
S214020E70E8E7FF220F4E104B30681A70FFF76CFF40
S214020E80306813F09BFE0128CCD02A4629463068EB
S214020E9013F096FE21462C2017F06AF821460A2007
S214020EA017F066F8BEE700BF3C5C0020F22F040095
S214020EB0165500203C4F0020B36500200021014853
S214020EC017F070BE246300207F2837B5044610D181
S214020ED04FF6FF73022217480DF10601ADF80630F1
S214020EE0EAF7DCFEBDF80640E2054CBF6FF04A04A6
S214020EF064B217F0B7FF104B05461C700F4B1B88E9
S214020F00DB0710D50E4B1B78002B0E4B0CBF214671
S214020F106FF07F01186813F03FFA20B140F678614F
S214020F20094818F091F8284603B0BDE8304017F09B
S214020F3094BF00BF641002C0AB65002016550020A7
S214020F403D5C00203C4F0020F22F040010B50EF04E
S214020F5086FE60B10EF085FE0B4A80B141F20D03AB
S214020F60BDE8104041F20D01074817F027B9074BBC
S214020F701A781B799A4204D100220023F0E70D2347
S214020F80EEE7034AF9E700BF400D03008265002042
S214020F90488D0100F8B5164E0D46337802F001046E
S214020FA023B140F2C531134818F04EF8124B134FD6
S214020FB01D60134DA4B1134B997801B10121202075
S214020FC016F0AAFF2B783B700F4B1C780F4B0021B4
S214020FD01C70042333700E48BDE8F84017F0E2BDDB
S214020FE02146202016F098FF2B783B70EEE700BFD4
S214020FF03C5C0020F22F04002C4F0020395C0020BD
S214021000B5650020304F00203A5C00203B5C002093
S214021010246300202DE9F84317F024FFDFF8A081AF
S2140210200546B8F80030614C13F4807F03D023786D
S21402103073BBFFF7E1FE0021084616F099FF5C4BF2
S2140210401A78FF2A13D01A7802F0FF0632BBFF2264
S2140210501A702378052B0AD100232846237017F02E
S214021060FCFE304613F05AFE17F0FCFE05462378C7
S214021070504E062B09D13378FF2B06D03378022B3D
S21402108015D100214C4817F08DFDFF2333702BE05D
S21402109000214FF4807016F03FFFCCE71A78012A41
S2140210A04FF0FF0214BF33264C261A70D4E733786B
S2140210B013B13378012B22D116F0CEFF07463E48F5
S2140210C096F8009001F0CEFBFF235FFA89F93370A1
S2140210D077B1B9F1010F44D16421374884F8009002
S2140210E017F060FDFFF752FE284617F0B6FE06E040
S2140210F02846277017F0B1FE384613F00FFEB8F8F0
S21402110000301B0605D50021802016F005FF12F0E0
S21402111018F901F0E3FA294E308000B32778012F40
S21402112042D117F053FC054610B3013018F06AF8A6
S21402113000F44060B0F5006F1AD104223946284602
S21402114017F084FB284418F05DF84FF6FF739842B8
S2140211500ED10020318800F0F1FC00233380BDE878
S214021160F88300232846237017F077FE3F20C4E753
S214021170114801F077FB002108462170012500F096
S2140211808FFC23780BB9FFF737FE0020318800F07A
S214021190D5FC00233380002DE1D020780028DED154
S2140211A0BDE8F84313F0F2BE0025EAE73C5C0020F7
S2140211B0B2650020B165002024630020145500208B
S2140211C01655002008B513460A461946064B1868F7
S2140211D013F06FF930B1BDE8084040F2F44103481D
S2140211E017F032BF08BD00BF3C4F0020F22F0400AC
S2140211F008B513460A461946064B186813F053F903
S21402120030B1BDE8084040F2FB41034817F01CBF6E
S21402121008BD00BF3C4F0020F22F0400024B187896
S214021220431E5842584170473C5C002008B5064BA6
S2140212301B7823B140F22551044817F005FFFFF74B
S214021240DBFD002008BD00BF3C5C0020F22F04003E
S21402125008B5054B01EB81011868490013F09EF8AA
S214021260002818BF212008BD3C4F002008B5044BBB
S2140212701868F9F70FFF0A2390FBF3F040B208BD97
S2140212803C4F0020014B1878704700BFB465002021
S21402129008B5044B186812F0ECFFB0FA80F040096B
S2140212A008BD00BF3C4F002038B5124D0C462B78C7
S2140212B0012B04D940F246510F4817F0C5FE2146CD
S2140212C00020FFF7E5FF90B10C4B1C702B785BB942
S2140212D0FFF792FD0A4B93F900100A4BC9011868F2
S2140212E013F030F8002038BDFFF750FDF2E721205A
S2140212F0F9E700BF3C5C0020F22F0400B465002032
S2140213003E5C00203C4F002008B5074B186812F0E0
S214021310AEFF30B1054BB3FBF0F083B20BB118460B
S21402132008BD0120FCE700BF3C4F002040420F00F2
S2140213302DE9F3475C4E012017F083FE33889907A8
S21402134004D440F63F41594817F07EFEDFF880810C
S21402135098F80030053B012B04D940F6414153482A
S21402136017F072FE524F3B6823B940F644414F488D
S21402137017F06AFE348814F0200478D00121222067
S21402138016F0F6FD4FF47A74FFF7BEFF3B681B7843
S2140213900933434304EBC30498F80030A5B2062B86
S2140213A00BD117F021FA0446FFF7AEFF602358432D
S2140213B00C2303FB0400284485B2D7F800903D4B6B
S2140213C099F800801C7808F1FF381FFA88F8002C7C
S2140213D052D133885A0505D409F1010017F012FFDD
S2140213E0C0F340143449354A887812784B7812FB99
S2140213F000F2334F93423B70A4BF9B1A3B703B787C
S214021400CA78BD60934238BF13463B700EF02FFC7D
S214021410002833D00EF029FC012814BF1025082519
S21402142025430023DFF8ACA00093802243464946BA
S214021430DAF8000012F0E4FF20B14FF43B611B48DB
S21402144017F002FE1F4BDAF8000019781E4B1970CF
S21402145033889B0614D52A461C4B009713F0CCFB08
S214021460C0B9002002B0BDE8F04717F0EABD214639
S214021470222016F07DFD87E70024B3E72546D0E755
S2140214802A460F4B13F0B6FB014618B9252016F074
S2140214906FFDE6E72146262016F06AFD40F6F43197
S2140214A0024817F0D1FDDCE716550020F22F0400A3
S2140214B02C4F00203F5C002082650020395C002013
S2140214C0D4620020B4650020B3650020304F0020AF
S2140214D03C5C00203C4F0020184B10B51B889B0735
S2140214E004D440F6A661164817F0AEFD154B1B78DD
S2140214F0053B012B04D940F6A761114817F0A4FD5D
S214021500114B1B6823B940F6A9610D4817F09CFDE4
S21402151000240E4B0E4921201C7016F029FD0146B0
S21402152018B9BDE81040FFF703BF022804D12046D1
S214021530BDE8104016F0B2BD10BD00BF1655002023
S214021540F22F04003C5C00202C4F0020375C002069
S214021550F1160200F8B55A4C23889A0704D54FF4C0
S2140215603E71584817F070FD574801F07BF917F0A6
S21402157079FC238805465B070DD54FF0FF3012F045
S21402158086FF524B1B68C01AB0F5717F03D9002143
S214021590042016F0C1FC28464D4D17F05EFC2B7851
S2140215A0042B32D117F05EFC238806465F0708D567
S2140215B04548002117F0F6FA3046BDE8F84017F025
S2140215C04CBC17F04AFC17F04DFC424B06461B7803
S2140215D0414F13B9238859050FD50523012102204F
S2140215E02B7016F099FCFFF777FF304617F035FCA4
S2140215F03B68DA78394B1A70F8BD3868013017F054
S21402160001FE8206E9D50623E8E7062B4DD1344BC8
S2140216101B78FF2BF0D1334E0EF02BFB3378002BCA
S2140216203DD017F01FFC238805465B0705D52648E4
S214021630002117F0B7FA2846BFE717F00EFC3378FA
S214021640013B337017F00EFC04460121022016F00F
S21402165063FCFFF741FF20461F4C17F0FEFB206895
S214021660013017F0CFFD00F44060B0F5006F13D1E3
S214021670246801210422204617F0E8F8204417F0D7
S214021680C1FD0146184B04201A783378D21AD2B21A
S214021690BDE8F84017F07FBD4FF6FF71F2E7402035
S2140216A02B70BDE8F84013F039BB012BA4D1002300
S2140216B02B700E4B1868FFF74FFB3F20F1E700BF79
S2140216C016550020F22F040024630020284F002025
S2140216D03C5C00203F5C00202C4F0020385C002041
S2140216E0B1650020395C0020B56500203C4F002023
S2140216F008B50A4B1A7882B9012210281A7004D04B
S21402170040F69D61064817F09FFC0021202016F047
S21402171003FCBDE80840FFF70BBE08BD375C00209F
S214021720F22F040008B5094B1B88DB0604D440F2EE
S214021730C351074817F088FC1020002116F0ECFB76
S214021740044B1868BDE8084013F04DBA1655002041
S214021750F22F04003C4F0020012208B5074B114629
S214021760186813F02DFA00212C2016F001FCBDE8B3
S214021770084000210A2016F0FBBB00BF3C4F0020A9
S214021780014B4008185C7047AD65002008B513464B
S2140217900A461946064B186812F091FE30B1BDE8AB
S2140217A0084040F6E941034817F04EBC08BD00BFAA
S2140217B03C4F0020F22F040008B5044B186813F0C3
S2140217C0FDF9013818BF012008BD00BF3C4F0020BC
S2140217D070B5054617F046FB0E4B0F4E1B880446A7
S2140217E0DA07357008D50D4B0D4D1B78012B08D93D
S2140217F00121286813F08CFA2046BDE8704017F0E5
S2140218002CBB1BB10EF029FAC305F1D4317881F056
S2140218100101EEE716550020AC6500203D5C002075
S2140218203C4F00200C4B10B51B880446DB0711D535
S214021830FFF78CFB094B84F0010208211868D200DE
S21402184012F085FD30B1BDE8104040F6367104480E
S21402185017F0FABB10BD00BF165500203C4F002003
S214021860F22F040008B5044B0146186812F032FE47
S214021870003818BF012008BD3C4F002010B50A4CA6
S21402188023787BB1FFF768FF0021042016F044FBA3
S2140218900021022016F040FB00232370BDE8104012
S2140218A0FFF7AABA10BD00BF3C5C002038B5094855
S2140218B000F0E8FC0024084D95F84430E0B283427C
S2140218C000D838BD05EBC000043000F0DBFC013464
S2140218D0F2E700BFE04F0020404F002008B5104658
S2140218E002494822F8F71CFF002008BD984F002046
S2140218F008B5054817F018FD014620B9BDE80840AE
S214021900014817F04FB908BD44630020002238B5DD
S2140219101C4B15461C461A700132082A5D609D80D3
S21402192043F8085FF8D1482200211748F8F768FD07
S2140219304FF6FE73A4F868306FF48033E365134BFA
S21402194000211A88124B1868F8F75AFD114BC4E9A1
S2140219501255C4E9283584F8445084F85050656519
S21402196084F8A850E9F704FDFF220B4B01211870FA
S2140219700A4B00201A70E3F787F80020FFF7B8FF3B
S214021980002038BD404F0020984F002026650020DA
S214021990046200200000FFFF405C0020865C0020FE
S2140219A010B5AC24084B04FB0030836C53B990F896
S2140219B050403CB931B1C0E912122046FFF798FFF9
S2140219C0204610BD2120FCE7404F0020AC2370B516
S2140219D003FB00F5094E731993F850405CB9204694
S2140219E00BF022FF735D204643F002037355FFF7A8
S2140219F07FFF204670BD0120FCE700BF404F00205D
S214021A00AC235843024A135C23F003031354704773
S214021A10404F002070B516461F4A04461278C2BBD5
S214021A20AC211E4D01FB00518A6C92BB91F85020EE
S214021A303AB1022B2DD191F84410072907D91C2060
S214021A4026E091F844100729F9D8012B08D0AC20DB
S214021A5000FB0450CA00011D0C30F8F723FD0021DC
S214021A60AC2303FB04F000249DF8143000EBC10104
S214021A702944CB71049B8E808B602B1893F84420EC
S214021A80204601328C7183F84420FFF731FF20464E
S214021A9070BD0120FCE700BF3F5C0020404F0020E5
S214021AA0F8B5234B04461B780F46002B3ED1AC23D9
S214021AB0204D03FB0053B3F8A03023B940F2453162
S214021AC01D4817F0C1FAAC2202FB0452D2F8A460F9
S214021AD036B192F8A33039460020B2F8A020B047BB
S214021AE0AC2300216343EA18A2F8A010C2F8A4109F
S214021AF0482192F8A82001FB02322A44D2F8982004
S214021B00964213D0EB5C9B070CD5AC226243AB5CCF
S214021B10204623F0020343F00103AB54BDE8F8402D
S214021B20FFF7E6BE0BF0A2FE0028EED1F8BD00BF1E
S214021B303F5C0020404F0020493004002DE9F04F62
S214021B4089B0059008460D4616F040FF044618B9BF
S214021B50212009B0BDE8F08F284616F053FFC0B228
S214021B600838215C221892F802A00491D1785268B3
S214021B70277803920022B4F80130ADF81E20434ABB
S214021B80029192F800B0BBF1000F08D0404B1B68E0
S214021B901BB120464FFA8AF298470020D9E703F095
S214021BA00703022B70D0013409225946204616F04C
S214021BB04DFE023F3F1A3B0606465FFA87F8C7D439
S214021BC0344FD7F89090B9F1000F27D100210DF1CC
S214021BD01E0B434622460846CDF800B00BF05CFDCD
S214021BE0C3B20546002B4BD1BDF81E0013F0DAF83F
S214021BF0E0B9BDF81E0013F0BEF98146BDF81E001E
S214021C0013F0D0F8F0B906EB080201232146584635
S214021C1092B200F07BFDD0B119209AE75B465A4695
S214021C2001212846C8470028D0D191E7D7F894303A
S214021C30BDF81E00002BDCD0A11998470028D8D189
S214021C40022086E742464846A119F8F769FDBDF824
S214021C501E0016F0BBFE029B059A0372049B80F8D8
S214021C6009A08372039B1BBAC360AC2303FB0273F7
S214021C7093F85020BDF81E0022B1DB6C03B19847E2
S214021C80E8B266E7BB6FF9E7012062E73F5C002037
S214021C90244F0020404F00202DE9F84308460F4607
S214021CA0164602F1010913F06BF98046384613F026
S214021CB072F8042856D1384613F091F848F66105B2
S214021CC04FF6FF7248F64103294C904208BF1D4664
S214021CD0B4F85C10301D17F097FA384613F07FF808
S214021CE00146B01D17F090FAB4F85E1006F108002F
S214021CF017F08AFA06F10A04384614F004FE10B108
S214021D0045F01005ADB22946484617F07DFA38462A
S214021D1013F031F9424601462046F8F701FD3846EF
S214021D20012116F08BFE4444074660B116F06AFEA7
S214021D300546384616F04AFEEDB201462A462046C9
S214021D40F8F7EEFC2C440B4AA41B13780134591CFA
S214021D501170F37034703046BDE8F8430922012151
S214021D6016F074BD484617F04DFA4C460546C3E7D2
S214021D70404F0020405C0020AC2210B5482450435F
S214021D80094B1A1892F8A81004FB0100034493F8B2
S214021D907700022806D092F850301BB9032818BFE5
S214021DA0012010BD0020FCE7404F002070B508B1AE
S214021DB0012070BD234C94F8A850002DF8D1294676
S214021DC0B4F85C20FFF714FA29462846B4F85E20D9
S214021DD0FFF7F8F92946284604F16002FFF7D6FC19
S214021DE094F87730002BE3D0284694F85860FFF733
S214021DF049FA864215D1002094F95A50FFF736FA6E
S214021E00854216D10020FFF7B7FF0446002016F0E1
S214021E10D3FC0028CDD02146BDE870400020FFF755
S214021E2005BA284694F85810FFF73EFA0028E2D082
S214021E30BFE7002094F95A10FFF70AFA0028E1D00B
S214021E40B7E700BF404F00200346AC2010B514464B
S214021E50164A00FB032292F8770002280CD1E07F94
S214021E60022809D141B112490978012913D992F8F9
S214021E705810227891420ED118462178FFF708FAB8
S214021E8090B1482221460B48F8F74AFC002016F08B
S214021E9093FC08B9002010BD044B93F8A800002854
S214021EA0F8D1FFF783FFF5E72120F4E7404F002043
S214021EB07D5B0020984F002038B5AC230D4C0546BC
S214021EC003FB004300205A6DD86483F8500012B119
S214021ED05865FFF727FCF5F75FFBFF281EBFAC230C
S214021EE003FB054484F8A8000020FFF75FFF0020EC
S214021EF038BD00BF404F00207FB51D4C94F8A83077
S214021F0023B1002084F8A800FFF750FF94F85A3057
S214021F10B4F8A0608DF80F3026B940F2FD211548BE
S214021F2017F092F8144B31461D6800202A46FFF738
S214021F30B3FEE46F02469CB10DF10F03019300233A
S214021F40294630460093A04702462C7854B92046CC
S214021F502146FFF7A5FD2046FFF7CAFC04B070BD78
S214021F600122F2E729460020FFF714F8F6E700BF41
S214021F70404F0020493004000462002038B5494B27
S214021F801C78002C58D1484800F06CFC204616F00D
S214021F9013FC002850D0454C2378D90733D594F843
S214021FA050201AB123F00303237045E023F0010307
S214021FB023700BF043FC237805469A0701D50BF0F5
S214021FC033FC294600200BF049FA40B9237828460C
S214021FD043F001032370BDE838400BF025BC002314
S214021FE0482284F8A33094F8A83084F8A25002FB62
S214021FF00343D3F89830A4F8A000C4F8A430BDE890
S2140220003840FFF779BF94F84400B0B104F1A0035A
S214022010251D95E8030083E80300FFF76DFF94F89B
S21402202044202846D20004F10C01F8F73BFA94F853
S2140220304430013B84F8443038BDA26C62B99B0739
S21402204011D52378002023F0020343F00103237006
S214022050BDE83840FFF74CBC0123A06484F850303A
S214022060904723789EE70BF001FC0028E9D194F80C
S214022070A83073B1F5F790FA94F85030002BDBD104
S214022080FF2818BF84F8A800BDE838400020FFF7F4
S2140220908DBED4F88C30002BECD098470028CBD1DC
S2140220A0E8E700BF3F5C002044630020404F00206A
S2140220B070B50446002016F07FFBAC235C430B4E43
S2140220C0351995F850300BB1002070BD0028FBD0B2
S2140220D0074817F029F90028F6D1335D002BF3D113
S2140220E095F84400B0FA80F04009EEE7404F002031
S2140220F04463002010B5084A034612F04FFF1468E6
S2140221004FF6FF7203EB40039C42184603D9018840
S21402211002339142F8D010BDFC4F00202DE9F04763
S214022120204F05463B88A3B3B0F90230002B30DBC4
S214022130DFF87C801C49D8F80000F8F7B7FB20B916
S2140221404FF4EA71194816F07FFF0026DFF85CA00C
S214022150DFF860903A88B3B29A4204D84FF4EB7133
S214022160504616F071FFD9F80030B2B253F832007A
S214022170D8F8001003EBC20468B943F83210A388FB
S21402218028460133A38012F009FFE38803EB4003DD
S214022190E380BDE8F087F8F789FB01360028D9D13D
S2140221A0EDE700BF1855002016300400203004006A
S2140221B064630020F04F002038B5094C094D2268B0
S2140221C02B689A4204D94FF48771074816F03CFFF1
S2140221D028682368C01A20F0010080B238BD00BF0C
S2140221E0FC4F0020045000202030040038B5124C6A
S2140221F0124D21462846F5F77DF823680BB12B6869
S2140222001BB9DE210E4816F01FFF2A680D4B0E4939
S2140222101A60236823F0010313440B600B4B1A6009
S2140222202AB9BDE83840F821054816F00DBFFFF779
S214022230C3FF6428F5D938BDF44F0020F84F0020BC
S214022240203004000050002004500020FC4F0020E4
S21402225038B5094C094D22682B689A4204D34FF4CC
S2140222608A71074816F0F0FE28682368C01A20F024
S214022270010080B238BD00BF00500020045000208C
S214022280203004002DE9F0411D4B04461B78012B3B
S21402229024D1008816F07CFB0546D8B10426DFF868
S2140222A064802C4616F0DEFD07462046FFF736FF12
S2140222B0638843EA08036380A05B16F069FB044662
S2140222C0384616F0CAFD1CB1B4F90230002BE9DA22
S2140222D0062E01D1BDE8F0810626E2E7022BF9D1EF
S2140222E016F0C0FD0246208816F052FB18B103888D
S2140222F0C3F30E0323801046BDE8F04116F0ADBDD1
S214022300415C00200080FFFF2DE9F04F0024BA4B0D
S21402231097B006461C8016F0A5FD0123DFF8EC8276
S214022320B64F3B70B8F80030A8F80040ADF816304B
S214022330B34B1B68019316F090FDB24B21461A88E8
S214022340B14BD2001868F8F75BF80DF11600FFF7EC
S21402235099FF002E3CD1DFF8B8924FF0000B012512
S214022360D9F80040019B9C4239D3BBF1000F39D10A
S214022370002DF2D0D9F80040DFF898A22546224672
S214022380019B9A4273D302230DF116003B70FFF7AE
S21402239079FF002E40F08F80D9F800603246AA42BC
S2140223A080F0A280908816F0F3FA18B10388C3F37F
S2140223B00E039380D08816F0EBFA18B10388C3F3A5
S2140223C00E03D3801046FFF795FE0246E7E79847CE
S2140223D0E3B256F823300134002BF8D1BBE7BBF149
S2140223E0000F3ED00BF1FF335FFA83FB16AB03EB15
S2140223F08B0252F8402CB2F9020051880028B1DA5A
S2140224004B04AFD4924641F48040931D2AF8020F43
S21402241002933AF8020F16F0BBFAF0B1B0F902E0F6
S214022420B0F802C0BEF1000F17DB6FEA4C4C6FEA41
S2140224305C4CA0F802C00390FFF770FEBBF10F0FD2
S2140224408FBF002516AB039A03EB8B009EBF0BF1E2
S214022450010340F8402C5FFA83FB029B9A45D8D1D1
S21402246080E72046FFF746FE22460446C3E71046AC
S21402247012F094FD8346B2F90200118800280AEA97
S214022480010108DA204616F079FA084381B204EB15
S2140224904B0402EB4B0510461180FFF72BFE02465B
S2140224A06EE798475FFA8AF356F823300AF1010A74
S2140224B0002BF6D170E74FF0000AF3E73046FFF73D
S2140224C019FE82467EB1B6F902307188002B0ADA0E
S2140224D03088C0F30E0016F05BFA864203462DD112
S2140224E0C1F30D0171805646AE42E7D3DFF81CA158
S2140224F016F0B8FC00210646504612F0A0FD16F073
S21402250047FA0546002800F08780304616F0A5FCFC
S214022510284612F043FD0646204616F02FFA81465C
S2140225207600324629462046F7F7BCFF0022494687
S2140225300DF1160016F0D0FE3444D9E71BD930460A
S21402254012F02CFDC1F30D0142007180184631468F
S21402255092B2F7F7A7FFC6E75046FFF7CBFDD14684
S214022560854203D9B0F90230002B01DA824603E035
S214022570FFF7C0FDF4E7B146554507D9BAF80000A3
S214022580C0F30E0016F004FA8245E5D3B9F1000F47
S21402259030D0B9F80000C0F30E0016F0F9F9034681
S2140225A038B93346CB46994513D8B1459BD0D94660
S2140225B0ECE7484612F0F2FCB9F802204946C2F3AC
S2140225C00D02A9F80220420092B21846F7F76AFFF7
S2140225D0E7E718460193FFF78DFD019B9B46854270
S2140225E003D9B0F90230002B01DA0346DBE7FFF726
S2140225F081FDF4E7CB46DAE71A550020415C00205D
S214022600FC4F002018550020F04F00201C550020DB
S214022610005000200080FFFFBDF816303870A8F882
S2140226200030044B30461C6016F017FC17B0BDE8AD
S214022630F08F00BFFC4F00202DE9F041054616F052
S214022640A7F90F460446D8B116F030FE20B940F27C
S214022650FB41204816F0F8FC284616F0D3F905464A
S2140226602046FFF747FDBD42064609D004D840F291
S2140226700351184816F0E8FC2588ED0B02D0278196
S214022680BDE8F0816780204612F088FC074604EB1E
S214022690400816F0E7FB104B1A68B2420AD1C3F89C
S2140226A0008016F0DAFB2A464046BDE8F041FF21DC
S2140226B0F7F7A6BEA6EB0806B5B216F0CEFB072DB8
S2140226C0F1D90023083D44F81730C8F80430A8F8BA
S2140226D00250D5E720300400FC4F002038B516F033
S2140226E0C1FB00210546044812F0A9FC0446284610
S2140226F016F0B3FB204638BD1C550020024B188846
S214022700B0FA80F0400970471C5500202DE9F74FBB
S214022710044600881F4616F03BF9884615460646CC
S21402272016F0C4FD20B940F2FE613F4816F08CFC5C
S2140227303388DB0B009306D033892B443381002089
S21402274003B0BDE8F08F208816F05CF9824630466A
S214022750FFF7D0FC019016F085FBDFF8D0B0019BA6
S214022760DBF8002081469A421DD1FFF725FDA842DC
S21402277004D2484616F071FB1A20E1E70AEB05037D
S21402278073803FB1208816F021F92A46414650440C
S214022790F7F7C6FF3046FFF7ADFCCBF80000484619
S2140227A016F05BFBCBE716F058FB208816F02AF9EA
S2140227B02844009980B216F07DF906460028DBD040
S2140227C016F004F98146208816F000F98246208821
S2140227D016F018F9514602464846F7F7A1FF30466A
S2140227E0AFB116F0F3F80746208816F00BF92A4622
S2140227F041463844F7F794FF0121208816F01EF967
S21402280001210246304616F02DF9268097E716F08B
S214022810DDF88046208816F0F5F82A463946404408
S214022820F7F7EEFDE8E700BF20300400FC4F00207B
S2140228303421014816F008BC34300400036910B590
S2140228405BB18268064B9A4201D1002010BD4469F2
S21402285016F0F3FB201AF9D5F7E74FF0FF30F5E74D
S2140228603128020082681C4B70B59A4204460568FD
S21402287019D116F0F7FA236923B1A34206D1002232
S2140228802A601A61BDE8704016F0E7BA1A46114689
S2140228901269A242FBD12A68A24208BF29600B61D4
S2140228A000232361EEE7036993B198426E6803D171
S2140228B09D210A4816F0C8FB2B46B44209D122696C
S2140228C09D4218BF1A614FF0000308BF6A60236179
S2140228D070BD33463669F0E7312802003430040012
S2140228E02DE9F047074600254FF0010A154EDFF89E
S2140228F058808AB0347914B90AB0BDE8F087D6F8A1
S214022900009087B900972A46B8F80010234603A815
S21402291016F071FD2246484603A9E9F7EBF925446D
S214022920EDB20836E6E7224603A94846E9F7B6F9C5
S214022930CDF800A023462A46B8F8001003A816F0E1
S2140229405AFDECE7B47B04001E5500200148FFF751
S21402295099BC00BF1E5500209C46174BF7B505468E
S21402296008461988164611B1144B1C78CCB101469C
S21402297062463046BDB103B0BDE8F040E9F78EB915
S2140229801C44E4B208373B79002BF0D03A689642F2
S214022990F6D185F001052246009516F02CFD03B00F
S2140229A0F0BD074FEFE7E9F7A5F9B0B203B0BDE80F
S2140229B0F04010F0CABC00BF1E550020B6650020CD
S2140229C0B47B040010B5074C238843B10020FFF700
S2140229D087FF0020FF22044B20801A7010BD0220C1
S2140229E0FCE700BF1E550020B6650020142810B56F
S2140229F018D8082805D110F011FDC401E4B220460B
S214022A0010BD0E2802D110F00CFDF6E7064B53F867
S214022A102040002CF3D00A282478F0D105F0A0FE3E
S214022A200443EBE7FF24EAE7047C0400014BB3F817
S214022A3068007047404F002000487047AA4F0020A9
S214022A40014B1878704700BFBB5B0020014B187023
S214022A50704700BFBB5B0020194B022810B51870E8
S214022A6002D0043801281BD8164B1B78042B03D03F
S214022A700021154816F096F8144B1B689A001BD5D1
S214022A8013F0805F40F6114418BF4FF441642046AD
S214022A9011F05EF890B92046BDE8104010F053BC25
S214022AA00948FFF7DFFE0A48FFF7DCFE162412F09D
S214022AB0F2FC11F047F8EAE71524E8E710BD00BF7C
S214022AC0BF5B0020C05B002068630020C04100207E
S214022AD02C410020024B187800F00F00704700BF10
S214022AE0BF5B0020034B187800F00F00831E58428D
S214022AF058417047BF5B002008B512F0B7FCC0B162
S214022B0012F0CDFCA8B10AF0A7FF90B90A4812F05D
S214022B105FFA70B1094812F05BFA50B110F086FC09
S214022B2038B111F017F820B9BDE80840044812F091
S214022B3000BB002008BD00BF2055002052550020D3
S214022B400850002030B505460C4693B081B910B93E
S214022B50002013B030BD1023214A69460120FFF73A
S214022B60FBFE9DF805305A1E052A28D91720F0E7E5
S214022B70182200212046F7F743FC002DEBD1FFF781
S214022B80B1FF30B310F01DFB6A4601460020FEF787
S214022B90A5FEBDF80430204623819DF80230A372BC
S214022BA09DF80030E37212F000FE002304F11401D7
S214022BB0237304F1100003F0CBFDE081C8E7094A55
S214022BC09DF8041012789142D0D12B70002CD6D1E9
S214022BD0BEE7054B1B78033B022BD3D9C6E700BFE3
S214022BE064EE01008D650020BF5B002030B593B017
S214022BF005460C46FFF776FF20B90C4B1B78033BC5
S214022C00022B10D810F0DDFA6A4601462846FEF777
S214022C1065FE00209DF80230607023709DF800303B
S214022C20A37013B030BD1720FBE700BFBF5B0020C8
S214022C30054B1878012805D000F0FD00A0F13103FD
S214022C4058425841704700BFBF5B00201FB501467F
S214022C50002201A816F076F8064801A916F099FB9C
S214022C6020B115F0B3FE4089C0F3400005B05DF810
S214022C7004FB00BF3465002030B585B00D46002247
S214022C80014601A816F05EF8084801A916F081FB75
S214022C9050B115F09BFE0446014608222846F7F777
S214022CA001FC6089C0F3400005B030BD34650020E9
S214022CB0F8B50546F8B100210F4816F007FB0446A2
S214022CC0A8B10D4F204615F081FE064616F026F8EE
S214022CD0830705D4082229463046F7F7DDFE38B1C9
S214022CE02146384616F016FB04460028EAD1002490
S214022CF0201E18BF0120F8BD3465002010B50C4612
S214022D000146064816F045FB30B115F05FFE4389D2
S214022D101C4214BF0120002010BD00BF34650020F5
S214022D201FB51446024601A816F00CF8074801A97A
S214022D3016F02FFB40B134B115F048FE14220146BE
S214022D402046F7F7AFFB012004B010BD3465002023
S214022D501FB50146002201A815F0F4FF094801A993
S214022D6016F017FB58B115F031FE4389024613F0F0
S214022D70020004D0507B80F00800C0F3C00005B00B
S214022D805DF804FB34650020F7B59DF824400D4637
S214022D9001949DF82040064600941F4613F0A2FDBB
S214022DA04FF6FF718842044610D0BB0711D428465E
S214022DB000F056FF204616F013FBFF281FBF084AF6
S214022DC032F8103023F4804322F81030204603B045
S214022DD0F0BD02462946304612F041FAEAE700BF45
S214022DE0F054002073B50E460146144816F0D1FA88
S214022DF00546D8B115F0EAFD43890446334012D0A1
S214022E009B0736B20BD5002E09DAA17B437B0289DB
S214022E10007B0191012100912146FFF7B5FF6389EE
S214022E2023EA06036381628912B1012002B070BDF3
S214022E302946024812F022F9F7E700BF346500205F
S214022E400148FFF71FBA00BF3465002013B53E4C99
S214022E500DF0C7FCD4F8FC311020C3F307430193EE
S214022E60FFF7C4FD000650D50020FFF7BFFD0106A0
S214022E704BD5019B802B3ED1236A9A0704D440F699
S214022E801544204602B010BDE3699B07F7D52F48CC
S214022E9011F08CF9012011F05CFF0DF0B5FC044630
S214022EA00028EED100F042F9294812F01CF900F091
S214022EB099F9E8F75DF80DF093FC08F003FF08F0C7
S214022EC055FFF4F761FAF4F7FFFAF4F719FB03F08B
S214022ED0DBFD10F0A5FA10F0A6FA10F03EFE1D4833
S214022EE013F009FD06F08CFA10F0FAFD0028C8D09F
S214022EF010F0F8FDC5E7019B812BC0D1D4F80C3148
S214022F005B00BCD5D4F80C31BFE71020FFF76EFD8E
S214022F100006BCD40020FFF769FD0106B7D5019B69
S214022F20802B05D1084B1A6AD207A8D5DB69ACE715
S214022F30019B812BA3D1044BD3F80C21002A9EDAE5
S214022F40D3F80C31A1E700BF0080E00F690345EC1F
S214022F50085000204D2C020010B512F099FA70B3FA
S214022F6001F0E0FA80F00104E4B20020FEF724FC4F
S214022F7044EA800424B212F079FA10BB0220044319
S214022F80164816F0D1F944EA4014154816F0CCF962
S214022F9024B244EA0014134816F0C6F924B244EAEE
S214022FA08014114816F0C0F924B244EA40240F48AF
S214022FB016F0BAF924B244EAC02080B210BD012449
S214022FC0D3E70B4812F004F80028D7D0094811F0CE
S214022FD0FFFF80F00100C0B24000D0E7A8630020E7
S214022FE08C640020C44100200C6400206C64002025
S214022FF0205500205255002008B501F07FF8FEF754
S21402300009F8144811F0E4FF08B904F025FF124845
S21402301011F0DEFF08B906F0DDF902F095FF0F4861
S21402302012F093F80E4B1B78043B022B09D80D487E
S21402303016F07AF928B1FFF78FFF102801D107F0B2
S214023040E1FC10F0F5F912F019F9BDE8084006485F
S214023050FFF75AB92055002052550020085000208C
S214023060C05B00208C6400207C7C0400014B186846
S214023070704700BF3C4F00204FF6F77370B598427A
S21402308004460D4686B043D812F006F9A04207D190
S214023090082220492846F7F705FA002006B070BD38
S2140230A01D4EB6F86830A3420AD10022082106F166
S2140230B06A0012F07FF818B9082206F16A01E9E7F9
S2140230C084B10023012219462046009308F05CFDD5
S2140230D0FF2811D12946204608F000FF80F00100A3
S2140230E0C0B2DBE70D4B1B689B07EAD4284606F006
S2140230F0FBFD0028E5D0D0E702A913F09EFA0028CF
S214023100E8D1DDF80D302B60DDF811306B60C4E7D6
S2140231100120C3E7425C0020404F0020C04100204F
S214023120014B1870704700BF8D65002010B5054C26
S214023130082221460448E8F7B1FD204612F0E6F8D8
S21402314010BD00BF425C002034B608C0004870477D
S214023150425C0020082208B50349F7F79DFCB0FA46
S21402316080F0400908BD00BF425C0020014B187089
S214023170704700BFB35B0020F7B50D4604461646FF
S2140231801F460021284601F061FD0B4B002183F803
S21402319059402A463346204600970AF03FF9014630
S2140231A030B10222204603B0BDE8F04000F006B877
S2140231B0012003B0F0BD00BF404F002013B51346F8
S2140231C00C461AB1022A0CBF134601230021044AF8
S2140231D0019100922246FEF71DFC02B010BD00BF10
S2140231E07355030000B5002093B0FEF78FFB1E4B0D
S2140231F0188813F081FB1D4B1D491A7800200AF02F
S21402320091F9342200216846F7F7FAF80B238DF875
S21402321000306FF4803301934FF6FE73ADF8103032
S21402322003238DF81D30134B134A0893134B106873
S2140232300993134B51680D93124B6A460E93124B29
S2140232400F93124B1093124B119302AB03C3002140
S2140232500846FEF7F9FD6A4601210020FEF7F4FD56
S21402326013B05DF804FB00BF206500209C650020BB
S214023270184004008D360200425C00200F53030003
S2140232807563020035380200A1720200735503000E
S214023290A55F0200014B1878704700BF4A5C002009
S2140232A0014B1888704700BF386500202DE9F74F9C
S2140232B0814610460E46904615F0A4FFDFF840B150
S2140232C005469BF8003033B94A4B1B681BB94A4B7C
S2140232D01B68002B7FD015F4406A05F040071BD10F
S2140232E09FBBB5F5804F61D24FF48074B9F1400FA1
S2140232F073D0B9F1800F63D0B9F1100F6BD10023F0
S2140233009BF800003D4AD9B2884264D932F8021BC3
S2140233100133A142F7D166E008F1030015F072FF0F
S2140233204FF6FF73984214BF0124022487B1052783
S21402333005F44043B3F5004F44F0080425D0B5F534
S214023340804F24D244F4807421E054460327EFE7EA
S214023350B5F5804F4FF00507F4D3BAF5406F14BFAA
S214023360022008203844404415F04CFF019011F02A
S214023370B0FF019B05F4404598420CBF44F0080498
S21402338044F00404B5F5004F01D144F08004BAF5C8
S214023390006F0FD108EB070015F034FF054611F059
S2140233A07BFFA842A2D144F010049FE754460327AD
S2140233B00220D7E7BAF5406F08BF44F0200495E72D
S2140233C00C4B1B683BB10022D1B233F8110033F923
S2140233D01110002903DA002008E0074BF1E7A042AB
S2140233E002F10102F0D106B13480012003B0BDE83B
S2140233F0F08F00BF185000201C500020705500208F
S214023400835C0020034B1A78022A04BF09221A7032
S214023410704700BF4B5C00200C22034B1A211A7027
S2140234200320002201F090BD4B5C00200C2208B560
S214023430054B1A211A700022104601F085FD002263
S214023440024B1A6008BD00BF4B5C002024500020CF
S2140234500C2270B50D4B05461E781A7030B93046F0
S214023460BDE8704000221A2101F06EBD084B1C78A0
S214023470E1B21A29F3D825FA04F3DB0703D544226E
S214023480304601F061FD0134F2E700BF4B5C0020DC
S214023490B86500200C22024B1A7010F054BB00BF15
S2140234A04B5C0020F0B50C8805460E468BB0E4B99E
S2140234B04FF6FF77ADF8247010F05AFB10B90220D1
S2140234C00BB0F0BDCDE90340CDE90544134A0294A2
S2140234D0B2F85C306032019300923B464CF6010132
S2140234E0FF2009AA13F023FA3080284612F01AF8B1
S2140234F00B4C70B1237863B1013BDBB228462370D4
S21402350012F010F838B12078B0FA80F04009C0B254
S214023510D6E70523F2E70120F9E700BF404F002077
S214023520B7650020034B11461B6803B118470FF01E
S214023530CABE00BF245000200C22024B1A7008F0AC
S21402354039BF00BF4B5C00200148FEF79BBE00BFA0
S214023550225500207FB505460C46164615F060FC3F
S21402356000286BD1062D03D85223EB40DB071AD472
S214023570B4F1006F05D3E30E1C3B032B18D94F2082
S2140235802EE000222F4B1A602F4B1D7011F038FED2
S21402359003460A2D54D8DFE805F02D183E491825B3
S2140235A018535341360002F0A3F8B4F1006FE2D28A
S2140235B00022244B042D1A60234B1D70E6D10220F4
S2140235C001F0B6F911F01CFE0346012202921F4AD0
S2140235D001921F4A00921F4A314620460AF078FAA4
S2140235E004B070BD314620461B4A04B0BDE87040A8
S2140235F00AF056BA31462046184B194A04B0BDE8BE
S21402360070400AF031BA00220292164A0192104A1B
S2140236100092154AE0E702220B4B1A70002210466F
S214023620124904B0BDE87040FEF7BAB90022029211
S2140236300F4A0192064A00920E4ACDE74D20CFE786
S2140236400120CDE7245000204B5C002051340200BC
S2140236508D3602005F550300393502002D34020014
S2140236602535020095340200A53402000534020016
S214023670193402002155030008B50AF059FA0C2243
S214023680014B00201A7008BD4B5C0020F0B585B0D7
S214023690ADF8060018B97621644815F0D5FCBDF8D9
S2140236A0060011F078FB0446BDF8060011F073FB25
S2140236B0082846D00C2CBDF8060042D111F05BFC5F
S2140236C0074615F09FFD0DF10F010646BDF80600F0
S2140236D00FF097FE002879D009220021384615F00F
S2140236E0B5F89DF80F301033C518BDF8060015F072
S2140236F089F9EDB2854269D22946BDF806000AF07C
S21402370025FB06F44C4416F44066054614D0F81C15
S21402371015F078FD4FF6FF73984208BF44F0400458
S214023720B6F5006F08D1781D15F06CFD4FF6FF73E5
S214023730984208BF44F010049DF80F305BB3072D83
S21402374044D1BDF8060011F01CFB0446BDF8060085
S21402375011F021FB082817D0A30615D524F0200166
S21402376089B2BDF8060011F0F7FABDF8060011F0AE
S21402377002FC0021092215F069F800F1100189B255
S2140237800DF1060013F0FCF90022BDF806102848D9
S21402379015F0A2FD1AE0082D16D8BDB1013D072D81
S2140237A014D801A353F825F0053802001138020098
S2140237B0CD370200D1370200CD3702001D38020095
S2140237C043370200233802007C2D24D005B0F0BD1A
S2140237D024F48844A4B2B4F5084FF7D1BDF8060025
S2140237E011F0D4FABDF8061013F08BF80028A8D012
S2140237F0BDF8060011F022FB00220146022015F059
S214023800CAFCE3E724F48064A4B2B4F5484F97E711
S214023810B4F54C4F94E7B4F54C4F92D04CF65003A7
S21402382001E04CF640439C428AE700BF4230040067
S214023830205500202DE9F7430F4690469946064646
S21402384015F0C4F80446304615F0DCF8C5B2083D5B
S2140238502C44E178094BA2781970094B31461A704C
S214023860002043463A46CDF800900DF045FC00385D
S21402387018BF012003B0BDE8F08300BF655C0020DE
S214023880645C00202DE9F04FDFF84081DFF84091BC
S21402389098F8002099F8003006469A4285B004D37C
S2140238A040F21911424815F0CFFB30460DF10F01D8
S2140238B015F060FA20B14FF48E713D4815F0C4FB46
S2140238C098F800709DF80F403D1B15F0FF0530D0AC
S2140238D04FF0FF3C374B01211B78A140184699F860
S2140238E000304FF6FF790CFA03FC0023324A01F14E
S2140238F0FF3E0193C1F1000A9DF80430984243D876
S214023900122004FB00002D4BA0F1120105EBC502AC
S2140239105200194404F101091844F6F7C3FD4FEAB0
S21402392089092748A9F104010144AA004844F6F788
S214023930B9FD224904EBC40201EB420321F81260EE
S214023940204A013712784FF6FF71DA731A745A74E6
S21402395012025A801C4A0D2012781A7110225A71CD
S21402396000229A73C3F80620C3F80A20144B43F8C1
S214023970242088F8007015F00EFC0EB912F020FE16
S214023980204605B0BDE8F08F13884B450AD0536831
S2140239900AEA030B03EA0E030B4403EB4B0343EA68
S2140239A00C035360019B083201330193A4E700BF66
S2140239B05530040099650020903F0020BC5400203A
S2140239C08C3F0020655C00204C5C0020B95B002028
S2140239D09765002010B5074C2046FEF743FF04F01B
S2140239E06BFB02F0DDFE2046BDE810404FF47A5134
S2140239F015F0D8B8686300202DE9F0410746002587
S214023A000A4B0B4E93F80080ECB2A04503D8FF2475
S214023A102046BDE8F08108223846B11DF7F73CF88B
S214023A2001350028F4D01236EEE700BFB95B00205D
S214023A30BC54002007B50DF1070115F09BF930B113
S214023A409DF80730034803EBC30300EB430003B0C3
S214023A505DF804FBBC5400202DE9F843294E0446C9
S214023A6033785D1E2D1A8342EDB204D84FF4A1714D
S214023A70254815F0E9FA0123A3404FF0FF305F1EF8
S214023A803B4400214FF6FF7E6FEA03081F4A92F876
S214023A9000C01F4A127890401E4ACBB29C4523D8DB
S214023AA0BDB127B204EBC4041B48640005EBC50293
S214023AB004F11201014452002044F6F7F3FCBF0061
S214023AC01648AA00391D014402F0FC023844F6F7F3
S214023AD0E9FC33780022013B33704FF6FF71BDE8F4
S214023AE0F8430E2015F057BB1388734507D053686A
S214023AF008EA03093B4003EB5903034353600832C9
S214023B000131CAE7B95B00205530040099650020F0
S214023B1097650020903F0020BC5400208C3F002078
S214023B2010B50A4C207858B9094B1B781A2B03D9C2
S214023B309921084815F088FA0322074B1A7010BD1F
S214023B400138C0B2FFF788FFECE700BFB95B002080
S214023B509765002055300400B55B00202DE9F0473C
S214023B60054615F02CFCFF28044624D1DFF8849085
S214023B701E4B99F800201B789A422BD22846BDE8A5
S214023B80F047FFF77FBE38883B79504518D86F2B31
S214023B904FEA131214D85B0710D0123708F1010847
S214023BA099F800105FFA88F6B142ECD80023104A62
S214023BB0DEB28E4214D32046BDE8F087022AECD944
S214023BC012F06FFE0028E8D129463046BDE8F047DD
S214023BD011F0E9BC4FF000084FF6F77A044FDFE722
S214023BE0107901338F28EFD81232E1E7976500206B
S214023BF0BC540020B95B00204FF6F773984210B50C
S214023C0014D8FFF7ABFFFF2810D0134C00B200EB1E
S214023C10C00004EB40040DF082FC104938B96288FB
S214023C200B7802EB0313A3EB1213638010BD227C06
S214023C30637C09789A42E2732374617407D98B42D3
S214023C4003D213468B4228BF0B461B02EDE78A427D
S214023C50F8D31346F9E700BFBC540020655C002089
S214023C602DE9F04106460F4600240E4DDFF8388057
S214023C7098F80030A34201D8BDE8F0810822294610
S214023C803046F6F709FF40B935F8063CBB4204D089
S214023C902046FFF7E1FE013CE4B20134E4B21235FD
S214023CA0E6E700BFC2540020B95B0020F8B505461F
S214023CB008460E46FFF7A0FEFF2830D01D4B2946C9
S214023CC053F820703046FFF7CBFF2846FFF746FF33
S214023CD0FF28044625D112F0FFFDFF280AD1164C14
S214023CE0207838B10FF070FA2378B0FBF3F202FBBB
S214023CF01300C0B2294611F056FC044623B20F4DFB
S214023D0003EBC30305EB430508223146A81DF6F76D
S214023D10C9FB2B79204603F00F032B71F8BD002751
S214023D20D3E7074B1B78002B18BF0027014B43F83D
S214023D302070E3E78C3F002097650020BC540020EB
S214023D40B965002038B50B4B04461B780D468342F6
S214023D5004D840F25A21084815F076F9074804EBD1
S214023D60C40400EB44002946BDE838400822063069
S214023D70F6F798BB9765002055300400BC54002027
S214023D8070B5044608460E4615F019FBFF28054690
S214023D9010D02046FFF730FEFF2807D0084B1B78CE
S214023DA023B9084B53F8202043F8252021462846FD
S214023DB0FFF7C8FF31462046BDE87040FFF750BF08
S214023DC0B96500208C3F00202DE9F8430024804688
S214023DD001272646114DDFF84C9099F80030A34291
S214023DE010D83E430134E4B21A2C4FEA470705F1D5
S214023DF01205F2D14FF0FF30094B1B789840304342
S214023E00BDE8F8832B884345EBD0284611F014FC16
S214023E100328E6D82B796F2BE3D8E3E7BC540020BF
S214023E2097650020B95B002010B5084C00EBC00077
S214023E3004EB400423795B0707D1204611F0FCFB14
S214023E40237923F007031843207110BDBC540020C9
S214023E500022084B1878084BD1B2884203F11203AD
S214023E6000D8704713F80D1C013221F0100103F838
S214023E700D1CF1E7B95B0020BC5400202DE9F04789
S214023E8002261227DFF85C90DFF85C8099F8004083
S214023E9000250CE007FB05F338F803A00021504686
S214023EA011F0DFFB10B15CB1013CE4B2013599F8C8
S214023EB00030EAB29342EDD8A34204D14FF6FF7A1D
S214023EC05046BDE8F0870FF07FF999F80030012ED2
S214023ED0A3EB040390FBF3F202FB1300C4B2EDD093
S214023EE00126D5E7B95B0020BC540020034B002115
S214023EF01A7803489200F6F783BA00BF9765002047
S214023F008C3F002010B5134B0C461B7886B08342BC
S214023F1012D9114900EBC00001EB400108222046ED
S214023F200631F6F7BFFA00220821204611F042F9C0
S214023F3080F00100C0B206E0C01A01A9C0B212F0B9
S214023F40D4FC10B1002006B010BD01AB03CB20603C
S214023F506160E8E797650020BC54002008B5074B6F
S214023F60024653F820308B4206D915204FF6FF71D1
S214023F7015F011F9002008BD0120FCE78C3F002057
S214023F80024B013143F82010704700BF8C3F0020DF
S214023F902DE9F34781460C4600272A4EDFF8ACA0EF
S214023FA09AF80030FDB2AB4210D86946204612F0AD
S214023FB0B5FCC0B3082269464846F6F76DFD90B3D5
S214023FC04946204611F0F3FDFE2537E006F10608C5
S214023FD0082241464846F6F75FFD90B94FF6FF7352
S214023FE09C422BD03388A34228D0204615F0F8F9FD
S214023FF0FF2814D14946204602B0BDE8F047FFF735
S21402400055BE14B912360137CAE73388A342F9D12E
S21402401000220821404611F0CDF80028F2D12846A9
S214024020FFF71AFDCCE74946002015F0D7F9FF281E
S214024030054603D0044B1B780344DDB2284602B083
S214024040BDE8F087BC54002097650020B95B0020CD
S2140240500F4B1B7883420CD8C01A0E4AC0B232F8F5
S2140240601030D90411D443F4805322F810300120C2
S2140240707047094B00EBC00003EB40035A79D106A8
S21402408003D442F010025A71F1E70020704700BFD5
S21402409097650020F0540020BC540020F0B5134B66
S2140240A006461B78FBB100251148DFF84CC090F895
S2140240B000E0104807781F44E8B2864501D8002081
S2140240C0F0BD7C1B94FBF3F003FB10440CEBC40026
S2140240D03CF83440B44204D1002AF1D184788C42B0
S2140240E0EED00135E8E71846EAE700BF99650020FA
S2140240F0AC410020B75B0020903F002070B50CF06A
S21402410061FB14250F49104E0B78328830809B1ABB
S21402411003449BB2B3FBF5F405FB14330B700B4957
S214024120E2B20B78934292BF00239B1ADBB2032AB9
S2140241300B7088BF002306499EBFD2000B68D3408F
S2140241400B6070BD4E5C002024550020B65B00203C
S214024150AC410020084B1868084BC2B21B789A4242
S21402416008D2074BC0F307201B78984234BF0020C2
S2140241700120704701207047AC410020996500205D
S2140241804D5C0020F8B505461746FFF7E3FF0646E6
S21402419010B9184B1A783AB9212001224FF6FF714E
S2140241A014F0F9FF0020F8BD1348DFF854C0037876
S2140241B00133B3FBF2F402FB143303700F48DCF84E
S2140241C0002000EBC30420F8335002F10132A17044
S2140241D03846CCF80020FFF7F7FDE670606011F075
S2140241E05BF8A84201D10120DDE7E3780133E370F2
S2140241F0F9E700BF99650020B75B0020903F0020DA
S214024200AC41002010B50B4C0B4A2378063B1370CA
S2140242100CF0D8FA0022094BFF211880084B0948F7
S2140242201A602278D200F6F7EBF80422064B1A70D0
S21402423010BD00BF996500204D5C0020245500206B
S214024240AC410020903F0020B65B00202DE9F843E9
S214024250074614F0F2FE05461A4815F065F81A4BA2
S21402426048B31C683C1B2C44A4B20022174BDFF850
S21402427064901B78164D99F8006005EB03155FFAFB
S21402428082F8464509D9AB8805F11000A34215D934
S214024290B21A29461201F6F705F9013689F80060C6
S2140242A0AC80B8F1000F03D13946064814F07AFC08
S2140242B02846BDE8F8833C461D60D6E7054601322F
S2140242C0DDE700BF8863002028500020505C0020F5
S2140242D08C3E0020515C00202DE9F74F14F0ADFE15
S2140242E04FF0000E284D294F2978294C97F800A048
S2140242F004EB011303EB0A120092F3465246DFF870
S21402430098801FFA80FC0646B8F80000ACEB00095D
S214024310A0EB0C001FFA89F901900098984217D179
S214024320BEF1000F00D02970524503D200203A7029
S214024330FDF7DEFA3B7823B32B78164804EB03141A
S214024340A188C8F8006003B0BDE8F04F14F02ABC9C
S214024350B3F804C0CC450FD84FF0010E93F802C054
S21402436001310CF1FF3C013AA3F804B083F802C015
S214024370C9B2D2B21033D0E701988444A3F804C07D
S214024380F8E703B0BDE8F08F505C0020515C0020D7
S2140243908C3E002088630020285000207FB56C46A3
S2140243A01E4B1F4D1E78013EF6B21E7095E80F009A
S2140243B084E80F001B4B28461A7805F11001324498
S2140243C01201F6F76FF89DF8026016F00F0511D18C
S2140243D0BDF8080009F02CFE360918BF29464FF032
S2140243E00002BDF8000008BF039904B0BDE87040A3
S2140243F002F022BDBDF80400FFF728FF03468288BC
S21402440004ADADF80420224603CAAA4218605960D9
S214024410144603F10803F6D104B070BD505C0020C8
S2140244208C3E0020515C0020F8B50024084D094F50
S214024430094E3B783178E2B20B449A4204F1010409
S21402444000DBF8BD2846FDF71DFF1035F1E700BF7B
S2140244508C3E0020515C0020505C002070B5134B4F
S21402446006460D46104612491A78124B09781B78F2
S2140244700B44934206DB1F204FF6FF7114F08BFEAF
S214024480002070BDFFF7E2FE013506808570044607
S21402449014F0CEFDE08009F0D1FD40F60243208103
S2140244A0E3600020FDF724FA0120EAE79665002083
S2140244B0515C0020505C00202DE9F843864600231C
S2140244C0144FDFF85C803E7898F800501249721953
S2140244D0DCB294421CDA4FEA041C31F80C90013329
S2140244E0F14501EB0410F3D1631CD21A0CF1100C47
S2140244F012016144F5F7D6FFA5428BBF05F1FF35E1
S21402450006F1FF3688F800503E700CB9034B1C705B
S214024510BDE8F883515C00208C3E00204F5C0020F2
S214024520505C0020044B054A1B781278D3420CBF1D
S21402453001200020704700BF505C0020515C002024
S214024540024B1878003818BF01207047505C0020D4
S214024550002108B5084B09481970094B1970094B18
S2140245601970094B1A781201F5F74AFFBDE80840A0
S2140245700648FEF777B900BF515C00208C3E00204B
S214024580505C00204F5C0020966500208863002067
S21402459010B50B4C23784BB10A4802F03BFD58B1DC
S2140245A0084B0121188810F069FF08B9002010BDD9
S2140245B00122054B1A70FAE7FFF7F0FEEAE700BFA2
S2140245C0505C00208C3E00204F5C002010B50E4B45
S2140245D01B78BBB10D4C238883424FF0000311D1E8
S2140245E00B4AE160137049B9A3781033A37011F037
S2140245F00FFA18B9A37823F00F03A370FFF7CEFEC5
S214024600012010BD1846FCE7505C00208C3E0020BE
S2140246104F5C002070B592B00C4606460EF0D1FDF7
S214024620E17A05460020FCF733FE28B394F90A0027
S21402463010F0CBFD10BB134BE27A294683F85820C4
S214024640A27A83F85A206A46FDF748F94FF6FE73B7
S2140246509E420CBF4FF6FF7323896A462946002006
S214024660ADF80660ADF80430FDF7EEFB40B92289DE
S214024670054B5A8012B070BD5520FBE75620F9E76D
S2140246802120F7E7404F00202C50002010B50446AA
S214024690014608220948F5F705FF237B022B0AD8B4
S2140246A0002B14BF3122012205490B7017234B61E0
S2140246B0044B1A7010BD00230122F5E7305000208B
S2140246C02C500020BF5B0020014610230120014A27
S2140246D0FEF742B964EE0100014B5861704700BF15
S2140246E02C500020014B1878704700BF2C50002039
S2140246F010B5054C2378112B03D0E221034814F0A1
S214024700A3FC4123237010BDBF5B00206030040071
S214024710064B01461B78042B04D1054A137E05334B
S21402472013767047034814F03DBA00BFC05B002002
S2140247302C500020A863002008B50648FDF7A2FD0D
S2140247400548FDF79FFD0EF068FEBDE8084000F044
S214024750EBBF00BF2055002052550020064B1878AC
S214024760332806D000F0EF00A0F143035842584128
S21402477070470120704700BFBF5B0020002208B5CB
S214024780074B4FF6FE701A7010F092FD4FF6FF7050
S21402479010F0ABFD034B5869BDE808400EF0D3BDE0
S2140247A0BF5B00202C50002008B5064B187838B1A5
S2140247B00548FEF743F84FF47A73B0FBF3F0C0B245
S2140247C008BD00BFB45B00206C4100202DE9F04319
S2140247D08BB00746154698460E469DF8489049B94E
S2140247E0104605AC14F0FCFD214612F07EF81728A0
S2140247F018BF2646B9F1000F0AD1124B1B781BB917
S214024800284612F08FF8D0B92846FEF7A1FA02E041
S214024810284612F087F880F00104E4B29DF8503082
S2140248202A4602939DF84C303146CDE9009338462D
S2140248304346039410F066FF0BB0BDE8F0834C4687
S214024840ECE700BFBB5B00200022014B1A767047E4
S2140248502C50002008B50020FEF788FC0023024AF0
S214024860C2E90133538008BD2C50002010B5144B0A
S2140248701B78033B012B16D8124BB3F868204FF671
S214024880FF739A420FD10320FEF7E6F801F052FFBB
S214024890FFF7E0FF002013F08FFF78B1BDE810406D
S2140248A0002010F076BBFEF7C7F80446FEF7BEF807
S2140248B00146204607F01AF80220E5E710BD00BFC1
S2140248C0C05B0020404F002008B5114A114B5861CA
S2140248D01378032B1BD0D3B1332B01D0432B10D12B
S2140248E00D4B1B78033B012B05D803231370BDE841
S2140248F008400EF028BD0EF026FDBDE80840FFF782
S214024900B5BF21231370BDE8084001F07DBD08BD88
S214024910BF5B00202C500020C05B002008B5034877
S214024920FDF7A0FFFFF796FF022008BD6C410020AE
S21402493038B5114D04462B78834218BF28700FF005
S2140249400FF980B124B920460FF00CF902220DE0CF
S21402495001200FF007F92B781A1F012A05D9062B1A
S214024960F4D1032202E0002CF5D10122BDE8384042
S2140249700021084610F006BEC05B002030B5044693
S21402498085B068460D46FFF79FFE94B10021284683
S214024990144A01F0F3FE144B20681B7861688DF808
S2140249A00430124B1B788DF8053002AB03C305F0BA
S2140249B071F90F4B93F8582093F85A308DF803206C
S2140249C08DF8023010F085FCADF8000010F064FCA3
S2140249D01023ADF8060069460020064AFDF7BCFF24
S2140249E005B030BD00F8FF078D650020C05B0020D3
S2140249F0404F002064EE010010B5104B04461A78B2
S214024A000F4B002083F8582013F0D6FE10B100207A
S214024A1010F0BFFA00210846FFF7B0FF0FF092F839
S214024A202046FDF749FA40F617400EF08CFC0023AC
S214024A30044A1380044A138010BD00BF525C002053
S214024A40404F0020FA540020F85400201FB50446B8
S214024A506846FFF739FE54B100238DF8053010235F
S214024A6069460020064AFDF777FF04B010BD10F035
S214024A7013FCADF8060010F02CFCADF80000EEE7D3
S214024A8064EE010010B5014604460020FCF700FC67
S214024A9090B10C4B1B78023B032B0FD80A4B1C70B1
S214024AA014F0BEF960B9094A0949FCF779FF0038E3
S214024AB018BF0120800010BD5520FCE70220FAE74F
S214024AC04D20F8E7BF5B0020525C002049730200CD
S214024AD0F9490200F8B5064614F0A2F9044668B988
S214024AE013F06AFE50B1064D204695F8587085F8C8
S214024AF0586010F04EFA10B185F858704D20F8BD87
S214024B00404F00202DE9F04180461846033B012B1A
S214024B100E46174602D918B1212438E0FFF708FFDF
S214024B20274B1D78022D08D0032D46D1B8F1000F71
S214024B3003D1244B1B689B073FD43320FDF78CFF21
S214024B4001F096FAB6F1006F34BF1F4B05223146CC
S214024B504FF0060038BF1A78FEF7FCFC044628BB66
S214024B601A4D2873012000F017FE10F0B2FB688081
S214024B702846B8F1000F0DD0022300F8043B10F0CF
S214024B8014FE6C732F61394630460EF020FB204629
S214024B90BDE8F081012300F8043B10F006FE6C73BA
S214024BA02F61394630460EF011FBF0E72846FDF736
S214024BB053FFB8F1000FF4D0E5E70224E7E700BFA1
S214024BC0BF5B0020C0410020BA6500202C500020A8
S214024BD0034B187818B9034B034A1B78D05C70470E
S214024BE0BE5B0020C05B0020607D040038B5437BBE
S214024BF00446DB0703D590F909000EF0A2FF002554
S214024C000F4B83F859502079FFF764FFFFF7E0FF58
S214024C1061882488034622462846FEF7ADFA0446F3
S214024C2020B11720FFF750FE204638BD1723054D4A
S214024C30C82105486B6113F0B5FF03232B76F3E713
S214024C40404F00202C500020A8630020F0B51A4DDB
S214024C5006460C4693B0A5F8680005F16A0729BB1C
S214024C60C5F86A1079600EF0ACFA6A460146002072
S214024C70FCF734FED5F86A30ADF81060CDF8123085
S214024C807B68CDF816300EF09CFA6A460146002084
S214024C90FDF7DAF84FF6FF73B5F86800984203D0CE
S214024CA014B106490EF096FA13B0F0BD0822384643
S214024CB0F5F7F8FBD7E700BF404F0020AA4F0020C9
S214024CC02DE9F041DFF8B8801F4698F80030054617
S214024CD00C4616461BB102252846BDE8F081531E37
S214024CE0052BF8D814F09CF80028F4D13B7B032B54
S214024CF014D14FF6FE739C4212D1012E09D0022E19
S214024D00E9D110F0C9FA4FF6FB73984203D810F0B7
S214024D10C3FA044604E010F01AFFFAE7012EDAD0CE
S214024D20EDB939462046FFF775FC05460028D3D173
S214024D3098F80030332B03D0532B1CBF0E4B186150
S214024D403046FFF7F5FD00214FF6FF70FFF77EFFB6
S214024D500A4B1B78002BBFD011F0CAFDBCE7397B8B
S214024D60721ECB1E594259415042504105F07CFFFB
S214024D7005460028D5D0AFE72C500020BB650020A2
S214024D80BF5B00202DE9F04105460F46904610F025
S214024D9083FA6B7B0446DB0703D595F909000EF010
S214024DA0D0FE10F079FA384B384E188010F091FA8F
S214024DB0374B1880FDF73AFE364B1880FDF73CFE5F
S214024DC0082201463448F5F76DFB10F027FA334BFC
S214024DD018702879FFF77EFE00216888FFF736FFF5
S214024DE0FDF726FF60B14FF6F672631E9BB2934242
S214024DF006D910F0ACFEB6F8683004468342F8D006
S214024E00204610F055FA288810F06FFA4146B6F898
S214024E106800B847044628B91920FFF755FD19203F
S214024E20BDE8F081B6F868100FF0EFFF00231C4DC6
S214024E3086F859302B7803F0FB03022B02D020466B
S214024E4010F050FC002220461146FFF707FB0446EE
S214024E50B0B117236B61134B1B78042B09D1C82101
S214024E60114813F09FFE03232B7684F00100C0B294
S214024E70D6E74FF416710C4813F094FE0023F3E7BE
S214024E801720FFF721FDF0E72A550020404F0020AB
S214024E902855002026550020535C00205B5C00202D
S214024EA02C500020C05B0020A8630020F0B50C4602
S214024EB01E460B462049074689B004F1140053F8F3
S214024EC0045B834241F8045BF9D11B8802AD0B8078
S214024ED0D4F80E00D4F81210238803C5ADF81030AB
S214024EE023798DF812208DF8133000233A468DF878
S214024EF014304FF6FE71012002ABFFF7E1FEC8B98F
S214024F0002A8FFF7C3FB237B4BB10C4D0C4B01AA47
S214024F102946012001930EF0F2FD2A781AB920469E
S214024F20FFF764FE03E020460199FFF72BFF08B95E
S214024F30044B1E7009B0F0BD2C5500202C500020EA
S214024F40C15703005C5C002001232DE9F341304E7B
S214024F5005460F4600202F491446737300F0EAFBFD
S214024F600EF0F1FDDFF8AC8038B9012D01D9042D21
S214024F700FD1214638460EF0AAF91020002111F072
S214024F80CFFC00283CD0002002B0BDE8F041FCF780
S214024F90AFBC002CF1D1204B1B78212B03D0062B63
S214024FA001D0532B02D101F02FFAE6E7FDF740FEBF
S214024FB00028E2D000F0EAFB28B9307BC0F11800E6
S214024FC0FFF782FCD9E7154B41462046019300F0D5
S214024FD0B1FB20B140F61901114814F035F801AAC8
S214024FE00B4998F80C000EF08AFD32781AB9094877
S214024FF0FFF7FCFDC1E701990648FFF7C3FEBCE7D1
S214025000FFF79EFA0028BED102B0BDE8F08100BFCD
S2140250102C5000202C550020BF5B0020C1570300F7
S214025020603004001FB5144B04461B88DB0707D408
S2140250304FF6FF700021FFF709FE002004B010BDF6
S2140250400A230E4A012001A9FDF786FC4FF6FF73DC
S214025050BDF80C209A42EBD00822FF2101A810F0DE
S214025060A9F80028E4D10CB90120E7E7BDF80C0046
S21402507001A9FFF7EBFDF7E74455002026E1010002
S21402508038B50C46154610F013F902F053FF2946C0
S2140250902046FFF7DBFD00F079FB48B1054BDB79D4
S2140250A00E2B28BF0E230133DBB2034A137038BD22
S2140250B00123FAE72C550020685C002038B51D460F
S2140250C0FFF7FEFD0446C8B92B7B2846032B03D107
S2140250D0BDE8384010F088BBFFF7D8FA084B2546E3
S2140250E09C8110F09BF80121064B81401A7806201D
S2140250F0FEF730FA044608B1034B1D70204638BD51
S2140251002C500020BA650020BF5B002030B501207D
S21402511087B0FFF787FF6B460446144A106851684B
S21402512003C384B904F0C4FD02A8FFF7CDFA4FF614
S214025130FF752246BDF80E002946FFF7A1FF0EF0C6
S2140251404DF807B030BD6B46094AD2F86A00D2F86D
S2140251506E10B2F8685003C304F0AAFD02A8FFF767
S214025160B3FA6A46BDF80E00E6E700BFF4B80300DD
S214025170404F002037B5324B04461B781BB1022441
S214025180204603B030BD13F04BFE0028F7D100F0E6
S2140251900DFB14B122882B4B1A8000210DF107005B
S2140251A0FDF7D0FC002848D110F0F0FA044600289B
S2140251B0E6D1254D9DF80700FFF7BAFB2B78033B97
S2140251C0012B27D82046FFF72DFF18B3FFF79EFFC7
S2140251D000F0FCFEFFF74AFB01200FF0E9FF48B99A
S2140251E0184B1B889A0707D5234605220120174924
S2140251F0FFF788FC0446C3E7154D02232946012023
S214025200144AFDF7A9FB2B885B07B9D5204600F0A8
S214025210F1FEB5E72B78053B012BB1D8FFF776FFF9
S214025220FFF724FB2B78052B0CBF04200520FDF787
S21402523013FC01200FF0BCFFDCE71724A0E700BF39
S214025240BF5B002044550020C05B002000F8FF072B
S214025250F654002027E101007FB50024184E194DB0
S2140252603278E3B29A4201D804B070BD4FF6FF73AB
S214025270B5F868209A421AD0134B1B88DB0714D560
S214025280124AB5F8683010685168ADF80C3001ABB8
S21402529003C30F4A0A23002001A9FDF75DFB022380
S2140252A000200C4A0C49FDF757FB0134D8E70022D0
S2140252B0082106480FF07EFF0028F6D1DCE700BF83
S2140252C098650020404F002044550020AA4F002039
S2140252D026E1010027E10100F654002010B500F097
S2140252E0C7FE01F013FCD8B10E48FDF7BBFA0E4814
S2140252F00E4C017A0E30FFF741FB23781BB100F00B
S214025300F7F9002323700022094B1A73FFF7AEFA4F
S21402531007F0B8F900F012FFBDE81040FFF79CBF97
S21402532010BD00BFA86300202C5500205C5C002046
S2140253302C50002010B52548FDF794FA01F0E6FB44
S21402534030B1234B1B781BB9BDE81040FFF7C6BF30
S21402535001F0DCFB78B11F4C237E83B1C8211B48C9
S21402536013F020FC0021237E0846013B2376BDE88D
S2140253701040FCF72BBBFDF75BFC0028EBD1FDF7DA
S21402538057FC154B1B7858B9112B03D003F0FD03BD
S214025390412B19D1BDE810400E4B5869FFF794BA5D
S2140253A0332BF7D10D4B18880FF082FF0C4B188861
S2140253B00FF09BFF0B4B0C491888FFF747FC0B4B73
S2140253C01878FFF787FBE5E710BD00BFA86300204B
S2140253D0BB5B00202C500020BF5B00202A5500201B
S2140253E02855002026550020535C00205B5C0020D8
S2140253F02DE9F04F0F4685B002AD044629463846E1
S214025400914611F01FFD4FF0000B82463846CDF84C
S21402541004B00FF0B0FD4678022C804606F0020675
S21402542009D85CB1FDF704FC0446002848D1754B48
S21402543001241B7865E0043C022C3AD9FDF7F8FB00
S21402544038460FF011FD00240546A046DFF8D8A125
S21402545038460FF090FD50F809300DF10500019323
S21402546013F0D0FE9DF807B00746B8F1000F4DD1F5
S214025470BBF1000F5BD0DFF88C9199F800300BB1CE
S214025480002E63D0002C61D05F4B1B78022B5DD1BF
S214025490BBF1000F53D138460FF00AFF5846594663
S2140254A0FFF76CFA07F0EEF840F607400DF04BFFF8
S2140254B034E010F05FF9FDF7BBFB0446F8B15C463A
S2140254C04EB1524B1B78012B02D0043B012B0BD85A
S2140254D005B0BDE8F08F4B4B1B782BB14B4B1B78BE
S2140254E003F0FB03022BF3D0BAF1000F404608BFCD
S2140254F0002511F09AFC4FF001088246A8E7414BBE
S2140255001B78002BF0D0002EEED1E1E7BAF1000FA7
S214025510AED05046FDF71EFE0028A9D1002013F09B
S2140255204BF90028D4D000200FF033FDD0E74FF619
S214025530F7739F429FD91720FFF7C6F9EEE7FDF7EC
S21402554077FB48B13248FDF78DF9F4E7FDF770FBBB
S21402555010B1BBF1000FF5D1FDF76AFB0028DDD0D4
S2140255602846FEF749FAFF28DFF89CA0294C03D00C
S2140255709AF80030012B04D12946B4F86800FEF7E9
S21402558095FBFEF751FC2A463846B4F86810FFF73A
S21402559077FD214B214A93F906301B0213809AF8B5
S2140255A00030012B19D0312B14BF432311238AF864
S2140255B000301B4B1648196813F0F4FA00F006FD8B
S2140255C00023124C99F80010237641B9104813F0C4
S2140255D0E9FA40F61B436361A0E71123E7E7B8F157
S2140255E0000F03D016B1FFF779FEF2E70D4B1B78DA
S2140255F0042BEED10521064813F0D4FA09232376AC
S214025600E7E700BFBB5B0020BF5B00202C500020FA
S214025610A8630020404F00202C5500204255002051
S214025620C8630020C05B0020425C002070B50846BC
S2140256308CB00D460FF09FFC09220021064613F09F
S21402564005F9044628460FF00FFC052228460DF100
S2140256500F0304A90DF0C9FE02281BD09DF80F30D7
S21402566029461C440023E4B204F11002365D0120F0
S2140256700093D2B20BF040FD60B1022E0AD1064B67
S2140256801B78012B06D1054B187818B922462946F5
S214025690FFF7AEFE0CB070BDBF5B00202C500020A2
S2140256A008B5084B187050B1074B1B883BB14FF436
S2140256B07A710648594313F075FA002008BD012096
S2140256C0FCE700BFB25B00203A6500208C40002059
S2140256D0014B1880002070473A65002008B5FDF798
S2140256E0C1F80022014B1A7008BD00BFB25B002051
S2140256F010B50024044B05481C80054B1C70FDF7B2
S214025700B1F8204610BD00BF46550020CC630020ED
S2140257105D5C002008B50348FDF7A4F8BDE8084024
S214025720FFF7E6BFCC6300200148FCF7ABBD00BF25
S21402573046550020F7B5134B04461B780E46EBB1D0
S21402574083421DD90021104813F0C0FD00250146F2
S2140257500D4F09B9012009E0AC4209D100241623F5
S21402576022463046009413F046FE204603B0F0BDB3
S214025770384613F0CFFD01350146EAE71820F5E773
S2140257802720F3E75D5C002046550020014B187881
S214025790704700BF5D5C002025289DBF024B187035
S2140257A000202120704700BFBC650020012307B5FA
S2140257B01846064A0DF10701FDF7CEF89DF80720B8
S2140257C0034B1A7003B05DF804FB00BF29E1010029
S2140257D03C65002084B010B502AC84E80F000822B5
S2140257E024480DF11601089CF5F756F938BB9DF8CA
S2140257F015309B0705D4204B1B7803F0FD03312B95
S21402580023D11E496378097803F00F028A4203D037
S214025810012928D1022A18D12278B2B91B09022BF3
S21402582013D194F90230002B21DB154BB3F8682014
S214025830BDF80A309A4208D1FEF790FF06E0002231
S21402584008210C480FF0B6FC20B90020BDE8104035
S21402585004B070470B4BBDF808205B889A42C6D04E
S214025860002BC4D0F1E70229EFD1012AD3E70120A9
S214025870ECE700BF30500020BF5B00208D650020A3
S214025880404F00202C50002084B02DE9F0478EB007
S21402589016AC84E80F00DFF868C1564BBCF802006D
S2140258A09DF85D9010F001049DF96220BDF870E04D
S2140258B09DF875A09DF976709DF878509DF97A103E
S2140258C09DF95E809DF860601B782FD09DF87D0064
S2140258D0C0F34004C0F38000002B44D0464B1B7834
S2140258E0012B02D1002C00F08280C0B19CF800305F
S2140258F01E335BB2BB42ACBF002701279845D4BF1C
S21402590000230123BB4209D18A4208DB0CD1A81B23
S214025910C0B280288CBF0020012000E038460EB0BE
S214025920BDE8F04704B070470020F8E710F0020F19
S21402593018D0C3B1490814BF01200020520814BF72
S214025940012300238342EAD1AB1BDBB2802B0AD9A8
S214025950AE42E9D1B84506DB49D1CA4594BF00201C
S2140259600120DCE70BB90120D9E7AE4216D002AC23
S2140259701CAF0FCF0FC497E8030044F8040B218036
S214025980DDE91A0116AB0090ADF804100FCB0EF04D
S214025990AFF80028E7D1AE42B9D1C0E7BDF858301B
S2140259A073451ED008AC0DF1700CBCE80F000FC496
S2140259B09CE8030044F8040B2180104C638873456E
S2140259C00FD10822211D0DF12E00F5F765F80246CB
S2140259D038B90821201D0FF0EDFB10B96388002BA3
S2140259E0C1D1B845BFDBC2D1CA45BCD8BFE7204645
S2140259F095E700BF5D5C0020BF5B00202C500020B6
S214025A003C65002084B02DE9F04F8FB06A4E18AC8A
S214025A1008AD84E80F00162200212846F4F7F0FCB1
S214025A2033783BB90024654B32781B789A4239D2D8
S214025A30002726E00021624813F048FC00270446AF
S214025A40B846DFF87C91002C45D13FB12246394654
S214025A505B480FF013FB3378013B33703378002B2F
S214025A60E0D0002156484FF0000913F02FFC4F46B5
S214025A708046CA46DFF848B1B8F1000F6CD1002F55
S214025A80D1D01621002218A80FF090FA014648B18C
S214025A90002F00F08B80224649480FF0A7FA337891
S214025AA001333370454B32781B789A4207D9444803
S214025AB0002201880FF0E2FA3378013B3370337824
S214025AC0012B03D13F49404813F06CF80FB0BDE8F4
S214025AD0F04F04B070470022214616232846CDF820
S214025AE0008013F088FC1622294618A8F4F7D4FF83
S214025AF00028EBD09DF864209DF824309A4225D1E8
S214025B00BDF86020BDF820309A421FD108220DF160
S214025B102E010DF16E00F4F7BFFFB8B902AF0DF11A
S214025B20600CBCE80F000FC79CE8030047F8040BA4
S214025B3039800EAB13E903000090ADF8041095E827
S214025B400F00FFF7A1FE0028C0D027462146484690
S214025B5013F0E0FB044676E7162300224146284669
S214025B60CDF800A013F047FC02AF0DF1600CBCE8C4
S214025B700F000FC79CE8030047F8040B39800EABF2
S214025B8013E903000090ADF8041095E80F00FFF744
S214025B907BFE074620B1B9F1000F04BF444681469A
S214025BA04146584613F0B6FB804665E73A46044837
S214025BB013F092FB73E700BF5D5C0020BC6500201B
S214025BC04655002020BF0200CC6300202DE9F04F8E
S214025BD0002104469FB00DF14008162240460E9161
S214025BE0CDE90C11CDF83B10F4F70AFC052220464D
S214025BF00DF11F0316A90DF0F8FB0228074600F068
S214025C00F28020460FF0B7F9064613F0FBFA8146FB
S214025C10F01C13F0F7FAADF84000701D13F0F2FA1C
S214025C20012FADF84200204640F0E0800FF0A3F9C5
S214025C300546204612F0CAFE0D3502232D1A0093A1
S214025C40214643460820EAB20BF056FA002800F036
S214025C50CA8020460FF094F9012F83469DF84D30F6
S214025C6040F0DC8000252F4643F001038DF84D30CE
S214025C7016AE3388022B4DD1F1782046023108F059
S214025C8065F81B2846D1F1782046033108F05EF805
S214025C9019283FD1F1782046043108F057F84A28EF
S214025CA038D14FF0050AF17820460131514408F008
S214025CB04DF8F17805905144204608F047F8059BC8
S214025CC000EB032083B200F03F02932B059240F0D4
S214025CD095800023F778214602375744FFB23A46AA
S214025CE000930CA80F2313F086FB07F10F01204642
S214025CF010F081FF07F111010546204610F07BFFE8
S214025D00ADF84200059B023353445FFA83FA3379B7
S214025D105345C8D806360DF17603B342A9D19DF88D
S214025D204D20C5F3C03363F3410220468DF84D2063
S214025D300FF0B8F88DF8440020460FF0A8F88DF85A
S214025D40450020460FF0A8F89DF83230BBF1190F37
S214025D50C3F3C3028DF84720DDF833208DF84600E2
S214025D60CDF84E20DDF83720CDF8522094BF002221
S214025D709DF83E208DF8482003F003028DF84A2055
S214025D809DF84D20DB0963F38202694B8DF84D20A6
S214025D901B78022B56D1BDF840600FF09AFA864265
S214025DA050D108A80FF001FDBBF1190F47D9082200
S214025DB00DF14E0108A8F4F76FFE00283CD1B9F5A4
S214025DC0004F02D0B9F5624F0DD140F6FF7325F4AD
S214025DD040459D4207D1002208210DF14E000FF0EA
S214025DE0E9F900283ED01FB0BDE8F08F0FF0C3F8E7
S214025DF00546204612F0EAFD07351EE7412B81D103
S214025E00F17820460231514407F0A0FF494B1B7837
S214025E10C3F1B30318448DF8490073E76FF3000328
S214025E20F01D8DF84D3013F0EDF90CA9054620460D
S214025E300FF00DFD0B2772E700F058FDBFE700F0EC
S214025E4055FDD0E7B9F5004F02D0B9F5624FCAD179
S214025E5040F6FF7325F440459D42C4D1BBF1190FAD
S214025E60C1D9B8E7BBF11A0F06D007F11F014246A7
S214025E702046C9B20DF042FE2F4C304D637BDBB19B
S214025E802B78012B1DD1012323730CAB029314AC88
S214025E9094E803000090ADF8041098E80F00FFF7AE
S214025EA099FC90B194E803000090ADF8041098E8CD
S214025EB00F00FFF7A7FD08E0FCF7BAFE0028DFD0C8
S214025EC0E1E703F0FD03042BDDD02B78012B01D094
S214025ED0042B88D11A4BDDF84E001B78DDF85210E1
S214025EE08DF82230BDF84030ADF820309DF84D30A8
S214025EF0C3F340038DF823309DF8313003F00F03CF
S214025F008DF82C309DF848308DF82D3009AB03C340
S214025F100C4B1B681BB1414608A8984763E79DF9DE
S214025F2046209DF8451008A80DF0CFF95BE700BFA4
S214025F30BF5B0020645C00202C5000204B5C0020DD
S214025F40635C00202050002010B513F076F8114B49
S214025F501B78022B1CD1104A1468A04218D00F4995
S214025F6010600A68121B10440D4A086012786AB163
S214025F70013A93403C2253434FF47A725343984279
S214025F8006D9BDE810400320FCF766BD0A23F3E7F6
S214025F9010BD00BFBF5B0020B8410020B441002006
S214025FA089650020064B1B88DB0708D50022054BB7
S214025FB043F82020044A135C63F00F03135470471F
S214025FC04855002008400020845B002008B513F0E6
S214025FD034F80022024B1860024B1A6008BD00BF5C
S214025FE0B8410020B4410020014B1868704700BF3A
S214025FF0B441002008B50C48FCF734FCFCF772FDEF
S21402600080B10A4B0322B3F8681001200DF096FD0A
S2140260104FF47A71064B04481B885943BDE8084082
S21402602012F0C0BD08BD00BFEC630020404F002048
S2140260301E650020014B1880002070474065002036
S214026040044A054B1870138823F003031843108084
S21402605000207047485500208A650020034B1888A8
S214026060C0F30E00003818BF01207047F654002017
S21402607008B5FFF7F3FF30B1002004490223044AB3
S2140260800880FCF769FC002008BD00BFF65400201B
S21402609027E10100024B1888C0F30E00704700BFCC
S2140260A0F65400200023084A01201370074A0849C4
S2140260B01370084B084A1B7843F00403138002232C
S2140260C0064AFCF749BC00BF605C00205F5C00200B
S2140260D0F65400208A6500204855002027E101007A
S2140260E030B5012100240B2385B0104D0194009198
S2140260F08DF80C308DF80D000323B5F8680003AA5E
S2140261008DF80E4010F030FE68B1B5F868100FF04A
S2140261105BFC40B10522064B64211A70054B06480B
S2140261201C7012F03FFD05B030BD00BF404F00208E
S2140261305F5C0020605C00200C640020064B1B782D
S214026140033B012B06D8054B1B781BB9044B18786A
S214026150FFF7C6BF704700BFC05B00205E5C002032
S2140261608965002010B51548FCF77CFB144B19789E
S214026170F9B9144A13787BB1013B1370124B1B78A2
S214026180042B02D10846FBF721FCBDE810404FF471
S21402619096710A4812F006BD0C4A128802F00302F3
S2140261A0022A0AD1BDE81040032201200849FEF760
S2140261B0A9BCBDE81040FFF7C1BF10BD0C640020AB
S2140261C0605C00205F5C0020C05B0020F65400206C
S2140261D000F8FF07084B1A785AB10223013A934097
S2140261E04EF66022534303210448B3FBF1F112F04A
S2140261F0D9BC42F21073F6E7896500200C640020D1
S21402620070B505461748FCF72DFB0122164B2846AB
S2140262101A7010F0CDFD411C044689B2284607F0DC
S21402622095FDA11C064689B2284607F08FFD0F4C45
S21402623002232080214600200D4AFCF78DFB86B9FA
S214026240238803F00303022B03D1FFF7BFFEFFF7F9
S214026250C1FF23885B0704D5BDE870400548FFF7F9
S214026260C9BE70BD0C640020605C0020F65400209D
S21402627027E10100EC6300202DE9F0431F4C0546A0
S214026280238889B0002B33D01D4E00214FF4807036
S21402629010F026FB3378DB0728D50121208812F080
S2140262A0CDFB074620880EF066FE023012F0AAFFEB
S2140262B005A98046208810F062FE3378384613F02F
S2140262C0020F104B18BF0025B3F8009012F09AFB8D
S2140262D00646384612F07AFBF6B20290424606218D
S2140262E02846CDE9009605AB0CF0ABFF00232380D1
S2140262F0054809B0BDE8F043FCF7B4BA4E55002095
S214026300615C00204C5500202C64002010B5044629
S21402631040F62140FFF7B0FF01214FF4807010F0E5
S214026320DFFA78B10022084B1C80084B1A7007F07F
S21402633085FEBDE81040064B1880064B06481988B5
S21402634012F030BC10BD00BF4E550020615C00202C
S2140263504C550020206500202C640020044A137847
S21402636018B943F001031370704743F00303FAE7CA
S214026370615C0020044B1B781BB9044A1380FEF7AD
S21402638007B90020704700BF4F5C00204A55002026
S214026390042230B501F0400387B0002B054614BF37
S2140263A0012400248DF80C208DF80D1004D004A9C9
S2140263B010F0B4FA10B304ABCDE900430121022376
S2140263C0284603AA10F0D0FC0446C8B10D4BB3F819
S2140263D068100EF01AFD4FF6F7739D4209D9322265
S2140263E002212046FEF73AF880F00100C0B207B05C
S2140263F030BD294620460FF0E7FAF5E70120F6E71A
S2140264001920F4E7404F002010B5FFF731FE04F0E4
S21402641031FA0FF065F9002010F078FA12F000FD5C
S21402642008B1FDF729F9204C2378532B12D1032308
S21402643023700023FF2219460120FEF763FB00208B
S21402644012F0BAF910B100200EF0A3FDBDE810401C
S2140264500DF078BB062B01D0212BF0D10120FEF7E0
S214026460F5FA4FF6FE700EF023FF4FF6FF700EF0B1
S2140264703CFF0020FEF752FA0020FEF759FAFEF71C
S214026480E9F900F029FB0DF060FB2378212B02D1FD
S214026490FEF774F9D3E70020FCF7DEFA00214FF48A
S2140264A0004010F00DF8CAE7BF5B002010B50A4C9A
S2140264B00A48FCF7D7F92378062B02D10120FEF70B
S2140264C0C5FA2378062B01D0532B03D1BDE8104022
S2140264D0FFF79ABF10BD00BFBF5B00204C640020D0
S2140264E02DE9F047DFF8C08004460E461746FFF750
S2140264F0BFFD98F8005015B90220BDE8F087212D9F
S214026500FAD0284812F010FF0028F5D114F0200423
S21402651039463046DFF894A0DFF8949005F00F0570
S2140265201BD00CF056FE012D8AF80070A9F8006008
S21402653029D1212388F80030FFF766FF0020DCE728
S214026540212388F80030FFF75FFF00214FF6FE7028
S214026550FEF77CFBFEF780FEF0E70CF039FE012D1D
S2140265608AF80070A9F80060EAD0062321464FF6A2
S214026570FD7088F80030FFF70BFF40F2262109482D
S21402658012F010FBE1E7532321464FF6FD7088F820
S2140265900030FFF7FDFE40F22621024812F002FB11
S2140265A0CCE700BF4C640020BF5B0020625C00208A
S2140265B042650020F8B50D460646511C284607F0EF
S2140265C0C5FB044628460EF0D6FC0546023012F0FD
S2140265D019FE154B07461B78022B02D0043B012BF3
S2140265E021D8124B1B68580201D5A1061BD562069C
S2140265F019D50F4BB3F86830B34214D16B781B072A
S2140266000DD5284610F011FCFCF7A4FD58B1314612
S21402661004F020000122BDE8F840FFF761BF0EF04B
S2140266203BFEB842F3D0F8BDBF5B0020C04100205D
S214026630404F002073B504460D4612F0D1FEFF28E7
S214026640034625D0134A12784AB1134A32F810206C
S214026650520404D510F04BF9002002B070BD184663
S21402666010F056F96946064610F058F940B1FCF7A4
S214026670E7F928B1002302226946304605F0DCF825
S214026680204645F0400102B0BDE87040FFF780BEEC
S2140266900120E2E7BB5B0020F054002038B5054637
S2140266A00EF069FC0446284610F082FB411C89B2B3
S2140266B0284607F04BFB42060DD563781B070FD51D
S2140266C0204610F0B2FB0146002012F087FEBDE81D
S2140266D0384010F00CB90348BDE83840FFF7E6BE74
S2140266E038BD00BF4C64002038B54FF6FF75A8428F
S2140266F0044617D00EF0EDFDA04213D04FF6FD7201
S214026700094B198891420DD9084A1288AA4201D02B
S214026710A24207D11C804FF47A71BDE83840044883
S21402672012F040BA38BD00BF28650020446500203C
S2140267304C41002008B50448FCF794F84FF6FF7267
S214026740024B1A8008BD00BF4C410020286500207D
S21402675037B505460C46082369460120064AFCF76B
S214026760FBF815B19DF806302B700CB1009B236028
S214026770BDF8040003B030BD25E1010007B50823CB
S2140267808DF80600ADF80410009269460020034A10
S214026790FCF7E2F803B05DF804FB00BF25E1010058
S2140267A0024A13780BB1013B13707047B05B0020AE
S2140267B008B50EF09AFD00214FF6FF72054B08460B
S2140267C01A80FEF7DBF8BDE8084040F616400CF0EB
S2140267D0BABD00BF2865002008B5FCF743F80A4B8F
S2140267E01B78023B032B08D84FF6FE73074A108825
S2140267F098424FF6FF7301D1138008BD9842FCD031
S214026800BDE80840FFF7D4BFBF5B00202865002024
S21402681010B5084B1B78042B0AD00EF03DFD002164
S21402682004460846FFF794FF231A5842584110BD03
S2140268300020FCE7C05B0020F0B5002689B00546C4
S214026840CDE90566ADF81C6010F0B2FA0A230246DE
S21402685004462946009605A812F0CDFD9DF815308F
S2140268609DF814701F2B27D803A80EF09EFF08224F
S2140268700DF1160103A8F4F70FF90646E0B9092F41
S2140268801CD1FFF7C5FFB8B1144B1B78A3B1144B4C
S2140268901A884FF6FD739A420ED9124C124A237882
S2140268A00433DBB223701278013AB3EB820F03DDB6
S2140268B058B20AF000FE267009B0F0BD0A34E4B2FF
S2140268C02146284607F042FA0FF002F8611C2846D5
S2140268D010F091F9FFF708FFEEE700BF9D65002074
S2140268E028650020B05B00208865002038B5134B71
S2140268F01B78033B012B20D9114B4FF6FF711B78F7
S214026900ABB1104D2B888B4217D10EF0E2FC4EF63F
S214026910602104460C4812F045F94FF6FE732246F3
S2140269202B800021BDE8384009200EF0DFBF074A61
S21402693013888B421CBF0133138038BDC05B002016
S2140269409D650020286500204C410020F25400205E
S21402695008B50448FBF786FFBDE808400021084654
S214026960FBF734B86C64002010B5044661B1FF2111
S2140269700EF0A2FA002120460EF0A4FA0EF0E5F977
S214026980014620460EF0A4FA2146BDE81040002239
S214026990014812F0A1BC00BF525500202DE9F0417B
S2140269A00D46174604460EF0E6FA06782846FCF729
S2140269B04DF92946804620460EF027FA0EF06CFC6A
S2140269C0A84206D120460121FFF7CEFF0120BDE8EE
S2140269D0F0812846B8F1000F0AD0FCF7B9F950B991
S2140269E0144B3A462046BDE8F0411978FDF736BD0D
S2140269F00FF098FFF3E706F00306012E08D00EF01C
S214026A004BFC00232246294602F042FA0028D9D13E
S214026A1020460EF0B6F9430505D52046BDE8F041FE
S214026A2000210EF02BBD20460FF067FFB0FA80F073
S214026A304009CCE78765002010B586B0044610F002
S214026A40B7F9104B0246186819790290D3F8050078
S214026A505B7A01328DF8143000238DF80C10049006
S214026A602146009392B2052304A812F0C4FC052224
S214026A7004A902A8F4F710F8B0FA80F0400906B0AC
S214026A8010BD00BFD87C040008B511480EF030FBDC
S214026A90104B1B78012B06D8FF200FF001FFFDF7E5
S214026AA0B1FB0FF01CFFFDF73BF801F091FCFFF77E
S214026AB0F9FA10F0F5FA07F0F1FDFDF749FD07F0D7
S214026AC03DFB0CF088FBBDE8084002F0D3BC00BFDB
S214026AD0085000207D5B002008B5F0F75DFDFF281A
S214026AE003D0094B1B78012B06D900200FF0D8FEE5
S214026AF0FDF788FB0FF0F3FEFDF712F801F068FCD5
S214026B00BDE8084002F0B6BC7D5B0020064B187854
S214026B10112806D000F0FD00A0F14103584258416A
S214026B2070470120704700BFBF5B00202DE9F84385
S214026B300446FDF70FFB18B100263046BDE8F88381
S214026B404FF6FF78184BB3F868104145F4D020464C
S214026B500EF05BF9154B022120461A88FDF77EFCE3
S214026B6006460028E8D020460EF005FA90F8079070
S214026B700546043012F046FB07460EF08DFB4946EA
S214026B8002463846FDF7FEFAA81C12F03BFB4045CB
S214026B9002D12046FFF7BAFB2B789B07CDD1012105
S214026BA02046FFF7E1FEC8E7404F00205055002080
S214026BB0F8B507460EF0DFF90546043012F022FB60
S214026BC00646A81C12F01EFB0446304612F008FCCD
S214026BD03046FCF73BF82B789B0701D10EF05CFBA6
S214026BE0AB790BB90320F8BD0EF056FBA0420CD1D0
S214026BF00EF052FB0446094B214638461A78FFF738
S214026C00CDFE0028EED00020EDE7054B1B78052BC5
S214026C101CBF044BB3F86840EDE700BF5055002098
S214026C20C05B0020404F00202DE9F041064610468A
S214026C300D4610F0BDF8A0F11004E7B256FA84F43F
S214026C402146EA1B04F10E00F3F72CFC2823DFF89A
S214026C504480F35598F80030637301F0CDFB611C55
S214026C60024601200CF086FF08220949601DF3F750
S214026C7019FC98F800000FF07FFC05F10E01304673
S214026C803B460022C9B201F069FC1220BDE8F08141
S214026C90425C0020BA5B00202DE9F04F87B0044624
S214026CA00EF069F9064620460EF0C8F80746301D73
S214026CB012F0A8FA8146B01C12F0A4FA384696F8EA
S214026CC007A012F096FB33789A075FD1214604207C
S214026CD001F04CFD002859D0204610F069F8014614
S214026CE0204607F033F8830750D1204610F060F8AC
S214026CF00146204607F02AF810F00303039345D115
S214026D002046FFF799FE002840D0204610F026F9CC
S214026D10451C204611F076FEEDB205F10A0B8345BE
S214026D205DDA304A04AB1068516803C3691C20461A
S214026D3007F00CF829468046204607F007F800EBD5
S214026D40082059461FFA80F8204606F0FFFF8346C1
S214026D50039B2146AA1C009304A8082312F04BFBAF
S214026D6020460EF06BF85A4641460CF0F5FE01221C
S214026D70404604A90EF036FF88BB022007F032FC1C
S214026D80013003D1404604A9F0F7CEFC0EF084FA97
S214026D9048453A46514607D10EF086FCF8B907B088
S214026DA0BDE8F04F0EF0D2BE48460EF07DFCB0B9FC
S214026DB00D4B1B781BB9394648460EF0DDFD3A46A8
S214026DC051464846FDF7DEF948B1317811F0030125
S214026DD005D1204607B0BDE8F04FFFF7C5BD07B0A6
S214026DE0BDE8F08FF4B80300B65B002038B5114D4D
S214026DF02B78023B012B18D80CF0B0FE0446B0B933
S214026E00FFF7A2F82B78032B07D12346FF22214651
S214026E100120FDF777FE012038BD21462046FAF70D
S214026E20D5FD003818BF0120F6E71720F4E7022048
S214026E30F2E700BFBF5B00202DE9F74305460E468A
S214026E4014460DF0A8FF0C2828464AD10EF093F8F7
S214026E500922002111F0FAFC00F11001C9B22846FD
S214026E6006F074FF042813D07C282BD0012840F0AB
S214026E70AC8046B9132128460FF0BDFE03B0BDE82C
S214026E80F0430EF032BA03B0BDE8F043FDF7DCBCC7
S214026E905B4B1B78022B40F0988046B9FFF7FAF856
S214026EA0C3070AD5FFF792F8002C08BF3F263046E4
S214026EB003B0BDE8F0430CF0AAB9FFF7CFF80028FC
S214026EC0F0D0F1E7284611F09DFD0446284611F061
S214026ED07DFD02463046E1B203B0BDE8F0430CF059
S214026EE094B90EF048F88046043012F08BF9074643
S214026EF008F1020012F086F94FF6F773984204463C
S214026F000CD8404A138801339BB213800BB93E4A11
S214026F1013801EB13C4A13880133138098F8009000
S214026F2009F00309B9F1010F1DD128460FF040FF01
S214026F300146284606F00AFF0B2809D00D2807D07E
S214026F40042842D1284603B0BDE8F043FFF7A6BBAB
S214026F502E4B1B78042B38D10021084603B0BDE81F
S214026F60F043FAF733BDB9F1000F2ED13146284669
S214026F7003F05EFD4EB34FF6F7739C4225D898F8A1
S214026F800160204616F0040622D10FF099FC054651
S214026F9020467DB10FF0C6FC034600BB0C220090D3
S214026FA0214638460EF0B6FE0C220023394620460D
S214026FB0009308E00FF0B6FC0346C8B9144A0090E6
S214026FC01278214638460EF0A5FE03B0BDE8F083DF
S214026FD00FF0A8FC034678B90B220090F1E70622D0
S214026FE033462146384600960EF094FE0622DCE72B
S214026FF02B4600950622E4E74B46CDF80090F9E7CB
S214027000BF5B0020FA540020F8540020C05B00202A
S214027010BE6500202DE9F04F05888BB00446284651
S2140270200DF0A9FF0746043012F0ECF88146B81CB2
S21402703012F0E8F805A9804628460FF003FF284616
S2140270400FF0B6FE01460646284606F07FFE3B785F
S214027050824603F00303012B0CBF83464FF0FF0B5F
S21402706011F0E6FFE388019002930EF015F9FB7922
S21402707000904846039300F081FF002876D14046F0
S21402708000F07CFF002840F08880FDF72BFB80464E
S214027090FBF7CEFD10B9FFF739FD30B1A8F10408B1
S2140270A05FFA88F8B8F1020F1BD90BF0FD03042B28
S2140270B000F0B380FFF72AFD20B10AF0030ABAF106
S2140270C0010F0ED0FBF70EFD28B9714B1B7803F0AB
S2140270D00F03062B68D16F4B2846B3F868100DF0E5
S2140270E094FEBBF1010F63D128460DF078FE4FF6F1
S2140270F0FF73984240F0918000233146284607AA43
S2140271000FF0E6FB0746002842D042799DF825306C
S214027110934209D9711D284689B206F02BFEA37840
S21402712023F00F030233A3700CF04EF87E23B0FB5D
S214027130F3F202FB130303F58073A3809DF8263057
S21402714013F0180F0AD0A3781B0707D1009B4B45F4
S21402715004D048467A7905A90CF06BF89DF827000A
S214027160003818BF01200BB0BDE8F08F28460DF09E
S21402717002FF023012F046F84FF6F773984207D92C
S214027180039B2BB92846FFF757FC00287FF477AFFE
S214027190A37823F00F03A37008E0404612F029F903
S2140271A000287FF472AFF3E72823A3800020DAE7F3
S2140271B0BBF1020F54D10123314607AA28460FF02D
S2140271C087FB80460EF068F8BDF8223098421FD141
S2140271D0B8F1000FDCD00122B8F80230314628465A
S2140271E00FF074FB2C4A13780133DBB2FB71137079
S2140271F0B8F80230BDF81E209A421FBFA37823F0CB
S2140272000F030233A3704FF4C873A3800120AAE7CA
S214027210184612F0EEF80028DAD128460DF0DFFD07
S21402722012F087F8012808BF1C4BA27809BF1B780A
S214027230FA2303EB830303EB830302BF9B00FA33B9
S2140272409BB21209A4D1DDE90121521A92B29342ED
S2140272509ED30BF0B9FF00F01F001030A080D5E7D8
S214027260BBF1030FD9D1009B4B45D6D1711C2846E2
S21402727089B206F06BFD0C28CFD1FCF7FFFD4FF666
S214027280FF7398420146C8D028460DF0BEFDC4E7FB
S214027290BF5B0020404F0020BD5B002096650020AB
S2140272A02DE9F04105460C460DF075FD082802D181
S2140272B00120BDE8F081201D11F0A4FF06462846F5
S2140272C094F807800DF0BAFD074628460DF059FDE2
S2140272D0010612D5184B1B78042B0ED1174B1B78C0
S2140272E0022B0AD1164BB3F868204FF6FF739A4268
S2140272F003D000210846FAF769FB124B1B78002BD5
S214027300D6D1A01C11F07EFF4FF6F773984202D832
S2140273106378DA070DD523789B070AD13A464146A9
S21402732030460EF0C1F980F00100C0B200F0010054
S214027330BFE70120FAE700BFC05B0020BF5B00206A
S214027340404F0020675C00202DE9F04F9DB00446B8
S2140273500DF021FD054620460DF01DFD082869D1D9
S2140273604FF400432046ADF85030ADF85C4011F0C3
S21402737049FBBDF85C20A0F11005EDB210461023C3
S214027380002100950FF024FC294617A80FF0F8FB01
S214027390204611F01BFB0AF0A4F8002321461A46E9
S2140273A00C20009309F0A8FE98B3204611F00EFBBD
S2140273B014A902461020FBF779FF0501204611F0BA
S2140273C005FB14A902464020EDB2FBF76FFF10B191
S2140273D020460BF002FF204611F0F8FA14A90246E6
S2140273E08020FBF763FFB8B99DB1102517A805F0FA
S2140273F067FF2046BDF8507011F004FB0646204693
S21402740011F0E4FA29460090F3B2384617AA0BF0B8
S2140274107AFF1DB0BDE8F08FBDF8503017A8ADF862
S2140274205E40ADF85C300CF091FB0028DCD145F0F4
S2140274308005DBE720460DF0EEFCB0F5006F40F06D
S214027440058120460DF0FAFC0646042D40F0018127
S21402745020460DF096FC80F40060C0F3C0200022A7
S2140274603146400011F097FE944B1A78022A0DD04E
S214027470FFF74CFB50B902F0FD03312B06D0043A5D
S214027480012A03D98E4B1B78002BC2D0214602203C
S21402749001F06CF905900028BBD02046ADF84640B6
S2140274A00DF069FD0446BDF846000DF0C7FC064621
S2140274B0201D11F0A7FEA31C83461846039311F065
S2140274C0A1FE12A90746BDF846000FF0BBFC637882
S2140274D00690BDF8460094F8008008930FF068FC0A
S2140274E06378054608F0030830460C93FBF7AEFBBC
S2140274F0B8F1010F0CBF032302230E93714B08BF92
S2140275004FF00B091E80237818BF4FF00A0903F0CC
S2140275103C03082B0D907FF47CAFBDF8460011F0BB
S21402752071FAA8427FF675AFB8F1010F03D023783F
S2140275309B077FF46EAF644BB3F86830B3420DD14D
S214027540624A634BB2F9001093F90030002900F04A
S214027550A58001EB0313A3EB211313804FF0010A5E
S214027560A5F11003DBB20A938DF845301022484687
S214027570BDF84610CDF800A00DF1450309F0BCFD9C
S21402758000283FF446AF089B13F00203099300F06D
S2140275900981504B1B78002B3FF43BAFBDF8469059
S2140275A048460FF005FC002307904846CDE91733FE
S2140275B01993ADF868300DF041FC079B039003F178
S2140275C00E01484689B20FF0C6FB002870D0002391
S2140275D04946079A009317A80E2311F00CFF50464F
S2140275E00DF15D010CF0D4FA9DF869300B9004930E
S2140275F09DF85C30282B5BD10DF16100FBF7AAFDEC
S2140276000F90002854D104980EF0B6FF0F9B002866
S21402761066D1314B049A1B78D31A1C0648D404F060
S21402762059F950453CD111F008FD2C4E05463468F8
S21402763024B104F055F92C1B844239D30023FF22CF
S21402764019461846FDF75EFA356031E04FF6FD76CC
S214027650FBE64FF6FF70301A18BF012000223146B3
S214027660400011F098FD0C2D0DD12146012001F0AD
S2140276707DF800283FF4CDAE214600201DB0BDE8BF
S214027680F04FFDF7D3BF2DB920461DB0BDE8F04F31
S214027690FEF79CBA042D7FF4BCAEE5E61B025CE75F
S2140276A004F018F9022803D104F0F6F80028BAD03C
S2140276B000221920039911F06EFDAAE6BF5B002096
S2140276C0675C00206E550020404F00204255002087
S2140276D0645C0020BB5B0020BA5B00205050002098
S2140276E010214846079ACDF800A00EF095FD002816
S2140276F0DED0BB4B049A1B78934240F0AA800399D3
S2140277000DF1610214A811F01DFB012114A8FBF76C
S214027710F5FA824648F2030114A8FBF763FBBAF1B6
S214027720000F03D0082114A80CF0D5F948460FF034
S2140277305DFB03990DF16100FCF72AFCFE288246E8
S214027740B6D0FF280AD1039811F039FEFF288246E8
S21402775000F087800DF16101FCF7F4FAA04B049A61
S2140277601B78934200F0A38050460B99FCF7F6FB79
S21402777000283FF44EAE50460B99FCF701FC2378E6
S21402778098070FD148460FF013FB0146484606F00D
S214027790DDFA00F00300012804D103980DF161011F
S2140277A0EFF7C2FFBDF846000DF0EBFA010440F118
S2140277B08580204611F026FD40F4007189B22046ED
S2140277C011F022FD00224FF40041BDF846000DF0F4
S2140277D0C9FADDF81490012310220093BDF8461072
S2140277E00E980DF1450309F087FC00283FF411AE10
S2140277F0032866D1204611F005FD40F4007189B2D7
S214027800204611F001FD304611F0F3FD002840F04D
S214027810B680DDF81490B8F1010F40F0B680032070
S214027820BDF8461000F0A2FF002840F0AE802946C0
S214027830BDF8460006F08AFA0F2801467FF6E9AD43
S2140278404FF6F7739F423FF6E4AD30460EF001F96D
S214027850DFE55046049903F085FA00287FF44FAF1F
S21402786026E7237803F00303012B08D148460FF0DE
S2140278709FFA0146484606F069FA082892D0594B04
S2140278801A78594B1B789A4209D20DF16101039876
S214027890FCF70CFA039811F092FD82465EE7A01CF4
S2140278A011F0B0FC4FF6F7739842EED900E7504657
S2140278B0FCF7CEFB00283FF457AF5CE74FF0000919
S2140278C089E7304611F095FD0028A4D0099B002BCD
S2140278D057D1B9F1000F52D1B8F1010FBDF84600E9
S2140278E09DD0294606F032FA8246DFF8089199F8CA
S2140278F00030002B54D00DF0CFFC87427FF489ADC8
S214027900B8F1010F7ED1BAF1070F75D8BAF1050F9B
S2140279107FF67FAD354B1B78022B02D0043B012B42
S21402792003D899F80030002B41D00C9B9A0640F100
S214027930B4800D9B002B40F0AC80304611F050FD19
S214027940FF2840F0A6805E457FF463AD069B002BC1
S21402795000F09D8012AB46F204020124ADF85C20D2
S2140279600193214602233046009417AA0FF0FCF931
S21402797000283FF44EAD21460DF080FD49E5DDF8C6
S214027980149030460EF0B6FF45E72946BDF846008D
S21402799006F0DCF9099B824613B9B9F1000FA4D0B0
S2140279A0124B1B78022B02D0043B012BBDD830466B
S2140279B000F0E4FA814600287FF42BAD0DF06CFC53
S2140279C0864225D10A4BB3F868400DF065FC4B465B
S2140279D001460D222046CDF800900EF09BF918E5E0
S2140279E0BA5B0020B95B002097650020BF5B0020D1
S2140279F0404F0020BB5B0020AAF10E03DBB2012B36
S214027A0088D906E50AF00303012B7FF402AD81E76D
S214027A10304611F0EEFC58B90DF05BFC4FF6FF73E2
S214027A20984205D011F0FCF910B93046FCF7E4F89C
S214027A30304611F0DEFC88B10DF04BFC4FF6FF73BA
S214027A4098420BD011F0ECF940B9B8F1010F02D10F
S214027A50BAF1060F02D030460EF04BFF069BA3B9D2
S214027A601946012258460EF0BDF8814600287FF4DA
S214027A70D0AC20460FF0D9F94A46014638460EF0F9
S214027A80B1F800283FF451AFC3E412A9E9E7069B18
S214027A9061E7637823F0200363704FF6FC739F421E
S214027AA03FF4B7AC4FF6FD739F4204D1B34B1B783D
S214027AB0042B3FF4AEACA3790BB1013BA371637800
S214027AC05B0727D50023584617AA14A917930EF06A
S214027AD0F1FE1798F0B10EF0E6FE8146384611F038
S214027AE07FFC179A0146137903F03000102806D05F
S214027AF003F00C0008281CBF23F00C031371137943
S214027B0003F03303202B05D1FF2903D00122484678
S214027B100EF0D8FE304611F063FCFF281EBF00228E
S214027B20974B43F82020089B03F001094FF6F773A2
S214027B309F4200F2F980B9F1000F40F00181314610
S214027B4058460DF019FF0DF0A7FB874200F0C680DD
S214027B50384611F04EFC002841D0B8F1010F27D16B
S214027B60BAF1010F17D14A462946BDF846000EF073
S214027B70ACFE384611F03DFC824B1B78002B72D1CE
S214027B80584611F036FC002866D1384611F031FC12
S214027B90002861D13DE4384611F02BFC50B3BAF10F
S214027BA0030F27D12946BDF846000EF0EBF830E465
S214027BB0384611F01EFC38460EF0B4FE002847D0B8
S214027BC0002339465846BDF8462001F061F90028E0
S214027BD03ED00021BDF84600FEF7C6FE19E4384640
S214027BE011F007FC18B1B8F1010FD8D0E3E7B8F1ED
S214027BF0010FE0D1634B1B78002BC1D0BAF1050F01
S214027C0031D10DF049FB8DF85C000DF045FB000A02
S214027C108DF85D000123022217A90DF14600FAF73E
S214027C2075FD00287FF4F5AB691C89B2BDF84600E5
S214027C3006F07AF80378013303706378590715D48F
S214027C400DF02AFB834522D0002239461C2032E55D
S214027C504C4B1B78002B93D0B8F1010FCED0637833
S214027C605A0714D502E06378580718D5BDF846407F
S214027C7020460FF05FF8411C89B2204606F054F801
S214027C800378B8F1010F03F1FF33037004D0BDF897
S214027C904600FEF78DFF09E0BAF1050FD0D0BDF819
S214027CA04600FEF785FFBAF1030FCDD00228CBD1EE
S214027CB00021584617AA0EF000FE30B1037946801E
S214027CC003F03C0343F04003037100232E4A009363
S214027CD03946584612780EF01DF8B5E7B8F1010F8E
S214027CE07FF477AF0AF1FF330C2B00F2868001A2F5
S214027CF052F823F0557D0200557D0200A57B020056
S214027D006B7D02008D7D020013740200B17D0200BD
S214027D10C17D0200CD7D0200CD7D020013740200FB
S214027D20E37D0200EF7D0200B8F1010F71D0B9F1D8
S214027D30000F08D1BDF84600FEF7AEFFFFF769BB9D
S214027D40B8F1010FCED0237A03F00303012B7FF4A0
S214027D5060ABEFE7AAF102035A422946BDF8460095
S214027D605A410EF0B2FDFFF754BB2A465846BDF8FC
S214027D704610FEF71FFCFFF74CBB00BFC05B00209F
S214027D80084000209B650020BE650020691CBDF8E7
S214027D90460089B205F0DAFF0235EDB20246BDF8BA
S214027DA046305846009512A906F0D4FDFFF731BBBF
S214027DB001200A9ABDF84610FDF71AFBFFF729BB09
S214027DC0BDF846000EF087FDFFF723BBBDF8460060
S214027DD0FEF732FDFFF71DBBBDF84600FEF72CFD91
S214027DE0A8E7BDF84600FEF70BFAFFF712BBBDF890
S214027DF046000BF0A5FEFFF70CBB2B46224650466C
S214027E00BDF846100BF072FE00287FF402AB514616
S214027E101BE50AF1FF330C2B3FF6FBAA01A252F830
S214027E2023F000BF557D0200557D0200A57B0200AF
S214027E306B7D02008D7D020013740200B17D02008C
S214027E40C17D0200D97D0200D97D020013740200B2
S214027E50E37D0200EF7D020010B5002111480DF00F
S214027E60EEF80446E8B10DF012F80F4B18702046F3
S214027E700DF012F80D4B187020460DF013F80C4B4F
S214027E80187020460DF013F80A4B1860012011F006
S214027E90D8F82046FFF758FABDE81040002011F047
S214027EA0D0B810BD20550020655C0020645C002020
S214027EB0635C00204850002070B5144E04463368B8
S214027EC00D46BBB10CF067FF0C2813D120460DF00F
S214027ED052F809220021044610F0B8FC235C042B59
S214027EE008D10B4C25B10B4B22781B789A4203D350
S214027EF000232370002070BD0748316810F052FE40
S214027F002378012001332370F5E700BF4C50002090
S214027F10665C0020BD6500206C640020014B93F96E
S214027F200100704742550020014BB3F868007047C5
S214027F30404F002070B500240D4D2C70EFF706FA66
S214027F40E6B2B04208D800220A4B1A700A4B1988C9
S214027F5001B11A80012070BD304611F047FAC307FE
S214027F6048BF2B7804F1010444BF01332B70E5E7C8
S214027F70B85B0020B15B0020F454002038B50B4BF0
S214027F8005461B7873B101335C08094B188810F05C
S214027F901DFD002330F81320AA4205D00133DAB2C1
S214027FA0A242F7D3002038BD0120FCE7B15B0020D7
S214027FB0F454002030B5054685B008460C4611F04C
S214027FC011FAFF280CD00DF0C2FD01220021034653
S214027FD0CDE90112009221462A460720FCF7F6FB5D
S214027FE0284611F0FDF9FF2804460FD011F0FEF9DD
S214027FF0C2070DD5204611F0F9F9830708D40B4ABB
S21402800032F8143043F4806322F8143005B030BDE1
S2140280100DF09DFD012200210346CDE901120092DA
S21402802007202A46FCF7D2FBF0E700BFF0540020F8
S2140280304FF6FA72431E9BB2934270B504462AD894
S214028040FFF79CFF38BB194B1B78042B23D0204626
S21402805011F0B5F9FF2801D0FBF7FEFC20460EF022
S21402806024FC08B10EF01BFC2046114E03F0ACFEB9
S21402807020460BF0DCF831780E4D69B1288810F0F6
S214028080A5FC054601461E220230F2F70BFA2C80AA
S21402809033781E2B07D970BD202010F00BFD2880E8
S2140280A00028EBD1F7E702333370F4E7C05B002019
S2140280B0B15B0020F4540020044A13782BB1013B34
S2140280C0DBB213700BB9024A13807047B15B002013
S2140280D0F45400200148FAF7D5B800BFF454002043
S2140280E02DE9F047804617460D468CB061B903AEBF
S2140280F000211B4811F0EAF84FF000090446DFF8A9
S21402810060A01CB920461DE00E46F1E7002221467B
S21402811024233046CDF8009011F06DF9082241462E
S2140281203046F2F7B9FCA8B9337C9BB96FB945B9AA
S2140281302A4621460A480CF0A1FF0A4A1388013B48
S214028140138001200CB0BDE8F0873B88B28953400B
S2140281505B06ECD52146504611F0DCF80446D0E723
S2140281605655002054550020024B1888003818BF78
S21402817001207047545500202DE9F04330488DB059
S214028180FAF770FB10F059FF2E4D2B68C41A4FF405
S2140281907A73B4FBF3F4A4B214B110F04EFF286065
S2140281A0294F4FF6FF763B88DFF8A080ADF80A30FD
S2140281B000233B8000210DF10A000CF040FF05462B
S2140281C058B9224B1B882BB14FF47A711C48714365
S2140281D010F0E8FC0DB0BDE8F0834FF00009242350
S2140281E04A462946CDF8009003A811F004F9BDF8D6
S2140281F01A30A34294BFDB1A1B1B9BB2ADF81A308F
S21402820063B9BDF818301B0602D508980BF07CFA45
S214028210B8F80030013BA8F80030CBE79E4228BFF2
S2140282201E4601234A462946009303A8242311F03A
S214028230E2F84A462946384611F04EF8BAE700BF39
S214028240EC40002054500020565500205455002083
S214028250F0B504462E4A8DB01068516801AB03C3D0
S214028260A378012B4FD1162200210DF11A00F2F746
S214028270C7F8D4F82110D4F81D0003AB03C3238833
S214028280190644BF62680892DA050BD5221D08AEAD
S21402829004F11407354610685168083203C5BA421D
S2140282A02E46F7D1ADF8183013F0040318BFA369B1
S2140282B00593EFF763F80023ADF81A00082201A928
S2140282C003A88DF81C30F2F7E7FB18B106A903A83D
S2140282D00DF0D8FE0022242103A80CF067FE044607
S2140282E098B10020FFF748FF00222146094810F007
S2140282F0F3FF094A0020138801331380FFF73CFF7F
S21402830000200DB0F0BD0220FBE71920F9E700BF00
S214028310F4B803005655002054550020F7B504461D
S21402832000200E46FFF728FF104B1B88A34202D8F8
S214028330212003B0F0BD00210D4810F0C7FF002534
S21402834001460B4F0029F3D0A54208D1002424236E
S21402835022463046009411F04EF82046E9E73846A9
S21402836010F0D8FF01350146ECE700BF5455002057
S214028370565500200148F9F785BF00BF5655002024
S214028380014B1888704700BF5455002070B50C4644
S21402839011460E4A23781278064613F0200542EA62
S2140283A00302227018BF611D0822F2F77BF8002D27
S2140283B00CBF05200D20D4F80130B3602378337348
S2140283C003F01803082B08BF013070BDBB5B00200A
S2140283D0042307B501200DEB0301054AFAF7BCFAA0
S2140283E0019B044A1B03136003B05DF804FB00BF45
S2140283F063E51100B041002010B5064C2368C3F3B4
S2140284000B0313B90448E3F739FC2068431C2360C6
S21402841010BD00BFB041002063E51100014B186893
S214028420704700BFB041002007B50020054B064A42
S214028430186004230DEB03010190FAF78DFA03B0DE
S2140284405DF804FBB041002063E511007FB51123FF
S2140284500A4A012001A9FAF77FFA094B9DF814206F
S2140284601A70084B1B780BB1052B05D10AF0ABFE30
S214028470012007B05DF804FB0020FAE779EB010063
S214028480BA5B0020BB5B00202DE9F04F0646CBB05E
S214028490884600880121174610F0D0FA2E4B3A463D
S2140284A03188ADF8160006A80DF08BFE0DF1280BEC
S2140284B05A464146C41930880DF00DFEE4B208EB68
S2140284C00003A34208BF044605464FF004091CBF3A
S2140284D0A4EB0804E4B223465A460121CDE900097A
S2140284E00BEB050ACDF808B02D1B06A8EFF776FBB6
S2140284F0EDB20BEB04030093019523465A46414620
S21402850030880DF016FE34883946204605F01EFCEB
S214028510394600F0F802204605F02CFC012130888E
S21402852010F08CFA01234A46514680B10DF116002E
S214028530FAF7ECF801210446BDF81620308810F050
S21402854091FAB4FA84F040094BB0BDE8F08F304699
S214028550FAF7DCF80446F4E7425C00202DE9F04F17
S214028560C9B0044688469246C118224A04A81F4645
S214028570FFF70CFF4FF00409C519EDB208AB0293E2
S214028580A5EB0A0BA8EB0A035FFA8BFBA8EB050622
S214028590DBB2F6B204EB0A02009301215B46CDF889
S2140285A0049004A8EFF71AFB06F590730DEB03028E
S2140285B05A44A2F58072136808A844F80830E35DAE
S2140285C0324623F00703E3552C442146F2F7A8F877
S2140285D008ABCDE9019308AA00230121009604A85E
S2140285E0EFF7FCFA3246204608A9F2F799F849B0A6
S2140285F0BDE8F08F425C0020F8B506460EF0AEFCF1
S214028600811C054689B230460EF0A5FBF0B1EDB1ED
S2140286102946304605F09AFB1228074616D80C4B18
S214028620691C1C5C89B2304605F090FB2C44052F71
S214028630E4B205D1052809D8064B1B5C1C44E4B2FB
S21402864021463046BDE8F8400EF085BB0020F8BD56
S2140286501A7D0400147D0400F8B505460EF0A8FB4A
S214028660044628460CF087FCA11C074689B2284619
S2140286700EF071FB00283ED0002C3CD02146284646
S21402868005F064FB0646611C284689B205F05EFBCF
S2140286900F2E30D8194B9B5DE118731E89B2092B39
S2140286A00ED8DFE803F009050D0D120D0D181E1E7B
S2140286B0C40644BF083189B2820601D5083189B2A0
S2140286C02846BDE8F8400EF046BB7B78DB0612D59E
S2140286D001EB4001F3E700F01F0000EB400001440D
S2140286E0EDE71F2805D8092E0ABF4000022080B2F7
S2140286F0F5E7C828E4D00020F8BD00BF2D7D0400B1
S214028700F8B506460CF037FC09220021054610F0A3
S2140287109DF800F11004284610F074FDE4B20746F6
S2140287202146304605F012FB0546304610F06AF93F
S214028730BA05A0EB0403DBB20AD47C2D0AD0082DBE
S2140287400AD8064A505D98428CBF00200120F8BD28
S2140287501220F8E70320F6E7FF20F4E73E7D040048
S214028760014B1878704700BFBF65002038B5114B23
S21402877004461B7808469BB9012038BDA24205F183
S21402878001050FD103EBC1035B6898470028F3D1BC
S2140287901E2022464FF6FF7110F0FDFC0020ECE78B
S2140287A00025054BE9B213F83120002AE6D114461B
S2140287B0EEE700BFBF650020E47C04004FF6FF73BF
S2140287C007B502220DF106010348ADF80630E3F7BD
S2140287D091FA03B05DF804FB603202E0002307B5AD
S2140287E0ADF80430134B984221D10B88DA0703D533
S2140287F0232003B05DF804FB9B0748BF4FF47F437A
S2140288004FF002020C480DF1060148BFADF80430E5
S214028810E3F744FA4FF6FF73BDF806209A42E7D113
S2140288200222054801A9E3F765FA0020E1E72120C4
S214028830DFE700BF1FD1BACA603202E0002313B5D9
S2140288400222038004460DF106010F48E3F726FADA
S2140288502D2801D0112805D14FF6FF73ADF806304A
S214028860FFF7ACFF9DF80630BDF806201BB1238843
S21402887043F0010323800020FF2A82BF238843F0AF
S2140288800203238002B010BD603202E0034B1B7865
S214028890002B14BF442056200E307047BB5B0020CE
S2140288A02DE9F04F8DB0179C06468946CDE9022386
S2140288B0BDF85870D588ADF816103CB9EC0605D54B
S2140288C000970AF0B1FD0DB0BDE8F08FC5F3802425
S2140288D02B054FEA043448BF44F40064A80511D5BA
S2140288E044F080040A2E00F26981DFE816F09A004E
S2140288F02F001700370067016701370010009A0043
S21402890037009E00E90548BF44F04004EAE74FF00E
S21402891001084FF0020B4FF0000A14E008A95FFAB4
S21402892089F00DF08AFEDDF82500DDF8291006AB89
S21402893003C3A44B33F81930ADF816304FF00008D5
S214028940C3460DF1180A002F5DD125E006AA0DF1E7
S21402895016015FFA89F003F017FAEFE74FF6F7739E
S214028960994540F22B8115F4026F40F02781964B11
S2140289701B78022B03D0043B012B00F2218147BB5C
S214028980032E4FF001080CBF4FF00C0B4FF0080BF4
S214028990BA4624F4C074A4B28C4B18884FF6FF7300
S2140289A0984206D08A49FAF767FB10B124F480543D
S2140289B0A4B2039B38460093BDF81620534644F4EF
S2140289C0027105F0EBF9ADF82000002838D1192025
S2140289D079E7384610F016F80246FFF757FF032EDF
S2140289E008BF0138824201DD38206CE7032E4FF0C3
S2140289F001080CBF4FF00C0B4FF0080B4FF0000AAB
S214028A0024F4C074A4B2029B1B889BB91A4639464A
S214028A100620009308F093FB0028BDD140F60140E3
S214028A2051E74FF00008C34675E74FF001084FF0D4
S214028A30030B70E7002339461A4607200093E9E73E
S214028A404FF6FF73614A118899421CD00CF093FAD4
S214028A5003465E4A04301188039310F0D5FB5D4945
S214028A60039B097814F4805FD9715949574A1FBF8E
S214028A70086898604868D8604FF6FF7313804FF016
S214028A80FF330B604B605946029A08A805F03AFA83
S214028A9000289CD0504C2378002B3CD1A7B13846F6
S214028AA00FF0B0FF0746BDF820000FF0ABFF2378AB
S214028AB00744002B14BF12220022EB1003F004031B
S214028AC017443B44842B8FDC15F400570AD0BDF8BC
S214028AD0204020460CF055F940F4806189B22046C9
S214028AE00CF03AF9A6F10803012B05D80122102151
S214028AF0BDF820000CF036F9179BBDF8204043B3B2
S214028B002046BDF816100CF080F9BDF82030179AF2
S214028B1000201380D7E6AA06C0D56B0103F0200317
S214028B200A2E14BF43F0010363F07E03DBB2B8F1F2
S214028B30000F08D000215246009108A800F082FEDD
S214028B400028ABD0BFE61A46514608A80DF064FCD2
S214028B50F6E720460EF02CF9179B02462146042023
S214028B60009308F0ECFA00283FF458AF0A2E18D803
S214028B704FF4D963F340DB0713D5072E0AD00A2E2B
S214028B8008D0BDF820000CF007FF80F00100C0B24C
S214028B90800098E608A80AF0B6FF0028F1D0042064
S214028BA091E617B125F04005ADB22B463146BDF829
S214028BB020005FFA89F201F07DFE84E6012082E65B
S214028BC0162080E624540020BF5B00204665002065
S214028BD0C0650020725C0020BB5B0020F7B50F4624
S214028BE09DF828100446DDE90B061D46F1B94FF63E
S214028BF0FF739C421CBF174B1C804FF000041CBF27
S214028C00154B1A70BDF8240005F012FA00232A4606
S214028C10CDE90043394606209DF82030FFF740FE96
S214028C2010B90EB1AB7A337003B0F0BD78B14FF61F
S214028C30FF739C421FBF074B1C80074B1A70002213
S214028C400CF0B4F904460028DCD11920ECE7212008
S214028C50EAE700BF46650020725C00202DE9F04777
S214028C6088469DF82810074616461D469DF820A001
S214028C70BDF824900B9839B158B300220CF096F93F
S214028C80044610B9192025E00C464FF6FF739D42A4
S214028C901FBF114B1D80114B83F800A04FF6F773D0
S214028CA09E4208D80E4B4FF6FD761A784FF6FF73A3
S214028CB0002A18BF1E46484605F0BAF900233A466F
S214028CC0CDE9084331464346BDE8F0470320FFF7A7
S214028CD0E7BD2120BDE8F08746650020725C0020D3
S214028CE07C5B00202DE9F04786B09DF8386005468B
S214028CF0DDE90FA80C4617469946B6BB374B1B78DC
S214028D00022B1DD125BB4FF6F7739C4214D80026C2
S214028D10484605F08DF900233A46CDE90063214620
S214028D20FF232846FFF7BCFD38B9B8F1000F04D080
S214028D30BB7A88F8003000E0012006B0BDE8F08774
S214028D40043B012BDED908460AF0DAFE10B31DB347
S214028D50022D31D1EEF7F4FAA042EDD9204B33F8CA
S214028D6014204FF6FD739A4219E0BAF1000F32D082
S214028D701A4B1B78022B05D1FFF788FDB042E6D2CC
S214028D803820DAE7043B012BF6D908460AF0B8FE8B
S214028D900028F1D11620D0E74FF6F7739C42CBD8C5
S214028DA0002EB4D03146002250460CF0FFF806469C
S214028DB00028ADD11920C0E7012DBDD104AA0DF1BE
S214028DC00E01E0B202F0E0FF064B1B78A342B3D9D5
S214028DD0BDF80E20C5E72120AFE700BFBF5B00202D
S214028DE0245400209165002030B5104B87B005460C
S214028DF00C461868596803AA03C298680C491060A2
S214028E009A88DB8852BA23F04003ADF8123000236A
S214028E10CDE90043ADF81020FF23098803AA0720F6
S214028E20ADF80E50FFF73CFD07B030BD625500208E
S214028E306E55002038B50C461146124A124D108067
S214028E4022682A6062686A60A268AA60E28850069F
S214028E5016D5EA88520613D561B1002218460CF0E0
S214028E60A5F8014650B16088FFF7BEFF0522074B02
S214028E701A7038BD08460DF0DCFEF2E71920F5E759
S214028E800220F6E76E55002062550020825C002024
S214028E902DE9F04F074689B0104615461C468A460D
S214028EA00DF086FF0146284604F050FF0646284687
S214028EB00CF061F8043010F0A5F980460CF0ECF9DD
S214028EC0804550D0B2074ED1DFF8AC80284605A9BF
S214028ED0B8F800B00EF053F89DF81930A8F80070F4
S214028EE003BBBDF81430EBB928460CF044F8023048
S214028EF010F088F94FF6F773984294BF4FF00009C6
S214028F004FF0010901230134E4B22A463846CDF86F
S214028F10009005A9039303F001FC039B40B90133BB
S214028F209C421ED20020A8F800B009B0BDE8F08F1F
S214028F30022CF8D1012BF6D10C4A0D4BA3F800A057
S214028F401378591C11700B4A7F3B16F00C011370F4
S214028F5007D1BDF81A305B0603D5BDF81600FFF739
S214028F6043FF0223D1E70020DFE700BFBD5B0020FE
S214028F7046650020725C00206E5500202DE9F04FF9
S214028F80ABB00F46ADF81E000BF0F5FF00F1020A7B
S214028F900646504610F036F9BDF81E4005462046F5
S214028FA00DF006FF0146204604F0D0FE814600F092
S214028FB00308301D10F026F9414C20800CF06CF9A5
S214028FC0A8422DD04FF6F7739D4229D87378DA0758
S214028FD026D428460DF0A6FC30B101232946BDF85A
S214028FE01E202088FFF754FF0CF056F9344B1B88DE
S214028FF083420FD1BDF81E4020460DF0D9FE014631
S214029000204604F0A3FE10F00C0103D1BDF81E00AA
S21402901001F00EFD00222B4B1A602BB0BDE8F08F3C
S2140290202949BDF81E000DF0AAFF2849BDF81E000A
S2140290300DF008FF0028254B08BF0023214ABDF883
S2140290401E0013600BF023FF214B1870BDF81E00A4
S2140290500BF022FF1F4B1870BDF81E000BF027FF07
S2140290601D4B186000238DF82230002F3AD0164B85
S214029070DB889B0636D5194B1B689D071ED4B8F1B4
S214029080010F14BF082318230DF1220200920022BA
S2140290900DF11E00114600F0D5FB18B3B8F1010F12
S2140290A0A2D10F4B1B78112B9ED10DF054FA00283B
S2140290B09AD140F61D40FBF70FFB95E70823E3E73E
S2140290C06E5500205C500020625500206A5C00202D
S2140290D0655C0020645C002048500020C0410020EF
S2140290E0BF5B0020504610F08DF88246BDF81E0089
S2140290F00FF088FCA0F11005EDB22A4631460AA808
S214029100F1F70EFBFF238DF82F304FF6F7739A45D3
S21402911040F2DF80B8F1010F00F0E780B8F1020FED
S21402912000F04681B8F1000F7FF45EAFA44DBDF8A3
S2140291301E00EB88ADF8240004930BF01CFFBDF86C
S2140291402460074630460DF033FE0146304604F0F2
S214029150FDFD8DF82300B81C7E7810F053F8074604
S2140291600CF09AF806F00106B4F8009003906C88AA
S214029170002E7FF439AF4FF6F77A424649465745F6
S2140291808CBF0620082010F006F8BDF824B058461A
S2140291900DF00EFE5946024643460420CDF80080E6
S2140291A007F0AAFF574583460AD8B5F90620EB888A
S2140291B0002A05DB580603D541462046FFF714FE73
S2140291C0BBF1000F3FF410AF2B88002B5AD16B79FE
S2140291D0002B57D14FF6F7730DF126019F42BDF8CB
S2140291E0240094BF4FF0000B4FF0010B0DF084FAF1
S2140291F0DFF8D8A100F1FF38BAF800301FFA88F17C
S2140292000593EB88BDF82600069304F09FFD069BA7
S21402921004990190009322465B460598C1F34011DB
S2140292200AF07BFC00283FF4DFAE042306200093FE
S214029230BDF82610624B5FFA88F207F05DFF002841
S2140292403FF4D2AE48F202036A889A4205D1BDF8CC
S2140292502410BAF8000000F025FF594D09AA294645
S2140292600DF123000AF057FC034600287FF4BCAE3B
S2140292702104BAF80000BDF8242060D5234629460A
S2140292800DF04FFA9DF823304D4D03F00C030C2BD6
S21402929075D128890DF010FA00283FF4A5AE039B7D
S2140292A0002029894B4514BF0226032602F044FCFF
S2140292B0444B18704FF6F7739F42BDF8240075D8DA
S2140292C0A4F138025342534132463D4904F036F87F
S2140292D08AE6B8F1020F6BD0394BB3F90630002B91
S2140292E026DAB8F1010F7FF41DAF0BF0D5FF238805
S2140292F083423FF479AE0520BDF81E10FFF736FA1A
S21402930000283FF471AE2E4AD3885B0607D50023A9
S214029310CDE900330A20FF232188FFF7C1FA3A4637
S2140293209DF822302188BDF81E0002F01DF85BE68B
S21402933029460AA800F070F80028D2D054E6022186
S214029340DFF88C8088F800102946CDF800B003F0CC
S214029350E5F9132C96D0EB885D0493D41A4B1B7850
S214029360D80703D598F80020022A8BD099077FF5F4
S2140293703BAE98F80030012B7FF436AE82E700222F
S2140293802B79124800936B791146008802F0FCFB99
S2140293900C4B18709DF8233003F00C03082B89D170
S2140293A0039B4B4514BF0426052683E701238BE760
S2140293B04846BDF81E20024901F0AEFA14E600BF88
S2140293C062550020815C0020805B00206E550020E4
S2140293D0735C002010B5002108480BF030FE0446EE
S2140293E050B101460420FFF7C1F928B12046BDE876
S2140293F010400121FFF7C2BD10BD00BF525500202C
S214029400034BFF211A7803489200F0F7F9BF00BF1A
S21402941092650020783E002070B5451804464FF04D
S214029420FF31AC4212D1104B10481A780546002381
S214029430934211DB0E4C2078431CB3FBF2F602FB80
S214029440163345F82010237000200CE014F8010BA8
S214029450E1F7A4FD0146E4E750F8044BA14201D02F
S2140294600133E5E7012070BD92650020783E0020BA
S214029470745C0020042307B501200DEB0301054AA6
S214029480F9F76AFA019B044A1B03136003B05DF8FE
S21402949004FB00BF23E1110058500020014B18685E
S2140294A0704700BF58500020014B1868704700BF35
S2140294B05850002010B5064C2368C3F30B0313B9AB
S2140294C00448E2F7DBFB2068431C236010BD00BFA4
S2140294D05850002023E111002DE9F04F93B003937A
S2140294E00023DDE91C79069399F8003083460DA81F
S2140294F004930E46154609F09EFF99F8003013F0C5
S21402950003043ED0039B0DF1250A8DF82430002279
S214029510082138460BF04EFE002870D028880BF043
S2140295202AFD99F800301C074CBF043002300FF0B9
S21402953069FE07A98046F9F79FFB9DF8243004468A
S214029540980633D5288806F10D010DF004FCA8B163
S21402955000230093384608232988721D0FF04BFF1C
S21402956099F8003003F01803182B4AD1B8F1000F0F
S21402957047D0A94BB3F86830434542D040F60A4379
S21402958027E02888711D0DF0E6FB0028F6D000942F
S21402959005233246298809A80FF02DFF9DF82430AE
S2140295A00DF1240A03F018030393B0E714BB3946FF
S2140295B04046F9F761FD0028D2D099F800309907A5
S2140295C0DCD040232246214640460DF051F940F6B3
S2140295D0094399F8002012F0030440F0F780288827
S2140295E003930BF02BFC224601461A200FF0D3FD04
S2140295F0039BEBE007AB03CB38607960B0E74FF62E
S214029600FF780AF06DFA044620B104213846F9F7CD
S2140296104FFB04461E9B002B5AD009231E990DA809
S2140296208DF834300AF081F8209B0BB1209B06930C
S214029630039B002B40F08E800DA8EEF731FB99F8C5
S21402964000309A0700F09880FFF734FF5146024632
S21402965001200AF08FFA99F800309B0710D5594678
S21402966028880DF052FC0BF1090350FA83F35FFAD7
S21402967083FB594628880DF01FFC00EB0B06F6B25A
S21402968099F8003013F0C20F0AF104030DD09DF8CA
S2140296902420624942F020028DF824200A68CAF883
S2140296A004204A685A600AF10C03012209A80092B3
S2140296B01B1A324629889BB20FF09DFE3246594647
S2140296C02846FEF7E1FE002800F0A48000237DE095
S2140296D01F9B5BB19E460DF1340CBEE80F00ACE852
S2140296E00F00DEF80030CCF800309DE7049B5946A8
S2140296F003F020032888049304F028FB10F0030FDD
S2140297000CBF012300230593049B059A003B18BF58
S214029710012342EA430300930DAA06AB38461F997B
S21402972000F0FEFA049A034682B1002880D0059B18
S2140297300DAA0093384606AB1F9900F0F1FA0346CD
S21402974099F8002022F0200289F80020002B3FF42E
S2140297506FAF3EE7039B102B06D1BDF8363043F0C1
S2140297600103ADF8363067E7039B182B4FD1BDF8DF
S214029770363043F00203F4E701200DF125010AF02A
S21402978007FA99F80030824613F0040F288821D190
S214029790069B1BB3002C35D00BF050FB0022014673
S2140297A016200FF0F8FC84B17FB14FF6FF73984590
S2140297B00BD000230DA91A4638460AF0C7F83946D8
S2140297C040469DF835200AF0A1F90123184613B049
S2140297D0BDE8F08F002CDFD1104F01E0002CDBD16A
S2140297E000233246009359463B460CF015FD0028EE
S2140297F03FF4C4AE002C3FF469AF069A0AF10103A7
S214029800136063E71B685345C6D80124E8E740F6B1
S2140298100A43DBE71923D9E7404F0020425C0020C9
S214029820002307B5054A0648136004220DEB020121
S2140298300193E2F75FFA03B05DF804FB585000208C
S21402984023E111002DE9F04F0446B1B000888DF8EF
S2140298502F3016468A460DF0ABFA0146814620881E
S2140298600DF02AFB00EB090820880DF077FB002399
S2140298709DF82F505FFA88F815F001070790ADF8AB
S214029880363008D101460DF1360220880DF01DFA59
S21402989008B1ADF8367016B9CDE90E660EAEFEF713
S2140298A063FC18B145F020058DF82F500023CDE952
S2140298B0033302930DF12F03CDE90063224653468C
S2140298C041464846FFF708FE0546002800F0438159
S2140298D09DF82F3013F0010746D1B44A23F0200337
S2140298E0106851688DF82F3010AB03C3184600F08D
S2140298F0FBF90546FEF744FDBBB2984200F2B7807C
S2140299003A9B13B100233A9A1370BDF83630CBB1A6
S214029910012120880FF092F827880546002800F0DB
S2140299204F81012138460FF089F8BDF8367005469A
S21402993038460FF067F8002300903A461946284644
S2140299400DF046F90023CDE9033302930DF12F0300
S214029950CDE900632246534641464846FFF7BCFD22
S2140299600546002800F0F7809DF82F3003F011031B
S214029970102B40F003818E4B1B78432B40F0FE8069
S2140299808C4B1B685B0640F1F980208808F10501C4
S2140299900DF0E1F98346002800F0F0804146208869
S2140299A004F0D4F9844B10F0200F08BF1E4612A80C
S2140299B000F09AF90822314612A8F1F76DF800284D
S2140299C000F00E81314612A80AF069F8012326AE8D
S2140299D000933246002314A912A800F0A1F9002829
S2140299E040F0CC8012AB0DF12F07CDE90360029058
S2140299F0009322465346414648460197FFF76CFDC0
S214029A00002800F0EF80BDF89A30102043F00803DB
S214029A1018AA14A9ADF89A300CF0D5FA002840F02E
S214029A20AD8012ABCDE90360CDE90170009322460A
S214029A30534641464846FFF74FFD0546002840F08C
S214029A409D8018AB4FF49071002012AA00F0D4F853
S214029A504FF0005100200CF033FDBBF1000F00F078
S214029A608C804FF0805100200CF02AFD85E018AB68
S214029A7014AA26A9F8B209F0BEFF002840F0948086
S214029A80082210A927A8F1F707F88346ADB19DF87A
S214029A90A53013F0020F08930FD0082212A927A8A8
S214029AA0F0F7FAFF48B9089B590706D53A9B13B157
S214029AB001233A9A1370089507E03A9B002B61D16E
S214029AC0BBF1000F70D1002308930DF1740C14AB98
S214029AD00FCB8CE80F00BDF83630CBB101212088C1
S214029AE00EF0ACFFB4F800B000284FD00121584663
S214029AF00EF0A4FFBDF836208346104609920EF0FB
S214029B0081FF00231946099A009058460DF060F826
S214029B102A4B0DF1740B0493002303930DF12F03CC
S214029B20CDE900632246534641464846CDF808B082
S214029B30FFF7D2FC002837D1002D33D012AA5B469D
S214029B404FF482714FF4005000F056F8089B13B1A0
S214029B5026A809F06BFD174B1B689A070DD4FEF773
S214029B6003FB50B1114A18AB1068516803C30022B8
S214029B7026A918A80CF04AFA68BB0025284631B078
S214029B80BDE8F08F00233A9A137099E7BDF83620A5
S214029B900A90104609920EF035FFDDE9092307996F
S214029BA00090B2E72A46CAE70137A3E6F4B80300F4
S214029BB0BF5B0020C0410020AA4F0020BC4100200D
S214029BC0BDF836B058460EF01DFF2B4600905A469A
S214029BD038460799B4E626A918A80CF053FAC6E741
S214029BE08346F3E614AB2DE701461A230120014A09
S214029BF0F8F7B2BE24E10100F0B5164691B007466A
S214029C0009A80D461C46FFF7EFFF3EB1336845F044
S214029C104005CDF826307368CDF82A301B4B1A68FB
S214029C2022EA070242EA050119604B040DD5BDF887
S214029C3024200B0A03F4E243C9B222F4E3420B43A4
S214029C4022F07F021343ADF824301A230020104A74
S214029C5009A9F8F781FEB4B104A809F0ECFB0223C7
S214029C606A468DF810301546234604F1100614464F
S214029C7018685968083303C4B3422246F7D1294606
S214029C8004A809F052FD11B0F0BD00BFC04100208B
S214029C9024E1010047F2FF10044B196841F48042A8
S214029CA0014041F480411A600CF00ABCC041002019
S214029CB000B589B0FEF7CAFB01A8FFF795FF094871
S214029CC0BDF804200168130221F0FF0103F4E20349
S214029CD00B43D2B2134343F48043036009B05DF8EA
S214029CE004FB00BFC041002010B50C4B04461868A8
S214029CF088B0830706D54FF0FF33236001206360E8
S214029D0008B010BD10F04000FAD001A8FFF76CFFB3
S214029D10DDF806302360DDF80A30EFE7C0410020A8
S214029D202DE9F04F99B081460C461E4617469DF81F
S214029D308880A2B11546284609F07DFB18F0020B72
S214029D400FD004B911AC6B4622462946484609F0A4
S214029D5030FE0EB10023336019B0BDE8F08F0CADB3
S214029D60E9E76B462946484604AA09F0EFFD6B78F8
S214029D7008F00108FF2B25D000287AD154B104AB95
S214029D8008AF1A4603CABA4220606160134604F15D
S214029D900804F6D126B16A78374B03EB82033360A8
S214029DA0B8F1000F01D10020D6E7BDF80030D90681
S214029DB0F9D418204FF6FF716A780FF0ECF940F6E6
S214029DC00E40C9E7DFF8B8A0DAF800302EB19A07DD
S214029DD056BF2A4AC6F800B0326003F03003102B92
S214029DE001D0202B1ED111A8FFF7FEFE08224846FE
S214029DF00DF14601F0F750FE28B1DAF8003003F014
S214029E004403402B0ED0B8F1000F0ED108A80CF078
S214029E105BFB02232B70C4B9002FC4D0281DFFF7AA
S214029E2063FFC0E740F60A4096E7DAF80030DB0345
S214029E30ECD508A80CF048FB02232B70BCB9002F07
S214029E40B7D0281DFFF750FFB3E7002608AB0CAFCC
S214029E501A4603CABA4220606160134604F1080437
S214029E60F6D1281DFFF740FF002E9CD0A1E7012661
S214029E70ECE72D2070E700BFD43D0020BC41002057
S214029E80C041002049B9084B197849B14EF6602303
S214029E90594328B105480EF085BE41F28831F8E7ED
S214029EA00248F8F7DFBC00BF7E5B00200C410020B2
S214029EB070B586B00546F8F7C3FD10B9022006B0A5
S214029EC070BD01A8FFF710FF06460028F6D08DB930
S214029ED02E4B1C6814F0020406D02D4B1B78112B57
S214029EE0ECD12C4BB3F868404FF481630221ADF8F5
S214029EF00C3023E02846F9F72DF90028DED1234B53
S214029F001C6814F0020406D0214B1B78112BD5D105
S214029F10204BB3F868400822294601A8F0F7BCFD9A
S214029F200028E1D04FF4027300260A21ADF80C3067
S214029F302B68CDF80E306B68CDF81230002203A8DD
S214029F400BF034F8024608B91920B8E70F4B196827
S214029F5001F03003102B17D0202B14BF012303234C
S214029F60490001F004010B432046002100F0F4FFF3
S214029F700028E9D000210120FFF784FF16B1012254
S214029F80054B1A7000209AE70323E9E7C041002038
S214029F90BF5B0020404F0020695C002030B50025E2
S214029FA01D4C85B0CDE90055F8F75CFC23784BB321
S214029FB01A491B480A780078904223D90132012BAD
S214029FC00A700ED12A464FF4A071284602F0BEFA55
S214029FD0C0B2B8B941F2883112480EF0E3FD05B0BE
S214029FE030BD022B09D1284602A9F9F745F8002808
S214029FF0EED102A8FFF75CFFEAE7032B02D101F0DD
S21402A00065F9E5E7002108462170FFF73BFF0421CA
S21402A010684609F07EF9E2E7755C0020765C00206F
S21402A020C86500200C41002070B5194A194D044637
S21402A0305168106886B02E7801AB03C31EB10224A5
S21402A040204606B070BDF8F745FD0228F7D103A8F2
S21402A05000F0E8FD082201A90DF10E00F0F71CFD44
S21402A060A0B10D4B32464FF4A07130461C7002F080
S21402A0706DFA04460028E3D10123084A41F28831EA
S21402A08007482B7013700EF08DFDD9E72324D7E70F
S21402A090477D0400755C0020C8650020765C0020C1
S21402A0A00C410020F0B50C4600219BB02B4F064613
S21402A0B0492207A80691F0F7A3F93B78012B34D181
S21402A0C09EBB0DF10E0120460CF016FB0546BDF8B0
S21402A0D00E000EF097FC441BE4B2BDF80E102346A9
S21402A0E02A46009606A80FF086F9304604A9F8F725
S21402A0F0C3FFD0B9CCB19DF81920B2B9BDF8233050
S21402A10003F47E43B3F5285F1ED3B3F5385F0ED350
S21402A1101349BDF80E000B6843F400030B60294692
S21402A12009F0D7FC18B104233B701BB0F0BD012226
S21402A1300C4B04A81A70FFF7BBFE41F288310A489E
S21402A1400EF030FD0223EFE711463A70FFF79AFE53
S21402A1501E2104A809F0DDF8E7E700BF755C0020C1
S21402A160C0410020765C00200C410020014B187094
S21402A170704700BF765C0020014B1878704700BF1E
S21402A180755C0020014B1870704700BF755C00209C
S21402A1902DE9F04F0446408891B00E298846ADF866
S21402A1A01A0074D094F80890A7790AF0E4FE09A978
S21402A1B00546BDF81A00E6790CF0E1FEBDF81A0075
S21402A1C00AF0DFFD430542BFBDF82A3043F40053D0
S21402A1D0ADF82A30E379D80642BFBDF82A3043F4F8
S21402A1E08053ADF82A30BDF82A30990613D5022FCF
S21402A1F052D10CA9207A0CF020FADDF83500DDF8F1
S21402A200391007AB03C307AA0021042300910DF1FE
S21402A2101A00FFF717FB0121BDF81A000EF00EFC1C
S21402A220022F824644D1454B33F81950B8F1000F3D
S21402A23079D0BDF82A305A0675D54FF6FB7295428C
S21402A24071D83F4AB2F86820AA426CD0DB0502D524
S21402A25028460CF038FBBDF82A30D80463D5002F08
S21402A26033D1BDF81A000AF08CFDC10663D548F258
S21402A2703403BDF826209A4209D1324E3078FF28A0
S21402A28005D003222946FCF72BF9FF23337000235F
S21402A290236011B0BDE8F08F012F01BF237A2A4A4E
S21402A2A003EB430302EB830314BF00229A1CABE7C3
S21402A2B0012F05D10C2303FB09F3234AD55AB5E730
S21402A2C0A81C0EF09FFF0546B0E7284601F07CFD6D
S21402A2D0BDF81A000AF055FDC206C8D46389504676
S21402A2E005930EF08FFB834650460EF06FFB059BE0
S21402A2F002905FFA8BF04A46394601900093404638
S21402A30009AB08F09EFFB8F1000F14BF0B2009201E
S21402A31016F0030218BF02F1FF32294618BFD2B266
S21402A3200EF039FFA3E7BDF81A000AF02AFDC306AD
S21402A3309DD4002FD2D1A946D0E700BF24540020D6
S21402A340404F0020CC6500206453002038B500241E
S21402A3500F4B104D2A78A24205D8C2B9BDE8384044
S21402A3600D48F8F77FBA598869B9013AD2B2A242C3
S21402A3702A70EFD0121B184603F110011201F0F7F3
S21402A38091F80346E6E701341033E4B2E2E738BD5B
S21402A390D83D0020795C00208C64002070B51A4BF2
S21402A3A01A4A1D780023DCB2A54200D870BD1446B6
S21402A3B066880133864202F11002F4D1E379A58859
S21402A3C0E16003F040028DB9CAB123F00403E371E1
S21402A3D00AF0D1FD037803F07F0303702188002979
S21402A3E0E4D1BDE870400A480EF0DCBB002165806F
S21402A3F0A180002AE9D1BDE87040FFF7A7BF20463A
S21402A400FFF7C6FEF7E700BF795C0020D83D0020C4
S21402A4108C6400202DE9F047044686B040880F463B
S21402A42015460AF0A8FDA3798046082B52D8DFE825
S21402A43003F0052E185151515151050002300EF00D
S21402A440E1FE002D4ED06946F8F716FE002841D1EF
S21402A450684601F063FDB0FA80F0400906B0BDE838
S21402A460F08702A9207A0CF0E8F86B466E46DDF813
S21402A4700D00DDF81110334A03C3237A32F8139025
S21402A480314AD05C75B131460CF0FBF8E6E7237A28
S21402A4902E4903EB430301EB830231F82390907AB3
S21402A4A0961CEFE74FF6FB7AD14515D930460CF0ED
S21402A4B032FA4FF6FF739842054615D001463046EB
S21402A4C001F09EFC554508D9E379DA060ED440F62B
S21402A4D02243E3600020C1E74D46294608F1020008
S21402A4E00EF092FE0120B9E74D46EDE74FF6FC78F6
S21402A4F0454512D103F00C030C2B1CD1DFB13046BC
S21402A5004FF6FD7101F07CFC40F61F412046E160EB
S21402A510FFF73EFEFFF71AFFDCE74FF6FD739D429C
S21402A52009D10023304619461A4602F0DBF84146A6
S21402A530304601F065FCE37943F00C03E37140F624
S21402A5402343C6E724540020855B00206453002082
S21402A55073B5044640880E460AF00DFD02300EF032
S21402A56051FE09F0CDFA18B1A11C201D09F0CDFA52
S21402A570E6B1E5790135EDB2E57115F0400514D086
S21402A580ECF7D8FE0122054600212046FFF742FFDF
S21402A59018B1394B1B882B449DB2384B1B78042BC1
S21402A5A001BF354B1B885B199DB2258000223146C0
S21402A5B02046FFF72FFF20B360880AF0DCFCE27922
S21402A5C02F4922F00C03E3710B7805460133DBB208
S21402A5D00B70C3712B4BA61C1B780BB3E379980642
S21402A5E01ED52949097871B159060CD592070AD5A4
S21402A5F000220423114630460092FFF723F910B1D9
S21402A600E06002B070BD002201231146304600927F
S21402A610FFF718F920B1E37943F00303E371EFE79C
S21402A620304609F070FA0028EAD16088FCF7C0FAD2
S21402A6300328E6D8DFE800F0020D1D19E37943F09F
S21402A6400403E3711B06DCD5104B1A78104B1A7004
S21402A650D7E740F62443E360E37943F00803E37167
S21402A6602B7803F07F032B70CBE740F62543E3609D
S21402A670C7E740F62643FAE720650020C05B0020C5
S21402A680BD5B0020BB5B0020C9650020835B002009
S21402A690785C00202DE9F74F06460EF0C9FC5F4BAA
S21402A6A00546B3F8009018805D4BA0EB09041B78B2
S21402A6B0A4B2A34298BF00234FF000084FF6FF77DC
S21402A6C088BF1B1B564A88BFDBB21370DFF864B123
S21402A6D0A9EB00030093534B5FFA88F21978914274
S21402A6E00ED80EB1FFF732FE4FF6FF739F4200F010
S21402A6F08E8039464C4803B0BDE8F04F0EF052BA91
S21402A700BBF80220002A3CD0484B9BF8072018785A
S21402A710BBF800A0042818D00020BAF1000F08BF2A
S21402A720A2462044504523D2BBF80010009B194491
S21402A730ABF80010002E4ED002F04802482A4AD14A
S21402A74000215846FFF704FF45E00192F8F704FCA3
S21402A75030F01003019ADFD1FBF746FC344B019A26
S21402A760B3F800C08445D7D9ACEB000080B2D4E77A
S21402A77002F00C00042807D10022ABF800200BF1EF
S21402A780100B08F10108A6E7510602F0030C02F0CE
S21402A79008000ED528B3BCF1030F25D1DEB1DBF8D5
S21402A7A00C105846002908BF4FF44261FFF7F0FC30
S21402A7B011E040B3BCF1010F25D11206EED44FF4DE
S21402A7C0C862ABF800209BF8072022F0030242F092
S21402A7D002028BF80720BBF80020974228BF1746D4
S21402A7E0CDE703208445D9D213060ED50C4B1A7832
S21402A7F00AEB0200844208DA4A44521B0AEB0201C0
S21402A800ABF80010E7E70120ECE7012199E70648DC
S21402A81003B0BDE8F04FF8F725B800BF5855002042
S21402A820785C0020795C00208C640020C05B0020ED
S21402A83020650020D83D0020F8B500250A4E0B4FB3
S21402A8403378ECB2A34204D8BDE8F8400848F7F7DC
S21402A85019BD07EB0414A01CF7F714FD201DF7F72B
S21402A86011FD0135ECE700BF795C0020D83D0020E1
S21402A8704E55002070B500240B4D0C4E2B78A3428B
S21402A88008D81B1BDBB22B706BB9BDE870400848BA
S21402A890F7F7E8BF06EB041040F621410134FFF754
S21402A8A077FCE4B2EAE770BD795C0020D83D002070
S21402A8B08C640020F8B5154EDFF858E035789EF81F
S21402A8C000E0134FAE454FEA051C07EB051419D0FE
S21402A8D0002503F4835343EA1323A1712272E37122
S21402A8E0608027F80C50A58003F0A8FB40F60243D0
S21402A8F0E36033786081013328463370FFF7CAFE7F
S21402A9002846F8BD40F60340FBE700BF795C00200E
S21402A910D83D0020906500202DE9F04F344B0D46BF
S21402A9201C78174685B05CB9B1F90680DFF8C89086
S21402A930DFF8C8A0DFF8C8B099F80030A34202D802
S21402A94005B0BDE8F08F0AEB0416B08800B970882F
S21402A95001A90CF014FBAA7A9DF80E309A4244D153
S21402A960B8F1000F0FDA297A9DF80C202B89914254
S21402A97009D8204800780844824236DA521A1B0A5E
S21402A9801341D90731D538460CF0E8FABDF80A303B
S21402A99004469A0602D5EB889B06D1D5F37903F0D6
S21402A9A00C03042B08D17088F9F786FD0023728801
S21402A9B0194618460BF0A9FF00213046FFF7E8FBC0
S21402A9C0FFF7C4FC38460EF01DF8844208D2337AEC
S21402A9D001228BF8003029460023384602F0AEFCEE
S21402A9E0B8F1000FACDA0024A6E70134E4B2A3E71C
S21402A9F0775C00208F650020795C0020D83D00201F
S21402AA00815C002008B50EF013FB074B1B88C01AAA
S21402AA1080B2B0F5807F05D9BDE808400021034822
S21402AA200EF0C0B808BD00BF585500208C64002048
S21402AA302DE9F04788B004460D460CF0B9F90146F8
S21402AA40204603F083F910F003035FD110F00C0FD9
S21402AA5006D12946204608B0BDE8F047FFF79EBC5F
S21402AA6020460AF08EF9C30638D420460CF0A0F928
S21402AA700146204603F06AF9064620460AF07BFAAB
S21402AA80804602300EF0BEFB05A9074620460CF0B3
S21402AA9076FA06F00C0698F801300C2E0CBF4FF032
S21402AAA003094FF00609012113F0010F204618BFD3
S21402AAB04FF003090DF0C2FF174B80461B88A342D6
S21402AAC00FD1B5FA85F04009FBF748FC20460AF09C
S21402AAD086F90022014607200EF05DFB08B0BDE8AD
S21402AAE0F08703F0ABFA824640460DF08BFF06462F
S21402AAF040460DF06BFFF6B202903A4649462846AB
S21402AB00CDE900A605AB08F09CFBDFE7012BE5D1FB
S21402AB1010F00C0FE2D19CE74E550020002210B533
S21402AB20094B1C78094BD1B28C4201D8002010BDCB
S21402AB30197A814202D19979022902D01033013260
S21402AB40F1E70120F3E700BF795C0020D83D002042
S21402AB500146002210B5084B1C78084BD0B284423E
S21402AB6001D8002010BD187A884202D198790128AF
S21402AB70F8D010330132F1E7795C0020D83D00208E
S21402AB80002210B40A4B1C780A4BD1B28C4203D86E
S21402AB905DF8044BFFF7DABB197A814205D1997941
S21402ABA0012902BF00211980598010330132ECE7D7
S21402ABB0795C0020D83D0020024B1878003818BF78
S21402ABC001207047795C0020044B1B6813F0300F9D
S21402ABD003D0202130200BF073BC7047C041002008
S21402ABE0002310B5044608491A4601EA00414FF010
S21402ABF07F60FFF701F8E30703D5002130200BF052
S21402AC005FFC002010BD00BF00007207044B5B888B
S21402AC1023F4784323F08D0303800020704700BF9F
S21402AC20C041002008B500220346C3F80220C3F83C
S21402AC3006200B4A02301268D1B212F0200F18BF5B
S21402AC4041F010011980930701D4FFF74DF8054B28
S21402AC501B78023B032B8CBF1720002008BD00BFC9
S21402AC60C0410020BF5B002038B505460C46FDF704
S21402AC70EDFB98B10E4B187878B10E4B1B681A0490
S21402AC800FD58CB113F0420F00D17DB103F440739F
S21402AC90B3F5407F0CBF0020232038BD40F60840A5
S21402ACA0FBE740F60B40F8E72046F6E72320F4E7FA
S21402ACB0BB5B0020C0410020F0B504468DB007A85B
S21402ACC00D46164608F0B7FB1022002103A8EFF740
S21402ACD097FB5CB1234603AC03F1100722461868C3
S21402ACE05968083303C2BB421446F7D1012703A9A9
S21402ACF086EA070307A88DF81C708DF81D3008F049
S21402AD0005FD80EA070401A8E4B2EDF727F8B6B11C
S21402AD1001A88DF80650EDF74DF864B1002303A99B
S21402AD2007A88DF81D3008F000FD0C4B1B78432B4E
S21402AD3001D1F9F7DBF80A4B1D700DB0F0BD01A882
S21402AD408DF80750EDF736F8002CF6D003A907A8C1
S21402AD508DF81D7008F0E9FCEFE700BFBF5B00202E
S21402AD60BA5B0020F0B5012593B007460DA80C4645
S21402AD7008F061FB05A90DA8ADF8345008F0F0FC08
S21402AD8001A8ECF7EBFF09A90DA88DF835509DF840
S21402AD90066008F0E5FC0DA89DF8075008F076FC62
S21402ADA070BB731BDBB2802B28D91FB1A64225D0FD
S21402ADB0A54223D105A90DA808F0B7FC03A8ECF715
S21402ADC0CDFF03A88DF80F60ECF7F4FF01222946A9
S21402ADD009A8FFF771FF0AF059FC01214FF4007031
S21402ADE00BF07EFDFDF71AFBB0F1004F01D9FDF71F
S21402ADF01BFB044B187808F08AFA012013B0F0BD4A
S21402AE000020FBE7BA5B002070B50E4614460546E6
S21402AE100320FFF7B7F946F004022946204608F059
S21402AE20DEFC0022014B1A6070BD00BFBC41002050
S21402AE30F0B587B0078805461022002102A8EFF772
S21402AE40DFFA3E4B1B78002B76D1BC055ED407F0AA
S21402AE508403842B63D00022394C11461046FFF738
S21402AE602BFF17F4045F276005F102061CD0B90415
S21402AE700AD5304602F09CFA00284ED1236823F405
S21402AE80005343F48073236030460BF095FB002892
S21402AE9042D108F0CEFA18B9236843F4803323600F
S21402AEA0236843F02003236022680DF1060042F473
S21402AEB000432360FFF7AAFE12F4805FBDF8063057
S21402AEC031D043F02003ADF806302168334611F046
S21402AED0400218BF05F123024FF07F60FEF78CFE9A
S21402AEE0BDF80630DA0703D5002130200BF0E8FA69
S21402AEF023689B0506D5012295F8221005F112005B
S21402AF00FFF7DAFE00200F4B186006E005F112008C
S21402AF100BF052FB00289AD0292007B0F0BDB807E4
S21402AF2099D52320F9E723F02003ADF80630FDF784
S21402AF307BFAFEF775FCC8E70220EEE7BF5B00204F
S21402AF40C0410020BC410020024B1868C0F30050EC
S21402AF50704700BFC04100202DE9F04F06468946E3
S21402AF601046002189B01546984602F0EFFE1028DA
S21402AF7007460AD86A4B0341DB0706D4C8F34004E7
S21402AF809DB9002009B0BDE8F08F664B1C78002CF6
S21402AF90F6D0FFF7D9FF00280CBF4FF4F0744FF439
S21402AFA0D074FC4004F00104EAE74FF0000A18F0FF
S21402AFB0010F5346524629464FF00500CDF800A031
S21402AFC00CBF4FF0080B4FF4027B06F0B8F80028CF
S21402AFD0D7D0C8233246009359465346284602F035
S21402AFE0DDFEADF80E000028CBD018F0080A4AD1D4
S21402AFF04FF6F773A7F10F02D2B29E428CBF092317
S21402B0000123012A01D843F04003474A8DF8103045
S21402B0101378591C11708DF81130002C4FD09DF802
S21402B0201030052F43F020038DF8103033D03F4BFD
S21402B0301D78002D5AD04FF6F77300259E424FF02A
S21402B0400F0248D9012304A90DF10E00F7F75EFBA3
S21402B050002896D1002C4DD1BAF1000133463A466B
S21402B06018BF0121BDF80E00CDF8009008F052FD81
S21402B070ADF80E00002884D018F0040F4DD03146EB
S21402B0800AF0A2FC7EE749460DF10E000BF04DFCDD
S21402B0900028ADD175E70121BDF80E000DF0CEFCFB
S21402B0A0012102F053FE0123834013F0620F1CD1EC
S21402B0B01E4B1B78E3B14FF6F7731825BEE71B4B02
S21402B0C025461B780222002BBCD04FF6F7739E4211
S21402B0D0B8D8052FB6D0BAF1000FB3D19DF810300C
S21402B0E043F040038DF81030ACE710250F22A9E795
S21402B0F01825FBE7BAF1000F0AD002234A46009051
S21402B10029460DF10E00FEF79DFB0028A4D038E775
S21402B11041235246CDF800A0F2E70AF03DFC31E7A3
S21402B1209FFEFEFFBB5B0020BC5B0020AF5B0020E7
S21402B1302DE9DF431E46144B80461B680F469B07CD
S21402B14091460A9C1BD4204614B108F0CDFCC0B22E
S21402B1500622CDE902403B460020CDE900890B4994
S21402B1600BF0A6FD024650B10021002E0CBF0123B3
S21402B1700323084604B0BDE8D043FFF7EDBE002027
S21402B18004B0BDE8D08300BFC04100206E3004008A
S21402B1902DE9F04F8DB081468A461F4693469DF8AC
S21402B1A05C803AB903A8FEF79FFDB0BB00200DB045
S21402B1B0BDE8F08F154600222321104609F0F6FE60
S21402B1C0ADF80A000028F1D00DF000FC0523044675
S21402B1D018F0100F00F8023B677020D011220021F1
S21402B1E0EFF70EF904F11306032F4FF0080237D1DA
S21402B1F059463046EFF756F9C8F3801306F10905AB
S21402B200337208F06DFC00283ED000232B706B7062
S21402B2100123033505F8013C36E003ADCBE70126F2
S21402B22010221699EFF73EF906FA07F313F0620FAB
S21402B23002D104F11206D7E707A808F0FCF805A821
S21402B2408DF81C60ECF78AFD9DF8162018F0200F8A
S21402B2509DF8173008BF134604F11306A374C3E71C
S21402B26051463046EFF71EF9012306F10802121B7B
S21402B27028460093BDF80A10082392B20EF0BBF8D7
S21402B280042F06F11005BCD02D1BA9B20DF10A0041
S21402B2900BF076FC002889D118F0040F0BD0484634
S21402B2A00EF09EF8FF281FBF074A32F8103023F42C
S21402B2B0804322F81030434651464846BDF80A20DD
S21402B2C0FFF74AFE73E700BFF054002070B503266E
S21402B2D090B08DF80760F7F7B3FB18B90224204642
S21402B2E010B070BD02AD2846FEF7FEFC0028F5D071
S21402B2F01B4B1C6814F00204F0D140F20F43194AAB
S21402B300ADF82430136804A8CDF826305368CDF87B
S21402B3102A3008F090F895E8030005AB83E80300AE
S21402B320062304A88DF81D308DF81060ECF7B8FCE3
S21402B33001210DF12E020DF10700ECF709FC224661
S21402B3401A2109A809F032FE024608B91924C6E7EE
S21402B350012329462046FFF7FFFD0028BFD1F5E767
S21402B360C0410020425C00202DE9F04F04460D4605
S21402B370002191B01F2208A89B460791EFF740F8DC
S21402B38020460BF015FD0146204602F0DFFC8DF844
S21402B3901100204609F0EFFD9DF811304678990617
S21402B3A08146C6F34006204648BF46F002060BF02A
S21402B3B0D5FD804620460DF025FB0022A0EB0803B3
S21402B3C0DBB2232B28BF232300922146424607A83E
S21402B3D00EF011F800283AD1A24B9DF81C701B788B
S21402B3E09DF81DA0B3B3FFF7AFFD00280CBF4FF4C6
S21402B3F0F0734FF4D073FB40DA072BD5B30729D48A
S21402B400082F22D1BAF1040F21D1FBF77FFBF0B946
S21402B410012342460093214605200DF1110305F053
S21402B4206BFEA0B1053F0D2F11D8DFE817F0240000
S21402B4301000AF01BC01C501100010001000100082
S21402B44010001000CB01F901F901052F07D011B049
S21402B450BDE8F08F102F05D1BBF1000FF7D0FBF738
S21402B46055FBD5E7FBF752FB0028D1D0052FCFD0EE
S21402B470112FCDD0EBE7BAF1050FE8D8204609F038
S21402B480DDFC029009F102000DF0BCFE82460DF1D1
S21402B4901200FFF7BBFB01239DF81D8003FA08F399
S21402B4A013F0620303932DD0BDF812309D0722D508
S21402B4B0B407CCD5FBF72AFB0DF11E000BF07CF887
S21402B4C0B8F1030F04469DF82EB02FD10DF12F05CB
S21402B4D009F0E2FE824540F03181032EB7D19DF895
S21402B4E036100DF11E02003918BF01210DF12E0093
S21402B4F008F01BFBABE7FBF709FB0028DCD1002EAC
S21402B500A5D0D9E7FBF702FB68B10DF11E000BF0E0
S21402B51053F8B8F1030F04464FF0000B40F0828058
S21402B5200DF12E05D4E7002E91D0EEE74E4B1B68A8
S21402B53098072AD5FF2208210DF1370009F03AFEB6
S21402B540814610BB034601460DF137020220FEF784
S21402B55053FB09F0A1FE82450DF137070DF12F05C9
S21402B56023D04FF6F7739A4540F2ED800022082169
S21402B570284609F01FFE002800F0E5800022594602
S21402B5800DF11E00FFF798FB61E70DF137070DF18D
S21402B5902F0538460AF0BCFF002848D009F07CFE8A
S21402B5A0824540F0CC804FF000092846F7F7D2FDDE
S21402B5B0002800F0C480B8F1010F5BD0B8F1040F88
S21402B5C07FF445AF0AF0C7FF10B1032E7FF43FAFFA
S21402B5D0002C7FF43CAF3A4602210DF11E00FFF725
S21402B5E013FC224B1B7863B1FFF770FEFEF7C4FD17
S21402B5F0022806D10120FEF7B9FD01210846FEF712
S21402B60041FC1B4B1B78022B20D10321384607F046
S21402B61080FEFEF7B1FD014600287FF418AFFEF764
S21402B62031FC14E70DF136070DF12E05B1E7104B8C
S21402B6301B78432B7FF40BAFB8F1010F7FF407AFF3
S21402B64009F02AFE82457AD1C146AEE7412B7FF445
S21402B650FEAE054B1B6859057FF5F9AEF9F73EFEBF
S21402B660F5E600BFBB5B0020C0410020695C0020FD
S21402B670BF5B00206C4D2B78022B22D02B78412BFF
S21402B6803FF4E5AE3CB9FBF741FA594602460DF1E6
S21402B6901E00FFF711FBFBF739FA00283FF4D7AE7E
S21402B6A00AF059FF614C98B123681B0502D42B7827
S21402B6B0432B0DD1B0070BD440F61A40F9F70CF81D
S21402B6C0C5E60AF048FF0028D8D0B207D6D4BEE6B0
S21402B6D0206810F0020002D102990BF0FBF82B78DA
S21402B6E0112B16D12368590513D50020FEF7E0FB6F
S21402B6F0044600287FF4ABAE0AF03CF840F61C4045
S21402B700F8F7EAFF21462046FEF7BCFBF8F7F0FF03
S21402B7109DE6B20701D5FFF757FAB9F1000F9DD0A3
S21402B72007F087FE18B94FF480310AF0C9FE0022EE
S21402B7303F4B38461A600AF0E2FE8FE70027039B6B
S21402B740002B7FF40EAF4FF6FF73284605A9ADF81F
S21402B750143009F094FD20B1284609F071FDADF8C9
S21402B76014004FF6FF73BDF8140098423FF46FAE14
S21402B770002C0CBF0423152301930DF11E03009326
S21402B7803A4643462946FFF703FD60E60DF11D00E3
S21402B790F7F7E0FC00283FF45AAE022229460020C2
S21402B7A0FAF79EFE53E6F3077FF551AE3246284679
S21402B7B007A90BF0B9F84AE69DF81D100120FFF71D
S21402B7C0D1FA44E6184B1B78022B20D1002D7FF4C9
S21402B7D03EAE05A8FEF788FA00283FF438AE154BB1
S21402B7E01D709DF81D30002B14BF64246524FEF7DF
S21402B7F0C3FC032806D128462946FEF743FB284603
S21402B800FEF7C0FC214605A807F083FD1FE6043BB1
S21402B810012BDBD9284608F073F90028D6D116E6A4
S21402B820204608F06FF912E6BF5B0020C0410020F8
S21402B830BC410020695C00202DE9F34105460E4616
S21402B840174698460AF087FE044640B101233A4658
S21402B85031462846CDF80080FFF76AFC04460AF017
S21402B8607AFE30B1FFF770FB78B10A4B1B689B017A
S21402B8700BD400233A4631462846CDF80080FFF71F
S21402B88057FC002C0CBF0446012404F0010002B051
S21402B890BDE8F081C041002070B58AB005A807F067
S21402B8A0CAFD022301AA15468DF81430084B03F18F
S21402B8B01006144618685968083303C4B342224671
S21402B8C0F7D1294605A807F021FF0AB070BD00BFD0
S21402B8D04F7D0400014B1878704700BFCA650020F0
S21402B8E0014B1888704700BF486500204FF6FF736B
S21402B8F02DE9F043994280460D4685B00BD00027CD
S21402B9004FF6FD791C4EEBF71BFDFCB2A0420BD89E
S21402B9104FF6FF701DE0F7F71DFC0028EFD005B0CC
S21402B920BDE8F04309F0B8BC36F814304B4517D8DA
S21402B930694620460AF045FE082241460DF10500FA
S21402B940EFF7AAF84FF6FF7360B99D4204D136F8B6
S21402B950140005B0BDE8F08326F814500AF00BFE7A
S21402B9600137D0E79D42FBD036F81430AB4208BF11
S21402B97026F81490F4E700BF245400202DE9FF4770
S21402B98006460F4600254FF6FD79DFF83C80DFF8C5
S21402B9903CA0EBF7D5FCECB2A04202D804B0BDE85E
S21402B9A0F08738F814304B450CD8694620460AF022
S21402B9B008FE082231460DF10500EFF76DF808B9CA
S21402B9C00AF804700135E4E724540020855B002061
S21402B9D0014B33F81000704724540020F0B5064699
S21402B9E000250D4F85B0EBF7ABFCECB2A04201D8B8
S21402B9F005B0F0BD37F81430B3420BD16946204685
S21402BA000AF01BFE9DF80030022B1CBF4FF6FD739A
S21402BA1027F814300135E6E72454002030B585B007
S21402BA2004460D46EBF78CFCA0420FD9084B33F8C0
S21402BA3014204FF6FD739A4208D8694620460AF04B
S21402BA40FCFD29460DF10500FFF750FF05B030BD9D
S21402BA502454002030B585B00446EBF771FCA042B2
S21402BA6019D92046FFF75AF80546B0B96946204666
S21402BA700AF0A7FD9DF800302BB1694620468DF8E6
S21402BA8000500AF0BCFD4FF6FF720020044B23F86C
S21402BA90142005B030BD2820FBE740F60440F8E746
S21402BAA0245400202DE9F0410B7805460E461BB9BA
S21402BAB0BDE8F041FFF7CEBFEBF742FCA84231D912
S21402BAC02846FFF72BF878BB374617F8058B4FF654
S21402BAD0FF713846FFF70AFF0446384600F01EFAA2
S21402BAE0B0FA80F04009B8F1000F15D0B8F1030F94
S21402BAF015D04FF6FF724FF6FD73944208BF1C46F0
S21402BB000B4B314623F815400A4B585528460AF087
S21402BB1076FD0020BDE8F0814FF6FF74F0E74FF6A1
S21402BB20FE74EDE72820F5E740F60440F2E700BF92
S21402BB3024540020855B00202DE9FF410D46044673
S21402BB404FF6FE780F4F0E0AEBF7FAFBA04204D828
S21402BB50FF24204604B0BDE8F08137F81430434590
S21402BB600CD1694620460AF02CFD9DF80520EBB262
S21402BB709A4203D19DF80630B342EAD00134E4B2C9
S21402BB80E2E700BF245400202DE9F04F0C4617468A
S21402BB90984600254FF6FD7B87B09DF840A0DFF85B
S21402BBA05C900190EBF7CCFBEEB2B04201D8FF26D8
S21402BBB016E039F816205A451ED8304602A90AF071
S21402BBC000FD3FB99DF80920424515D19DF80C208D
S21402BBD0524511D144B939F81620019B9A420BD12D
S21402BBE0304607B0BDE8F08F082220460DF10D0161
S21402BBF0EEF752FF0028F3D00135D3E72454002095
S21402BC0010B514460AF0DDFC2046BDE810400822B6
S21402BC100149EEF747BC00BF425C00202DE9FF4712
S21402BC20074615460846082224491E46EEF734FF04
S21402BC30044600283FD14FF6FF7ADFF88490EBF7F0
S21402BC407FFB5FFA84F880450BD385B3384605F050
S21402BC5015FB01250C9B18700120357004B0BDE859
S21402BC60F08739F8183053451FD0694640460AF027
S21402BC70A8FC7A789DF801309A4216D17A88BDF8E7
S21402BC8002309A4211D13A799DF804309A420CD188
S21402BC9008220DF10501781DEEF7FEFE28B9002DEB
S21402BCA0D7D1404605F005FBD3E70134C7E7FF20AE
S21402BCB005F0FFFACEE70020D0E700BF425C002086
S21402BCC024540020F0B50025154E164F85B0EBF72C
S21402BCD037FBECB2A04201D805B0F0BD694620465B
S21402BCE00AF06FFC9DF80030032B06D90023694644
S21402BCF020468DF800300AF082FC9DF8002062B1E2
S21402BD004FF6FD734FF6FE71032A08BF0B4626F860
S21402BD101430002301353B55D9E74FF6FF73F6E79B
S21402BD2024540020855B0020F8B50E4604464FF6E4
S21402BD30FF770C4B0C4D1B7803EB430305EB830597
S21402BD40A54202D800242046F8BD2388BB4206D06E
S21402BD5008223146A01CEEF79FFE0028F3D00C34D2
S21402BD60EEE700BF9165002064530020044BFF21DC
S21402BD701A78044802EB42029200EEF741BB00BF7B
S21402BD809165002064530020F8B504460C4B0D461E
S21402BD901B781046A3420DD90C27022117FB04116B
S21402BDA07C43084E08223144EEF77CFB335B0020CE
S21402BDB02B80F8BD0023136053604FF6FF73F6E73F
S21402BDC0916500206453002038B504464FF6FD7591
S21402BDD0FFF704FE0022084B1878084BD1B28842BF
S21402BDE000D838BD33F80C1C0132A14208BF23F834
S21402BDF00C5C0C33F2E700BF916500207053002004
S21402BE0070B505460E460846FFF7DEFF3146284661
S21402BE10FFF76CFD29460648FFF786FF00B970BD9E
S21402BE20044624F80C6B0AF0A6FB29462046F3E7E4
S21402BE306453002010B5082286B023490446EEF764
S21402BE402BFE20B906B0BDE8104009F025BA08223C
S21402BE5020461E49EEF720FE20B91D4BB3F86800B7
S21402BE6006B010BD0023012221464FF6FF70009354
S21402BE70FFF78AFEFF2806D0164B33F810004FF65F
S21402BE80FB739842ECD903A8FEF7CCFE58B9BDF86E
S21402BE900C305B0607D5082221460DF10E00EEF7A0
S21402BEA0FBFD0028DCD021460B48FFF73DFF40B1E2
S21402BEB04FF6FB724FF6FF730088904288BF184613
S21402BEC0CEE74FF6FF70CBE7425C0020AA4F002079
S21402BED0404F0020245400206453002070B50022F6
S21402BEE004464FF6FB7608460A4B1D780A4BD1B23B
S21402BEF08D4201D8002009E01988B14207D8A14234
S21402BF0005D10822991CEEF7CDFA012070BD0C333C
S21402BF100132ECE7916500206453002037B50146F4
S21402BF2005460E48FFF700FF044640B1807A2946D0
S21402BF300AF0A7FB80F00100C0B203B030BD034692
S21402BF400090012229464FF6FF70FFF71DFEFF28DC
S21402BF5016BF034B2046185CE9E700BF6453002077
S21402BF60855B00202DE9F341224B04461B780F46E1
S21402BF708342154638D9FEF7EBFDB8BB4FF6FD7384
S21402BF809D421D4E0ED004EB440326F823504FF676
S21402BF90FF739D421FD12046FEF7F2FD002002B03D
S21402BFA0BDE8F0810DF10601384609F068F94FF652
S21402BFB0FF72BDF806303846934218BF1D460C2362
S21402BFC06343F55206EB0308FFF7A8FFB0FA80F0CA
S21402BFD0400988F80A000C2303FB0460082239464D
S21402BFE00230EEF75FFAD9E72820D8E740F6054098
S21402BFF0D5E700BF916500206453002038B504469B
S21402C0000D46FFF7BBFC21460448FFF78DFE00B93C
S21402C01038BD857221460C30F7E700BF6453002016
S21402C0200023074A1370074A1370074A118801B1A2
S21402C0301380064B1A880AB100221A80704700BF86
S21402C0407B5C00207A5C00205E5500205C55002058
S21402C0502DE9F04F3C4C1D46238887B0074688469C
S21402C06010469DF840605BB952B10AF0A2FD2080EE
S21402C0704FF4FA61354807B0BDE8F04F0CF092BDB8
S21402C080DFF8D890B9F80040002C49D020460CF0D2
S21402C090B9FCC0F3470620460CF098FCDFF8C0A0B7
S21402C0A00296BAF80030DFF8BCB00193BBF8003055
S21402C0B00446009300222B46012025490AF0F8FD8B
S21402C0C0ADF81600E8B1012504EB4606B4420DD1E0
S21402C0D0BDB9BDF81630A3B12A464146384600F02F
S21402C0E06FF9ABF80050AAF800500AE00123214687
S21402C0F01A460DF11600F6F709FB0234054600282B
S21402C100E4D00023134AA9F800301378013BDBB2CF
S21402C1101370002BACD107B0BDE8F04FFFF780BF1D
S21402C1200D4C237823B90CF07BFE08B9012323704B
S21402C130324629460520F7F70DFA0028EBD1207083
S21402C14007B0BDE8F08F00BF5E550020AC6400204B
S21402C150743004007B5C00207A5C00205C55002072
S21402C160F8540020FA54002030B5154D87B02C88BC
S21402C1709CB923464FF4A07248F2380103A80AF08D
S21402C1805CFB21462046FAF7E3FA22460D4B009462
S21402C19003A9FFF75DFF07B030BD204608F0EBFEAF
S21402C1A004300DF02FF803A9044628880AF0E7FEAB
S21402C1B00023009320462A8803A900F0AFFAEAE794
S21402C1C05E55002000F8FF0737B5002001A9FAF7F0
S21402C1D0BFFA0D4C014623780C4D7BB10C4B019AED
S21402C1E01878FAF7CBFA2078F8F74CFC002323707D
S21402C1F02B700848F6F736FB03B030BD2B78002BC1
S21402C200F7D0FFF7B1FFF4E77D5C00207B5C0020EF
S21402C2107C5C0020AC64002008B50548F6F732F8CE
S21402C2200448F6F72FF8BDE808400348F6F72AB8A0
S21402C2305E5500205C5500205A5500202DE9F04F2F
S21402C24089B089460446CDE905239DF84870139EB9
S21402C25030B316F801ABBAF1000F23D00AF1FF345F
S21402C260A400E4B23146012007F092FCC00E1BD1B6
S21402C270DFF838B13146012007F08AFC9BF80050FF
S21402C28034442279BDB1002F47D180234846CDE9F8
S21402C2900277CDE900773E4A059900F091F83CE036
S21402C2A08246DFE75446DDE71B28ECD931460120FB
S21402C2B007F06EFCE7E7DFF8F880FF2A00EA0808D6
S21402C2C00BD14246E379A179607901EB032189B269
S21402C2D009B0BDE8F04FFAF751BA2E4909688B0744
S21402C2E00AD5FE2A35D101230135EDB2202D4FEABB
S21402C2F043030AD1FF250AE0294628460792FAF7A1
S21402C30027FA4845BFD1079AEBE79845ECD1224B6E
S21402C3101B78FF2B04D0AB4204D009B0BDE8F08FE7
S21402C320FF2DFAD029460020F4F7B2FF0028F4D0F9
S21402C3309BF800306479002BEFD1FFF771FE1748A7
S21402C3404FF410510CF02EFC154B8BF800501C705D
S21402C350E3E7052A97D8BAF1010F94D8B8F1000F8F
S21402C36091D0002FD9D17379002BD6D00D490988E8
S21402C37021B9082B28BF08230B490B7043464846B1
S21402C3801292DDE9051209B0BDE8F04FFFF760BE74
S21402C39074300400C0410020CB650020AC6400204D
S21402C3A07C5C00205E5500207B5C00207D5C0020CB
S21402C3B000F8FF07014B1880FFF7D6BE5C55002039
S21402C3C00CB42DE9F04F8BB014AA0E4652F8041B9B
S21402C3D007460992002940F08F80BDF85400ADF858
S21402C3E02200002800F0A18033794FF6F778002B60
S21402C3F040F0868047458CBF4FF009084FF008088A
S21402C4004C4B1C78FF2C40F08380B6F90230002B90
S21402C410A9BF494B347A1C780134A2BFE4B21C701F
S21402C42044F08004DFF81CB12246002101F0A2FC91
S21402C4309BF80030BDF82200002B6CD0DFF808A174
S21402C4404FF00009BAF8003007930CF0DBFA054605
S21402C450BDF822000CF0BAFAEBB2CDE90193FF2345
S21402C460CDE9030900932246334639460798FCF77E
S21402C470B5FB4FF6FF7305468BF80090AAF800301E
S21402C480382D33D13246394640460DF1220307F0A5
S21402C4903FFB00284BD04FF6F7739F4226D8B6F9DB
S21402C4A002307088002B21DA48F204022349244B1A
S21402C4B04FF00008904214BF8946994608F0ECFEF9
S21402C4C0494603468A220120CDF800800AF0F0FB96
S21402C4D0814658B12246414601F04CFCFF233246C3
S21402C4E039464046CDE90098FCF7DAF928460BB003
S21402C4F0BDE8F04F02B0704701200AF0B6FB6EE7C7
S21402C500002347458CBF4FF006089846337177E7FD
S21402C510FF221A7086E7CDE900033246FF2339462A
S21402C5204046FCF7BDF90546AAE71925DEE70546AB
S21402C530DCE700BFCD6500207F5C0020853004006C
S21402C5407A3004007E5C00206055002070B54FF4FF
S21402C550003300240546164688B0ADF81A100DF1D1
S21402C5600F0204A90593ADF81840ADF81C400494D8
S21402C5708DF80F4007F0ABFA9DF80F30284601936E
S21402C580049B044A009305A93346FFF719FF08B037
S21402C59070BD00BF7E30040030B54FF480350024F5
S21402C5A087B00395BDF82850CDE900128DF81030FB
S21402C5B0074A034603A9BDF82C008DF81140ADF8D2
S21402C5C01250ADF81440FFF7FBFE07B030BD00BFB7
S21402C5D08A300400B1F1006F2DE9F04314462CBFF7
S21402C5E0392238228BB01D464FF00003ADF81E20CC
S21402C5F04FF480022CBF4FF001099946FF2C0646E5
S21402C600ADF81C300892ADF824304FEA11471FFAF5
S21402C61081F80FD109F051F9B9F1000F19D1154A75
S21402C620CDE9020543463046CDE9007407A9FFF777
S21402C630C7FE1AE0FE2C0AD109F03FF90130C0B25B
S21402C64009F046F9B9F1000F12D00B4A02E0E8B23F
S21402C650F8E70A4ACDE9030501233046CDE901741D
S21402C660CDF8008007A9FFF7ABFE0BB0BDE8F0835C
S21402C670034AD5E782300400883004008130040083
S21402C680893004004FF498124FF0806310B586B0DC
S21402C690CDE903230023ADF8143008F0FDFD04466F
S21402C6A0F8F796FA054B01900093054A234603A92C
S21402C6B04FF6FD70FFF784FE06B010BD425C002008
S21402C6C08E30040008B5064B1B78022B02D0043BC2
S21402C6D0012B03D8FFF7D6FF002008BD0220FCE797
S21402C6E0BF5B002030B500244FF4806587B0CDE9EB
S21402C6F000128DF81030084A034603A94FF6FD7063
S21402C7008DF811400394ADF81250ADF81440FFF7BF
S21402C71057FE07B030BD00BF923004002DE9F04F3F
S21402C72099B00E4605460CA91046CDE90A329DF888
S21402C730887009F0E1FFBDF83090804648460CF05C
S21402C74061F9B6F902300446002BB6F806A0B6F830
S21402C75002B004DA00228D4B1A70002049E04846E7
S21402C7600CF050F94045F5D3A4EB0804E3B2002FD1
S21402C77018BF4FF4A07A152B099328BF152300245F
S21402C780013308F1FF324946DBB292B2009412A896
S21402C7900CF031FE6FEA4B436FEA53437C499DF837
S21402C7A0482008684968ADF83E300DAB03C3ADF8C3
S21402C7B04040ADF83C40ADF842A0ADF84420BBF195
S21402C7C0000F24D10DF14900F6F7C4FCA0B108F021
S21402C7D063FD5C4680460DF151060DF149030A9A47
S21402C7E096F80090012A2CD14FB384F0010404F08D
S21402C7F0010019B0BDE8F08F0DF149000AF08BF880
S21402C8004FF6FF74011B4C4280464C41E3E7BBF1F6
S21402C810010F57D1BDF8498008F03EFD80450AD089
S21402C82040460DA90AF07AF880F00104E4B20DF150
S21402C8304B060DABD3E7574B0DF14B06CFE70A9CE1
S21402C840D5E75FB344BBB9F1010F25D830D108F064
S21402C85023FD08F021FD2246804671784D4B029159
S21402C86000210120CDE900814B490AF021FAADF8FA
S21402C870320088B124BBB9F1010F0CBF0D210C2187
S21402C8800DF132000AF07CF9024628B92846BDF8B6
S21402C89032300FA9FFF794FD0120AAE7B9F1010F84
S21402C8A004D1002CD3D081227178D8E7002CFAD19B
S21402C8B0B9F1010F94BF002201227178D201CEE7AE
S21402C8C00C21DDE70A9B002B7FF447AF7388342BDD
S21402C8D04BD1099B092B7FF440AF002F7FF43DAF6D
S21402C8E09DF951603A46B41008210DF1490004F052
S21402C8F0200408F05FFCA0B1284B1B78012B3FF404
S21402C9002CAF274A274BB2F868201B68AA421DD0D4
S21402C910DA001BD5C8232846234A0FA9FFF750FD85
S21402C9201BE70DF14900F6F715FC0028E4D10DF1DE
S21402C930490009F0F0FF4FF6FF739842EAD021460D
S21402C940F9F778FE03460028E4D1E4E75B0201D556
S21402C950002E08DA00232846134A0FA9FFF730FDF7
S21402C960124B1C70F9E68D23D5E7099BCDE905A28B
S21402C97004930DF14903CDE9028331462846CDE9F9
S21402C98000790B9B0FAA00F03DF8E6E6735C0020E8
S21402C990F4B80300425C002096300400C05B00201E
S21402C9A0404F0020C0410020DEE50300CC65002099
S21402C9B0024B187840F08000704700BF7F5C002072
S21402C9C0014B188000207047506500204FF6FF711B
S21402C9D0034602881B798A4217BF074901200A804C
S21402C9E041881EBF054A00201180FF2B1EBF044A45
S21402C9F000201370704700BF4C6500204A65002077
S21402CA00805C00202DE9F04FA1B09946BDF8AC300D
S21402CA102D9F0D939DF8B03004460E93BDF8BC30A2
S21402CA2038460F939DF8C0304E88884615469DF8C6
S21402CA30A8B010930CF0E6FB112E824671D808F0CF
S21402CA402BFC504576D0062E10D14FF6FD7292453D
S21402CA5026D0BBF1000F10D100228023CDE900A220
S21402CA6029462046BC4AFFF7ABFC06E0BBF1000FA6
S21402CA7003D1032E07D8012E09D80022B74B1A700D
S21402CA8021B0BDE8F08F043E022EF6D8E4E78023FC
S21402CA9029462046B24ACDF800A0FFF791FCECE703
S21402CAA0B04B1B785E074CD408F0F6FB0026034614
S21402CAB032460120A84900960AF0FAF83B79ADF80A
S21402CAC066000F930028DBD0DDE90E320D9803EBEB
S21402CAD042090BF097FF5FFA89F909F105085FFA38
S21402CAE088F88045CCD241460D9801F02FF9109077
S21402CAF008EB40080D980BF085FF8045C0DADDE9AB
S21402CB000F321343DBB2002B40F03482BBF1000F2E
S21402CB10B6D1D84642460421BDF8660001F02AF98D
S21402CB2074E1904A3A2E127812D948F23B039E429A
S21402CB3007D013E08B4A127850070BD5321F022A11
S21402CB4008D8B8F8063043F48043A8F8063097E7CA
S21402CB501B2E1DD8B21E91B213295FD9109B4946CF
S21402CB6002930F9B3046CDE900B30E9A234606F099
S21402CB70B5FF0F2884D10122784B1A70794B1B78A7
S21402CB809B0740F12783BBF1000F7FF479AFD8E70C
S21402CB90A6F11C011E29E1D801A050F821F000BF21
S21402CBA0EBD102005DCB02005DCB020081CA02001F
S21402CBB05DCB0200D9CF0200D9CF02005DCB0200C6
S21402CBC05DCB02005DCB02005DCB02005DCB0200B6
S21402CBD05DCB02005DCB02005DCB02005DCB0200A6
S21402CBE05DCB02005DCB02005DCB02005DCB020096
S21402CBF05DCB02000BD002000BD00200BDD10200BA
S21402CC005DCB02005DCB0200DFD102005DCB0200ED
S21402CC103BD2020051D202005FD20200132A9DD8F4
S21402CC2001A151F822F000BF79CC020009CD020022
S21402CC3027CD02003FCE0200A9CA02005DCB020049
S21402CC405DCB02005DCB02005DCB02005DCB020035
S21402CC505DCB02005DCB02005DCB02005DCB020025
S21402CC605DCB02005DCB02005DCB020083CF0200EB
S21402CC705DCB020017D2020000231A938DF86630AD
S21402CC800DF1660322460E99484600931AAB06F04B
S21402CC901FFF08F001FB0646EAF75EFB162894BF64
S21402CCA04FF002094FF02209F7F792FF2E4B074684
S21402CCB0B3F800A0FBF7EAFD2C4B80464FF6FF7058
S21402CCC0B3F800B009F0DFFD294B9DF866201988FD
S21402CCD0244B1B7813F002031CBF264B1B780B92C7
S21402CCE01A9ACDE90701CDE9093240232946CDE952
S21402CCF0019320460023CDE9058BCDE9037A1E4A2F
S21402CD000096FFF75DFBBBE608F0C6FA1B4B1C4A13
S21402CD101B88CDE92A0300232946204621B0BDE818
S21402CD20F04FFFF74DBBBE781AA9731EDBB2EF2B8E
S21402CD30304627D9F22E25D005F0FAF9822608F0D9
S21402CD40ABFA00232946CDE90003034A33462046C0
S21402CD50FFF736FB94E600BF7A300400735C0020CF
S21402CD6085300400805B0020506500204C65002062
S21402CD704A650020805C00209C3004004E6500203E
S21402CD80A930040005F0D4F9002856D008F084FA39
S21402CD909DF86C209DF86E100492BDF86A2049003A
S21402CDA00392BDF86820C9B2CDE901629DF86D20F4
S21402CDB003465200D2B208320A44009201200022F0
S21402CDC0C64909F075FF9DF86D30ADF866008DF81E
S21402CDD0633000283FF454AE4FF0000801230DF1F3
S21402CDE063011A460DF16600F5F790FC0746002827
S21402CDF07FF446AE9DF86330FAB293420CD89DF8A3
S21402CE006E308DF86330B8F1000F02D0BDF8663090
S21402CE1036E04FF00108E1E74146304605F08AF970
S21402CE200123ADF86400022219A90DF16600F5F798
S21402CE306DFC01370028DDD022E683267FE708F066
S21402CE402BFA064605F095F933460090002201209B
S21402CE50A34909F02DFF00283FF412AE00273E46F4
S21402CE60ADF8680005F085F95FFA87F840450DD8F9
S21402CE7032460421BDF8680000F07CFFBDF8683039
S21402CE80002229462046FFF79BFAF9E5404605F0C0
S21402CE904DF9FF288DF866000BD0012301361A469D
S21402CEA00DF166011AA8F6B2F5F730FC00287FF4F9
S21402CEB0E7AD0137D6E75046B7F8029005F036F9E7
S21402CEC0FF288DF8640000F0E2811AA905F030F917
S21402CED0BDF868304B4507D04FF6FF72914540F0DB
S21402CEE0D681190400F1D3819DF86D3012930E9B02
S21402CEF00533DBB213930F9B149300234FF0000904
S21402CF0011934B4613E017934900139BC9B2194479
S21402CF100D9889B209F06FFE4FF0000A179B159024
S21402CF2012995FFA8AF28A4216D309F10109149A13
S21402CF305FFA89F19142E6D39DF86E201292169A14
S21402CF401392002B40F09581119B002B40F09F819D
S21402CF50109B14930123D1E711999DF8640017934F
S21402CF6005F0E8F8159A179B0AF1010A824208BFF3
S21402CF700123D5E709F106095FFA89F3B04616934D
S21402CF8086E1BD1C29465046BC7A06F02AF90122E3
S21402CF902946504608F026FE504609F088FC2846E8
S21402CFA009F0B9FC3A88824207D04FF6FF729042E7
S21402CFB003D00CF015FA09F09AFC84F00804C4F3C6
S21402CFC0C00421462846FFF719F82146284621B014
S21402CFD0BDE8F04F06F0ABBDBBF1000F7FF450ADDD
S21402CFE012073FF5AEAD33463A462946204601F0D3
S21402CFF08FF900287FF444AD842329462046394A17
S21402D00021B0BDE8F04FFFF7DBB90F9897F8008024
S21402D01009F0F5F900210746204601F0E3FC312E1F
S21402D020A7EB0007FFB240F0D5804FF0000A0120C0
S21402D03053465246CDE9008A2B4909F039FEADF82F
S21402D040660000283FF41CAD162251461AA8EDF7DA
S21402D050D7F91AA808F0A9FB4FF0FF33DFF894B00F
S21402D060CDE91C339BF80090B9F1000F02D14FF0C6
S21402D070010A55E01D4E33796F2B02D9002632463F
S21402D08025E050461CA9F6F73DFF0028F6D0184BBF
S21402D090B6F80090B3F86830B9F1000F2CD1003B17
S21402D0A018BF01235B0143F004038DF87A30022394
S21402D0B08DF87B3073881B0A49461EA88DF87D3092
S21402D0C00CF0A2F8B8F1000F65D00026012202216A
S21402D0D0BDF8660000F04EFE32461CE5AD30040098
S21402D0E07A300400DEE50300B5300400BC540020AC
S21402D0F0404F0020B95B0020B3EB090318BF0123A1
S21402D1005B0143F005038DF87A3002238DF87B30FD
S21402D1100F238DF87C30CDE70AF1010A5FFA8AFA0E
S21402D1200AF1FF36F6B230460CF060F9C307F3D5C3
S21402D1309BF8003019EB030F04D009F101095FFADE
S21402D14089F9E9E7584B1CA918783044C0B2F6F7BB
S21402D150D9FE002892D0304609F0DAFB81463046E6
S21402D1600CF044F9C0070FD416238DF87A304F4BD3
S21402D1701B780133DBB20F2B28BF0F238DF87C30D0
S21402D1804B4B33F8163096E730460CF02FF98107F2
S21402D190EAD41223E9E7BDF866000BF033FC16303A
S21402D1A0B84292DC012316221AA90DF16600F5F7A1
S21402D1B0ADFA00287FF464AC012660E712073FF55B
S21402D1C0C0AC3B46224629460F9801F0F9F80028E3
S21402D1D07FF456ACBBF1000F7FF452AC0CE7BBF108
S21402D1E0000F7FF44DAC802307E708F055F8504552
S21402D1F07FF446ACB81CF5F7ADFF00283FF440AC10
S21402D20008F04AF8064608F047F82A4B2A4ACDE9BB
S21402D2102A03334680E538460BF0F4FF09F033FB69
S21402D22000283FF42DAC2A90002329462046234AA4
S21402D23021B0BDE8F04FFFF7C3B84B462A46214659
S21402D2400020CDE92AB721B0BDE8F04FFEF7F6BFC1
S21402D2504B462A4621460120CDE92AB7F3E75B462C
S21402D2604A46294620462A9721B0BDE8F04F06F0E6
S21402D27063BC012319A91A460DF16600F5F746FAB2
S21402D28000287FF4FDAB08F101085FFA88F8013642
S21402D29004F06FFF5FFA86FA50453FF60CAEB8F11F
S21402D2A0000F3FF433AC35E497650020685C00203D
S21402D2B0EE540020425C0020BA30040085300400A0
S21402D2C0F8B5164B04461D88154B20F8025B196804
S21402D2D079B10822EDF7E6F8124B0C201B78124EB5
S21402D2E0A372124B19780023DAB2914205D8FF22B4
S21402D2F009E0C4F802104160EEE7013300FB03F7D1
S21402D300F75BAF42F0D10A4BE2721B782373094BEC
S21402D3101B786373084B1B682361F8BD6E550020AB
S21402D3205C500020815C002058530020916500204C
S21402D330655C0020645C002048500020F0B589B08F
S21402D34006460C46154609F009FE0DF10A0201468C
S21402D350304609F0BAFC144F0346F0B901223A707F
S21402D3602288BDF80A102AB102460090072003F070
S21402D370C3FE90B103A8FFF7A3FFBDF80A000BF0A7
S21402D38041FB0646BDF80A000BF020FB2146009042
S21402D390F3B2284603AA05F04EFF0023034A3B7069
S21402D3A0136009B0F0BD00BF825C00205C50002014
S21402D3B0142230B58BB005460DEB02011548DEF798
S21402D3C06DFC10BBBDF81430DA0720D413F0060F3C
S21402D3D0C3F3410208BFC3F341220F4B0DF11601FE
S21402D3E09C5C68462246EDF79BF9BDF8263004F1B0
S21402D3F028026A4402F8283C02341B0A02F8273C38
S21402D40069462A46E0B208F0DEFD0BB030BD2320A6
S21402D410FBE700BF703214E0677D040010B58AB0E7
S21402D420ADF826200022CDE9052204920CAA02922B
S21402D4304FF6FF720446AC2101200192064A039081
S21402D44004FB0122603200924CF620010DF1260206
S21402D45009F06DFA0AB010BD404F002010B54FF625
S21402D460FF741E4A8AB0B2F86800B2F85E10A04294
S21402D470ADF82600B2F85C304FF6FD70ADF8241019
S21402D48018D081424FF0000094BF48F660014CF677
S21402D4906001CDE90500CDE90300CDE9010094BFA6
S21402D4A009AA603200920DF12602042009F03FFA22
S21402D4B00AB010BD81424FF000008CBF603209AA4C
S21402D4C000928CBF4CF6604148F66041CDE90500FB
S21402D4D0CDE90300CDE90100014AE6E7404F00200E
S21402D4E0AA4F002000B50E4B0022B3F85E308BB078
S21402D4F0ADF824304FF6FF73CDE90522CDE90322BD
S21402D500CDE9012209AA00924FF400610DF126022C
S21402D5100720ADF8263009F00AFA0BB05DF804FBD6
S21402D520404F0020202A10B5144614D8012A04D1F0
S21402D5300C88B4F5004418BF0124620030B10748D5
S21402D540ECF7B0FF064B00201C7010BD0548ECF748
S21402D550A9FF054BF7E72120F7E700BF705500202B
S21402D560835C0020B0550020845C00202DE9F04743
S21402D570104617460BF046FEDFF814A1DFF81491AA
S21402D5809AF8003099F800200546134302D100208D
S21402D590BDE8F08710F4406800F0400619D186BB5B
S21402D5A0B0F5804F5CD24FF4807400239AF80000E6
S21402D5B0344AD9B288425DD8002399F80000324A2C
S21402D5C0D9B28842E3D932F8021B0133A142F7D11D
S21402D5D055E0F81C0BF016FE4FF6FF73984214BF88
S21402D5E00124022486B1052605F44043B3F5004F14
S21402D5F044F0080424D0B5F5804F23D244F4807456
S21402D60020E044460326EFE7B5F5804F4FF00506C7
S21402D610F4D3B8F5406F14BF0220082030443844D3
S21402D6200BF0F0FD194B05F44045B3F85C3083422D
S21402D6300CBF44F0080444F00404B5F5004F01D1D1
S21402D64044F08004B8F5006F0ED1B8190BF0DAFD7D
S21402D6500E4BB3F85E308342A7D144F01004A4E721
S21402D660444603260220D9E7B8F5406F08BF44F0C7
S21402D67020049AE732F8021B0133A14299D1012015
S21402D68086E700BFB055002070550020404F0020AE
S21402D690845C0020835C00202DE9F04F104685B0A4
S21402D6A0164698460BF0AEFD5D4F00F00803B7F83D
S21402D6B05C10044600F00709F01C02930391B7F8C9
S21402D6C05EB00BF09FFD06F1050A054650460BF0CC
S21402D6D099FD03464FF6FF70854218D00399A1EBD9
S21402D6E0050CDCF1000545EB0C056D004FF6FF71ED
S21402D6F08B420ED145F004050BF092FB029B6BB1F8
S21402D700B9F1000F11D0422005B0BDE8F08F012517
S21402D710ECE79B4508BF45F00805EDE7B9F1030FB6
S21402D720F1D8DFE809F0021B795D0BF079FB08B946
S21402D730A807E8D524F00804A4B2B4F5004F05D033
S21402D740B4F5624F02D0B4F5404FDCD1002529462D
S21402D75097F8A820002007F0ECFB3CE0D7F88030D2
S21402D760E3B9002132460846FFF700FFD8B948F66B
S21402D770410224F038039BB29342C4D10A2D49D009
S21402D780062DC0D197F87730023B012BBBD8F3F7B2
S21402D79045FD0028B7D140F6040505E0414630466F
S21402D7A098470028DDD00825E20648BF45F08005E8
S21402D7B0A30648BF45F4805505F00C03042BC6D1DA
S21402D7C0F01D0BF01FFD97F8A83032460093414635
S21402D7D02B4607F083FB08B30E9B1880002093E7C6
S21402D7E0A90705D14FF6FF73B7F85C209A428AD193
S21402D7F004F44063B3F5006F0AD0B3F5406F82D1EC
S21402D800082250460749EDF747F900287FF47BAF18
S21402D8100C25C9E70425C7E7432075E7192073E7F7
S21402D820404F0020A04F0020034B1A781AB1FF2A5F
S21402D83004BF00221A707047865C002070B5084C40
S21402D840084E2378F55C1DB13E2107480BF0FCFB21
S21402D850FF2223782846F2540023237070BD00BFAF
S21402D860855C0020865C0020BE300400034B044A20
S21402D8701B78D05CFF3818BF01207047855C0020FB
S21402D880865C00200023074A07491360074A136094
S21402D890074A1360074A11600121074A1170074AB6
S21402D8A0136070476C500020B96A0300685000206D
S21402D8B064500020CC640020CE6500207450002006
S21402D8C00E2A70B50C4606461546194603D9FFF7CA
S21402D8D0D9FF502070BD012807D10020F3F7B8FC0D
S21402D8E0B0B1FFF7CFFF2120F4E780220021224BC0
S21402D8F01A70224B1960224B1B684BB134200BF076
S21402D900D9F8204B188018B9FFF7BCFF0120E1E7D1
S21402D91024F0FF6323F4FF231BB1FFF7B3FF4F206E
S21402D920D8E774B92046F3F7ADFC0124032510F0BE
S21402D930800F43B21BBF00F01F039C409C4044F084
S21402D94078440020104B24F078441E700F4B104988
S21402D9501D70104B1C60104B1870104B1A68F4F7B1
S21402D9601FF818B1FFF78EFF0420B3E79DF81020CA
S21402D9700B4B1A70AEE700BF875C00207050002089
S21402D98064500020F05500208C5C00208A5C002049
S21402D99085DC0200745000208B5C00206C50002056
S21402D9A0885C00207FB5244B00251A780123234883
S21402D9B0234903FA02F200781A440A60ADF80E50C0
S21402D9C020B3984236D11F4C1F4B20781B680DF1AE
S21402D9D00E0198471D4EBDF80E20307092B11C4BBA
S21402D9E029460093284602230195F4F713F8327865
S21402D9F0237822B1012A12BF1B230133DBB2237024
S21402DA0004B070BD013818BF0120F0E778235A43EE
S21402DA10013A0A6008220F490AF092FF0B49094AA6
S21402DA200978137821B1012912BF1B230133DBB217
S21402DA301370E5E71846E3E78A5C00208C5C00205A
S21402DA40785000208B5C0020CC640020CE6500203D
S21402DA50C1DC0200AD8D0300024B1868003818BF07
S21402DA60012070476450002037B505461C460BF06F
S21402DA70D7F968B974B1084B1A60084B0A461C609D
S21402DA800123294600930323FFF71AFF03B030BD94
S21402DA904D20FBE72520F9E7605000206850002063
S21402DAA013B504460BF0BCF958B962B1074B1A60BD
S21402DAB001230A46009321460323FFF701FF02B023
S21402DAC010BD4D20FBE72520F9E700BF645000207B
S21402DAD02DE9F0410446DDE906861D469DF82070D4
S21402DAE00BF09EF988B99EB1A2B10B4B01201A60C9
S21402DAF00A4B0A46C3F80080094B21461E602B4695
S21402DB000697BDE8F041FFF7DBBE4D20BDE8F08189
S21402DB102520FBE72120F9E7CC6400206C5000208A
S21402DB20685000200148F4F7ADBB00BFF055002056
S21402DB302DE9F0410020F3F7A1FE114B114C1E68AF
S21402DB40114B20881D68114B114FD3F8008010B17D
S21402DB503978F4F771FD00203870FFF793FEF4F77A
S21402DB60ABF90EB14046B0473DB12088A847002326
S21402DB702380BDE8F0410BF0E2BABDE8F08100BFB9
S21402DB8068500020F0550020645000207450002099
S21402DB908D5C0020F8B52F48F4F764FE2E4B1878FB
S21402DBA030BBF3F76FFB2D4F06463B6803B32C4B97
S21402DBB02C4D1C6824B195F900301A461946A04728
S21402DBC0294B1B6883B1294C2378312B0CD8284B60
S21402DBD018880AF0FBFE23785A1C22702A78C25450
S21402DBE023785A1C2270C65480232B7000233B6075
S21402DBF0204C23781A2B22D81F4A1278012A09D1E0
S21402DC0000211E4A156825FA03F0C007DAB20ED5BF
S21402DC1001B122700020F3F735FB2178884212D139
S21402DC200022174B1A70FFF7BDFE40B9F8BD01334C
S21402DC30D8B21A284FF00101E5D90A442270BDE88D
S21402DC40F840FFF775BF0020F3F72EFB0028E7D059
S21402DC50F5E700BFD06400208C5C002070500020E6
S21402DC6060500020875C0020645000208D5C0020FD
S21402DC70F05500208B5C0020CE65002074500020FA
S21402DC80895C002008B50B4B187880B90221F3F79F
S21402DC90CDFA094B1B782BB100214FF6FF720846CE
S21402DCA0F3F7A6FABDE808400448FFF773BF002161
S21402DCB00846ECE78C5C0020885C0020D0640020DC
S21402DCC038B5144B0C461D78012D21D181B9084672
S21402DCD0F3F7D8FA104A05FA00F013680F4923EA58
S21402DCE00003136020462A46BDE838400AF028BEE4
S21402DCF00B4A13780133DBB2022B137004D9BDE84A
S21402DD0038400848FFF746BFFFF74CFE0028F6D11A
S21402DD1038BD00BF8C5C002074500020AD8D03001F
S21402DD20895C0020D064002038B50C4605460AF00F
S21402DD3069FEA04203D82D2103480BF085F9284638
S21402DD400AF044FE204438BDD230040070B50646C0
S21402DD500D460AF03BFE044648B130460AF052FE33
S21402DD60A84203D8352102480BF06EF9605D70BDFB
S21402DD70D230040070B50C46064615460AF042FE3E
S21402DD80A04203D83E2104480BF05EF930460AF062
S21402DD901DFE00B1055570BDD23004002DE9F043DA
S21402DDA08FB007460C4615461E469DF85880F8F773
S21402DDB055F920B1F4F796FE08B144F400544D4BE1
S21402DDC01B7813B924F40074A4B2200509D546B909
S21402DDD0284604A9F5F750F9002846D024F4006432
S21402DDE0A4B2ADF81840ADF81A5007F055FA424BF7
S21402DDF0ADF81C00B8F1000F02D01A78424501D2E5
S21402DE0093F800803D4AE105137848BF0DF12101E1
S21402DE1003F10103DBB2137058BF08A922058DF87F
S21402DE201E808DF81F3006D53368083141F8083C4D
S21402DE30736841F8043CE30407D5314A0831136895
S21402DE4041F8083C536841F8043C0DF11808A1EB70
S21402DE5008005FFA80F9002148460AF02BFE0646C3
S21402DE6028B900200FB0BDE8F08304AEB9E70AF087
S21402DE70ADFD41464A46ECF753FC30460AF0C2FD79
S21402DE80804630460AF0A2FD0023024600934FF673
S21402DE90FF7004235FFA88F107F020F8ADF80E0051
S21402DEA00028DED040F201131C421AD14FF6F77357
S21402DEB09D4216D80AF0A6FD0DF10E01044628462C
S21402DEC000F090FDBDF80E000AF09CFDE4B2A04200
S21402DED007D9BDF80E0007F04EF8437843F0040366
S21402DEE04370BDF80E003A4601210AF0BBFDBDF8AC
S21402DEF00E00B7E7BB5B00208B650020BD5B0020F1
S21402DF00425C0020F0B50829D58889B028D00C29B3
S21402DF1026D0AE0424D405F040030B43424C2678A8
S21402DF2016B105F0200423432FB2002FB8BF43F0EA
S21402DF308003032920D11223AC068DF80430937A8D
S21402DF4010D48DF805300DF1060401A9621A0123DA
S21402DF5092B2F4F7DBFBB0FA80F0400909B0F0BDEC
S21402DF600B46DBE732228DF805308DF80420002EB2
S21402DF70E9D00DF11304E8E70C298DF804300ABF46
S21402DF80138953798DF80530548805BF1B0A8DF81E
S21402DF9006308DF805300DF1070318BF0DF10603A4
S21402DFA01C70240A5C70148802399C70240ADC7087
S21402DFB0147901291C7111D8917A002F597131DA1E
S21402DFC0022112899971DA71120A03F109041A728E
S21402DFD0002EBAD0AB06B8D50534B6E7A9071AD4D0
S21402DFE0002F0CDA117A51B1917A59711189127A8D
S21402DFF003F1080492B102229A71D971E8E70B4C38
S21402E000217801F1010C84F800C091729C1D002F4A
S21402E0105971DDDAEAE7917A9C1DF8E70122090ACE
S21402E0209A71EAE79C1DD3E7BB5B0020BC5B00202D
S21402E030014B1880704700BFF2550020014B18882C
S21402E040704700BFF25500202DE9F84307460AF054
S21402E050F4FF05461B480BF067F91B4B60B31C68C0
S21402E0603C1B2C44A4B20022184BDFF868901B78A5
S21402E070174D03EB830399F8006005EB43055FFA3F
S21402E08082F846450AD9AB8805F10A00A34216D99A
S21402E0900A23B21A29465A43ECF704FA013689F8DB
S21402E0A00060AC80B8F1000F03D1394605480AF08B
S21402E0B079FD2846BDE8F8833C461D60D3E7054651
S21402E0C00132DCE7F06400207C5000208E5C0020E9
S21402E0D08A5400208F5C00201FB5154A154C137811
S21402E0E0013BDBB213706168206801AA03C2218972
S21402E0F01180114A1278D21805D00A2320465A43B4
S21402E100E118ECF7CFF99DF806301B070DD0BDF8E5
S21402E1100C00FFF799FF03468288ADF8082001AA93
S21402E12003CA1288186059601A8104B010BD00BF75
S21402E1308E5C00208A5400208F5C0020002108B5E7
S21402E140084B09481970094B1970094B1A7802EBEB
S21402E15082025200ECF754F9BDE808400548F4F78D
S21402E16081BB00BF8F5C00208A5400208E5C00209A
S21402E17095650020F0640020F8B50024084D094F8C
S21402E180094E3B783178E2B20B449A4204F101041C
S21402E19000DBF8BD2846F4F775F80A35F1E700BF4C
S21402E1A08A5400208F5C00208E5C002010B5064C3E
S21402E1B0207828B1054807F00AFC10B1034B1888EE
S21402E1C010BDFFF789FFF3E78E5C00208A5400201B
S21402E1D008B50A4A0346107860B1094A1088984280
S21402E1E009D121B99378103323F00F039370FFF708
S21402E1F073FF012008BD0020FCE700BF8E5C0020F4
S21402E2008A5400202DE9F74F00260AF016FFDFF8A1
S21402E210F890B24699F80070B3463A46DFF8EC80BA
S21402E2201FFA80FEB8F800C0344CAEEB0C039BB26B
S21402E23001932378324D009303EB830305EB4303EC
S21402E240ACEB0E0C5FFA86FEBE4515D3BAF1000F94
S21402E25001D0009B2370BA422AD3002F37D00A225D
S21402E2602378C8F8000002FB03532648998803B0B7
S21402E270BDE8F04F0AF096BCB3F804E001998E456B
S21402E28012D84FF0010A009993F802E001310EF11C
S21402E290FF3EC9B2013AA3F804B083F802E0009147
S21402E2A0D2B20A330136CDE7E644A3F804E0F8E733
S21402E2B089F800204AB10A222378C8F8000002FB37
S21402E2C00353104899880AF06DFC237813B903B0FB
S21402E2D0BDE8F08FFFF76AFF06460028F5D006F085
S21402E2E07EFD0146304607F06FFB20B100212888EC
S21402E2F0FFF76EFFE9E740F60241F8E78E5C002082
S21402E3008A540020F06400208F5C00207C5000209D
S21402E3102DE9F04192F808801F4608F1FF33DBB280
S21402E320EF2B05460E46144688B00BD982238DF88D
S21402E3300E30314628469DF80E30204AFEF740F849
S21402E340012037E00E22002104A8ECF759F8B4F8B1
S21402E35009308DF81180ADF81230E37A03F07F02AF
S21402E360032A08D0012B24D103238DF81030A38969
S21402E370ADF815300EE0032B14BF022301238DF8EF
S21402E3801030E368CDF815302369CDF81930237DB7
S21402E3908DF81430A7F121014A420DF10E034A41CD
S21402E3A0009321460DF10F0304A8FDF737FC002861
S21402E3B0BFD1002008B0BDE8F08100BFDEE5030053
S21402E3C02DE9F04F00241D7895B0CDE902010492A4
S21402E3D0234622460120CDE90054404908F068FC55
S21402E3E0ADF81E00F8B1A346264627460DF12009D1
S21402E3F00DF1380AE8F7A4FF5FFA84F8404516D80C
S21402E4003A460221BDF81E00FFF7B4FC324604214C
S21402E410BDF81E00FFF7AEFCDDE903100022BDF8D2
S21402E4201E30FDF7CDFF012015B0BDE8F08F4A463D
S21402E43040460AA9FDF7E4FB9DF8282022B12DB13B
S21402E440013DEDB20137FFB20134D3E7BBF1000F55
S21402E450F8D199E803009DF829308AE803008DF880
S21402E4604030BDF82A30032A8DF841304FEA132394
S21402E4708DF8423017BF032301238DF843309DF8F1
S21402E4802C30DDF83110DDF82D0014BF8DF84C303D
S21402E4908DF8433011AB03C302980CBF4FF00E0841
S21402E4A04FF0150807F0ABFF0590BDF81E000AF006
S21402E4B0A9FA059900EB080399420BDB01234246B1
S21402E4C051460DF11E00F4F721F90028ABD10136B2
S21402E4D0F6B2B7E74FF0010BB4E700BFB530040061
S21402E4E038B505460D4B0E481C88F4F7A7F9012DE2
S21402E4F00CD10C4B1C88FA21614358B1884209D2D0
S21402E5008408012C204638BF012038BD022D08BFE2
S21402E5100224F0E702480AF045FBF2E786540020A0
S21402E520AC40002084540020012208B5054B064862
S21402E5301A7000210AF036FBBDE808400020FFF7FB
S21402E540CFBF00BFA65B0020AC4000201E4B73B5B9
S21402E5501A8802F108039BB2012B02D81B4B1B78C8
S21402E56023B902B0BDE87040F4F77CB90024184B1A
S21402E570184D1C70184B1C702B787BB14FF6FC7331
S21402E580164E0093224623462146308808F05DF94F
S21402E5904FF6FD732C70338001200FE0104B1046AF
S21402E5A0197807F00FFA0028F6D10C4B1A884FF6A6
S21402E5B0FD739A42F0D0012302202B7002B0BDE810
S21402E5C07040FFF78DBF00BF88540020A65B002076
S21402E5D0A95B0020A75B0020A85B002082540020D5
S21402E5E0AA5B0020012808B50AD002280CD020B960
S21402E5F0084B18700848F4F735F94FF0FF3008BD9D
S21402E600BDE80840FFF790BF0020BDE80840FFF7CE
S21402E61067BF00BFA65B0020AC40002002280CD8D3
S21402E62059B1064A13780133DBB21370044A1278E2
S21402E6309A4202D80220FFF7D5BF7047A85B002097
S21402E640AB5B002038B5A0F61343012B04460D46FB
S21402E65015D80E4A13780133DBB213700C4A1278BF
S21402E6609A420CD84FF6FD720A4B00201988914246
S21402E67001BF00221D80084B1A70FFF731FF2946A2
S21402E6802046BDE8384004F0DABD00BFA95B002092
S21402E690AC5B002082540020A75B002000234FF6CC
S21402E6A0FD71054A1370054A1370054A1180054A22
S21402E6B01370054A13707047A95B0020A85B002000
S21402E6C082540020A75B0020A65B002030B5094BD1
S21402E6D002461B7833B1084B084C19780023D8B28F
S21402E6E0884201D3FF2004E0013334F823509542D8
S21402E6F0F5D130BD94650020AE5B00206254002048
S21402E7000022FF21044B05481A70054B1970054B71
S21402E7101A789200EBF774BEAE5B002066540020B7
S21402E720AD5B002094650020F7B58DF807100DF15B
S21402E7300701044602F04CFD234B1D78002D41D004
S21402E7402046FFF7C3FF214EFF283178204B05D124
S21402E750204A107885422DD9451C1570884219D05A
S21402E7601C4A1B4D92F800C00022D7B2BC450CD9F9
S21402E7702F4697F803E00132864505F10405F4D1E9
S21402E78002B203EB8202D278FA7002B203EB820282
S21402E790D170307002B203EB820123F82240FF22CE
S21402E7A08A709DF80720FF2A02D003EB8203987036
S21402E7B003B0F0BD0A46104603EB8202D278FF2A67
S21402E7C0F9D1CBE7FF20F3E794650020AD5B00208C
S21402E7D066540020AE5B00202DE9F843FFF776FF73
S21402E7E0FF28044669D04FF6FF72354F03B2DFF8B2
S21402E7F0DC80344E27F8232098F80050A54202D138
S21402E8000020BDE8F883337820B28100A34207EBEC
S21402E810800090F803E010D00023294A5FFA83F9BB
S21402E8204D45944606D99CF803900133A14502F162
S21402E8300402F3D18CF803E001E086F800E0013D23
S21402E840EDB22A1BD2B2043192003944EBF72AFE0B
S21402E85088F800503378FF2B04D0A34224BF03F17C
S21402E860FF33337000214FF6FF70154BCAB2AA422F
S21402E8700CD300234FF6FF71134ADCB2AC42BBD274
S21402E880013332F823008842F7D1B5E79A78A242DC
S21402E8900BD11880DA78FF2A04D0A24224BF02F1F4
S21402E8A0FF32DA7001310433E0E7FF2AF2D0A242E7
S21402E8B024BF02F1FF329A70ECE72D20A1E700BFD9
S21402E8C066540020AD5B002062540020AE5B002040
S21402E8D0F8B51C4B05461B78084673B3FFF7F6FEE1
S21402E8E0FF28044629D02846FFF7F0FEFF2806D068
S21402E8F0154B164E1A780023D9B2914218D3FF212F
S21402E9002846FFF711FFFF28014616D00546104F8E
S21402E91023B207EB830237F823009678FFF704FF4B
S21402E920A84208BFFF25FF2E214608D12846F8BD7B
S21402E930013316F823108142DED1FF25F6E734466E
S21402E940E6E700BF94650020AE5B0020645400201A
S21402E950665400202DE9F04180460E461F460023ED
S21402E96086B001A814469DF830508DF80330FEF7A5
S21402E970A7FCADF804802EB13368CDF80630736874
S21402E980CDF80A3038460AF021F80DF10303421991
S21402E990214601A804F05FFC9DF8033093B9314686
S21402E9A04046E8F7C1FE0E4B1B785BB10B2C09D82C
S21402E9B0FF214046FFF7B8FE064605EB4404E4B2E4
S21402E9C0A54202D106B0BDE8F0812946384608F0D5
S21402E9D012F93146FFF7A8FE02350646EDB2EFE71A
S21402E9E09465002000232DE9F3470DF107028DF808
S21402E9F0073004460E4602F0D6FB9DF80730054661
S21402EA0063B92046FFF762FE04465EB1308809F01D
S21402EA10F9FF5FFA80F8FF2C45D10025284602B0A0
S21402EA20BDE8F087B046F6E701320C2AF5D02DB2E3
S21402EA3007EB8505AD78FF2DF6D112F0FF0AECD074
S21402EA404FEA4A050235EDB2002EE7D0304605EB16
S21402EA50080108F095F80028DFD152464146308872
S21402EA60FFF788F90AF1FF3208F1010108F10209FD
S21402EA703088D2B2C9B25FFA89F9FFF77BF924B2BD
S21402EA8007EB8404A478FF2CC8D023B2494637F893
S21402EA902320308808F0BFF80028BED109F1020909
S21402EAA05FFA89F9EBE725460022014FBFE700BF70
S21402EAB06654002008B5D6F7B9FED6F7DDFB00F09F
S21402EAC073F9D7F797FBBDE80840D6F73FB938B5D4
S21402EAD0044690F844108378826CCB1A5942594106
S21402EAE0D6F7BEF9E37893B1257985B900F0F4F844
S21402EAF00346A268218A04F11C009C1A8C4236BF87
S21402EB0052182946D11ABDE8384000F0DCB838BDA4
S21402EB1009B1D6F7FBBED6F709BF38B583880446D7
S21402EB2003B3E3780088A17804F10C05A3B10023AF
S21402EB30B1FA81F1E3704909FFF7EAFF4FF6FF7277
S21402EB40A388218993421CBF03F1FF33A380284682
S21402EB50BDE8384000F0B7B80123E370FFF7D8FFEE
S21402EB60E188F4E738BD10B5044681780088FFF7DF
S21402EB70CFFF0123E3700023A38010BD10B5817878
S21402EB800446B1FA81F100884909FFF7C1FF002364
S21402EB90E370A38010BDFFF7F1BF70B504460546CB
S21402EBA000262B4655F8040B10B11B1B0C2B00DD60
S21402EBB070BD237C8680002BF3D0637C13B1FFF7F5
S21402EBC0D2FFEEE7FFF7DAFFEBE7FFF7E6BF70B537
S21402EBD0044605464FF6FF762B4655F8040B10B151
S21402EBE01B1B0C2B00DD70BD8388B342F4D04FF4A0
S21402EBF0FA724FF6FF731146D6F782F9ECE709B1BF
S21402EC00D6F784BED6F792BE00F053B8034618462F
S21402EC1013F8012B8A4201D0002AF8D1704710B5AA
S21402EC203B2104460068FFF7F1FF0022034603F883
S21402EC30012B2068236010BD10B540B1421E0A2485
S21402EC40002012F8013F303BD9B2092900D910BD85
S21402EC5004FB0030F5E708B500F028F850F80C3C45
S21402EC6023B150F8041C30F80E0C184770470846BB
S21402EC7019B1FF21103002F0BDB97047007800F0DC
S21402EC80DF03552B07D0642807D0663818BF4FF02D
S21402EC90FF30C0B27047012070470320704718B19A
S21402ECA02D280CBF012002207047704708B501F0DE
S21402ECB093FD08B500F06DF8BDE8084004F099BA77
S21402ECC050E9023018470A460830FF2102F089B997
S21402ECD0FF21083002F096B908B50AF00DFABDE831
S21402ECE0084008F027BF2DE9F041044600274FF000
S21402ECF00C0E8F4202DB0020BDE8F08120789042A5
S21402ED0004D1002594F80780454502DB01370C3410
S21402ED10EFE70EFB05F6D4F808C00CEB06003CF84D
S21402ED2006609E42E8D00135EEE7F0B585B00546AE
S21402ED300E461746D6F724FF0446A0B131462846AB
S21402ED40D6F7ECFE83783A46002BA3683146029348
S21402ED50A378284601934FF0000300930CBF80234C
S21402ED604023E4F77DFF05B0F0BD08B51288D6F75C
S21402ED7007FF50B10279BDF80C309A4207D8816875
S21402ED800298EBF78FFB002008BD8620FCE789205F
S21402ED90FAE7002004F0A9BA08B504F00EFB002832
S21402EDA014BF0320002008BD704708B501F0FEFF1F
S21402EDB0FFF780FED7F73AF86420DFF7A7FE642055
S21402EDC0DFF794FE01F0F4FFD5F7EEFF08F00CFB38
S21402EDD0F8E7F8B5D0E90176437B04460D4613B151
S21402EDE033463E461F46FFF777FF012D206438461E
S21402EDF00ED1D6F72FF93046D6F750F9257360783C
S21402EE004FF47F42BDE8F8404FF48171FFF78DBFA3
S21402EE10022D05D1D6F742F93046D6F71BF9EDE7B3
S21402EE20D6F73CF93046D6F739F90025E6E738B585
S21402EE30037B04468B420D4607D190F844305BB301
S21402EE40BDE838404830FFF743BFFFF745FF216C67
S21402EE50431AC72B0CD80123C83184F8455084F8CE
S21402EE604430091A04F14800BDE83840FFF72BBFCA
S21402EE700DB1237B2BB929462046BDE83840FFF763
S21402EE80A8BF00212046FFF7A4FF0123C82184F86B
S21402EE90455084F84430E5E738BD90F84510FFF752
S21402EEA0C6BF0121FFF7C3BF0221FFF7C0BF002183
S21402EEB0FFF7BDBF4FF60173994210B5044602D163
S21402EEC00021FFF7B4FF2046BDE81040D7F7C8B8C8
S21402EED010B50446806BD8B1E278022A04D0636B80
S21402EEE05B7972B984F83C3094F83C306BB1FFF72A
S21402EEF03AFE60784FF60272BDE810400621FFF730
S21402EF0014BFB3FA83F35B09ECE7FFF737FEF0E7CB
S21402EF1010BD10B50446406BD6F79CF82046BDE8F7
S21402EF201040FFF7D5BF10B50446406BD6F7B6F8CB
S21402EF302046BDE81040FFF7CBBF10B50446406B35
S21402EF40D6F7D2F82046BDE81040FFF7C1BF10B58D
S21402EF500446002206214078FFF7E7FEA378022B3C
S21402EF6001D0FF2B04D12046BDE81040D7F796B952
S21402EF7010BD4FF60273994210B5044601D1FFF751
S21402EF80A7FFE378022B02D02046FFF7A1FF204618
S21402EF90BDE81040D7F782B9092901D9FFF789BE23
S21402EFA0704710B58278044603797AB90BB1D7F761
S21402EFB025FA2046D7F74EFA03236078A4F86C3079
S21402EFC05522BDE810401221FFF7AFBE012B01D13A
S21402EFD0D7F714FAA379012B02D12046D7F73AFACB
S21402EFE00123EAE710B58378044683B903790BB1A7
S21402EFF0D7F71AFA2046D7F771FA04236078A4F8EE
S21402F0006C305522BDE810401221FFF78EBEB0F8D4
S21402F0106C30022B0CD00379032B01D1D7F7EEF913
S21402F020A379032B02D12046D7F714FA0023E5E78B
S21402F030D7F794FAFAE7827883685AB9DB78002B16
S21402F04014BF03230423A0F86C3055221221407803
S21402F050FFF76BBE1A7922B9DB78003B18BF012393
S21402F060F1E70223EFE77FB500239E6A0446B6F572
S21402F070804F0D460CD201A8D7F718FC039B5B0500
S21402F08006D529462046336C04B0BDE870401847C2
S21402F09004B070BD00239B6AB3F5804F05D21B6B8C
S21402F0A0B3F5804F01D29B6818474FF481707047C2
S21402F0B01FB500239A6AB2F5804F04D340F20110BE
S21402F0C005B05DF804FB126BB2F5804FF6D2012252
S21402F0D001A8CDE902338DF80420D7F7E7FB039B9E
S21402F0E0DB03EBD5029B1A0EE8D0012A03D1C3F349
S21402F0F007430A2BE2D900239B6A1B6B1B6C9847BB
S21402F100DEE708B50AF0B8F9B0FA80F0400908BDA3
S21402F110134610B542B103439B0707D10AF0B0F974
S21402F120B0FA80F0400910BD0120FCE70020FAE7A3
S21402F13000230360704703680B600160704710B5D8
S21402F14038B132B129B100230139D45C14B9002395
S21402F150037010BD8B42FAD200F8014B0133F4E77C
S21402F160034638B10020814204D01A5C02B97047C7
S21402F1700130F8E770474FF0FF31FFF7F1BF70B587
S21402F1800C461646054660B15AB151B1FFF7F3FF79
S21402F190844206D9211A32462844BDE87040FFF759
S21402F1A0CEBF70BDFEE7FEE700239A4200D170474D
S21402F1B010B550F8234041F8234001339A42F8D163
S21402F1C010BDD7F7D3BF4369426CD91C143AB1FBC2
S21402F1D0F2F103EBC1000330B0FBF2F002307047ED
S21402F1E038B505460C46FFF7EEFF6A6CE31D143A87
S21402F1F0B3FBF2F3013304EBC30402FB004038BD59
S21402F20038B5054644692146FFF7EAFF6A6CE31DF6
S21402F210143AB3FBF2F3013304EBC304204438BDC3
S21402F220F7B507460E4600257C6CA819644280EAAC
S21402F23006031C4003D02C46204603B0F0BDFB6BF1
S21402F24001225B6901A99847019B0133F4D1043579
S21402F250EAE770B505460C46D9F75EFDEB6B20462D
S21402F260BDE87040DB68184770B50025044686B0D6
S21402F2700562E369AB4202D8206A06B070BD666CCE
S21402F2802068E36B05225B6901A906FB0500984727
S21402F29001A800F023FC00F046FC10B1236A0133FB
S21402F2A023620135E5E738B50446456C006804F18B
S21402F2B0400305FB0101E06B00F042FC05462046D8
S21402F2C0FFF7D2FF284638BDF0B50546002687B0C0
S21402F2D0EC69013CB44203D80C46204607B0F0BDA8
S21402F2E001B14C1E6F6C2868EB6B05225B6901A9A5
S21402F2F007FB0400984701A800F0F0FB00F013FC9F
S21402F3000028EAD121460136E2E7F0B504460D466A
S21402F310466CE36B006887B005225B6901A906FBB1
S21402F3200500984701A800F0D9FB00F0FCFB20B1CD
S21402F33001A800F0AAFB07B0F0BD29462046FFF759
S21402F340C3FF0646676C2068E36B05225B6901A96A
S21402F35007FB0600984701A800F097FB431CEAD07B
S21402F360B54238BF0130E6E72DE9F0434FF6FF79A4
S21402F370D0F8248004460E46C84514BF45460025EC
S21402F380002787B0E369BB4202D807B0BDE8F08326
S21402F390E26B2368606CD2F814C000FB05300522CD
S21402F3A001A9E04701A800F099FB022806D0C8454B
S21402F3B00CD1721C29462046FFF775FFE36901351A
S21402F3C0B5FBF3F2013703FB1255DBE7294620466D
S21402F3D0FFF79BFFB0F1FF3F14BF024632460132F1
S21402F3E0E8E70368F0B5CC1A436C0646B4FBF3F4C0
S21402F3F0002587B0F36937685A1E9542706C08D3A9
S21402F400706C336800FB043007B0BDE8F04000F0D3
S21402F41095BB0134B4FBF3F203FB1244F36B0522F3
S21402F4205B6901A900FB0470984701A800F056FB2F
S21402F43000F079FB0028E3D10135DBE710B423F0B6
S21402F440030422449B070A44436C18BF04325B42FF
S21402F45081EA0204234203D05DF8044BFFF7C1BFE2
S21402F46010465DF8044B70472DE9F041D0E90A36A4
S21402F4709E42044686B028D11422C369456802FB20
S21402F4801355284606B0BDE8F0812068676C331A2B
S21402F490B3FBF7F3E26B07FB0300D2F8148001A973
S21402F4A00522C04701A800F019FB012804D0636CAE
S21402F4B01D44013B3340ED1A31462046FFF791FFCB
S21402F4C00646A36AB342E0D1DBE70025F9E708B5B2
S21402F4D008301346D1E90012D9F7A4FB012008BD73
S21402F4E013B50C4600212176009361681346224626
S21402F4F0D7F792FF18B1E37D03B1A07EA075A07D79
S21402F50002B010BD73B5164600F108050C46284633
S21402F51009680DF1070200F098F9032E06D1636818
S21402F520834203D12846216800F076F9012002B012
S21402F53070BDD01E009B42424241187E824211D1CB
S21402F5401A688A420ED85A688A420BD35A6901321E
S21402F5505A61D3E9030282423FBF986840F82210FC
S21402F56001321A610120704710B5032A029C07D1A6
S21402F570A26A5340626C5242134201D100F04CF927
S21402F580012010BD08B5C36800209847BDE80840B2
S21402F590D9F7CABB012814BF0420022070B5002484
S21402F5A042431C70CC7D101D02F002024CB91AB107
S21402F5B0012220F003001A7000F10803486818447C
S21402F5C070BD1AB1012220F003001A7000230C7ECF
S21402F5D001F12005DAB2A24201D30020F0E735F8A5
S21402F5E033205E1C824206D901EBC30300F10802F7
S21402F5F0D8691044E4E73346801AEBE773B505464C
S21402F60090F842601C4630460DF10303FFF7C2FF36
S21402F610EB6B012E5B690DD1324601A998479DF826
S21402F620033013B1BDF806300193BDF804302360F1
S21402F63002B070BD0122214602B0BDE870401847F4
S21402F640F0B5054600244868EB6B87B00E460122EB
S21402F6505B69029402A908309847274695F842301B
S21402F660012B40F0AC80632C00F2AB80612C08D8F2
S21402F67005AB224631462846FFF7C0FF9DF81430F8
S21402F6805BB305AB2246314628468DF81070FFF76D
S21402F690B5FF95F84230012B059B7FD14FF6FF72DE
S21402F6A0934256D0082205A904A800F063FA059BE7
S21402F6B09DF81010C3F3072291424AD1DBB2029A98
S21402F6C01A44029245E0DCD005AB22463146284673
S21402F6D0FFF794FFBDF81430D2E795F84230012BBD
S21402F6E039D1612C2ED822463146284603ABFFF785
S21402F6F085FF3146284604AB621CFFF77FFF314682
S21402F700284605ABA21CFFF779FF102208230DEB53
S21402F71002010DF107008DF8073000F02BFA1022D7
S21402F72005A90DF1070000F025FA039BDAB24AB9E3
S21402F7309DF80720B2EB132F04D1DDE9043203EB68
S21402F7400243029395F84230012B14BF0123022391
S21402F7501C44013482E7302CF4D82246314628462F
S21402F76003ABFFF74BFF3146284604AB621CFFF79C
S21402F77045FF102320220DEB03010DF107008DF843
S21402F780073000F0F7F9039B9AB2002ADAD19DF807
S21402F7900720B2EB134FD5D1049BD2E70133D8D062
S21402F7A0102205A90DEB020000F0E4F9059B9DF876
S21402F7B01010C3F307429142CBD19BB27FE7312CA4
S21402F7C081D9029807B0F0BD13B500240194049CB9
S21402F7D00094D8F7FDFA02B010BD13B501240194C7
S21402F7E0049C0094D8F7F4FA02B010BD00234FF040
S21402F7F0FF3230B544689C4202D10023037230BD0A
S21402F800016801EBC30541F833206A600133F2E771
S21402F810C0E90012FFF7EABF0023F0B545689D4233
S21402F82010D00468DF0054F8332004EBC306B2F1AC
S21402F830FF3F08D0C2F31302914204D14FF0FF33C8
S21402F840E3517360F0BD0133E9E70023F0B5456884
S21402F8509D4202D14FF0FF300EE00468DE0054F8FD
S21402F8603340671C09D0C4F31307B94205D1240DEF
S21402F8701470036833445868F0BD0133E8E77047F4
S21402F88070B59400224605460E4609F0F9FD431C63
S21402F8900AD058B9224631462846EBF7FDF800282A
S21402F8A014BF3D20002070BD6E20FCE77120FAE7F1
S21402F8B013B5044601A8DAF731F89DF8063023801E
S21402F8C04FF480736380DAF737F86060002002B086
S21402F8D010BDD9F7A7BF08B5D9F798FF002008BD15
S21402F8E010B5044644EA010313F00303084609D19F
S21402F8F0934201D1002010BD54F8231040F8231083
S21402F9000133F5E721469200EAF70AFFF2E710B55F
S21402F910044609F0B1FD431C10D088B9DAF70CF89A
S21402F920234620F003002044984201D1002010BD57
S21402F93053F8042B0132F7D03E20F8E76E20F6E7A4
S21402F9407120F4E7704713B50023044601461B22D4
S21402F9500DF107008DF8073000F00CF922689DF8CB
S21402F9600730B3EBD26F0CBF0120002002B010BDEF
S21402F97013B500230446014620220DF107008DF838
S21402F980073000F0F7F80DF107001A22211D00F0EB
S21402F990F1F862689DF80730B3EB926F0CBF012056
S21402F9A0002002B010BD0068431C58425841704700
S21402F9B0006810F07E0F0CBFC0F3C16000207047D5
S21402F9C00068C0F3D3107047006800F07F0001287B
S21402F9D08CBF002001207047036813F07E0F14BF0F
S21402F9E0042008207047036813F07E0F03D1406896
S21402F9F020F07C40704713F078001CBF03F07F03B2
S21402FA00D81F7047006800F07F007047032809D0AF
S21402FA10022803D1C1F10201C8B2704700290CBF07
S21402FA2007200020704737B5054601F10C044369EC
S21402FA306946012220469847BDF80030012201930C
S21402FA402046AB6901A9984703B030BD37B501F12E
S21402FA500C044369012269460546204698474FF63C
S21402FA60FF72009B99B291420DD16FF30F0343F4DC
S21402FA70254343F0A503019301222046AB6901A961
S21402FA80984703B030BD0020FBE737B50446002593
S21402FA901B22011D0DF107008DF8075000F06AF8D1
S21402FAA060689DF80720B2EBD06F03D120F0784053
S21402FAB003B030BD0DF107001B2204F108018DF8DA
S21402FAC0075000F057F8A0689DF80730B3EBD06FE8
S21402FAD001D1C043EAE74FF0FF30E9E74BF29A2242
S21402FAE0036810B5B2EB134F044613D19BB2012B39
S21402FAF013D1FFF7CAFF01300CD04FF6FF72E06851
S21402FB00B2EB104F4FEA104309D180B2C01A18BFA9
S21402FB10012010BD2368013303D00420F9E7022038
S21402FB20F7E70320F5E701288CBF00200120704785
S21402FB30033801288CBF002001207047143070471C
S21402FB402DE9F04105469846036908460E461746D3
S21402FB509847044638B943463A4631462846D9F7C6
S21402FB6053F9044618B131462846FFF75CFF204693
S21402FB70BDE8F0811F2A0B689EBF4FF0FF3191400F
S21402FB808B43590801F055315B1A03F033319B0859
S21402FB9003F033330B44017803EB13130A444FF09C
S21402FBA0013103F00F334B43A2EB1362027070472E
S21402FBB008B507F0C1FABDE808400021D9F72EBA09
S21402FBC002210320D9F728BC704770477047704758
S21402FBD04FF050234FF400321A6770474FF0B0438D
S21402FBE05A6812B19A6A002AFAD1704770B5054669
S21402FBF014460E4609F029F92B685C4034405C40F6
S21402FC002C60BDE8704009F01BB9012241780378E8
S21402FC108A4030214B4342F2100103F1A04303F520
S21402FC2070335A50704721FA00F2D20730B50346B5
S21402FC3000F0FC040FD500220132D2B2042A02D10F
S21402FC404FF0FF3008E0831803F00303234421FA41
S21402FC5003F5ED07F0D4184630BD002070470020AB
S21402FC60704700207047002070470120704701202F
S21402FC7070470F207047EBF729BC002307B5CDE984
S21402FC800033012369464FF0FF308DF8023004F04E
S21402FC905BFB03B05DF804FB0020704710B508B9A3
S21402FCA0212010BD0029FBD0036813F0704205D155
S21402FCB0C3F30E030B607BB10020F2E703F050445F
S21402FCC0B4F1004F05D0B2F1304F02D0B2F1404F3E
S21402FCD0E6D103F07F03EDE74368002BE0D00B602C
S21402FCE0EAE737B50C46054610B9212003B030BD09
S21402FCF00029FAD0002301A90193FFF7CFFF0028BD
S21402FD00F4D12968019A11F0704102F1030222F03F
S21402FD10030201D12260E9E7AD68B1F1004FC5F3F5
S21402FD208033C5F3403504D103EB450353432360C8
S21402FD30DCE7B1F1204F01D12B44F7E7B1F1304FA8
S21402FD40FAD0B1F1404FF7D0CFE737B50C460546AB
S21402FD50002800F08780002900F0848000230B60D2
S21402FD60036803F070430B60C26822B1032A79D19C
S21402FD7043F080630B60AB689A0149D403F080734A
S21402FD80EA680AB9002B6DD1226822F0407213434A
S21402FD902360EA68032A05D12A69F62A62D962F341
S21402FDA017432360AB681B0442BF236843F4004337
S21402FDB02360EB68032B1FBF23682A6862F30E03D7
S21402FDC023602B68AA68002B2ADB12F4C84F49D19D
S21402FDD02B6803F0704303F10043B3F1804F05D262
S21402FDE0530542BF236843F48063236000232846FA
S21402FDF001A90193FFF752FF40B92B6813F0704236
S21402FE001FD12368019A62F30E03236003B030BD4C
S21402FE1003F04073B3F1407F18BF4FF00073AFE7B3
S21402FE20500402F4005105D4E1B1236843F40053B0
S21402FE302360CDE7236843F4804323600029C7D0BC
S21402FE40F3E703F05043B3F1004F05D0B2F1304F61
S21402FE5002D0B2F1404F05D1019B5A1E236862F3CD
S21402FE600603D2E72120D1E738B131B101234B6036
S21402FE704FF0005300208B6070472120704737B543
S21402FE800C46054608B9212016E00029FBD00123BE
S21402FE904B60C368A3B901A90193FFF722FF58B9C3
S21402FEA0019B6A699A4209D32A69002AEBD022602A
S21402FEB043F000530020A36003B030BD1D20FBE7D3
S21402FEC0032BE0D10023F5E7436813B9416070477E
S21402FED05B685A68012AFBD159607047FFF7DCBE9F
S21402FEE008B5FFF7D9FE002814BF6FF09200002075
S21402FEF008BD1346428870B50732072A0C464FEAF9
S21402FF00D20101D0A14222D1466805882022184695
S21402FF100021EAF775FA360A0346DEB9BCB141F2A9
S21402FF200102954205D0B5F5885F02D0B5F5905F1F
S21402FF3002D100205C6070BDB5F5105F0DD1182CA3
S21402FF4003D0202C01D0102C01D11C60F1E76FF0F9
S21402FF508600F0E76FF08B00EDE76FF08500EAE7CA
S21402FF60F0B51C46436806461B0A0F46154689B07E
S21402FF7035D122462946FFF7BCFF68B9EB1C23F0B1
S21402FF800303C4E90307636145B920220021204622
S21402FF90EAF736FA6FF0860009B0F0BD0146202275
S21402FFA06846EAF72DFA6A4629463046FFF7A1FF69
S21402FFB00028EAD12368009A9A42E6D16368019A39
S21402FFC09A42E2D1A368029A9A42DED1A369069ABD
S21402FFD09A42DAD1E369079A9A42DDD0D5E76FF002
S21402FFE08B00D9E7D9F7E2BFDAF7FCB870470020F2
S21402FFF0704700207047C3681944836853F821008D
S21403000030F8023B13607047012310B580F8883040
S2140300100378044653B100F061FA21462046DAF726
S214030020D3F92046BDE8104000F04DBA10BD38B5F0
S2140300300D460446DAF7B0F96B682046C4F8B032CA
S214030040A96800F096F94FF0FF332046C4F8B4329F
S214030050FFF7CDFF38BDD0F8B43210B501330446F0
S21403006001D0002010BD00F0BCFAC4F8B402013081
S214030070F7D194F8B80280F00100F3E708B5DAF791
S214030080C7F908BD0A7801382D2A0ABF01220022C3
S2140300908918DAF719BA07281BD8DFE800F0060A2A
S2140300A00D10131504170120704700220820DAF7F5
S2140300B00BBA00221020FAE700222020F7E70820D8
S2140300C0FFF7E0BF1020FBE72020F9E70846DAF742
S2140300D05DBA002070472DE9F74307280C46DDE993
S2140300E00A7690461D4608D8013806280AD8DFE85F
S2140300F000F01D27303A44574A00212850D003B059
S214030100BDE8F083002220461146EAF745F9336836
S214030110C0B205EB83013A6845F82300013348F87B
S214030120221033603B6801333B60E8E70022204639
S2140301301146EAF731F9336880B205EB8301EAE743
S214030140002220461146EAF727F9336805EB8301B8
S214030150E1E7002220461146EAF7CCFA336840B2BC
S21403016005EB8301D7E7002220461146EAF7C2FAD9
S214030170336800B205EB8301CDE700222046114623
S214030180EAF7B8FAE1E7002389461E461D468DF8CE
S214030190063019F8013F7D2B06D125702D0A6570B0
S2140301A03B6848F82340BDE7202BF2D006F0010257
S2140301B0013612B98DF80430EBE71022002101A8AE
S2140301C08DF80530EAF796FA631901359870ADB2E3
S2140301D0DFE72DE9F04F9B46002385B08B4581462C
S2140301E088469246CDE902336BDC1A461E4619F85A
S2140301F00340212C09D81F2C04D8103C072C98BF89
S214030200012200E001260133F1E7FF2CFBD15B441A
S21403021036B1013B43450ADD2B2005B0BDE8F08F20
S21403022062B1013B4345F7DC3546374602E000251D
S2140302302F462E46454504DB0020EEE79845F3D0CF
S214030240EAE75D453BDB19F80730202B18D109EBAD
S21403025007035B78FF2BDFD1CEB920465AF825106B
S214030260FFF719FF78B303AB019302AB0093204665
S214030270DDE90E235AF82510FFF72DFF0135D9E7E0
S214030280212B0ED109EB07035B78FF2BC4D1029B0E
S2140302905AF825200E99012641F8232001330293AC
S2140302A0ECE7A3F11004072C02D91C460137D3E769
S2140302B009EB07035B78FF2BAED1E4B2CCE7062449
S2140302C0CAE72120A9E72620A7E72DE9F04F07462E
S2140302D00E4615469846044685B0DDF84490DDE99B
S2140302E00FAB206808B3DAF80020D8F800108A426B
S2140302F01BDA0E9B53F82210D6F76CFE48BBDAF8CF
S21403030000200132CAF800206268117BFE291BD147
S2140303100E9B1068012100932A464346CDE902B995
S214030320CDF804A0FFF7D1FF04462B7843B999F81C
S21403033000302BB97EB101233C4689F800302B7080
S214030340204605B0BDE8F08F01238BF800302B70F4
S214030350EBE70C34C5E73446F2E710B504462368EA
S21403036003B910BD237A13B92046DAF745F90C34DE
S214030370F5E710B541B10A7932B901249C300C7106
S214030380FEF7D9FE204610BD0020FCE72DE9F0411C
S214030390BAB005460AAA084603A900F05FF9044660
S2140303A0B0B90DF10A0301930DF10B038DF80A00A2
S2140303B000930AAA284604AB03A9DAF7CDFA9DF8F8
S2140303C00A20B2B19DF80B2048B12AB1DAF714F926
S2140303D020463AB0BDE8F081FFF7BFFFF8E7D5F84F
S2140303E09C50002DF4D0A86808B1FFF7B6FF2D681F
S2140303F0F7E700B346681AAB06F10C082AAF019379
S2140304004046049B039900970AAAFFF7E2FE0446B8
S2140304100028DDD1039B05A8CDE90637049B059587
S214030420CDE90838DBF760FD05A83368984705A8CB
S21403043000F03FFDCCE72D24CAE710B50446AC30E8
S214030440E9F7DAFE04F1AB031A180020934200D151
S21403045010BD13F8011F0029FAD00A2908BF01307E
S214030460F4E70023F0B50B6013600646D0F8AC0241
S21403047078B196F8AC0060B1012406F1AC07D6F863
S214030480AC02844210D306F1AC00B3F5007F10D360
S2140304900120F0BD0D6801350D6015680135156046
S2140304A0F85C01330A2802D0B3F5007FF2D3013497
S2140304B0E5E7C15C0A29EBD00029E9D011680133CE
S2140304C001311160E1E710B50021D0F88C20044615
S2140304D0E9F796FF0023C4E9243310BD73B5044639
S2140304E000F1AC0580212046FEF73AFE4FF400717A
S2140304F006462846FEF734FE0136C0F500708642EF
S21403050020461FD8E9F778FE06462846E9F774FE24
S21403051001362946421CA819E9F7C4FF2046E9F725
S2140305206BFE214602462846EAF7FAF82046E9F724
S21403053063FE0A23204480F8AC300023C4F8AC32B0
S21403054002B070BDFFF779FF01AAC4F8AC02694692
S2140305502046FFF786FF0022009B234483F8AC2047
S214030560C0E773B50D460446FFF767FF6B1C19D14A
S214030570D4F8AC3213B1013BC4F8AC3200252046A4
S214030580E9F73AFEA84215D82046FFF79CFFD4F8B1
S214030590AC322BB16946204601AAFFF762FFA0B929
S2140305A002B070BD012DFBD1D4F8AC328342F7D232
S2140305B00133E1E7082000F023F8202000F020F8BC
S2140305C0082000F01DF80135D9E7009D04F1AC06BC
S2140305D0019BAB42E4D9715D2046DAF7EBFA0135AD
S2140305E0F6E707B500200DF1070100F0E7F820B99C
S2140305F09DF8070003B05DF804FB4FF0FF30F9E702
S21403060010B5C1B20446002000F0C8F800280CBF9D
S21403061020464FF0FF3010BD0FB407B504AA52F8BA
S214030620041B00200192DAF761FC002003B05DF89A
S21403063004EB04B0704710B54C1C0B460119045D5F
S214030640222C03D07B2C01D05C2C05D1D21A184463
S214030650E9F728FF012010BD0020FCE72DE9F0474D
S214030660054691468846E9F7C7FD2A4606461346D9
S214030670197801322029FAD0C9F800305C1B01230F
S2140306806FF0404AC8F80030A64201D8002014E0B4
S2140306902F5D29197B2F12D0222F2ED1D8F80030A8
S2140306A0621C53442A4449F82320012C09D911F823
S2140306B0013C13F0DF0F04D02120BDE8F0877D272F
S2140306C0F3E701342B5DBB4209D12B195B7813F09A
S2140306D0DF03F1D1222F00D12B550134D4E75C2B55
S2140306E007D1324621462846FFF7A5FF0028E3D068
S2140306F0013E0134A642E5D8DEE75C2F08D1324638
S21403070021462846FFF797FF0028D5D0013EE4E7A9
S214030710202FE2D10022631CB3420A70DDD2EA180E
S214030720EB5C202BD9D0D8F800300F2B05DC49F82A
S21403073023200133C8F80030CFE71E20BDE700F0C2
S21403074000B800207047D6F733BC70B50C46154684
S21403075010B9DAF7BFFB38B143682BB12A462146F6
S214030760BDE8704000681847232070BDF7B50D46F6
S21403077016461C4638B9DAF7ADFB04B901AC20B906
S214030780232003B0F0BD03B901ACC768002FF7D030
S2140307902346324629460068B847F2E707B50122E2
S2140307A08DF807100DF10701FFF7CFFF03B05DF8D3
S2140307B004FB0B4601461846FFF7F0BF0023012251
S2140307C0FFF7D4BF08B508F038FCFA23B0FBF3F004
S2140307D080B208BD0420704740F20160DAF770BCAF
S2140307E07047012070470020704749BA89B280EAF3
S2140307F00103C3F303125340180380B258405B014E
S21403080003F4FF535840704708B5DBF725F858B193
S214030810A0F15903042B06D8042B04D8DFE803F011
S2140308200404040304005C2008BDDBF76DB97047BD
S214030830F8B50C468D18073552421540A5F1080742
S2140308400646384600F0DFF9A188381B628801EBBC
S214030850E00189B2A2EBE00225F8041C25F8062C79
S214030860A288C310AAB1A4EBC202B2F802C0D18018
S21403087003EB0C015180E28892B1D31A9BB204EBCE
S214030880C20425F8023CA380B3680344B360384629
S214030890F8BD15F8082C42F0020205F8082CEAE722
S2140308A025F8022CF0E72DE9F04F4FF0000887B04B
S2140308B09946531C109B0546174614BF1446082436
S2140308C0CDF81480002B00F0C580C3F80080002903
S2140308D000F0C28042688A4240F2BE80073121F0AF
S2140308E0070608F0BFFA05AACDE9008282463A4613
S2140308F04B463146284600F08AF9059F834607B1E2
S21403090030B9504608F0A9FA192007B0BDE8F08FB1
S214030910B7F8028029694FEAC802C0EBC808013954
S214030920B8F1270F29617AD9B9F1000F51D1864260
S21403093006F1080848D0224639462846FFF778FFCE
S21403094004460590059B9844404600F05CF90599DB
S21403095006F10F004A88C308A2EBD002A8F80220CB
S214030960CA88A8F80430002A30D0D31A9BB201EB09
S214030970C202A8F8063093808B88F608A380B8F8DE
S21403098004303A46E380414600232846668000F05A
S214030990A6F9AB680833AB60237843F001032370F2
S2140309A02B6901332B616288AB68504603EBC203A5
S2140309B0EA68AB60934288BFEB6008F04EFA109B80
S2140309C0083400201C60A0E73C46BBE7A8F80620D6
S2140309D0D2E707EB08042046039200F014F90BF164
S2140309E00703DB080599638008F10703DB08A38088
S2140309F0CB8893B1DB00039AD81D821A5A44C2F3FC
S214030A00CF020B44E2809A80A38808F1FF384FEAAE
S214030A10D808A1F80280CB80BBE7E380F4E7B9F1FE
S214030A20010F1BD107F10803B3FBF4F204FB1233E7
S214030A30B3B1224639462846FFF7FAFE0446237822
S214030A403A4643F00103237021460123284600F06B
S214030A5046F9A8E7222058E7212056E78642E8D140
S214030A603C46ECE707B500224FF0FF3101AB01929D
S214030A70DAF7AAFC019803B05DF804FB2DE9F74FFB
S214030A8004460D46002900F0AB80D0E9056808F05F
S214030A90E9F915F8087C35F8061CFB07009000D525
S214030AA031B9009808F0D9F9012003B0BDE8F08FFA
S214030AB0A368D4F8109035F804ECA3EBC10B09F146
S214030AC00103A5F1080C4A1CC4F808B02361BEF163
S214030AD0000F7BD0ACEBCE03D888B3F802A001900E
S214030AE0187807F00207C00765D4002F64D1019871
S214030AF0A0EB0A07012F69D18A1CABF10807524401
S214030B00C4F81090A76035F802ECBEF1000F61D070
S214030B10D4E900700CEBCE0A07EB0009CA4559D29C
S214030B201CF83EC057461CF0010C15D1AEEB010174
S214030B30012911D1BAF80210AAF802C001310A44F9
S214030B40BAF80610002943D00AEBC1072169013918
S214030B502161A1680839A16015F8081C013A21F043
S214030B60010105F8081C002125F8061C5A801A788E
S214030B7061F300021A707FB3C3F107023A44C2F36B
S214030B80CF02DA80BA804EB3B34227D37288002AE4
S214030B9008BF1E46B8F1000F06D0434504D8B8F880
S214030BA00220002A18BF43460098C4E9056308F0EC
S214030BB054F9002079E74FB115F8087C724427F002
S214030BC0020705F8087C00279F809CE763469AE7A0
S214030BD00F46BBE70027BFE7DF80D4E71E46D9E70B
S214030BE0222062E710B50446DAF706FC2146BDE884
S214030BF01040FFF743BFFFF7F5BF0846FFF732BFC6
S214030C000846FFF7F8BF0023036043607047F0B55C
S214030C10D0E90554561C08BF0822002B4FF00000ED
S214030C2008BF2C46DDF818C0CCF80000002C37D0DF
S214030C309DF814706588FF0007EBC505C2F1000E2A
S214030C402078C00708D51BBBE088A0B104EBC0041E
S214030C50658807EBC505F3E78D42F4D363B904F162
S214030C600806B6FBF2F002FB106670180EB1A84237
S214030C70EAD8CCF80040F0BD082A0FD060880130CF
S214030C8004EBC000461A06EA0E06801B8542F0D225
S214030C90A0880028EFD0A4EBC004D9E70846E8E70D
S214030CA02046E8E703460069C0B10AB951B91A6895
S214030CB010460378DB0711D531B9C3885BB100EB67
S214030CC0C300F6E79A69F3E7012904D1838823B1C1
S214030CD0A0EBC300EDE700207047184670472DE9E8
S214030CE0F041D0E90554074688461646ABB195420F
S214030CF000D00ABB424600213846FFF7D3FFB44272
S214030D00054600D02EB9424601213846FFF7CAFFF2
S214030D100446C7E90554BDE8F081954208D08D42E4
S214030D2028BF0D46B44205D0444538BF4446F0E7D5
S214030D300D46F7E74446ECE79442EAD1E3E770B59D
S214030D4000261C46C3E90001C3E90266C3E90500A1
S214030D501E611A775E62FFF756FF23690139C908D9
S214030D60013341802361A36830460833A360E368F8
S214030D700833E36070BD002307B5684600938DF81B
S214030D800430D8F739FD03B05DF804FB10B508F05E
S214030D905CF8044606F062FA2046BDE8104008F008
S214030DA04FB870474FF4C870DAF786BBDAF738BC2B
S214030DB000F01CB87047704708B503F004F903F059
S214030DC00CF903F013F903F022F9BDE8084003F029
S214030DD031B9704708B503F0F1F803F0F0F803F003
S214030DE0EFF803F0EFF8FFF7F4FF08BD08B503F0DC
S214030DF022F903F021F903F021F9BDE8084003F0D6
S214030E0024B97047012070472DE9F34112F001051C
S214030E100446884622D110F0030525D12F465208F2
S214030E20BA4209D1D8F7F2FC0026B74204EB860093
S214030E3008D1D8F7F7FC11E054F8273001330CD16A
S214030E400137EDE7042258F826300DEB0201019333
S214030E5008F016FB30B1D8F7E5FC3D25284602B06E
S214030E60BDE8F0810136E0E70125F7E77047B0F10A
S214030E70006F0FD300F07843B3F1006F0CD000F08F
S214030E806040B0F1404F09D0B0F1604F14BF04206A
S214030E9003207047002070470120704702207047E8
S214030EA0002070471AB111B180B2DAF72DBE2120A7
S214030EB0704701F059BEE3F751BFFFF78DBCD0E989
S214030EC0023253F8223000211878E3F799BB7047B3
S214030ED002F08FB901F0DDBDC3688268013BDBB267
S214030EE052F823305B78652B02D10020E5F7D8BE95
S214030EF06E2B01D10120F9E7662B01D10220F5E71D
S214030F00704710B5D0E90232044653F822301878F9
S214030F1002F049FAE368A268013352F82330BDE8C9
S214030F201040187802F03DBA10B50446C0B2DBF79D
S214030F30B9FF200ABDE81040DBF7B4BFD0E90232A0
S214030F4053F822301878DCF7B5B802F0E4B9E4F7C2
S214030F50A5BB08B501F0BBFEBDE80840E5F78EBDAE
S214030F60D0E9023253F82230186801F0AEBE0020F2
S214030F70E5F78ABE0120E5F787BE0221DCF730B825
S214030F800321DCF72DB80521DCF72AB808B501469E
S214030F900C20DCF701F8BDE80840DBF78FBF08B587
S214030FA001460020DBF7F8FFBDE80840DBF786BF05
S214030FB007B5C2688368043253F8223001211B88C0
S214030FC00DF10602ADF806300023DCF78DFD03B005
S214030FD05DF804FB08B508F044F8BDE80840F2F7EE
S214030FE00BB810B51446DDF79BF82146BDE8104054
S214030FF007F0D8BD08B5DDF793F8BDE80840002133
S21403100007F0D0BD08B5DDF78BF8BDE80840F1F76B
S21403101029BC08B5DDF784F8BDE8084008F084B9B4
S21403102008B5DDF77DF8BDE80840F1F707BC704763
S214031030704708B508F015F8FFF7FAFF03F068F8ED
S214031040BDE80840DDF7B8B87047012070470120B7
S214031050704708B5DDF74CF900280CBF04200120C3
S21403106008BD70472DE9F34104460D4616461F4654
S214031070DDF8208008F08DF83B46324629462046A8
S214031080CDF8008003F046F83B4632462946204614
S214031090CDF80080FFF7E5FF02B0BDE8F04101F0B0
S2140310A063BD2DE9FF4704460D4616461F46BDF8A9
S2140310B030809DF83490DDF838A008F06AF83B4697
S2140310C0324629462046CDE9019ACDF8008000F045
S2140310D0FEFF04B0BDE8F04701F046BD704708B513
S2140310E008F057F803F019F8FFF7F8FFBDE80840D3
S2140310F001F03ABD012070472DE9F74304460D463B
S21403110016461F469DF8289008F043F83B4632469D
S21403111029462046CDF80090FFF7ECFF80463B4675
S214031120324629462046CDF8009002F0F7FF01F03C
S2140311301BFD404603B0BDE8F083012070472DE950
S214031140F74304460D4616461F469DF8289008F0BA
S21403115020F83B46324629462046CDF80090FFF756
S214031160ECFF80463B46324629462046CDF80090A3
S21403117002F0D5FF01F0F8FC404603B0BDE8F0836B
S214031180F8B504460D4616461F4608F002F83B46D9
S21403119032462946204602F0C3FFBDE8F84001F078
S2140311A0E3BC00207047F8B504460D46164607F024
S2140311B0F0FF324629462046FFF7F3FF074632463E
S2140311C02946204602F0ADFF01F0CEFC3846F8BDB6
S2140311D038B504460D4607F0DCFF2946204602F0E4
S2140311E0A1FFBDE8384001F0BFBC704710B5044608
S2140311F007F0CFFF204602F096FF2046FFF7F5FFE5
S214031200BDE8104001F0B0BC704738B504460D4643
S21403121007F0BFFF2946204602F097FF29462046DF
S214031220FFF7F2FFBDE8384001F09EBC704770B58B
S21403123004460D46164607F0ACFF324629462046BE
S21403124002F085FF324629462046FFF7EFFFBDE84A
S214031250704001F089BC704738B504460D4607F068
S21403126098FF2946204602F074FF29462046FFF7DA
S214031270F2FFBDE8384001F077BC704738B5054645
S21403128007F087FF284600F0EFFE0446014628468F
S21403129001F0ADFF01F068FC204638BD38B50446C2
S2140312A00D4602F058FF29462046FFF7E6FF38BDF5
S2140312B0704738B5054607F06CFF2846E3F7FAFC97
S2140312C004460146284601F090FF01F04DFC2046F7
S2140312D038BD38B504460D4602F03EFF2946204683
S2140312E0FFF7E6FF38BD704710B5044607F051FF19
S2140312F0204602F032FF2046FFF7F5FFBDE8104018
S21403130001F032BC704738B504460D4607F041FF7E
S2140313102946204602F023FF29462046FFF7F2FF20
S214031320BDE8384001F020BC704770B504460D4652
S214031330164607F02EFF32462946204602F010FFD7
S214031340324629462046FFF7EFFFBDE8704001F01E
S2140313500BBC704738B504460D4607F01AFF2946FE
S214031360204602F0FEFE29462046FFF7F2FFBDE8C0
S214031370384001F0F9BB704738B504460D4607F010
S21403138008FF2946204602F0EDFE29462046FFF7D1
S214031390F2FFBDE8384001F0E7BB704710B50446DE
S2140313A007F0F7FE204602F0DEFE2046FFF7F5FFC5
S2140313B0BDE8104001F0D8BB704710B5044607F0EF
S2140313C0E8FE204602F0D0FE2046FFF7F5FFBDE814
S2140313D0104001F0C9BB7047704770B504460D4610
S2140313E0164607F0D6FE32462946204602F0BFFED2
S2140313F0324629462046FFF7EFFFBDE8704001F06E
S214031400B3BB704710B5044607F0C3FE204602F090
S214031410AFFE2046FFF7F5FFBDE8104001F0A4BB82
S214031420704738B504460D4607F0B3FE29462046F6
S21403143002F09FFE29462046FFF7F2FFBDE838403C
S21403144001F092BB704770B504460D46164607F08A
S214031450A0FE32462946204602F08DFE3246294635
S2140314602046FFF7EFFFBDE8704001F07DBB7047F5
S2140314702DE9F34104460D4616461F46DDF8208047
S21403148007F087FE3B46324629462046CDF80080C5
S21403149002F072FE3B46324629462046CDF80080CF
S2140314A0FFF7E5FF02B0BDE8F04101F05DBB0E209B
S2140314B070470E20704738B5044607F06AFE20468C
S2140314C0FFF7F7FF0546204602F057FE2046FFF7D4
S2140314D0EEFF01F049FB284638BD00207047002088
S2140314E0704738B5044607F054FE2046FFF7F7FF6B
S2140314F00546204602F042FE2046FFF7EEFF01F0C7
S21403150033FB284638BD704708B507F042FE02F0A5
S21403151036FEFFF7F8FFBDE8084001F025BB0020C4
S21403152070477047704708B5DCF7B4FF00280CBF58
S2140315300420012008BD70470B68DA7B1AB9DB7CF0
S2140315400BB9DCF7CBBF8120704708B5DCF7DEFFAD
S214031550BDE80840DCF7E8BF7047DCF7D7BFDCF729
S214031560E3BF082808D84FF48B73C34013F0010F6A
S2140315700CBF212000207047212070470121DDF792
S214031580C5B80221DDF7C2B80421DDF7BFB80821CC
S214031590DDF7BCB81021DDF7B9B808B500F026F8BA
S2140315A008B1002008BDDDF701F90028F9D1DDF701
S2140315B00FF90120F6E7152808B503D1BDE8084062
S2140315C0DDF7FAB801F08BFE60B9E2F7C7FE032831
S2140315D006D100F009F828B9BDE80840FFF7DDBFDB
S2140315E00028EBD008BD70470020704700207047E6
S2140315F008B5DDF7CDFAFA23B0FBF3F008BD0321F7
S214031600DDF7F6BA01207047D0E9023253F82230EC
S2140316101878DDF7F5BC0868C37B1BB9C37C0BB928
S214031620DDF71EBD81207047D0E9023253F8223021
S2140316301878DDF757BD704730B50546044615F8EC
S214031640100B85B0029565691D44CDE900250B4650
S214031650A21D618801F025FE05B030BD704710B4A9
S21403166092F80A4192F8053103EB04230B81002319
S2140316705DF8044B1A4601F012BE1FB50446084631
S21403168071B12178FF290BD0238B029363690193F1
S214031690237C00936288A31DE3F728FBFF232370B4
S2140316A004B010BD0868C37B73B9C37C032B0BD887
S2140316B0DFE803F002080406DEF714B8DEF744B8E2
S2140316C0DEF774B8DEF722B881207047704770479C
S2140316D000207047137810B5032B0CD15479CBB286
S2140316E09C4208D19379B3EB112F04D153781B1A7C
S2140316F05842584110BD0020FCE77FB505460E460C
S21403170000246946E0B201F078FD28B96A463146FE
S2140317102846FFF7DFFF18B90134202CF1D100204B
S21403172004B070BDFFF7E9BF0868C37B9BB9C37CF1
S214031730052B10D8DFE803F0030D070B0905DEF7CA
S214031740D9B8DEF715BBDEF76FB9DEF7C1BADEF739
S2140317503FBADEF711B9812070470020704730B5D5
S214031760102587B001AA00210195FEF744FC044624
S2140317702A46002102A8E8F743FE2A46214602A885
S214031780E8F790FE012102A8DEF7D0FC07B030BDD3
S214031790DEF75EBC7047FFF7FDBF0B68DA7B5AB90E
S2140317A0DB7C012B04D0022B04D02BB9DFF7E2B885
S2140317B0DFF7ECB8DFF7F6B881207047002307B5EC
S2140317C0012101A80193D5F74BFA08B9D5F784F898
S2140317D0012003B05DF804FB08B502F032FA0528D1
S2140317E003D0003818BF012008BD0220FCE770476D
S2140317F0D0E9023253F822301878003818BF012097
S214031800E0F750BCE0F754BC002070470020704758
S2140318107047FF207047FF20704700207047002066
S214031820704700207047704706207047DFF7F8BE02
S2140318300868E0F7D1BB70B50D460446002128467C
S214031840164601F076F9324620800221284601F03A
S21403185070F9324660800421284601F067F90023B8
S214031860A360E3606060082070BD034641B1814217
S2140318704FF0640005D94343B3FBF1F0C0B27047A1
S21403188008467047E0F722BCE1F718BAE1F720BB39
S214031890B0F5807F05D0A0F500735842584140014B
S2140318A070470820704730B599B00D466946144610
S2140318B0E1F772FA30B915B1BDF802302B600CB1FE
S2140318C00D9B236019B030BD2DE9F04788B00E4656
S2140318D0904604A905AA07461D46FFF7E4FF0446FB
S2140318E038BB28800DF10C09DDE904A39A4520D204
S2140318F0062251463846CDF8009006ABE1F768FA63
S214031900D8B9039B062B18D12A88DDF81A3042452E
S2140319100ED2BDF8181026F832102A8806EBC2023B
S21403192053602A885344013206332A800493DBE744
S214031930F7D9204608B0BDE8F0870124F9E72DE97A
S214031940F0438FB00F46904601A9002204469946FD
S214031950FFF7A9FF18B101200FB0BDE8F0830622F8
S21403196020460DF1020302A9FFF7AEFF0028F2D1CD
S21403197005460246BDF80210019CEEB28E42EAD23C
S2140319800EAB03EBC60656F82C3C36F8306C063422
S214031990BE4217BFE418012213460022013522B1C6
S2140319A0C8F80040C9F80030D6E71A46E5E770B530
S2140319B00024012602F01FF9E5B2C26806FA05F50F
S2140319C09542234604F10104F4D3D8B270BD70B532
S2140319D086B0E1F72FF800F11006E6F79BFB00242C
S2140319E00546142201A9301902F00CF91CB99DF81A
S2140319F00430FF2B16D0002303F118026A4412F8B2
S214031A00142CFF2A06D11C44601E90FBF5F080B20E
S214031A1006B070BD2B44DBB2132BEDD91434B4F5EA
S214031A20826FDED14FF0FF30F2E7E0F739BE07B53D
S214031A3004220DEB020102F0E5F8019803B05DF80D
S214031A4004FB37B5054608460C46FFF7F0FFA842E9
S214031A5006D0042220460DEB02010195E6F7ACFB07
S214031A6003B030BD07B50B460092002102460120A5
S214031A70E0F7A8FE03B05DF804FB08B50121E0F724
S214031A80D9FDBDE80840E6F743BDE1F717B908B549
S214031A90FFF7F3FF002008BD08B513460A460146C4
S214031AA01846E0F723FF80F00100C0B208BD00200F
S214031AB07047704708B1E1F721BA704730B4DDE9E3
S214031AC002451DB1029430BC00F0C6B930BC704765
S214031AD01F2804D8142200F5A030DAF7DFB87047C1
S214031AE01F2804D8142200F5A030DAF703B970478C
S214031AF0152808B505D1FFF7DCFFBDE80840E1F778
S214031B0043BB08BD10B5142486B02246002101A8A5
S214031B10E8F776FC2023224601A94FF4A03001F013
S214031B207AFC06B010BD0020704713B500230C46A0
S214031B301A460146CDE90033E0B2E2F7E9F802B00F
S214031B4010BD13B500231446019001220093E0B2A2
S214031B50E2F7DEF802B010BDD0E9023253F82230C5
S214031B601868E2F74DBA194491420ADC421800207D
S214031B7003B9704712F8011D013B01EB0020DBB2ED
S214031B80F6E7002070472DE9F04F4FF0000A85B0C6
S214031B90019381460F4615465346019A11785FFA1C
S214031BA08AF2914203D8002005B0BDE8F08F019970
S214031BB009EB050801EB4202517892F802B011F0E6
S214031BC04004009101F03F061BD0AC19BC42D4BFC1
S214031BD00024012433466400A20740F18880009B5A
S214031BE01B0640F192800E9B324603EB0B0000214E
S214031BF0E8F706FC3D4600231D44ADB20AF1010A90
S214031C00CBE7042E07D866B1B31E022B0BD8DFE84A
S214031C1003F0122130003E2E37D03F2E5BD03D2EF0
S214031C204BD00320C0E7BD4234BF00240124012665
S214031C3064003346D0E7AB1CBB4250DC02233A4673
S214031C4029464846FFF78FFFADF80A0002230DF139
S214031C500A08C1E7EB1CBB4243DC03233A4629468A
S214031C604846FFF780FF0390042603230DF10C0874
S214031C70B2E72B1DBB4236DC04233A4629464846C8
S214031C80FFF771FF03900423F0E77A1E95422CDAE0
S214031C9002233A4629464846FFF765FF4FF6FF7389
S214031CA080B298420EBF0223023083B25C19A74269
S214031CB0B4BF0324012404268EE7BD4215D298F848
S214031CC00030FF2B0CBF01230133EC18BC42CCBF02
S214031CD003240124EFE70124042600237CE734468B
S214031CE0B4E70224C0E70224CDE70324E3E70E9A11
S214031CF002EB0B0014B142F80B807DE732464146F7
S214031D000093E8F70DFD009B76E702204CE710B53D
S214031D10144686B018811A460A9B0291CDE90343FE
S214031D2001230193099B014600930320BDF820304D
S214031D30E2F72AFA06B010BD1FB500240294079CEA
S214031D400194BDF818400094FFF7E1FF04B010BDFE
S214031D502DE9F0410E461746054686B098B391B373
S214031D608AB34FF0000802A95FFA88F001F045FA3B
S214031D70044640B99DF80830032B08D008F1010843
S214031D80B8F1200FEFD1204606B0BDE8F0819DF8EC
S214031D9009202B799A42F1D1BDF80A206B889A4222
S214031DA0ECD19DF80C30BDF80D006B7128812B46E5
S214031DB022464FF6FF71CDE90067FFF7BDFF002807
S214031DC0DCD00446DFE72124DDE710B586B00A9CA5
S214031DD004949DF824400394BDF820400294012403
S214031DE0CDE9003413460A4601460620E2F7CCF94D
S214031DF006B010BD1FB504460846194600230094D6
S214031E00CDE90123079BBDF81820FFF7DEFF04B0DA
S214031E1010BDF0B5022805460E4614461F468BB085
S214031E200AD106A9F0B201F0E8F998B99DF819307D
S214031E3023719DF81C306371119B22460493002383
S214031E40CDE902330193109B3146009328463B4667
S214031E50E2F79AF90BB0F0BD13B500240194049C85
S214031E600094FFF7D6FF02B010BD2DE9F0450646F5
S214031E70884614469A46002701258BB006A9F8B271
S214031E8001F0BBF920BB9DF81830012B19D19DF842
S214031E90192033799A4214D1BDF81A2073889A42CE
S214031EA00FD19DF81C3032467371B9B2CDE9030ADF
S214031EB0CDE90100434602200094E2F765F90546A2
S214031EC010B90137202FD9D128460BB0BDE8F085CD
S214031ED00546F9E70023FFF7C8BF10B50446E2F747
S214031EE031FF0021631E04F10F0213F8010FFF28D0
S214031EF008BF19709342F8D10023237410BD002045
S214031F00704770B506461D46E2F790FD044608B9CD
S214031F10212070BD3046E3F757F80028F8D0A068B4
S214031F202A46FF21FFF75DF89DF810300020637105
S214031F309DF81430A371ECE713B59DF81040CDE976
S214031F40003413460122FFF7DCFF02B010BD08B5CC
S214031F50E2F76CFD28B18068FF21FFF753F80020F5
S214031F6008BD2120FCE70122FFF7F1BF1FB50B4692
S214031F706A460146184601F036F96A4608230020E9
S214031F8032F8021B013B13F0FF0380EA0100F7D18E
S214031F90012838BF012080B205B05DF804FB2DE9A7
S214031FA0F04F87B0DDE9109B05468846484619463C
S214031FB01F461446BDF848609DF84CA0FFF7D6FFB1
S214031FC0042D0346ABF800001AD8022D1DD9042DA4
S214031FD007D04FF2F222A188914222D1E2889107DC
S214031FE01FD5E17A0022CDE9013720463346CDE9F5
S214031FF00392CDF800A001F045F907B0BDE8F08FD5
S2140320006A1F012A11D92120F7E700224146CDE9AC
S214032010119228462246109707B0BDE8F04F01F00C
S21403202040B94FF6FF760C21DCE7052D0ED10023D1
S214032030E17A0022CDE90137CDE9039200912346E8
S21403204052464146304601F010F9D6E74FF2F222E7
S214032050A188914204D1E288920701D5E17AE8E7A4
S2140320604FF6FF760C21E4E7F0B585B00546E2F7B8
S2140320709DF948B16B88B3F5006F05D1681D05B0AF
S214032080BDE8F04000F0EEBC284600F006FD04462E
S214032090C8B9E7B26946384601F0AFF878B99DF893
S2140320A0006066B92946384601F0ABF820B140F621
S2140320B00443984207D08C26304605B0F0BD013461
S2140320C0202CE6D1F7E78D26F6E7E2F755BB2DE998
S2140320D0FF4704460D460146184617461E46BDF8FA
S2140320E030809DF83490DDF838A0DDF73BF9D0B9A1
S2140320F02146284601F023F933463A462946204628
S214032100CDE9019ACDF80080E2F7DAFB33463A468A
S21403211029462046CDE90D9ACDF8308004B0BDE8B7
S214032120F04701F0F9BF04B0BDE8F087E2F772BDEF
S214032130E2F72ABDE2F74EBD10B5044601F00BF9EF
S214032140082201462046BDE81040E8F7ABB901F087
S21403215004B9002101F001B901F013B9002070475A
S21403216020207047F0F728B8F0F772B8F2F71CBBD8
S2140321707047E2F79BBE70B506460C46154600F060
S2140321804CF850B13CB135B1204600F0D8FC0130D4
S21403219080B2A84200D9002070BD304600F043F854
S2140321A040B1002CF7D0012DF5D9204600F0CCFC29
S2140321B00230EDE73046E2F7D9FDEAE7F8B5BDF8B9
S2140321C0185010B3967855B9D478A6F14107012F65
S2140321D007D8621ED2B200F0D1FD0020F8BD2C460F
S2140321E0F3E7433E012E04D8A21E92B200F0DEFDB2
S2140321F0F3E7D27813B90DB1AA4206D811B9E8F7B6
S214032200FFF8EAE7E8F74EF9E7E78920E6E741381B
S21403221003288CBF002001207047413801288CBF5B
S214032220002001207047433801288CBF002001207E
S214032230704700207047002070470388B3F57C4F33
S21403224001D3FFF7F8BF0846FFF7F3BF10B54A8878
S2140322500488A2420DD1037B0C79234009D0B2F542
S2140322607C4F08D3FFF7E7FF0B891B1A58425841E8
S21403227010BD0020FCE70120FAE738B50D88D488A6
S214032280A5420AD10388B3F57C4F08D2FFF7D5FFE2
S21403229013891B1A5842584138BD0020FCE7012019
S2140322A0FAE72DE9F04715460446B8B149B1EAB155
S2140322B000264FF0140AB04690F80490F3B29945FE
S2140322C001D800240AE027680AFB06773846FFF79A
S2140322D0BDFF013628B13C46A5F800802046BDE880
S2140322E0F0877B8943441FFA83F8E7E71446F5E74C
S2140322F02DE9F0470E4615460446B8B149B112B368
S21403230000274FF00C0AB846B0F80890BBB29945C0
S21403231001D800240AE06368324620460AFB0731E8
S214032320FFF7ABFF28B10C46A5F800802046BDE8B2
S214032330F0870B79013713F0300F02BFCB78434495
S2140323401FFA83F8E2E71446F0E72DE9F04186B07A
S2140323500D461446984604AA05AB03A90646E2F7BB
S214032360DBFD40B30DB1049B2B6034B3049D03988F
S2140323702946FFF762FF2B880746024671883078A6
S21403238000F04FFBD8B1297911F010030BD0EB788E
S2140323902A46CDE900433B4671883078FCF7E5FCD6
S2140323A006B0BDE8F0812A4620460599CDF80080A0
S2140323B0FFF704FFF4E78620F2E72046F0E77E20E7
S2140323C0EEE71FB51C460023ADF80A20BDF818201B
S2140323D08DF80400ADF80610ADF80C2069461A46D1
S2140323E001A800938DF80840FFF7AFFF009804B0EC
S2140323F010BDF0B587B00E4605AB04AA03A9044684
S214032400E2F78AFD08B3049D03982946FFF715FFF4
S2140324102B88074602466188207800F004FBB0B19B
S214032420297911F0100108D000963B462A466188A8
S2140324302078D3F76BFC07B0F0BD009101232A4642
S21403244031460598FFF7BAFEF5E78620F3E77E20C8
S214032450F1E72DE9F041064600254FF01408077909
S214032460E8B2874201D800241AE008FB05F0D6F844
S21403247000C00CEB00043CF8000081421AD132B1D4
S214032480802A10D194F90CC0BCF1000F12DAB0F513
S2140324907C4F05D32046FFF7CEFE834200D04BB9D0
S2140324A02046BDE8F081402A04D194F80CC01CF005
S2140324B0400FECD10135D3E70121E2F769BC08B53B
S2140324C013460022E2F792FD003818BF012008BD2C
S2140324D008B513464022E2F789FD003818BF0120ED
S2140324E008BD08B513468022E2F780FD003818BF02
S2140324F0012008BD08B540220023E2F777FD003827
S21403250018BF012008BD08B580220023E2F76EFD40
S214032510003818BF012008BD0023E2F767BD00217D
S214032520E2F7D4BD10B504460121E2F7CFFD2046FD
S214032530BDE8104001F024BE7047F8B516461F46A6
S2140325409DF81820BDF81C300546E2F74FFD78B11C
S2140325500421E2F739FE044650B1284600F010FB8A
S2140325603A4631462846A047BDE8F84000F0FCBA94
S214032570F8BD2DE9F74F1E46DDE90C9B0746884656
S2140325801446BDF838302AB3B9F1000F22D00EB383
S21403259092F804A099F80020504612F0080F0CBFDA
S2140325A0802240226188E2F721FD98B10821E2F7F4
S2140325B00BFE054670B1504600F0E2FA334622465B
S2140325C041463846CDE9009BA84703B0BDE8F04F27
S2140325D000F0CABA03B0BDE8F08FF8B5BDF81870BE
S2140325E016461A463B460446E2F700FDE0B177B9C5
S2140325F00221E2F7E9FD0546B0B1204600F0C0FA35
S21403260031462046A847BDE8F84000F0ADBA102191
S214032610E2F7DAFD054638B1204600F0B1FA3A464D
S21403262031462046A847EEE7F8BD73B5BDF8184017
S21403263016461A4623460546E2F7D8FCB8B1C4B98F
S2140326402021E2F7C1FD044670B1284600F098FA4F
S214032650099B3146009328469DF820309DF81C20A0
S214032660A047044600F080FA204602B070BD8624D8
S214032670FAE70024F8E72DE9F04186680446007877
S21403268000F07EFA002514273279EBB29A4203D87B
S214032690BDE8F04100F068BA7B4332682078D15A2F
S2140326A002EB030800F0C1F901214046E2F78CFD76
S2140326B0034608B1207898470135E5E72DE9F04F42
S2140326C01C4689B09DF84C30BDF8488001939DF8B0
S2140326D05030924602932246434607460D46E2F79B
S2140326E085FC8DF814700646ADF816508DF8184024
S2140326F0ADF81AA0ADF81C8018B9012009B0BDE8E2
S214032700F08F05A9FFF7A2FD0028F6D000252F4677
S214032710A8462C4634E00C231FFA85F903FB09F977
S21403272031887368B1F57C4F33F8092003EB090B46
S2140327301AD333F8090050452CD3019BA3422DD955
S21403274000F0BAF99BF80200E3F7EAF9029B43B1FB
S2140327509BF8043013F0010F0CBF05200720E3F7A6
S214032760DFF90134A4B219E0ADF81A205946304611
S21403277005AA0393FFF781FD039B0028D9D10135F2
S2140327803289ABB29A42C6D804EB0800C31B584240
S2140327905841B3E708F101081FFA88F80137BFB2BA
S2140327A0EDE710B5012488B006949DF83C400594E7
S2140327B09DF8384004949DF8344003949DF83040C7
S2140327C002940B9C0194BDF828400094E2F740FE67
S2140327D008B010BD2DE9F04786B0BDF83880DDF8A7
S2140327E03C909DF840A0CDF80080CDE9019A0446C0
S2140327F00D4616461F4600F012F9B8B1431EDBB26B
S214032800012B10D800230122811E48424841CDE9FE
S2140328100432CDE902A03B46324629462046CDE99E
S2140328200089FFF7BEFF06B0BDE8F0870120FAE790
S21403283030B50024012587B0CDE9044503959DF8FE
S2140328402C5002950A9DCDE90045FFF7AAFF07B075
S21403285030BD30B50024012587B0CDE90445039586
S2140328609DF828500094CDE901354023FFF799FFE2
S21403287007B030BD10B5012486B0CDE9044400246A
S21403288003949DF828400294099C0194BDF82040C7
S2140328900094FFF786FF06B010BD1FB5089C03948F
S2140328A09DF81C400294069C019400240094E2F7D1
S2140328B0CBFE04B010BD70472DE9F84F022907463A
S2140328C088460C9D04D84FF0000A5046BDE8F88FA2
S2140328D01BB10429F7D942F004023A702BB3032440
S2140328E07B701B0ABB70E4F7C5F94FF000099DF82F
S2140328F02830385504F1020A01343B550B9A5FFA27
S21403290089F3D45C002CE0D0732C10D82E464C2CC4
S21403291056F804BB3DD0532C15D0622C45D1AC8859
S21403292005F1080600231A4616E00124DBE7A4F1A6
S2140329307503032BC7D8763C2E1D022C52D8DFE82E
S21403294004F0565A58006A6805F1080694B2D2B2E3
S214032950B2F1FF0318BF01230AEB040119448845AB
S214032960B1DB50461946002947D153441FFA83FA70
S2140329705CB1BBF1000FA6D0224607EB0A0059460E
S214032980E7F7CEFE54441FFA84FA354609F10109E7
S214032990B4E74FF6FF736A6805F1080694B2224659
S2140329A09C4214BF02230023D6E76C2C05D158465D
S2140329B000F0CAF8841CA4B2B4E7732C04D15846BA
S2140329C000F0BDF8441CF6E7A4F13003DAB2092A96
S2140329D001D89CB2A6E7A4F14103062B3FF673AFDA
S2140329E0373CE8E7012300242A68A346B4E702231A
S2140329F0F9E70323F7E70423F5E700F1010C0139B0
S214032A003A54C9B2120A1FFA8CF0ACE70020E3F777
S214032A100FB80022E3F72CB80023E3F73FB80120F2
S214032A2070470120704701207047704700207047A9
S214032A300020704700207047002070470020704732
S214032A400020704770470E20704700207047002014
S214032A50704700207047002070477047FF2070477C
S214032A600E207047842070477047002070477047D9
S214032A7000207047002070470020704700207047F2
S214032A8000207047002070470020704700207047E2
S214032A9070470E20704700207047002070470020C4
S214032AA07047704770470E20704770470020704786
S214032AB0812070477047704738B50546C0B2E3F7C4
S214032AC02FF80446280AE3F72BF814B1002808BFAA
S214032AD00024204638BDF8B50546C0B2E3F720F813
S214032AE00446C5F30720E3F71BF80746C5F307407C
S214032AF0E3F716F80646280EE3F712F824B12FB1CB
S214032B0036B1002808BF00242046F8BD3C46FBE744
S214032B103446F9E710B4CC18944203DC5DF8044B52
S214032B20FFF721B800205DF8044B70470423FFF736
S214032B30F1BF08B50223FFF7EDFF80B208BD0078AA
S214032B40FF2808BF0020704708B502220021FFF7C0
S214032B50F0FF4FF6FF73984208BF002008BD003809
S214032B6018BF0120400070470020704708B5FFF7E4
S214032B70A3FCFF284FF0FF3018BF0020C0B208BDEB
S214032B8008B5FFF7F3FFFF280CBF2120002008BD80
S214032B90F8B506460C4615461F4600F011F810B168
S214032BA02544AC4200D1F8BD3946304614F8012B13
S214032BB0E3F7A8F8F5E7014600220220E3F732B868
S214032BC00120704737B50546E1F7BCFA0446019580
S214032BD00CB981201CE0237823B12046E1F7BAFA2A
S214032BE00446F5E72B6862685B889A42F5D1A368CA
S214032BF0EA7B99B272B12A8A9142EED16A7DB2EB30
S214032C00134FEAD10020E36801A998478128E4D04E
S214032C1003B030BD4FF6FF72EEE72DE9F8430446E6
S214032C200F46904699460BB3012A1FD80C20E7F7A8
S214032C30EDFD064610B91920BDE8F8831020E7F726
S214032C40E5FD18B93046E7F7E9FDF4E7012300256B
S214032C5047EA084770600570C0F80C9044608760C8
S214032C6033803046E1F766FA2846E5E72120E3E7B6
S214032C7038B50446436808460D469847B4F9083005
S214032C80002B02DB2B78042B06D10023204663603F
S214032C90BDE83840E3F7C8BB38BD30B54FF48A55B6
S214032CA087B0ADF816200DF116041A46029543B107
S214032CB000230122CDE90033234600F01EFA07B0B5
S214032CC030BD019401240094F7E7FFF7EBBEFFF74E
S214032CD0BCBE0020704708B500F001FB20B900F029
S214032CE048FB08B9E0F71EFCFFF7D2FEBDE8084034
S214032CF0FFF7DBBE0020E3F7FFBF0021E4F79CB835
S214032D000022E4F75BB81FB5D2880B4612F0200FFB
S214032D104FF6FD7114BF49245224ADF80610510531
S214032D2044BF083CE4B2110544BF083CE4B21204B5
S214032D3044BF023CE4B2032805D8DFE800F0020FE4
S214032D40161CADF80630BDF80600FFF787FEFF2811
S214032D501CBF241AE4B2204604B010BD02AA0DF12B
S214032D600601D8B200F079FAEDE7D8B200F047FAD8
S214032D70ADF80600E7E7013CE4B2E4E7F8B506463B
S214032D8017460D4681B10C78FF2C0BD00846FFF78B
S214032D90D6FEB84228BF3846C4B22246691C701C09
S214032DA0E7F780FB3470F8BD0C46FBE770B50446C6
S214032DB015460E4611B94170017070BD0B78FF2B96
S214032DC005D14B78FF2B02D103704370F5E73046ED
S214032DD0FFF7BAFEA84228BF284685B22A46B11C8A
S214032DE0A01CE7F75FFB25702D0A6570E5E7F0B5D5
S214032DF023B9013A531C2FD1002020E0042AFBD824
S214032E0000231C46551E6E1C1AD1042A10D001211D
S214032E10D200501E01FA00F020421EBF91404942E4
S214032E200C4318421EBF4FF0FF3101FA02F2134360
S214032E309C421EDCB4BF4FF0FF30002040B2F0BD12
S214032E4040B1465DEF00BE4034434E5D013DBE409B
S214032E503343D8E70646F5E78C5C38B90346A34206
S214032E6002F1FF32C6D24FF0FF30E8E7835CA3429D
S214032E70F5D90120E3E7283807288CBF0020012076
S214032E8070471D2810D004D840B11C2804D0552004
S214032E9070471E380128FAD81A2901E00B390F2982
S214032EA08CBF5520002070470829F9E70020002131
S214032EB07047F7B59DF820400546082C104619467E
S214032EC09DF8246036D8002213462C44AC4208D121
S214032ED006F0FD04382C0ED10096FFF7E7FF03B08B
S214032EE0F0BD14F8017D1B0243EA12631202BA18FE
S214032EF043F10003EAE7392E10D107EE100A07EE76
S214032F00902AB4EEE77AF1EE10FACCBF77EE677A42
S214032F1077EEC77A002117EE900AE0E7824273EB5A
S214032F20010403D2801A61EB0301D8E7101A63EB9E
S214032F300101D4E700200146D1E738B5C36814463B
S214032F401944836853F821501AB12846E7F754F911
S214032F502070284638BD2DE9F3411C4616460DF170
S214032F6007029DF82050FFF7E8FF9DF807308046DC
S214032F70A34288BF8DF807409DF807700DB1E41B88
S214032F80E5B22A4600213046E7F73AFA3A46414682
S214032F907019E7F787FA384602B0BDE8F0812DE9E5
S214032FA0F3411D46164601AA9DF82040FDF723F877
S214032FB0019B80469D4238BF0195019F04B1EC1BDF
S214032FC0224600213046E7F71BFA3A4641463019B7
S214032FD0E7F768FAF8B202B0BDE8F08173B50024EB
S214032FE0154601AA1E460194FDF705F8019B072B1B
S214032FF00AD92146CCB216B1C4F10704E4B2425C46
S214033000013108292A55F5D1D8B202B070BD1FB5D3
S214033010030A8DF80E300323009303AB8DF80D00DF
S21403302000F0BBF805B05DF804FB1FB58DF80F1074
S2140330300421030A8DF80E30009103AB8DF80D00C2
S21403304000F0ABF805B05DF804FBF0B589B0166880
S2140330509DF83C50CDF809608DF811305668BDF8E0
S2140330603830012D109FBDF84440CDF80D60ADF803
S21403307012308DF8145014D0032D19D13B68CDF8B7
S21403308015307B68CDF819309DF848308DF81D3023
S21403309016230093BDF84C2002AB00F07EF809B06F
S2140330A0F0BD8DF81540240A0F238DF81640F0E77F
S2140330B00120F4E71FB50446084611461A460223C4
S2140330C08DF80D100093214603AB00F066F804B0AC
S2140330D010BD10B514461A460B6886B0CDF80D30F1
S2140330E04B683421CDF811300A23009303AB8DF8D7
S2140330F0154000F052F806B010BD2DE9F041B6B009
S21403310014461D4606460F469DF8F080E4F7B8F8C9
S21403311003AA8DF80C001046330A8DF80F703F0A89
S2140331208DF80E308DF80D602B468DF810708DF8E7
S214033130114005EB4405AB4202F102021FD16200C7
S214033140D2B2931DDBB23D99D8336B44073203F8F2
S214033150CC8C01EB4805D3B250FA82F2A94202F1B5
S214033160020212D103EB4803009006213046BDF855
S214033170F820DBB2E4F78EF836B0BDE8F08133F81A
S214033180021B1171090A5171D5E731F8024B02F897
S214033190024C240A02F8014CE0E72DE9F0411C46F4
S2140331A005460E4617469DF81880E4F769F8207022
S2140331B043463A46314628460694BDE8F041E4F7CE
S2140331C069B8002070477047D8F7D2B87047704781
S2140331D0704770477047002070477047704700205D
S2140331E070477047704702F0EEBEFEF772B8FEF700
S2140331F055B803F031BAF8F72DBC03F01EBAF8F74A
S214033200E7BBF8F74FBCF8F709BCFEF71CB9FEF7A7
S2140332106BB8FEF778B8F4F781BEF4F785BEF3F71C
S214033220E5BDF2F707BFF2F70BBFEFF7DFBBFEF71D
S214033230B5B8FEF77AB8FDF715BFFEF79DB8FEF7EB
S21403324089B830B4BDF808409DF80C50CDE9024566
S21403325030BCFDF726BFFDF793BFF8F795BDE4F73F
S21403326069B8F8F75BBEF7F7A7BC70B49DF80C40D7
S214033270BDF810509DF814600394CDE9045670BC55
S214033280F5F7ACBC70B49DF80C40BDF810509DF833
S21403329014600394CDE9045670BCF5F7DFBCF5F76C
S2140332A0C9BD10B49DF8044001945DF8044BF5F7CE
S2140332B019BD10B49DF8044001945DF8044B01F069
S2140332C073BF01F073BFFDF7A0BFFDF7B0BFFDF7F7
S2140332D0C3BFF1F717BCF2F759BAF2F72BBAF1F7F7
S2140332E03DBA02F09FBAF1F7E1BD02F0E1BAF1F799
S2140332F041BFF1F713BBF2F74FBAF2F7D1B9F2F7C2
S214033300E7B9F0F727B9FEF7B3B8FEF766B8FEF7E6
S21403331079B8FEF786B800F00BBC00F004BCF7F7EC
S21403332081BCF5F78BBAF7F75BBCF7F781BDF5F70A
S21403333055BAEFF747BBF6F777BEFFF745BFFBF780
S2140333406DB9FEF7E1B8FDF751BFFEF736B801F0E9
S21403335001BDE3F74DBFEFF7F9BEEFF7F3BB01F09F
S2140333609BBF01F06BBFEFF741BCEFF77FBEEFF7F4
S21403337083BEEFF7AFBBE3F757BFE3F769BFE3F7E8
S21403338041BFEFF75DBBE3F747BFF9F71FBB01F09C
S21403339053BF01F01ABFEFF759BBEFF7C1BEEFF704
S2140333A0A1BBE3F7E5BFE3F7DDBFF9F713B9F9F719
S2140333B0FFBA03F05DBA03F063BAF9F783B9F9F716
S2140333C0FFBA00F063B900F0A1B900F0C9B900F084
S2140333D0A0BA00F010BB00F079BAE4F7BFBC00F067
S2140333E0E6B900F013BA00F026B810B51C4601F093
S2140333F0C2FD05F007FF0023C0F340202370400002
S21403340010BD002208B50B461146FFF7EEFF023843
S21403341018BF012008BD0020704770470020704782
S21403342070470020704770470E2070470120704792
S21403343070470120704714220021E6F7E1BF70476A
S21403344070B505460C468AB0252200210DF103000F
S214033450E6F7D6FF6B68CDF81D30AB68CDF82130A4
S214033460234601AC03F11006224618685968083350
S21403347003C2B3421446F7D101236A7B8DF80230A8
S21403348012F0040F0CBF4FF480734FF4A0731107B0
S21403349048BF43F48063ADF80030930748BFBDF8D8
S2140334A00030684644BF43F00803ADF80030F4F735
S2140334B0CFFE0AB070BD30B5427B0D46D107044639
S2140334C08BB007D5407801A9F4F728FFD8B12D2093
S2140334D00BB030BD9307FAD5C2F3800310074FEA4B
S2140334E08313ADF8023044BF43F48063ADF8023073
S2140334F0BDF80220201D0AB10DF1020201A902F057
S2140335007FFD0028E3D001AB03CB9DF81430A16008
S2140335102373BDF810306060590642BF627B42F0E9
S214033520040262735A0542BF627B42F0080262736A
S2140335301B0742BF637B43F0020363732B4606AC51
S2140335400AAD224603CAAA4218605960144603F11C
S2140335500803F6D10020BBE7F0B504460D4693B04A
S214033560252200210DF12300E6F74AFF636804F1E4
S214033570040CCDF83D30A36809AECDF841302B4698
S21403358005F11007324618685968083303C2BB4270
S2140335901646F7D105238DF82230637B5B0103F4CF
S2140335A00073ADF820306378FF2B1AD100236046F2
S2140335B01A4601A900F0CAF99DF80530FF2B0DD174
S2140335C0002301A91A46184600F0C0F99DF80530F5
S2140335D0FF2B03D11C26304613B0F0BD9DF80530F3
S2140335E063700020617808AA00F09BFA064600285C
S2140335F0F1D1607801A900F02FFA2B4603AD2A46D5
S21403360018685968083303C2BB421546F7D1637B73
S2140336106078DB0648BF9DF81C3001A944BF63F001
S2140336207F038DF81C3000F02EFAD4E710B504465D
S2140336308AB02422002101A8E6F7E2FE637B59073D
S21403364044BF4022ADF810201A0742BFBDF8102031
S21403365042F48062ADF81020DB070FD5607801A92D
S214033660F4F75CFE10B12D200AB010BD01AB03CBFE
S214033670637B606043F00203A160637304A9201DAB
S21403368002F0C0FC0028EED00020EDE71FB5694627
S21403369000F066F8002818BF2D2005B05DF804FB7F
S2140336A073B50D4614460646E3F786FF6B881A077E
S2140336B01AD522463146102002F085FC2046E3F751
S2140336C07BFF6B88D90717D50023224601210DF10E
S2140336D007008DF80730E4F73BFA6B88002B0CBF26
S2140336E02120002002B070BDDE06EAD5224608215E
S2140336F0281DE4F72DFAE1E79A0701D50223E4E74C
S2140337005B07EAD50323E0E70F2070471FB50C4697
S214033710694600F025F8102221466846E7F7BCF90B
S214033720B0FA80F0400904B010BDB8B1B1B1438817
S214033730A3B90378013B082B10D8DFE803F005078D
S214033740090B0F0F0F0F0D00E4F704B9E4F75EB98A
S214033750FFF776BEFFF700BFE4F7ECBA2120704709
S21403376038B50D4609B300B30378013B082B1AD8C6
S214033770DFE803F0050D1013191919191600E4F7FD
S21403378021F90446284602F01EFE204638BDE4F71B
S2140337905DF9F6E7FFF78FFEF3E7E4F78DF9F0E759
S2140337A0E4F7D2FAEDE72124ECE72124EDE770B540
S2140337B086B0064601A80C461546FFF73CFE0423D2
S2140337C08DF804301CB12068616802AB03C3294638
S2140337D001A88DF80560FFF7A8FF06B070BD70B5A9
S2140337E086B0044601A80D461646FFF724FE0323BB
S2140337F0206861688DF8043002AB8DF8116003C34E
S214033800294601A8FFF791FF06B070BD0022FFF717
S214033810E6BF30B5437B044613F001020D468BB07A
S21403382007D0407801A9F4F779FD70B12D200BB0CD
S21403383030BD9B07FAD5ADF8022001A90DF10202AF
S214033840043002F0DDFB0028F0D000210E22A81C75
S214033850E6F7D6FDBDF810302B80039BAB60BDF8B2
S2140338601230AB819DF81430237301AB03CB606039
S214033870A1600020DBE770B5437B0446DB070E46FA
S2140338808AB003D42D2528460AB070BD6946407811
S21403389000F045F905460028F4D1DDF81D300E2268
S2140338A06360DDF821300146A360637BB01C43F000
S2140338B002036373E6F7A4FDBDF80030069A43F0EF
S2140338C004033380059BB2607360DCE70B4610B5D8
S2140338D00446102200211846E6F792FD2278032AB2
S2140338E009D0042A0DD0022A11D101462046BDE88C
S2140338F01040E4F78FBA01462046BDE81040FFF7B4
S21403390088BF01462046BDE81040FFF7B4BF262017
S21403391010BDF8B5074608460C4616461D46FFF783
S2140339208AFD04232370637B314643F0010320465C
S21403393067706373FFF714FF08B12D20F8BD29469F
S2140339402046FFF7C3FF0028F8D0F6E7F8B505468C
S21403395008460C461F461646FFF76DFD04232370E4
S21403396025B108222946E018E6F79CFD637B43F061
S214033970020363734EB932460121284600F0DAF893
S214033980FF28607007D12D20F8BD31462046FFF78B
S214033990E7FE0028F7D1637B43F0010363730DB999
S2140339A00020F1E7002FFBD039462046FFF78EFFB5
S2140339B0F6E7F8B50C460746084616461D46FFF7D3
S2140339C03AFD03232046394600F8043B0822E6F76F
S2140339D069FD637B314643F0020320466373FFF7BA
S2140339E0BFFE08B12D20F8BD29462046FFF76EFF1F
S2140339F00028F8D0F6E7F8B5074608460C461646FC
S214033A001D46FFF718FD03232370637B314643F0FF
S214033A100103204667706373FFF7A2FE08B12D20EB
S214033A20F8BD29462046FFF751FF0028F8D0F6E7F1
S214033A3018B18022012100F07DB8FF2070470023D3
S214033A4007B51A4619460093F6F76AF9B0FA80F0F6
S214033A50400903B05DF804FB0B4610B51922044673
S214033A60FF211846E6F7CCFC7E2C01468CBF04F5F6
S214033A70C43004F583304FF01902BDE8104088BF08
S214033A80AD30D8F70BB97E2888BF00F5C4304FF0A9
S214033A90190294BF00F58330AD30D8F72BB930B593
S214033AA089B00D46FFF7C4FFFF2804460DD001A9D1
S214033AB0FFF7D2FF2868696801AB03C3204601A954
S214033AC0FFF7E1FF002009B030BD2D20FBE770476C
S214033AD070470020704770470F2070470F207047CD
S214033AE0002070470F207047002070470020704763
S214033AF084B08DE80F00002004B07047704770470D
S214033B0000207047704700207047704700207047BA
S214033B1001207047704700207047012070470E2031
S214033B2070470E2070470E2070470020704770477E
S214033B300E207047FF20704770477047002070477D
S214033B4070477047704700207047704700207047E3
S214033B50002070470020704770477047002070476A
S214033B60002070477047002070470020704770475A
S214033B700020704710B50024E3B210B9C3F1030365
S214033B80DBB20134042CCA544FEA1222F4D110BD1E
S214033B9010B50B784C788A78C97828B9104622462F
S214033BA0044608461946034642EA012043EA04232C
S214033BB043EA004010BD7047E4F7E0B908B5D2F712
S214033BC08DFF002814BF8620002008BD08B5D3F754
S214033BD055F9003818BF012008BD08B5D3F70EF90C
S214033BE0003818BF012008BD08B5D3F793F900388D
S214033BF018BF012008BD08B5E4F7A0FABDE80840E1
S214033C00E4F74EBA70B504460D461646E4F796FA40
S214033C100420E4F737FA324629462046FFF7DDFF4D
S214033C2004460220E4F72EFA204670BD08B5E4F7F2
S214033C3085FABDE80840D3F7C5B8E4F7B7BDE4F79F
S214033C4097BD08B5E4F794FD20B1BDE80840002011
S214033C50E4F7CCBE112008BD10B5044608B1E4F75E
S214033C60A7FF2046BDE81040FCF7C5BF10B50446C5
S214033C70006A10B1616AFFF7EFFF0020C4E908008D
S214033C8010BD38B50546FFF7F1FF2B7E0446012B22
S214033C900ED0023B012B0ED8EB69012B18BF6FF039
S214033CA09604282200212846E6F7AAFB204638BDBC
S214033CB0EB69002BF2E76FF09604F2E71822002177
S214033CC0E6F79EBB70472DE9F84F9846DDE90B49AA
S214033CD00D9B15469A0706460F4623D02A460A9B8F
S214033CE003EB040A1444A24220D10D9B9B0705D57F
S214033CF0A2EB050AD14505EB0A0420D82046BDE809
S214033D00F88F434639462020B0470AF1010ACA45D0
S214033D100AEB0B02F5D3A9EB04024C4588BF00223D
S214033D202A44DCE7A246A5EB040BF0E702F1010BFD
S214033D30434639461AF8010DB0475A46D3E7434679
S214033D40224639462020B0470AF1010AD2E72DE978
S214033D50F047DDE90D7616F0020F9DF82880DDE9C1
S214033D600854DDE90BCE1FD106F001094FB1B9F1B6
S214033D70000F06D0B8F1000F02D116F00C0F00D0DA
S214033D80013F4FF0300A04E0202C04D005F804A0CD
S214033D9001347445F8D3B9F1000F05D04FF030095C
S214033DA0A74201D9202C2DD116F0100F1FD016F4E0
S214033DB0806F2CD15CB3744501D0BC4227D1B4F1DB
S214033DC0010E23D0BCF1100F46D1023C16F0200F93
S214033DD028D1202C28D04FF0780C05F804C00134E5
S214033DE0202C21D04FF0300C05F804C00134202CD1
S214033DF01AD0B8F1000F23D04FF02D0C05F804C0ED
S214033E00013412E005F804900134C9E77446BCF1A6
S214033E10100FDBD0BCF1020FE2D1202C04D04FF000
S214033E20620CDAE7202C08D12024CDE90A76CDE906
S214033E300854BDE8F047FFF746BF4FF0580CCCE7F1
S214033E4016F0040F02D04FF02B0CD7E716F0080F2E
S214033E50EBD04FF0200CD1E7BCF1020F7446C1D172
S214033E60DDE72DE9F04391B0189D1A9E1D9F0DB90D
S214033E7027F010077C0500D515B317F0200F14BFE5
S214033E804FF0410E4FF0610EAC4600250DF12008B1
S214033E90AEF10A0EBCFBF6F906FB19C95FFA89F404
S214033EA0B9F1090F94BF30347444E4B2B44508F84A
S214033EB0014B05F10105BCFBF6F401D3202D10D10F
S214033EC01C9C069705941B9CCDE903649DF86440EF
S214033ED0CDE9015408AC0094FFF739FF11B0BDE8F3
S214033EE0F083A446D6E72DE9F04F95B0269ECDE99C
S214033EF00A23DDE91E74DDE9229B57EA040308BFA3
S214033F0026F010067205CDE9080102D557EA040328
S214033F1037D016F0200F14BF4123612300250DF17F
S214033F20300AA3F10A0821464A465B463846E5F7B7
S214033F30FBFED2B2092A94BF303242444F45D2B276
S214033F4074EB0B0405F101050AF8012B01D3202DB0
S214033F5014D1259B06960593249BDDE90801CDE93C
S214033F6003939DF88030CDE901530CAB0093DDE954
S214033F700A23FFF7ECFE15B0BDE8F08F07460C46A4
S214033F80D1E70025E5E708B100F014B8704710B193
S214033F90D1E900311847704738B5441E14F8015F5D
S214033FA025B90A2000F006F8284638BD284600F052
S214033FB001F8F3E701460020FCF7F0BB70477047B3
S214033FC0EEF714B9704708B5FCF7B9FBD2F786FDD0
S214033FD0BDE80840D4F796BE704708B5D3F7C6F8D1
S214033FE0FBF7EFF8BDE80840E4F7A8B808B5FBF719
S214033FF075FFE4F711FEFBF74FFEE5F7AFF9E5F7BC
S2140340009BF9E5F71DF9BDE80840D7F721BE08B5CB
S214034010D5F738FEFBF72FFED5F740FEFBF72DFE50
S214034020DAF728F8DAF7CEF8DAF7D6F9BDE8084073
S214034030DAF7F4B870477047E5F728B908B5FCF720
S214034040C9FFBDE80840FCF7F4BF704707B5002278
S2140340500346114601200092D9F786F903B05DF8AE
S21403406004FB07B500920B46027D81898068FDF745
S2140340708AFD003818BF0120C00103B05DF804FBB9
S21403408008B50020E0F7F2FC0020E2F783FA0020F0
S214034090DAF782FB0020DAF713FE0020DBF712F8CC
S2140340A00020DBF7FFFA0020DCF728F80020DEF715
S2140340B057FB0020DFF7C2F80020DFF7B7FEBDE8A6
S2140340C008400020DFF7A2BF08B50120FDF73DFA40
S2140340D00120DAF7C1FCBDE808400120DBF7E2BAAD
S2140340E008B50220E0F7B6FD0220DFF7A9FF02209D
S2140340F0E2F75EFD0220FFF7A2FD0220FDF7C5FCF6
S2140341000220DFF79BF8BDE808400220E0F742BA3A
S214034110DAF7E0BDFDF7D9BF7047704770477047C1
S21403412070477047704710B50446E0F74DF92046D0
S214034130FDF741FA2046DCF7F3FA2046DDF746FAA8
S2140341402046BDE81040FDF7D3BCFDF7EEBCFDF7F7
S214034150F8BCDFF775BE70477047FDF750BA704777
S2140341607047704770477047704705F011B870473F
S2140341707047DFF7FFBE704770477047704770475A
S2140341807047FEF779BCFEF77DBC7047002070478A
S214034190FEF77ABCFEF783BC7047431E012B03D998
S2140341A0031F5842584170470120704700F021BC56
S2140341B04FF4D0720021E6F723B970B50446E8F74A
S2140341C0F7F90546A8B9A169F1B1238AD3B1204608
S2140341D004F11002E8F79AF838BBE16919B3638A69
S2140341E0A3B1204604F1120200F0CAFA78B10546DC
S2140341F003E00023A3612361E36100232846636190
S214034200236270BDA061E8E72082E6E7E361216AE6
S2140342100029F2D0A28A002AEFD02046E38ABDE81E
S214034220704000F06FBA6182F1E76582E561DEE710
S21403423011B9D0F8DC1021B1CB6813B18B68D889DB
S21403424070474FF6FF707047E7F796BA10B50C46FF
S2140342501146E7F7B7FAE8F7E5FC012801D1002095
S21403426010BD002CF7D10520FAE700F0CFB900F017
S214034270E3B970B500232425D0F8DC00C4689C425B
S21403428001D1212070BD826805FB0322D6898E42A8
S21403429002D8128A8A4201D20133F0E70020F1E7FE
S2140342A0F8B506460D46E6F703FDD8B94FF6FF7395
S2140342B04FF0240CEF68C1B28F4208D81C46214643
S2140342C03046E6F7ABFE00F09AFB2046F8BDAA6838
S2140342D00CFB0122D4899C4202D2002CEFD0234649
S2140342E00130E8E70024F0E7C08D70470A7838B558
S2140342F005461046FFF751FF60B14C782046FFF79E
S2140343004CFF38B12243530704D42846BDE838404F
S214034310E7F7A4BC212038BD10B504460878FFF79C
S2140343203CFF58B14A781046FFF737FF30B1042AEE
S21403433004D02046BDE81040E7F7AEBC212010BDF0
S21403434000F0E8B8E8F710B8084600F008BBE7F74F
S2140343504FBB38B504460D4600F08EF850B12946DB
S2140343602046E6F75BFE30B929462046BDE83840CE
S214034370E7F706BB0E2038BD70B516460C4604F0AC
S21403438064FD314605462046EAF7E8FC044628461F
S21403439004F056FD204670BD00F032B970B50446F1
S2140343A000200E4600F027FBD4F8F0503DB1002362
S2140343B031462046AC46BDE870401A4660472B4659
S2140343C0012231462046E7F773FD284670BD38B50F
S2140343D0044648880D4600F00EFBD4F8F0302BB99F
S2140343E029462046BDE83840E7F770BC022038BDB2
S2140343F000F003BB00F03CB9E7F790B9E9F788BCD7
S21403440070B5BDF81060054606B16BB13344284657
S2140344109BB200F077F9044620B91EB13146284610
S21403442000F0ABF9204670BD2124FBE7E8F7F6BFA2
S214034430C0F8EC1000207047E7F782BE00F05EB9C4
S21403444010B4BDF8044001945DF8044B00F09FB827
S2140344500B4610B514461846A1689288E6F760F92D
S214034460E168034631B1A0886288121A92B21844F2
S214034470E6F756F9002010BD0346408A18B1188A9D
S214034480003818BF012070470846E9F74DBD00F015
S214034490ECBA00F0EABAE9F759BF084708B5E7F7F8
S2140344A085F9C0B208BD022A01D800F0E2B921207E
S2140344B07047022A01D800F0EDB921207047022A7E
S2140344C001D800F0F9B921207047E8F799BC0846EF
S2140344D0E8F7B4BC00F018BA002070470020704715
S2140344E07047D0F8943003F06003402B0DD0602B58
S2140344F003D0203B58425841704749B10B68012B03
S21403450006D9486940F00100704740F20110704731
S21403451000207047F7B504461046D4E954C7DDE9D2
S21403452008268CEA020587EA06010540194085EA53
S2140345300C057940C4E95451002523F4004106EAEA
S214034540010320F0010043F40073024043F002032A
S214034550CDE90055EBF7CCFA94F824309A0713D537
S214034560D4F854319B050FD54FF48811204600F03C
S21403457058FB94F82430024665F3410384F824304C
S21403458020460B46E7F7E6F8002003B0F0BDF0B58B
S21403459087B01C461746BDF830601AB9002420467B
S2140345A007B0F0BD002BF9D00029F7D001AAE8F731
S2140345B035FF0028F2D0BDF80630A2199A42BDF89E
S2140345C00850C4BF9B1B9CB2B54212D90399AD1BBE
S2140345D0ADB23144A5420391ADF808500DD22A4638
S2140345E03846E6F79DF80499621B7819E6F798F8BB
S2140345F0D5E70499761B3144049122463846F5E7FD
S2140346000846EAF74BBB0220E9F796BE08B5D0F892
S214034610E4304BB11A68022A06D993F825204AB12A
S214034620186AB0FBF2F008BD4FF446624C21002036
S214034630E6F756FD0020F6E7D0F8E42008B57AB191
S2140346401368022B0CD9536A13F47F4FC3F3072165
S21403465006D0126ADBB253438B42B3FBF1F006D2A9
S214034660002040F67F424C21E6F73AFD002008BDC5
S2140346700346D0F830010860B3F8343100208B804D
S214034680704790F830310C2B14BF90F82B00FF20A6
S214034690704738B50C464FF400610546ECF7CCFA84
S2140346A070B17CB195F81E3173B94FF480724FF434
S2140346B080712846ECF7ACFA003818BF012038BDE5
S2140346C02202F4E72246F2E70020F8E74FF480716F
S2140346D0ECF7B2BA08B54A024FF40071ECF798FA51
S2140346E0002008BD08B58A024FF48061ECF790FA03
S2140346F0002008BD4FF40071ECF79EBA0623002095
S2140347008B717047B2F5805FF8B50F4606461546BF
S21403471019462ED89A422CD33F2A26D9B2FA82F4C7
S2140347200122C4F11F03DBB29A4092B2AA422CBF05
S214034730C4F11904C4F11A04E2B20124931DDBB2D6
S2140347409C40A4B2AC4212D096F8F5309BB9012037
S21403475096F8243060F3C71386F824303846E8F713
S21403476071FC00203762B582F8BD0022ECE700201A
S214034770EEE72120F8E70E20F6E70846E8F782BCC6
S21403478070B505460E46144602B313883F2B1DD953
S214034790B3FA83F3C3F11901C9B2062901D8192B59
S2140347A012D0062928BF062101238A1DD2B29340C0
S2140347B030462380E8F76EFC23882846EE616B823A
S2140347C0E8F7F2FC002070BD0021EDE72120FAE7B0
S2140347D010B5144608460121EAF736F92046BDE827
S2140347E010400121EAF730B9F8B504460E461746DD
S2140347F004F02BFB3A46054631462046EAF7E2FB31
S2140348000446284604F01CFB2046F8BD02207047E9
S21403481003207047E9F788BD10B50023E8F708F8CA
S214034820044608B9EBF782FB204610BD704770B507
S21403483005460E46144600F0E3F831462846FFF7D1
S2140348402FFD00F0DDF8230704D50B2C9CBF24F0C6
S2140348500804A4B221462846E6F7AEFF00224FF42A
S21403486000312846ECF7D4F9002070BD8021ECF720
S214034870E3B97FB5531C05AAADF8141002920221C2
S2140348800022DBB2CDE900211146ECF7DFF907B0D1
S2140348905DF804FB7FB5531C05AAADF8141002920D
S2140348A004210222DBB2CDE9002100220121ECF72C
S2140348B0CDF907B05DF804FB1FB5531C0291002227
S2140348C00821CDE900210122DBB21146ECF7BEF93F
S2140348D005B05DF804FB07B591F82830009391F80E
S2140348E02B3091F8292091F82A10E8F74FFA03B0F5
S2140348F05DF804FB10B50446E6F758FF014620466C
S214034900BDE81040E6F758BF002914BF2120002059
S214034910704738B5054610460C46E8F7BDFAD5B1DC
S214034920D5F8E030BBB15B69ABB1421ED2B2FD2A0B
S21403493013D90A68013204BF6FF001020A600A68DD
S214034940FF281A6007D16268013202D16FF00102B4
S214034950626062685A60002038BD0128F2E738B505
S2140349600546EAF757FB04460021A878E8F7FCFA61
S214034970204638BD2DE9F74F01251C469DF83030FB
S214034980064601930368174603F0070306339D4064
S21403499005F1FF380B46A1B1416804EA080BA5EB05
S2140349A00B0A41F00059524509EB0B0114D9524644
S2140349B01846E5F7B5FE49467A1B5A445044E5F7D0
S2140349C0AFFE019B2BB13C4448EA050804EA080401
S2140349D0F46003B0BDE8F08F1846F0E737B500255E
S2140349E014460095FFF7C6FF204603B030BDE8F730
S2140349F0CFB80020704700207047002070477047EC
S214034A00704730B549000446056812B102291FD91C
S214034A100339C90395B9E1B1B1FA81F3C3F12003B0
S214034A20C3F10F00012838BF012003F01F03D9404C
S214034A30A94201D901384908216030BDB5FA85F38A
S214034A4039B1B1FA81F29B1A002BE9DC0F20EFE7AC
S214034A5000210F20F0E7012805D9023818BF4FF0D0
S214034A60FF30C0B270470120704708B5E9F7B6FDBE
S214034A70BDE80840E9F7DABD38B50446FFF7F5FFA9
S214034A800546FFF7F2FF431BA342FAD338BD38B5FA
S214034A900D460446E9F7A2FD35B1844200D9013933
S214034AA0204601F0030138BD844238BF0131F7E7E1
S214034AB008B50121FFF7EBFFBDE80840E9F7B6BDEF
S214034AC00B0C23F48053B3F5284FF7B50D468FB27E
S214034AD0064699B216D04AF60103994214D04AF60E
S214034AE00203994212D0B1F5204F14BF04240324C5
S214034AF0D6F8E0300BB1196851B9D6F8DC3093B963
S214034B0028680EE00024F3E70124F1E70224EFE728
S214034B10234668463A46E9F7E5FDDDE90003002B40
S214034B20EBD103B0F0BD19680029E9D023466846E7
S214034B303A46E9F7D7FDDDE90003002BE0D1F0E7BD
S214034B4002F002BB0204C0F3891307D56FEA83534E
S214034B506FEA935313F5007F18B206D0A3F1C8008B
S214034B606FF4FF739842B8BF184670474FF0384348
S214034B7059699A6903F500530A405A6170470E2033
S214034B807047EBF7C7BBEBF7C5BBEBF7C3BBEBF75E
S214034B90C1BB08B50846EBF7E3FF08BDEBF7BABBA6
S214034BA0022070470220704700207047012070479C
S214034BB0002070470E20704700207047E8F732B891
S214034BC0084611460122FFF741BB70B505460C4661
S214034BD011461A46ECF776F806682B462046B44686
S214034BE0BDE87040604710B5ECF76CF8BDE81040C0
S214034BF083681847FFF710BEE7F73CBFFFF7A9BB6C
S214034C00E7F746BC70B504460D4616464FF48811C2
S214034C1000F01CF8324629462046BDE87040E8F707
S214034C205BB938B505460C4604F00FF9D5F8903055
S214034C301C40D5F88C302343C5F88C3004F000F9BB
S214034C40211E18BF01210020490238BD38B504468D
S214034C500D4604F0FAF8D4F890301D40D4F88C30A2
S214034C6023EA0505C4F88C5004F0EAF8284638BD54
S214034C7038B504460D464FF48811FFF7E7FF29467B
S214034C802046BDE83840E8F74FB973B50D780646B9
S214034C900C4635B304238DF804302379304601A936
S214034CA08DF80530FFF738FB0546B8B92278A379A7
S214034CB052BB8DF80430E379304601A98DF80530F0
S214034CC0FFF714FB054648B923783BB161883046A5
S214034CD0E7F7FCF901213046FFF7DBFC284602B074
S214034CE070BD2946FFF7D5FC29463046FFF7F2FC90
S214034CF029463046FFF7F6FC2378002BCAD12379E2
S214034D008DF804306379C9E702228DF80420D3E7CF
S214034D10FFF7E0BCFFF7EEBC0020704710B5044673
S214034D20ECF76AF821460020ECF7BAFEBDE810401F
S214034D30002000F02BB970470120704708B5EDF747
S214034D40DDFC80F00100C0B208BD4FF0FF30FFF776
S214034D509EBB70470020704710B50C4603F036FE26
S214034D60048010BD38B50C46154603F02FFE0388A5
S214034D701DB11C43A1B2018038BD23EA040189B2E8
S214034D80F9E708B503F022FE008808BD08B503F06E
S214034D901DFEC07808BD08B503F018FE008800F0B5
S214034DA00C0008BD08B503F011FE008800F00C00E7
S214034DB0031F5842584108BD38B5054603F006FEA2
S214034DC004462846FFF7EEFF30B904F1100004F05E
S214034DD019FA00F4406038BD4FF40060FBE738B5BD
S214034DE0054603F0F3FD04462846FFF7DBFF0146BE
S214034DF048B910342046042203F028FD2044BDE8B9
S214034E00384004F0FFB9A08838BD10B50C4603F04F
S214034E10DDFD848010BD38B5054603F0D7FD044696
S214034E202846FFF7BFFF30B904F1100004F0EAF993
S214034E3000F4404038BD4FF40060FBE738B5054644
S214034E4003F0C4FD04462846FFF7ACFF014648B905
S214034E5010342046062203F0F9FC2044BDE838400F
S214034E6004F0D0B9A08838BD38B5054603F0AEFDCA
S214034E7004462846FFF796FF014608B1201D38BDB5
S214034E8010340622204603F0E1FC2044F7E708B579
S214034E9003F09CFD007A08BD08B503F097FD90F972
S214034EA0090008BD08B503F091FD807A08BD08B572
S214034EB003F08CFDC06808BD10B50C4603F086FDF4
S214034EC0047210BD10B50C4603F080FD447210BD8D
S214034ED010B50C4603F07AFDC46010BD2DE9F84307
S214034EE00F468046002107F110001646994603F048
S214034EF0E1FD0446D0B103F069FD0546204603F004
S214034F0081FD002102462846E5F77AFA002320466B
S214034F10AB7049F00401FFF71FFFA5F804802EB11C
S214034F203A46314605F11000E5F7FAFB2046BDE8A0
S214034F30F883F8B505460F461020002103F0BAFDA6
S214034F400446B0B103F042FD0646204603F05AFD80
S214034F50002102463046E5F753FA00233946204639
S214034F60B370FFF7F9FE25B12A460121204603F068
S214034F7079FD2046F8BD08B503F028FD103008BDBE
S214034F8008B503F03FFD1038C0B208BD0020ECF7AB
S214034F90AFBC08B5ECF70AFF002008BD4088C0F395
S214034FA00C000330800840000430704770B50E468E
S214034FB005461146304603F07DFD044635B128B15B
S214034FC003F004FD32462946E5F76CFA204670BD29
S214034FD00088B0FA80F04009704738B5058800228B
S214034FE0044604F079F905B1258038BDF8B50746BF
S214034FF00D4600880021164603F020FDB042044605
S21403500005D129463846BDE8F840FFF7E6BF00213C
S214035010204603F013FDB04205D02046002103F0DE
S2140350200DFD0446F3E72A462046002103F01AFD49
S21403503032462846BDE8F840002103F013BDF8B514
S214035040058807467DB1CCB22146284603F0F6FC18
S2140350508542064609D100233B800022214630467E
S21403506003F000FD35462846F8BD214603F0E6FC6E
S21403507021460246284603F0F5FCEEE72DE9F04705
S21403508007888246884614465FB3384603F0BAFC60
S2140350903D460646E4B22146284603F0CFFC40458B
S2140350A0814616D1214603F0C9FC2146024628460E
S2140350B003F0D8FC474504D1454508BF0025AAF8A8
S2140350C0005000222146404603F0CCFC3046BDE8A3
S2140350D0F0878742FAD003F095FC30444D4686B2FB
S2140350E0D9E73E46F2E700220123C0E900237047D2
S2140350F0F8B504460127002603F0B4FE23683BB93F
S21403510003F0ABFE00226368012B0ED16360F8BD8B
S2140351101D691F61266003F0A0FE012DF2D02B4609
S2140351202D691E61012DFAD1E6E719691A610B464E
S214035130EAE7036823B94068012803D0EDF77EBB8E
S214035140002070474FF0FF307047F8B5054603F070
S21403515074FF012306460027A8602B7303F082FE24
S2140351602B6802467BB11C692169A1420CBF2F60E4
S21403517019612761104603F070FE012C08D0204603
S21403518063689847EAE76C68012C04D103F065FE70
S21403519000232B73F8BD6169711AB1F1004FF5D87E
S2140351A0216969602361E5E70220704702207047A2
S2140351B0002070470144884201D10120704710F84F
S2140351C0013B9342F7D00020704770B50146064670
S2140351D092B00020ECF73CF8044670B9FDF7F1FFF7
S2140351E0054601466A462046ECF778FB6A4629469A
S2140351F020468DF80260ECF727FE204612B070BDFD
S21403520000B593B0FDF7DDFF6A4601460020ECF7D4
S21403521065FB9DF9020013B05DF804FB00B593B07F
S214035220FDF7CFFF6A4601460020ECF757FB9DF8D3
S214035230000013B05DF804FBECF714BB01207047C5
S2140352407FB54FF6FF7101AAEDF76AFD20B1BDF8F1
S2140352500C0007B05DF804FB4FF6FF70F9E708B5DE
S2140352601046EEF723FDBDE80840EEF7DDBD7047B8
S214035270704770477047704770477047704738B538
S2140352804FF6FF750D800C46F6F7D4FD2080A84236
S2140352900CBF2D20002038BD002100B593B06A4610
S2140352A00846ECF71BFBBDF8060013B05DF804FBDD
S2140352B0002110B592B004466A460846ECF70EFB8A
S2140352C000216A460846ADF80640ECF7BDFD12B06D
S2140352D010BD002100B593B06A460846ECF7FEFA07
S2140352E0BDF8040013B05DF804FB002110B592B0BE
S2140352F004466A460846ECF7F1FA00216A46084671
S214035300ADF80440ECF7A0FD12B010BD70472DE9D0
S214035310F04F87B00C4691460746FFF73CFD05461F
S214035320661C304603F06EFF042D40F0908038462E
S214035330FFF721FE0378092203F00303012B14BFB2
S2140353400223032301212046039303F07FFA092255
S21403535000210546204603F079FA21788DF81700D8
S21403536001390022204689B2FFF720FE04EB090824
S2140353708346F0B14FF0010A2A460146CDF800A055
S21403538003980DF11703FBF7DAFE0228054626D12C
S214035390584603F037FB00222070C0B2431E00922B
S2140353A09BB252465946304604F025F823785344B8
S2140353B023703846FFF7E5FC020424D498F801303E
S2140353C021789B071FD50139A1EB09013A464046D0
S2140353D0C9B2F1F729FC23781844207013E020B9EA
S2140353E02070284607B0BDE8F08F032809D1404651
S2140353F003F008FF20F4007189B2404603F004FF6F
S214035400D7E70428D5D10125002220462178FFF7C7
S214035410CDFD07460028E4D04FF00008014643467A
S21403542001224046CDF80080FBF789FE022819D1F9
S214035430384603F0E7FAC2B2013A207093B239460F
S21403544001223046CDF8008003F0D5FFC9E780F08F
S214035450800520F0800081B23046C5F3C01503F006
S214035460D3FED1E70028BCD12070BAE708B50020E8
S214035470FFF764FC80F00100C0B208BD0A4608B519
S21403548001460020EDF79AFEB0FA80F0400908BD09
S2140354900020ECF70DBE00210846ECF7B1BA002059
S2140354A0FFF74ABC70B5044603F0ACFE04220021A5
S2140354B00646204603F0CAF9204403F0A3FE03225F
S2140354C005460021204603F0C1F9204403F09AFE66
S2140354D04FF6FF730540ADB29D4214D1F30712D5C4
S2140354E006220021204603F0B1F9204403F08AFE89
S2140354F00446EDF7D5FE844214BF02240624EDF7D6
S214035500C9FE204070BD2046FBF7EBFFC400E4B2A3
S214035510F5E708B5FFF7C6FF003818BF012008BD3A
S2140355200120704710B50446FEF71DFB08B9FEF7C9
S2140355301CFB03050FD40C231B2B01D1002009E011
S21403554020FA03F1C90703F1010206D5DBB2E31A19
S2140355505842584110BD0B23F9E71346ECE710B544
S2140355600C46098819B90846F7F7BCFF20800120C6
S21403557010BD08B510461A4600F08CFABDE8084080
S21403558003F0DEBD70B504460D46164692B06A4675
S214035590ECF7A4F96A46294620468DF81F60ECF717
S2140355A053FC12B070BD10B50C46EEF755FA204604
S2140355B0BDE81040EEF766B90129F8B505460C4676
S2140355C01DD003291ED0052920D0072922D0002666
S2140355D0002400270120ECF7D3F8304485421DDA77
S2140355E00320ECF7CDF82044854219DA0520ECF7C2
S2140355F0C7F838448542B4BF07200520F8BD6FF0CE
S2140356000406E5E76FF004040526E2E700266FF0DC
S2140356100407DFE7002405272646DBE70120EDE73E
S2140356200320EBE738B14379490023F00C0301F07C
S2140356300C010B434371704710B5044678B14179AA
S2140356404088490801F006010131000AFFF7B4FF5C
S214035650024601462046FFF7E5FF104610BD072227
S214035660FBE738B50D46EEF7E5F9044608B9002022
S21403567038BDFFF7E1FF002DFAD1237913F00703B6
S214035680F5D0984238BF1846C0B2F1E7EEF7E0BB54
S2140356900022EEF703BD0021012208B5EEF7FEFC5B
S2140356A0401A18BF012008BD38B51546FFF7F0FFAE
S2140356B00446284603F083FE84B1FF2804D06268BC
S2140356C022FA00F3DB0701D5012038BD012383400E
S2140356D013436360E3780133E370F5E72046F4E7AA
S2140356E0EEF736BF10B503F071F900F1100420464B
S2140356F003F088FD20F4007189B22046BDE810400F
S21403570003F082BD2DE9FF411546019101218DF875
S2140357100D301B0A8DF80E309DF82C308DF80C00DA
S2140357208DF80F3028460423009103AA9DF828809D
S2140357309DF830709DF8346001F016FB044670B196
S2140357402946FFF762FBB8F1000F02D12046FFF7A8
S214035750C9FF2FB146B93146204601F0D0F80024E0
S214035760204604B0BDE8F081002220461146EEF73D
S21403577075FEF4E74FF47A70EEF7CABF08B5EDF797
S21403578071F8BDE808400020EFF7C8B800B58BB045
S2140357906846EEF799FF009BBDF8060004A906933A
S2140357A0EEF738FF0BB05DF804FB1FB504466846FA
S2140357B0EEF78AFF02AB03CB2060616004B010BD36
S2140357C01FB5062304468DF80C30EFF701FA0023C5
S2140357D08DF80D00CDE9003301210223204603AAEC
S2140357E001F0C2FA04B010BD38B500220821054600
S2140357F0FFF7E0FC044698B9FFF74EFD22464FF646
S214035800FF71EFF73DFC2846297CEFF7B7F8287CB5
S2140358106A69E989F0F7B2FFEFF728F8204638BD42
S2140358200120FCE770B50C4605460120EFF7B4FFF0
S214035830237B4BB1FFF730FD014623462A46BDE8DE
S21403584070400120EFF73ABC4FF6FE71F5E7F8B566
S2140358500E460746FFF78FFB054603F0D3FC00F41E
S2140358604040B0F5404F14BF0022062202F10A035F
S214035870EB5C0B325C0004F00E045B08144403F08C
S214035880380338461C44FFF77BFB844208D2001BD0
S214035890C2B20F2A28BF0F2230462919E4F740FF69
S2140358A02046F8BDECF7DEBF40F62740F0F7E4BC31
S2140358B0FF224FF6FF71F0F713BE07B500210DF177
S2140358C00700F0F745FF9DF8070003B05DF804FBFB
S2140358D013B5044601A90020F0F73AFF019A0146E2
S2140358E02046F0F74BFF204602B010BDF0B50F463A
S2140358F0002187B0044608461646F0F729FF012321
S21403590005460DF10A008DF808408DF80930FFF7BB
S2140359104CFF092C1DD131460DF1120003F074FC27
S21403592005AB002102AA9B1A2846CDE90011DBB27B
S214035930642101F019FA0546E0B1092C15D1F0F7F8
S21403594067FF044688B12846F0F776FF204607B07F
S214035950F0BD31460DF113008DF812704FF6FF754A
S21403596003F052FC0DF11503DBE7284600F014F8AC
S2140359700446EBE70446E9E738B504460D4603F06C
S21403598038FD40B1AC4206D0204603F029FDBDE801
S214035990384000F0ACBF38BD10B50446FFF7EBFA4D
S2140359A0023003F02FFC4FF6F7739842204603D9D4
S2140359B0BDE81040F1F7BAB8F1F7FAF8B0FA80F09C
S2140359C0400910BD012070470022F0F7E7BF70B50D
S2140359D004460088FFF7CFFA0546043003F012FCAE
S2140359E00646A81C03F00EFC054603F021FB3046D2
S2140359F0F2F7C4FA30B92846F2F7C0FA10B12846CF
S214035A0003F0F7FCA378002023F00F03A37070BD08
S214035A1070B50546FFF7AFFA0646284601F0C8F903
S214035A2001462846F8F792F904462846FFF7D7F9C1
S214035A304FF6F773984208D8337803F00303012B25
S214035A4005D1A31E5842584170BD0120FCE7002033
S214035A50FAE741F2033330B585B00D46ADF80830AA
S214035A600446FFF719FC8DF80A00FFF715FC002122
S214035A70000A8DF80B0005232046CDE9001102AA83
S214035A808DF80C5001F070F910B12146FFF79CFF1A
S214035A9005B030BD2DE9F041044617460D46E1B189
S214035AA03F294FF0000600D135462046FFF773F92D
S214035AB0082814D10121204602F0C0FF064602F052
S214035AC0A1FF0446304602F081FF3B4601462A46C4
S214035AD0E0B2BDE8F041FDF718BC0126E5E7204635
S214035AE0FFF759F9024630B9BDE8F0414FF6FF71AA
S214035AF0012003F050BB2046FFF75EF9B0F5006FB8
S214035B000ED12046FFF76BF94FF6FF739842014616
S214035B1017D0002D0CBF03200520002203F03BFB0B
S214035B2029462046EEF752FD68B929462046F2F785
S214035B30C3F940B9324629462046BDE8F041F1F79D
S214035B407BB90120E9E7BDE8F0817047704737B5B8
S214035B504FF6F675FDF738FB431E9BB2AB42044681
S214035B60F8D8EDF767FF0028F4D169462046EDF72D
S214035B7083FA0028EED0204600F09AFE0028E9D1EA
S214035B802046FFF788FD0028E4D12046F2F7F6F911
S214035B900028DFD1204603F02CFC0028DAD120466B
S214035BA0FDF71DFB0028D5D1204603B030BD73B5E5
S214035BB004460E46F2F7E2F9054688B92046F2F7A0
S214035BC037FA21462B460D224FF6FD70009500F05E
S214035BD0A1F83146204602B0BDE87040F2F7EAB9B4
S214035BE002B070BDF7B504460D461746FFF754FBE3
S214035BF00646002D3FD04FF6FB739C423BD820460B
S214035C00F2F7BCF908B1A64235D02046F2F7B6F94A
S214035C1010B1012003B0F0BD2046FDF7E0FAC0B195
S214035C20A642F6D0F4B169462046EDF725FA0246B9
S214035C30C0B908216846FFF7BDFA98B90822694635
S214035C402846E4F729FF68B129462046FFF7AFFF49
S214035C50DFE7A642E6D12846EDF77CFA10B900F056
S214035C603DFED6E73FB121462846EEF789F82146A2
S214035C702846F6F7C5F80020CCE737B505461446A0
S214035C800C2914D8DFE801F02C132C131313071375
S214035C901313132424006946EDF7EEF918B901210E
S214035CA06846F6F7ABF941202946F8F7CBFCD4B1A2
S214035CB02046FFF760F9023003F0A4FA4FF6F773B5
S214035CC0984210D9204603B0BDE83040F0F7E4BF51
S214035CD040F6144040F613430B2908BF1846E3E783
S214035CE000F0EDFDE3E703B030BD1FB503460846FD
S214035CF003218DF80D308DF80C1001230021ADF82B
S214035D000E20CDE9003103AA042301F02DF805B0D7
S214035D105DF804FB2DE9F34106460F4614461D467F
S214035D209DF82080FFF7B8FAB04207D1002221463B
S214035D30384602B0BDE8F041FFF79FBF3A4631460A
S214035D402046FFF7D2FFADF8060060B10D2C05D153
S214035D5000224FF6FF71282003F01DFA35B9BDF86F
S214035D600600FFF719FE02B0BDE8F08101234246A4
S214035D7029460DF10600ECF7C9FCBDF80630002BEA
S214035D80EDD1F0E7F7B50C460546FFF7F4F8611CCE
S214035D9006462846F7F7DAFFA11C0746284600F012
S214035DA02AFF014604463846FDF747FA0D2F34D13D
S214035DB02046F2F7E3F878B1301D03F023FA0446E1
S214035DC02846F679FFF73AF831460246204603B0EE
S214035DD0BDE8F040FFF768BCB01C03F013FA4FF6BB
S214035DE0F773984202D92846F0F756FF2046F2F793
S214035DF01FF9FFF751FAA04205D1002003B0BDE812
S214035E00F040FFF7A2BE6B46B068F16803C369466D
S214035E102046F2F7CFF803B0F0BD2A4639462046AF
S214035E2003B0BDE8F040FFF728BF14220021E4F7D3
S214035E30E7BA2DE9F04F11F00F0704460E46154654
S214035E408FB05CD10120E1F759FF09A8FDF7F3FAFB
S214035E50092309A88DF82430FDF7F1FA09A8E1F71C
S214035E601FFF01A909A8FDF77BFC26F00F08A8442D
S214035E7004F1100904F10F0A454511D1236901A95C
S214035E803344236109A8FDF750FC0020E1F736FFF1
S214035E90B6F1005F28BF272738460FB0BDE8F08F5E
S214035EA005AA234696469446186859680833ACE80C
S214035EB003004B456246F6D12B46224605F1100BEE
S214035EC053F8041B5B4542F8041BF9D1714609A835
S214035ED0FDF72BFC09A8E1F7E3FE22462146012045
S214035EE0E1F7C8FE013D631E13F8012F15F8011FE5
S214035EF0534582EA01021A70F6D15D46BCE70227D3
S214035F00CAE7F0B5174685B005460C4610220021B1
S214035F106846E4F775FABFB3C4B30F2C04F00F0654
S214035F2008D924F00F043A4621462846FFF781FF96
S214035F3040BB2744324639466846E4F7F1FB8022E5
S214035F402F6906F1100337446B44B7F5005F03F877
S214035F50102C2F61C6F110061AD3062E1FDDFB0088
S214035F601A0E8DF80A201A0C5BBA8DF80B20ADF8C2
S214035F700C306A4610212846FFF75BFF00202B698A
S214035F80103B2B6105B0F0BD3E46D8E72646D6E764
S214035F90022E04DDFB005BBAADF80E30E9E76A4675
S214035FA010212846FFF745FF2B691022A3F11004A2
S214035FB0002168462C61E4F723FAB7F5005F4FEA41
S214035FC0C403CDD2E7E770B50E46054686B001A8F2
S214035FD01446FFF72AFF3246294601A8FFF791FF2A
S214035FE02246054601AB05AE1C4603CCB442106000
S214035FF05160234602F10802F6D1284606B070BD6A
S214036000F2F76EB80A460021F2F76AB8F0B58BB01D
S2140360100C4601A9F2F764F8054680B32522002151
S214036020E01CE4F7EDF90123A3700E23BDF810700E
S2140360302380FA0510D523464FF4877206AE23F85D
S214036040042B0DF1280C324603CA624518605960CA
S214036050164603F10803F6D13B0605D5238843F01D
S21403606080032380069B636001AB03CB039BC4F8CA
S2140360701D00C4F82110A361F3F716FA60612846E1
S2140360800BB0F0BD30B505460C4687B001A8FDF74A
S214036090D2F92868696802AB03C39DF8113043F050
S2140360A002028DF8112074B12288510644BF43F0D2
S2140360B006038DF81130530542BF9DF8113043F0A7
S2140360C008038DF8113001A8FDF7B0FAB0FA80F096
S2140360D0400907B030BD2DE9F3410F460546164685
S2140360E002F090FC4FF00008C41BE4B22946234696
S2140360F03A463046CDF8008003F07DF90121284664
S21403610002F09CFC88B10121284602F097FC074662
S21403611002F078FC0546C3B2424630193946CDF83C
S214036120008003F068F92544ECB2204602B0BDE8CF
S214036130F0812DE9F04F85B00C46054691461F4683
S2140361404FF0010ADDF838809DF83CB002F05AFCA7
S21403615022463B4629460646CDF800A0484603F0AD
S2140361604AF95146284602F069FC3C4418B35146A6
S214036170284602F063FCF6B2B442814610DAE7B270
S214036180F31BDBB2404622462946CDF800A0039314
S2140361905F4403F030F9039BBF1B984407F0FF0BE3
S2140361A0012300220E9349465B46404605B0BDE8F0
S2140361B0F04F03F020B95B4622462946CDF838A0B7
S2140361C0F3E72DE9F041002686B0074608460C465D
S2140361D015469846CDE9026604968DF8146002F0DB
S2140361E011FC411BCBB20D2B28BF0D232A4621469B
S2140361F0009602A803F0FFF8424602A93846F2F7D3
S214036200C5F80646294620469DF80820F7F7B2FD4E
S214036210304606B0BDE8F0812DE9F04F0E46CBB010
S2140362200121054617461C4602F008FC23463A465B
S2140362302946814606A8FFF7C4FF0DF1280A00EB9E
S214036240070B5246314628465FFA8BFBFFF743FFA0
S214036250B34503D200204BB0BDE8F08FABEB060886
S2140362605FFA88F808F104039842F3DB331F1844F7
S2140362700423C4B20193A31BDBB2009352464346E6
S2140362800021CDF808A006A8E1F7A8FC0028E1D174
S214036290A4EB0B040AEB0803E4B252462846314645
S2140362A0009301944346FFF744FF39462846F7F721
S2140362B04DFD394600F0F8022846F7F75BFD01214D
S2140362C0284602F0BBFB002818BF4D462846ADF80B
S2140362D0165002F097FB011FC9B20DF1160000F02D
S2140362E04FFC0120B7E72DE9D841064600F060FDD4
S2140362F0411C044689B2304600F02DFD98B394B392
S21403630021463046F7F722FD00F00C03042B074620
S21403631029D000F00308B8F1020F00D11BBB3846A2
S21403632000F0B0FD3B060444A4B216D5611C30460B
S21403633089B200F010FDB0B121463046F7F706FDEE
S214036340B8F1010F014600F003030CD0032B0AD06B
S214036350384600F0A6FD03199CB221463046BDE838
S214036360D84100F0F8BC0020BDE8D881F8B5064651
S21403637000F0E0FC054604463046FEF7FCFD437895
S2140363805B0718D5AC1CA4B22146304600F0E3FCEC
S214036390B8B129463046F7F7D9FC0746691C30469C
S2140363A089B2F7F7D3FC1FB1874201D8FF2808D17B
S2140363B004EB4704A4B221463046BDE8F84000F09B
S2140363C0CABC0020F8BD13B5044601A8F2F736FA96
S2140363D0BDF80430DA0710D49B0707D41022002137
S2140363E0204602B0BDE81040E4F70AB8224621462C
S2140363F01020FFF7E8FD0028F0D102B010BD0246DA
S21403640008B5F2F743FA510544BF0838C0B213057E
S21403641044BF0838C0B208BDF0B5D30705460C46DE
S2140364208BB04AD5008800F0C3FC002306460293CF
S21403643014B9CDE9034403AC002208212046FEF735
S214036440B9FEA8B12888FEF796FD023002F0DAFE00
S21403645021460746ECF710FE50B1002240231146B2
S214036460384600F005FA40F6094528460BB0F0BD5D
S21403647031462888F7F76AFC10F0030F0CBF012695
S2140364800026F1F771FE46EA4000C0B200900021F4
S214036490204602AB05AAF3F743FC0546F1F764FE74
S2140364A00028E2D0002DE0D000212046009602AB63
S2140364B005AAF3F735FC0546D7E740F60A45D4E7C1
S2140364C000231A46F3F798BB30B58BB005AD0446E8
S2140364D02846FCF7B0FF0223284601A98DF814309E
S2140364E0FDF73EF9234601AA144603CCAC421860D6
S2140364F05960224603F10803F6D10BB030BD08B548
S2140365000023024619461846F3F776FB012008BD1A
S21403651037B504466846F3F7E7FB054648B1082255
S21403652021466846E4F7B8FAB0FA80F0400903B0AB
S21403653030BDFF2208212046FEF73CFE034628B165
S21403654006212846FFF7BCFF0120F0E72246014656
S214036550F3F752FBF8E707B56846F3F7C5FB10B148
S2140365606846FDF76CFA00F0010003B05DF804FB23
S2140365700120F4F78FB8704730B50124054689B07B
S21403658003A8FCF758FF01A88DF80C40E1F7E6FBDB
S2140365909DF806209DF80730AA4209D0AB4209D1E0
S2140365A003A88DF80D40E1F77BFB012009B030BD51
S2140365B00024F5E70020F9E700221021FEF7FABDD4
S2140365C070477FB50D4600F582300D22694600F50B
S2140365D08070D5F763FB6B462A4602AE1C4603CC97
S2140365E0B44210605160234602F10802F6D12068D7
S2140365F010602379137100236B7304B070BDF0B57C
S21403660085B06A4605460B46164601F1080714464A
S21403661018685968083303C4BB422246F7D1186882
S2140366200D2220601B7905F582303146237100F573
S2140366308070D5F75FFB05B0F0BD38B504460D4650
S214036640E0F77EFEA04205D920462946FFF7B9FFAC
S214036650002038BD2820FCE730B5002485B08DF82F
S2140366600040E0F76DFEE5B2A84204D8F5F72AFB32
S214036670002005B030BD69462846FFF7C0FF013449
S214036680EFE738B50446002002F0A8FEFF280546CB
S2140366900FD002F0ABFE10F0010009D0284602F03E
S2140366A0A5FE400840EAC17080F0010000F001003A
S2140366B038BD04F00100FBE70146F8B506460020A6
S2140366C0F5F73AFAFF2801D00120F8BDE0F728FED7
S2140366D000240546871CE0F727FEE3B2984201D85C
S2140366E00020F2E735F82430B34203D117F82430FC
S2140366F0002BE9D10134EEE738B50D4601210446F7
S21403670002F09CF930B10121204602F097F9288067
S214036710012038BD20462C8000F020FC0130C0B29A
S214036720F7E72DE9F04788B00746894610460DF18E
S2140367300A011D469046FFF7DFFF4FF0000ABDF83B
S2140367400A6004463046CDE905AACDF81BA002F040
S21403675059F9031BDBB20B2B28BF0B23224631460A
S214036760CDF800A005A802F046FE48F21F039D429E
S21403677043D00BD885F40043012B15D92346424654
S214036780494628460097FDF7A7F933E048F23A034F
S2140367909D42F3D1FEF780FDB8422BD022464146F8
S2140367A005A8FDF7CAF925E09DF8143013BBBDF81C
S2140367B01D40DDF81500DDF8191003AB03C32046B2
S2140367C003A9E0F7B1FF0122204603A9FFF70AFA5F
S2140367D0A74206460ED0012103A8F5F70FFC48F2A0
S2140367E001039D4206D12EB933463246394620462A
S2140367F000F058FC08B0BDE8F0879DF81450002D53
S214036800F8D12F469DF815800234EAB24245F1D2FC
S214036810D200D2B222440823314692B2009703A88C
S214036820CDE9037702F0E7FD03A800F074F802F061
S214036830D7FD00F05CF80135E7E710B5002441808A
S21403684084800480C280038110BD13B5BDF8104058
S214036850CDE900340023F5F79FFE02B010BD13B553
S214036860BDF8104001900094F5F796FE02B010BDF7
S21403687007B500930123FFF7F2FF03B05DF804FBAF
S2140368800123F5F72FBF38B50546EFF7C1FF0446DA
S214036890E0F762FDA40144EA4020284038BD704773
S2140368A0704700207047FF207047002070477047EE
S2140368B0002070474FF6FF70704700207047704700
S2140368C000207047704700207047704700207047CD
S2140368D00020704770477047002070477047704726
S2140368E0002070474FF6FF707047172070477047B9
S2140368F07047704770477047704701207047012004
S21403690070470020704700207047704770477047F5
S2140369104FF6FF7070474FF6FF70704700207047C2
S21403692000207047002070477047002070472DE90D
S214036930F04F002785B081460C467E2039469846A0
S214036940BDF83CB09DF844A0BDF84C500192ADF89C
S2140369500E7002F0AFF80646002800F0AA8002F098
S21403696035F839467E22E3F74BFD304602F02EF823
S2140369700090304602F02AF8B9F1FF0F0CBF274605
S21403698044F003073B0A14F44062077043705FD178
S2140369904FF00808C31C184642460199E3F782FDE8
S2140369A0034604F44044434484B1790606D41946A6
S2140369B04FEA1B2201F802BB5A700B46B4F5004F90
S2140369C056D0A4F5404254425441E40022461846A9
S2140369D00E99E3F767FD009A03462044A0EB0208EE
S2140369E05FFA88F89DB14FF47C521A53841C2846EC
S2140369F001F0ECFF8346284602F004F8C5B22A46A7
S214036A0059462046E3F78CFE60190235EDB2B9F11C
S214036A10FF0F2FD05246109900F8019BE3F780FE34
S214036A2008F101015AFA81F129443046EBF704FED6
S214036A300C210022FF0007F0800710463943FEF7BB
S214036A4078FAADF80E00E8B9002005B0BDE8F08F7F
S214036A50B2F5006F80F803804FEA182880F80480A8
S214036A6000F1050314BF4FF008084FF0020892E741
S214036A700224ABE708EB0A0129443046EBF7DCFDBA
S214036A800821D6E7304601F0A1FF0446304601F060
S214036A90B9FF0123024621460DF10E00EBF736FE41
S214036AA00028D1D10121BDF84820BDF80E0001F021
S214036AB0D9FFBDF80E00C8E710B50C46098821B902
S214036AC00846F6F70FFD208008B1012010BD02200E
S214036AD0FCE72DE9F04780460F460646002402F100
S214036AE0FF39BC4202D219F8015F25B9A6EB0800AC
S214036AF080B2BDE8F0879A46A5F13102012A5AF81A
S214036B00041B10D83246322D02F8011B06D101347D
S214036B10A4B2A74232D30912B21C71700134534691
S214036B201646A4B2DDE7342D0CD10334BC42DDDABD
S214036B300B0A317073700B0C090EB370321DF170B3
S214036B40A4B2EBE7A5F13302062A0DD8303DADB269
S214036B502B19BB42CADA2A463046013CE3F7A2FCAD
S214036B6015FA84F47219EBE7A5F14102062A01D857
S214036B70373DECE79D8803F1080AE9E71646B5E7D3
S214036B8070B5054600880C4601F03CFFA0422888F5
S214036B900AD201F037FF0023221A19462846BDE819
S214036BA0704092B2EBF7B2BD2146EBF745FD0020ED
S214036BB070BD38B5054601F009FF0446284601F0C6
S214036BC021FF002201462046BDE83840FEF7EEB915
S214036BD0F8B516460C461D46BDF8187001F0F6FECD
S214036BE00444304601F0F2FE3A4641192046BDE819
S214036BF0F840E3F757BC70B50C46013189B2064638
S214036C00F7F7A4F8214605463046F7F79FF800EB5A
S214036C10052080B270BD1FB50123ADF80C2000938C
S214036C200A460223014603A802F0E5FB05B05DF819
S214036C3004FB0FB437B5069D0021A8B201F03AFF56
S214036C40044601F0C3FE2CB1002207AB0193D1B278
S214036C508D4205D8204603B0BDE8304004B07047E7
S214036C6053F8041B81540132F1E773B504460D460D
S214036C7040200021164601F01DFFADF8060001F086
S214036C80A5FEBDF8063013B9002002B070BD402142
S214036C9033462A462044FFF71CFF211889B20DF11C
S214036CA00600FFF76DFF0028EED1BDF80600ECE7FF
S214036CB00EB403B503AA52F8041B0192FFF7D5FFDF
S214036CC002B05DF804EB03B070472DE9F7430F46B7
S214036CD001218146164601F0B1FE054658B1FFF77D
S214036CE068FF308088B9284601F08CFE68B1192009
S214036CF003B0BDE8F083484601F084FEFF2FA0EB07
S214036D000704E4B214D014B934800020F0E72A460E
S214036D1021462846FEF74AF980460028E7D03B4638
S214036D204A4629460094FFF753FFA6F80080ECE78F
S214036D300120DDE708B5FEF71EF9437803F00100EE
S214036D401A074CBF10300830DB0644BF0830C0B209
S214036D501030C0B208BD10B50C4601F053FEA04279
S214036D6034BF0020012010BD7FB5144600910246B3
S214036D7041F2092141F609209DF820601D46002EA8
S214036D8018BF0146099B0020F7F708F8ADF80E0078
S214036D9010B9002004B070BD01232A4621460DF128
S214036DA00E00EBF7B3FC0028F3D1BDF80E00F1E7B5
S214036DB038B50546FFF7BEFF0446284601F022FE17
S214036DC0631C9BB283420FD82846FEF7D4F8437859
S214036DD05B0707D521462846F6F7B8FF013004EBD4
S214036DE04004E4B2204638BD0024FBE71FB5ADF8E7
S214036DF00E0001F007FE0446BDF80E00FFF7D8FFAD
S214036E0000F10E03DBB2BDF80E200146E01A80B295
S214036E1000901046FFF7DCFEA4F10E0189B20DF1D7
S214036E200E00FFF7ADFE04B010BD4278034612F025
S214036E30080006D0D20702D403F10800704703F116
S214036E400900704737B505460C46FEF794F84378B5
S214036E5013F0100212D09CB103F001021B074FF08F
S214036E6000032946009320464FF0080354BF183208
S214036E70203202F0C0FA012003B030BD1046FBE713
S214036E802046F9E700F00303012B08D0C30606D417
S214036E9000F00C000C2814BF0820092070470220BD
S214036EA07047034611F0030005D003F00303022BDB
S214036EB014BF022003207047F8B50C46064601F0BF
S214036EC0A1FD631C834202D900252846F8BD21464E
S214036ED03046F6F73BFF0746FFF7D4FF3B0605466B
S214036EE0F3D50444304601F08DFDA4B2631C9BB277
S214036EF08342E9D821463046F6F728FF014638464E
S214036F00FFF7CFFF2844C5B2DFE770B506460D4648
S214036F10FFF7D2FF044610B90024204670BD294669
S214036F203046F6F713FF8206F7D5304601F06AFDC2
S214036F302544ADB26B1C9BB28342EDD8294630463E
S214036F40F6F704FF00F01803082B14BF05340634C5
S214036F50E4B2830644BF0834E4B2DEE738B5054638
S214036F60FFF726FF044608B9002038BD0146284629
S214036F70FFF7CBFF0028F7D02044C0B2F5E72DE992
S214036F80F04387B005460C46FDF7F5FF804602F052
S214036F9039F907462846FFF70BFF064601462846FB
S214036FA0FFF78AFF0022034600922946324602A8CC
S214036FB002F021FA9DF8086006F00C030C2B06F08D
S214036FC003090BD0B9F1010F59D0F10657D49DF838
S214036FD009300DF10A050020637107E0FF230DF168
S214036FE00900637102F00EF90DF10B05208198F884
S214036FF00130DA0704D508F1020002F003F9208114
S214037000B9F1010F5FFA89F83DD0F3063BD4284661
S21403701002F0F8F86080A81C02F0F4F8053515F8BD
S214037020013C208023712B78B006A37206F0400340
S21403703048BF43F02003390627D543F40073F8040A
S21403704048BF43F48063390548BF43F40063320600
S214037050E38011D56A7812F003020DD06FEA43433A
S2140370606FEA5343A978B8F1020FE3800B4611D1B8
S214037070EB7841EA0321218107B0BDE8F083FF23C3
S2140370800DF10905A7E7FF23CCE77A0648BF43F4CB
S2140370908073D4E7012A04BF0B029BB22381EBE77C
S2140370A0F7F72EBB0BB1F7F797BB0AB9F7F710BC88
S2140370B0FF21F7F739BB431C08BF0020E4F756BC93
S2140370C0034B5868C0F30800003818BF0120704708
S2140370D000ED00E0014B1868704700BFF45F002026
S2140370E0084B1B6F03F00703022B04D0032B05D0BA
S2140370F0012B05D0FEE7044B18687047034BFBE7EC
S2140371000348704700800050F45F0020FC5F0020B7
S214037110002D310108B5FFF7E3FF054B1B6FC3F3E3
S21403712001330133B0FBF3F0024B186008BD00BF18
S21403713000800050F05F00200048704700B4C4048D
S21403714000487047002D3101014B1868704700BF97
S214037150FC5F0020174A9368C3F304430C2B0AD83A
S214037160DFE803F00B0909090909072119091B1DA3
S2140371701F001148704700207047936803F0407360
S214037180B3F1807F11D0B3F1007F10D0002B0B48F2
S21403719018BF002070470A4870470A4870470A48D5
S2140371A070470A4870470A4870470A4870470A48B3
S2140371B0704700BF0040015A405DC60000093D000D
S2140371C0C0EA210180BA8C010048E801005A620235
S2140371D00024F40080841E0040420F00014B186810
S2140371E0704700BFF85F002007B500F065FC6A46ED
S2140371F000F0C2FC18B14721034801F025FFDDE982
S214037200000103B05DF804FBCF9A03000229F8B52A
S21403721096BF104B00245C5C012805460E4608D03A
S214037220022809D008B944F002040B4B1F6837B98B
S214037230F8BD44F00804F8E744F02004F5E77B685B
S2140372401A68144203D0314628465B6898473F685D
S214037250EDE700BF123504006837002038B5104D3F
S2140372602B78ABB10F4C23781BB100F031FA002317
S2140372702370002001F0FBFE0B4C50B100F07AFAAD
S2140372800023012120782B70FFF7C0FF0123237012
S21403729038BD0122054B1A702278054B1A70F7E7A2
S2140372A01E5600201C560020235600201F56002082
S2140372B0205600200E490B78FF2B01D198B170475A
S2140372C00BB990B97047002814BF0122FF2213445C
S2140372D00B7060B1074B1B78012B08D9064B1B7844
S2140372E02BB9FFF7BBBF1A46F1E70122EFE770475A
S2140372F022560020235600201F56002010B501F00A
S214037300A4FD064B04461B781BB1BDE8104001F0F4
S21403731097BDFFF7A3FF2046F7E700BF1B560020E5
S21403732002282DE9F04147D029480378FF2B41D1A5
S214037330002941D11A461344DBB2037000293BD01F
S214037340244E3278012A37D9002B3ED001F07DFD3A
S214037350214F04463B780BB3204D2B781BB90122F3
S2140373602A701F4A1370DFF87C8098F8003023B128
S21403737000F0AEF9002388F80030204601F060FDE7
S214037380012001F074FE01F060FD2B7804461BB16A
S21403739000F0F0F900232B7000233B70204601F029
S2140373A04FFD01243078A04206D02146FFF72EFF7A
S2140373B0347001E013B931B9BDE8F081002914BF78
S2140373C00122FF22B7E70122B5E70224EAE700BF5E
S2140373D022560020235600201E5600201B5600204F
S2140373E01F5600201C5600202DE9F04385B0EFF30E
S2140373F0108572B6AFF3008001F00EFF002800F090
S2140374009280624E624F337823B10020FFF752FF1B
S21403741000233370387878B903A900F01DFB0446BF
S21403742050B95C4B039A1B689A4200F28480012091
S214037430FFF740FF012333703B78002B40F0998021
S214037440554B1B78002B00F091804FF00208534CED
S214037450DFF868912078404507D099F8003013B9D3
S2140374604146FFF7D3FE84F80080B8F1020F0FD130
S214037470DFF8248198F8003053B9494B1B7823B9B9
S21403748000F020F90122474B1A70012388F80030D8
S214037490207800F0F7F899F8003013B1424B1B78C8
S2140374A02370AFF30080284601F0DCFDEFF3108570
S2140374B072B63E4B1A7852B100221A703A4B2078B5
S2140374C01B78984203D101212170FFF79FFE3848AD
S2140374D000F082FA01F0B4FE8046002893D12E4FC6
S2140374E03B789BB189F80000DFF8B89099F8003034
S2140374F01BB100F0EDF889F80080002001F0B7FD1D
S214037500002839D000F036F900233B70337823B1D6
S2140375100020FFF7CFFE0023337000212078FFF70B
S21403752075FE00232370AFF30080284605B0BDE840
S214037530F04301F097BD1F4BD3F8008000F048F9E5
S214037540039B80449845BFF472AF00F03BF982007A
S214037550039942F0020292B2CDE900422346164A4C
S214037560A1EB0801124801F084FD65E700F09CF8E2
S2140375706BE74FF001086AE7012000F083F828461E
S21403758001F070FDEFF3108572B6B6E71D560020C6
S21403759022560020703700201E5600202356002057
S2140375A0215600201C560020205600201956002085
S2140375B0743700206C370020FD7203001F5600202E
S2140375C010B501F042FC0022054B1C781A7001F03E
S2140375D037FC00F005FBE4B22043C0B210BD00BF89
S2140375E01A56002038B501F030FC094B05461B78C7
S2140375F0012B04D801F024FC0024204638BD054B9B
S2140376001C6800F0E5F80444284601F019FCF4E78A
S214037610235600206C3700201549164A0B6F10B509
S21403762003F007031360144A144C9269032B02F009
S2140376300200C2F34002227017D0D1F8203103F0C3
S2140376400703022B11D0D1F8803203F001030C4A52
S214037650137048B143B9064BD3F8003103F0030364
S214037660591E4B424B41137010BD0123EFE700BF79
S21403767000800050D037002000C00150285600205C
S21403768029560020012805D00238012808D80020F2
S214037690D2F792B8034A136923F00403136130BF89
S2140376A0704700BF00ED00E0044B054AD3F82031D5
S2140376B003F007031360F8F789BA00BF0080005091
S2140376C0D83700200122014B1A7070472756002036
S2140376D0F8B51F4B1B78002B39D01E4C2378B3B953
S2140376E01D4B9A6DD10302D5DA6D92072FD49B6D8D
S2140376F0DB072CD401F000FD184B194A1860136FF2
S21403770023F0070343F003031367FFF703FD01F0BA
S214037710F3FC124B134D1B68134EC01A2B78134FF2
S21403772056F8232046F82300111A3A681048521ACE
S2140377300A213A600932B2FBF1F20133DBB202608E
S214037740B3FBF1F201FB12332B7000232370F8BD59
S214037750295600202656002000C00050C8370020B7
S2140377600080005025560020A03700209C370020BC
S2140377709837002008B5F8F72AFA0D4A0D49136F13
S214037780096823F007030B4313670B49D2F820312C
S214037790096823F007030B43C2F82031074B1B7815
S2140377A013B10122064B9A62BDE80840FFF7B2BC4C
S2140377B000800050D0370020D837002029560020FC
S2140377C000E00050014B1878704700BF2956002090
S2140377D0054B187818B1054B186800EBD000044B1E
S2140377E01B681844704700BF2956002098370020AE
S2140377F0CC37002008B50D4B1A7892B100221A70C8
S2140378000B4A136F23F0070343F001031367D2F801
S214037810203123F0070343F00403C2F82031FFF7B7
S21403782079FC0122034B5A6708BD00BF2756002088
S2140378300080005000E000500D490B68A0B1002204
S214037840A3B1834203D1836822B90B6003E01A46CF
S2140378509B68F5E7936083680BB9002070475A6905
S21403786041690A445A61F8E72220704702207047AC
S214037870E437002010B501F05BFC0A4C0A4B19688C
S2140378802368C31A09B9206010BD002BFBD04A69D0
S2140378909A423ABF9B1A0022D21A4A6128BF002393
S2140378A08968EFE7E0370020E437002038B5154D48
S2140378B02B682BB35B69B3B1134A022014681C44CC
S2140378C000F088FA204600F047FA00220F492B689A
S2140378D00A70012A05D823B1D88880070AD5012360
S2140378E00B70002038BD022000F074FA022000F06E
S2140378F093FAEAE79B68002BF3D058690244E8E75B
S2140379002220EFE7E4370020E03700202B56002044
S214037910C38870B504460D463BB9FFF763FE854240
S214037920064602D2F9F732FA35460E4A65611368FF
S2140379309BB91460A3600FE02D1A98681946656119
S214037940034618B15869A842F6D941B18C60A360C2
S21403795013B15A69521B5A6170BD0021F2E71460D5
S214037960F5E700BFE437002070B516469DF81420EF
S214037970C0E903360271049ABDF81830026000228B
S21403798004460D468260C38006BB01F0D1FB284443
S214037990A0613DB9E368656113B120462168984745
S2140379A096B1354601F051FA0646FFF763FF2946BE
S2140379B02046FFF7ADFF074B1B68A34201D1FFF735
S2140379C075FF304601F03CFA002070BD01F0B0FBB5
S2140379D03044DDE7E4370020F8B50546D0B101F0C2
S2140379E034FA0646FFF746FF0B4B28461F68FFF799
S2140379F023FF044620B1304601F022FA2046F8BDA4
S214037A00AF42F8D1FFF752FF2228F4D1022000F04C
S214037A10EDF9F0E72224F1E7E437002038B50C4609
S214037A200546A8B1A1B100230B7001F01BFA012192
S214037A30084B1B6833B901F010FA002038BD9D428D
S214037A4004D121702278002AF9D0F4E79B68F1E785
S214037A502220F3E7E4370020F8B506460F4601F088
S214037A6001FA00250446124B1B6823B9204601F091
S214037A70F4F91B2011E05A691544DA88B2420DD195
S214037A8001F056FB0B4E3368C01AA8420AD30023F4
S214037A9020463B6001F0E1F90020F8BDFF2EEFD051
S214037AA09B68E2E701F044FB33682B441B1AEFE7BD
S214037AB0E4370020E037002070B501F0D3F906461E
S214037AC001F036FB084B044601201D6801F020FB3D
S214037AD018B101F02DFB04460135304601F0BDF91F
S214037AE02046294670BD00BFEC370020014B1868BE
S214037AF0704700BFE8370020F8B50C4B05461B68F7
S214037B000E4683420FD3002440F2E7302146084B4B
S214037B104FF47A721F680023E5FB0701E2F704F9C6
S214037B2030602046F8BD2120FCE700BFDC3700208C
S214037B30E83700200F4B10B51A689AB14FF47A71E4
S214037B40531E1342A0FB01010ED1B2FA82F2C2F118
S214037B501F04531CD243E04001FA03F3184321FAEF
S214037B6002F20243104610BD0023E2F7DDF8024698
S214037B70F8E700BFE837002038B5164B14468342B3
S214037B80154B8B4123D3154B1A6802B34FF47A7502
S214037B90A0FB050305FB0131531E134211D1B2FAB4
S214037BA082F3C3F11F055A1CDB4301FA02F2E840D5
S214037BB021FA03F310431843E940C4E90001002007
S214037BC038BD0023E2F7B0F8C4E90001F7E7212047
S214037BD0F6E700BFEFA7C64B37894100E83700201A
S214037BE010B501F03FF9034B1C7801F036F9E4B207
S214037BF0204610BD2A56002008B5084B1B7803F014
S214037C00FF004BB101F078FA054B1B689B69C01A5D
S214037C1002288CBF0020012008BD00BF2B56002081
S214037C20E4370020C2072DE9F843044607D5474A40
S214037C30136801331360FFF71DFEFFF737FEA30734
S214037C4040F1818001F00EF94FF0000805464646E4
S214037C50FFF710FE3E4F3C680CB16369A3B10022E8
S214037C603C4B012E1A7003D118F0020F18BF1E707A
S214037C70FFF71CFE222802D1022000F0B7F82846A0
S214037C80BDE8F84301F0E9B823465A693AB91A79C8
S214037C902179914288BF1C469B68002BF5D1284664
S214037CA001F0DBF8D4F81080B8F1000F3FD001F0F4
S214037CB03FFAA269851AEB17454573F1000337DBD4
S214037CC023691344A36101232269CAB1C3B9A38BF1
S214037CD0B8EB050833B1E28B13449BB2B3F57A7F56
S214037CE01CD2E38301F0BEF8054641462046FFF763
S214037CF00FFEA369226928461344A36101F0ADF879
S214037D00E36813B1204621689847B4F8068001F06B
S214037D10A9F801360546FFF7ADFD9CE7A3F57A7390
S214037D20E383A36918F1FF38013BA361DAE745460D
S214037D3001F098F881462046FFF77EFD484601F09D
S214037D408CF80023C0E7BDE8F88300BFEC370020BB
S214037D50E43700202A56002010B5044601F075F8D3
S214037D604FF0B042936A1907FCD4136A116C526938
S214037D70120704D4CA1A032A01D899420ED1E21A6A
S214037D80022A98BFDC1CB4F1FF3F38BF013C4FF01A
S214037D90B04308221C6403F580539A6101F050F83F
S214037DA0054A13783BB14FF0B041CB6B43F0020367
S214037DB0CB630023137010BD5465002007B5044B36
S214037DC001A9187901F0E7F8019803B05DF804FB00
S214037DD05433040000F001038207034A48BF43F00C
S214037DE008039361704700BF00100058820700F035
S214037DF001030AD50121064A43F0080311704FF028
S214037E00B041CA6B22F00302CA63024A9361704709
S214037E105465002000200058830742BF0822014B08
S214037E205A6170470010005873B502AB164603E953
S214037E300600044600F052FF0546204600F05EFFAB
S214037E409DF800208DB1202C33780ED8012B2ED828
S214037E504FF6FF752D4803EB4313234430F81310F6
S214037E60A94202D0013120F81310294B294E33F8CA
S214037E70141036F81400814232D34FF6FF75A94228
S214037E804FF0010502D0013123F8141004F0FD0170
S214037E90092927D1998AB68A0A44B242B4BF9A827C
S214037EA09E8233F81430834227D202B070BD022B71
S214037EB0DBD14FF6FF704FF6FF75144B33F81410F3
S214037EC0814218BF013104F1210018BF23F81410B2
S214037ED033F81010A9421CBF013123F81010C4E771
S214037EE00025D0E71D2CDCD1598F8E18864203DA85
S214037EF001390A445A87D4E75887002DD5D120463E
S214037F0002B0BDE8704001F02EB900BF3852002021
S214037F1010530020BC52002038B50D46044600F02E
S214037F20A1FF064A13889BB22DB123431380BDE8F5
S214037F30384000F092BF23EA0403F7E71655002003
S214037F400022034B01214FF480701A70FFF7E4BF41
S214037F503C5C002008B5054B1868FCF72FFE00F0C4
S214037F600300C31E5842584108BD00BF3C4F0020C3
S214037F7038B5044601F095F90C4B0546197818797F
S214037F8081420FD0631E082B0CD8DFE803F0050DE3
S214037F900B0D0B0D0D0D0D0000220146044B18684A
S214037FA0FCF70AFE284638BD0022F7E78265002064
S214037FB03C4F002038B54FF0FF300C46FFF77BF8F8
S214037FC00A4B05461868FFF776F8641B241A20B296
S214037FD010F1630F06DB10F1240F05DA643080001E
S214037FE0C0B238BD0020FCE7FF20FAE73C4F002074
S214037FF008B5134B1B78062B04D040F62101114815
S21403800001F022F8104B1B881B0704D440F622010C
S2140380100C4801F019F80D4B2A201978FFF7A8FF32
S21403802000210820FFF778FF0222094B1A70094B3C
S2140380301868E8F791FEBDE8084001F081B800BF74
S2140380403C5C0020F22F040016550020395C00200B
S214038050B16500203C4F002010B50E4C236823B9B1
S21403806040F6A3410C4800F0EFFF2068013001F012
S214038070C9F800F0070003280AD124680922012161
S214038080204600F0E3FB205C031F5842584110BD16
S2140380900020FCE72C4F0020F22F040038B50C46D6
S2140380A040B100210420FFF737FF01F049F8012C07
S2140380B01DD038BD244B1B889B07F6D50129234AC0
S2140380C02FD1117869B30139C9B2117011B92020C3
S2140380D0FFF722FF00210220FFF71EFF04221C4B9E
S2140380E000211C481A7000F05DFD01F029F81A4CB7
S2140380F02068013001F086F800F44060B0F5006FA8
S2140381001FD1246801210422204600F09FFB20444F
S21403811001F078F80146BDE838400022202001F03F
S2140381203AB800210D4D02201170FFF7F5FE2B78AB
S214038130FF2B04D040F29961094800F085FF2C70AC
S214038140B3E74FF6FF71E6E7165500203B5C0020C9
S2140381503C5C0020046300202C4F0020B265002006
S214038160F22F040038B5134C05462388580709D563
S214038170FFF7F0FE01460720FFF7FAFEFF21012076
S214038180FFF78CFF238899070BD50B4B28461978E6
S2140381908A1F51425141FFF7EBFE01210020FFF7F2
S2140381A07DFF23881B0703D5BDE83840FFF720BFB4
S2140381B038BD00BF165500203C5C0020F7B5124CB6
S2140381C0D4E9006586EA020C85EA03070CEA000C8C
S2140381D00F405CEA070E15D086EA0C067D40C4E91C
S2140381E00065CDE900230B46084902460868FCF7FC
S2140381F0A7F838B14FF4FD71054803B0BDE8F04069
S21403820000F022BF03B0F0BDA81500203C4F0020AD
S214038210F22F040008B50A4B1B88DB0604D440F68D
S2140382204701084800F010FF00211020FFF774FEF6
S214038230002000F06BFBBDE8084000F081BF00BFE4
S21403824016550020F22F04002DE9F04F57068046FE
S21403825014461D4691B005D5FFF77CFE0146012066
S214038260FFF786FEEE0403D500212D20FFF780FEE0
S214038270A00224D54046FCF74DFD0146F8B9402040
S214038280FFF74AFE40460AA9FCF721F9B8B99DF85C
S2140382903030022B40F0D980BDF8280001F0A0F85A
S2140382A0FF2808D14046FCF710F940B901214020C9
S2140382B0FFF732FE03E001F097F80028F2D1A1039E
S2140382C005D5FFF747FE01460320FFF751FEE201FF
S2140382D004F0807640F1C080854B1B889B072DD524
S2140382E0844E3068FCF788F840BB834B834F187086
S2140382F03B78FF2B04D040F25761814800F0A4FE80
S2140383004FF0000900210220FFF706FE87F80090D1
S2140383107C4F3B78062B07D101210820FFF7FCFD95
S21403832049462820FFF724FE3B78052B06D100217B
S2140383302B20FFF71DFE3068E8F70EFD00F000FF68
S214038340220717D56B4F0321386805AAFCF76EF88A
S214038350064620B940F2C961694800F075FE9DF8EB
S2140383601430072B00F0D080FFF7F4FD01460420FD
S214038370FFF7FEFDE10505D5FFF7ECFD01460420FA
S214038380FFF7F6FD14F4863F05D0FFF7E3FD01463D
S2140383900220FFF7EDFDA20113D5FFF7DBFD014633
S2140383A00820FFF7E5FD00210420FFF7B5FD554B38
S2140383B01B78012B03D14F4B1868E8F7CDFC00F070
S2140383C0BFFE14F0084F09D0FFF7C4FD014607208F
S2140383D0FFF7CEFDFF210120FFF760FEA30009D5BE
S2140383E0FFF7B8FD01460620FFF7C2FDFF21012077
S2140383F0FFF754FEA70705D53D4B1B881E0701D57F
S214038400FFF7F6FD6C0603D500210A20FFF7B0FD43
S214038410280602D50120FCF78EFCE90540F185818C
S21403842040460AAA05A9FCF7C5FB9DF81430222B83
S21403843000F06D8100F28281152B40F26A8140F6CE
S2140384400A112F4800F000FE6FE1032B7FF437AFCD
S2140384500AA800F0C1FF30E705F0020756EA070353
S2140384600DD0284B26201978A1F1060EDEF1000167
S21403847041EB0E01FFF77CFD0121304611E004F0CD
S214038480805656EA07030FD01E4B26201978A1F113
S214038490060CDCF1000141EB0C01FFF769FD02213C
S2140384A03846FFF7FBFD4BE704F0884151EA060325
S2140384B009D0144B272019788F1F79427941FFF78B
S2140384C057FD0221D9E705F008030B4302D023200A
S2140384D0FFF74EFD680703D500212420FFF748FD6C
S2140384E0E9077FF52DAF00212520FFF741FD27E79C
S2140384F0165500203C4F00203B5C0020B265002050
S214038500F22F04003C5C0020314638680AAAFBF7C9
S21403851093FF20B14FF4DA619E4800F095FDBDF855
S2140385201630386802330AA9ADF82C30FBF786FFFD
S21403853020B140F2DF61974800F086FD00230093E8
S21403854031460423386804AAFBF77AFF042804D0CC
S21403855040F2E4618F4800F077FDDFF8589299F80F
S2140385600030C3BB0DF1110000F04CFE00F0070015
S214038570022830D1FFF7EEFC01460920FFF7F8FC8E
S214038580854B1B78062B23D1844B9DF813201B7831
S2140385909A421DD19DF8353023B940F2FA617D48E1
S2140385A000F052FD0DF1110000F02CFEC0F3001692
S2140385B031462920FFF7DCFC00210820FFF7ACFC3E
S2140385C0774B1E70FFF748FD10B93868E8F7C4FB11
S2140385D000F0B6FDCEE6BDF816000121083080B2E5
S2140385E000F068FA039030B9FFF7B4FC01460420A4
S2140385F0FFF7BEFCECE700F0E9F905AA01460646DC
S2140386003868FBF725FF99F800A0BAF1000F22D1CE
S21403861006F1010B584600F0F5FD83065AD5386877
S214038620FCF778FB0746FFF795FC05370146F8B2DB
S214038630FFF79EFC584600F0E5FD00F00700032810
S214038640584F2DD001210420FFF766FC4FF0FF3072
S214038650FBF71DFF386000225349BDF81630097832
S214038660F718F1549DF83630BB709DF83730FB7021
S2140386700A9B190E3971190C7971FB71190A99F84D
S2140386800030B97123B9737892B343F02003737043
S214038690002000F069F97870039800F071FA97E704
S2140386A001210922304600F0D1F8305C012104286C
S2140386B0C9D1FFF731FC4FF0FF30FBF7E8FE3B4B29
S2140386C038601B885806C6D551464020FFF724FC61
S2140386D00122C1E7FFF73EFC01460920FFF748FCED
S2140386E02D4B1B78012BB6D13868E8F735FBB2E77C
S2140386F023F02003CBE701227E33DBB202FA03F337
S21403870013F00A1F31D113F0011F3FF498AE272050
S2140387102CE0012202FA03F3254A1A402ABB13F07F
S214038720041FF4D1DA077FF58AAEAB052FD50121F6
S214038730802011B0BDE8F04FFFF7EEBB652B1AD8CB
S214038740622B12D8452B0CD8422B0ED8352B06D8C5
S214038750322B0AD8252B08D9322BD8D06FE6422BDA
S214038760FBE7552B05D8522BF7D92620FFF7FAFC43
S214038770DBE7622BF1E7952B3FF661AE812BBAD888
S214038780722BC4D0733B022B3FF659AEEDE711B004
S214038790BDE8F08FF22F04003C5C0020385C00201C
S2140387A0B1650020284F0020B36500201655002031
S2140387B03A0038003F5C0020024B1878B0FA80F08D
S2140387C0400970473C5C002008B5064B4FF0FF316C
S2140387D01868FCF715FA0028B8BF033040F3870083
S2140387E008BD00BF3C4F002008B5074B1868FBF7D1
S2140387F03CFD30B1054BB3FBF0F083B20BB118462A
S21403880008BD0120FCE700BF3C4F002040420F009C
S21403881038B510200C460121FFF77EFB064B1D687A
S214038820FFF7E2FF012200FB04F1044B2846FCF7A6
S214038830CCF9002038BD00BF3C4F00201582030052
S214038840014800F001BC00BF0C300400032A70B5D9
S214038850144602D82C4B985C70BD81F0010519B9FB
S2140388600D2A07D1FF20F7E70D2A03D10078053834
S214038870C0B2F1E7084400F0C5FCC5F1040110F4EA
S21403888040660246C9B209D1042C0846E4D0052C3A
S21403889016D112F0400F18BF0846DDE7C5F10603F0
S2140388A0042CD8B2D8D0B6F5006F03D1C5F10805AD
S2140388B0E8B2ECE7B6F5406FE9D1C5F10E05F7E788
S2140388C012F4404107D1062CC6D0072CC4D0082C7E
S2140388D013D10130CCE755065CBF831CD8B2062CF7
S2140388E0BAD0B1F5004F02D1831CD8B2EDE7B1F58B
S2140388F0404FEAD100F10803F7E7130744BF0530FA
S214038900C0B20C2CA8D9ADE7B07B0400AC2370B57D
S214038910094C054603FB00435E6D26B940F2FD3164
S214038920064800F091FBAC2303FB05440023636574
S2140389303346BDE870401847404F002049300400D6
S21403894010B40C461146AC22064B02FB0033586D9E
S21403895020B95C655DF8044BFFF75ABF02205DF84B
S214038960044B7047404F0020AC22034B02FB0033FE
S21403897093F8A800704700BF404F002028B1034B70
S2140389801B68C01A4010013080B2704700500020A8
S21403899030B1044B00F100401B68013803EB400084
S2140389A0704700BF00500020064B1B68834206D862
S2140389B0054B1B68834294BF0020012070470020AC
S2140389C0704700BF00500020FC4F002010B504463F
S2140389D008B9002010BD00F072FC20B940F2CD416A
S2140389E0074800F031FB2046FFF7D2FF0028F0D0FF
S2140389F00388DB0B14BFD0F80A000830EAE700BF91
S214038A002030040010B508B9002010BDFFF7C0FFE2
S214038A10044600F04BFC20B94FF49D61064800F075
S214038A2013FB002CF0D02388DB0B0ABF6088208959
S214038A30C0F30C00E9E700BF2030040038B5FFF7A9
S214038A40A7FF0D46044650B100F030FC20B940F2B3
S214038A504151034800F0F8FA023534F8150038BDE2
S214038A602030040070B5FFF793FF0C461646054604
S214038A70B0B100F01BFC20B940F24D510C4800F099
S214038A80E3FA3046FFF784FF00F010FC20B940F20B
S214038A904E51074800F0D8FA023425F8146070BD2A
S214038AA040F25251BDE87040014800F0CDBA00BF15
S214038AB0203004002DE9F8430746884600F066FB9D
S214038AC020B940F28E512A4800F0BEFAFC1CA408D6
S214038AD0284B64000434B7F5005F1E68A4B204D3C1
S214038AE040F29551224800F0AFFA00F0BBF9224954
S214038AF081460B687BB9214B1D68761BC6F34F0670
S214038B00B44227D90025484600F0A7F92846BDE811
S214038B10F843FFF733BFB8F1000F11D0174A1568B3
S214038B205A1BC2F34F029442ECD81448620005EB7A
S214038B3044040460B8F1000F0FD113440B600CE03B
S214038B40F61AC6F34F0676B940F2A651084800F067
S214038B507BFAD7E705EB44041C6000236F80AB80E9
S214038B60EB802B80CFE7B442CCD8044A1568DCE709
S214038B702030040004500020EC4F0020FC4F00205F
S214038B8038B5054600F06EF9044629460448002227
S214038B9000F0A2FB2046BDE8384000F05EB900BFF7
S214038BA01C55002082684B4B2DE9F0419A4204463F
S214038BB00E46056815D121B140F21311464800F060
S214038BC043FA00F04FF923691BB92B682BB92461CC
S214038BD02C60BDE8F04100F040B91A6922611C61BF
S214038BE0F6E700F02AFA8046FEF76AFA20B14FF459
S214038BF09571394800F028FA6FF000439E422169C8
S214038C004BD22B7B08EB0602002B4DD0AB6893426E
S214038C104AD1531C002949D06169994242D01EB9F2
S214038C20521AB2F1004F3DD9636123696E689C42C4
S214038C3003D19D21284800F007FA2F460023B442AB
S214038C400BD0002B41D172696169891AB1F1004FCB
S214038C5032D83269374694422CD12269BD420CBFC2
S214038C606A603A617BB92669B44203D1B8211A48CF
S214038C7000F0EAF93B46012E05D062697169521A83
S214038C80B2F1004F23D99D420BBF6B681A6923616B
S214038C9022610CBF6C601C6104E0434431B162691D
S214038CA09342C1D1BDE8F0811346B3E76A682261F7
S214038CB06C60B9E71646C6E7A8EB0202B2F1004FAE
S214038CC0C7D93B4637463669B9E71F46F9E7334601
S214038CD03669D0E731280200343004000823064AF8
S214038CE012F8011B814205D0013B13F0FF03F7D1B5
S214038CF01846704701207047617C04000823064A23
S214038D0012F8011B814205D0013B13F0FF03F7D194
S214038D101846704701207047597C040010B5082296
S214038D2007490446E1F7B8FEB0FA80F04FF6FF7342
S214038D302289400940009A4208BF40F0010010BD56
S214038D40727C040030B504460D4685B002B9084A65
S214038D501068516801AB03C301AB03CB2060204608
S214038D60ADF80C501B886160238105B030BD00BF91
S214038D70F4B80300002270B50A4B1C780A4BD5B230
S214038D80AC4202D800200C7008E01E8801328642EE
S214038D9005D30D701B881B1A5842584170BD1233F9
S214038DA0EDE700BFB95B0020BC54002010B5164B9E
S214038DB0187860B1154C2368CBB14FF4707200205D
S214038DC01349FFF7BDFD2368013B236010BDFFF782
S214038DD0FBFC1049104A91F90040136884420B4C7F
S214038DE003F1010313602368B8BF087053B90B4837
S214038DF000F09AFA0028E9D1BDE81040014607487A
S214038E00FFF7D0BE0822DAE78C5C002078500020FB
S214038E10AD8D0300875C002070500020D0640020D6
S214038E20054B1B682BB9054B1868003818BF012083
S214038E3070470120704700BF685000206450002030
S214038E4010B962B6BFF36F8F7047EFF3108072B638
S214038E507047302383F31188704780F31188BFF37C
S214038E606F8F7047EFF31180302383F311887047B9
S214038E70002070474FF4004070474FF47A707047F5
S214038E800122417803788A4030214B4341F2100196
S214038E9003F1A04303F570335A507047B0F5802FA3
S214038EA024D010D8B0F5003F22D006D828B3B0F5AA
S214038EB0803F14BF012048207047B0F5403F14BFE1
S214038EC001202C207047B0F5302F13D008D8B0F50A
S214038ED0E02F11D0B0F5202F14BF012010207047CB
S214038EE0B0F57F0F14BF0120062070474B20704754
S214038EF02A207047112070472120704708B570B1AB
S214038F0000F022F84FF098435A6CD202FCD5586D05
S214038F1010F4702004D0BDE80840FFF7BFBF21203F
S214038F2008BD08B528B128220021E1F769FA002018
S214038F3008BD2120FCE7036A042B9FBF00EB8302D6
S214038F400133D16003627047036A052B14D84FF0D0
S214038F509842116CC902FCD504339B001365016863
S214038F60103B11604168116050F8081F11604FF004
S214038F7098420344984200D1704750F8041F11608A
S214038F80F8E7836813B9816070475B685A68012AFB
S214038F90FBD15960704709B100F005B8222070472D
S214038FA0012100F043B870B506460D46FFF75AFF99
S214038FB004461D2E37D8DFE806F00F18361C1E2091
S214038FC03622243636362628362A2C2E30363636A1
S214038FD03634363636363632FEF782F800262860C2
S214038FE02046FFF73AFF304670BD0120D0F77EF9E2
S214038FF0F4E70320FAE70420F8E70C20F6E702205C
S214039000F4E70620F2E70720F0E70820EEE705205E
S214039010ECE70920EAE70A20E8E70D20E6E7102058
S214039020E4E70B20E2E700202126D8E7002070477C
S21403903008B5FEF7D9F880B208BD08B5FEF7D4F830
S21403904008BD704742DE704738B504460D4600F04B
S21403905008F8FFF7FEFE29462046BDE83840FFF72E
S214039060F1BF704710B962B6BFF36F8F7047012028
S21403907070472DE9FF410D4616461F460446A8B124
S2140390804FF00008C0F81C80FEF7A6FCBDF82C3095
S214039090424602939DF828302946CDE900732046C0
S2140390A03346FEF761FC04B0BDE8F0812220FAE700
S2140390B0F0B51F46002387B00D46164604468DF8C6
S2140390C01730A8B1C3610DF11701FEF7A7FC9DF891
S2140390D017207AB9BDF83430294602939DF830300C
S2140390E02046CDE900733346FEF73EFC07B0F0BDDD
S2140390F02220FBE70320F9E738B5FFF7B3FE054662
S21403910000F016F804462846FFF7A7FE204638BDAB
S2140391104FF0B04301285B6904D0022805D1C3F39E
S214039120C000704703F00100704700207047704787
S2140391304FF0B0439A6A1207FCD4186A7047704718
S21403914008B5FFF7FCFF00F01DF808BD10B5FFF7E4
S2140391507CFE012104460846FEF7E2F82046BDE8F9
S2140391601040FFF76DBE10B5044600F012F8204617
S214039170FAF7FBFF2046F8F72EF9BDE81040F9F79B
S214039180F3BC704708B5FFF7FCFF08BD0120704726
S21403919070470020704730B589B00446ADF8061016
S2140391A08DF81020FFF79AFD05462046FFF7A6FD2B
S2140391B003469DB1BDF80600ABB900F0BAF8FF2828
S2140391C008BF00200DF10F038DF80F001A46204646
S2140391D004990593FEF728FE09B030BD0028F5D0A4
S2140391E00DF10603F2E700F0A4F8FF2808BF0020FD
S2140391F0BDF806308DF80F00ADF81A308DF818005C
S21403920006ABE3E7008870470170090A41707047B0
S214039210012070470120704738B5E0F731F804465F
S214039220D5F766F8051E18BF2546D5F733F9041E8D
S21403923018BF2C46FFF7ECFF002818BF204638BDA2
S21403924038B5FEF7BDF90446F7F7C4FA04281ED06E
S21403925002284FF0000508BF0124F8F764F9042834
S21403926017D0022808BF0124F7F7F3FE042812D00C
S214039270022808BF0124FFF7CDFF04280DD00228DB
S21403928008BF0124002D18BF0024204638BD012541
S214039290E3E70125E8E70125EDE70024F5E7FF20EE
S2140392A0704708B5FFF7FBFF002008BD08B520B1DF
S2140392B0FFF77AFB00F0010008BD0120FAE708B5C6
S2140392C0FFF766FBBDE80840FFF7F0BF008810B164
S2140392D0C9B2FFF7B3BB70472DE9F041B0F8008081
S2140392E006460C46D5B2B8F1000F11D029464046C3
S2140392F0FFF7A4FB2246074629464046FFF7B2FB84
S2140393003A4629462046FFF7ADFB3480BDE8F08198
S2140393100F46F5E703461B8808468B4202D000211A
S214039320FFF78CBB002070470069003818BF012088
S214039330704700207047F8B506460D46FFF7EEFC6B
S2140393400328044621D02846FFF7E8FC03280746EF
S2140393501BD010F0020318D1A0070DD5F90716D4B9
S21403936001233C43E20704D431892A89914218BF7A
S214039370002303F00100F8BD082229463046E1F732
S2140393808BFBB0FA80F35B09EBE70020F3E71846A4
S214039390F1E770B50D4600210646FFF797FF044632
S2140393A030B1FFF713FB01462846FFF7C4FF08B1A9
S2140393B0204670BD21463046FFF7ACFFEFE707B502
S2140393C00DF10701FFF7D6FC20B19DF8070003B0A7
S2140393D05DF804FBFF20FAE700207047FF20704784
S2140393E0FF207047FF2070470020704700200021B1
S2140393F07047002070472DE9F84307460846154690
S21403940088461C469DF82090FFF7E0FA4619A4B15B
S2140394109EB14046FFF7F6FA254485420FDC224606
S214039420B9F1000F06D131463846E1F73BF8002084
S214039430BDE8F88339463046F7E72120F8E71D20D4
S214039440F6E7000000000000000000000000000037
S2140394500000000000000000000000000000000004
S214039460F8B500BFF8BC08BC9E467047F8B500BF09
S214039470F8BC08BC9E4670475FF800F0BD5D002050
S2140394805FF800F0595E00204465766963652074D2
S214039490797065206368616E6765206465746563CB
S2140394A07465643A202564202D3E2025640D0A0049
S2140394B0427574746F6E2076616C7565206368619F
S2140394C06E67656420746F2025640D0A005072650C
S2140394D073732064657465637465640D0A004D7563
S2140394E06C74692070726573732064657465637445
S2140394F065643A2025640D0A0052656C65617365E0
S2140395002064657465637465640D0A004C6F6E674A
S2140395102070726573732064657465637465640D87
S2140395200A0072656C61795F73746172745F6C6153
S214039530746368696E675F70756C73653A20616EF5
S2140395406F746865722070756C736520697320612B
S21403955063746976650D0A0072656C61795F6F6E78
S2140395600D0A0072656C61795F6F66660D0A00729C
S214039570656C61795F746F67676C650D0A00577277
S2140395806974696E6720636F6E66696720746F20FF
S2140395906E763A2025730D0A0053697A653A2025BC
S2140395A0640D0A004661696C656420746F207772E7
S2140395B0697465204445564943455F434F4E4649C3
S2140395C0475F4441544120746F204E562C207374D9
S2140395D0617475733A2025642E2028627974657346
S2140395E03A202564290D0A00737563636573732136
S2140395F00D0A004661696C656420746F20726561AC
S21403960064204E565F4954454D5F4445564943458D
S2140396105F434F4E4649472C207573696E67206437
S214039620656661756C7420636F6E66696720696E24
S21403963073746561642C207374617475733A2025A2
S214039640642E202862797465733A202564290D0AEE
S214039650005573696E6720636F6E6669673A2025E7
S214039660642063686172732066726F6D0D0A2573DA
S2140396700D0A00626D7A666A6E62703B5453303030
S21403968031312D4D48423B534134753B52443144AE
S214039690303B494136693B4D3B004E6574776F72EC
S2140396A06B20737461747573206368616E67656499
S2140396B020746F2025640D0A004D616E7566616324
S2140396C0747572657220746F6F206269670D0A0085
S2140396D04D6F64656C20746F6F206269670D0A00B6
S2140396E0496E697469616C697A696E67205A69673D
S2140396F062656520776974682025642073776974CA
S214039700636865732C2025642072656C6179732CFD
S21403971020256420636F766572730D0A00436F6EAF
S2140397206669672070617273656420737563636529
S214039730737366756C6C790D0A00726561642076C6
S214039740657273696F6E20666F726D206E65772023
S2140397506C6F636174696F6E0D0A004661696C65B0
S2140397606420746F207772697465206C6173745318
S21403977065656E56657273696F6E20746F204E56FC
S2140397802C2073743A2025640D0A004F6C642076EF
S214039790657273696F6E3A2025640D0A004375720D
S2140397A072656E742076657273696F6E3A202564EF
S2140397B00D0A00524553455420414C4C210D0A00D6
S2140397C068616C5F6770696F5F63616C6C6261632D
S2140397D06B3A2065787469206C696E6520256C6425
S2140397E02073746174757320256C750D0A006861A7
S2140397F06C5F6770696F5F63616C6C6261636B3A21
S214039800206E6F20667265652045585449206C6942
S2140398106E65730D0A002F686F6D652F72756E6E19
S21403982065722F776F726B2F747579612D7A6967FE
S2140398306265652D7377697463682F747579612D16
S2140398407A69676265652D7377697463682F7369D0
S2140398506C6162735F746F6F6C732F73696D706C7A
S21403986069636974795F73646B2F2E2E2F2E2E2FE8
S2140398707372632F73696C6162732F68616C2F7ADE
S21403988069676265652E630044726F7070696E6700
S214039890206F6C64204F544120696D6167652C20EE
S2140398A063757272656E74206F66667365743A20AC
S2140398B0256C750A00556E6B6E6F776E20636F7638
S2140398C0657220636F6D6D616E643A2025640D0AC0
S2140398D000417474726962757465206368616E67AB
S2140398E065642C2065703A2025642C20636C7573A0
S2140398F07465723A2025642C20617474723A2025AC
S214039900640D0A00556E6B6E6F776E20636F6D6D18
S214039910616E643A2025640D0A00496E64657820FA
S214039920617420777269746520617474723A2025B5
S214039930640D0A004E6F2073776974636820636F43
S2140399406E66696720696E204E562C207573696EA5
S214039950672064656661756C74730D0A00496E76DC
S214039960616C69642072656C61795F696E646578A1
S21403997020256420696E204E562C2072657365740C
S21403998074696E6720746F2064656661756C740D08
S2140399900A003E2000556E6B6E6F776E20657272FE
S2140399A06F7200496E707574206275666665722004
S2140399B069732046554C4C004D6178696D756D2072
S2140399C06E756D626572206F6620617267756D6570
S2140399D06E747320657863656564656400546865B2
S2140399E020617267756D656E74206973206E6F747F
S2140399F020666F726D617474656420636F7272653E
S214039A0063746C7900496E636F7272656374206168
S214039A107267756D656E74207479706500496E6340
S214039A206F7272656374206E756D626572206F6601
S214039A3020617267756D656E7473004E6F20636F79
S214039A406D6D616E6420666F756E640075696E7405
S214039A5038006164646974696F6E616C002A00750E
S214039A606E6B6E6F776E0077696C64636172640009
S214039A706865786F707400737472696E676F70745C
S214039A800075696E7433326F70740075696E743165
S214039A90366F70740075696E74386F70740068651D
S214039AA07800737472696E670075696E7431360078
S214039AB075696E743332002E2E2E200068656C7026
S214039AC0000A25730A257325730025732008002FC3
S214039AD0686F6D652F72756E6E65722F776F726B1A
S214039AE02F747579612D7A69676265652D73776959
S214039AF07463682F747579612D7A69676265652D5D
S214039B007377697463682F73696C6162735F746FCC
S214039B106F6C732F73696D706C69636974795F73A7
S214039B20646B2F706C6174666F726D2F73657276DB
S214039B306963652F6C65676163795F68616C2F7312
S214039B4072632F626173652D7265706C6163656DF8
S214039B50656E742E63002F686F6D652F72756E6E5B
S214039B6065722F776F726B2F747579612D7A6967BB
S214039B706265652D7377697463682F747579612DD3
S214039B807A69676265652D7377697463682F73698D
S214039B906C6162735F746F6F6C732F73696D706C37
S214039BA069636974795F73646B2F706C6174666F35
S214039BB0726D2F736572766963652F746F6B656E4E
S214039BC05F6D616E616765722F6C65676163792F80
S214039BD07372632F736C5F746F6B656E5F6D616E0C
S214039BE0616765722E63002F686F6D652F72756EE1
S214039BF06E65722F776F726B2F747579612D7A6924
S214039C00676265652D7377697463682F7475796108
S214039C102D7A69676265652D7377697463682F7338
S214039C20696C6162735F746F6F6C732F73696D70A9
S214039C306C69636974795F73646B2F706C617466A7
S214039C406F726D2F736572766963652F746F6B65BC
S214039C506E5F6D616E616765722F6C6567616379B0
S214039C602F7372632F736C5F746F6B656E5F6D61BA
S214039C706E75666163747572696E672E63004375ED
S214039C807272656E7420436F6E6669673A2025307C
S214039C90780053657420434341206D6F64652074D8
S214039CA06F2025643A2025307800656E61626C6506
S214039CB0640064697361626C6564006F757428631D
S214039CC06C69656E742900696E2028736572766503
S214039CD07229004D464720537472696E673A2025F1
S214039CE073004170704275696C646572204D464717
S214039CF020436F64653A20307825303458006E6F01
S214039D006465205B004164646974696F6E616C20EE
S214039D10696E746572666163657300202025643A14
S214039D20200070616765205B25645D206368616E53
S214039D30205B25645D20707772205B25645D006E72
S214039D406F7420616374697665006572726F722042
S214039D503078253038580070616E4944205B30787F
S214039D60253034585D206E6F64654944205B307837
S214039D70253034585D20007870616E205B307800A3
S214039D80706172656E744944205B307825303458B0
S214039D905D20706172656E7452737369205B25640F
S214039DA05D006E6F646554797065205B0053656370
S214039DB07572697479206C6576656C205B25303224
S214039DC0585D006E6574776F726B2073746174658B
S214039DD0205B253032585D2000427566666572202A
S214039DE062797465733A202564202F202564004524
S214039DF07020636E743A2025640065702025642005
S214039E005B656E64706F696E742025732C206465C1
S214039E10766963652025735D20006E776B205B256E
S214039E20645D2070726F66696C65205B30782530E0
S214039E3034585D206465764964205B307825303479
S214039E40585D20766572205B3078253032585D0089
S214039E5020202020257320636C75737465723A2066
S214039E6030782530345820004E776B20636E743A72
S214039E70202564006E776B202564205B25735D00C8
S214039E805072696D617279202870726F29002020E4
S214039E906E6F646554797065205B30782530325870
S214039EA05D002020736563757269747950726F66FE
S214039EB0696C65205B3078253032585D004550204C
S214039EC025643A20257320004572726F723A20206B
S214039ED0556E6B6E6F776E20656E64706F696E7409
S214039EE02E00456E61626C65206576656E7420642F
S214039EF06562756720696E666F20696E20436F72B0
S214039F006520434C4920636F6D706F6E656E7400F9
S214039F106F6E6C7920636F6F7264696E61746F72B3
S214039F20732063616E20666F726D0A006A6F696ED6
S214039F30203078253038580A006C65617665002530
S214039F4073203078253032580A0072656A6F696E5E
S214039F500072656A6F696E4469666644657669630E
S214039F606554797065006578742E2050414E2049FB
S214039F70443A20004E574B206F70656E3A20257585
S214039F8020736563004E574B20636C6F73656400E4
S214039F9066696E64206A6F696E61626C653A20302A
S214039FA078253032580066696E6420756E75736561
S214039FB0643A20307825303258004368616E67690A
S214039FC06E6720746F206368616E6E656C2025640F
S214039FD03A2030782530325800696E76616C6964B1
S214039FE0206E6574776F726B20696E6465780053B4
S214039FF0686F72742049443A203078253034582CE0
S21403A0002045554936343A20002C2050616E2049AD
S21403A010443A20307825303458005374617274659E
S21403A02064206D756C74692D70687920696E74652B
S21403A0307266616365004661696C656420746F20AF
S21403A04025732025732030782530325800546572E6
S21403A0506D696E617465642025732030782530320F
S21403A06058004B65657020616C6976652073757062
S21403A070706F727420656E61626C65642E00666133
S21403A080696C656420746F20736574206B656570F6
S21403A09020616C697665206D6F64652E0073756349
S21403A0A06365737366756C6C792073657420746866
S21403A0B065206368696C642074696D656F757420C8
S21403A0C06F7074696F6E206D61736B2E00666169C5
S21403A0D06C656420746F20736574207468652063F0
S21403A0E068696C642074696D656F7574206F70742D
S21403A0F0696F6E206D61736B2E00646973636F7690
S21403A1006572004D61746368202573792066726FEB
S21403A1106D203078253034582C2065702025640057
S21403A1204E574B2041646472657373207265737077
S21403A1306F6E73653A2030782530345800494545AC
S21403A14045204164647265737320726573706F6E25
S21403A15073653A20005365727669636520257379C3
S21403A16020646F6E652E002320207479706520208E
S21403A170206E776B20206C6F6320202072656D2025
S21403A1802020636C75732020206E6F64652020206A
S21403A190657569002020256420202020307825302E
S21403A1A03458202030782530345820203078253015
S21403A1B03458203078253034582000736C5F7A6921
S21403A1C0676265655F6765745F62696E64696E671B
S21403A1D0204572726F723A203078253038580A005C
S21403A1E02564206F662025642062696E64696E6745
S21403A1F073207573656400656E61626C65642070B8
S21403A20072696E740064697361626C65642070724F
S21403A210696E7400616464206C696E6B206B65798B
S21403A220004552523A2043616C63756C61746564F1
S21403A2302043524320646F6573206E6F74206D61F4
S21403A240746368004552523A20496E7374616C6CAD
S21403A25020436F6465206D75737420626520382C07
S21403A2602031302C2031342C206F7220313820627C
S21403A2707974657320696E206C656E677468004533
S21403A28052523A204145532D4D4D4F206861736815
S21403A290206661696C65643A203078253032580050
S21403A2A0536574206A6F696E696E67206C696E6B9E
S21403A2B0206B6579007365742062696E642025647B
S21403A2C03A2030782530327800454D5054590055A1
S21403A2D04E494341004D324F4E45004D554C54496F
S21403A2E0003F2020202000496E64657820494545BC
S21403A2F0452041646472657373202020202020204B
S21403A30020204E574B496E6465782020496E2046C0
S21403A31043202020202054544C28732920466C6167
S21403A32067202020204B65792020202000256420EC
S21403A33020202020002020256420202020202020EC
S21403A340002020253038582020002030782530344F
S21403A35058202000496E64657820494545452041CC
S21403A36064647265737320202020202020202049F7
S21403A3706E204643202020202054797065202041FB
S21403A38075746820204B6579002D2020202020003E
S21403A39025632020202020256320202020200069FC
S21403A3A06573005741524E494E473A202052454165
S21403A3B044494E47204F46204B45592056414C555D
S21403A3C045532044495341424C4544204259204D6D
S21403A3D0464720544F4B454E004E574B204B65790E
S21403A3E0002573206F75742046433A20253038586D
S21403A3F000257320736571206E756D3A20307825BD
S21403A400303258002573206F75742046433A202552
S21403A4103038780054432025732000257320546178
S21403A420626C650025642F256420656E7472696509
S21403A4307320757365642E005472616E7369656E5E
S21403A44074204B657900256420656E74722573202D
S21403A450636F6E73756D696E672025642070616324
S21403A4606B65742062756666657225732E005749A0
S21403A4704C4C0057494C4C204E4F54005472757345
S21403A480742043656E74657220257320616C6C6F4F
S21403A490772074727573742063656E7465722072A8
S21403A4A0656A6F696E73207573696E672077656C6E
S21403A4B06C2D6B6E6F776E206B65792E005365740B
S21403A4C02074696D656F757420666F72205472759B
S21403A4D073742043656E7465722072656A6F696E65
S21403A4E073207573696E672077656C6C2D6B6E6F62
S21403A4F0776E206C696E6B206B657920746F2025F0
S21403A50064207365636F6E64732E004552524F5218
S21403A5103A20002573737461636B206D7573742022
S21403A520626520646F776E2E0052656164696E679C
S21403A53020416C6C6F7765640048617368696E6769
S21403A540206F6E6C7900736C5F7A69676265655F0E
S21403A5506B65795F73657474696E67735F743A20AD
S21403A5603078253034580020205065726D69737337
S21403A570696F6E733A202573004572726F723A20C4
S21403A5804661696C656420746F2067657420636F29
S21403A5906E6669672C207374617475733A2030781D
S21403A5A025303858004661696C65643A2030782552
S21403A5B0303858004D73673A20636C7573203078D3
S21403A5C0253034582C20636D64203078253032587B
S21403A5D02C206C656E202564006275666665723A8B
S21403A5E02000454D4245525F00257353454355525F
S21403A5F04954595F4C4556454C3A2025303258004D
S21403A60025736572617365206B65792025643A202E
S21403A61030782530385800636D64206E6F7420627E
S21403A62075696C7400737263206570202530327808
S21403A6302C20636C757320253034780073656E6444
S21403A640696E6720746F206D756C746963617374CB
S21403A6502062696E640025733A2065703A2025648B
S21403A6602C20636C3A203078253034582C206174C3
S21403A67074723A20307825303458002C2073767262
S21403A6803A2025630025733A20726561643A2030C8
S21403A6907825303278002C207376723A2025632C86
S21403A6A02064747970653A2030782530325800413A
S21403A6B07267756D656E7420617420696E64657863
S21403A6C03A202564206973206F7574206F662072A4
S21403A6D0616E676500436F6D6D616E6420616C72B9
S21403A6E065616479206275696C742E202043616EFF
S21403A6F06E6F7420736574204D46472073706563D0
S21403A7006966696320636F646520666F7220636F92
S21403A7106D6D616E642E004D464720436F64652061
S21403A72053657420666F72206E65787420636F6D50
S21403A7306D616E643A203078253034580055736561
S21403A740204E6578742053657175656E6365205376
S21403A750657420666F72206E65787420636F6D6D06
S21403A760616E643A2030782530325800446973614C
S21403A770626C652044656661756C742052657370FF
S21403A7806F6E73652053657420666F72206E6578EE
S21403A7907420636F6D6D616E643A203078253032B5
S21403A7A058004552523A2072656164696E672061AB
S21403A7B07474726962757465202530327800455268
S21403A7C0523A206174747269627574652073697A8B
S21403A7D06520256420746F6F206C61726765206640
S21403A7E06F7220627566666572004572726F723AA2
S21403A7F020617474726962757465204944203078E8
S21403A80025303458207265706F727461626C6520EF
S21403A8106368616E67652069732073697A652025AE
S21403A82064422C206275742025644220656E74652C
S21403A8307265640A006E6F20636D64004572726F02
S21403A840723A20434C492053656E64206661696CF6
S21403A85065642C207374617475733A2030782530E0
S21403A8603858004572726F723A202045554936347F
S21403A87020617267756D656E7420697320656D70EF
S21403A880747920616E64206C6F6F6B7570206279CB
S21403A890206E6F6465204944206661696C65642E8A
S21403A8A00047726F757000556E6963617374005567
S21403A8B06E62696E642025732025733078253032E6
S21403A8C05800526571756573743A20005A444F20D8
S21403A8D073696D706C65206465736320726571209F
S21403A8E025303278005A444F206E6F6465206465C5
S21403A8F07363207265712025303278005A444F20E6
S21403A9006D617463682064657363207265712025C6
S21403A910303258005573696E67206D79206C6F630B
S21403A920616C20455549363420666F722064657322
S21403A9307420455549363420696E2062696E646911
S21403A9406E67005A444F2062696E642072657120F8
S21403A9502530327800636C7573746572206C696D8C
S21403A9606974207265616368656400696E76616CFC
S21403A970696420706167653A202564206F722063DE
S21403A98068616E6E656C3A202564004368616E6785
S21403A99065206368616E6E656C207374617475738D
S21403A9A03A20307825303278006475726174696FA6
S21403A9B06E206D75737420626520696E2072616EF9
S21403A9C067652030202D203500636F756E74206D0B
S21403A9D075737420626520696E2072616E676520E8
S21403A9E031202D2038007363616E20737461747593
S21403A9F07320307825303258006E6574776F726B2B
S21403AA002075706461746520736574207374617453
S21403AA107573203078253032580041637469766543
S21403AA202045502072657175657374207374617464
S21403AA3075733A20307825303258004C51492054EB
S21403AA4061626C6520726571756573743A2030783F
S21403AA50253032580042696E64696E67205461621D
S21403AA606C6520726571756573743A20307825308D
S21403AA703258004C65617665202573307825303270
S21403AA805800506F776572204465736372697074FB
S21403AA906F72202573307825303258005573696EEF
S21403AAA067206D79206C6F63616C20455549363499
S21403AAB020666F72206465737420455549363420CA
S21403AAC0696E20756E62696E64696E6700526F7593
S21403AAD07465205461626C652025733078253032A6
S21403AAE058002F686F6D652F72756E6E65722F77BF
S21403AAF06F726B2F747579612D7A69676265652D40
S21403AB007377697463682F747579612D7A696762E0
S21403AB1065652D7377697463682F73696C616273F7
S21403AB205F746F6F6C732F73696D706C6963697490
S21403AB30795F73646B2F70726F746F636F6C2F7AA9
S21403AB4069676265652F6170702F6672616D6577E0
S21403AB506F726B2F636F6D6D6F6E2F736C5F7A6999
S21403AB60676265655F73797374656D5F636F6D6D3B
S21403AB706F6E2E6300457874656E64656420526557
S21403AB8073657420696E666F3A20307825303458C2
S21403AB902028257329002F686F6D652F72756E6EDA
S21403ABA065722F776F726B2F747579612D7A69676B
S21403ABB06265652D7377697463682F747579612D83
S21403ABC07A69676265652D7377697463682F73693D
S21403ABD06C6162735F746F6F6C732F73696D706CE7
S21403ABE069636974795F73646B2F70726F746F63D4
S21403ABF06F6C2F7A69676265652F6170702F667256
S21403AC00616D65776F726B2F636F6D6D6F6E2F7AE5
S21403AC1069676265655F6170705F6672616D6577AF
S21403AC206F726B5F736C6565702E63005374617926
S21403AC30206177616B65207768656E206E6F742080
S21403AC406A6F696E65643A20257300466F726365A2
S21403AC50642073746179206177616B653A202020E4
S21403AC6020202020202020257300466F7263696E03
S21403AC70672064657669636520746F2073746179F1
S21403AC80206177616B6500416C6C6F77696E672036
S21403AC9064657669636520746F20676F20746F2020
S21403ACA0736C656570002F686F6D652F72756E6EB9
S21403ACB065722F776F726B2F747579612D7A69675A
S21403ACC06265652D7377697463682F747579612D72
S21403ACD07A69676265652D7377697463682F73692C
S21403ACE06C6162735F746F6F6C732F73696D706CD6
S21403ACF069636974795F73646B2F70726F746F63C3
S21403AD006F6C2F7A69676265652F6170702F667244
S21403AD10616D65776F726B2F636F6D6D6F6E2F7AD4
S21403AD2069676265655F737461636B5F736C6565A2
S21403AD30702E630052583A205265736574546F46FA
S21403AD406163746F727944656661756C747343618D
S21403AD506C6C6261636B00657A737020636F756EEB
S21403AD6074657273206661696C6564202575006579
S21403AD707A737020526573657420546872657368BD
S21403AD806F6C64206572726F7220257500657A7326
S21403AD907020536574205468726573686F6C642002
S21403ADA06572726F72202575002575292025733A02
S21403ADB02025750053657474696E67205468726540
S21403ADC073686F6C6420636F6D6D616E64003F3FE4
S21403ADD03F004D6163205278204263617374004DD7
S21403ADE06163205478204263617374004D6163206D
S21403ADF05278205563617374004D61632054782044
S21403AE005563617374004D61632054782055636104
S21403AE107374205265747279004D616320547820F0
S21403AE205563617374204661696C00415053205228
S21403AE307820426361737400415053205478204253
S21403AE4063617374004150532052782055636173D5
S21403AE507400415053205478205563617374205313
S21403AE6075636365737300415053205478205563AC
S21403AE70617374205265747279004150532054787C
S21403AE80205563617374204661696C00526F757454
S21403AE9065204469736320496E69746961746564E7
S21403AEA0004E65696768626F72204164646564007A
S21403AEB04E65696768626F722052656D6F7665646A
S21403AEC0004E65696768626F72205374616C650033
S21403AED04A6F696E20496E6469636174696F6E00B8
S21403AEE04368696C64204D6F76656400415348205F
S21403AEF04F766572666C6F770041534820467261E1
S21403AF006D65204572726F7200415348204F766517
S21403AF107272756E204572726F72004E574B2046E2
S21403AF2043204661696C7572650041505320464361
S21403AF30204661696C7572650041534820584F6618
S21403AF40660041505320556E617574686F72697A56
S21403AF506564204B6579004E574B204465637279D0
S21403AF607074204661696C75726573004150532096
S21403AF7044656372797074204661696C7572657393
S21403AF80005061636B657420427566666572204186
S21403AF906C6C6F63617465204661696C757265736A
S21403AFA00052656C61796564205563617374005063
S21403AFB0687920746F204D4143207175657565204F
S21403AFC06C696D69742072656163686564005061BD
S21403AFD0636B65742056616C696461746520647282
S21403AFE06F7020636F756E74004E574B20726574D6
S21403AFF07279206F766572666C6F770043434120E3
S21403B0004661696C757265730042726F6164636151
S21403B0107374207461626C652066756C6C005054A2
S21403B02041204C6F20507269205265710050544184
S21403B030204869205072692052657100505441209F
S21403B0404C6F205072692044656E696564005054E5
S21403B05041204869205072692044656E6965640022
S21403B060505441204C6F205072692054782041621E
S21403B07072740050544120486920507269205478F5
S21403B0802041627274004164647265737320436F77
S21403B0906E666C6963742053656E740043534C206C
S21403B0A05278207363686564756C65206661696CA5
S21403B0B06564000D004465627567207072696E747E
S21403B0C02067726F75702025730A0057726F6E675C
S21403B0D020706172616D657465720A0053636865FA
S21403B0E064756C65206D6F7665206E776B002573CF
S21403B0F02025643A202564004D6178206D6F7665BF
S21403B100206C696D69742072656163686564206E7E
S21403B110776B2025643A20256400456E64204465D9
S21403B1207669636520506F6C6C20496E666F726D2E
S21403B1306174696F6E00454D4245525F454E445FEC
S21403B1404445564943455F54494D454F55543A2067
S21403B150202020202020256400506F6C6C20636F15
S21403B1606D706C657465642063616C6C6261636B9F
S21403B1703A20257300202043757272656E74205042
S21403B1806F6C6C20496E74657276616C20287173DF
S21403B190293A202020256C640020204C6F6E6720FF
S21403B1A0506F6C6C20496E74657276616C202871E2
S21403B1B073293A202020202020256C640020205369
S21403B1C0686F727420506F6C6C20496E746572766B
S21403B1D0616C20287173293A2020202020256C6476
S21403B1E000202057616B652054696D656F75742068
S21403B1F0287173293A202020202020202020202078
S21403B20020256C6400202057616B652054696D65AA
S21403B2106F7574204269746D61736B3A2020202029
S21403B22020202020203078253038580020204375F1
S21403B2307272656E7420417070205461736B733A3A
S21403B2402020202020202020202020203078253079
S21403B250385800202043757272656E7420506F6CE8
S21403B2606C20436F6E74726F6C2020202020202089
S21403B270202020257300202044656661756C7420A9
S21403B280506F6C6C20436F6E74726F6C202020209E
S21403B290202020202020257300466F7263696E6786
S21403B2A02064657669636520746F2073686F7274B3
S21403B2B020706F6C6C00416C6C6F77696E672064EE
S21403B2C0657669636520746F206C6F6E6720706F98
S21403B2D06C6C00534C5F5A49474245455F41465F95
S21403B2E04C4F4E475F504F4C4C00534C5F5A4947A8
S21403B2F04245455F41465F53484F52545F504F4C5B
S21403B3004C00706F6C6C206E776B2025643A20308F
S21403B31078253032580046696E6420616E64204298
S21403B320696E6420496E69746961746F723A20436A
S21403B3306F6D706C6574653A20307825303258002E
S21403B3405374617274207461726765740046696E23
S21403B3506420616E642042696E642054617267657E
S21403B360740025733A2025733A20307825303258F6
S21403B37000467261676D656E746174696F6E205204
S21403B380582077696E646F772073697A65207365D2
S21403B3907420746F202564002F686F6D652F727597
S21403B3A06E6E65722F776F726B2F747579612D7A57
S21403B3B069676265652D7377697463682F74757939
S21403B3C0612D7A69676265652D7377697463682F83
S21403B3D073696C6162735F746F6F6C732F73696DDF
S21403B3E0706C69636974795F73646B2F70726F74C2
S21403B3F06F636F6C2F7A69676265652F6170702F54
S21403B4006672616D65776F726B2F706C7567696EA8
S21403B4102F667261676D656E746174696F6E2F66F1
S21403B4207261676D656E746174696F6E2E63005228
S21403B430583A2041646447726F7570526573706F33
S21403B4406E7365203078253032582C2030782530BE
S21403B45034580052583A205669657747726F7570AC
S21403B460526573706F6E7365203078253032582CB2
S21403B470203078253034582C20220052583A204762
S21403B480657447726F75704D656D62657273686932
S21403B49070526573706F6E7365203078253032583E
S21403B4A02C203078253032582C00205B307825301D
S21403B4B034585D0052583A2052656D6F7665477270
S21403B4C06F7570526573706F6E73652030782530B4
S21403B4D032582C203078253034580065705B253080
S21403B4E032585D2069645B253034585D00436C65D3
S21403B4F06172696E6720616C6C2067726F7570731A
S21403B5002E004552523A204661696C656420746F7A
S21403B510206372656174652062696E64696E672074
S21403B5202830782530325829004552523A2042694D
S21403B5306E64696E67207461626C65206973206649
S21403B540756C6C004552523A2077726974696E675F
S21403B550206E616D6520737570706F727420253070
S21403B56032580052583A2041646447726F7570200F
S21403B5703078253034582C20220075760052583AFD
S21403B580205669657747726F75702030782530349A
S21403B590580075767300766965775F67726F7570A6
S21403B5A00047726F7570733A206661696C65642034
S21403B5B0746F2073656E6420257320726573706FD5
S21403B5C06E73653A20307825303258006765745FAD
S21403B5D067726F75705F6D656D62657273686970AB
S21403B5E020726573706F6E73650064656661756C53
S21403B5F0745F726573706F6E73650052583A2047B6
S21403B600657447726F75704D656D626572736869B0
S21403B61070203078253032582C00757562004772DA
S21403B6206F7570733A206661696C656420746F2069
S21403B63073656E642025733A2030782530325800BF
S21403B64052583A2052656D6F766547726F75702053
S21403B650307825303458004552523A204661696C9A
S21403B660656420746F2064656C6574652062696E1A
S21403B67064696E6720283078253032582900726551
S21403B6806D6F76655F67726F75700052583A205219
S21403B690656D6F7665416C6C47726F75707300529B
S21403B6A0583A2041646447726F7570496649646509
S21403B6B06E74696679696E67203078253034582C45
S21403B6C0202200616464004368616E6E656C206EC0
S21403B6D06F742076616C69643A2025640050726941
S21403B6E06D617279002573206D61736B206E6F77C1
S21403B6F020307825303858005365636F6E64617266
S21403B70079004D61736B206E6F742076616C69648B
S21403B7103A202564007072696D61727900736563FF
S21403B7206F6E646172790025733A20536574202521
S21403B73073206D61736B20746F2030782530385812
S21403B740005374617475730025733A2025733A00A9
S21403B7504368616E6E656C206D61736B3A002020E2
S21403B760202028312920307825303858205B0020C7
S21403B77020202028322920307825303858205B00B6
S21403B78053746174653A2030782530325820282562
S21403B79073290043757272656E74206368616E6EFA
S21403B7A0656C3A20256400546F74616C2062656191
S21403B7B0636F6E733A202564004A6F696E20617466
S21403B7C074656D7074733A202564004E6574776FE4
S21403B7D0726B2073746174653A2030782530325862
S21403B7E00053746F700025732053746F702E2020DF
S21403B7F0436C65616E696E672075702E0042726FCA
S21403B800616463617374696E67207065726D6974D1
S21403B810206A6F696E0054727573742063656E7464
S21403B8206572206C696E6B206B6579207570646138
S21403B8307465207374617475730025733A205741D9
S21403B840524E494E473A20736C5F7A696762656564
S21403B8505F7365745F696E697469616C5F73656352
S21403B86075726974795F7374617465206661696C57
S21403B87065642E20436F6E74696E75696E672077F4
S21403B8806974686F757420696E7374616C6C206379
S21403B8906F64652E004572726F723A20696E737418
S21403B8A0616C6C20636F64652073657475702066C5
S21403B8B061696C65642E20497320616E20696E731E
S21403B8C074616C6C20636F646520666C6173686575
S21403B8D064206F6E746F2074686520646576696390
S21403B8E0653F00D0D1D2D3D4D5D6D7D8D9DADBDCCE
S21403B8F0DDDEDF00FFFFFFFFFFFFFFFF005A696784
S21403B900426565416C6C69616E6365303900257309
S21403B9103A2069737375696E67207363616E206F6F
S21403B9206E202573206368616E6E656C7320286DC8
S21403B93061736B20307825303858290025732069C9
S21403B9407320616C726561647920696E2070726F12
S21403B9506772657373005374617274004578616D22
S21403B960696E696E6720626561636F6E206F6E2015
S21403B9706368616E6E656C20256420776974682041
S21403B98070616E49642030782530345800546869F5
S21403B9907320626561636F6E206973206E6F742017
S21403B9A070617274206F66207468652063757272A6
S21403B9B0656E74206368616E6E656C206D61736B73
S21403B9C02028307825303858292E20476574746926
S21403B9D06E67206E65787420626561636F6E20778C
S21403B9E0686F7365206368616E6E656C2062697448
S21403B9F06D61736B206973207365742E00457272D4
S21403BA006F723A20257320636F756C64206E6F74B3
S21403BA1020617474656D7074206A6F696E3A2030A5
S21403BA207825303258004E6F20626561636F6E73FF
S21403BA30206C656674206F6E2063757272656E7413
S21403BA40206D61736B2E204D6F76696E6720746F61
S21403BA50206E657874207374617465002573206A9C
S21403BA606F696E696E6720307825303458206F6EA4
S21403BA70206368616E6E656C202564002573205311
S21403BA80746174653A202573004572726F723A20AA
S21403BA90257320636F756C64206E6F7420736574F2
S21403BAA075702073656375726974793A20307825EA
S21403BAB0303258004572726F723A205363616E20BB
S21403BAC0636F6D706C6574652068616E646C657217
S21403BAD02072657475726E6564203078253032582E
S21403BAE0002573207363616E20636F6D706C6574DD
S21403BAF0652E20426561636F6E73206865617264AC
S21403BB003A20256400257320737461636B20737475
S21403BB106174757320307825303258002573206E93
S21403BB206574776F726B206A6F696E65642E002585
S21403BB307320747279696E67206E657874206E65FB
S21403BB4074776F726B2E004E6F6E65005363616E73
S21403BB50205072696D617279204368616E6E656C00
S21403BB607320616E642075736520436F6E66696724
S21403BB7075726564204B6579005363616E2050725D
S21403BB80696D617279204368616E6E656C732061BE
S21403BB906E642075736520496E7374616C6C204304
S21403BBA06F6465005363616E205072696D617279CC
S21403BBB0204368616E6E656C7320616E64205573F6
S21403BBC0652043656E7472616C697A6564204B65A3
S21403BBD079005363616E205072696D6172792043F8
S21403BBE068616E6E656C7320616E642055736520A4
S21403BBF04469737472696275746564204B65790071
S21403BC005363616E205365636F6E6461727920437C
S21403BC1068616E6E656C7320616E64207573652053
S21403BC20436F6E66696775726564204B657900536A
S21403BC3063616E205365636F6E6461727920436837
S21403BC40616E6E656C7320616E6420757365204942
S21403BC506E7374616C6C20436F6465005363616E2E
S21403BC60205365636F6E64617279204368616E6EFC
S21403BC70656C7320616E64205573652043656E742E
S21403BC8072616C697A6564204B6579005363616EF3
S21403BC90205365636F6E64617279204368616E6ECC
S21403BCA0656C7320616E64205573652044697374F4
S21403BCB072696275746564204B6579005363616EBF
S21403BCC0205072696D617279204368616E6E656C8F
S21403BCD07320616E642055736520416C6C204B6540
S21403BCE079732028696E7374616C6C20636F646566
S21403BCF02C2063656E7472616C697A65642C2064AB
S21403BD006973747269627574656429005363616E3E
S21403BD10205365636F6E64617279204368616E6E4B
S21403BD20656C7320616E642055736520416C6C20CE
S21403BD304B6579732028696E7374616C6C20636F2E
S21403BD4064652C2063656E7472616C697A65642C15
S21403BD5020646973747269627574656429004F6E32
S21403BD602F4F6666207365742076616C75653A207E
S21403BD70253032582025303258004552523A207228
S21403BD80656164696E67206F6E2F6F666620253067
S21403BD903258004F6E2F6F666620616C7265616461
S21403BDA0792073657420746F206E65772076616CD6
S21403BDB0756500546F67676C65206F6E2F6F6666D8
S21403BDC02066726F6D202530325820746F20253020
S21403BDD03258004552523A2077726974696E67206A
S21403BDE06F6E2F6F6666202530325800496E737467
S21403BDF0616C6C65642054797065202842617365B4
S21403BE00293A202030782530325800436170616229
S21403BE10696C69746965733A2020202020202020ED
S21403BE2020202030782530345800426F6F746C6FB2
S21403BE30616465722056657273696F6E3A202020BE
S21403BE40202030782530345800536563757265209A
S21403BE50426F6F746C6F61646572204B65793A202C
S21403BE60202020202000426F6F746C6F6164696E1F
S21403BE7067206661696C65642100446F776E6C6F3A
S21403BE806164206661696C65642E0044656C657444
S21403BE90696E67206661696C656420646F776E6C93
S21403BEA06F61642C207374617475733A203078253F
S21403BEB030325800496D61676520646F6573206E84
S21403BEC06F7420636F6E7461696E20616E205570A7
S21403BED0677261646520496D6167652054616720F8
S21403BEE028307825303458292E20536B69707069B2
S21403BEF06E6720757067726164652E0045786563AA
S21403BF007574696E6720626F6F746C6F616420630B
S21403BF10616C6C6261636B2E005374617274696E3C
S21403BF20672045424C207665726966696361746969
S21403BF306F6E0045424C206661696C6564207665C9
S21403BF4072696669636174696F6E2E0045424C20A0
S21403BF50706173736564207665726966696361747C
S21403BF60696F6E2E002573696E67204F54412063F8
S21403BF706C69656E74207374617465206D616368A3
S21403BF80696E650073746F7070004572726F723AF3
S21403BF90204E6F20696D61676520617420696E6449
S21403BFA06578202564004E6F7420737570706F7209
S21403BFB07465642E00436C69656E7420696D6167F1
S21403BFC06520717565727920696E666F004D616EC6
S21403BFD075662049443A2020202020202020203047
S21403BFE0782530345800496D61676520547970654B
S21403BFF02049443A20202020307825303458004306
S21403C000757272656E742056657273696F6E3A2028
S21403C010203078253038580048617264776172653D
S21403C0202056657273696F6E3A20004E4100517553
S21403C0306572792044656C6179206D733A202020FF
S21403C040202020202020202020256C6400536572A9
S21403C05076657220446973636F76657279204465EA
S21403C0606C6179206D733A20256C6400446F776E9B
S21403C0706C6F61642044656C6179206D733A20208F
S21403C08020202020202020256C640052756E205529
S21403C0907067726164652044656C6179206D733ADC
S21403C0A0202020202020256C64005665726966795E
S21403C0B02044656C6179206D733A2020202020206F
S21403C0C02020202020256C6400446F776E6C6F61FF
S21403C0D064204572726F72205468726573686F6C61
S21403C0E0643A2020256400557067726164652057A2
S21403C0F0616974205468726573686F6C643A2020B3
S21403C10020202564004F544120446F776E67726188
S21403C1106465733A2044697361626C6564004F54C6
S21403C1204120446F776E6772616465733A20456E8B
S21403C13061626C656400426F6F746C6F6164207338
S21403C140746174653A20257300496E76616C696480
S21403C150204550202564207768656E2074727969BF
S21403C1606E6720746F2073656E64204F5441206D94
S21403C1706573736167652E0053656E64696E672029
S21403C1805570677261646520456E642072657175CB
S21403C1906573742E0025733A20696E76616C696444
S21403C1A020636D6449642030782530325800457228
S21403C1B0726F723A20204661696C656420746F2042
S21403C1C073656E64204F544120636F6D6D616E64BA
S21403C1D0203078253032582C207374617475733A86
S21403C1E02030782530325800536572766572207594
S21403C1F06E6B6E6F776E2C2066616C6C696E672053
S21403C2006261636B20746F20646973636F76657213
S21403C210792E004D6178696D756D2071756572793B
S21403C220206572726F7273206869742028256429EA
S21403C2302C207374617274696E6720736561726310
S21403C2406820666F72206E6577204F5441207365B1
S21403C250727665722E0A004170706C79696E67207B
S21403C260757067726164650025733A20696E76613E
S21403C2706C6964206F666673657420637572726595
S21403C2806E7454696D652830782530385829203EF9
S21403C290207570677261646554696D65283078250A
S21403C2A030385829004F544120436C7573746572B7
S21403C2B03A207761697420666F72202564207300C4
S21403C2C0525865642074696D654F757420307825FF
S21403C2D030385820732C204D41582074696D654FB3
S21403C2E07574203078253038582073004D6178698E
S21403C2F06D756D2075706772616465207265717502
S21403C30065737473206D616465202825642920771E
S21403C3106974686F757420726573706F6E736520C9
S21403C32066726F6D207365727665722E0055706740
S21403C330726164696E6720616E79776179004F5424
S21403C34041205365727669636520646973636F760B
S21403C3506572792070726576656E746564202D202B
S21403C360616E6F7468657220697320616C726561B3
S21403C370647920696E2070726F6772657373004606
S21403C38061696C656420746F20696E697469617491
S21403C39065207365727669636520646973636F7677
S21403C3A06572792E004F5441205365727669636532
S21403C3B020446973636F7665727920696E207072A4
S21403C3C06F677265737300436C69656E7420766578
S21403C3D072696669636174696F6E206661696C650C
S21403C3E0642E005369676E617475726500437573D6
S21403C3F0746F6D00706173736564004641494C4504
S21403C40044004E6F207369676E617475726520769B
S21403C4106572696669636174696F6E20737570709F
S21403C4206F72742C20617373756D696E6720696D06
S21403C430616765206973206F6B61792E0025732011
S21403C440766572696669636174696F6E2025733AEF
S21403C45020307825303258004D6178696D756D202F
S21403C4606E756D626572206F6620646F776E6C6F93
S21403C4706164206572726F727320726561636820EF
S21403C480282564292C2061626F7274696E672E00FA
S21403C4904F544120436C75737465723A2073657408
S21403C4A074696E6720494545452061646472657307
S21403C4B073206F66204F544120636C7573746572E6
S21403C4C0005061727469616C2066696C6520646FE4
S21403C4D0776E6C6F616420666F756E642C20636F75
S21403C4E06E74696E75696E672066726F6D206F660F
S21403C4F0667365742030782530385800466F756E3D
S21403C500642066756C6C7920646F776E6C6F6164FB
S21403C51065642066696C6520696E2073746F72614A
S21403C5206765202876657273696F6E2030782530CC
S21403C5303858292E00466F756E642066696C652030
S21403C540696E2073746F72616765207769746820FB
S21403C550646966666572656E742076657273696F64
S21403C5606E202830782530385829207468616E206C
S21403C57063757272656E742076657273696F6E206A
S21403C58028307825303858290046696C6520696E4E
S21403C5902073746F726167652069732073616D65BC
S21403C5A02061732063757272656E742072756E6E89
S21403C5B0696E672076657273696F6E2028307825FA
S21403C5C030385829004E6F20696D61676520666FA5
S21403C5D0756E6420696E2073746F726167652E00D2
S21403C5E04F544120536572766963652044697363CB
S21403C5F06F7665727920756E626C6F636B65640027
S21403C60049676E6F72696E6720736572766572200E
S21403C61066726F6D206C6F6F706261636B2061640E
S21403C62064726573730049676E6F72696E67203054
S21403C6307825303458204F544120736572766572DE
S21403C64020696E20736561726368206F66205443A9
S21403C6500053657474696E67204F544120536572A6
S21403C66076657220746F2030782530345800446520
S21403C6706C6179696E67202564207365636F6E64E9
S21403C68073206265666F7265207374617274696E77
S21403C69067204F544120636C69656E740054696D5E
S21403C6A0656F75742077616974696E6720666F724B
S21403C6B0206D6573736167652E00426164204F5475
S21403C6C04120636F6D6D616E643A20307825303299
S21403C6D058004F544120636F6D6D616E642030784F
S21403C6E02530325820746F6F2073686F7274202859
S21403C6F06C656E202564203C206D696E20256429B8
S21403C700004F544120636F6D6D616E642066726FD7
S21403C7106D20756E7265636F676E697A65642073E4
S21403C7206572766572203078253034582E20204D79
S21403C73079204F5441207365727665723A203078BB
S21403C7402530345800496D616765204E6F746966FD
S21403C7507900476F7420756E6578706563746564D9
S21403C7602025732E202053746172742064697363CA
S21403C7706F766572792E0064656661756C74004F1A
S21403C78054413A206661696C656420746F20736552
S21403C7906E6420257320726573706F6E73653A201E
S21403C7A030782530325800496D616765206E6F74A6
S21403C7B069667900476F7420756E65787065637473
S21403C7C065642025732E202049676E6F7265642E7C
S21403C7D0004F54413A2044656661756C7420726557
S21403C7E073706F6E736520666F7220496D6167653F
S21403C7F0206E6F746966792C207374617475732068
S21403C80030782530325800496D616765206E6F7445
S21403C81069667920636F6D6D616E6400257320759C
S21403C8206E69636173742C207175657279696E67BE
S21403C83000496E76616C6964002573202573207049
S21403C84061796C6F61642074797065203078253067
S21403C85032580025732025733A206F7574206F664F
S21403C8602072616E6765206A697474657220256438
S21403C8700025732025733A207061796C6F616420FC
S21403C8806C656E67746820646F65736E2774206DBD
S21403C8906174636820747970652030782530325867
S21403C8A020282564203C2025642900257320257331
S21403C8B02064756520746F206E6F6E2D6D617463D2
S21403C8C068696E67206D616E7566616374757265FF
S21403C8D072204944002573202573206475652074EF
S21403C8E06F206E6F6E2D6D61746368696E67206965
S21403C8F06D6167652074797065204944002573204F
S21403C90025732064756520746F206D617463686990
S21403C9106E67206669726D776172652076657273DD
S21403C920696F6E0025732025732C205278276420A8
S21403C9304A69747465722028307825303258292C59
S21403C940205069636B6564204A6974746572202895
S21403C95030782530325829005175657279206E6516
S21403C960787420696D61676520726573706F6E7386
S21403C970650025732072657475726E656420307861
S21403C980253032582E20204E6F206E657720696D35
S21403C99061676520746F20646F776E6C6F61642EB9
S21403C9A000257320746F6F2073686F7274202825B8
S21403C9B064203C202564290025733A204E657720A1
S21403C9C0696D61676520697320617661696C616270
S21403C9D06C6520666F7220646F776E6C6F61642E71
S21403C9E0002573206973206E6F74207573696E67F4
S21403C9F0206D7920696D61676520696E666F2E000C
S21403CA004552524F523A204E65787420496D6167FD
S21403CA106520697320746F6F2062696720746F20C6
S21403CA2073746F72652028307825303858203E207E
S21403CA30307825303858290025732072657475724E
S21403CA406E65642073616D652046696C6556657214
S21403CA5073696F6E2061732063757272656E746C92
S21403CA607920696E7374616C6C65642E004F544153
S21403CA7020446F776E6772616465732044697361DF
S21403CA80626C65643A2046696C6556657273696FB5
S21403CA906E20626568696E642063757272656E7473
S21403CAA020696E7374616C6C6174696F6E00537485
S21403CAB0617274696E6720646F776E6C6F61642C45
S21403CAC02056657273696F6E2030782530385800AB
S21403CAD04572726F723A204661696C656420746FA2
S21403CAE02064656C65746520696D6167652E004515
S21403CAF072726F723A204661696C656420746F20A7
S21403CB006572617365206F6C642074656D70206454
S21403CB106174612E00496D61676520626C6F636B9B
S21403CB2020726573706F6E7365004F54413A2049E7
S21403CB306D616765426C6F636B5265706F6E73658C
S21403CB4020636F6E7461696E7320696E76616C69BB
S21403CB5064206F7220696E636F6D706C65746520F8
S21403CB6064617461005570646174696E67204D6911
S21403CB706E20426C6F636B2052657175657374200B
S21403CB80506572696F6420746F202564206D73008E
S21403CB90446F776E6C6F61642064656C61792062A4
S21403CBA07920736572766572202564206D73004460
S21403CBB06F776E6C6F61642061626F727465642058
S21403CBC06279207365727665722E00536572766598
S21403CBD07220646F65736E277420737570706F723E
S21403CBE074207061676520726571756573742C2097
S21403CBF06F6E6C79207573696E6720626C6F636BFA
S21403CC0020726571756573742E005365727665724E
S21403CC102072657475726E65642027756E73757001
S21403CC20706F7274656420636C75737465722063C9
S21403CC306F6D6D616E64272E00556E6B6E6F776E2B
S21403CC402025732073746174757320636F64652085
S21403CC50307825303258002573206861732064616C
S21403CC6074612073697A65202825642920736D61B1
S21403CC706C6C6572207468616E2061637475616C98
S21403CC80207061636B65742073697A652028256458
S21403CC90292E002573206572726F723A20457870CC
S21403CCA06563746564206F666673657420307825E3
S21403CCB03038582C2062757420676F7420307825BE
S21403CCC03038582E202049676E6F72696E670025CC
S21403CCD07320696E666F20646964206E6F74206DBE
S21403CCE061746368206D7920657870656374656424
S21403CCF020696E666F2E202044726F7070696E67AF
S21403CD002E004661696C656420746F2077726974BF
S21403CD106520746F2073746F72616765206465762F
S21403CD206963652100446F776E6C6F6164005570AC
S21403CD30677261646520656E6420726573706F6EDA
S21403CD407365005365727665722061626F727465EF
S21403CD506420757067726164652C207374617475E2
S21403CD60733A20307825303258004572726F723A23
S21403CD702025732068616420696E76616C6964207F
S21403CD8025733A200066696C652076657273696F51
S21403CD906E00416464696E67202564206D732E20DF
S21403CDA064656C617920666F7220696D6D65646970
S21403CDB061746520757067726164652E00436F75D4
S21403CDC06E74646F776E20746F207570677261641B
S21403CDD0653A202564206D73002053746174653AA8
S21403CDE02020202573002057616974696E672066CA
S21403CDF06F7220726573706F6E73653A20257300C9
S21403CE00204E657874204576656E742054696D658A
S21403CE10723A202564206D73002043757272656E26
S21403CE207420446F776E6C6F6164204F666673651B
S21403CE30743A20307825303858202825642525294B
S21403CE400025733A206661696C65642070617273AD
S21403CE50696E67204F544120636D64203078253017
S21403CE603258004F54412044656661756C742072D5
S21403CE706573706F6E736520746F20636F6D6D617D
S21403CE806E64204944203078253032582C20737441
S21403CE90617475732030782530325800496D6167A8
S21403CEA06520626C6F636B207265717565737420A1
S21403CEB074657374206F6E6C7920776F726B732052
S21403CEC07768656E20737461746520697320424FBA
S21403CED04F544C4F41445F53544154455F4E4F4E5D
S21403CEE0450052616E646F6D2044656C6179206203
S21403CEF065666F7265207374617274004469736348
S21403CF006F766572696E67204F544120536572765B
S21403CF10657200476574204F5441205365727665E9
S21403CF207220455549004F627461696E206C696EC4
S21403CF306B206B6579005175657279696E67204E53
S21403CF4065787420496D61676500446F776E6C6F12
S21403CF506164696E6720496D61676500566572692D
S21403CF606679696E6720496D616765005761697404
S21403CF70696E6720666F72205570677261646520FC
S21403CF806D65737361676500436F756E74646F7761
S21403CF906E20746F2055706772616465005761690F
S21403CFA074696E6720746F2075706772616465209C
S21403CFB0766961206F75742D6F662D62616E6420CD
S21403CFC06D656368616E69736D0025733A20256429
S21403CFD0252520636F6D706C65746500496D616708
S21403CFE0652025640020204552524F523A20436F55
S21403CFF0756C64206E6F74206765742066756C6C40
S21403D0002068656164657221002020486561646557
S21403D010722056657273696F6E3A20307825303405
S21403D02058002020486561646572204C656E6774FD
S21403D030683A2020256420627974657300202046B0
S21403D04069656C6420436F6E74726F6C3A2020308F
S21403D05078253034580020204D616E75662049448B
S21403D0603A202020202020203078253034580020F5
S21403D07020496D61676520547970653A2020202029
S21403D0802030782530345800202056657273696F37
S21403D0906E3A202020202020202030782530385853
S21403D0A00020205A69676265652056657273696F4A
S21403D0B06E3A203078253034580020204865616465
S21403D0C0657220537472696E673A202025730020B8
S21403D0D020496D6167652053697A653A20202020D0
S21403D0E020256C6420627974657300202053656381
S21403D0F0757269747920437265643A202030782506
S21403D100303258002020557067726164652044658C
S21403D11073743A2020200020204D696E2E20485735
S21403D120205665723A202020203078253034580067
S21403D13020204D61782E204857205665723A2020CD
S21403D1402020307825303458002020546F74616CCA
S21403D15020546167733A2025640020202020546100
S21403D160673A2030782530345800202020202020AD
S21403D1704C656E6774683A20256C64004572726F5E
S21403D180723A20436F756C64206E6F74206F6274FE
S21403D19061696E2074616720696E666F2066726FC0
S21403D1A06D20696D6167652E000A256420696D61CF
S21403D1B067657320696E204F54412073746F7261E4
S21403D1C067652E00496D6167652064656C657465E7
S21403D1D025732E004572726F723A2020436F756C6A
S21403D1E064206E6F74207265616420626C6F636B7B
S21403D1F03A203078253032582E0A00537461727400
S21403D200696E672065726173652066726F6D206F45
S21403D21066667365742030782530385820746F201E
S21403D22030782530385800436F756C64206E6F7401
S21403D230207374617274204552415345212028306F
S21403D24078253032582900454550524F4D204572B7
S21403D25061736520636F6D706C657465002F686F0E
S21403D2606D652F72756E6E65722F776F726B2F7486
S21403D2707579612D7A69676265652D73776974635D
S21403D280682F747579612D7A69676265652D737782
S21403D290697463682F73696C6162735F746F6F6C14
S21403D2A0732F73696D706C69636974795F73646BEC
S21403D2B02F70726F746F636F6C2F7A696762656520
S21403D2C02F6170702F6672616D65776F726B2F704A
S21403D2D06C7567696E2F6F74612D73746F726167F7
S21403D2E0652D73696D706C652D656570726F6D2F36
S21403D2F06F74612D73746F726167652D65657072E7
S21403D3006F6D2D706167652D65726173652E6300A1
S21403D3102F686F6D652F72756E6E65722F776F72DD
S21403D3206B2F747579612D7A69676265652D7377DE
S21403D330697463682F747579612D7A6967626565A8
S21403D3402D7377697463682F73696C6162735F7496
S21403D3506F6F6C732F73696D706C69636974795F33
S21403D36073646B2F70726F746F636F6C2F7A696759
S21403D3706265652F6170702F6672616D65776F7277
S21403D3806B2F706C7567696E2F6F74612D73746F76
S21403D390726167652D73696D706C652D6565707256
S21403D3A06F6D2F6F74612D73746F726167652D6572
S21403D3B06570726F6D2E63004F54412053696D7014
S21403D3C06C652053746F7261676520454550524FF4
S21403D3D04D207761726E696E673A20636F756C6471
S21403D3E0206E6F742067657420736C6F7420696E8B
S21403D3F0666F20666F7220736C6F74202564202816
S21403D4006572726F7220307825303258292E204488
S21403D410656661756C74696E6720746F20737065DA
S21403D4206369666965642061646472657373206FFB
S21403D4306666736574730053746F72616765204420
S21403D44072697665723A2020202020202020202032
S21403D4502020204F54412053696D706C652053740F
S21403D4606F7261676520454550524F4D20506C756D
S21403D47067696E0052656164204D6F646966792042
S21403D480577269746520537570706F72743A2020F2
S21403D4906E6F00534F4320426F6F746C6F61646905
S21403D4A06E6720537570706F72743A20202020794F
S21403D4B0657300426F6F746C6F616465722053749A
S21403D4C06F7261676520537570706F72743A20557A
S21403D4D0736520666972737420736C6F7400536C83
S21403D4E06F7420746F207573653A202020202020E7
S21403D4F02020202020202020202025640043757231
S21403D50072656E7420446F776E6C6F6164204F662D
S21403D510667365743A20202020307825303858000A
S21403D52045424C205374617274204F66667365746B
S21403D5303A2020202020202020202020307825304C
S21403D540385800454550524F4D2053746172743A13
S21403D55020202020202020202020202020202030B3
S21403D560782530385800454550524F4D20456E6457
S21403D5703A20202020202020202020202020202089
S21403D580202030782530385800496D61676520497A
S21403D5906E666F2053746172743A20202020202018
S21403D5A020202020203078253038580053617665B7
S21403D5B020526174652028627974657329202020BF
S21403D5C02020202020202020307825303858004F77
S21403D5D06666736574206F6620646F776E6C6F6122
S21403D5E064206F6666736574202020307825303893
S21403D5F058004F6666736574206F662045424C205C
S21403D6006F66667365743A202020202020203078C9
S21403D61025303858004F6666736574206F66206938
S21403D6206D6167652073746172743A202020202030
S21403D6302030782530385800736C5F7A69676265E6
S21403D640655F61665F6F74615F73746F7261676550
S21403D6505F6472697665725F726561645F63622890
S21403D66029206661696C65642100426164206D61EE
S21403D670676963206E756D62657220696E206669E0
S21403D6806C653A2030782530325820307825303291
S21403D69058203078253032582030782530325800DC
S21403D6A04261642076657273696F6E20696E2066C8
S21403D6B0696C6520307825303458004572726F7275
S21403D6C03A2072656164416E6456616C6964617484
S21403D6D06553746F726564496D61676528292074A4
S21403D6E07269656420746F2072656164206D6F7261
S21403D6F0652064617461207468616E2069742063B8
S21403D7006F756C6420686F6C642E00736C5F7A6947
S21403D710676265655F61665F6F74615F73746F727E
S21403D7206167655F6472697665725F726561645F7F
S21403D73063622829204641494C454421004C6173C5
S21403D74074206F666673657420646F776E6C6F61A2
S21403D7506465643A203078253038580053746F7205
S21403D760616765204D6F64756C653A204F544120A0
S21403D77053696D706C652053746F726167652050D2
S21403D7806C7567696E00496D616765732053746FC6
S21403D7907265643A20202564206F6620310A0025CE
S21403D7A03032583A006570202530325820636C7545
S21403D7B07320253034582061747472202530345811
S21403D7C02073767220256300206D6667202530322D
S21403D7D05800207265706F7274206D696E20253054
S21403D7E03458206D61782025303458207270742D9B
S21403D7F0636867202530385800207265636569764C
S21403D800652066726F6D202530345820657020259C
S21403D8103032582074696D656F757420253034581E
S21403D82000636C6561720072656D6F766500636C8C
S21403D830656172696E67206C617374207265706FC0
S21403D84072742074696D65206F6620616C6C20614C
S21403D8507474726962757465730074657374696E43
S21403D860672074696D696E67206F662076617269DA
S21403D8706F7573207265706F7274696E67206F7050
S21403D88065726174696F6E73002D2D2D2D2D2D2DF0
S21403D8902D2D2D2D2D2D2D2D2D2D2D2D2D2D2D2DB0
S21403D8A02D2D2D2D2D2D2D2D2D2D2D2D2D2D2D2DA0
S21403D8B02D2D2D2D2D2D2D2D002D2D7461626C6596
S21403D8C0207265616473202D2066756C6C2074610C
S21403D8D0626C652D2D00726573756C74203D202572
S21403D8E064206D73002D2D696E6974202F20736379
S21403D8F0686564756C65207469636B2D2D2D002D2A
S21403D9002D6C6F616420636F6E66696775726174F0
S21403D910696F6E2064656661756C74732D2D002FB8
S21403D920686F6D652F72756E6E65722F776F726B8B
S21403D9302F747579612D7A69676265652D737769CA
S21403D9407463682F747579612D7A69676265652DCE
S21403D9507377697463682F73696C6162735F746F3E
S21403D9606F6C732F73696D706C69636974795F7319
S21403D970646B2F70726F746F636F6C2F7A69676254
S21403D98065652F6170702F6672616D65776F726B58
S21403D9902F706C7567696E2F7265706F7274696E1F
S21403D9A0672F7265706F7274696E672E63005245D7
S21403D9B041445F5250545F43464700726561645F5B
S21403D9C07265706F7274696E675F636F6E666967A0
S21403D9D075726174696F6E005265706F7274696EEA
S21403D9E0673A206661696C656420746F2073656EA0
S21403D9F06420257320726573706F6E73653A2030EA
S21403DA007825303258004552523A2072656164696F
S21403DA106E6720636C7573746572203078253034B6
S21403DA205820617474726962757465203078253085
S21403DA3034583A20307825303258004552523A202E
S21403DA407265706F7274696E67206F66204C4F4EF6
S21403DA504720737472696E672061747472696275A5
S21403DA6074652074797065206E6F7420737570709A
S21403DA706F727465643A20636C75737465722030D4
S21403DA807825303458206174747269627574652021
S21403DA90307825303458005265706F7274696E673B
S21403DAA020456E7472792046756C6C202D20637247
S21403DAB0656174696E67206E6577207265706F7234
S21403DAC074004346475F52505400202D2064697209
S21403DAD0656374696F6E3A253032582C206174740E
S21403DAE0723A2530345800202020747970653A2520
S21403DAF03032582C206D696E3A253034582C206D00
S21403DB0061783A25303458002020206368616E67B8
S21403DB10653A0020202074696D656F75743A253068
S21403DB20345800636F6E6669677572655F726570F9
S21403DB306F7274696E67002054434C4B2075706493
S21403DB4061746520616C726561647920696E20700A
S21403DB50726F6772657373004D616E75616C2054E6
S21403DB60434C4B20757064617465206661696C650F
S21403DB70642E2573005374617274696E6720757022
S21403DB80646174652074727573742063656E74655E
S21403DB9072206C696E6B206B65792070726F63659B
S21403DBA0737300557064617465205443204C696E2A
S21403DBB06B204B657900204E6577206B6579206571
S21403DBC0737461626C69736865643A0020457272A7
S21403DBD06F723A00506172746E65723A20005A434F
S21403DBE04C20676C6F62616C20636C75737465722E
S21403DBF020636F6D6D616E64730064697265637430
S21403DC00696F6E00646973632D636F6D2D67656E50
S21403DC1000646973632D636F6D2D726563006578A9
S21403DC20706563742D7265706F72742D66726F6D96
S21403DC302D6D6500757772697465006E7772697409
S21403DC4065007265706F72742D726561640073652A
S21403DC506E642D6D652D612D7265706F7274004351
S21403DC60726561746573206120676C6F62616C20F6
S21403DC70646973636F76657220636F6D6D616E643E
S21403DC8020666F7220746865206173736F636961C1
S21403DC907465642076616C7565732E00636C7573AA
S21403DCA074657249641F6174747269627574654938
S21403DCB0641F6D61784E756D626572546F52657040
S21403DCC06F72741F00437265617465732061206709
S21403DCD06C6F62616C2073656E64206D65206120D5
S21403DCE07265706F727420636F6D6D616E6420660B
S21403DCF06F7220746865206173736F6369617465FE
S21403DD00642076616C7565732E00636C7573746539
S21403DD107249641F61747472696275746549641F1D
S21403DD2064617461547970651F6D696E5265706FB6
S21403DD30727454696D651F6D61785265706F727485
S21403DD4054696D651F7265706F727461626C6543AA
S21403DD5068616E67651F0043726561746573206151
S21403DD6020676C6F62616C207265616420726570F7
S21403DD706F7274696E6720636F6D6D616E64206683
S21403DD806F7220746865206173736F63696174656D
S21403DD906420636C75737465722C20617474726985
S21403DDA06275746520616E64207365727665722F82
S21403DDB0636C69656E7420646972656374696F6EFB
S21403DDC02E00636C757374657249641F6174747294
S21403DDD0696275746549641F646972656374696F03
S21403DDE06E1F00476C6F62616C207265706F727491
S21403DDF0696E6720636F6D6D616E6400656E647037
S21403DE006F696E741F636C757374657249641F6102
S21403DE10747472696275746549641F6D61736B1FF0
S21403DE200043726561746573206120676C6F62617D
S21403DE306C207265616420636F6D6D616E64206D26
S21403DE4065737361676520746F207265616420660D
S21403DE50726F6D2074686520636C757374657220C9
S21403DE60616E642061747472696275746520737080
S21403DE70656369666965642E00636C7573746572A1
S21403DE8049641F61747472696275746549641F001E
S21403DE9043726561746573206120676C6F62616CA1
S21403DEA020777269746520636F6D6D616E64206D93
S21403DEB065737361676520746F2077726974652074
S21403DEC0746F2074686520636C7573746572206163
S21403DED06E6420617474726962757465207370650C
S21403DEE063696669656400636C7573746572496417
S21403DEF01F61747472696275746549641F747970FE
S21403DF00651F646174611F004372656174652061F7
S21403DF10206578706563742D7265706F72742D66F4
S21403DF20726F6D2D6D65206D657373616765207700
S21403DF30697468206173736F6369617465642076BE
S21403DF40616C7565732E00636C75737465724964D2
S21403DF501F61747472696275746549641F74696DB0
S21403DF60656F75741F004372656174652061204494
S21403DF706973636F76657220436F6D6D616E64734C
S21403DF802047656E65726174656420636F6D6D61AD
S21403DF906E642077697468206173736F6369617454
S21403DFA065642076616C7565732E00636C75737497
S21403DFB0657249641F7374617274436F6D6D616E2D
S21403DFC06449641F6D6178436F6D6D616E64496467
S21403DFD01F005365747320746865206469726563F3
S21403DFE074696F6E20666F7220676C6F62616C2057
S21403DFF0636F6D6D616E64732C20656974686572FA
S21403E00020636C69656E7420746F20736572766521
S21403E01072206F722073657276657220746F206348
S21403E0206C69656E742E0053657473206120666C8C
S21403E030616720736F20746861742074686520615B
S21403E04070706C69636174696F6E206672616D656A
S21403E050776F726B2057494C4C204E4F5420726595
S21403E06073706F6E6420746F20746865206E6578B5
S21403E07074205A434C206D6573736167652074681A
S21403E080617420636F6D657320696E206F766572A9
S21403E09020746865206169722E005365747320616D
S21403E0A020666C616720736F2074686174207468DF
S21403E0B065206170706C69636174696F6E20667247
S21403E0C0616D65776F726B2057494C4C2072657390
S21403E0D0706F6E6420746F20746865206E65787444
S21403E0E0205A434C206D65737361676520746861BD
S21403E0F07420636F6D657320696E206F766572207A
S21403E100746865206169722E0053657473207468A1
S21403E110652044697361626C652044656661756C4D
S21403E1207420526573706F6E7365204672616D65F9
S21403E13020436F6E74726F6C2062697420746F2054
S21403E14075736520666F7220746865206E657874D3
S21403E15020636F6D6D616E64206966207468652048
S21403E160636F6D6D616E64206973206E6F742061DA
S21403E1706C7265616479206275696C742E006469DB
S21403E1807361626C6544656661756C745265737021
S21403E1906F6E73651F00536574732074686520661D
S21403E1A06C616720746F20757365207468652069D9
S21403E1B06E6372656D656E746564207365717565EF
S21403E1C06E6365206E756D6265722066726F6D2074
S21403E1D0746865206672616D65776F726B20666F13
S21403E1E07220746865206E65787420726177206388
S21403E1F06F6D6D616E642E007573654E657874532E
S21403E200657175656E63651F00436C6920636F6D8A
S21403E2106D616E6420746F2063616C6C20736C5F39
S21403E2207A69676265655F61665F7365745F746963
S21403E2306D652066756E6374696F6E20646F6375B3
S21403E2406D656E74656420696E2061662E68007560
S21403E250746354696D651F00536574732074686531
S21403E2602074776F2062797465206D616E756661C0
S21403E270637475726572207370656369666963207B
S21403E2806964656E74696669657220746F20757358
S21403E2906520666F7220746865206E6578742063E7
S21403E2A06F6D6D616E642069662074686520636FA8
S21403E2B06D6D616E64206973206E6F7420616C727D
S21403E2C065616479206275696C742E006D666753A8
S21403E2D07065636966696349641F006E6F74200026
S21403E2E0534C5F5354415455535F4E4554574F5206
S21403E2F04B5F555020307825303458005472757370
S21403E300742043656E7465722045554920686173B1
S21403E3102025736368616E6765642E00534C5F53F4
S21403E32054415455535F4E4554574F524B5F444FD9
S21403E330574E00534C5F5354415455535F4E4F54FE
S21403E3405F4A4F494E454400534C5F53544154551E
S21403E350535F5A49474245455F4E4554574F524BC4
S21403E3605F4F50454E45443A20256420736563004D
S21403E370534C5F5354415455535F5A49474245459E
S21403E3805F4E4554574F524B5F434C4F53454400E3
S21403E39025733A2025730064697374726962757411
S21403E3A065640063656E7472616C697A65640046C1
S21403E3B06F726D002573696E67206F6E2063682029
S21403E3C025642C2070616E496420307825303458DB
S21403E3D0004572726F723A204465766963652064FD
S21403E3E06F6573206E6F7420737570706F72742010
S21403E3F02573206E6574776F726B20666F726D611E
S21403E40074696F6E004A6F696E00496E76616C6957
S21403E410642053656375726974792050726F6669F8
S21403E4206C653A2030782530325800704A6F696E32
S21403E43020666F72202564207365633A2030782542
S21403E440303258004C696D6974696E672064757262
S21403E4506174696F6E206F66207065726D697420D3
S21403E4606A6F696E2066726F6D20666F7265766579
S21403E4707220283235352920746F20323534005205
S21403E480583A205A444F2C20636F6D6D616E64209A
S21403E4903078253034582C207374617475733A20A1
S21403E4A03078253032580053696D706C65005258C9
S21403E4B03A20257320446573632052657370004DBC
S21403E4C061746368002C204D6174636865733A2039
S21403E4D025640044657669636520416E6E6F756ECC
S21403E4E063653A203078253034580052583A20492C
S21403E4F045454520416464726573732052657370A5
S21403E5006F6E73650052583A2041637469766520CE
S21403E510455020526573706F6E73652C20436F757C
S21403E5206E743A202564004E6F6465002C204D619E
S21403E53074636865733A20307825303458007374F2
S21403E54061636B207665722E205B25642E25642E10
S21403E550256400202573206275696C642025645D3C
S21403E560005A444F00534500484100436C7573748A
S21403E570657200476C6F62616C0025737478203097
S21403E58078253038582C200050726F66696C653ACF
S21403E5902025732028307825303458292C20436CC6
S21403E5A075737465723A203078253034582C2025DC
S21403E5B0642062797465732C00205A434C202573BB
S21403E5C020436D642049443A202564005072652D2B
S21403E5D052656C6561736500416C7068612031003B
S21403E5E0416C706861203200416C706861203300B2
S21403E5F042657461203100426574612032004265D1
S21403E6007461203300474100526573657420696E58
S21403E610666F3A2030782530325820282573290033
S21403E62064656C6574652062696E64696E673A201A
S21403E63025303258202530325800010203040506DF
S21403E6400708090A0B0C0001010101010101010180
S21403E650010101005752495445204552523A2000C1
S21403E66025736570202530325820636C757320251A
S21403E67030345820617474722025303458206E6FFD
S21403E6807420737570706F72746564002573696E99
S21403E69076616C69642064617461207479706500C6
S21403E6A0257361747472206E6F7420777269746157
S21403E6B0626C650057524954453A206E6F20777254
S21403E6C06974652C206A757374206120746573748D
S21403E6D000524541443A20617474726962757465E8
S21403E6E02073697A6520746F6F206C61726765208A
S21403E6F0666F722063616C6C657200636C6E740087
S21403E7007372767200525700524F00202052414DCA
S21403E71020200020746F6B656E2000657874657228
S21403E7206E2000454E44504F494E542025303258F3
S21403E73000636C7573202F2073696465202F206136
S21403E740747472202F206D666720202F747970658D
S21403E750286C656E292F207277202F2073746F72B2
S21403E760616765202F2064617461202872617729B0
S21403E7700025303458202F202573202F20253034B1
S21403E78058202F2000202F202530325820282530CF
S21403E790325829202F202573202F202573202F2041
S21403E7A000556E737570706F72746564004F5441D4
S21403E7B020524541443A2065703A2530325820634A
S21403E7C069643A253034582061747469643A253094
S21403E7D03458206D736B3A25303258206D66636F5C
S21403E7E064653A2530345800524541443A20636CF8
S21403E7F0757320253034582C2061747472202530AC
S21403E8003458206661696C6564202530325800529E
S21403E8104541443A20636C757320253034582C20C8
S21403E8206174747220253034582C20646174614CF2
S21403E830656E3A20253032582C204F4B002825632E
S21403E8402925303258253032582530325825303273
S21403E8505825303258253032582530325825303234
S21403E860580064697361626C65002573642C2064C8
S21403E870726F7070696E672065702030782530324D
S21403E8805820636C75732030782530345820636DB8
S21403E89064203078253032580047656E657261749F
S21403E8A065640052656365697665640044697363ED
S21403E8B06F76657220436F6D6D616E64732072654B
S21403E8C073706F6E73652028636F6D706C65746507
S21403E8D03A202563292C202573204944733A2000C7
S21403E8E030782530325820005F4558540052454151
S21403E8F0445F415454520057524954453A20636C7E
S21403E9007573202530345820617474722025303492
S21403E9105820004641494C2025303258005752496A
S21403E92054453A20746F6F2073686F7274004449BD
S21403E93053435F4154545200257325733A20636C46
S21403E9407573202530345800537663204469736307
S21403E9503A2000257357616974696E672025642021
S21403E96073656320666F7220646973636F7665727E
S21403E9707920746F20636F6D706C657465005374D3
S21403E98061746520636F72726573706F6E64696E0F
S21403E9906720746F207468652074686520726571DB
S21403E9A075657374206E6F7420666F756E640A00E7
S21403E9B02573636F6D706C6574652E0A002573533B
S21403E9C065727669636520446973636F76657279E9
S21403E9D0205374617465206C696D69747320726565
S21403E9E061636865640A002573496C6C6567616CCE
S21403E9F02062726F6164636173742061646472651C
S21403EA0073732C2072656D617070696E6720746F06
S21403EA102076616C6964206F6E652E0025734661EF
S21403EA20696C656420746F2073656E64206D617411
S21403EA30636820646973636F766572793A20307809
S21403EA40253032580025735374617274696E6720DB
S21403EA50646973636F7665727920666F7220636C80
S21403EA6075737465722030782530345800257346E4
S21403EA7061696C656420746F2073656E64207369C6
S21403EA806D706C652064657363726970746F722051
S21403EA90726571756573743A203078253032580084
S21403EAA025734661696C656420746F2073656E64B4
S21403EAB02049454545206164647265737320726519
S21403EAC071756573743A2030782530325800257393
S21403EAD04661696C656420746F2073656E64204EAE
S21403EAE0574B206164647265737320726571756534
S21403EAF073743A20307825303258004572726F723C
S21403EB003A202573206261642073696D706C6520FA
S21403EB1064657363726970746F72206C656E677474
S21403EB20682E0025734D65737361676520746F6F78
S21403EB302073686F72740025734D65737361676520
S21403EB4020746F6F2073686F727420666F72206E06
S21403EB50756D2E20656E64706F696E747300257311
S21403EB604D61746368257320666F756E64206672E4
S21403EB706F6D203078253034582E004572726F72D0
S21403EB803A20257320696E76616C6964206C656E25
S21403EB906774682028256420213D20256429206683
S21403EBA06F722041637469766520456E64706F6981
S21403EBB06E7420726573706F6E7365002573676F6E
S21403EBC0742061637469766520455020726573709E
S21403EBD06F6E7365005554432074696D653A20253E
S21403EBE0642F25642F25642025643A25643A25641A
S21403EBF0202825303858290028556E6B6E6F776E9F
S21403EC0020636C75732E205B3078253034585D296D
S21403EC10000D0A54253038583A005258206C656E59
S21403EC202025642C20657020253032582C20636CF8
S21403EC307573203078253034582000206D66674978
S21403EC40642025303458002046432025303258208F
S21403EC50736571202530325820636D642025303269
S21403EC6058207061796C6F61645B004261736963FD
S21403EC70004F766572207468652041697220426F82
S21403EC806F746C6F6164696E6700257352582070E9
S21403EC906B7420746F6F2073686F72743A202564E8
S21403ECA0203C202564002573525820706B74206D19
S21403ECB0616C666F726D65643A202564203C20257E
S21403ECC0640020204861766520526F757465722053
S21403ECD0537570706F7274002020456E642044650F
S21403ECE076696365204F6E6C79002020456E6162FD
S21403ECF06C656400202044697361626C656400453A
S21403ED0072726F722072657472696576696E6720B7
S21403ED10696E666F20666F72206C696272617279C3
S21403ED20204944202564002573206C696272617251
S21403ED307925732070726573656E74005A6967620D
S21403ED4065652050726F0042696E64696E67005392
S21403ED506563757269747920436F726500536563E2
S21403ED607572697479204C696E6B204B65797300F4
S21403ED7043424B45203136334B310043424B45200B
S21403ED80445341205369676E004543430043424B57
S21403ED904520445341205665726966790050616385
S21403EDA06B65742056616C6964617465005A4C4CDB
S21403EDB00043424B45203238334B31004543432012
S21403EDC03238334B310043424B4520636F72650044
S21403EDD04E4350004D756C7469206E6574776F7280
S21403EDE06B00456E68616E63656420426561636FA0
S21403EDF06E205265710043424B45203238334B3107
S21403EE002044534120566572696679004D756C74CB
S21403EE10692D50414E002F686F6D652F72756E6EAB
S21403EE2065722F776F726B2F747579612D7A6967A8
S21403EE306265652D7377697463682F747579612DC0
S21403EE407A69676265652D7377697463682F73697A
S21403EE506C6162735F746F6F6C732F73696D706C24
S21403EE6069636974795F73646B2F70726F746F6311
S21403EE706F6C2F7A69676265652F737461636B2F96
S21403EE80636F6E6669672F736C5F7A696762656521
S21403EE905F636F6E66696775726174696F6E2E6302
S21403EEA0002F686F6D652F72756E6E65722F776FA4
S21403EEB0726B2F747579612D7A69676265652D7338
S21403EEC077697463682F747579612D7A69676265EB
S21403EED0652D7377697463682F73696C6162735FFA
S21403EEE0746F6F6C732F73696D706C696369747973
S21403EEF05F73646B2F70726F746F636F6C2F7A69B6
S21403EF00676265652F737461636B2F6672616D65E7
S21403EF10776F726B2F6165732D6563622E63002FA7
S21403EF20686F6D652F72756E6E65722F776F726B75
S21403EF302F747579612D7A69676265652D737769B4
S21403EF407463682F747579612D7A69676265652DB8
S21403EF507377697463682F73696C6162735F746F28
S21403EF606F6C732F73696D706C69636974795F7303
S21403EF70646B2F70726F746F636F6C2F7A6967623E
S21403EF8065652F737461636B2F736563757269743C
S21403EF90792F7A69676265652D736563757269741F
S21403EFA0792D6D616E616765722D6E6F2D76617555
S21403EFB06C742E63004572726F723A202046616944
S21403EFC06C656420746F20726561642066726F6D71
S21403EFD020454550524F4D206174203078253458D3
S21403EFE02C207374617475733A202564004545506C
S21403EFF0524F4D20496E697469616C697A65643A4B
S21403F00020256300454550524F4D20427573793A8B
S21403F010202563005061727469616C20576F7264B7
S21403F0202053746F7261676520436F756E743A2060
S21403F030256400416464726573733A20307825341E
S21403F040582C205061727469616C20576F72643A51
S21403F050203078255800636F6E6669726D656400AC
S21403F060617373756D6564000A454550524F4D20B4
S21403F070496E666F004E6F7420617661696C6162DB
S21403F0806C6520286F6C64657220626F6F746C6F9A
S21403F09061646572290050617274204465736372FB
S21403F0A0697074696F6E3A2020202020202020206B
S21403F0B0202573004361706162696C6974696573C6
S21403F0C03A2020202020202020202020202020300E
S21403F0D07825325800506167652045726173652054
S21403F0E074696D65202873293A2020202020202566
S21403F0F06400506172742045726173652074696D93
S21403F10065202873293A20202020202025640050DB
S21403F1106172742045726173652074696D65202879
S21403F1206D73293A20202020202025640050616733
S21403F130652073697A6520286279746573293A2095
S21403F1402020202020202020256C0050617274206F
S21403F15073697A6520286279746573293A202020BA
S21403F160202020202020256C00576F7264207369AE
S21403F1707A6520286279746573293A202020202036
S21403F180202020202564202825702900454550523C
S21403F1904F4D20696E69743A2030782558002F68E1
S21403F1A06F6D652F72756E6E65722F776F726B2F2C
S21403F1B0747579612D7A69676265652D73776974ED
S21403F1C063682F747579612D7A69676265652D7337
S21403F1D077697463682F73696C6162735F746F6FAA
S21403F1E06C732F73696D706C69636974795F73648C
S21403F1F06B2F7574696C2F706C7567696E2F706CE6
S21403F2007567696E2D636F6D6D6F6E2F65657072B2
S21403F2106F6D2F656570726F6D2E6300556E61623C
S21403F2206C6520746F20626F6F7420696D6167650B
S21403F23020617420736C6F7420256C640A00536C11
S21403F2406F74204D616E61676572206661696C65D7
S21403F2506420746F20657261736520736C6F740A23
S21403F260004D61782072656164206C696D69742055
S21403F27073657420746F2025642062797465730A3D
S21403F28000416464726573732020202020202020B0
S21403F2902020446174610A00307825346C7820207D
S21403F2A02020202020307825780A004661696C6586
S21403F2B06420746F20726561642066726F6D2066C9
S21403F2C06C6173680A00536C6F7420256C640A20A3
S21403F2D0204164647265737320202020203A203016
S21403F2E07825346C580A20204C656E677468202095
S21403F2F0202020203A20307825346C582028256C8E
S21403F30064206279746573290A0020205479706535
S21403F31020202020202020203A20004E6F20474225
S21403F3204C2070726573656E740A005A696742658D
S21403F330650A005468726561640A00436F6E6E6501
S21403F34063740A00426C7565746F6F74680A0042D2
S21403F3506C7565746F6F7468206170706C69636137
S21403F36074696F6E0A004D43550A004F74686572E0
S21403F37020283078256C58290A0020205665727399
S21403F380696F6E20202020203A203078256C580A9A
S21403F3900020204361706162696C69746965733A21
S21403F3A020307825346C580A00202050726F64751C
S21403F3B0637420494420203A2000307825582000E2
S21403F3C0536C6F74204D616E616765723A20666197
S21403F3D0696C656420746F20696E697469616C6911
S21403F3E07A6520626F6F746C6F616465722028653E
S21403F3F072726F72203078253478290A0056657247
S21403F40073696F6E20202020203A2025640A00505E
S21403F41061727420202020202020203A2025730AA1
S21403F420004361706162696C69746965733A203080
S21403F4307825780A00506172742073697A652020F3
S21403F440203A20256420420A0050616765207369CC
S21403F4507A652020203A20256420420A00576F72DE
S21403F460642073697A652020203A20256420420AA6
S21403F47000536C6F7473202020202020203A202510
S21403F480640A004661696C656420746F2072656166
S21403F490642066726F6D2073746F72616765206691
S21403F4A06C61736820286572726F72202564290A5E
S21403F4B000496E76616C696420736C6F74202564F2
S21403F4C020286D617820736C6F74202564290A00E8
S21403F4D04661696C656420746F2067657420696E85
S21403F4E0666F20666F7220736C6F742025640A0043
S21403F4F0536C6F74204D616E616765723A20736C4E
S21403F5006F74207772697465206661696C757265BD
S21403F5102E2041646472657373206F666673657428
S21403F5202028256429202B207772697465206C6552
S21403F5306E67746820282564292067726561746580
S21403F54072207468616E20746F74616C20736C6FC4
S21403F55074206C656E67746820282564290A005336
S21403F5606C6F74204D616E61676572207761726E91
S21403F570696E673A20736C6F74202564206C656E21
S21403F5806774682028256429206E6F7420616C696F
S21403F590676E656420746F20706167652073697A8F
S21403F5A06520282564292E2054686520656E7469B5
S21403F5B0726520736C6F742077696C6C206E6F7441
S21403F5C0206265206572617365642E0A00536C6F52
S21403F5D074204D616E616765723A206661696C6579
S21403F5E06420746F206572617365202564206279D8
S21403F5F074657320696E20736C6F742025642061B4
S21403F60074206164647265737320307825347820BF
S21403F610286572726F722030782578290A00457241
S21403F6206173656420256420627974657320696E4E
S21403F63020736C6F742025640A004661696C6564E8
S21403F64020746F2073657420736C6F7420746F203E
S21403F650626F6F7420286572726F7220307825345B
S21403F66078290A004661696C656420746F207365A7
S21403F67074206C697374206F6620736C6F747320C8
S21403F680746F20626F6F7420286572726F722030F9
S21403F69078253478290A004661696C656420746F9E
S21403F6A020676574206E6577206C697374206F66B7
S21403F6B020736C6F747320746F20626F6F742028CE
S21403F6C06572726F72203078253478290A00426595
S21403F6D067696E6E696E6720696D6167652076651A
S21403F6E072696669636174696F6E2E2E2E002E66CC
S21403F6F061696C65642120284572726F72203078C8
S21403F700253478290A002E706173736564212042BC
S21403F7106F6F74696E6720736C6F742025640A00BC
S21403F720666E692B00666E69006E616E00666E69B2
S21403F7302D006C696273006273656E640072657394
S21403F7406574007261770073656E645F6D756C74C3
S21403F75069636173740073656E642D7573696E6790
S21403F7602D6D756C7469636173742D62696E64695B
S21403F7706E670074696D6573796E63006765742DD3
S21403F7807074692D726164696F2D636F6E66696745
S21403F79000636F6E6669672D6363612D6D6F6465C5
S21403F7A0006576656E747300736563757269747944
S21403F7B0007A69676265655F7072696E7400706C63
S21403F7C07567696E006E6574006B657973006F709C
S21403F7D074696F6E00706C7567006368616E676549
S21403F7E06B6579006368616E67656B007A646F00AA
S21403F7F07072696E742072656C6174656420636FE1
S21403F8006D6D616E64732E0061747472005A646F5A
S21403F8102072656C6174656420636F6D6D616E64E0
S21403F820732E00726F75746500706F776572006D66
S21403F830676D742D6C7169006D676D742D62696EEA
S21403F84064006E6F64650073696D706C650069654E
S21403F850656500756E62696E64006E776B2D7570F4
S21403F86064006F75742D636C2D6C69737400696E18
S21403F8702D636C2D6C697374005A646F20696E2D4A
S21403F880636C2D6C6973742072656C617465642097
S21403F890636F6D6D616E64732E005A646F206F75AF
S21403F8A0742D636C2D6C6973742072656C6174655A
S21403F8B06420636F6D6D616E64732E005A646F20EF
S21403F8C06E776B2D7570642072656C617465642049
S21403F8D0636F6D6D616E64732E007363616E2D636B
S21403F8E068616E2D6D61736B007363616E00636890
S21403F8F0616E5067006368616E005A646F20756EB0
S21403F90062696E642072656C6174656420636F6DF2
S21403F9106D616E64732E00756E6963617374006344
S21403F92068616E67656B65792072656C6174656482
S21403F93020636F6D6D616E64732E006C696E6B0071
S21403F9404F7074696F6E2072656C617465642063B2
S21403F9506F6D6D616E64732E00726567697374658F
S21403F96072006469736300696E7374616C6C2D63F3
S21403F9706F64650062696E64696E672D7461626C9C
S21403F98065007072696E742D72782D6D73677300DF
S21403F9906170737265747279004150532072657496
S21403F9A0727920666C616720666F72636520636F89
S21403F9B06D6D616E647300456E61626C65732F4492
S21403F9C0697361626C6573207072696E74696E67C1
S21403F9D0206F66205278206D657373616765732E9A
S21403F9E000656E61626C650042696E64696E6720CD
S21403F9F07461626C652072656C6174656420636F04
S21403FA006D6D616E64732E005365637572697479E8
S21403FA10206B6579732072656C6174656420636F0F
S21403FA206D6D616E64732E0064656C657465004E5F
S21403FA306574776F726B2072656C6174656420639E
S21403FA406F6D6D616E64732E00666F726D00726506
S21403FA506A6F696E2D646966662D6465766963658B
S21403FA602D747970650065787470616E69640069D9
S21403FA70736F70656E0062726F61642D706A6F6972
S21403FA806E006368616E67652D6368616E6E656C94
S21403FA9000696E6974006368616E67652D6B6565E2
S21403FAA0702D616C6976652D6D6F64650074696D84
S21403FAB0656F75742D6F7074696F6E2D6D61736BE2
S21403FAC0006D756C74692D7068792D73746172742A
S21403FAD0006D756C74692D7068792D73746F700082
S21403FAE066696E64006E6574776F726B2066696E06
S21403FAF06420636F6D6D616E64732E006A6F696E4A
S21403FB0061626C6500756E7573656400736C6F7403
S21403FB102D6D616E6167657200636F756E746572D5
S21403FB207300656E642D6465766963652D73757001
S21403FB30706F72740066696E642D616E642D6269FF
S21403FB406E6400667261676D656E746174696F6E6C
S21403FB500067726F7570732D736572766572006ECB
S21403FB606574776F726B2D7374656572696E670063
S21403FB706F74612D626F6F746C6F6164006F746174
S21403FB802D636C69656E74006F74612D73746F7288
S21403FB906167652D636F6D6D6F6E006F74612D7396
S21403FBA0746F726167652D656570726F6D00696449
S21403FBB06C652D736C656570007570646174652D76
S21403FBC074632D6C696E6B2D6B657900757064615B
S21403FBD074652D74632D6C696E6B2D6B657920725D
S21403FBE0656C6174656420636F6D6D616E6473002C
S21403FBF074696D6572006E6F7700436F6D6D616E2D
S21403FC00647320746F20636F6E74726F6C20696404
S21403FC106C696E672F736C656570696E67206F66B7
S21403FC20207468652064657669636500666F726331
S21403FC30652D6177616B65006177616B652D77680C
S21403FC40656E2D6E6F742D6A6F696E6564007265DE
S21403FC50706F7274696E672072656C617465642078
S21403FC60636F6D6D616E64732E00636C6561722DD8
S21403FC706C6173742D7265706F72742D74696D6523
S21403FC8000746573742D74696D696E67006F7461B3
S21403FC902D73746F726167652D656570726F6D2065
S21403FCA072656C6174656420636F6D6D616E6473F9
S21403FCB02E0077697065006F74612D73746F7261BF
S21403FCC067652D636F6D6D6F6E2072656C6174650D
S21403FCD06420636F6D6D616E6473007072696E7419
S21403FCE0496D616765730072656C6F616400737458
S21403FCF06F726167652D696E666F00646174612D4E
S21403FD007072696E74006F74612D636C69656E74CE
S21403FD102072656C6174656420636F6D6D616E64DB
S21403FD20732E0076657269667900626C6F636B2D5D
S21403FD307465737400706167652D7265717565739C
S21403FD407400757067726164652D7265717565738D
S21403FD50740064697361626C652D646F776E677295
S21403FD606164657300656E61626C652D646F776EA2
S21403FD70677261646573006F74612D626F6F746C74
S21403FD806F61642072656C6174656420636F6D6D6A
S21403FD90616E6473006E6574776F726B2D73746532
S21403FDA06572696E672072656C6174656420636F43
S21403FDB06D6D616E64732E007072652D636F6E6673
S21403FDC06967757265642D6B65792D736574006D4F
S21403FDD061736B2072656C6174656420636F6D6D0F
S21403FDE0616E642E00737562747261637400677269
S21403FDF06F7570732D7365727665722072656C61AC
S21403FE0074656420636F6D6D616E64732E00667235
S21403FE1061676D656E746174696F6E2072656C617F
S21403FE2074656420636F6D6D616E64732E00736515
S21403FE30742D72782D77696E646F772D73697A6582
S21403FE40006172746966696369616C2D626C6F63C5
S21403FE506B2D64726F700046696E6420616E642059
S21403FE6062696E642072656C6174656420636F6D8D
S21403FE706D616E64732E00696E69746961746F7266
S21403FE8000656E642D6465766963652D73757070A1
S21403FE906F72742072656C6174656420636F6D6D38
S21403FEA0616E64732E00706F6C6C2D636F6D706C77
S21403FEB0657465642D63616C6C6261636B00666F69
S21403FEC07263652D73686F72742D706F6C6C00654A
S21403FED06E61626C655F7479706500737461636BE1
S21403FEE000617070007A636C006C65676163795FAC
S21403FEF061665F646562756700636F756E746572CD
S21403FF00732072656C6174656420636F6D6D616EDA
S21403FF1064732E007072696E742D636F756E7465EC
S21403FF20722D747970650073696D706C652D7072CF
S21403FF30696E74007072696E742D74687265736886
S21403FF406F6C6473007365742D7468726573686F81
S21403FF506C640072657365742D7468726573686F7C
S21403FF606C64730073656E642D7265717565737466
S21403FF700073656375726974792072656C61746564
S21403FF806420636F6D6D616E6473007365742D61B9
S21403FF906C6C6F772D74727573742D63656E7465F0
S21403FFA0722D72656A6F696E2D7573696E672D772C
S21403FFB0656C6C2D6B6E6F776E2D6B657900736554
S21403FFC0742D616C6C6F772D74727573742D636505
S21403FFD06E7465722D72656A6F696E2D7573696EC0
S21403FFE0672D77656C6C2D6B6E6F776E2D6B6579F1
S21403FFF02D74696D656F7574007365742D6B657903
S2140400002D726571756573742D706F6C69637900F4
S2140400106D66672D746F6B656E0061707300536553
S214040020637572697479206170732072656C61748B
S214040030656420636F6D6D616E64732E004765742E
S2140400402F736574204D464720746F6B656E2E00C3
S214040050656E64706F696E742072656C6174656435
S21404006020636F6D6D616E64732E00656570726FCC
S2140400706D207574696C6974792072656C61746539
S2140400806420636F6D6D616E647300536C6F7420CF
S2140400904D616E616765722072656C61746564207B
S2140400A0636F6D6D616E647300626F6F742D736C35
S2140400B06F740065726173652D736C6F7400657878
S2140400C0742D666C6173682D696E666F00736C6F51
S2140400D074732D696E666F005072696E7473207443
S2140400E0696D652E005072696E7473206174747243
S2140400F069627574652E00436C656172732074685A
S21404010065205A444F206C697374206F6620636CB4
S21404011069656E742028696E2920636C757374652E
S21404012072732E004164647320636C757374657215
S2140401307320746F20746865206B6E6F776E20630F
S2140401406C69656E742028696E2920636C757374F7
S214040150657273206F6E20746869732064657669AF
S21404016063652E00436C6561727320746865205A5B
S214040170444F206C697374206F6620636C69656EE7
S2140401807420286F75742920636C75737465727394
S2140401902E004164647320636C75737465727320F7
S2140401A0746F20746865206B6E6F776E20636C695D
S2140401B0656E7420286F75742920636C7573746576
S2140401C07273206F6E207468697320646576696341
S2140401D0652E0053656E647320616E2075706461CD
S2140401E07465206368616E6E656C207265717565F2
S2140401F073742E006368616E6E656C1F0053656EC3
S214040200647320616E207570646174652063686130
S2140402106E6E656C2070616765207265712E205461
S214040220686520737461636B2073656E6473206EF7
S214040230776B20656E68616E6365642075706461B3
S21404024074652072657120666F72206E6F6E2D7AEB
S21404025065726F20706167652E006368616E6E65F7
S2140402606C1F706167651F00506572666F726D73F0
S21404027020616E20656E65726779207363616E2EE9
S214040280007461726765744E6F646549641F7363B6
S214040290616E4475726174696F6E1F7363616E4339
S2140402A06F756E741F0042726F616463617374735A
S2140402B020746865204944206F6620746865206E43
S2140402C06577206E6574776F726B206D616E6167FB
S2140402D0657220616E642061637469766520636864
S2140402E0616E6E656C732E006E776B4D6765496440
S2140402F01F6368616E6E656C4D61736B1F0050659D
S21404030072666F726D7320616E20656E65726779B2
S214040310207363616E206F6E20676976656E206356
S21404032068616E6E656C206D61736B2E007461720D
S2140403306765744E6F646549641F7363616E4475C4
S214040340726174696F6E1F7363616E436F756E744A
S2140403501F6368616E6E656C4D61736B1F00536539
S2140403606E64732061206E6574776F726B206164AF
S2140403706472657373207265717565737420666F35
S214040380722074686520676976656E204945454520
S21404039020616464726573732E00696565651F0069
S2140403A0526571756573747320616E2049454545C1
S2140403B02061646472657373206261736564206F80
S2140403C06E206120676976656E206E6F64652049CD
S2140403D0442E006E6F646549641F0053656E647333
S2140403E020612073696D706C65206465736372693F
S2140403F070746F72207265717565737420666F729F
S214040400207468652073686F727420616464726512
S214040410737320616E6420656E64706F696E7420F9
S2140404207370656369666965642E00646573741F1A
S214040430746172676574456E64706F696E741F00CC
S21404044053656E64732061206D61746368446573DC
S21404045063726970746F7273526571756573742014
S214040460746F2074686520676976656E20646573AA
S21404047074696E6174696F6E207769746820746835
S2140404806520676976656E2070726F66696C652E86
S214040490006E6F646549641F70726F66696C651FD1
S2140404A00053656E64732061206E6F646520646516
S2140404B07363726970746F72207265717565737494
S2140404C020746F206120676976656E207461726798
S2140404D06574206465766963652E00746172676569
S2140404E0741F0053656E64732061205A444F204283
S2140404F0696E6420636F6D6D616E6420746F206135
S21404050020646576696365207370656369666965EA
S2140405106420696E2074686520636F6D6D616E6417
S21404052020617267756D656E74732E00446573740E
S214040530696E6174696F6E1F536F757263652065AB
S2140405406E64706F696E741F44657374696E61744B
S214040550696F6E20656E64706F696E741F636C7568
S2140405607374657249441F72656D6F7465455549A9
S21404057036341F6465737445554936341F00536515
S2140405806E647320616E2061637469766520656E9F
S21404059064706F696E742072657175657374207407
S2140405A06F2074686520646576696365207769746E
S2140405B0682074686520676976656E2073686F7254
S2140405C0742049442E0053656E647320616E207552
S2140405D06E62696E64207265717565737420666FE9
S2140405E072206120756E69636173742062696E643B
S2140405F0696E6720746F207468652074617267651D
S21404060074206465766963652E0074617267657428
S2140406101F736F757263652065756936341F736F53
S2140406207572636520656E64706F696E741F636CA3
S214040630757374657249441F64657374696E617476
S214040640696F6E45554936341F64657374696E6107
S21404065074696F6E20656E64706F696E741F0053E4
S214040660656E647320616E20756E62696E642072B6
S21404067065717565737420666F722061206D756C84
S2140406807469636173742062696E64696E6720744A
S2140406906F2074686520746172676574206465767B
S2140406A06963652E007461726765741F736F757273
S2140406B063652065756936341F736F7572636520CC
S2140406C0656E64706F696E741F636C75737465729F
S2140406D049441F67726F7570416464726573731F53
S2140406E00053656E64732061205A444F204D616E3A
S2140406F06167656D656E74204C6561766520636F11
S2140407006D6D616E6420746F207468652074617208
S214040710676574206465766963652E007461726724
S21404072065741F72656D6F76654368696C6472657F
S2140407306E1F72656A6F696E1F0053656E64732060
S21404074061205A444F204D474D542D42696E642013
S2140407502842696E64696E67205461626C6529205C
S2140407605265717565737420746F2074686520749F
S2140407706172676574206465766963652E007461CA
S214040780726765741F7374617274496E6465781F4A
S2140407900053656E64732061205A444F204D474DC4
S2140407A0542D4C514920284C5149205461626C65A3
S2140407B029205265717565737420746F207468659A
S2140407C020746172676574206465766963652E00BB
S2140407D053656E64732061205A444F20506F7765CA
S2140407E0722044657363726970746F722052657107
S2140407F07565737420746F207468652074617267FD
S2140408006574206465766963652E0053656E64734B
S2140408102061205A444F20726F757465207265718A
S2140408207565737420636F6D6D616E6420746F20DC
S214040830746865207461726765742E0074617267EB
S21404084065741F696E6465781F00696E6465781F39
S21404085065756936341F696E7374616C6C436F64B6
S214040860651F00696E6465781F65756936341F6B8D
S21404087065791F005443206C696E6B206B65792084
S2140408807265717565737420706F6C6963791F4146
S2140408907070206C696E6B206B657920726571755B
S2140408A065737420706F6C6963791F00426F6F6C98
S2140408B03A20616C6C6F772074727573742063656C
S2140408C06E7465722072656A6F696E207573696EE0
S2140408D0672077656C6C2D6B6E6F776E206B657911
S2140408E01F0070726F66696C6549641F636C75736C
S2140408F074657249641F0074617267657449641F85
S21404090000456E61626C6573207072696E74696E00
S21404091067206F66205278206D6573736167657310
S2140409202E0053657473207468652062696E64696A
S2140409306E67207461626C6500696E6465781F6317
S2140409406C75737465721F6C6F63616C45701F728F
S214040950656D6F746545701F65756936341F004391
S2140409606C65617273207468652062696E64696E72
S21404097067207461626C652E005072696E74732011
S2140409807468652062696E64696E67207461626C5F
S2140409906520746F2074686520636F6D6D616E6486
S2140409A0206C696E652E00436C6561727320616C01
S2140409B06C207365637572697479206B6579732E20
S2140409C00044656C6574652074686520737065639F
S2140409D06966696564206C696E6B206B657920694D
S2140409E06E6465782E005072696E747320616C6C48
S2140409F0207365637572697479206B6579732E004C
S214040A005465726D696E6174657320746865206DD3
S214040A10756C74692D50485920696E7465726661E8
S214040A206365005573656420746F20737461727413
S214040A30206D756C74692D50485920696E74657202
S214040A4066616365206F74686572207468616E20E1
S214040A506E617469766520616E6420666F726D20BF
S214040A60746865206E6574776F726B2E20546865A3
S214040A7020737461636B20757365732073616D6591
S214040A802050616E4964206173206E6174697665D6
S214040A9020726164696F206E6574776F726B2E00C6
S214040AA0706167651F6368616E6E656C1F706F7733
S214040AB065721F6F7074696F6E734D61736B202857
S214040AC04269742030203D20526F7574657273201D
S214040AD0616C6C6F7765642C204269742031203D0C
S214040AE02042726F61646361737420616C6C6F770B
S214040AF06564291F00417474656D70747320746F87
S214040B00206368616E676520746865206368696C35
S214040B10642074696D656F7574206F7074696F6E88
S214040B20206D61736B20746F2066696C7465722027
S214040B306F757420756E646573697261626C652086
S214040B4076616C7565732028652E672E206E6F207F
S214040B506D6F7265207468616E20332064617973EA
S214040B60292E0074696D656F7574206F7074696FD3
S214040B706E206D61736B1F005377697463686573C9
S214040B80206265747765656E20646966666572655D
S214040B906E74206B65657020616C697665206D6F78
S214040BA064657320737570706F72746564206279FF
S214040BB0206120726F757465722E004B6565702017
S214040BC0616C697665206D6F64651F005072696E8E
S214040BD07473207468652063757272656E74204E33
S214040BE06F64652049442C2045554936342C2061D1
S214040BF06E642050616E2049442E00496E69746903
S214040C00616C697A65732061206E6574776F726BA8
S214040C103B2074686973206973206120746573745B
S214040C2020636F6D6D616E64207573656420666FF6
S214040C30722074632D737761702D6F7574207465DC
S214040C407374696E672E0053657473207468652028
S214040C506E6574776F726B20696E64657820757341
S214040C60656420627920616C6C20667574757265A3
S214040C7020434C4920636F6D6D616E64732E202093
S214040C804265666F726520657865637574696E671C
S214040C90206120434C4920636F6D6D616E642C2087
S214040CA0746865206672616D65776F726B20737702
S214040CB069746368657320746F2074686973206E42
S214040CC06574776F726B2E2020416674657220748B
S214040CD0686520636F6D6D616E642066696E697306
S214040CE068657320657865637574696E672C20740F
S214040CF06865206672616D65776F726B20737769BD
S214040D007463686573206261636B20746F20746813
S214040D10652070726576696F7573206E6574776F7B
S214040D20726B2E202054686520434C4920757365E9
S214040D3073207468652073616D65206E6574776FC3
S214040D40726B20696E64657820756E74696C2074A5
S214040D506865206465766963652072657365747377
S214040D60206F72206974206973206368616E6765FA
S214040D7064207468726F756768207468697320638A
S214040D806F6D6D616E642E00417474656D7074735E
S214040D9020746F206368616E676520646576696396
S214040DA065206F76657220746F20612064696666BC
S214040DB06572656E74206368616E6E656C20676923
S214040DC076656E20696E20746865206368616E6E51
S214040DD0656C20617267756D656E742E0054686567
S214040DE0206368616E6E656C20746F206368616E44
S214040DF0676520746F1F0066696E64556E7573654B
S214040E006450616E49640066696E644A6F696E6117
S214040E10626C654E6574776F726B005065726D69AF
S214040E207473206A6F696E696E67206F6E207468CB
S214040E3065206E6574776F726B20666F7220612012
S214040E40676976656E206E756D626572206F6620C2
S214040E507365636F6E647320414E442062726F61E3
S214040E606463617374732061205A444F204D676D28
S214040E7074205065726D6974204A6F696E696E6776
S214040E80207265717565737420746F20616C6C20B4
S214040E90726F75746572732E00412073696E676C89
S214040EA065206279746520696E6469636174696E2D
S214040EB06720686F77206C6F6E672074686520649F
S214040EC065766963652073686F756C6420686176FF
S214040ED065207065726D6974206A6F696E696E67E5
S214040EE0207475726E6564206F6E20666F722E2095
S214040EF0412076616C7565206F66203078666620C2
S214040F007475726E73206F6E207065726D697420CE
S214040F106A6F696E20696E646566696E6974656C6D
S214040F20792E1F00436865636B73206E6574776F54
S214040F30726B20706A6F696E207374617475732E99
S214040F4000577269746573207468652065787465E3
S214040F506E6465642070616E20494420666F72205A
S214040F60746865206465766963652E0065787470B8
S214040F70616E69641F0052656A6F696E7320616EE4
S214040F80206578697374696E67206E6574776F720E
S214040F906B20696E206120736563757265206F72BD
S214040FA020696E736563757265206D616E6E657219
S214040FB02077697468206120646966666572656E68
S214040FC0742064657669636520747970652E0042C2
S214040FD06F6F6C65616E206E6574776F726B206BD5
S214040FE0657920617661696C6162696C6974791FE0
S214040FF04368616E6E656C206D61736B1F416E2075
S214041000656E756D65726174696F6E20696E64696C
S214041010636174696E6720746865206465766963C5
S21404102065207479706520746F2072656A6F696EC6
S2140410302061732E54686520737461636B206F6E31
S2140410406C79206163636570747320534C5F5A49EE
S214041050474245455F454E445F444556494345200F
S214041060616E6420534C5F5A49474245455F534C72
S214041070454550595F454E445F4445564943452EC1
S2140410801F0052654A6F696E732061206E6574771F
S2140410906F726B2E00426F6F6C65616E206E6574A6
S2140410A0776F726B206B657920617661696C61621B
S2140410B0696C6974791F4368616E6E656C206D6136
S2140410C0736B1F004C65617665732061206E6574D2
S2140410D0776F726B2E005475726E73207065726D26
S2140410E06974206A6F696E696E67206F6E20666F1A
S2140410F0722074686520616D6F756E74206F66204B
S21404110074696D6520696E646963617465642E0034
S214041110412073696E676C65206279746520696E18
S2140411206469636174696E6720686F77206C6F6E9C
S2140411306720746865206465766963652073686FE4
S214041140756C642068617665207065726D697420BC
S2140411506A6F696E696E67207475726E206F6E2092
S214041160666F722E20412076616C7565206F66204E
S21404117030786666207475726E73207065726D6959
S21404118074206A6F696E20696E646566696E697438
S214041190656C792E1F004A6F696E732061206E6538
S2140411A074776F726B206F6E206120676976656E48
S2140411B0206368616E6E656C2C20776974682061A4
S2140411C020676976656E20545820506F77657220C4
S2140411D0616E642050414E2049442E0054686520B8
S2140411E06368616E6E656C206F6E207768696368ED
S2140411F020746F206A6F696E20746865206E65744B
S214041200776F726B1F4F6E652D62797465207369F4
S214041210676E65642076616C756520696E646963C3
S2140412206174696E672074686520545820506F771F
S21404123065722074686174207468652072616469DC
S2140412406F2073686F756C64206265207365742004
S214041250746F1F5468652050414E204944206F6EB9
S21404126020776869636820746F206A6F696E2074DB
S2140412706865206E6574776F726B1F00466F726DBB
S214041280732061206E6574776F726B206F6E2061B9
S21404129020676976656E206368616E6E656C2C20C7
S2140412A077697468206120676976656E20545820D3
S2140412B0506F77657220616E642050414E20494419
S2140412C02E00546865206368616E6E656C206F6ED0
S2140412D020776869636820746F20666F726D207467
S2140412E06865206E6574776F726B1F4F6E652D622E
S2140412F0797465207369676E65642076616C7565BC
S21404130020696E6469636174696E67207468652019
S214041310545820506F77657220746861742074681E
S2140413206520726164696F2073686F756C642062EF
S214041330652073657420746F1F5468652050414E91
S214041340204944206F6E20776869636820746F2094
S214041350666F726D20746865206E6574776F726B45
S2140413601F005468697320696E69746961746573D3
S21404137020612054434C4B20757064617465207062
S214041380726F6365647572652E0053706563696673
S214041390792074686520616D6F756E74206F6620A1
S2140413A074696D6520746F20776169742061667452
S2140413B06572206F6E652054434C4B2075706461D3
S2140413C07465206F7065726174696F6E20636F6DEB
S2140413D0706C65746573206265666F7265206265FD
S2140413E067696E6E696E672061206E657720544368
S2140413F04C4B20757064617465206F7065726174FF
S214041400696F6E2E0054686520616D6F756E74206A
S2140414106F662074696D65206265747765656E20F5
S21404142073756273657175656E7420747275737402
S2140414302063656E746572206C696E6B206B6579CB
S214041440207570646174657320696E206D696C6CB8
S214041450697365636F6E64731F00536574206F72DF
S21404146020636C6561722073746179206177616BA7
S21404147065207768656E206E6F74206A6F696E6586
S2140414806400536574206F7220636C656172206615
S2140414906F726365206177616B6500446973706C75
S2140414A061792074686520736C6565702073746157
S2140414B074757300464F522054455354494E472082
S2140414C0505552504F534553202D2067617468651C
S2140414D0722074696D696E67206D657472696373D2
S2140414E020666F72207265706F7274696E672074FE
S2140414F061626C65206F7065726174696F6E732EBD
S21404150000436C6561727320746865206C61737443
S214041510207265706F72742074696D65206F662022
S214041520617474726962757465732E0041646473C1
S2140415302061206E657720656E74727920746F2042
S214041540746865207265706F7274207461626C656D
S2140415502E00546865206C6F63616C20656E647041
S2140415606F696E742066726F6D2077686963682091
S2140415707468652061747472696275746520697331
S214041580207265706F727465641F54686520636C9E
S2140415907573746572207768657265207468652053
S2140415A0617474726962757465206973206C6F6304
S2140415B0617465641F546865204944206F6620740E
S2140415C06865206174747269627574652062656901
S2140415D06E67207265706F727465641F3020666F64
S2140415E07220636C69656E742D736964652061741A
S2140415F07472696275746573206F72203120666F29
S21404160072207365727665722D73696465206174E1
S21404161074726962757465731F546865206D696EAB
S214041620696D756D207265706F7274696E67206976
S2140416306E74657276616C2C206D65617375726567
S2140416406420696E207365636F6E64732E1F54681E
S21404165065206D6178696D756D207265706F727442
S214041660696E6720696E74657276616C2C206D6590
S21404167061737572656420696E207365636F6E644A
S214041680732E1F546865206D696E696D756D2063D1
S21404169068616E676520746F207468652061747471
S2140416A072696275746520746861742077696C6CFD
S2140416B020726573756C7420696E20612072657083
S2140416C06F7274206265696E672073656E742E1F70
S2140416D00052656D6F76657320616E20656E747258
S2140416E0792066726F6D20746865207265706F72FB
S2140416F074207461626C652E0054686520696E649B
S2140417006578206F6620746865207265706F7274E1
S21404171020746F2062652072656D6F7665641F00A5
S214041720436C6561727320616C6C20656E747269BB
S21404173065732066726F6D20746865207265706FBD
S2140417407274207461626C652E005072696E7473D4
S21404175020746865207265706F7274207461626CA0
S214041760652E00576970657320616C6C2064617423
S2140417706120696E207468652073746F7261676592
S214041780206465766963652E005072696E747320F2
S2140417906172626974726172792062797465732009
S2140417A06F6620746865204F544120696D616765D3
S2140417B0206F6E206469736B2E0054686520696E12
S2140417C0646578206F662074686520696D61676556
S2140417D020746F207072696E74206974732064615B
S2140417E074611F546865206F666673657420696E3D
S2140417F0746F20746865204F544120696D61676575
S21404180020746861742077696C6C2062652070723D
S214041810696E7465641F005072696E747320696E15
S214041820666F726D6174696F6E2061626F75742085
S2140418307468652073746F72616765206465766981
S21404184063652E0052656C6F61642074686520734E
S214041850746F72616765206465766963652E0044FB
S214041860656C657465732074686520696D61676569
S21404187020617420746865207370656369666965A1
S2140418806420696E6465782E0054686520696E6409
S214041890657820617420776869636820746F2062B5
S2140418A06567696E2064656C6574696E6720746824
S2140418B06520696D6167651F005072696E747320D8
S2140418C074686520696D616765732E00456E616294
S2140418D06C6573204F544120646F776E6772616441
S2140418E065732E0044697361626C6573204F5441BE
S2140418F020646F776E6772616465732E0053656E3D
S214041900647320616E2055706772616465456E6409
S2140419105265717565737420746F20616E204F5420
S21404192041207365727665722E0043616E2062658F
S214041930207573656420746F2064796E616D6963C5
S214041940616C6C79207475726E206F6666207365A0
S2140419506E64696E6720706167652072657175656F
S214041960737473206F6E2074686520636C69656E8B
S2140419707420736964652C20696620746865207316
S214041980657276657220646F65736E27742073754E
S21404199070706F72742074686973206665617475FC
S2140419A072652E00426F6F6C65616E2076616C7591
S2140419B065207475726E696E67206F6E20283129F3
S2140419C0206F72206F666620283029207468652090
S2140419D070616765207265717565737420666C61E5
S2140419E0671F0053656E647320616E20696D6167BE
S2140419F06520626C6F636B20726571756573742005
S214041A00666F7220612066696C6520746865207351
S214041A1065727665722073686F756C64206E6F7479
S214041A2020686176652E2020546573742068617280
S214041A306E657373206F6E6C7920287465737420DA
S214041A406361736520392E352E36202D204D69733B
S214041A5073696E672046696C6529005072696E74F6
S214041A607320696E666F726D6174696F6E206F6E37
S214041A70207468652063757272656E742073746171
S214041A807465206F6620746865204F544120636C2B
S214041A9069656E7420646F776E6C6F61642E005394
S214041AA0746F707320746865204F5441207374619A
S214041AB07465206D616368696E652E005374617287
S214041AC0747320746865204F544120636C69656E96
S214041AD074207374617465206D616368696E652E25
S214041AE020546865207374617465206D6163686949
S214041AF06E6520646973636F7665727320746865B7
S214041B00204F5441207365727665722C207175657A
S214041B107269657320666F72206E657720696D61E1
S214041B206765732C20646F776E6C6F6164732074C2
S214041B30686520696D6167657320616E64207761EE
S214041B4069747320666F7220746865207365727694
S214041B50657220636F6D6D616E6420746F2075709E
S214041B6067726164652E005072696E7473207468BF
S214041B7065206D616E756661637475726572204961
S214041B80442C20496D61676520547970652049446A
S214041B902C20616E642056657273696F6E20696EC0
S214041BA0666F726D6174696F6E207468617420610B
S214041BB072652075736564207768656E2061207190
S214041BC075657279206E65787420696D6167652025
S214041BD069732073656E7420746F2074686520734F
S214041BE065727665722062792074686520636C6914
S214041BF0656E742E00506572666F726D732073691D
S214041C00676E61747572652076657269666963616C
S214041C1074696F6E206F6E2074686520696D6167E5
S214041C2065206174207468652073706563696669ED
S214041C30656420696E6465782E0054686520696E54
S214041C4064657820617420776869636820746F20FF
S214041C50626567696E207665726966696361746930
S214041C606F6E206F662074686520696D6167651FF6
S214041C7000426F6F746C6F616473207468652069CA
S214041C806D61676520617420746865207370656390
S214041C90696669656420696E646578206279206384
S214041CA0616C6C696E6720746865204F54412062CD
S214041CB06F6F746C6F61642063616C6C6261636BDC
S214041CC02E0054686520696E6465782061742077F8
S214041CD06869636820746F20626567696E20626F46
S214041CE06F746C6F6164696E672074686520696DD3
S214041CF06167651F005072696E747320696E666F43
S214041D002061626F75742074686520696E737461EF
S214041D106C6C656420626F6F746C6F616465722EA0
S214041D200053756274726163747320612063686122
S214041D306E6E656C2066726F6D2065697468657278
S214041D4020746865207072696D617279206F7220E4
S214041D507365636F6E64617279206368616E6E6525
S214041D606C206D61736B206F6620746865206E65E9
S214041D7074776F726B2D7374656572696E67206312
S214041D806F6D706F6E656E742E00546865206368A0
S214041D90616E6E656C206D61736B20746F20737555
S214041DA062747261637420746865206368616E6E21
S214041DB0656C2066726F6D1F546865206368616E7B
S214041DC06E656C20746F2073756274726163742020
S214041DD0746865206D61736B2066726F6D1F0041B9
S214041DE06464732061206368616E6E656C20746F32
S214041DF02065697468657220746865207072696D00
S214041E00617279206F72207365636F6E6461727994
S214041E10206368616E6E656C206D61736B206F66FF
S214041E2020746865206E6574776F726B2D737465A5
S214041E306572696E6720636F6D706F6E656E742E63
S214041E4000546865206368616E6E656C206D61730E
S214041E506B20746F206164642061206368616E6E19
S214041E60656C20746F1F546865206368616E6E65C8
S214041E706C20746F2061646420746F20746865201D
S214041E806D61736B1F0053657473206569746865B0
S214041E907220746865207072696D617279206F7241
S214041EA0207365636F6E64617279206368616E6E19
S214041EB0656C206D61736B2E0054686520636861E1
S214041EC06E6E656C206D61736B20746F2073756223
S214041ED0747261637420746865206368616E6E65ED
S214041EE06C2066726F6D1F5468652076616C75652C
S214041EF020746F2073657420746865206368616E4F
S214041F006E656C206D61736B20746F2E1F005365B5
S214041F10747320746865207072652D636F6E6669CD
S214041F206775726564206B657920736F20746861C9
S214041F307420746865206A6F696E696E67206465CC
S214041F40766963652063616E20656E7465722074BD
S214041F506865206E6574776F726B2E0053657473B4
S214041F602074686520707265636F6E666967757243
S214041F706564206B65791F0053746F7073207468F2
S214041F8065206E6574776F726B207374656572690D
S214041F906E672070726F636573732E00537461727C
S214041FA0747320746865206E6574776F726B207323
S214041FB074656572696E672070726F636573732EDD
S214041FC00041206D61736B206F66206F7074696FBB
S214041FD06E7320666F7220696E6469636174696EDD
S214041FE067207370656369666963206265686176F5
S214041FF0696F722077697468696E20746865206EEC
S2140420006574776F726B2D7374656572696E67207D
S21404201070726F636573732E1F00446973706C610E
S2140420207973207468652063757272656E742073A4
S2140420307461747573206F6620746865206E6574A9
S214042040776F726B207374656572696E6720707241
S2140420506F636573732E00436C65617273207468D6
S214042060652067726F757073207461626C65206F8B
S2140420706E20657665727920656E64706F696E741D
S214042080005072696E747320696E666F726D617447
S214042090696F6E2061626F75742074686520636F63
S2140420A06E74656E7473206F66207468652067723C
S2140420B06F757073207461626C652E00417274696A
S2140420C066696369616C6C792064726F70732074DE
S2140420D0686520626C6F636B206E756D6265722036
S2140420E0646566696E65642062792074686520702C
S2140420F0617373656420617267756D656E74206FB5
S2140421006E6C79206F6E63652C20616E6420746833
S214042110656E20616C6C6F77732069742075706FC0
S2140421206E20612072657472792E00546865206290
S2140421306C6F636B206E756D62657220746F2061C0
S21404214072746966696369616C6C792064726F7015
S21404215020746F20666F72636520612072657472E6
S21404216079202D2073657420746F203078464620BD
S214042170746F2064697361626C651F0053657473C1
S2140421802074686520726563656976652077696E74
S214042190646F772073697A652E20204279206465FF
S2140421A066696E6974696F6E20696E20746865204E
S2140421B0536D61727420456E657267792070726F14
S2140421C066696C65206974206D7573742062652079
S2140421D073657420746F2031206275742074686986
S2140421E07320616C6C6F777320697420746F20623F
S2140421F065206368616E6765642E00546865206DAB
S2140422006178206E756D626572206F6620746865ED
S21404221020626C6F636B73207265636569766564B0
S214042220206265666F726520616E2041505320619E
S214042230636B2069732067656E6572617465641FDD
S214042240004D616B65732074686973206E6F6465F6
S214042250207374617274206964656E746966796942
S2140422606E672061732061207461726765742066EE
S2140422706F722062696E64696E672077697468207D
S214042280616E20696E69746961746F72206E6F6422
S214042290652E0054686520656E64706F696E7420E0
S2140422A06F6E20776869636820746F20626567695B
S2140422B06E207468652046696E64696E6720616E78
S2140422C0642042696E64696E67207461726765741F
S2140422D02070726F636573731F004D616B657320A6
S2140422E074686973206E6F646520737461727420F9
S2140422F074686520696E69746961746F72207061B0
S2140423007274206F66207468652066696E64696EF0
S2140423106720616E642062696E64696E67207072FD
S2140423206F636573732E0054686520656E64706F02
S214042330696E74206F6E20776869636820746F20F6
S214042340626567696E207468652046696E64696EA6
S2140423506720616E642042696E64696E6720696EE8
S21404236069746961746F722070726F636573731F2A
S21404237000536574732077686574686572207468A2
S2140423806520434C4920666F7263657320746865E4
S2140423902064657669636520746F2073686F727451
S2140423A020706F6C6C2E005468652076616C7565C1
S2140423B020696E6469636174696E67207768657402
S2140423C06865722074686520646576696365207341
S2140423D0686F756C642073686F727420706F6C6CB1
S2140423E01F0053657473207768657468657220747B
S2140423F06865206465766963657320706F6C6C200D
S214042400636F6D706C657465642063616C6C626187
S214042410636B2066756E6374696F6E2069732065DE
S2140424206E61626C65642E005468652076616C7516
S2140424306520696E6469636174696E672077686590
S214042440746865722074686520646576696365736C
S21404245020706F6C6C20636F6D706C65746564209F
S21404246063616C6C6261636B2066756E6374696F1E
S2140424706E20697320656E61626C65641F00446932
S21404248073706C61797320746865207374617475F5
S21404249073206F662074686520456E6420446576F4
S2140424A06963657320706F6C6C696E672E00456E89
S2140424B061626C652F64697361626C652064656231
S2140424C0756720606C65676163792061707020664B
S2140424D072616D65776F726B2064656275676020E4
S2140424E07072696E7420747970652E00456E616230
S2140424F06C652F64697361626C651F00456E61626A
S2140425006C652F64697361626C65206465627567C7
S21404251020607A636C60207072696E7420747970BF
S214042520652E00456E61626C652F64697361626C2A
S21404253065206465627567206061707060207072E3
S214042540696E7420747970652E00456E61626C65E0
S2140425502F64697361626C652064656275672060C8
S214042560636F726560207072696E7420747970652A
S2140425702E00456E61626C652F64697361626C65DA
S2140425802064656275672060737461636B60207095
S21404259072696E7420747970652E0053656E647368
S2140425A02061207265717565737420666F72204FA2
S2140425B0544120636F756E746572732E0052657392
S2140425C065747320616C6C207468726573686F6CD4
S2140425D064732076616C75657320746F203078465A
S2140425E04646462E005365747320612074687265EF
S2140425F073686F6C642076616C756520666F7220F4
S2140426006120706172746963756C6172207479708C
S21404261065206F6620636F756E7465722E0054793C
S2140426207065206F6620636F756E7465721F5468DC
S214042630726573686F6C642056616C75651F005014
S21404264072696E7473207468652074687265736842
S2140426506F6C6473206F6620616C6C2074686520F0
S214042660636F756E746572732E00436C6561727366
S21404267020616C6C20636F756E7465722076616C75
S2140426807565732E005072696E747320616C6C20CD
S214042690636F756E7465722076616C7565732E0053
S2140426A05072696E7473207468652076616C756503
S2140426B0206F66207468697320706172746963752C
S2140426C06C617220636F756E7465722E0054686553
S2140426D020636F756E746572207479706520746FEC
S2140426E0207072696E741F005072696E7473206174
S2140426F06C6C20636F756E7465722076616C75659C
S2140427007320616E6420636C6561727320746865FF
S2140427106D2E00536574204D464720746F6B656EAE
S2140427202C2043414E4E4F5420424520554E53458F
S2140427305420425920434C492E005072696E74202E
S2140427404D464720746F6B656E2E005072696E742A
S21404275020616374697665206576656E74732E00F1
S21404276044697361626C652074686520656E647084
S2140427706F696E7420666F72205A434C206D6573C1
S21404278073616765732E00456E64706F696E74209E
S214042790696E6465781F00456E61626C65732074AB
S2140427A0686520656E64706F696E7420666F72204B
S2140427B05A434C206D657373616765732E005072BF
S2140427C0696E7420737461747573206F6620656E09
S2140427D064706F696E74732E0053686F7773207419
S2140427E068652076657273696F6E206F66207468FC
S2140427F06520736F6674776172652E005365742066
S21404280074686520636F6E666967757265642038E0
S21404281030322E31352E3420434341206D6F6465AB
S21404282020696E2074686520726164696F2E205377
S214042830656520646F63756D656E746174696F6E2B
S21404284020726567617264696E67205241494C5F05
S214042850494545453830323135345F4363614D6F01
S21404286064655F742E0041205241494C5F494545DA
S214042870453830323135345F4363614D6F64655F8C
S214042880742076616C75651F0052657475726E737C
S2140428902050544920726164696F20636F6E6669C4
S2140428A06720696E666F726D6174696F6E20746FEF
S2140428B02064657465726D696E6520746865205061
S2140428C048592074797065206265696E672075734F
S2140428D06564206279205241494C2E2072657475D5
S2140428E0726E2076616C756520697320656E756DF1
S2140428F0205241494C5F49454545383032313534DC
S2140429005F507469526164696F436F6E6669675F8E
S2140429107420652E6720205241494C5F4945454541
S2140429203830323135345F5054495F524144494F50
S2140429305F434F4E4649475F32503447485A203D1E
S214042940203078303055205241494C5F4945454542
S2140429503830323135345F5054495F524144494F20
S2140429605F434F4E4649475F32503447485A5F41AB
S2140429704E54444956203D2030783031552052413B
S214042980494C5F494545453830323135345F5054FB
S214042990495F524144494F5F434F4E4649475F3271
S2140429A0503447485A5F434F4558203D20307830CE
S2140429B03255205241494C5F4945454538303231FD
S2140429C035345F5054495F524144494F5F434F4E3C
S2140429D04649475F32503447485A5F414E5444494B
S2140429E0565F434F4558203D2030783033550053CA
S2140429F0656E64732061207265616420617474720C
S214042A0020666F72207468652074696D65206F6631
S214042A1020746865206465766963652073706563F1
S214042A2069666965642E2049742073657473206131
S214042A3020666C616720736F207768656E20697402
S214042A4020676574732074686520726573706F6E92
S214042A507365206974207772697465732074686579
S214042A602074696D6520746F20697473206F776EA7
S214042A702074696D6520617474722E0049641F7336
S214042A807263456E64706F696E741F646573744513
S214042A906E64706F696E741F005768656E20736588
S214042AA06E64696E67207573696E6720612062695B
S214042AB06E64696E672C20737065636966696573F6
S214042AC020776865746865722061206D756C74691A
S214042AD0636173742062696E64696E672073686FDD
S214042AE0756C6420626520757365642E0075736565
S214042AF04D756C74696361737442696E64696E675C
S214042B001F0053656E64732061207072652D6275B4
S214042B10666665726564206D756C7469636173744A
S214042B20206D65737361676520746F206120676923
S214042B3076656E2067726F75702049442066726FE2
S214042B406D206120676976656E20656E64706F69B6
S214042B506E742E0067726F757049641F7372632DEE
S214042B60656E64706F696E741F0043726561746588
S214042B70732061206D6573736167652062792073C5
S214042B80706563696679696E67207468652072612A
S214042B90772062797465732E205573652074686592
S214042BA02073656E6420636F6D6D616E6420746F50
S214042BB02073656E6420746865206D657373616741
S214042BC065206F6E63652069742068617320626592
S214042BD0656E20637265617465642E2045783A20BC
S214042BE072617720307830303046207B30302030A9
S214042BF041203030203131203232203333203434F7
S214042C002035357D2073656E64732061206D657391
S214042C107361676520746F20636C757374657220C6
S214042C203135202830783030304629206F66206CC5
S214042C30656E677468203820776869636820696EF3
S214042C40636C7564657320746865205A434C206809
S214042C5065616465722E00436C75737465724964AD
S214042C601F446174611F0052657365747320746831
S214042C7065206E6F64652E005772697465732061F3
S214042C80206D6573736167652E00456E64706F69A9
S214042C906E741F436C75737465722049441F4174C7
S214042CA0747269627574652049441F4D61736B1FA5
S214042CB04461746120747970651F44617461206294
S214042CC07974651F0052656164732061206D6573B5
S214042CD0736167652E00456E64706F696E741F437A
S214042CE06C75737465722049441F4174747269620A
S214042CF07574652049441F312069662073657276B1
S214042D00657220646972656374696F6E2C20302066
S214042D10696620636C69656E7420646972656374A1
S214042D20696F6E1F0053656E64732061206D657352
S214042D30736167652E0044657374696E6174696FA8
S214042D406E1F536F7572636520656E64706F696E6F
S214042D50741F44657374696E6174696F6E20656E62
S214042D6064706F696E741F00536F757263652065B7
S214042D706E64706F696E741F004C69737473207789
S214042D8068696368206F7074696F6E616C206C6923
S214042D9062726172696573206F6620746865207359
S214042DA07461636B2061726520696D706C656D6516
S214042DB06E746564206F6E2074686973206465762B
S214042DC06963652E005072696E747320696E666F4F
S214042DD0726D6174696F6E2061626F7574207468B9
S214042DE065206E6574776F726B2073746174652CDE
S214042DF020636C7573746572732C20616E64206531
S214042E006E64706F696E74732E006F666673657495
S214042E101F005072696E747320696E666F726D61FE
S214042E2074696F6E20666F7220616C6C20617661C7
S214042E30696C61626C6520736C6F74732E005265E6
S214042E406164732072617720646174612066726FB6
S214042E506D20666C6173682073746F726167652E8B
S214042E60004164647265737320746F2072656164D4
S214042E701F4E756D626572206F6620627974657385
S214042E8020746F20726561641F005072696E7473DB
S214042E9020666C6173682073746F7261676520695D
S214042EA06E666F726D6174696F6E2E004572617323
S214042EB06573207468652073706563696669656404
S214042EC020736C6F742049442E0053746F726167CC
S214042ED06520736C6F74206E756D6265721F004298
S214042EE06F6F74732074686520696D616765206907
S214042EF06E2074686520737065636966696564200E
S214042F00736C6F742049442E00434C4920696E73D9
S214042F1074616E6365206578616D706C65006475B8
S214042F206D6D795F696E7374005A434C20636F6DE0
S214042F306D616E647300626173696300676C6F62CF
S214042F40616C006D66672D636F6465007573652D2F
S214042F506E6578742D73657175656E636500782D7E
S214042F6064656661756C742D726573700074657340
S214042F70742D726573706F6E73652D6F6E00746555
S214042F8073742D726573706F6E73652D6F6666004D
S214042F905A434C20626173696320636C757374656D
S214042FA07220636F6D6D616E647300727466640084
S214042FB0436F6D6D616E642074686174207265730E
S214042FC065747320616C6C206174747269627574C4
S214042FD0652076616C75657320746F206661637412
S214042FE06F72792064656661756C742E005241496F
S214042FF04C006C6F7765722D6D61632D7261696C20
S2140430002D3830322E31352E342E63006C696272C0
S21404301061696C2E6100756E636C61696D65640030
S2140430206275666665722D6D616E6167656D656E47
S214043030742E63006576656E742D71756575652EE0
S21404304063007A69676265652D75707065722D6DAB
S21404305061632E63006E65696768626F722E630033
S2140430606173736F63696174696F6E2E63003138C0
S214043070323173003134323231003132310032733E
S21404308000313232313132003132323131003238AD
S214043090310038313100313832313100313231319A
S2140430A03132313232323173003132320031323120
S2140430B031323231003131313100323238006D6113
S2140430C0632D6D756C74692D6E6574776F726B2ED7
S2140430D063006C65676163792D7061636B65742D3D
S2140430E06275666665722E6300000102030E312E59
S2140430F0312E322D65626530653836630100010075
S214043100020303000300000013B779FAC925DDB7EC
S214043110ADF3CFE0F1B614B80102000000000000E1
S214043120FFFFFFFF01000000010000000000000098
S2140431300000000000000000000000000000000086
S2140431400000000000000000000000000000000076
S2140431500000000000000000033F1F00D7F8020034
S214043160D3F80200B1F802007FF802000FF902005B
S214043170E1F8020081F802002C00000002020203BB
S2140431800000000001020000000801B43032040010
S2140431900008015AEC31040000080040A83104007D
S2140431A000000000000000000000FCFEFFFF00001E
S2140431B000000000FFFF000000000000FFFF00000A
S2140431C000000000FFFF000000000000400018069A
S2140431D0F4D200002C00B0023DBE00001700F2003E
S2140431E00C7C00000C0041009E4200006400FCFEC3
S2140431F0FFFF000000000000FFFF000000000000CA
S2140432005A00F306A554FEFF2100A301A1FEFFFF0A
S2140432101100A600832700000A006100DC260000D7
S21404322006003B00F820000003001500AD13000064
S214043230C800FCFEB4008B087BC0FBFF4D00E40214
S214043240E756FFFF2C00A20183EBFFFF1A000301E1
S214043250B31A00001100A300552900000A005E00FE
S2140432605A28000006003A00212200000400180034
S2140432707316000053E6030095990300959903001E
S2140432809599030095990300959903009599030071
S2140432909599030095990300959903009599030061
S2140432A09599030095990300959903009599030051
S2140432B09599030095990300959903009599030041
S2140432C09599030095990300959903009599030031
S2140432D09599030095990300959903009599030021
S2140432E095990300A399030095990300B8990300E0
S2140432F09599030095990300DD99030095990300B9
S214043300959903009599030095990300059A03007F
S21404331095990300959903009599030095990300E0
S2140433201D9A0300959903003B9A03000B000000C6
S2140433300B00000002000000000020200000000037
S214043340030000008C8C3C0000000000000000001D
S21404335000000000000000581200000000000000FA
S214043360FFFFFFFFFFFFFFFF554E4B00474F2000B8
S21404337042544C00474F3200474F3300474F340007
S214043380474F3500474F3600474F3700474F380002
S214043390474F3900474F4100474F4200474F4300CD
S2140433A0474F4400474F4500474F46004A4D50009C
S2140433B0424452005550520042544D004D534D0065
S2140433C046544C00554E4B00474F200042544C0088
S2140433D04241440046544C00465243004F54410078
S2140433E044534C004241500055504700544D45004C
S2140433F046415500545A4600554E4B0050494E001F
S214043400454D3400554E4B0048562000554E4B0053
S214043410455850004C574D00554E4B0052425400F0
S21404342044534C00454D3400554E4B004153540014
S214043430554E4B0056465900494E4800554E4B00D3
S2140434404C434B0058544C004F424600554E4B00DC
S214043450485244004D454D004255530055534700CD
S21404346044424700444D410056435400554E4B00D9
S2140434705550200052502000415030004150310039
S2140434804150200044502000444543006833040063
S2140434906C330400C4330400F8330400043404001A
S2140434A00C340400183404002834040030340400B7
S2140434B03C3404004C3404006C340400554E4B0079
S2140434C04649420042544C00455854005057520056
S2140434D0574447002053570043525300465348006E
S2140434E042414400464C540042524F00010401033A
S2140434F003060105010501090600060B0000070B7B
S214043500050B000000000000000000000400E40CAE
S2140435100A00010410010000000500020000030078
S214043520A8370400A4370400903704008C3704003E
S21404353088370400843704007237040062370400B6
S2140435404837040040370400363704003437040094
S2140435501C37040019370400113704000037040030
S214043560F0360400DE360400C4360400BC3604001C
S214043570B0360400AC360400A83604009A360400BC
S2140435808F360400763604005D36040001360400E7
S21404359000360400F0350400C8350400BD350400C8
S2140435A0BC350400A835040000000000000000003C
S2140435B00000000000000000000000000F000000F3
S2140435C000000000000000000000000000000000F2
S2140435D000000000000000000000000000000000E2
S2140435E000000000000000000000000000000000D2
S2140435F001000000000000000000000000000000C1
S2140436000F000000000000000000000000000000A2
S21404361000000000000000000000000000000000A1
S2140436200000000000000000000000000000000091
S2140436300000000000000000000000000000000081
S2140436400000000000000000000000000000000071
S2140436500000000000000000000000000000000061
S2140436600000000000000000000000000000000051
S2140436700000000000000000000000000000000041
S2140436800000000000000000000000000000000031
S2140436900000000000000000000000000000000021
S2140436A00000000000000000000000000000000011
S2140436B0FFFFFFFFFFFFFFFFFFFF0000000000000B
S2140436C000000000000000000000000000000000F1
S2140436D000000000000000000000000000000000E1
S2140436E000000000000000000000000000000000D1
S2140436F000000000000000000000000000000000C1
S21404370000000000000000000000000000000000B0
S21404371000FFFFFFFFFFFFFFFF9C0000FF0000000D
S2140437200000000000000000000000000000000090
S214043730800000000000FFFFFFFFFFFFFFFFFFFF0A
S21404374000000000FFFF0000000000000000000072
S2140437500000000000000000000000000000000060
S2140437600000FFFFFF000000000000000000000053
S2140437700000000000000000000000000000000040
S2140437800000000000000000000000000000000030
S2140437900000000000000000000000000000000020
S2140437A00000000000000000FC030101010101010B
S2140437B001010101010101010100000000000001F6
S2140437C00020000000000001010000200204110493
S2140437D0040211101A080A021801081110111A0816
S2140437E00A04020D0B19195C0110280B01140000C1
S2140437F000000000000000000000000000010101BD
S21404380001010100010101010101010000010101A2
S214043810000100010100000000000000000000009C
S214043820000000000001000000000000000000008E
S2140438300000000001FF010023E1010075E401001F
S21404384063E2010063E5010062E1010079EB010037
S21404385064EE010024E1010025E1010026E10100F7
S21404386027E1010028E1010029E101002AE1010025
S2140438700000010080000100000101008001010039
S214043880000201008002010020E2010000030100A2
S2140438900005010080050100000601002C890100D6
S2140438A0800601000007010001E5010002E50100B1
S2140438B00008010080080100004001008632101054
S2140438C0FFFFFFFFFFFFFFFFC9A20300CFA2030015
S2140438D0D5A20300DBA20300E1A2030056777777A4
S2140438E07777777777777777777777775A696742CF
S2140438F06565416C6C69616E636530395A69674207
S2140439006565416C6C69616E636530394E574B2052
S2140439105374656572696E6700009596959595056E
S21404392007090D0000000000000102030406000061
S21404393047BB0300E2CE0300FCCE030013CF030014
S21404394026CF030036CF03004ACF03005CCF030024
S2140439506CCF030088CF03009DCF03000208010D3F
S2140439600D01010112010000FFFFFFFFFFFFFFFF33
S214043970000000000000000001090501000200002C
S214043980000000031EF1EE0B98390400DEDB030092
S21404399053E60300FE000000FADB0300F83A0400D6
S2140439A00000000004DC0300E83A04000000000005
S2140439B011DC0300D83A0400000000001EDC0300FB
S2140439C0C83A0400000000003CDC0300B43A0400DB
S2140439D00000000034DC0300A03A040000000000ED
S2140439E03BDC03008C3A04000000000049DC0300C2
S2140439F07C3A040000000000BBDA0300683A0400C6
S214043A000000000042DC0300583A040000000000F6
S214043A104EDC0300443A040000000000FAA0030051
S214043A20343A04000000000000000000000000001B
S214043A30000000008D0F03005FDC03009CDC030025
S214043A40010100FF51D80000C5DC03000ADD0300B5
S214043A50010100010107FF000DD8000057DD030037
S214043A60C2DD0300010100FF4DD70000E3DD0300C3
S214043A70FCDD030000010100FF0000009F0F0300AF
S214043A8021DE030079DE03000101FF00870F030037
S214043A9090DE0300E7DE030001010207FF000000DA
S214043AA0810F030090DE0300E7DE03000101020736
S214043AB0FF0000007B0F030090DE0300E7DE030038
S214043AC001010207FF00000001D7000008DF030021
S214043AD047DF0300010101FFA1D6000066DF0300F3
S214043AE0ABDF0300010000FF5DD6000066DF0300C5
S214043AF0ABDF0300010000FFE5D60000D2DF0300C1
S214043B00D8DD030000FF0000750F030027E0030064
S214043B10F30A0400FF0000006F0F03009AE003009E
S214043B20F30A0400FF0000003DD6000009E103008C
S214043B307EE1030000FF000015D6000096E10300B6
S214043B40F8E1030000FF0000610F030009E2030030
S214043B504FE2030002FF0000DDD5000058E2030038
S214043B60CCE2030001FF000000000000CCE50300E7
S214043B7011000000D8E5030012000000E0E5030091
S214043B8013000000E8E5030021000000F0E5030050
S214043B9022000000F7E5030023000000FEE5030012
S214043BA0AA00000005E60300FF0000000000000075
S214043BB0FFFFFFFFFFFFFFFF000000000000000004
S214043BC0000001080109020A030B040C050D060E89
S214043BD0070F081001180119021A031B041C051DFF
S214043BE0061E071F0820012102220323042405259C
S214043BF00626072708280129022A032B042C052D4C
S214043C00062E072F08300131023203380239043AEF
S214043C1008E004E104E204E802E902EA04F008F138
S214043C201000000000000000040500008C3C0400A6
S214043C3002000F00B43C040002000F00DC3C040049
S214043C4002000F00043D040002000F002C3D040097
S214043C5002000F00543D040002000F007C3D0400E7
S214043C6002000F00A43D040002000F00CC3D040037
S214043C7002000F00F43D040002000F001C3E040086
S214043C8002000F00443E040002000F000000000083
S214043C906C3E04000300000040000000000000002A
S214043CA019000000903E040004000F00800000008D
S214043CB000000000000000006C3E0400030000004A
S214043CC0400000000000000019000000903E0400C0
S214043CD004000F0080000000000000000000000048
S214043CE06C3E0400030000004000000000000000DA
S214043CF019000000903E040004000F00800000003D
S214043D0000000000000000006C3E040003000000F9
S214043D10400000000000000019000000903E04006F
S214043D2004000F00800000000000000000000000F7
S214043D306C3E040003000000400000000000000089
S214043D4019000000903E040004000F0080000000EC
S214043D5000000000000000006C3E040003000000A9
S214043D60400000000000000019000000903E04001F
S214043D7004000F00800000000000000000000000A7
S214043D806C3E040003000000400000000000000039
S214043D9019000000903E040004000F00800000009C
S214043DA000000000000000006C3E04000300000059
S214043DB0400000000000000019000000903E0400CF
S214043DC004000F0080000000000000000000000057
S214043DD06C3E0400030000004000000000000000E9
S214043DE019000000903E040004000F00800000004C
S214043DF000000000000000006C3E04000300000009
S214043E00400000000000000019000000903E04007E
S214043E1004000F0080000000000000000000000006
S214043E206C3E040003000000400000000000000098
S214043E3019000000903E040004000F0080000000FB
S214043E4000000000000000006C3E040003000000B8
S214043E50400000000000000019000000903E04002E
S214043E6004000F0080000000000000000000200195
S214043E70200000000800000004004221300000007A
S214043E80043F040000FF4200300000000000000071
S214043E900000F00840000000253F04000100230451
S214043EA0400000002D3F04000600300140000000E2
S214043EB000000000FDFF2102400000000100000099
S214043EC01900000419000101190002041900030175
S214043ED0190005041900060119000704040041002E
S214043EE0ADF8000006004100971703001900810092
S214043EF09D1501001900840029200100008000009F
S214043F000000000006435553544F4D0000000000C7
S214043F100000000000000000000000000000000098
S214043F200000000000FFFFFFFFFFFFFFFFFFFFFF93
S214043F30FF00040104010401040104010401040156
S214043F4004010401040104010401FFFFFFFFFFFF55
S214043F50FFFFFFFFFFFFFFFFFFFFFFFFFFFFFFFF68
S214043F60FFFF000102030405060708090A0B1F1CCD
S214043F701F1E1F1E1F1F1E1F1E1F07021F012F00AE
S214043F8037013F005701DF02E700FF020000000090
S214043F900000000000000000000000000000000018
S214043FA00000000000000000000000000000000008
S214043FB06BEC03001900000071EC0300FFFF000027
S214043FC0000000003CED030047ED030053E6030049
S214043FD04FED03005DED030053E6030070ED0300B0
S214043FE07BED030089ED03008DED03009DED0300DA
S214043FF04FBC0300ADED0300B1ED0300BCED0300C0
S214044000C6ED0300D0ED0300D4ED0300E2ED03009B
S214044010F6ED03000CEE0300008000000000000034
S2140440200000000000000000FFFFFFFFFF0000008C
S2140440300000000001A40100000000000000F03FA2
S214044040000000000000244000000000000059406A
S2140440500000000000408F40000000000088C340BD
S21404406000000000006AF8400000000080842E4132
S21404407000000000D01263410000000084D797417E
S2140440800000000065CDCD41C8BF0300F45604000F
S2140440900000000032F70300E456040000000000AD
S2140440A037F70300D45604000000000038F7030076
S2140440B0C45604000000000049DC0300B0560400A7
S2140440C0000000003CDC03009C56040000000000D6
S2140440D03DF703008C5604000000000043F703007D
S2140440E07C5604000000000047F703006C560400EA
S2140440F00000000056F703005C56040000000000B1
S21404410073F703004C560400000000007CF703001D
S2140441103C5604000000000091F703002C560400EF
S214044120000000008ACD03001C56040000000000B6
S214044130A1F70300DC55040000000000A7FB030001
S214044140384D04000000000054EB0300F84C040053
S21404415000000000A8F70300384C0400000000002C
S214044160B1F703003C4B040000000000BEF7030058
S214044170E446040000000000DAED0300BC45040039
S21404418000000000C5F70300BC4504000100000061
S214044190C9F703007C45040000000000CEF70300C6
S2140441A04044040000000000879A030040440400D2
S2140441B001000000BEF70300E4460400000000000F
S2140441C0D5F70300E446040001000000DAF7030014
S2140441D00C44040000000000E4F703000C44040050
S2140441E001000000ECF703003C420400000000005D
S2140441F0FFA10300084204000000000000000000C5
S214044200000000000000000018420400F0F703005D
S21404421053E60300FE00000008F80300E04D040027
S214044220000000007CFC0300D04D040000000000E9
S2140442300000000000000000000000004C420400E3
S2140442400DF8030053E60300FE00000023F8030005
S214044250604F04000000000029F80300504F0400DB
S214044260000000002FF80300404F04000000000088
S21404427038F80300304F040000000000399F0300A4
S214044280204F040000000000439D0300E84E040095
S2140442900000000051A60300D44E040000000000F5
S2140442A042F80300C44E0400000000003EA20300CF
S2140442B0B44E04000000000047F80300A44E0400B7
S2140442C0000000004EF80300944E040000000000B6
S2140442D0EAB00300844E04000000000053F8030014
S2140442E0D8430400000000005AF80300804304008A
S2140442F00000000062F803004C43040000000000C5
S2140443006EF80300184304000000000000000000DC
S21404431000000000000000002843040079F80300B1
S21404432053E60300FE000000C3B60300004E04007C
S2140443300000000021D80300F04D04000000000037
S2140443400000000000000000000000005C430400C1
S2140443509AF8030053E60300FE000000C3B6030009
S214044360204E04000000000021D80300104E040074
S2140443700000000000000000000000000000000034
S21404438090430400BCF8030053E60300FE0000005C
S214044390DAF80300704E040000000000CBFD0300B2
S2140443A0604E040000000000E9F80300504E0400CC
S2140443B000000000EEF80300404E04000000000079
S2140443C0F5F80300304E0400000000000000000072
S2140443D00000000000000000E8430400FAF80300B0
S2140443E053E60300FE00000085B603000C4F0400ED
S2140443F00000000017F90300F84E04000000000057
S2140444000000000000000000000000001C4404003F
S2140444101FF9030053E60300FE0000003BF9030007
S214044420A04F040000000000DAED0300904F0400E3
S2140444300000000000000000000000000000000073
S2140444405044040040F9030053E60300FE00000055
S21404445059F90300505004000000000046B303005E
S214044460405004000000000062F9030030500400CD
S214044470000000003BF90300804F04000000000029
S21404448067F90300704F04000000000074F903008D
S2140444903C4504000000000082F9030008450400BF
S2140444A00000000090F90300C84404000000000067
S2140444B0A8F70300384C04000000000000000000C9
S2140444C00000000000000000D844040099F903002E
S2140444D053E60300FE0000007B2F04002050040077
S2140444E0000000008C2F04001050040000000000A0
S2140444F077C703000050040000000000000000001E
S214044500000000000000000018450400B7F903008E
S21404451053E60300FE000000E1F9030070500400B7
S2140445200000000062E80300605004000000000081
S2140445300000000000000000000000004C450400DD
S214044540E8F9030053E60300FE000000FFA10300A1
S214044550A45004000000000021D803009450040076
S21404456000000000CBFD03008050040000000000A3
S2140445700000000000000000000000008C4504005D
S21404458008FA030053E60300FE000000FFA1030040
S214044590D45004000000000028FA0300C4500400AD
S2140445A00000000021D80300B450040000000000FE
S2140445B0000000000000000000000000CC450400DD
S2140445C02FFA030053E60300FE00000049FA030036
S2140445D0085204000000000011B80300F85104005B
S2140445E0000000007CFA0300E8510400000000000C
S2140445F0399F0300D8510400000000004A9F0300BE
S214044600C8510400000000004EFA0300B85104002C
S2140446100000000066FA0300A85104000000000031
S2140446206FFA0300985104000000000076FA0300B5
S214044630885104000000000082FA03005851040068
S21404464000000000CBFD03004851040000000000F9
S21404465091FA0300385104000000000036C8030035
S214044660285104000000000096FA030018510400C4
S21404467000000000ADFA030008510400000000002A
S214044680C1FA0300F450040000000000D1FA03004D
S214044690E450040000000000E0FA0300B046040002
S2140446A00000000000000000000000000000000001
S2140446B0C0460400E5FA030053E60300FE000000CB
S2140446C0FCFA0300785104000000000005FB030018
S2140446D06851040000000000000000000000000014
S2140446E000000000F446040053E6030053E603000B
S2140446F0FE0000000CFB0300784D040000000000E0
S21404470019FB0300BC4B04000000000022FB03005E
S214044710FC4A04000000000035FB0300C84A0400FD
S2140447200000000043FB0300944A0400000000005D
S21404473051FB0300604A0400000000005FFB030016
S214044740C84904000000000070FB0300A0490400F0
S214044750000000007DFB0300004904000000000088
S21404476088FB0300A8480400000000009BFB03002D
S21404477080480400000000002DDB03001C480400F1
S21404478000000000AEFB0300DC470400000000004D
S214044790B9FB0300A8470400000000000000000066
S2140447A00000000000000000B8470400CCFB030033
S2140447B053E60300FE000000F0FB0300285204004A
S2140447C000000000F6FB030018520400000000007E
S2140447D0000000000000000000000000EC47040099
S2140447E0FAFB030053E60300FE00000033B80300A0
S2140447F058520400000000002CFC03004852040039
S2140448000000000038FC03003852040000000000DA
S2140448100000000000000000000000002C48040017
S2140448204EFC030053E60300FE000000FFA1030055
S214044830BC5204000000000021D80300AC5204005F
S2140448400000000027D803009C520400000000006B
S214044850C3B6030088520400000000006AFC03008C
S214044860785204000000000081FC03006852040033
S214044870000000000000000000000000000000002F
S214044880904804008DFC030053E60300FE0000007D
S214044890B2FC0300CC52040000000000000000003C
S2140448A00000000000000000B8480400B7FC030045
S2140448B053E60300FE000000DBFC03001C53040068
S2140448C00000000028FA03000C5304000000000057
S2140448D0E7FC0300FC52040000000000EEFC0300AA
S2140448E0EC52040000000000FBFC0300DC52040051
S2140448F000000000000000000000000000000000AF
S2140449001049040006FD030053E60300FE00000001
S21404491074FB0300CC5304000000000023FD0300D6
S214044920BC53040000000000C8BF0300AC530400DE
S21404493000000000F6CE03009C53040000000000B4
S214044940DBFA03008C5304000000000033B80300B5
S2140449507C530400000000002AFD03006C5304008E
S2140449600000000035FD03005C5304000000000056
S21404497042FD03004C5304000000000052FD0300F7
S2140449803C5304000000000065FD03002C530400A3
S214044990000000000000000000000000000000000E
S2140449A0B049040077FD030053E60300FE00000050
S2140449B0C8BF0300DC530400000000000000000031
S2140449C00000000000000000D849040095FD030024
S2140449D053E60300FE00000033B803004C54040002
S2140449E000000000F6CE03003C5404000000000063
S2140449F0DBFA03002C54040000000000B8FD03009A
S214044A001C54040000000000E4F80300204A0400DC
S214044A10000000000000000000000000000000008D
S214044A20304A0400CFFD030053E60300FE000000F6
S214044A30CBFD03000C54040000000000C3B60300C2
S214044A40FC53040000000000E5FD0300EC530400E2
S214044A50000000000000000000000000000000004D
S214044A60704A0400EEFD030053E60300FE00000057
S214044A70FFA103006C5404000000000021D80300CA
S214044A805C54040000000000000000000000000069
S214044A9000000000A44A04000EFE030053E60300D0
S214044AA0FE0000002EFE03008C54040000000000EC
S214044AB041FE03007C5404000000000000000000D7
S214044AC00000000000000000D84A040057FE03005F
S214044AD053E60300FE00000077FE0300AC54040017
S214044AE00000000046B303009C54040000000000CD
S214044AF00000000000000000000000000C4B040052
S214044B0081FE030053E60300FE00000033B80300F2
S214044B10DC54040000000000A6FE0300CC5404008D
S214044B2000000000BEFE0300BC54040000000000A9
S214044B300000000000000000000000004C4B0400D1
S214044B4053E6030053E60300FE000000CFFE030016
S214044B50644B040000000000000000000000000099
S214044B6000000000744B040053E6030053E6030001
S214044B70FE000000DBFE03002C55040000000000CD
S214044B80CBED03001C55040000000000E1FE03000A
S214044B900C55040000000000E5FE0300FC5404006D
S214044BA000000000E9FE0300EC54040000000000CE
S214044BB0000000000000000000000000CC4B0400D1
S214044BC0F9FE030053E60300FE000000FFA1030005
S214044BD0AC5504000000000014FF03009C550400BC
S214044BE00000000027FF03008C55040000000000AE
S214044BF021D803007C5504000000000034FF0300A5
S214044C006C5504000000000045FF03005C550400DA
S214044C100000000053FF03004C5504000000000091
S214044C2064FF03003C550400000000000000000080
S214044C300000000000000000484C040071FF030060
S214044C4053E60300FE0000008BFF0300D04F040071
S214044C5000000000BEFF0300C04F04000000000078
S214044C60F9FF0300B04F0400000000001000040029
S214044C70C44C0400000000001A000400904C040019
S214044C80000000000000000000000000000000001B
S214044C90A04C04001E00040053E60300FE000000BF
S214044CA07B2F0400F04F0400000000008C2F04004B
S214044CB0E04F0400000000000000000000000000B8
S214044CC000000000D44C04003D00040053E603003A
S214044CD0FE0000005EB30300CC5504000000000094
S214044CE0CBFD0300BC5504000000000000000000DB
S214044CF00000000000000000084D040050000400FE
S214044D0053E60300FE000000FFA103000C56040057
S214044D1000000000E1F90300FC5504000000000058
S214044D2062E80300EC5504000000000000000000E8
S214044D300000000000000000484D04006B00040062
S214044D4053E60300FE000000FBFC030024570400A7
S214044D500000000033B803001457040000000000ED
S214044D60C8BF030004570400000000000000000051
S214044D700000000000000000884D04008B000400C2
S214044D8053E60300FE000000A90004007457040064
S214044D9000000000B3000400645704000000000094
S214044DA0BE000400545704000000000049DC030061
S214044DB04457040000000000CD00040034570400EB
S214044DC000000000000000000000000000000000DA
S214044DD0530F0300D800040053E60300FF0000004E
S214044DE04F0F0300E500040053E60300FF00000035
S214044DF051DD0000F700040053E60300FF00000046
S214044E00EDDC000024010400EC08040001FF0000AF
S214044E1051DD00006401040053E60300FF000000B7
S214044E20EDDC000092010400EC08040001FF000021
S214044E3085DD0000D3010400F401040000FF000037
S214044E4085DD0000FD0104005A0204000000FF0096
S214044E5001DE00006802040081020400010001FF74
S214044E606DDE0000A6020400E80204000102FF0052
S214044E7001DE0000FE0204002D030400010001020E
S214044E80FF0000007DDB00005E0304009A030400BC
S214044E9007FF00009DDB0000A0030400D30304000A
S214044EA001FF0000B1DB0000DB0304002B04040058
S214044EB00100FF000DDC000040040400910404001F
S214044EC00101FF00E1DB0000A1040400DB04040090
S214044ED001FF000061DC0000E30404002C0504006C
S214044EE0010000010707FF009DDE00007E050400A8
S214044EF0D303040001FF00009DDF0000C605040084
S214044F000A060400010700010700FF00B10F0300B2
S214044F105F060400A50604000107000101FF000067
S214044F2025DF0000E10604001C070400010000FF62
S214044F30F5DE00003A0704007E0704000100FF00C7
S214044F40C5DE0000910704007E0704000100FF0090
S214044F506DDF0000D0070400DB04040001FF00003E
S214044F60DDDF00000B0804003C0804000100FF001D
S214044F700DC9000053E603004A080400000707FFB3
S214044F80B1C8000053E6030063080400000707FFE7
S214044F90BDCD000053E603006F08040007FF0000C1
S214044FA0BDCD000053E603006F08040007FF0000B1
S214044FB0030F030053E60300740804000000FF0018
S214044FC099CD000053E603005DDF030001FF0000F7
S214044FD061CD000053E60300AC08040000FF0000A7
S214044FE091C8000053E6030053E60300FF000000E8
S214044FF091C8000053E6030053E60300FF000000D8
S214045000D90E030053E6030053E60300FF00000036
S214045010D90E030053E6030053E60300FF00000026
S214045020D90E030053E6030053E60300FF00000016
S21404503061C8000053E60300E20804000101FF0013
S2140450404DC8000053E60300F708040001FF000003
S214045050D50E030053E6030053E60300FF000000EA
S21404506015C80000BFF9030053E60300FF00000064
S21404507015C800000109040053E60300FF00000001
S21404508095C9000022090400390904000001000043
S21404509007FF0000D10E03005F09040053E6030077
S2140450A0FF00000011C700007909040053E603005E
S2140450B0FF0000004B0F0300A709040053E603009B
S2140450C0FF0000003D0F0300C1090400430804006C
S2140450D000FF000091D00000E609040053E6030038
S2140450E0FF000000E5C50000000A040053E60300C4
S2140450F0FF00000079C50000230A0400A00A04008B
S21404510000000310FF00000055C60000F50A040066
S214045110630B040001FF000029C60000780B04009E
S214045120BB0B040000FF00003DC50000CC0B0400D0
S21404513053E60300FF000000CF0E0300FB0B040041
S21404514053E60300FF00000019C50000470C0400E6
S2140451504308040000FF0000E5C40000880D0400B6
S214045160DD0D040000FF0000C9C40000F70D0400B4
S21404517053E60300FF000000ADC40000070E040061
S21404518053E60300FF000000BF0E03001B0E0400DE
S214045190990E040000FF00007DC40000240F0400E4
S2140451A053E60300FF00000039C40000410F04006A
S2140451B06C0F040007FF0000F9C30000760F04001C
S2140451C0CF0F0400000500FFB1C3000082100400E6
S2140451D0951004000002FF008DC30000C4100400F4
S2140451E053E60300FF000000BF0E0300D6100400C1
S2140451F01011040000FF000021C3000096110400F3
S214045200DC110400000301FF11C300007C1204003B
S214045210C2120400000301FFA13E01006213040051
S21404522053E60300FF000000591B03008A13040022
S2140452300514040002FF0000BDE300005A14040035
S214045240F30A040000FF000089E30000821404004F
S214045250F30A040000FF000039E300009B14040076
S21404526053E60300FF000000AD300100B414040050
S21404527053E60300FF00000085300100011504001A
S21404528053E60300FF000000113001002C15040053
S2140452905215040000010100010102FFE92F01007C
S2140452A0D1160400F916040000FF0000C92F0100FF
S2140452B02017040053E60300FF000000112F01002E
S2140452C04A17040053E60300FF0000002B1A0300ED
S2140452D06317040053E60300FF000000E123010007
S2140452E089170400BA1704000002FF008D18030093
S2140452F01718040053E60300FF0000008918030093
S2140453004418040053E60300FF0000009523010040
S2140453105F1804008918040000FF000055210100EE
S214045320B918040053E60300FF000000D10C010086
S214045330CC18040053E60300FF000000B90C01007B
S214045340E418040053E60300FF00000005180300F9
S214045350FD18040053E60300FF000000F1170300E5
S2140453602A190400A419040000FF000061200100AB
S214045370E319040053E60300FF000000511F010078
S2140453805B1A040053E60300FF000000750B0100DF
S2140453909F1A040053E60300FF000000590B0100A7
S2140453A0BC1A040053E60300FF000000D10B010002
S2140453B0671B040053E60300FF000000C50B010052
S2140453C0F51B04003A1C040000FF0000910B0100CA
S2140453D0711C0400C21C040000FF0000BD0901008B
S2140453E0F51C040053E60300FF00000055FE000011
S2140453F0211D04008A1D04000000FF0055FE000065
S214045400DF1D0400411E04000000FF00F5FE00003E
S214045410861E0400B91E04000002FF005F17030086
S2140454200E1F04005C1F040007FF00002900010093
S214045430781F040053E60300FF0000003DFE000052
S2140454409C1F0400C11F040000FF000049FF000069
S2140454501A20040053E60300FF0000000DF80000C5
S2140454605720040053E60300FF000000D5F70000B1
S2140454708120040053E60300FF00000037160300F3
S214045480BC2004002B21040000FF000031F10000C2
S2140454907C210400FB21040000FF00002916030001
S2140454A0412204009322040000FF000009160300B2
S2140454B0DA2204002723040000FF000005EA0000A7
S2140454C071230400A723040003FF00003DEA000044
S2140454D0E22304002824040003FF0000EDE8000093
S2140454E07E24040053E60300FF0000009515030025
S2140454F0AE240400EC24040000FF00008F15030013
S214045500FC240400EC24040000FF000089150300BA
S21404551023250400EC24040000FF00008315030088
S2140455204A250400EC24040000FF00007D15030057
S21404553072250400EC24040000FF00005915030043
S2140455409B25040053E60300FF0000005F150300DC
S214045550BD25040053E60300FF0000003DE60000FE
S214045560E52504001E2604000001FF0069E600008D
S2140455703F26040053E60300FF0000005B1503000B
S2140455806A26040053E60300FF00000025E6000038
S2140455908526040053E60300FF000000E1E5000052
S2140455A0A0260400CD26040000FF0000C9E5000084
S2140455B0E826040053E60300FF00000011CE0000B6
S2140455C01327040053E60300FF00000011CE00007A
S2140455D03A27040053E60300FF00000001C300005E
S2140455E04B27040053E60300FF000000CDC2000072
S2140455F0602704008727040000FF0000CDC20000D7
S214045600972704008727040000FF000065C20000F7
S214045610BE27040053E60300FF000000B70E030095
S214045620D927040053E60300FF000000C1BE0000B3
S214045630FC2704006628040000FF0000A1BE00004A
S2140456408928040053E60300FF00000089DA0000FE
S214045650EF2904007C2A0400010000FF6DD9000035
S214045660992A0400ED2A040000FF0000A1D90000D6
S214045670022B0400542B04000100FF000DD9000087
S2140456806A2B0400572C04000107FF00BB0E03001E
S214045690672C040053E60300FF0000006DD20000F0
S2140456A0782C04008A2C0400000101000007FF0087
S2140456B065D10000C52C0400D62C040000010100AE
S2140456C0FF000000A1D90000252D0400362D04009B
S2140456D0010000FFDDD00000252D0400682D040025
S2140456E000FF000041710100792D040053E6030019
S2140456F0FF000000F5BE0000C52D040053E60300BD
S214045700FF000000B93B030053E6030053E6030022
S214045710FF000000097F010053E6030053E6030080
S214045720FF000000CD7E010053E603000A2E0400AD
S21404573002FF000079860100122E040053E60300DF
S214045740FF000000058601003E2E0400612E0400C2
S2140457500200FF003B3C03008A2E040053E60300CD
S214045760FF000000E1850100AC2E0400CA2E0400F0
S21404577002FF0000B9850100DF2E0400CA2E0400D3
S21404578002FF00000100000028470020000000007F
S21404579000000000FFFF00003915030000000000B1
S2140457A003000000FFFF01001716030000000000BE
S2140457B004000000FFFF0100A5160300000000001F
S2140457C004000000FFFF000029170300000000008B
S2140457D006000000FFFF00009B1703000000000007
S2140457E019000000FFFF010031180300E5FE030066
S2140457F038620020000000000000000000000000E6
S21404580000000000362F040070580400000000005A
S2140458103C2F04008839040000000000432F0400D5
S214045820583B0400000000007CFC0300483B0400D6
S214045830000000004C2F0400383B04000000000069
S2140458405E2F0400283B0400000000006D2F0400B7
S214045850183B0400000000007E2F0400083B0400F0
S214045860000000000000000000000000000000002F
S21404587080580400902F040053E60300FE00000046
S214045880AB2F04009858040000000000000000003D
S21404589000000000000000004D400300B02F04008C
S2140458A053E60300FF03010001013F040201003F29
S2140458B0040202003D040202003D0401020001024B
S2140458C00003010002023D0402010002020201007C
S2140458D0020200000020202020202020202028284B
S2140458E02828282020202020202020202020202097
S2140458F020202020208810101010101010101010D7
S2140459001010101010040404040404040404041006
S2140459101010101010104141414141410101010194
S214045920010101010101010101010101010101015E
S214045930101010101010424242424242020202026A
S214045940020202020202020202020202020202022E
S21404595010101010200000000000000000000000DE
S214045960000000000000000000000000000000002E
S214045970000000000000000000000000000000001E
S214045980000000000000000000000000000000000E
S21404599000000000000000000000000000000000FE
S2140459A000000000000000000000000000000000EE
S2140459B000000000000000000000000000000000DE
S2140459C000000000000000000000000000000000CE
S2140459D0000000000000000000000000A00100001D
S2140459E08013002000021000C44B00202015002065
S2140459F00000020800000000FFFFFFFFFFFFFFFF9C
S214045A00FFFFFFFF00000000000000000000000091
S214045A10000000000000000000000000200000005D
S214045A2051B201001000000031B301000000000173
S214045A30000001010001010120C001B800000000BF
S214045A4000000000FFFFFFFFFFFFFFFFFFFFFFFF59
S214045A50FFFFFFFFFFFFFFFFFFFFFFFFFFFFFFFF4D
S214045A60FFFFFFFF000102020303040506080C0CF7
S214045A700C00010203040707C8C8C8C8C8C8C8C8B9
S214045A80C8C8C8C8030404080808080800B801B849
S214045A9002B800B0787604006076040003040408B4
S214045AA008050000000000000000000000000000E0
S214045AB000000000EA06000048704C0F44700E0E0A
S214045AC030707E1302989A173870340F34705A0F59
S214045AD0307048102C7048102870D0112470E811CB
S214045AE020703E0F1C70901218700C1314703A0F2E
S214045AF0B110086001D80A7104B87F78020C7E7869
S214045B00641000C6881F00A01DB8707803B0186023
S214045B100F3027B30F330111C04806987C0229B012
S214045B20086001D8087109DD047109BB11101660FC
S214045B30A048086004100112FF3221500860D048C3
S214045B40086000880698381400C4441F00A000BAF1
S214045B5003DF107109DF0672029836031DB8507809
S214045B6000A04413281441158110086002D814714B
S214045B7010880698201900C014C000B80698861B22
S214045B800091069892020160B83020D806711EBCB7
S214045B90637C784D5412F03240DE0472404804DBD5
S214045BA008720DDD0C72044BEF3014480698F204AC
S214045BB000C4E04000544412086201322140087CCC
S214045BC0811140D91C72B1123032CF4A013AB1DA8F
S214045BD0107208D8067104D80871804C237C56705D
S214045BE0684C441200C4A41E00A04414413AF32492
S214045BF00164415C412A047580B800C460400054C6
S214045C0081D8367140D90472237C084B0698F20476
S214045C1004BA1CB9767900C1204001B835797F21D1
S214045C206121007906B906A901D806710298100206
S214045C30804C307C0298640208D86A7100C15440D3
S214045C4000B8141110D95E71584C441280BDA26D70
S214045C50FF25784C4412FC22513A2814104C00C2FA
S214045C600CC101B8241228140862281408622814E7
S214045C7008622814304C304C00C11C4000B8141183
S214045C801814086100C5284001B85415FF3504717E
S214045C9010491814B04C4412086201320671029876
S214045CA00401804C08D80C7107BA24D8047106BACB
S214045CB0187004D80C7101BA40D80E7102BA0A7072
S214045CC005BA20D8047203BA204C4411C04C1814E8
S214045CD0086118149111383111429111186110D9C4
S214045CE00472EF3200C1084001B8141110311E616D
S214045CF011422814A1110861181406986C1B181474
S214045D0000C1084001B814111861FF31181400C10D
S214045D10448001B814111814086118143088024815
S214045D2006989403009308DB047101F800A027B0DA
S214045D300F3000A01088B111186180D90A7100C113
S214045D40884000B80811009100A000C4684000B85C
S214045D50441000A000C08840005004118261041062
S214045D6082601050F07200A05415504512710698C7
S214045D7002050698920407B8707802B841781EBAED
S214045D805B7A5C7A5D7A00C220C001B82412069859
S214045D902A1900C5481F00A05415511400C3FF015A
S214045DA00000313D09647F3406989C02015851284E
S214045DB00475015841280E758111086102D90472D0
S214045DC0FF0FCC7007B8727800F8EBBD00C0441F14
S214045DD000A00411113D10D91271FF33186300C1DD
S214045DE0781002B8381107B97479581000A00698CC
S214045DF092020D300472044809DC0472084800C19B
S214045E001CC101B8141100C3D01E00A0911504359E
S214045E101A7218131CBB08D804716C7B04D804715E
S214045E206A7B1DBB2F7C5B7B1670044B18131CBB54
S214045E3008D804716F7B04D804716D7B217C0C3008
S214045E40026006987E040698C40B00B8B111186167
S214045E5040D906720298580401BC00C2084001B832
S214045E6000DC0A7124150265604A0A702C4A24155F
S214045E7008654C4A043508D90471202400C13C1F27
S214045E8000A0141200DC327120D8067101B80C7020
S214045E90F0DA0C720CDB087102B806988604482403
S214045EA000C3384101B834138F7B0E7102B99113C5
S214045EB008DB047203B928707C4914111110FD30F4
S214045EC00DDC1C7200C0A01E00A0041080D8107147
S214045ED000C0448001B80410E5200475804900C35E
S214045EE0884000B8FFB80120114108710141181319
S214045EF00824014200C1284000B8141101411C6561
S214045F005141911520351E65514118132813481325
S214045F1000C3844000B8341003D81671073005DC7B
S214045F201071B1108F780A7200C384C40350217BA9
S214045F301DB8507800B800C13C1F00A014121C60A5
S214045F402150F0300152281100A04024076400C0FC
S214045F50FFFF0100013C17B00220015840280675D7
S214045F6018AC01EC00A0208800C020C001B80412C0
S214045F7017B4211304123052F8711964402400C374
S214045F805C1F00A0341014110698F60D19610092D7
S214045F9011592129067600BB11590698D60D876239
S214045FA0313B0472215A412A00A000C2686000B83E
S214045FB0B8B91F610D49181200A0308801B91161E3
S214045FC000C30000C0FF3110312800BC002D0C7542
S214045FD0115418AC01EC312DF47019645113415569
S214045FE0312C009300A000C3C00FFEFF50B2313A1C
S214045FF0014250AA00A006983E07FFB086780871B2
S2140460005CB86B786E7800C2548001B800C0D81FA4
S21404601000A004100812B822217A237A52B84178D4
S21404602001B80C6021A809B819604CA800C0FFD1BB
S214046030C1FF4FB2013A00C0002E300001424FAA01
S21404604024B86E78ACB9FFB004D804714CB923A94F
S2140460500698A80500C01390010006982E0500A017
S2140460600698020519B81460FFB28C620F32826A71
S214046070214006982E0549BC21B952B849B207DE1C
S2140460802A7105DE0871627C607C1D0C6179677874
S21404609064786B786278657863786078617C010CE4
S2140460A0010C6878020C69786C78020C00C22C80AB
S2140460B001B8277A287A267A6A78050C41790A0C78
S2140460C0B11040D806710298BA06784A2B7A327A0A
S2140460D0584A247A00C400011100404A00C01084C3
S2140460E000000812508800C584100100FBAD10BDE6
S2140460F001BB8A6B21B9FAA9C44A1812217A227AFA
S21404610000C0341F00A00410FCA882644110303084
S2140461100129F9A9F8ADFBB08260FBA80330A0659D
S2140461202110044820EC237A0410037A184A241118
S214046130DC4A01580029241004753150F8B1115076
S21404614081632A71514031400812FCB18461FCA974
S2140461500F310E7117B0112817B111591028FA769D
S214046160C44AF9B11812217A227AA070009508124E
S214046170F8A800C20C8001B8207A844A00B8081235
S214046180020CA44A087A020C21B84178784A0B7AA1
S214046190127A00C2C81F00A0FFB008D80472184ABA
S2140461A0241000DC0A7140A80422241041A8069892
S2140461B09C0200C2481F00A02410015100C4FF0125
S2140461C0000041391150081200A006983E0700BC92
S2140461D000C20C8001B8217A52B84978020C48787B
S2140461E0020C49B8417852AC21AC204A087A067AA7
S2140461F0077A49AC00A059B840785AB101D9FC7264
S214046200427857B8407858B101D9FC72427800A059
S21404621000C20C8001B8217A227A21B8547852B888
S214046220BC4A24119979127107B915614CA9617891
S21404623000BB03BC0C64147009B919614CA94178FD
S21404624001BB126300C4002E300000C0FFD1C1FFA2
S2140462504FB1013941414FA9E44AC8B8081224ABEA
S2140462604CB823A80698A80500C004900100FFB106
S21404627086790471084806982E0500C080090040F7
S21404628040A809B8FFB108D9047103B853A8B110DF
S21404629004D80C7156BB607B57BA627A607A02D80F
S2140462A00C7156BB607B59BA627A607A04B86E7811
S2140462B03DB8607800C05638000000C1B08001B810
S2140462C014119979087200C0D604000000C124C0D5
S2140462D000B814119F79047208484CA82EB8FFB170
S2140462E008D906714AA804704BA80FB834A800C091
S2140462F00C5E000046B2014246AA00C12C4001B81A
S214046300141108610631087100B9069850110698F0
S2140463103E14B11101D90E710698921B02D9067269
S2140463200698A00C069838145114069892040698F9
S2140463302A110698641700A006984E1701D80A7109
S2140463401CB85B7807B8757800B84CA84AA84BA860
S21404635000C0F321FFFF46B1013946A904B86F789F
S21404636000A0FABC1964415C512C00C0581F00A060
S2140463700410012C0675069892040698780FB1103E
S214046380186005D8327140BA06980E1404B86578B9
S214046390911004D816711CB86E7800C0684000B816
S2140463A021780698781101400A721DB8427806983A
S2140463B04A1402985E0B1DB8717804B86C7841B81C
S2140463C0427863784478FFB104D906720298CA0901
S2140463D000C004900100FFB186790471084806984D
S2140463E02E0500C32C1F00A000C274C000B82414DD
S2140463F0481300BC48121C4B1C4A2414481300BC07
S2140464004812084B584A2414481301BC48124ABA86
S214046410447A427A4BBA447A427AFFB08678047257
S214046420617A4CBA647A657A3DBA607A4DB942B8F4
S2140464303FBB5B7966796179020C6479050C6379F4
S2140464406079050C627965795A7900C2340102B81C
S214046450241305B819603140081242B86A78020C51
S2140464604A78020C40BCFFB208DA06714ABA0670D3
S2140464704BBA627A657A677A667A6A79667B029834
S214046480A40A00C32C1F00A000C274C000B82414C1
S21404649048131C4B1C4A241448133FBC48121C4A7D
S2140464A000BC4812084B444A2414481301BC481242
S2140464B04ABA647A627A4BBA647A627AFFB3867BA3
S2140464C00472617A4CBA647A657A3DBA607A01D904
S2140464D04E71647800C1708001B800C08000080066
S2140464E008110698860B42B861784DB97F797E7993
S2140464F06A7868786278020C7B790F0C7A79140CC7
S2140465007479417860787579050CFFB208DA0671FB
S2140465104AB804704BB8657801BC1664407002D95A
S2140465203C710698860B42B84DB968784078417835
S2140465307F797E797B790F0C7A79140CFFB208DAAE
S214046540087171794ABA067070794BBA7279657AAD
S2140465506A78020C4A78050C01BC1664020C417970
S21404656040790C0C00C04C0102B848100698F2049E
S21404657000C4784000B8007C00C0A01E00A004112F
S21404658080D93271911104D92C727F2021200411F4
S214046590FD310DDD207200C0448001B80411E521F0
S2140465A0147600C0244001B804118A790871207C4E
S2140465B0104C207C2AB86278511400C0581F00A0E2
S2140465C00410012C17B001118768015841280E7673
S2140465D005218769415C412D112D067006989204A9
S2140465E042B84DBB7C7B6478020C29B86878511499
S2140465F0404406750698920442B844782AB842780D
S214046600FFB101D90C7100C1548001B8CBB8081190
S214046610911004D8147100C0A01E00A0041080D8E5
S214046620067107B8537800F807B800C1CC1E00A05E
S21404663000C220C001B824122811777800F8B110DF
S2140466409478387106989C02E4B911591128067694
S21404665000B80C70A0B9115901290475A0B882605D
S21404666000C3C01F00A03413012B341000C3FFFF67
S21404667000FF42B13139114042A800A01DB0917804
S214046680FA7142B86478020C00BA29AA00C454808D
S21404669001B842B84DB900C3C04001B83413977B63
S2140466A0047240EC020C44785C7953AA0A0C281451
S2140466B042B84DB9FFB301DB2671244C00C3FF0F6B
S2140466C0FF0138145479407841785579020C5B7987
S2140466D05A79140C5F795E794A784278347002DB12
S2140466E01471527951795079020C5B795A795F7931
S2140466F05E791E7004DB1A7100C4FF07000000C335
S214046700342102B848133FBB467B020C5B795A79A6
S2140467103DBB407B4CBB447B457B00C3301F00A085
S2140467203414403C207100C068C000B848102813D8
S2140467301C4B1C48341448102813144B4448341477
S214046740481028134AAA4BAA04B86D781DB8517885
S2140467505CB84B784E7800A000C074C000B8041132
S214046760108800B9181068480411108801B90B6124
S21404677018102C4804111088008800C1231C00003F
S21404678018104AB864784BB86478260C28B000C150
S214046790FFFF0FF0113871B90B61114028A828B912
S2140467A07379747900C21010303045AA54790E0CEF
S2140467B000C0E84001B8041100C23030101045AAE9
S2140467C00E0C0410008810880698620D0091009044
S2140467D020888F618F600698620D0090886A214039
S2140467E00112906A035800C13F3F00001138FFBCF5
S2140467F0022441281138014245AA28B953794AB8D7
S21404680044784BB8447800900091181000912C48B6
S214046810181000916848181000A0916843609169A8
S2140468204361115B012B112841603128315B00BAAA
S214046830302806763128204A4163302806763128E7
S214046840104A4163302806763128084A41633028C6
S21404685006763128044A4163302806763128024AEF
S214046860416330280476014A00A0115910D90671F4
S2140468700860086008D90471086004D904710460CB
S21404688002D90471026001D90471016000A000BA43
S21404689001D806710148112A1F61016001D8F672F9
S2140468A00138F67200A000C220C001B824121159A3
S2140468B02129127300210E7100C238C001B82412B7
S2140468C00121212900A002B020D8147100C0B01EF6
S2140468D000A0041002B9457906987613EA7003B04E
S2140468E09F78087200B806A800F806983E0700C508
S2140468F0641F00A05088044D1CBC00C0B41E00A039
S214046900811101D91E71407C009501150C4D5088EB
S214046910044DFFBB1863315B04110698EE0D312954
S214046920F8750698681A54150698921B01D90872C9
S2140469300698580706700698F4071CBB547B0698FE
S2140469404E1701D8067202981A0FFFB901211038A3
S214046950F67281129B7AF07100C2448001B8241446
S21404696000C0C01E00A004100113002004104050F4
S2140469700C7200B90698280F18B90A7018B9069848
S214046980280F00B900B806981E0F704A08B8069873
S2140469901E0F00C2284000B814B806981E0F00C286
S2140469A0EC4001B80CB806981E0F202210B80698C2
S2140469B01E0F108830880698580700930091069892
S2140469C0280F00C0C41E00A00412FFB901212141F3
S2140469D01810009500F8312811280410081200A099
S2140469E004B831281128F8B1181000A006988008B9
S2140469F00E700698C40B06988008069872120698BD
S214046A0012079112211900C02C4001B80A7809789F
S214046A1000F810B901BA0698041406982A110698C4
S214046A20641700C5641F00A081109D78FC7200F8EE
S214046A30911203321CB900C3A01E00A0341300C474
S214046A40B04000541DB84278707903DE067144786D
S214046A503A707179A11020D806710298541080DB20
S214046A601C7102D8187205B80814A1101030024818
S214046A70081400B808149110086008141DB8627849
S214046A80A11000DC0676517900BA06984E1701D894
S214046A902272911120311D61911004D80E7200C12A
S214046AA0501F00A0141101D90A71208806985011AD
S214046AB0009200C1204000B801DB1871084C03DEC8
S214046AC00471904C441400C3FF1F0000413BFF2395
S214046AD03811944900C3384101B83413086380DB85
S214046AE00C7103BA186206983C100870186206986F
S214046AF03C100C490879097914102140081100A0AB
S214046B0000BD0698760210B903DC047100B901BA18
S214046B100698041402D9067100404E7203B1186137
S214046B200F3106987811FFD82872811008D818718A
S214046B3006DD0A710698760203DC0C720698BC1110
S214046B4006984A140C7006DD10710698C211487037
S214046B5020B804A806DD1072069880080698120766
S214046B6001F840B804A800F800C0A01E00A0041352
S214046B70086301DB227191100111186111381DB9E7
S214046B8010D8087144790298541002DBFA72A113E3
S214046B9028DBF47203BD06981E11069880081DBAF9
S214046BA07F7A0698F20400C5681F00A0069876024D
S214046BB000BA03DC1672044DA11002D804711C4DF1
S214046BC000C10CC101B80698AE045415212D0698D0
S214046BD03E050298AA089110015503355150011933
S214046BE000A000C14C1F00A0141001D84271014837
S214046BF00860FE200E75811020D8087100C1501F51
S214046C0000A0141101D9287100C02C4001B8041248
S214046C10215108610F3118611152281000C0084034
S214046C2001B804119112215120311152211900A0EA
S214046C30811380DB067201B800A000C314C001B83B
S214046C40341006302E726C4B34121C4B3410186001
S214046C5002302072811080D8DE713410014A086236
S214046C600460803021508C480A717F234D233410F1
S214046C70013000A000BD06981E111CB84778457860
S214046C80437802B8447800A0069880080698BC1199
S214046C9000C5741F00A0541506983E050298AA085D
S214046CA0B1138F7B0A7200C384C40350017B069819
S214046CB03E1400C1384101B814118F790E7100C119
S214046CC0B84000B800BA06983C1050BA06980E149D
S214046CD006987811FFD84A71911004D8487281102A
S214046CE008601CD8407220D938721112FF32215124
S214046CF0347180218021111400C0D81E00A0041312
S214046D00FFBA3151113A215111531DB938107B790C
S214046D1040440E7200B900C2AC1E00A018120670E1
S214046D2004B860780698381400F800B900C2A44085
S214046D3000541812644A0AB918121CBA507A517AC6
S214046D401DB942795F7900A00698760207DC1072B6
S214046D50911000200A75069872120298660F06981B
S214046D60120701B9911004D8047100B910BA069834
S214046D70041400BA0040347100C0A01E00A0041120
S214046D80086101D9127104D9E2728110086001D831
S214046D90DA711DB8647800C11CC101B80698AE0447
S214046DA001B81160002A047600BA00C5781F00A056
S214046DB05415212D069872120698580700C57C1F94
S214046DC000A000F800BC811108D9167280D9207280
S214046DD001B910BA0698041400400E7101BC107074
S214046DE00698BC1106984A1420B804A800F8069819
S214046DF0721281110231127100B900C2144000549B
S214046E001812244A02B918120698BC1100C5801F2D
S214046E1000A054150698F01A0298AA080411012135
S214046E2014711CBA737A0420041228110420041165
S214046E300121F47200A00698F20401F806984E1791
S214046E4001D81671FFB9012110380E7281109B7893
S214046E50087104B9677900F8911010D8287100C534
S214046E601CC101B854110698EE0D00C5C81E00A03A
S214046E7054155129EA7507B876781DB8447801B8D0
S214046E8004A800F8B110186010D82E7100C0504045
S214046E90005400C3084000B83114984C441134110F
S214046EA0086101D9FA714412281008622810086291
S214046EB0281008622810E8700298B0020698920219
S214046EC0113804721E6202BB00C1D81E00A0141141
S214046ED020390C72911210DA0672417B00A00698D3
S214046EE03E1400C2A01E00A0241220DA0472617BA5
S214046EF01CBA527A00A01CBA727A811204DAFC72A6
S214046F0000A01CB86B7800C0684000B82F7800A0BA
S214046F1006984E1701D83A7100C22C4001B82410C6
S214046F200360911120310151383111501D6008124F
S214046F301DB9457900C2448001B8241200C0C01EA1
S214046F4000A0041018200020041020500471657955
S214046F5010631EB9637900B902EC00CD114502EC4A
S214046F6000CC01DB087100BB0298D61803B84111A7
S214046F700731FA211C760621911210DA087102DD17
S214046F8010721E7020B80698B20D3038147208B805
S214046F9006987E0400C02C4000B82978207800F8B3
S214046FA0056020D8067102980C1602EC00CA05B8D3
S214046FB023DA187104DBDA7120DAD67110DAD272A9
S214046FC01EB8617800B801DA067202EC00C89111A6
S214046FD010D9267100C1B81E00A014111150FF303C
S214046FE00C720761A110115002300A7180DB0A721C
S214046FF00AB89E701DB97C79186091111140211150
S214047000C031114001191EB8411108D904716678BF
S21404701020D904726578A11002D80672C0DA1E71EF
S2140470201EB8273123DD087210DB1072607825DD68
S2140470300A7121DD087208DB0471627803B8411115
S21404704007310872A1152035AA7102DD2072A1113C
S21404705020D9A07102D91672CCDA9872411140D99F
S214047060927206B8054D5A720298AE142111404920
S214047070C0D94C71A03141154035026551410461B7
S214047080086308DA1E7204DA36721049A11502354E
S214047090067110DB0E7201340A7108DB22711EB809
S2140470A06778CC3211101A300ADC0872CCDE047110
S2140470B0FD3100C00D0F0C0D216001D85C7207B8BD
S2140470C00298D81400BA411108D90C7102EC00CA0F
S2140470D005B830DAEC720734F031036101DA047172
S2140470E0014900C0F300A3E3216001D8D27100C0B7
S2140470F09814406821604030014440DA0471204C02
S21404710004320262204A111006301F600142183110
S2140471101D6111420298F614204A00C00517085053
S2140471202160113001422088FFBB0DDA507100C186
S214047130DE1B250180BC04DA107208DA0A7200C16C
S21404714020841000E024A02408634143026401DA8A
S21404715006711E49024B00C0201F00A008633810A9
S214047160BC2002DA127101B91159A11380DB08712F
S21404717000C100FCFF0118100298621800C4A01E8B
S21404718000A0441080D87C710092D0DA06710DDA23
S2140471900C711EBD437DEFBD0698140304620DDA20
S2140471A08672A11105D95C7100C2404000542412B5
S2140471B01424281401D9067202D9327140D91E71DA
S2140471C002EC00CA211018320471FA2220D8047284
S2140471D00822FE22087502EC00C8F87001D90E7168
S2140471E002EC00C802D9067204DC187200C0A01EA5
S2140471F000A004101D6001D806711EB8647807B894
S21404720073780298D61800C0A01E00A00410803020
S2140472100A7100C0C41E00A0041000A006984E17F1
S21404722001D82E71911010D828728110A0D822721D
S21404723003B084781C7200C12C4001B814100DBA37
S214047240487A697A6B7A08111CB87B7807B875781F
S21404725000A0641000C6881F00A0C3B806987C026D
S21404726000C4441F00A014BA281400B8011AB110B0
S2140472708F780A7200C084C40350017891101030CD
S214047280011905BA06980E1402D9067101B804A8A5
S21404729000C0A01E00A004130698641180DB0671CB
S2140472A0029858141DBA7C7A01DB6A7100C2241F46
S2140472B000A024111114FF3402EC00C8FF24FA764F
S2140472C008610698C20D046111380F300461111468
S2140472D0011141100698C20D01D8087203B802982D
S2140472E0D8140C4A01DB2271241011281128041228
S2140472F002300471106200C0FFFF0000213800C293
S214047300204000B8FF200812411008600698C20DFD
S21404731001D87C7120BC1033767100BB00C1201FDD
S21404732000A01415C021112C511218620F320E71D0
S214047330408851140698FA1841430094511208657F
S2140473401C620F320E71411151140698FA181C640F
S21404735041430865513B00C1DC1E00A01411111204
S21404736031100F30127100BA056101D80471114250
S21404737001600FD8F472311003601E30047201B835
S214047380003A087204B80298D8140298C41600C0CA
S214047390384101B804118F7914717F2069200411D3
S2140473A00861303110DD06711DBA637A069812033F
S2140473B000F830885088FF34087102ECFF24F87017
S2140473C002EC00CD1410595001440421FF22F2723D
S2140473D00F4C0095009300A000C1A81E00A0141135
S2140473E000A030880698421B8111086102D90672F3
S2140473F00298061A1CBB557B086120D906710298B0
S214047400F6190088A110186006982019082114158A
S214047410FC251EBB5C7B5D7B00C1084001B81411D3
S2140474200731FE21307608D82A725113FC23341310
S21404743004DB20711863FF33315B00C110C000B851
S2140474401411086180490C71FF31302954751EBB34
S2140474507B7B10707B7B7C7B00DD04717D7B01BBBA
S2140474603815EC25541300DF5471042505DF5471D8
S2140474705415211120880698EE0D009251293E7568
S21404748000C1084001B8141102DB0C710731315BEE
S21404749031292A760C7004DF0872016180D91E72C5
S2140474A00698201900C010C000B80698861B0698D7
S2140474B020191411FFD9607202984C1A0090009398
S2140474C000A05415A111186110D9A672082508D871
S2140474D0A071082510D89A71208821110698EE0DFF
S2140474E0FC255412112AF82554110C2520D80871AD
S2140474F0F0255411102520290476215918150092D8
S2140475000298B81907B97179811010D80A711CB895
S214047510447802B841781CB9747904B9677900F8DC
S2140475208110A0D808711CB9497900A0086002D857
S214047530FA7106982019108806983E14106210DA1C
S214047540087108211415F025541100C20020FEFF0E
S214047550202912750698921B01D90A72069880088B
S2140475600698120700941CBB41100C20069864135E
S214047570411108211410069864133128441111127D
S2140475800861FF31FF32012210521072186118147C
S21404759004244413042438140C701861214118146C
S2140475A008240814029838144044147100C1AC1E10
S2140475B000A0141551131C630FDB0C721965069892
S2140475C00205411500A000C3784000B83413807B40
S2140475D006720698120706983E1408BB51140698BD
S2140475E0B01A4415FC25541500C3784000B834136B
S2140475F0807B047100A002983E051CB900C3A01E3F
S21404760000A03413086308DB1A718113A0DB06712B
S214047610497910706979086302DB087204B96779DE
S21404762000F800A08111086102D910711CB975799F
S214047630069820191411FF3100A0FFB900A0041009
S21404764008211411F421081100A0811110611031D1
S2140476500E710698201908211411F821141100A09F
S214047660B8780400000000009076040001000000D2
S2140476700000000000F04902B87804000000000092
S214047680B4760400010000000000000000F0490287
S214047690D87604004063598F404B4C000B000B0017
S2140476A01A00FF7FCC620020000000005A7B040012
S2140476B000000000C87704004063598F404B4C001C
S2140476C00B000B001A00FF7FCC62002000000000B5
S2140476D0587B040000000000FC1F0103B87A040075
S2140476E01CC0011000F807001CC00130140208007A
S2140476F050C00100874130042440060107006200A0
S2140477003870000000000000000000030068010F4D
S21404771040B8244058400101FC006900804005013F
S2140477202363E0119BC34A74F00300000380000047
S214047730BE0A0000E040010133000000F0400401EE
S214047740590B0000640483078813C83A90200A0083
S21404775028410101001E00003C410B0100148C006E
S214047760141A21282E343B42495043557698BA0CB5
S21404777028690000010000000721286414171A0075
S2140477802004C869A1203A093C42010129000000EE
S214047790A080020170780300D5C00000A880011103
S2140477A0F0010000A88001310542CB01AC80011134
S2140477B0F0010000AC80013105228D00B08001018B
S2140477C000030002FFFFFFFFFC1F0103087B040009
S2140477D01CC0011000F807001CC00130F5020800A8
S2140477E050C001008741300C2440060107C05200F7
S2140477F0000000000000000000000003000000007D
S21404780000000000584001016402FF0080400501AA
S2140478104B01A0089BC34A74F0030000000000005C
S21404782000000000E040010133000000F0400401C5
S21404783000000000640483078813C83A9C200A00EA
S21404784028410101031000003C410B010000000028
S214047850000000000000000000000000000000001F
S214047860000000000100000000000000000000000E
S21404787000000000000000003C420101000000007F
S214047880A080020170780300D5C00000A880011112
S214047890F0010000A88001310542CB01AC80011143
S2140478A0F0010000AC80013105228D00B08001019A
S2140478B000030002FFFFFFFF0C40020001801400DB
S2140478C07F4000002040020000000000000000008E
S2140478D03040070000000000000000000000000028
S2140478E0000000000000000000000000A0070000E8
S2140478F050400100000000005C4002000000000050
S21404790000000000A840010007000000B440040086
S21404791000400000FF4C000000410000FF4D000046
S21404792008C001000000000020C00110FF00000095
S21404793020C001300043000024C00400EC80B303E0
S2140479404375A802000000002E02000054C0030085
S2140479500E2D09E654060708D1B6020064C00800D6
S2140479600430000040201006C8F248181FE8F6004D
S214047970BD4B721511A3180510325476980A0000F0
S21404798088C0010000000000080001010407000090
S2140479901800010100000000200001010884000016
S2140479A01C4002011000000020F913045C4005018D
S2140479B04108000001000000B0070800A70000000E
S2140479C000000000944007010101103050707F7FD2
S2140479D0000000000000000000000000000000009E
S2140479E000000000E440010100000000EC4001013A
S2140479F07DA8D98B0041020100612000B7563512DC
S214047A000C410301F95412002030042988BB4000BD
S214047A102441010100000000304103016406660CA5
S214047A200C010000E853FA0068410301640483076C
S214047A3088138200000000003042030100000000AA
S214047A400000000E00000000444201010000000097
S214047A501080010103000000388002011149100063
S214047A600100000088800101000000009C800101E4
S214047A70EB400200B48001013700000188000202D6
S214047A80000C00044C0000009400010200040000F6
S214047A90D00002020E00000090029608E4000102E4
S214047AA03D094204F400010200000000180101022E
S214047AB060005102FFFFFFFF1200000066666600CA
S214047AC0000000006C7B04005C7B040000000000E7
S214047AD0001A9A00005A620280841E000420FE00E7
S214047AE011495002000000000000000000000000E1
S214047AF00000000000000000B1841E00000000002A
S214047B000000000000000000120000006666660028
S214047B10000000006C7B04005C7B0400000C00008A
S214047B20001A9A00005A620280841E000420000094
S214047B301149500200000000000000000000000090
S214047B400000000000000000B1841E0000000000D9
S214047B50000000000000000005040000E119000019
S214047B60E11900000000000000000000193F0106B3
S214047B70041001000001010600102700000900009F
S214047B80000000000000000095BB010045BB01009A
S214047B9051BB010041BC010007460300A14B030092
S214047BA0A54B0300A94B0300AD4B0300B14B0300E8
S214047BB00001030464EE01001000000024E101004B
S214047BC01A00000079EB01001100000075E40100C2
S214047BD01100000063E511000400000023E1110019
S214047BE00400000025E101000800000026E1010071
S214047BF00A00000027E10100020000000000000067
S214047C0000000000657D04005F7D040000000000A5
S214047C10667D040023400400000000001D400400AC
S214047C201F40040000000000214004003D7D0400C5
S214047C306B7D0400244004001E4004000000000085
S214047C4022400400587C04001B4004001C4004002E
S214047C50204004001A400400000203040508090A30
S214047C600B0001020304051D2000B40108020200F3
S214047C70AA00FFFFFFFFFFFFFFFFFFFF0F690300E0
S214047C80AD1802002944020079E1020039470200D7
S214047C907552030077520300795203007B520300A7
S214047CA039A80200D580020019C2020025DB0200B2
S214047CB0493502006F5203007583020071520300B7
S214047CC04D290200735203006F3B0300412E02004D
S214047CD0DF10030000000000001300000000000096
S214047CE000000000010000000187020002000000FE
S214047CF06D630300030000005986020004000000C0
S214047D00E762030005000000F98502000000000099
S214047D10000000000023001B2200FF0000000000FB
S214047D200C090202000000001C1A0B0303FF0608DD
S214047D300402020204020A0B030302030480FF0285
S214047D4004FF010101010800000000000000005AC1
S214047D506967426565416C6C69616E63653039803C
S210047D60008F8E8C80808006080C10803B
S20C047D6C70CFFB7F010000004C
S210047D74807D0400C85E0020C4010000EE
S214047D800000000000000000FFFF000001000000EB
S214047D9000000000000000000000000000000000DA
S214047DA000000000000000000000000000000000CA
S214047DB000000000000000000000000000000000BA
S214047DC000000000000000000000000000000000AA
S214047DD0000000000000000000000000000000009A
S214047DE0000000000000000000000000000000008A
S214047DF0000000000000000000000000000000007A
S214047E000000000000000000000000000000000069
S214047E100000000000000000000000000000000059
S214047E200000000000000000000000000000000049
S214047E300000000000000000000000000000000039
S214047E400000000000000000000000000000000029
S214047E500000000000000000000000000000000019
S214047E600000000000000000000000000000000009
S214047E7000000000000000000000000000010000F8
S214047E800000F00108000000081000200100230193
S214047E90040000001010002006003001010000005D
S214047EA014100020FFFFFFFFC0EA2101C0EA2101F1
S214047EB00080000000F049020460002000600B000F
S214047EC00080000018300020C8000000FE000000FB
S214047ED0000000005C31040018100020FFFFFFFFC4
S214047EE00C3504003300000009E2000033000000F3
S214047EF023150300CEAD0300D2AD0300DFAD0300AF
S214047F00ECAD0300F9AD030006AE030019AE0300A2
S214047F102BAE030038AE030045AE030052AE03009A
S214047F2067AE03007AAE03008CAE0300A1AE030076
S214047F30B0AE0300C1AE0300D0AE0300E0AE030053
S214047F40ECAE0300F9AE030009AF03001BAF030059
S214047F502AAF030039AF030042AF030057AF030054
S214047F606CAF030081AF0300A1AF0300AFAF030003
S214047F70CEAF0300E9AF0300FCAF030009B0030073
S214047F801EB003002DB003003CB003004EB0030047
S214047F9060B0030073B0030086B003009CB0030017
S214047FA0000000000F000000D3B20300EAB2030092
S214047FB0FF000000000000000000000000000000B9
S214047FC000000000000000000000000000000000A8
S214047FD00030E70400C8180347BB03004CBB03008B
S214047FE079BB0300A4BB0300D2BB030000BC0300A0
S214047FF02FBC03005CBC03008CBC0300BCBC0300A9
S2140480000CBD0300FFFFFFFF00F80300FFFFFFFFA8
S2140480100000040000000400005C260568610020DF
S214048020060000008C570400000000000100190040
S21404803001000000003C00200100190001000000BF
S214048040003C00200100190001000000003C002054
S2140480500100190001000000003C00200100190086
S21404806001000000003C002001001900010000008F
S214048070003C00200100190001000000003C002024
S2140480800100190001000000003C00200100190056
S21404809001000000003C002001001900010000005F
S2140480A0003C00200100190001000000003C0020F4
S2140480B00100190001000000003C00200C400020D4
S2140480C0000000000000000088400400284700204C
S2140480D01C620020E84900201E2F04000600000051
S2140480E0000000000000000000000000EC57040040
S2140480F004580400292F040053E60300FE00000081
S2140481004C62002000000000F8490020604A00206D
S214048110C84A002000000000000000000000000024
S2140481200000000000000000000000000000000046
S2140481300000000000000000000000000000000036
S2140481400000000000000000000000000000000026
S21404815099410300D8590400FFFFFFFFDD440300E4
S214048160D9440300FFFFFFFFE1440300FFFFFFFFC6
S214048170C1E60100FFFFFFFFFFFFFFFFFFFFFFFF5A
S214048180FFFFFFFFFFFFFFFFFFFFFFFF00000000F2
S21404819020A1070000000000498203000000000040
S2140481A000000000000000000000000000000000C6
S2140481B0000000000000000000000000085000203E
S2140481C0BD0E02003128020053E603000000000042
S2140481D0000000000000000000000000085000201E
S2140481E0551502000000000053E6030000000000DE
S2140481F000000000000000000000000008500020FE
S2140482007D1F02003128020053E603000000000030
S214048210000000000000000000000000163004000B
S21404822008500020D53902000000000053E6030081
S2140482300000000000000000000000000000000035
S21404824008500020D94202000000000053E6030054
S2140482500000000000000000000000000000000015
S21404826008500020355302000000000053E60300C7
S21404827000000000000000000000000000000000F5
S214048280B80B00000850002015570200000000003C
S21404829053E6030000000000000000000000000099
S2140482A00000000008500020F55F020000000000F7
S2140482B053E6030000000000000000000000000079
S2140482C00000000008500020656102000000000065
S2140482D053E6030000000000000000000000000059
S2140482E00000000008500020A95803000000000009
S2140482F053E6030000000000000000000000000039
S2140483000000000008500020AD64020000000000D9
S21404831053E6030000000000000000000000000018
S2140483200000000008500020516902000000000010
S21404833053E60300000000000000000000000000F8
S21404834000000000085000207165030000000000D3
S21404835053E60300000000000000000000000000D8
S2140483600000000008500020C9C102000000000000
S21404837053E60300000000000000000000000000B8
S21404838000000000B96A03000850002095DB0200D4
S2140483903128020053E6030000000000000000003D
S2140483A000000000000000000850002005E2020063
S2140483B00000000053E60300000000000000000078
S2140483C00000000000000000FFFFCEFAEFBEFFFF33
S2140483D0FDFFFDFF0C002C01001E2C014006800052
S2140483E0FFFF04F8FFFF0C00000000000000400040
S2140483F0FDFF2C019C000000FFFFFDFFFFFFFFFFB9
S21404840060EA8000800010C1CDAB013201FFFFFF9F
S214048410FFFFFFFFFFFFFFFFFFFFFFFFFFFFFFFF63
S214048420FFFFFFFFFFFFFFFFFFFFFFFFFF01FF054B
S214048430FFFFFF0101FFFF0201FFFF640250FF0F71
S2140484400208031E050216010A0C05200705100182
S214048450010F080101010104FF030101FF0C01FFE4
S214048460405AB47F0150403000FFFFFF0B03FF0566
S2140484700B01030105020201FFFFFFFFFFFFFFFFE1
S214048480010102FFFFFF0100BD4C0000954C0000F7
S80400703556
