S01B00006275696C642F72656C656173652F7A69676265652E73333714
S214006000081000204D9100005DD400008159030067
S2140060108159030065D400006DD400008159030047
S21400602081590300815903008159030081590300F7
S21400603071D40000309B040081590300815903008D
S2140060408159030081590300815903001D8C00000B
S21400605081590300815903008159030081590300C7
S21400606081590300815903008159030081590300B7
S214006070DDD90000815903008159030081590300CE
S2140060808159030081590300815903008159030097
S2140060908159030081590300815903008159030087
S2140060A08159030019950000F994000081590300F6
S2140060B081590300B5180200815903001923020014
S2140060C07BB1030077B10300F51A020091B103001B
S2140060D07FB10300E922020083B1030059230200C6
S2140060E0C5290200C1060200C5230200815903002B
S2140060F08159030081590300815903008159030027
S2140061008159030081590300815903008159030016
S2140061108159030081590300815903008159030006
S21400612081590300815903008159030081590300F6
S21400613081590300815903008159030081590300E6
S21400614082B030BF074BD3F8F030DB0704D500230E
S2140061500193019B052B01DD02B07047019B0133C3
S214006160F6E700BF00ED00E0F0B5114A114C124E04
S21400617000F00105E3695F0713D40DB9334213D16C
S21400618003EA00078F4207D10B4A1A40002A14BFC1
S2140061906FF001000020F0BD013AEBD16FF0020075
S2140061A0F9E74FF0FF30F6E76FF00100F3E700BFC6
S2140061B08096980000000350020001000B4B70B55B
S2140061C0D96911F480310DD101244FF48072084E44
S2140061D0084DF46020462C641A61FFF7C5FF34644E
S2140061E0EC6070BD6FF00100FBE700BF00000350DD
S2140061F000100350002003504FF4003238B50F4B08
S2140062000F4C9A6641F671330122E569E3630D4B44
S2140062100021DA60022360612120236105F48035C5
S214006220FFF7A2FF10B92120FFF79EFF0122064BC1
S214006230DA600DB10023E36338BD00BF0090005064
S21400624000000350001003500020035070B5134C9C
S2140062506061E3695B071ED40E4656F8043B8D1852
S214006260A361AE420BD10423002121202361FFF756
S2140062707BFF58B9BDE870402120FFF775BF0821A5
S2140062800846FFF771FF10B10423236170BD56F86E
S214006290043BA361E5E74FF0FF30F7E7000003504B
S2140062A02DE9F84315464FF40032184B89469A6696
S2140062B041F6713203F51C33DF69DA6301220646C4
S2140062C003F58053DFF84C8007F48037DA6055B961
S2140062D0284601220E4BDA601FB10022A3F50053B8
S2140062E0DA63BDE8F88306F5005404EA0804A41B44
S2140062F0AC4228BF2C46494622463046FFF7A6FF4A
S2140063000028E6D12644A1442D1BE0E7009000506B
S20C0063100020035000E0FFFF2F
S2140063182DE9F04F4FF0FD0BC9B09A460DF11B0959
S2140063289DF8503108AFCDF80C90CDF808B001971D
S214006338059303890446009383790E469046418860
S2140063488288407810F0F6FF054650B10090A38882
S214006358002062883A4911F031FB284649B0BDE86A
S214006368F08F99F8000032F0DCF938B12846A38897
S2140063786288344911F022FB8D25EEE75A463946E5
S21400638899F8000032F075F98346002851D0529BE0
S2140063981BB1BDF84C3198424BD8002399F80090B1
S2140063A80793A9F14102012A5FFA8BF123D83846F0
S2140063B80139254ADFF898C05FFA81FE734513DB7A
S2140063C8059B04210792C3B907AF18221F489FED03
S2140063D81A7B02FB060420460A460830394684ED36
S2140063E8027B16F06DF911E010F8011F01335140D9
S2140063F80CFB01F2E2E7059B33B123464A463846D2
S21400640800960EF0BFFEA8E70829DED9B8F1000FFF
S21400641801D088F80090BAF1000F01D0AAF800B0B1
S214006428529B002B99D05A46184608A916F048F9E8
S21400643893E7012591E700BF000000000000000078
S214006448ED44040022450400C59D1C8180100020F0
S21400645893010001000000002DE9F04F93B0CDE94C
S2140064680A32DDE91C530E9353EC102BCDE90801D4
S214006478104619468DED060B1E9E15F0ABFB80B137
S214006488DDE906014FF0FF32C54B15F0CBFB40B9EE
S214006498DDE906014FF0FF326FF4801315F0A4FB18
S2140064A870B1DDE908019DED060B0E9B1E96CDE941
S2140064B81C53DDE90A3213B0BDE8F04F00F088B986
S2140064C80022DDE90601002315F08EFB002800F007
S2140064D83381DDE906A303F1004BCBF30A5016F42B
S2140064E88063A0F2FF3008BF06250F9315F0A0F8CA
S2140064F89BA3D3E9002315F005F99BA3D3E9002352
S21400650814F04AFFCBF31304894644F07F518046C3
S2140065180022A44B504641F4401114F03BFF94A3CC
S214006528D3E9002315F0EEF802460B4640464946E6
S21400653814F032FF15F080FB044615F079F88EA3A8
S214006548D3E900238046894615F0DCF80022964BEE
S21400655814F022FF15F070FB89A3D3E90023074641
S2140065684946404615F0CEF880463846894615F026
S2140065785FF885A3D3E9002315F0C4F802460B4656
S2140065884046494614F006FF02460B46CDE90C2362
S21400659815F0B8F8DDE90C238046894610461946FA
S2140065A814F0FAFE0022CDE91001804B4046494619
S2140065B815F0D2F900227E4B14F0EEFE02460B468A
S2140065C84046494615F0C8F900227A4B14F0E4FE16
S2140065D802460B464046494615F0BEF9DDE90C234F
S2140065E88046894600204FF0804114F0D3FE0246CC
S2140065F80B464046494614F0CFFE02460B46DDE9F8
S214006608100115F0A9F907F2FF3700226A4B14F0BB
S214006618C3FE00223B0515F075F852465B468046D9
S214006628894615F0FFFA002840F08980CDE90C89E4
S21400663804F16303C62B8CBF0527042731051BD539
S21400664853A3D3E900235046594615F0E1FA00282B
S2140066587FD051A3D3E900235046594615F0C4FA13
S214006668002876D00027A542C6BF2C1B04F1FF35AC
S21400667800253C4646F480660E9B9F422CBF4FF092
S2140066880008A3EB070816F0020903D0002F18BF6E
S2140066984FF000083CB1DDE90C235046594615F08A
S2140066A85BF982468B46DDE906010022002315F0D9
S2140066B89BFA10B10BF100439B46DDE9080126F46E
S2140066C80063CDE90183DDE90A324BEC10AB009597
S2140066D800F07EF802465FB3DDE9091316F0200FD6
S2140066E800F10105089E0CBF65204520B047DDE98E
S2140066F808010523002205930A23002CCDE902325F
S21400670807F1FF374FEAD473B8BF64422A460193AD
S21400671804970A9B009433F074FF0246B9F1000F01
S21400672806D00B9BC41A0B9B1A190E9BA34245D87E
S214006738104613B0BDE8F08FDDE906ABCDE60022C3
S214006748404649461A4B15F007F9013CCDE90C01BD
S2140067586EE7002D90D00F9B002B8DD0013D8BE768
S214006768FB799F501344D33FB3C8608B288AC63F33
S21400677861436F63A787D23F71A379094F930A4095
S2140067881655B5BBB16B0240EF39FAFE422EE63F0E
S2140067982D431CEBE2361A3F0000000080842E4191
S2140067A8FFFFEF7F0000F83F0000E03F00002C40AE
S2140067B800002440000018400000F03F2020DDE9DB
S2140067C80913089DA8470134ADE700BF0000000084
S2140067D82DE9F04F5BEC10AB97B0CDE90501DDE98C
S2140067E82058CDE90723504652465B465946229F15
S2140067F815F0F0F970B90323CDE902870193AA4B87
S2140068080093DDE90501DDE9072333F02CFE17B018
S214006818BDE8F08F4FF0FF326FF4801350465946AC
S21400682815F0E2F928B10423CDE9028701939F4BBE
S214006838E6E74FF0FF32504659469D4B15F0F2F901
S21400684868B19C4A07F00403002B08BF03229A4B42
S2140068581CBF13460422CDE902870192D0E75046B2
S2140068688DA3D3E90023594615F0DCF938B98CA373
S214006878D3E900235046594615F0B6F968B1DDE964
S2140068880723DDE905014BEC10ABCDE92187209500
S21400689817B0BDE8F04FFFF7DFBD002200235046D3
S2140068A8594615F0A1F9002800F091805B4652463B
S2140068B80020002114F06EFD012382468B460993C2
S2140068C817F4806400F08580092D40F28580002446
S2140068D830210EABA5F109020134202C03F8011B68
S2140068E8A5EB040901D09442F6D15946504615F056
S2140068F8A3F9724B054603EBC90393ED007B8DEDB8
S2140069080A7B14F095FE02460B465046594614F08C
S21400691841FDDDE90A2314F0F5FE02460B46CDE9F3
S2140069280C2315F0B1F9064614F072FE02460B4623
S214006938DDE90C0114F02EFD02460B46CDE90C23CA
S21400694800225F4B15F06EF9002848D00136304615
S21400695814F05EFE02460B46DDE90A0115F04EF914
S21400696808B100260135B9F1000F45D1284614F0C4
S2140069785FFE02460B465046594614F00BFD0022B1
S2140069884F4B15F031F910B9E90700D501350A2142
S2140069980EAB1A19202C0AD095FBF1F001FB105506
S2140069A8303502F8015B013405460028F2D107F0BD
S2140069B80302012A55D1B8F1000F52D0099A12B92C
S2140069C817F00C0F01D008F1FF38302240E009908C
S2140069D876E74FF0060988E7A946002485E70022EF
S2140069E8DDE90C01364B15F0FFF80028BBD10EB1D7
S2140069F8F007B8D50136B6E70A210EAB1A19202CCF
S214006A080DD0B6FBF1F001FB1063092E03F130033D
S214006A1809F1FF3904F1010402F8013B11D83021CD
S214006A28A1440EAA202CB2D04C4504F101030AD189
S214006A3804F158020DEB02042E2204F8202C1C4602
S214006A48A5E70646DBE7A1541C46EBE71A550134D2
S214006A58444506D2202CF9D1CDE9028701940EAB25
S214006A68CEE6202CF8D0099B3BB12D2204F1580322
S214006A786B4403F8202C0134EEE77A0704D504F1BA
S214006A8858032B226B44F4E73B07E5D504F158037B
S214006A9820226B44EDE700BF0000000065CDCD4125
S214006AA80000000065CDCDC1DC620400E062040091
S214006AB8FFFFEF7FD3620400D862040028AA040010
S214006AC80000E03F0000000070B58EB02C220021C8
S214006AD803A815F065FC64234FF002320893CDE94D
S214006AE805230B2301218DF834305B4B8DF81010ED
S214006AF81D880D4040F0A980084638F055F80A224F
S214006B08564B574C1A704FF42873ADF812304FF0A6
S214006B18FF332360534B54491B8820460B82534B44
S214006B28534A1B68CD828B61524B0D621B884B8281
S214006B38514B1B68CB611BF00DFD20B14FF41B7148
S214006B484E4839F001F90521206834F0B8FB20B129
S214006B5840F27D21494839F0F7F8206814F0D6FB52
S214006B68474B2068196833F024FF0C2538F084FC5E
S214006B786843099038F080FC68430DEB05010790E0
S214006B88206816F0A9F820B140F295213B4839F064
S214006B98DBF825681EF07AFA00220146284633F00C
S214006BA880FF20B140F29721344839F0CDF840F202
S214006BB80353344D344E2B80052396F90000AB70F2
S214006BC87F2801D11BF0AEFF3378EB7038F054FC09
S214006BD800EB80008000A88038F04EFC0023C00040
S214006BE84FF0FF31E880AB604FF0FF3018A3D3E9D1
S214006BF8002338F02BF92549206833F00BFF20686E
S214006C0802A934F003FC20B14FF434711B4839F064
S214006C189BF8042220680DEB020133F09FFE04283F
S214006C2804D040F2D721154839F08EF801A9012082
S214006C3833F06AFA06F052FC01201CF005FC2FF02F
S214006C4803FC1CF02BFC1BF005FF0EB070BD00BF4C
S214006C580A0020FF4203000052570020A85E0020CA
S214006C68844F00204CC304009865002054C30400D9
S214006C78D9EB03004AC3040050C304000B9A04006F
S214006C88E0620020784F0020A96800204DEC030041
S214006C980348044B834202D0034B03B1184770479E
S214006CA8DC680020DC68002000000000064B07496E
S214006CB8C91A891048BF0131491003D0044B0BB1DB
S214006CC801481847704700BFDC680020DC680020D1
S214006CD80000000010B5064C237843B9FFF7D8FF2C
S214006CE8044B13B10448AFF300800123237010BD92
S214006CF870160020000000008CFE040008B5044B47
S214006D081BB104490448AFF30080BDE80840CDE74E
S214006D1800000000741600208CFE0400A3F5803ADC
S214006D28704700BF154B002B08BF114B9D46FFF759
S214006D38F5FF00218B460F461148124A121A15F025
S214006D482FFB0C4B002B00D098470B4B002B00D08A
S214006D5898470020002104000D000B4815F066FE39
S214006D6815F0F6FA200029002EF01FFC15F04CFE50
S214006D7800000800000000000000000008100020C6
S214006D88081000200C5F00209DCA010007B50121ED
S214006D9820200DF1070200F079FE50B101212020D5
S214006DA80DF107028DF8071000F080FE03B05DF8BD
S214006DB804FB9DF807100129F8D00122084814F0B2
S214006DC8D1F901210DF1070220208DF8071000F0F7
S214006DD86DFE2EF06EFB4FF4FA6000F067FDE5E7F7
S214006DE8B001040038B500F0C9FF012805D000F04E
S214006DF8C5FF022801D000F0D9FF064D2B783BB915
S214006E0800F0BCFF0128044602D12EF0C5FB2C700A
S214006E1838BD00BF3E58002070B50C46088800F004
S214006E28B1FD94F844300546834214D004F11C069C
S214006E3830462EF04DFB84F844502EF04DFB3221A0
S214006E48A06430462EF03FFB94F844100248BDE894
S214006E58704014F087B970BDD801040010B5044618
S214006E68008800F08FFDA37884F84400834202BFB0
S214006E780123E3702371074B04F11C00C4E90734AF
S214006E8800F05AFE224620880349BDE8104000F06C
S214006E9891BD00BFD7520300216E000070B5C378BD
S214006EA804460D461646002B32D1C1B11F4814F0D1
S214006EB859F9E36CA6600BB1E06D9847E368F61ADB
S214006EC863699E4221D2217E19480131C9B22176D2
S214006ED814F048F9A36D13B1217EE06D9847E5706C
S214006EE82EF0FAFA0DB32379FBB9A268238A801A22
S214006EF883421AD201230F48237114F033F9236D05
S214006F089BB1E06DBDE87040184701232376E6E79D
S214006F180029E4D1084814F025F9636DE660257168
S214006F28002BDCD0E06D9847D9E770BDF50104006A
S214006F38060204003402040021020400F8B51E46C6
S214006F48838804460D4617460BB18680F8BD8178BF
S214006F5800882EF0DDF90123E370084BE5802781D1
S214006F68A680C4E903340C34204600F0E5FD294623
S214006F782046BDE8F8402EF0A6BA00BF235303000B
S214006F880122014B1A7070474C68002010B5017931
S214006F980446B1FA81F1008849092EF030FA2179C1
S214006FA86088B1FA81F149092EF029FA034B1A686C
S214006FB8A24204BF00221A6010BD00BFB41600200B
S214006FC8F8B54379044613B30088164F04F108054C
S214006FD83B6813B1144B1B78DBB1144E3378C3B13E
S214006FE821792EF00CFA124B3221A36028463C6019
S214006FF82EF069FA0C4B1B789BB94FF4FA710D48C2
S21400700833700D4B0360BDE8F8402EF05CBA40883C
S214007018DBE70A4814F0A6F8094B32212846A36095
S214007028F1E7F8BDB4160020405800204C68002050
S214007038956F00008C160020896F00004A02040035
S214007048C96F000038B5104D04462B7823B90F4891
S21400705800F072FD01232B7004F10800E46000F0D4
S2140070686BFD21792088B1FA81F149092EF0C7F91C
S214007078A37943B121796088B1FA81F1BDE8384037
S21400708849092EF0BCB938BD3F5800208C160020A0
S21400709810B50446E0B10F4814F064F80123637194
S2140070A8A37953B9217920882EF0A9F9236B7BB1EF
S2140070B8606B0121BDE8104018472046FFF766FFC1
S2140070C804F108002EF004FA2046FFF779FFEDE7F2
S2140070D810BD00BF8002040010B50446F8B1104881
S2140070E814F040F800236371A3796BB921792088DE
S2140070F8B1FA81F149092EF082F9236B7BB1606BF6
S2140071080021BDE8104018472046FFF73FFF04F16E
S21400711808002EF0DDF92046FFF752FFEDE710BD18
S2140071288B02040010B5044668B1074814F01AF834
S214007138637920461BB1BDE81040FFF7CDBFBDE818
S2140071481040FFF7A5BF10BD9702040010B50E4CFF
S2140071580E48214614F006F882210D4814F002F86D
S21400716882210220A21E00F0A1FC014630B134F8AC
S214007178022C0848BDE8104013F0F4BF0648BDE8E6
S214007188104013F0EFBF00BFD6500020A602040040
S214007198C1020400CC0204001003040038B5114CE8
S2140071A882212246022000F071FCA51C014688B107
S2140071B822880D4813F0D6FF2A460C4B03F12C0103
S2140071C853F8040B8B4242F8040BF9D11B78137062
S2140071D82C23238035F8021C054A0648BDE83840AB
S2140071E813F0C0BFD45000201B0304009B03040008
S2140071F8D65000207903040010B504460146084816
S21400720813F0B0FF012C074805D12EF0DEF8BDE8D4
S214007218104001F02BB8BDE810402EF0D8B800BFDB
S214007228C80304006C62002070B50024184D194E7F
S2140072383378A34217DC0024174D184E3378A34240
S21400724817DC0024164D174E3378A34217DC00F0DF
S21400725895FD0128144818D12EF0B7F8BDE87040FF
S214007268124800F09DBD2846FFF7F8FD013460354A
S214007278DEE728462EF08FF801343435DEE7284658
S214007288FFF7E0FE01343835DEE72EF0A0F8E5E734
S214007298CC1F002045580020AC210020465800206E
S2140072A89C1D0020445800206C62002001720000DB
S2140072B82DE9F04F85B0FFF771FFBA4B03A803938B
S2140072C82EF0ADF8054614F067FFB74CC2B21F2A79
S2140072D8627004D9B54813F045FF00F0DBFA29467A
S2140072E8A01C15F0EDF903A82EF099F8054614F041
S2140072F853FFC2B21F2A84F8212001D9AC48EAE716
S214007308294604F1220015F0DBF903A82EF087F8C9
S214007318002504462678002E6FD1DFF8D092DFF8D5
S214007328D0A2DFF8A882FFF77FFF99F800309AF816
S214007338002098F800109F4813F014FF9AF80030C1
S21400734898F800509C4F1D4499F800303C461D4460
S214007358EDB2012D38BF01253B464FF482714FF63A
S214007368FF720136B5421E7059809A8003F10C03ED
S214007378F7DC924B90498C48A36000F0C5FDE07995
S214007388A26800EB400002EB800000F0C9FBE2793F
S2140073988A4B0132E27100261C46DFF834B298F8B0
S2140073A80030B34200F3DB8100274FF00C0B844A11
S2140073B8814E9AF8000098F80010B84200F3E08171
S2140073C800274FF0700808440BFB0066DFF824A27D
S2140073D899F80030BB4200F3EF812946764800F062
S2140073E80DFC039B6F491A468B4240F0F4817548A2
S2140073F805B0BDE8F04F13F0B5BE532E0FD1637835
S2140074084C2B40F0F980A378502B40F0F5800122F1
S2140074186D4B1A7003A82EF002F804467AE729D8AE
S214007428412EF7D9423E102EF4D801A353F826F081
S214007438A9740000D97600001D7400001D740000B1
S2140074481D7400001D7400001D7400002F750000D8
S2140074581D7400001D740000E57400008F740000A1
S2140074681D7400001D7400001D7400001D740000CB
S2140074786D760000692ECDD1601C2DF0DDFF80B240
S2140074882EF013F8C6E7514B012019780023504A0E
S214007498994202F1A402BDDD02F8A20C0133F7E717
S2140074A8601C00F0DBFA0646E01C2DF0E7FF012121
S2140074B80246304600F020FA60224648464C0378DA
S2140074C85A43A118A6524FF4FA620A824FF4487239
S2140074D84A61424A0A65013303709BE7601C00F064
S2140074E8BDFA0022342780463D4E114600F004FAC5
S2140074F830783C4D07FB00F325F80380EA18E3785C
S2140075081046693B18BF012393702DF044FF33786B
S214007518354A03FB0755002115600125516015748F
S2140075282B44337076E7601C00F098FA0022114668
S214007538804600F0E1F93422294E2A4F307802FBC3
S21400754800F327F80380F918E3780846693B18BF64
S21400755801238B702DF01FFF194A00231146906BEC
S214007568B0B901EB83113423327802FB03738B63C3
S2140075785DB91D4A2B46114652F8040B70B93422E1
S214007588307800FB027241F8232033780133C8E7CD
S2140075980133042B02F14002E1D1E9E70133042B61
S2140075A8EAD1F2E7D65000208C610020E7030400F9
S2140075B8FE0304000E040400B8160020301700204E
S2140075C8001A00204B0404004058002043580020AE
S2140075D8001B002045580020CC1F00201154030033
S2140075E846580020AC2100206C620020415800203C
S2140075F842580020B0180020601C00F02FFA0746FA
S214007608E01C2DF03BFF01210246384600F074F9D5
S2140076186023754E754C3278A4205343E118E75220
S2140076284FF44873724F0B824B613B78DFF8E0C12A
S21400763858430CEB00010CF800304FF400704880FB
S21400764803200871887102EB420004EB40143220D4
S2140076580133DBB201324B718C6081F8A0003270C6
S2140076683B70D7E6601C00F0F9F900224FF03808A6
S2140076788146604F114600F03FF93B785E4E08FBA6
S21400768803F326F803904FF00109F21882F80490E5
S214007698E3786BB1E01C00F0E1F9002204461146DD
S2140076A800F02AF93B7808FB03635C8083F80690B1
S2140076B85248534A037899015354397802EB831495
S2140076C8C1EBC10206EBC20262634A1C3A7002E7CB
S2140076D8601C00F0C3F90746E01C00F0BFF9002262
S2140076E806461146384600F007F9002238241146A7
S2140076F8304600F001F93F483F4A03784FF0010E44
S21400770804FB03FC02EB0C0122F80C704FF0000C93
S21400771881F804E081F806C003EB0E01C9B24C43B9
S214007728171916539C1C04707024364E87F806C02A
S214007738307887F804E04443334FC3EBC303C1EB08
S214007748C10107EB040C02EBC303385502EBC10278
S2140077587044CCF80430CCF8082030705AE636B1BD
S21400776817F8053C03EB430304EB8304BC60394677
S214007778584600F0F9FF01360BF1A40B0C370EE65D
S2140077883944481E0BFB00600BFB0161C07901926F
S21400779800EB400004EB800410468C6000F0F6FD19
S2140077A898F80010194839440BFB016100F044FDB5
S2140077B8019A01374032FCE516F8053C314603EBE2
S2140077C8430304EB830408FB07A0B46000F0BAFC8C
S2140077D801370C36FCE513F8011D00297FF402AECC
S2140077E83B2102F8011CFDE545580020CC1F00206F
S2140077F843580020445800209C1D00204258002072
S214007808001A002041580020B0180020901D0020C3
S214007818001B002007B5022101200DF1060200F02A
S21400782835F938B9044813F09DFCBDF8060003B0D6
S2140078385DF804FB0020FAE76804040007B5022197
S214007848ADF806000DF10602012000F02FF90146FA
S21400785810B1034813F086FC03B05DF804FB00BFC4
S2140078688904040010B5FFF7D5FF0446014607480B
S21400787813F078FC0121064813F074FC24B9BDE81F
S21400788810400120FFF7DABF10BD00BFB90404009E
S214007898CB04040008B5044813F064FC00F016F99D
S2140078A82DF007FE2DF002FEE104040038B504466C
S2140078B8084D094B28462B6000F03EF9002C18BFEF
S2140078C821462846BDE8384008BF4FF496712DF08B
S2140078D8FABD00BFB02200205F54030010B5044C68
S2140078E8237823B9034838F0CCF90123237010BD58
S2140078F8485800202C9D040073B506460D461446CD
S214007908FFF7ECFF0E4A330AD35C8DF805608DF856
S21400791804307DB1012C04D0032C09D000220121AB
S21400792801E02246022101A801F0C4FC02B070BDA5
S2140079380022F7E704212A460DEB0100F4E700BF12
S214007948109B040007B5064A030AD35C8DF80500A9
S21400795801A88DF8043001F0E1FC03B05DF804FBE3
S214007968109B040007B5064A030AD35C8DF8050089
S21400797801A88DF8043001F0FDFC03B05DF804FBA7
S214007988109B040007B50A4A030AD35C8DF8050065
S2140079988DF8043000230DF1030101A88DF803309B
S2140079A801F014FD9DF8030003B05DF804FB00BF6A
S2140079B8109B04002DE9F043214C85B00646884606
S2140079C89146FFF78BFF23781BB901F057FC01237C
S2140079D823701C4A330AD35C30228DF80C300023FF
S2140079E8194F8DF80D6002FB03F4395DE51901BBEC
S2140079F801233B554FF0FF3304F110001349384478
S214007A08AB606E80C5F80480C5F80C9008F0A6FC3C
S214007A1804F10801042239440D4B009503A801F02F
S214007A2803FDA96802460B4813F09CFB05B0BDE8A9
S214007A38F0830133102BD6D1074813F093FBF5E7F4
S214007A4847580020109B0400D822002065540300E5
S214007A5877540300EE0404001C05040080B1027885
S214007A68A2F14103032B0BD840783038C0B208285F
S214007A7806D8054B134413F8413C40EA03207047E8
S214007A884FF6FF70704700BF109B040008B50B4602
S214007A9842B101460448006802F00EFEBDE8084000
S214007AA82DF0FDBC022008BDD862002008B50B46A4
S214007AB842B101460448006802F086FFBDE8084067
S214007AC82DF0EDBC022008BDD8620020F0B50026D7
S214007AD8124F8DB0FF2300930A223346386802A956
S214007AE82EF05BFAC0B102AB1D4603EB800404E03F
S214007AF855F8043BB34228BF5E1CAC423868E9D947
S214007B08296803F0E7F80028F2D02D28F0D00DB049
S214007B18BDE8F0402DF0C3BC0DB0F0BDD862002023
S214007B2828B1034B0360034B436000238360704710
S214007B381900000380620020FF2307B50021044ACD
S214007B480093083008F08EFB03B05DF804FB00BF16
S214007B58C95403000B4604490246086803490978D5
S214007B6808B12DF0C0BC7047E02500204A58002018
S214007B78F8B50C4618B122210E4838F0E5F8246806
S214007B8823685E795F8830463946FFF7E3FF08B911
S214007B988120F8BD8568002DFAD0A368E27C3946B6
S214007BA83046A84704460028F2D131F026FB204686
S214007BB8EFE700BF44050400F8B515460D4A04462D
S214007BC810680D4A0B46117850B122462DF08BFCF2
S214007BD8034628B100210C27C678B14201DB0020F5
S214007BE8F8BD07FB01F45A681019125BAA42F7D0D1
S214007BF80131F2E7E02500204A5800202DE9F74F2A
S214007C0804460D460026454B454F1860454B1970EF
S214007C1833010021F85C01360FF07AF90C2EF7D103
S214007C280C2D28BF0C254FF0000901953C4EDFF8B7
S214007C3800A13D4DDFF8FC80019B4B4502DC03B0FC
S214007C48BDE8F08F23784FF0000B3370638873809D
S214007C58A388B380A379C6F80880B371E379C8F817
S214007C68005088F804304FF00003A768A8F80630DC
S214007C78E3795B450ADC012116F8100B0FF048F98A
S214007C8808F1080809F101090C34D5E74FF000039C
S214007C9838886B812880FB784FF0000C2B81BA78E7
S214007CA8C5F804A0002A00920CBF802240222A733E
S214007CB879680AF10C02634513DC03EB43030AEB0D
S214007CC8830ABB6843B1009A4FF6FF71B2FA82F294
S214007CD8164B520931F021FA14350BF1010B0C370B
S214007CE8C6E7B1F800E00CF1010C22F80CEC91F8AC
S214007CF802E00C3202F816EC91F804E00C3102F8B7
S214007D0815EC11F809ECBEF1010F14BF4FF0100E78
S214007D184FF0110E02F814ECCDE700BFE025002066
S214007D28A03C00204A580020E42B0020797B000065
S214007D38E4250020642E0020014B1860704700BF21
S214007D48DC25002070B5128805460E46FFF734FF7E
S214007D58044670B102790499806814F073FB064BE8
S214007D681B680BB9002070BD314628462288984704
S214007D78F8E78620F7E700BFDC25002008B50EF0F8
S214007D8863F9022806D0012806D0044B187840006C
S214007D98C0B208BD0120FCE70220FAE749580020D7
S214007DA8014B1860704700BFD8250020034B1A788F
S214007DB81AB901221A700AF04DB9704749580020BE
S214007DC80022064B10B51A70054B1C682CB1FFF73D
S214007DD8D5FF2346BDE81040184710BD4958002077
S214007DE8D825002037B50446002832D00EF02CF9E6
S214007DF8022830D1608931F07DFDE079237A003899
S214007E0818BF0120012B637A08BF40F008000BB1A9
S214007E1840F0100063890BB140F00400257CA1886F
S214007E28A2790DB1E36873B90C4B0FF04DFC2178BD
S214007E3808460FF0C5FC31F067F8002814BF032089
S214007E48002003B030BDCDE90035054B0FF03CFCF3
S214007E58EDE70220F5E70120F3E700BF065204002D
S214007E680921040008B50CF053FA014630B104485D
S214007E7813F078F9BDE808400CF0EEBD08BD00BF69
S214007E88B6050400034B044A5B7C012103201370EB
S214007E98FFF70CBE6C6200204B58002010B5044655
S214007EA8FFF7F0FFB4F57F4F0BD100240A4B1A8872
S214007EB813449C70FFF74AF92046BDE81040FFF7C8
S214007EC8F5BC4FF601739C4204D1BDE81040034848
S214007ED82DF063BA10BD00BFD45000206C6200209D
S214007EE810B5074C012122460320FFF7CFFD28B91D
S214007EF82378044A003B18BF0123537410BD00BF03
S214007F084B5800206C6200200822F8B54C4B3224EF
S214007F181A7030229A705A7135229A713122DA71A3
S214007F2839225C70DC7036241A724FF400121C7109
S214007F38444C4264C464444C01220465434C85188E
S214007F488465434CC567C465424C434D4466434C00
S214007F58C0F880508466424C80F848200467414C3C
S214007F6880F854204467202480F8784080F88440BD
S214007F7800F12104C0F888403B4C80F86020C0F827
S214007F888C403A4C80F86C20C0F89440384C80F806
S214007F989020C0F8984080F89C20364CC0F8B8303E
S214007FA8354BC0F8A440C0F8BC300F24022380F834
S214007FB8A84080F8C030314C314BC0F8AC40C0F80F
S214007FC8C430304C304BC0F8B040C0F8C830092434
S214007FD882232E4D80F8B44080F8CC302C7C2C4B75
S214007FE8C0F8A000C0F8D03044B12A4B80F8D8209A
S214007FF8C0F8D43005F11103C0F8DC304FF0000C9F
S214008008CA798E6802EB42039F00443006EB83036E
S21400801826F807C0586001200C349870DC701318D6
S214008028CB71FFF75DFFFFF7A9FE012806D12B7C71
S21400803823B1BDE8F84015482DF0AFB9F8BD00BF2C
S2140080484C5800202A9B040001002000299B0400AD
S21400805802002000289B04000500420003002000C0
S214008068279B04000400420007003000269B0400FB
S2140080781200100100404200FDFF2100149B04007E
S214008088249B04000600420000FF44016C620020A6
S214008098D450002001FF1001437B044A01211370CD
S2140080A800780E30C0B2FFF701BD00BF565800205A
S2140080B838B504460078054D0E302A460121C0B270
S2140080C8FFF7E4FC08B92B78637338BD56580020D0
S2140080D8024B53F820002DF0EDBA00BFC42E002046
S2140080E8012908B506D0022907D049B92DF0D9FAD2
S2140080F8002008BD2DF0D8FAFAE72DF0D8FAF7E7F1
S214008108024813F02FF80120F3E700BFE305040048
S21400811811461A46024B53F82000FFF7E1BF00BF8E
S214008128C42E0020002310B5044683810364A0F8FB
S21400813844304830FFF700FD014BC4E9123410BD47
S214008148A356030038B504460B781A4A43700D4602
S21400815842F82300FFF7E6FF2046FFF7A9FF4FF493
S214008168401323610123144A2375A261134A84F835
S2140081782030E261124A84F82C306262114A84F890
S2140081883830A26204F10C0222630F4A04F10D0390
S2140081986263E363EA79A86802EB420300EB8301B3
S2140081A810344C60094C40F82340094B8B60531C34
S2140081B8EB7138BDC42E002055580020080020005A
S2140081C84D68002000FF300001FF10010201010485
S2140081D81981000070B50D460646144613460A4631
S2140081E80146114812F0BEFF25B92046BDE870408A
S2140081F8FFF754BE072D05D121463046BDE870402E
S21400820800F078BA062D05D121463046BDE8704004
S21400821800F076B8B5F5817F05D121463046BDE831
S2140082287040FFF755BF70BDFF0504000148FFF713
S21400823883BD00BFDD8100004FF4C01330B5036076
S21400824801230371074B8C688360CA7902EB4203EB
S21400825804EB83056860044844F82300531CCB717C
S21400826830BD00BF2B9B04000400010138B5002474
S214008278044D55F8040B08B12DF02AFA01340A2CDF
S214008288F7D138BDEC2E00200229024608B50ED0DC
S21400829804D839B910462DF046FA06E04029F9D038
S2140082A8412907D110462DF034FA002008BD2DF0DC
S2140082B844FAFAE7014812F055FFF6E732060400DA
S2140082C811461A46024B53F82000FFF7DDBF00BFE1
S2140082D8EC2E0020426B094B52791A7082785A703D
S2140082E8C2789A70826B12B190F83C20DA700078E7
S2140082F804210930014AC0B2FFF7D8BB57580020FE
S214008308024B53F820002DF034BA00BFEC2E0020A4
S21400831838B504460078084D09302A460421C0B20C
S214008328FFF7B4FB30B96B78A370AB78E370EB78E3
S21400833884F83C3038BD00BF5758002038B504468E
S2140083480078114D09302A460421C0B2FFF79EFB7B
S214008358C8B9A3782A78022B0CD004D863B920466B
S2140083682DF0E1F901E0FF2B0AD02046BDE83840A1
S2140083782DF0AEB9002AF2D120462DF0CAF9F4E75E
S214008388002AF9D1EBE738BD57580020F8B504465F
S2140083980B78224A0D4642F823004370FFF7B8FFD1
S2140083A8636B1F4A5C631A632046FFF7C7FF2046C5
S2140083B82DF08EF94FF4801363600123626BA06B77
S2140083C80532E260174A23722261A21C2375A26155
S2140083D860B1154A84F82030E261E21C6262134AF2
S2140083E884F82C3004F13C03A26223630627E9795B
S2140083F8AE6801EB4103002826F8237006EB8302DB
S2140084080CBF02230423D37001239370084B043453
S21400841893604B1C5460EB71F8BD00BFEC2E002037
S214008428575703000340300101FF300102FF1001D7
S214008438C982000002464179D37808480139042BDE
S21400844800EB811008D8012B04D80BB92DF061B9C0
S2140084582DF069B92DF071B9704700BF001A0020D9
S21400846802464179D37808480139042B00EB81107D
S21400847808D8012B04D80BB92DF055B92DF049B9F9
S2140084882DF05BB9704700BF001A002030B587B0E2
S21400849804464579FFF772FC012822D1E2786B1E64
S2140084A8042A1ED8DFE802F00431031F280010460D
S2140084B863784FF480728DF804304FF48273ADF809
S2140084C806300623ADF8083001238DF80B3000235C
S2140084D88DF80A0001A8CDE903238DF81430FFF7BC
S2140084E881FC07B030BD0A4A02EB83135B6B5B79ED
S2140084F8181E18BF0120DBE7054A02EB83135B6BE7
S2140085085B79B3FA83F04009D2E70020D0E700BFD2
S214008518001A002030B587B004464579FFF72EFCD0
S214008528012829D1E3786A1E042B25D8DFE803F052
S2140085380B0B0B032600164B03EB82135B6B5B7966
S214008548003B18BF012362788DF80A308DF80420A6
S2140085584FF482720123ADF8062006228DF80B3000
S214008568ADF8082000234FF4807201A8CDE9032354
S2140085788DF81430FFF736FC07B030BD044B03EB1C
S21400858882135B6B5B79B3FA83F35B09DBE700BFA7
S214008598001A002010B586B00446FFF7EFFB012846
S2140085A812D16378094A8DF804304FF48273ADF817
S2140085B806304FF48073CDE90223002301A8049304
S2140085C88DF81430FFF70EFC06B010BD0800070142
S2140085D810B586B00446FFF7D1FB012820D1627893
S2140085E8104B8DF804204FF4827294F8A01094F87B
S2140085F8A10059701870ADF8062004934FF48072E5
S2140086080223094901A88DF81430CDE90212FFF7B4
S214008618E9FB94F8A130013B18BF012384F8A13088
S21400862806B010BD5B5800200800050110B5837819
S2140086380446E3B10379022B06D143790C48013B83
S21400864800EB83102DF079F8A379022B02D120468F
S214008658FFF71CFF2046FFF7BBFF02236078A4F84D
S2140086686C305522BDE8104012212CF05EBF10BDBC
S214008678001A00204388094A0821138083885380FB
S21400868883681B8A938090F8A03093718379D3719E
S21400869800780430C0B2FFF709BA00BF5651002070
S2140086A838B50D4604460178104812F05BFD4FF6C3
S2140086B802739D420CD163791BB10D4A12789A4217
S2140086C801D2012363712046BDE83840FFF7D2BFC8
S2140086D8B5F57F4FF7D120462DF0ADF8A378022BDD
S2140086E80CBF01220022A3689A70ECE74806040033
S2140086F842580020024B53F82000FFF7D1BF00BFB6
S214008708142F002038B504460078134D04302A4646
S2140087180821C0B2FFF7BAF920B1BDE838400F48C3
S21400872812F020BD2B8863806B88E978A380AA881E
S214008738A3681A82AB7984F8A030EB79A37119B1D3
S214008748074B1B788B4205D2064812F00BFD2378A0
S2140087580133637138BD00BF56510020620604001D
S214008768425800208B060400F8B504460B78484AA1
S2140087780D4642F823004370FFF7C4FFA268454B36
S2140087880226D364444BA11C5365444B44481365E6
S214008798444B04F10C0CC2E916344FF44013E36062
S2140087A801236161E1624049103221632265211D7F
S2140087B83E4AA1633E49626504F1A002A061E163F6
S2140087C8E265E01C611D3B4A206261643A483B4909
S2140087D82266A21D2374237784F8283084F8343060
S2140087E884F84030A16484F84C6084F8583084F8E3
S2140087F864306062A266E879AA6800EB400102EB82
S2140088088107C7F804C04FF0060C2D4F42F82170B8
S214008818C118C9B201EB410142F821C002EB810739
S21400882800217960274F84F880302767264F84F820
S2140088389830A767254F264BE767264F84F874605D
S21400884884F88C60C4F89C3004F16C06831CC4F869
S2140088588470C4F89060204F204EDBB203EB4303CD
S214008868C4F89460C4F8887002EB830670347460A9
S21400887808261B4C42F82340C31CDBB203EB430319
S21400888802EB8304043042F823606160E871F8BDA7
S214008898142F0020AB570300ED5703003586000061
S2140088A810003001A157030001FF300104FF20012A
S2140088B802FF200105FF300100FF300103FF210100
S2140088C8070001084A0021002C9B040051001000F4
S2140088D82E9B04002F9B0400550021006F001800F3
S2140088E81200010400239B6AB3F5C04F03D219682F
S2140088F8064A914203D00023037083607047012222
S21400890802709A689B694260F7E700BF07B0CD5EC1
S214008918024B034A1A602EF058B900BF0000002028
S21400892802020FF073B5534B04461A781AB10222A6
S2140089381A7002B070BDCDE900220028F9D00126D1
S2140089481E7037F07DF94C4D4C4B186016F00CFE37
S2140089582B785BB902F062FA40B949480823494ABD
S2140089684949006801F0A8FE00B92E70474B5A6EB8
S21400897862619B6E464AA3614FF40043936603F117
S21400898888435968E16143499960196E2160596EB8
S2140089986160D3F87011A160196CE160596C2161AF
S2140089A83D49086C1864496C5964012151664FF4B6
S2140089B8005191661A6E560436D53849CA68D407E7
S2140089C8FCD45B6E5A0434D5354AD36B13F0430F88
S2140089D8FBD1344B1A68531C31D04FF40013934024
S2140089E8314A13660423304C684623664FF4806386
S2140089F82366102323664FF4005323664FF0804304
S214008A0823664FF4804301A963662CF02CFF009B75
S214008A182366019B63662B78002B8AD0194B1A684D
S214008A2822665B68636684E72049CA68D007FCD478
S214008A38C7E71F4AD36B13F0430FFBD1C9E71D4B9B
S214008A481B78002BCED14FF48072114B5A661A4A07
S214008A5852681AB94FF40011134A11664FF400729F
S214008A685A66164B5B68002BBCD14FF480020E4B3F
S214008A781A66B7E75E5800205F5800205C2F002073
S214008A88D8620020602F0020007108000080005087
S214008A980090005055CEAC0000C0005400000440C2
S214008AA80000024CA462002000900044000004501D
S214008AB80000025C5D58002000C00550000006500B
S214008AC870B52C4D04462E78012E02D001232B704B
S214008AD870BD0028FCD02CF0EBFE01300BD02CF03B
S214008AE8E7FE40F20113984205D0234B234A5E6600
S214008AF8D368DE07FCD4224B22491B6E13F0040F02
S214008B084FF4005314BF1C4A1F4A9366CA6B12F0F0
S214008B184302FBD121681A4B196661685966A16839
S214008B28C3F87011E168196421695964E169C807D6
S214008B3848BF9A60154B1A6801320DD1144A12784C
S214008B4852B914494968C90748BF1A60124A526898
S214008B58D20744BF01221A606269104B5A66A2699E
S214008B689A6616F009FD0E4B186837F064F800236D
S214008B78ADE700BF5E5800200090004000000440AB
S214008B88008000440000024C00900050A4620020C0
S214008B985D58002000C005500000065000800050B8
S214008BA85C2F002070B50024A36AB3F5C04F23D20B
S214008BB81A68134B9A421FD1124E337813F0FD05EC
S214008BC818D14FF480341048FFF7ACFE032004F0A9
S214008BD831FA0E4B0320DC6004F010FA0C4B1C61D3
S214008BE8AB6ADB69984704460748FFF769FF0CB984
S214008BF801233370204670BD4FF48174FAE700BF36
S214008C0807B0CD5E5D5800203C2F002000A0004431
S214008C180090004413B5204B1B7803B9FEE70023E9
S214008C281E4CCDE900336A4608231D49206801F02A
S214008C3843FDF8B91B4AD2F84031D2F840211F2B21
S214008C484FF0010311D9203A9340019A1A43019232
S214008C5808236A461249206801F0B6FE124B134AEA
S214008C681A602DF0B2FF02B010BD9340009A1A4366
S214008C780092EDE72D28F1D10A4AD2F84031D2F811
S214008C8840211F2B4FF0010385BF203A93409340A5
S214008C98019398BF0093DBE75E580020D862002057
S214008CA80071080000800044000000200B020FF04E
S214008CB838B50025AB6A0446B3F5C04F10D21B6B17
S214008CC8B3F5C04F0CD20748FFF72CFEAB6A204618
S214008CD81B6B5B689847BDE838400248FFF7F0BE54
S214008CE838BD00BF682F002013B50024A36A019082
S214008CF8B3F5C04F13D21B6BB3F5C04F0FD209485C
S214008D08FFF710FEA36A01211B6B01A89B69984711
S214008D1804460448FFF7D4FE204602B010BD4FF4C0
S214008D288174F9E7682F002070B50026B36A0446F8
S214008D38B3F5C04F0D4612D21B6BB3F5C04F0ED21B
S214008D480848FFF7EFFDB36A20461B6B29469B6968
S214008D58984704460348FFF7B3FE204670BD4FF415
S214008D688174FAE7682F002070B50026B36A0446B7
S214008D78B3F5C04F0D4612D21B6BB3F5C04F0ED2DB
S214008D880848FFF7CFFDB36A20461B6B2946DB6908
S214008D98984704460348FFF793FE204670BD4FF4F5
S214008DA88174FAE7682F0020F8B50027BB6A0446E6
S214008DB8B3F5C04F0D46164611D21B6B7BB109485A
S214008DC8FFF7B0FDBB6A20461B6B324629465B6A36
S214008DD8984704460348FFF773FE2046F8BD4FF44D
S214008DE80174FAE7682F002070B50026B36A0446B7
S214008DF8B3F5C04F0D4612D21B6BB3F5C04F0ED25B
S214008E080848FFF78FFDB36A20461B6B29469B6A06
S214008E18984704460348FFF753FE204670BD4FF4B4
S214008E280174FAE7682F0020F0B50027BB6A0446ED
S214008E38B3F5C04F0D461646ADF5177D20D21B6B11
S214008E48B3F5C04F1CD21048FFF76CFDBB6A20462E
S214008E581B6B40F251225B6A01A99847044630B161
S214008E680948FFF72DFE20460DF5177DF0BD836AED
S214008E7832461B6B2946DB6A01A898470446EFE78B
S214008E884FF40174EFE700BF682F002010B50024E8
S214008E98A36AB3F5C04F10D21B6BB3F5C04F0CD204
S214008EA80748FFF73FFDA36A1B6B1B6B98470446F2
S214008EB80348FFF705FE204610BD0124FBE700BF68
S214008EC8682F0020F0B58FB0044601A80E46154658
S214008ED8FFF7EEFE9DF80C30012B12D1B5F5002FEA
S214008EE827D8B4F5002F24D86319B3F5002F20D857
S214008EF821462A46304613F0E3FB002420460FB0EE
S214008F08F0BD0027BB6AB3F5C04F15D21B6BB3F58F
S214008F18C04F11D20A48FFF705FDBB6A2A461B6BED
S214008F28314620465B6B984704460548FFF7C8FD60
S214008F38E4E740F20244E1E740F20114DEE700BF4E
S214008F48682F0020F0B58FB0044601A80E461546D7
S214008F58FFF7AEFE9DF80C30012B1FD1B5F5002F9C
S214008F6806D8B4F5002F03D86319B3F5002F13D924
S214008F7840F2024420460FB0F0BDE258013225D137
S214008F8804339D42F9D82A463146204600F082F836
S214008F980028EDD00024EDE70023F2E70027BB6A9F
S214008FA8B3F5C04F15D21B6BB3F5C04F11D20A48A4
S214008FB8FFF7B8FCBB6A2A461B6B314620469B6BFC
S214008FC8984704460448FFF77BFDD3E740F203447E
S214008FD8D0E740F20114CDE7682F002070B58EB0B8
S214008FE8044601A80D46FFF763FE9DF80C30012BDA
S214008FF822D144EA0503C3F30C03002B33D1B5F59D
S214009008002F04D940F2024420460EB070BDB4F5D5
S214009018002FF7D82544B5F5002FF3D8204604F5D9
S214009028005400F029F8AC4202D00028F6D1E9E74F
S2140090380028E7D00024E7E70026B36AB3F5C04F58
S21400904814D21B6BB3F5C04F10D20A48FFF76AFC60
S214009058B36A29461B6B2046DB6B984704460548CF
S214009068FFF72EFDD0E740F20444CDE740F20114A6
S214009078CAE700BF682F00204FF4003208B5044B3B
S2140090889A6637F08DF8B0FA80F0400908BD00BF40
S21400909800900050134610B562B103439B070BD1EE
S2140090A84FF40034054B9C6637F072F8B0FA80F03F
S2140090B8400910BD0120FCE70020FAE700900050A8
S2140090C8BFF34F8F0549064BCA6802F4E0621343A4
S2140090D8CB60BFF34F8F00BFFDE700BF00ED00E099
S2140090E80400FA0570B5D0B1C9B10E4E431E013959
S2140090F813F8014F2046325D02F00302012A11F8E8
S214009108012F08BF04F12000B55C05F00305012D0A
S21400911808BF2032801A01D1002CE9D170BD012089
S214009128FCE700BF49C204000348044A0449121A6F
S21400913892102CF022BC00BF4061000018630000AB
S214009148A85F002008B5154B83F30A8800F030F8AE
S214009158FFF7EAFF124B13498B4212D30020124B3B
S21400916812498B4218D3FDF7DDFD186850F82240E7
S214009178586840F82240013298688242F5D30C338A
S214009188EAE70022F8E71C6844F8220001325C6827
S214009198A242F8D30833E4E70022F8E708000020E4
S2140091A894FE0400A0FE0400A0FE0400A0FE040036
S2140091B84FF40041134B144A70B59A60D3F88820D0
S2140091C8124D42F47002C3F88820114A05F500547F
S2140091D891664FF0FF3222664FF6DF726266022211
S2140091E8C3F8D020BFF34F8FBFF36F8F4FF44036CE
S2140091F8032003F01FFF0320E66003F0FFFE2E6146
S21400920870BD00BF00ED00E0006000000080004474
S21400921800900050054B1860054B1B6F03F00703C2
S214009228032B01D134F0B2BD704700BFB4620020F2
S214009238008000502DE9F04104464FF001080C2547
S2140092480D4E0CB9BDE8F08194FAA4F0B0FA80F09F
S2140092580F2808FA00F2C8BF103824EA0204CABF6A
S21400926805FB006205FB0062B4325768002FE8D0A1
S2140092789168C0B2B847E4E7882F002008B50C48C4
S21400928836F0FFFC192003F0C7FE28B1192003F0BA
S214009298D1FE192003F0B2FE1A2003F0BDFE28B155
S2140092A81A2003F0C7FE1A2003F0A8FE002008BD07
S2140092B82C9D04002DE9F0410E461746054618B3C6
S2140092C80F2923D80378DBB1013BDBB2022B19D870
S2140092D8104AD35C6A78D340DB0717D50E4BD3F811
S2140092E81043ACB936F0ACFC80463A4628463146C0
S2140092F802F0DCFD404636F09EFC2046BDE8F081D4
S2140093087F23E7E70023E5E72224F6E72124F4E7AE
S2140093180224F2E7809B040000C0035010B5044600
S21400932810B30378E3B1013BDBB2022B1AD8104A1C
S214009338D35C6278D340DB0718D536F081FC01226F
S214009348617823788A4030214B4341F2100103F1BB
S214009358A04303F570335A5036F06DFC002010BD5C
S2140093687F23E6E70023E4E72220F8E72120F6E754
S214009378809B040010B5044610B30378E3B1013BA4
S214009388DBB2022B1AD8104AD35C6278D340DB07CC
S21400939818D536F055FC0122617823788A403021AA
S2140093A84B4342F2100103F1A04303F570335A50C1
S2140093B836F041FC002010BD7F23E6E70023E4E7F3
S2140093C82220F8E72120F6E7809B040038B50D46F2
S2140093D8044618B311B30378E3B1013BDBB2022BA2
S2140093E81AD8104AD35C6278D340DB0718D536F013
S2140093F827FC30222378534303F1A04303F5703348
S2140094085B696278D34003F001032B7036F013FCD7
S214009418002038BD7F23E6E70023E4E72220F8E7AC
S2140094282120F6E7809B04002DE9F0410D461646FC
S2140094389846044600284FD000294DD001780029C8
S21400944840D04B1EDBB2022B3ED8254AD25C63784E
S214009458DA40D20701D4FF2940D1022E01D9042EC2
S2140094683CD136F0EDFB23780746FF2B05D0324675
S2140094782046296802F060FD28602B68013309D170
S2140094882378FF2B06D1174B6078D3F824142CF0DA
S214009498BFFF286029684B1C18D00C23124A03FB10
S2140094A80122069BC2F8048093602378FF2B04D021
S2140094B801230E4A8B40C2F82434384636F0BBFBEC
S2140094C8002007E07F22C2E70022C0E7384636F0D1
S2140094D8B2FB2D20BDE8F0812220FBE72120F9E72A
S2140094E8809B040000C00350882F002000D0035043
S2140094F808B502F0D1FC054B00F0553020F050209E
S214009508C3F82004BDE80840FFF794BE00E0035007
S21400951808B502F0C1FC054B00F0AA3020F0A020E8
S214009528C3F82004BDE80840FFF784BE00E00350F7
S2140095382DE9F04F144605460E469B46C36B87B08A
S21400954801225B6902A960689847EB6B01225B6998
S21400955803A93046984702A82CF00EFE074648B1E5
S2140095680023A37563754FF0FF33A360002007B090
S214009578BDE8F08F03A82CF00CFE0123A375237E0C
S21400958804EBC303DE611F846368B3420ED1206018
S21400959803A82CF020FE4FF0FF332075A360237D30
S2140095A8043B022B26D80023A375DFE723681A1A84
S2140095B853425341A37503A82CF00DFE237D834226
S2140095C818BFA77503A82CF0E8FD074602A82CF0DC
S2140095D8E4FD874218BF002303A818BFA3752CF024
S2140095E8E4FD074602A82CF0E0FD87421CBF0023D6
S2140095F8A375D4E703A82CF0D0FD80B1EB6B02224C
S21400960830465B6904A9984704A82CF0D5FD0346A4
S214009618207D032839D8DFE800F03838040903A885
S214009628F3E7CC22237E04EBC3031A8401F06EFC16
S214009638109B187003A8277E2CF0A3FD04EBC70721
S21400964887F82200237E03A804EBC303B3F8209010
S21400965893F822702CF0A1FD804603A82CF0A5FDF7
S2140096688246B8F1000F15D0EB6B022230465B69D4
S21400967804A9984704A82CF064FD6075637D6BB94F
S2140096880023A3754FF0000838E0227E04EBC202E0
S2140096981384CBE703A82CF03FFDEEE794F816807A
S2140096A8B8F1000FEED0B9F1000F09D1DFB10123F0
S2140096B8E375637E002B4FD1012F42D1677614E005
S2140096C86B6C06EB0A015A4286EA010010421CBF80
S2140096D80022A2755A1E0A409B1A9945D0D8A37D27
S2140096E8002BE3D1CEE7E37D43B94FF000084B46A5
S2140096F85246314628462CF08AFAA060A27D12B15E
S21400970823694B4423611A49237E097899422AD94A
S21400971801332376BBF1000F27D032B3E37D23B3A2
S214009728B8F1000F21D1032F1FD0A1684B1C1CD005
S214009738109B2246009328460123FFF7F9FEA075E2
S21400974813E095F8343063B9EB6A0133CFD1032FB1
S214009758CDD10123A376C8E7012FCFD0032FC4D1DC
S214009768F7E79846C3E70023A375A07DFFE600BF8A
S214009778A49B04002DE9F04F0E46984600238BB0B4
S21400978804464FF0FF31104617468DF8133001F0A7
S214009798A7FBB6F5801F20D2314605AA04F10800BB
S2140097A82CF03CFC451C014603D1237CBBB92D207C
S2140097B810E0384601F094FB0122394620460DF1A8
S2140097C813032CF076FA0028EFD09DF8133088F8AB
S2140097D8003000200BB0BDE8F08FB01CE5D1E56A7C
S2140097E8691C36D12046616A2CF057F90546B31C29
S2140097F818BF0123DFF8CC900193636A626C02936A
S214009808236805A902FB053AE36B05225B69504607
S214009818984705A82CF04BFD2CF06EFD50462CF012
S21400982876FD4FF0000B824601464B1C05D0636C54
S21400983881EA0A025B42134211D0294620462CF0E0
S2140098482CF9029BAB422CD0BBF1000F2CD105465D
S214009858D3E72368ED1A636CB5FBF3F5C7E748460C
S21400986801F03EFB0DF1130349462046019A2CF001
S21400987820FA034690B1B21C03D0D9F80020B242B1
S2140098880CD19DF8132003930D4B88F80020494609
S2140098981A68384612F014FF039B9B46D9F808103E
S2140098A8C3E7BBF1000F82D0B6F5801F91D23146D0
S2140098B898F800307A6804F1080001F03FFA88E763
S2140098C8A09B0400643700202DE9F34104461746A0
S2140098D898460E46184D816AE36A8B4201D04B1CA7
S2140098E802D102B0BDE8F081284601F0F9FA01225B
S2140098F8294620460DF107032CF0DBF938B143461C
S214009908294620469DF80720B8470028E9D0A968C8
S2140099184A1C04D1696820462CF04CF90146012EF1
S214009928DAD16B6881EA0302636C5B421A4218BF9D
S2140099384FF0FF31D0E700BF383700202DE9F04F51
S2140099484FF0FF334FF6FF720025044600F1080675
S214009958C0E909238BB0C3620562056330468846B2
S2140099682CF02DFB20462CF068F860BB20464146BC
S2140099782CF0E3F820462CF060F860BB5E200BB0B5
S214009988BDE8F08F2368E26B606C576900FB053012
S214009998052205A9B84705A82CF089FC0128074622
S2140099A80CD1294620462CF099F8012F024600D102
S2140099B80132294620462CF05FF803E02CF0A1FC83
S2140099C80028EED10135E3699D42DBD320462CF012
S2140099D834F80028CAD000254FF0FF394FF6FF7339
S2140099E8CA46A846C4E90853E36998450AD3A5EBCE
S2140099F80905012D2CD84FF6FF72636A93423CD1B5
S214009A086720BCE72368E26B606C576900FB083088
S214009A18052205A9B84705A82CF049FC834605A8E1
S214009A282CF01CFC074658462CF066FC68B15745D7
S214009A3838BFC4F82480B94528BFB946BD4238BFE8
S214009A483D46BA46236A0133236208F10108CBE78C
S214009A584FF6FF7300256362E3699D42CBD2676CBD
S214009A682068E36B052207FB05005B6905A9984794
S214009A7805A82CF0F3FB0135EEE7E26B676C20686F
S214009A88694607FB030055690522A84768462CF077
S214009A98E5FB626A2368606C4B4D00FB02302CF0D5
S214009AA836FC4FF0FF33A062E3622A466FF00101EE
S214009AB8204605ABFFF75EFE002846D1AD6829466E
S214009AC82046E5622BF095FF206320B92046E16A20
S214009AD82CF070F8E062294620462CF06BF8054614
S214009AE8A36A9D4233D120462BF056FF00278046B6
S214009AF8B946E36999453CD3B84559D92046616AC1
S214009B082BF0CBFF0026054604F1400AB74212D8D0
S214009B18626C2368694602FB0539E36B05225B69BC
S214009B284846984768462CF099FB534602464946ED
S214009B38E06B2CF0EEFB294620462BF0AEFF0136F4
S214009B48B0450546E2D1642019E7A56AB7E7294675
S214009B5820462BF04EFF236B294603440746236313
S214009B6820462CF027F80546002FB9D1C4E90B0784
S214009B78B6E7636C2568052203FB0955E36B05A960
S214009B885B692846984705A82CF091FB2CF0B4FB97
S214009B9858B128462CF0BBFB014620462BF029FF7F
S214009BA8636C143B984208BF013709F10109A0E726
S214009BB830462CF004FA002320461946034AFFF7DD
S214009BC883FE0020DBE600BF90370020A95C030078
S214009BD82DE9F041036B9046826B07689A4288BF6E
S214009BE88363426C436A90B002FB0377C36B0E46EE
S214009BF8052201A95B6904463846984701A82CF057
S214009C0856FB01280146307057D0656CE26B236816
S214009C18606AD2F814C005FB0030052206A9E047A2
S214009C2806A82CF044FB01284FF0000523D0D4E901
S214009C380A3201219342CDE90B458DF834800E9502
S214009C488DF83C102AD1194620462BF0B3FF236B1B
S214009C58626C14339B1AE06223630C9B53B99DF81D
S214009C683C303BB1626A616C2368E06B01FB0231F1
S214009C782CF0D5FA0C9DE36B05225B6901A93846E2
S214009C88984701A82CF013FB30702846236BA26B6C
S214009C989A4288BFA36310B0BDE8F081237C33B92D
S214009CA81C490BAA04F1080001F096F8D5E72046EF
S214009CB8194A0BABFFF708FECFE7237C23BB2246E7
S214009CC8164904F1080001F087F8616A20462BF06F
S214009CD805FF616A421C20462BF0CEFE054620B9D9
S214009CE8236B626C1344143B23632046A16A2BF053
S214009CF861FF2368A062C01A636CB0FBF3F0606271
S214009D0820462BF09AFFB6E700232046044AFFF7C2
S214009D18DBFDDAE77DA40000F9A30000435D03003D
S214009D28DF5C030073B50D46D11E4A421C461B7EF7
S214009D384A419A4226D129682368994222D3636801
S214009D4899421FD8114E0DF107033246FFF712FD50
S214009D58C0B972686B689A4214D19DF80730DA1E4B
S214009D6853425341227E93420CD1636901336361A7
S214009D78D4E90323934205D22968A26842F823103F
S214009D8801332361012002B070BD00BF9037002068
S214009D982DE9F04F9B4689B09DF848309046514AC9
S214009DA80193136907465B450D46C0F09580D94672
S214009DB853680093B9F1000F7BD0FB6B01225B69F7
S214009DC805A90098984705A82CF0E3F9454B1B68A9
S214009DD8984240F0848005A82CF0E7F90428064647
S214009DE815D105A82CF0E8F9009B04461E44019BF3
S214009DF8002B3ED1804512D91C46A8EB00083846F1
S214009E0800992BF0D7FEA9EB04090090D2E7FB6B6C
S214009E1802225B69009806A9984706A8E2E7A0EB25
S214009E2808045C4528BF5C46032C4644ABEB040B91
S214009E381DD9FB6B294630465B69A208984724F073
S214009E48030304F0030A1E441D44DDF80480BAF137
S214009E58000FD4D0FB6B012206A930465B699847F1
S214009E685246284606A912F02BFC5544C7E7A246D8
S214009E78EBE7824600F0030302932B18039306448D
S214009E88039BA6EB0A00A3EB0A05029B9A4514D18E
S214009E98BAF1000FB3D0FB6B012206A95B6998479D
S214009EA85246284606A912F0C7FD0028DDD04FF016
S214009EB83609484609B0BDE8F08FFB6B012206A9B3
S214009EC85B6998470422284606A912F0B5FD0028C3
S214009ED8EDD1AAF1040AD3E74FF06309E9E74FF09A
S214009EE86F09E6E7BC3700202DE9F0410F46164615
S214009EF89846044688B060B390F83450FDB1012106
S214009F082BF090FD00210E9BCDE90511CDE9023717
S214009F189DF83C30CDF804808DF81C30237C0496E0
S214009F288BB90D4901AA04F1080000F055FFDDE9D8
S214009F380553E06B002E08BF1D462BF00CFF284685
S214009F4808B0BDE8F0812046044A01ABFFF7BCFC28
S214009F58EDE70546F3E700BF0D5D03002D9D000005
S214009F687FB590F84260044601920DF10B030A464D
S214009F78304611492BF0F7FE012E0546E36B17D144
S214009F8832465B6903A998479DF80B10039B019A14
S214009F9859B19BB243EA0243012228460393E36B76
S214009FA803A99B69984704B070BD62F30F03F3E7F3
S214009FB801229B6901A9F5E7BC3700202DE9F04F7F
S214009FC899B00E460D920A69416C0B931439D31D4D
S214009FD8B3FBF1F3013302EBC302036B044693426F
S214009FE8C0F001820023DFF804940893E36A484629
S214009FF81946059300F074FFD6E9033707930B9BC1
S21400A008022B4DD1CC2F40F0D7810D9B3BB131466A
S21400A01820462BF0FEFE656C1490012044E00120DB
S21400A028079B656C1B68149300F0010000280CBFA2
S21400A03804230823782F0E9349D8059A6B1E1340DD
S21400A048ED1A3B1D9D423CD2002F3DD0082D3ED830
S21400A0580023042506934FF0040A336806990B98E4
S21400A068C9F80030C9F810702CF0B9F84FEA9A030E
S21400A0780F93059B89F814000393002309930C9308
S21400A08804930A93616C039B4A1E1A408B1A27B3E3
S21400A0985544AB4223D8236B5B1A134423632FE142
S21400A0A8782F656CB9D8F07D0D9B002BBCD0E36B80
S21400A0B801225B69706816A9984716A82CF06DF8F7
S21400A0C8B4E700250695C6E704250697C3E70123E7
S21400A0D800254FF0080A0693BFE75345DBD3A3EBEA
S21400A0E80A029742039BB84628BF904697425344B5
S21400A0F828D90122D9F8101089F817208F4226D1BE
S21400A1080399C9F80410049299F817200AB399F825
S21400A11818100398CA1C09EBC20250600498013153
S21400A128A2F80880907289F81810B8F1000F07D0C6
S21400A1380B9A022A40F08180099A72B1012209928C
S21400A1489B46ABE0049A002A18BF0322DBE70222EC
S21400A158D9E7039AC9F80420E7E70C9A4244032A89
S21400A168EED9E26B1846956914A901220993A84707
S21400A178099B05460028E1D03D2D40F01E8104F1DC
S21400A188080303932368059A606CA2EB030ABAFBDC
S21400A198F0FA00FB0A302CF0BAF8E16A804620464E
S21400A1A82BF008FDA26A824200F00F81626CD9F893
S21400A1B80830511E0B40216B2768891A0B4423630D
S21400A1C8089BE062DF1BB7FBF2F7BA4540F0FA805F
S21400A1D8059BB3EB080A12D0E36B4FEA9A02414696
S21400A1E89B6998478346E36A059A5344E362236B60
S21400A1F803989B1A434423632BF0E1FEDA46236850
S21400A208616CE06B01FB07312BF0F6FF20462BF064
S21400A21814FC20462BF011FD2063BAF1000F00F065
S21400A228D4803269616CD31D1439B3FBF1F3013362
S21400A23802EBC3029042A5D2BFE00D9A002A77D15E
S21400A248B8F1030F4FEA98026ED9E16B18468D698C
S21400A25807991093A847109B0546C0B918F0030540
S21400A26815D0079A28F0030B02EB0B019B444FF01E
S21400A278FF3215A815922A46109312F021FAE26BBF
S21400A2885846956915A90122A8470546109B9B467E
S21400A298079A42440792002D40F08B80049B16A82C
S21400A2A80193069B009399F814204346316800F002
S21400A2B8CDFDE36B0F9A9B69039816A99847039AF6
S21400A2C8051E089B18BF1346089343465246204669
S21400A2D803992BF09CFC236B08F10302A3EB0A03FB
S21400A2E822F003029B1AC9F808002363002D7FF4A6
S21400A2F843AF0C9BA7EB080743440C93CDF80CB070
S21400A308204603992BF056FC00250390002F7FF477
S21400A318B9AE364A3168936804F10800E3625268B9
S21400A3280B9B00F00BFD49E09B46454607999EE7C8
S21400A3389B4606F120021092F27D7068A2B10022B8
S21400A34896F818C00A99D5B2AC4511D9109D02F1F5
S21400A358010E35F832508D4228D90E9806EBC20207
S21400A3680144D069084403E00E9A0A990A44104446
S21400A378E26B15A9556901221193A847159A0A9BFD
S21400A3881392E26B043395695846012213A90A937F
S21400A398A847119B054603EB0802A2EB0B02042A0A
S21400A3A87FF679AF28B90BF1040BC5E77246491B4F
S21400A3B8C9E7CDF820B088E770252F46384619B08B
S21400A3C8BDE8F08F4FF0000A19E73269616CD31DBB
S21400A3D81439B3FBF1F3013302EBC302236B934248
S21400A3E8BFF404AEE9E71C27E8E700BF643700209F
S21400A3F8032A2DE9F34106460D4617461C4606D1A4
S21400A408237A012B23D0012002B0BDE8F081DFF8C3
S21400A4186080096842460DF10703FFF7ABF96060F4
S21400A4280028EDD19DF80720237A032AE8D0D8F82B
S21400A43804106A689142E3D1012B2969D4F80CC04C
S21400A44807D172690CEB0103934202D92074207C71
S21400A458DAE708316144E1603B4601222946304686
S21400A468FFF7ACFD60600028CAD00020CCE700BF2C
S21400A478903700202DE9F341089C032A17462668E2
S21400A48806D1237A012B24D0012002B0BDE8F08142
S21400A498DFF89080304642460DF10703FFF76AF969
S21400A4A860600028EDD12568D8F80400A96AD5F8B8
S21400A4B844C04840CCF100031840227AE1D1012A72
S21400A4C809D1E268D8F8103013447269934202D969
S21400A4D82074207CD9E72868EB6A1B1A081AB3FB95
S21400A4E8FCF3B0FBFCF083420BD1706CF36A421E9F
S21400A4F81340326B121A1344284633632BF05AFB68
S21400A508E862D8F81020E36808321344E3600122B2
S21400A5183B4604492068FFF751FD60600028B0D02C
S21400A5280020B2E7903700202DE9F0410025604B67
S21400A5380E46D3F8008004461D6018B92125284623
S21400A548BDE8F08190F8347007B30A6803689A4249
S21400A55840F0A3804A6843689A4240F09E808A6822
S21400A56883689A4240F09980CA68C3689A4240F065
S21400A57894800A6943699A4240F08F808A69C36B5F
S21400A5889A4240F08A804B698361D8E76822394648
S21400A598856B11F005FFD6E90212336804F108004E
S21400A5A823607368A5636360336963617369A36135
S21400A5B82BF017FDB36904F14000E3639B689847E6
S21400A5C820B9676C17B16368B3FBF7F794F84330A4
S21400A5D8E761002BB2D00023656C2366002D64D09B
S21400A5E8002F62D02368B3FBF5F205FB1233002B6D
S21400A5F855D16668B6FBF5F305FB1363002B4ED101
S21400A60820462BF0E6F9A369043303449E4248D358
S21400A61840F634726369CC3B934244D8B5F5805F04
S21400A62843D3032120462BF0FDF9D4E90001E36B60
S21400A6381B6898470546E36B0220DB689847CDB948
S21400A64841462046FFF77AF96428054604D1414674
S21400A6582046FFF773F90546666C5DB9236A2046FF
S21400A668143E5E432BF0B5F9A369043303449E42B7
S21400A67838BF5A25002D0CBF0123002384F8343038
S21400A68807D1D4E900010B4A1368013313602BF095
S21400A69842FDE06B2BF05FFB51E75D254FE7592540
S21400A6A84DE75A254BE75F2549E75B2547E700BF97
S21400A6B8F4300020F03000202DE9FF410C46164605
S21400A6C81F46054680B390F834307BB3B1F5801F3B
S21400A6D82ED2DFF8608001212BF0A4F921464246ED
S21400A6E828460DF10F03FFF745F8044670B99DF8A4
S21400A6F80F30012B11D1D8F81030BB4212D10246C8
S21400A708009031462846FFF743FB0446E86B2BF0DB
S21400A71822FB204604B0BDE8F081022B14BF2D248E
S21400A7286024F3E76324F1E72124F2E71124F0E735
S21400A7382924EEE7BC3700202DE9F04385B00C4607
S21400A74817461E460546DDF8308098B390F8343034
S21400A75893B3B1F5801F31D2DFF8649001212BF056
S21400A76861F921464A4628460DF10F03FFF702F81D
S21400A778044688B99DF80F30012B14D1D9F810205B
S21400A78806EB08039A4213D30090434632463946EE
S21400A7982846FFF7FDFA0446E86B2BF0DCFA20465D
S21400A7A805B0BDE8F083022B14BF2D246024F3E720
S21400A7B86324F1E72124F2E71124F0E72924EEE7E1
S21400A7C8BC37002073B50C461646054630B390F8DD
S21400A7D834302BB3B1F5801F24D201212BF022F997
S21400A7E821462846104A0DF10703FEF7C3FF044624
S21400A7F880B99DF80730032B0CD0022B0CD12846C5
S21400A80809492BF006FB3060E86B2BF0A4FA2046CB
S21400A81802B070BD2D24F7E76124F5E72124F6E79A
S21400A8281124F4E72924F2E7BC3700202DE9F34188
S21400A8381E4600230C4617460546336050B390F86C
S21400A84834304BB3B1F5801F28D2DFF8548001218D
S21400A8582BF0E8F82146424628460DF10703FEF796
S21400A86889FF0446A0B99DF80730032B10D0022BA9
S21400A87803BF01233B600423D8F8103018BF3860A4
S21400A8883360E86B2BF067FA204602B0BDE8F0812B
S21400A8982D24F6E72124F7E71124F5E72924F3E722
S21400A8A8BC37002073B50446056B2BF092F8636E30
S21400A8B803449D422CBF00230123854294BF0025F4
S21400A8C82D1A207C84F85030656584F85800A8B1A5
S21400A8D800230C4E1A461946204600962BF05DFBC0
S21400A8E8002305461A461946204600962BF05EFBBE
S21400A8F8E3682844984294BF0020C01AE06502B076
S21400A90870BD00BFFFFF0F002DE9F3471E464369E1
S21400A9180446B342884617469DF828904ED300252D
S21400A9288DF8075020462BF054F8D4F830A082450E
S21400A9380AD2236AB5EB430F06D2002220460DF151
S21400A9480701FFF745F9B8B39DF80730012B05D185
S21400A958002220460DF10701FFF73AF9B9F1030F77
S21400A96806D0314620462BF024F8256B854227D39F
S21400A978144D4FF0FF31284600F0B2FA4B462946F0
S21400A98800222046C5E90376C5F80080FFF716FBC7
S21400A998236E054663B12046FFF784FF94F85030CF
S21400A9A813B994F858301BB1236E04F15000984739
S21400A9B8284602B0BDE8F0870135B3E76225F7E719
S21400A9C81C25F5E7903700202DE9FF410F469046F5
S21400A9D81E46054698B390F8343093B3B1F5801FF9
S21400A9E831D21A4C02212BF01DF822463946284649
S21400A9F80DF10F03FEF7BEFE024678B1012342466C
S21400AA080093394633462846FFF77EFF0446E86B30
S21400AA182BF0A1F9204604B0BDE8F0819DF80F3070
S21400AA28012BEBD12169B142E8D100934146334668
S21400AA382846FFF7ADF904460028DFD1E7E72124CA
S21400AA48E8E71124E6E72924E4E700BFBC3700203E
S21400AA582DE9F04790F8423086B0012B0546039161
S21400AA68A1EB020740F0AA80FF2F03D81E464FF03E
S21400AA78640807E00226012B14BF4FF032084FF097
S21400AA886408013600244FF6FF79DFF844A195F8EC
S21400AA984230012B14BF322364239C4202D35FFA50
S21400AAA888F40DE005AB2246514628462BF08FF970
S21400AAB895F84230012B059B34D14B452DD1E4B295
S21400AAC895F84230012B14BF32226422121BB24280
S21400AAD817D3012E39D10022012B05978DF81320A4
S21400AAE827D1082205A90DF113002BF02CFC9DF8A0
S21400AAF81330059A42EA032221462846FFF730FA21
S21400AB0840B10223324900932846CC23096803AA99
S21400AB18FFF7FAFE06B0BDE8F087DBB203B90234E9
S21400AB280134B4E7591CCAD09BB2002BF8D10134C3
S21400AB38F6E7102205A90DF113002BF004FC9DF88A
S21400AB481330059A42EA0342D6E7039A012B059288
S21400AB5823D10823202205A90DF113008DF8133000
S21400AB682BF0F1FB9DF81320120221462846FFF72A
S21400AB78F7F995F84230611C012BC9B21AD10028A2
S21400AB88BFD12846BDF81420FFF7EAF90028B8D147
S21400AB980234BDF81620E1B2AFE71023202205A93B
S21400ABA80DF113008DF813302BF0CDFB9DF8132014
S21400ABB81204DAE70028A4D1059A9EE7B7F5803F85
S21400ABC84FF00106BFF457AF4FF032085AE700BF00
S21400ABD8BC37002070B586B00E4605460392A0B373
S21400ABE890F834309BB3B1F5801F32D202212AF098
S21400ABF819FF31462846184A0DF11703FEF7BAFD25
S21400AC08044618B99DF81730032B0ED10223314697
S21400AC1800932846CC2303AAFFF776FE0446E86B83
S21400AC282BF099F8204606B070BD022B0BD10A49C6
S21400AC3828462BF0EEF8039902468142EFD02846C4
S21400AC48FFF706FFEAE76124E9E72124EAE711248B
S21400AC58E8E72924E6E700BFBC370020F7B50C462E
S21400AC681646054668B390F8343063B3B1F5801FCE
S21400AC782BD202212AF0D6FE21462846144A0DF188
S21400AC880703FEF777FDC0B99DF80730032B14D0ED
S21400AC98022B14D10E4928462BF0BBF8471C024657
S21400ACA839462846FFF7D4FE044606B13760E86BF7
S21400ACB82BF051F8204603B0F0BD2D24F7E76124A9
S21400ACC8F5E72124F6E71124F4E72924F2E700BF84
S21400ACD8BC37002030B50C46054685B028B390F83A
S21400ACE8343023B3B1F5801F23D202212AF09AFE0E
S21400ACF80DF10F03214628460F4AFEF73BFD034693
S21400AD0888B99DF80F20032A0DD003222146009209
S21400AD1802462846FFF7F8FD0446E86B2BF01BF8BA
S21400AD28204605B030BD2D24F7E72124F8E7112486
S21400AD38F6E72924F4E700BFBC3700202DE9F043E6
S21400AD48466886B3056898464FF0000CA946AE4696
S21400AD5855F83C400CF1010CC4F31307013401D03C
S21400AD68B94217D0B4450EF1080EF1D12F4600248B
S21400AD7803E0B44207F1080712D055F8343001341E
S21400AD880133F6D1C1F3130141EA0851C7E90012AD
S21400AD98BDE8F08341EA0851CEE90012BDE8F08329
S21400ADA8B8F1030F03D101230372BDE8F083002333
S21400ADB803E0B34209F10809F5D055F833400133EA
S21400ADC8C4F30754032CF4D1C1F3130343EA08531E
S21400ADD8C9E90032BDE8F0832DE9F041064640682F
S21400ADE882B0B8B10F4690460024336853F8345002
S21400ADF803EBC403C5F30752C5F31301013506D0A8
S21400AE085B683046CDF80080B84718B170680134E2
S21400AE188442EAD302B0BDE8F08100BF024B19684D
S21400AE28024B1868FFF780BBB8620020D862002083
S21400AE3808B534F0F8FE014B186008BDE837002066
S21400AE48014B186834F0EABEE837002073B50446AC
S21400AE582248012A00EAC1119DF8185023F07C40C8
S21400AE6807D9961E012E28D9073303F07F03194306
S21400AE7808E09DF81C300A43DB0603F0C053134372
S21400AE8843F060410023C4E900108DF80730B5B1DF
S21400AE98202221460DF107002BF055FA1A220DF153
S21400AEA80700211D2BF04FFA082063689DF807203D
S21400AEB843EA8263636002B070BD1143E2E71B2277
S21400AEC80DF1070021462BF03EFA23689DF807206F
S21400AED8042043EAC2632360EDE700BF80FFFF0754
S21400AEE838B5094B0D461A680021044611F058FA81
S21400AEF800234FF0FF322383C4E900252361A260B4
S21400AF08E382A37638BD00BFA09B04000138C0B218
S21400AF1805289ABF014B185C01207047A59B0400C2
S21400AF282DE9F0410746154600240E46596888B0B4
S21400AF38490A012922464FEA510104F10104F8D8CA
S21400AF48DC78997824031B88C90201F4006104F4AC
S21400AF5880540C43C3F30A035203234492B24FF0BF
S21400AF6800089C18274B6FEA0444039325F078439F
S21400AF78ED4302A90DF107001B2202938DF8078006
S21400AF882BF0E1F99DF80720029B02A943EAC26369
S21400AF980DF107001B2225F07845049302958DF8DD
S21400AFA807802BF0D0F99DF80720029B6FEA14441F
S21400AFB843EAC26305934FF0FF330794069307A945
S21400AFC8BB69012206F110009847BB6905A904462B
S21400AFD8012206F108009847BB69404518BF044699
S21400AFE804A90122301D98470122404518BF04468F
S21400AFF8BB69304603A99847404508BF204608B0B5
S21400B008BDE8F08101009AB2044BD3F88420D2063A
S21400B018FBD4D3F88400C0F381107047004000507A
S21400B02838B5184B0546D3F824010C4600F007003F
S21400B038062823D8DFE800F0040A121A1E0E1600A7
S21400B048012305B1286004B1236038BD32F07EFEC6
S21400B0580523F6E732F07AFE0623F2E732F0B0FE72
S21400B0680323EEE732F0ACFE0423EAE732F0A4FE50
S21400B0780223E6E734F0EAFD0723E2E70023184652
S21400B088DFE700BF0080005038B5104B0546D3F800
S21400B09800310C4603F00303022B0BD0032B0DD014
S21400B0A8012B0FD132F08CFE032305B1286004B1C2
S21400B0B8236038BD32F08AFE0823F6E734F0C6FD72
S21400B0C80723F2E701230020EFE700BF00800050C7
S21400B0D838B5104B0546D3F820310C4603F0030369
S21400B0E8022B0BD0032B0DD0012B0FD132F02EFEE6
S21400B0F8052305B1286004B1236038BD32F060FE30
S21400B1080323F6E732F058FE0223F2E70123002075
S21400B118EFE700BF0080005038B5104B0546D3F85F
S21400B12840310C4603F00303022B0BD0032B0DD043
S21400B138012B0FD134F08CFD092305B1286004B12A
S21400B148236038BD32F042FE0823F6E734F083FD6C
S21400B1580B23F2E701230020EFE700BF0080005032
S21400B16838B5104B0546D3F860310C4603F0030398
S21400B178022B0BD0032B0DD0012B0FD134F068FD1A
S21400B188092305B1286004B1236038BD32F01EFEDD
S21400B1980823F6E734F05FFD0B23F2E701230020CF
S21400B1A8EFE700BF0080005073B50D4600210E4B38
S21400B1B80191D3F88041064604F00304012C09D017
S21400B1C8022C0CD00C460EB1019B336005B12C60E6
S21400B1D802B070BD01A8FFF77BFF0F24F3E732F03B
S21400B1E8EBFD0190EFE700BF0080005038B5104B2C
S21400B1F80546D3F840320C4603F00303022B0BD067
S21400B208032B0DD0012B0FD134F022FD092305B1F5
S21400B218286004B1236038BD32F0D8FD0823F6E76D
S21400B22834F019FD0B23F2E700231846EFE700BFBA
S21400B2380080005038B5144B0546D3F800020C467B
S21400B24800F0070004281BD8DFE800F003090D11FA
S21400B2581500012305B1286004B1236038BD34F019
S21400B268F7FC0923F6E732F0B1FD0823F2E734F0DD
S21400B278F2FC0B23EEE732F089FD0E23800AE9E79D
S21400B28800231846E6E700BF0080005010B40D4CB7
S21400B2980B46D4F8204204F00304012C0AD0022CF2
S21400B2A80CD008B1002101600BB100221A605DF8CD
S21400B2B8044B70475DF8044BFFF70ABF5DF8044B74
S21400B2C8FFF72ABF00800050B0F5207F1FD009D8AE
S21400B2D8B0F5007F15D003D868B1B0F5C07F0AD0A6
S21400B2E800200CE0B0F5607FFAD10B4BD3F8800055
S21400B2F8C0F3011003E0084B186FC0F303300130A9
S21400B3087047054BD3F89000C0F30460F7E7024B8C
S21400B318186FC0F38020F2E7008000504FF4003228
S21400B3280E4B014610B500209A66FFF7CDFF48433E
S21400B33841F671320A490B4B884294BF002001201F
S21400B348DC69DA639A6822F4401242EA00529A608C
S21400B358E20344BF0022DA6310BD00BF009000502D
S21400B368005A6202000003505F2898BF094B4FEA54
S21400B378501294BF53F82230074B00F01F0029B133
S21400B38803F58053012282401A60704703F5005384
S21400B398F8E700BFAC9B0400608200501FB5002190
S21400B3A8B0F5807F0446019100F0068100F29D808A
S21400B3B8612800F295801F2805D8002840F0928062
S21400B3C832F0E4FCDCE0A0F12004412C00F28A8094
S21400B3D801A353F824F000BFC9B300008DB50000E0
S21400B3E8C9B300008DB50000ADB50000ADB50000CE
S21400B3F8ADB50000ADB500008DB500008DB50000F8
S21400B40867B5000021B50000E3B50000EDB5000003
S21400B41821B500008DB500008DB500008DB5000083
S21400B428EDB40000EDB40000EDB40000EDB400008B
S21400B438EDB40000EDB40000B7B5000043B5000059
S21400B4488DB500008DB500008DB5000001B6000072
S21400B458F7B500008DB50000EDB40000EDB40000AF
S21400B468EDB40000EDB40000EDB40000EDB400004B
S21400B478EDB40000EDB40000EDB40000EDB400003B
S21400B488EDB40000EDB40000EDB40000C9B3000050
S21400B498EDB40000C9B30000C9B30000C9B300008A
S21400B4A8ADB50000EDB40000EDB40000EDB400004A
S21400B4B8EDB40000EDB40000EDB40000EDB40000FB
S21400B4C8EDB40000EDB40000EDB40000EDB40000EB
S21400B4D8EDB40000EDB40000C9B30000C9B3000025
S21400B4E880284BD0019804B010BDB0F5A06F5ED090
S21400B4F828D8B0F5607F50D019D8B0F5007F4CD06A
S21400B50804D8B0F5C07F3FF45BAFEBE7B0F5207F1B
S21400B51838D0B0F5407FE5D132F038FC02464FF41B
S21400B5282070FFF7D1FEB2FBF0F2520833E0B0F518
S21400B538806F37D0B0F5906FD4D1002101A8FFF7FF
S21400B5486FFDCFE7B0F5E06F51D00DD8B0F5C06FFE
S21400B55843D0B0F5D06F45D0B0F5B06FC2D100215A
S21400B56801A8FFF721FEBDE7B0F5F06F44D0B0F5AF
S21400B578086FB7D101A8FFF787FDB3E732F0ECFBF9
S21400B5880190AFE732F002FC02464FF42070FFF756
S21400B5989BFEB2FBF0F20192A4E732F0DDFB024616
S21400B5A82046F4E7002101A8FFF792FD9AE700215C
S21400B5B801A8FFF76BFE95E74FF0E02302911B69A1
S21400B5C85B0705D532F0E2FB0290029B019389E700
S21400B5D803A902A8FFF7A0FDF7E7002101A8FFF7D7
S21400B5E89BFD7FE7002101A8FFF724FE7AE70021EC
S21400B5F801A8FFF7FBFD75E7002101A8FFF7B0FDDE
S21400B60870E700BF08B58020FFF7C8FE034B9842D6
S21400B6189EBF4FF48032024B1A6708BD005A62027A
S21400B62800A000501FB503460020B3F5807F0190A8
S21400B6386FD027D8382B00F082800BD8243B092BF4
S21400B6480FD8092B0DD8DFE803F05F5F5F5F0C0C9F
S21400B6585A0C3675522B57D007D83D2B3AD03E2B6E
S21400B66872D0019805B05DF804FB802BF9D1394BF0
S21400B6781B6F03F00703013B032BF2D8DFE803F048
S21400B6883D36393BB3F5D06F54D019D8B3F5A06F13
S21400B69855D00AD8B3F5806F36D0B3F5906FE0D1A1
S21400B6A8002001A9FFF7BCFCDBE7B3F5B06F26D096
S21400B6B8B3F5C06FD5D1002001A9FFF72DFDD0E75F
S21400B6C8B3F5006FECD00AD8B3F5E06F3CD0B3F50D
S21400B6D8F06FC6D1002001A9FFF742FDC1E7B3F518
S21400B6E8086FBED101A9FFF7CFFCBAE7052301937F
S21400B6F8B7E70323FBE70723F9E70223F7E700206A
S21400B70801A9FFF751FDACE7002001A9FFF7E0FC0F
S21400B718A7E74FF0E02302901B695B0705D532F0D8
S21400B72835FB0C230393039BE1E703A902A8FFF765
S21400B738F3FCF8E7002001A9FFF77CFD91E700205D
S21400B74801A9FFF7A3FD8CE7002001A9FFF74EFD2E
S21400B75887E700BF008000504FF40022034B5A666C
S21400B768012203F580439A62704700BF009000509C
S21400B77870B504468020FFF755FF032800F0828046
S21400B7884FF40022444B02215A6645F60E03434AFC
S21400B798C2F88030424B9962012103F580539962C2
S21400B7A8936DD903FCD4D4E900131B0543EA01635F
S21400B7B8E17B94F823500B43217B43EA0143617BEA
S21400B7C843EA0133A17B43EA811313619169D4E903
S21400B7D804031B0643EA806301F000410B43A17E85
S21400B7E8E07E0B43217E43EA0143617E43EA012360
S21400B7F89361E169136A002923F00D0343EA010304
S21400B80814BF0121002143EA800343EAC1031362FF
S21400B81894F8203094F82200916A4FEA431332D104
S21400B82894F8216021F0330143EA06130B4343F0F2
S21400B838010393621B49194B9A6D31EA0202FBD148
S21400B848022217498A621A659A6D5200FCD41A6950
S21400B858A16822F4700242EA01521A614FF00042CF
S21400B8680F4B9A6118B9022203F580539A6215B9EC
S21400B87801220D4B9A6294F824301BB1074B0B4AF1
S21400B888C3F8802070BD21F0330129430B4343EAF7
S21400B89840039362EFE700BF0090005000C00050DE
S21400B8A800D000500300014000E00050F1A7FFFF61
S21400B8B8014B93F90000704761580020014B18802F
S21400B8C8704700BF08680020B0F5207F10B50C460A
S21400B8D842D008D8B0F5007F33D003D888B1B0F589
S21400B8E8C07F0ED010BDB0F5607FFBD11F4A4C1E3E
S21400B8F8D2F8803023F0300343EA0413C2F88030CD
S21400B908F0E72AF03EFD2AF04AFD4FF48031184B46
S21400B918164A1967136F013C23F4704343EA04334D
S21400B928136732F033FA0446FFF76EFBC0F10201E4
S21400B93820462AF02EFD00F035F8BDE81040FFF747
S21400B94861BE0A4A4C1ED2F8903023F0F85343EAF8
S21400B9580463C2F89030C5E7044A4C1E136F23F4FC
S21400B968806343EA84231367BCE700BF0080005067
S21400B9780090005008B50121022000F0E1F84FF4CD
S21400B9882070FFF7A1FC054B18702AF0FAFC2AF085
S21400B99806FD4FF48032024B1A6708BD6058002037
S21400B9A80090005008B54FF4C070FFF7F7FCBDE8EC
S21400B9B808400449884294BF012102214FF42070B0
S21400B9C8FFF782BF80F0FA0238B5044632F0DEF997
S21400B9D80546FFF719FBC0F1020128462AF0D9FCF4
S21400B9E80121002000F0ECF82CB1FFF7DBFFBDE8E2
S21400B9F83840FFF707BE034B4FF420701978FFF75F
S21400BA0863FFF4E76058002010B5224B70B94FF476
S21400BA180031214A1860516602F598325268012AA8
S21400BA2803D11E4AD2F800211A6010BD1B68002BED
S21400BA38FBD01B4A5268012AF7D0184A8020C2F861
S21400BA480031FFF7EFFD05281FD14FF4C070FFF750
S21400BA583BFC0128044604D102214FF4C070FFF7CE
S21400BA6833FF07220F4B1A610122A3F580535A6051
S21400BA780B4A1369DB07FCD5012CD6D12146BDE855
S21400BA8810404FF4C070FFF71FBF0122064B5A60E4
S21400BA98CBE700BFEC370020009000500080005035
S21400BAA800C0015000E0015000D00150044A41781F
S21400BAB8536F23F4407343EA01235367704700BF6C
S21400BAC80040005010B5044610B10020FFF79CFF58
S21400BAD8124A136943F00403136132F0CDFC2AF0CE
S21400BAE863FC0F4B5B6E5B0142BF0E4B0E4AC3F8FE
S21400BAF8202434F098F834F04FFB34F08FF82AF00E
S21400BB0854FC01F077FE1CB9BDE8104032F03EB98F
S21400BB180120BDE81040FFF777BF00BF00ED00E04A
S21400BB280080005000E003500000FF0F034A017930
S21400BB38D36E23F030030B43D366704700400050A3
S21400BB48F8B504461C4BD3F88420D106FBD4D3F8AA
S21400BB588430C3F381139C422CD032F0FDF8012CBC
S21400BB68064602D121462AF014FC34F05CF84FF061
S21400BB780072124B07465A6620462AF01DFC4FF400
S21400BB8880630D4D621E93402B676B6E9A0103D43B
S21400BB98D5F884309B060AD5384634F03FF8022C90
S21400BBA808D13046BDE8F84000212AF0F2BBD5F8A7
S21400BBB88430EAE7F8BD00BF00400050006000503F
S21400BBC810B50C4608B932F0C7F8074B21461B7863
S21400BBD83BB1064B984204D80120BDE81040FFF759
S21400BBE8AFBF0220F9E700BF62580020005A620281
S21400BBF80278034B012100201A70FFF7E1BF00BF4F
S21400BC08625800204FF0004238B5264B26495A663F
S21400BC1801224A604AF6CD3103F50B235D6C1964A0
S21400BC28154030BB9968C9070BD4002401221F4B66
S21400BC385A6015B11E4B1F4A1A642EF086FE20461F
S21400BC4838BD1A498A601C4AD96ACC0705D490427E
S21400BC5801D10724EAE70130F6E79042E5D1F8E794
S21400BC680132DC6A14F0080406D08A42F8D10724A8
S21400BC78DFE700221049F4E78A42F8D020220B4B6F
S21400BC880B495A620122A3F580539A6023460A4A52
S21400BC98486A800603D49342E9D00133F8E7934212
S21400BCA8C7D1E4E7009000500050095000600950E2
S21400BCB8004009503254FFFF40420F004FF0004248
S21400BCC838B5174B174C5A66012203F50C235A60F1
S21400BCD84AF6CD33656C2364437893401343124A7F
S21400BCE8D363C3788178A2689B0043EA011322F0E5
S21400BCF874021343A3600279837943EA022323611B
S21400BD084279C37943EA022363610078FFF77AFF32
S21400BD18EB0744BF054B23642EF017FE012038BD01
S21400BD280090005000400950004000503254FFFF79
S21400BD384FF40032054B9A6641F6713203F51C3310
S21400BD48DA63012203F50053DA607047009000506A
S21400BD5841F671320121064BDA6303F50052D160D1
S21400BD680022DA634FF40032A3F518339A66704758
S21400BD7800000350044B1868421C02BF034AD2F85E
S21400BD8894001860704700BFDC6200200040005036
S21400BD98CB784A7810B55B010C7843EA82030A79B7
S21400BDA8234343EA02130C22424302F1B0421363D0
S21400BDB8012C02BF8A78024B43F8202010BD00BF32
S21400BDC8E880035008B54FF0B0435A6802B960B12E
S21400BDD85B680BB12AF0F7FA4FF0B04130B101209A
S21400BDE8074B58602AF0EFFAC86008BD2AF0EBFA4D
S21400BDF80223CB602AF0E7FA0122024B5A60F4E7E6
S21400BE0800100058002000584FF0B0414B6810B59D
S21400BE180BB12AF0D8FA01220B4BC4785A60837803
S21400BE28934043EA840344782343047943EA04139B
S21400BE38447943EAC4038B60044B5A600378C3F121
S21400BE480203CB6010BD00BF002000580010005849
S21400BE584FF48032064B5A6603F5E6235B69C3F354
S21400BE688512827003F03F021B0B42700370704706
S21400BE7800900050024B1868C0F30740704700BF98
S21400BE880080E00F0120034B9B680A3303F01F0372
S21400BE98984070470080E00F034BD3F82424D3F86B
S21400BEA820041040704700BF00C003502DE9F84337
S21400BEB81E4B0546D3F810334B1E0E2B0E46174660
S21400BEC890F8009044781DD909B34FF0000828462A
S21400BED8D7B133F0C3FE09EB4903072C4FF00F0127
S21400BEE84FEA031315D8A400114808FA04F2A14033
S21400BEF818442AF070FABEB928468FB1BDE8F84350
S21400BF0833F0ACBE8846E2E72AF074FAE3E78846E0
S21400BF18E1E7083CA400074808FA04F2A140E7E76E
S21400BF28BDE8F8432AF066BABDE8F88300C00350B7
S21400BF3804C003500CC003502DE9F0412B4B1746A4
S21400BF48D3F810234A1C06460C46407804D1D3F88A
S21400BF5824142AF05DFA0446002C2FDB072C4FF039
S21400BF68030532782DDC4FEA840805FA08F52946D9
S21400BF781F4802FA08F22AF02EFA294672781D4857
S21400BF8802F0030202FA08F22AF025FA012317F053
S21400BF98050F194A18BF194903FA04F30CBFC2F86B
S21400BFA81034C1F8103417F0060F18BF134AC2F839
S21400BFB814340123104AA340C2F820342046BDE8B2
S21400BFC8F081A4F108084FEA880805FA08F529461A
S21400BFD80B4802FA08F22AF0FEF97278294602F0AF
S21400BFE80302084802FA08F2CEE700BF00C0035072
S21400BFF800C4035008C4035000E0035000D00350A8
S21400C00804C403500CC4035070B504462EF0E2FC7A
S21400C018064630B90FCC044D0FC594E8030085E8F2
S21400C0280300304670BD00BFF037002047F6FF73A8
S21400C0389A42F0B569D0022969D8364B5B5C012B69
S21400C04865D8354DDE0005EBC30415F83330A17806
S21400C058012B13D10025E078401AA84202D80844DC
S21400C068C0B2F0BD431B6668A0EB530336F91360F5
S21400C0789642D4BF1D4603F1FF30EEE760680028FD
S21400C088EFD0B0F90040944204DBB0F90240944285
S21400C098B8BF144683883544FF2B19BFC823282702
S21400C0A8B0F90630B0F90870A3EB04030CBF012200
S21400C0B8002293FBF7F36E7813441BB29E4201DD11
S21400C0C8002B01DA731E1BB24FF47A7C00EBC30513
S21400C0D8EA88AD685F1C14FB02521D4622EAE2722B
S21400C0E83BB25C329E42B2FBFCF204DD00EBC307B7
S21400C0F8BF889742EAD200EBC5039888904228BFCB
S21400C1081046884238BF0846AAE7FF20A9E700205D
S21400C118A7E700BFB89B0400F03700200229F0B557
S21400C12855D82C4B585C012851D82B4C04EBC00131
S21400C13814F830004B6801280FD1C8788C789042E4
S21400C14894BFC4EB0001C4EB0201001BCAB28242D2
S21400C158C8BF002233F91200F0BD002B37D088780C
S21400C168904202D3B3F90200F6E7CC78B3F90000A0
S21400C1789442F1D94C789988013CA1F1FF067142A6
S21400C18803F10405E4B2714103F10C07CEB2B442E0
S21400C19816D805EBC1014FF47A756A43B1F9024027
S21400C1A84968521A04EBD47102EB610292FBF4F26E
S21400C1B89042D1DBB3F902009042CDDC10B2CBE757
S21400C1C837F831C04E1C9445E3D33146DEE70348C2
S21400C1D8C2E700BFB89B0400F03700200080FFFFCE
S21400C1E808B50448FFF710FFBDE8084001202EF008
S21400C1F8F7BB00BFBC9B04007FB51422002101A832
S21400C20810F0CEF8044B01A94FF0FF3002932EF041
S21400C2182DFC07B05DF804FB006A18004FF40052C6
S21400C228034B00209A660322C3F86022704700BFBB
S21400C238009000504FF40052034B00209A660322E9
S21400C248C3F86022704700BF00A000502DE9F04FE9
S21400C258894691B00DF1300B8246DDE91C6417461D
S21400C26800211022584698461E9D10F099F81F9BEC
S21400C278B9F1000F04D16FF0860011B0BDE8F08F59
S21400C288002FF8D00EB9002CF5D11A9A12B91B9ABD
S21400C298002AF0D10DB9002BEDD1209A002AEAD059
S21400C2A8424A904502D0424A90457CD1BAF80020CE
S21400C2B8B2F5105F77D1BAF80220B7EBD20FDAD30F
S21400C2C822F04001802902D0B2F5807FD3D11CB974
S21400C2D8209B00201C60D0E7AE421FD23219954240
S21400C2E81CD29C42C7D831462246284610F0AAF8E7
S21400C2F82F4B2E46984526D014F00F03BBD1CDE918
S21400C3080097CDE90236CDE90443CDE906540893F3
S21400C318FFF784FF50B16FF09200AEE7244A9045CD
S21400C3280FD09C42E8D96FF08900A6E7684606AAAF
S21400C33803A90EF05BFB0546FFF77CFF0543C7D055
S21400C348E9E79C42EFD81B9B0D2B94D101238DF86F
S21400C35830301A9B0DF1310203F10C0153F8040B2F
S21400C3688B4242F8040BF9D11B7813700123102274
S21400C3788DF83F300023CDE90097CDE90A23CDE9B3
S21400C3880236CDE90443CDE90654CDF824B0089327
S21400C398FFF744FF0028BED1684609AB06AA03A9E2
S21400C3A80EF04CFBC7E76FF0850066E700444004D4
S21400C3B80013C0042DE9F04F91B09046DDE91A4508
S21400C3C8DDE91C6B1F468946DDF878A021B96FF0B9
S21400C3D8860011B0BDE8F08F002AF8D00CB9002D01
S21400C3E8F5D116B9BBF1000FF1D1BAF1000FEED0B6
S21400C3F8484B9F4203D0484B9F4240F087800388B3
S21400C408B3F5105F40F082804388B8EBD30FDED3D5
S21400C41823F04002802A02D0B3F5807FD7D125B911
S21400C4280023CAF800300020D3E7102D05D1394B79
S21400C4389F42F5D1B44202D343E0B4423ED26319D8
S21400C4489E423BD25D45C2D821462A4630460FF06A
S21400C458F9FF304B34469F4238D00D3D5D4532D803
S21400C46801238DF8303023460DF1310204F10C011A
S21400C47853F8040B8B4242F8040BF9D11B780D34A1
S21400C48813704FF48073ADF83E300CAB102209934E
S21400C4980023CDE90098CDE90A23CDE90345CDE987
S21400C4A80536CDE907530293FFF7B8FEF0B968469C
S21400C4B809AB06AA03A90EF0D5FA1FE0164B9F4251
S21400C4C8CBD05D4502D96FF0890082E715F00F03DF
S21400C4D87FF47DAFCDE90098CDE90234CDE9045369
S21400C4E8CDE906650893FFF799FE10B16FF0920044
S21400C4F86FE7684606AA03A90EF08CFA0446FFF70B
S21400C50899FE0443F2D1CAF800508CE76FF0850014
S21400C5185FE700BF004440040013C00410B54FF4A2
S21400C5282F72002104460FF03BFF8023C4F88C309E
S21400C538054B04F19C00C4F88430012384F8883045
S21400C548BDE8104029F0DDB9C006040010B5D0F8E3
S21400C558A0400A468CB92AF05BF9044610B90024B4
S21400C568204610BD2D2896BF064B074953F82010C5
S21400C578064A07482AF092FAF2E7D0F8A4101046BE
S21400C588A047ECE7409C0400C3060400EC04040043
S21400C598F3070400F8B590F88060044616B1002644
S21400C5A83046F8BD29F067FF0028F8D1012384F843
S21400C5B8803094F8883033B1D4F884101F4884F853
S21400C5C888602AF06BFA4FF0FF37D4F8B402421CA2
S21400C5D81FD0C4F8B47210F0FF052CD0204629F0FE
S21400C5E847FF2946204600F0A7FB0028EDD0204646
S21400C5F829F04CFF94F888303BB1D4F884100F48E3
S21400C6082AF04CFA002384F88830002384F8803017
S21400C618C6E72AF028FA431CDDD1D4F88C30D4F8C3
S21400C6289420013B9A4204DB054A064906482AF04C
S21400C63835FA0126E9E70126C7E700BF8E19040088
S21400C648EC040400D1060400F3070400F8B50B78E0
S21400C6580446302B0D46164604D14B7803F0DF030C
S21400C668582B11D0284F6A1E12F8011F002934D102
S21400C67828460A220FF084FD202C03460D4631D1A9
S21400C688B1FA81F040091AE04A1C1F4912F8013F26
S21400C6988BB928460FF080FD1C4B02382340032B2D
S21400C6A812D10134A41084420AD1A87837288CBF46
S21400C6B80020012003E0CB5C13F04400E6D1F8BD6F
S21400C6C8CCBF01200020FAE7002CB8BF0334B0EB3B
S21400C6D8A40FD4BF01200020F1E77B5C13F0040010
S21400C6E8C2D1ECE726B1084302D0013B61F1000550
S21400C6F80122A240013A1A40002D08BF9A420CBFF8
S21400C70801200020DBE700BF49C2040003000080C8
S21400C718F0B5037801467B2B17D106460224002283
S21400C7280B4F16F8015F7D2D05D10B5D6BB9D24313
S21400C73802F0010008E07B5D13F0440002D00132ED
S21400C7480134EEE7202DFBD0F0BD0020FCE700BF4B
S21400C75849C2040070B506460D460FF01DFD044696
S21400C76830462AF09BF9044EAC4200D370BD3046E2
S21400C7782AF094F90134F7E7661004002DE9F84F1B
S21400C788044602215148FFF7E5FF1E212068FFF7FF
S21400C798E1FF636858682AF081F94D482AF07EF967
S21400C7A867683B7BFD2B12D8D7F808804FF0FF361A
S21400C7B840460FF0F1FC0546DFF81091DFF870A14F
S21400C7C8DFF84CB10C3717F8013BFF2B01D1BDE859
S21400C7D8F88F212B18D8212B36D8DFE803F03772CC
S21400C7E874111B1D1F21353535353535353523254F
S21400C7F827292B2D2F3135353535353535353D330C
S21400C808344C002D2BD12EE0334C344AFE2B08BF77
S21400C8181446F6E7324CF4E7324CF2E7324CF0E7CF
S21400C828324CEEE7324CECE7324CEAE7324CE8E7BB
S21400C838324CE6E7324CE4E7324CE2E7324CE0E7CB
S21400C848324CDEE7324CDCE7234CDAE7314CD8E7EB
S21400C8582AF018F901362AE0002DB4D02E4C202BE9
S21400C86806F10106AFD002214846FFF773FF1E21E6
S21400C8784846FFF76FFF50462AF010F959462046FB
S21400C8880FF0E4FF2549002818BF214624482AF05F
S21400C89805F93B78202B02D12B202AF0F3F8214803
S21400C8A82AF0FCF84DB118F806301F2B05D018F8FA
S21400C8B806001F2801D0AE42CADB05482AF0EEF86B
S21400C8C881E7194C9DE7194C9BE700BF0652040008
S21400C8D8EC0404007B0704008D07040072210400A2
S21400C8E8D8070400DF070400D0070400CC070400BC
S21400C8F8C3070400B9070400AF070400C407040010
S21400C908BA070400B0070400A50704009E07040041
S21400C918950704007A070400800704008B070400C4
S21400C9288E190400040B0400D7070400DE07040071
S21400C9385A2204002DE9F04F9BB005468B4600248A
S21400C948009203930FF028FC249F039B04901C601E
S21400C95828463C600AAA09A92AF0C2F8064658B929
S21400C9680A980FF019FC3446B046039B1860D5F8B1
S21400C9789C300293029B1BB920461BB0BDE8F08F83
S21400C988029BD3F80890B9F1000F6CD02E4416F825
S21400C998013B202B11D000260C23734309EB030A16
S21400C9A859F803300193002B58D0099B434555DBB3
S21400C9B89AF808202AB1721C39E03B6801333B60BC
S21400C9C8E5E73968D5F894200793039B521A1A604E
S21400C9D81AAB03EB880151F8403C019918460593B9
S21400C9E80FF0F4FE06900028E5D101980FF0D4FB6E
S21400C9F8DDE906230146DAF80400D7F800A090F827
S21400CA080CC0BCF1FE0F16D103F1FF3EC64512D08E
S21400CA18D0F80090059801920FF0BEFB0AF1010AC3
S21400CA28019A50442B5C23B1386008F10108164679
S21400CA38B2E70130F6E7D5F894200591A2EB0A0292
S21400CA488A4220DC58460FF0A7FB059901447B294B
S21400CA580DD958461F4A009928F07AFF2B46049AA3
S21400CA682A4493422CD1029B1B68029382E7DDE995
S21400CA780012584628F06CFF5846174A00990134A9
S21400CA8828F066FF97E7BCF1FE0F94D1013B4345BB
S21400CA9891D1D0F800A0DFF840905AF80C2B22B9B4
S21400CAA8049B3B60039B1A60D8E75846009928F019
S21400CAB84FFF4A465846009928F04AFF0134ECE7EB
S21400CAC813F8011B0029CCD14FF0200103F8011CF4
S21400CAD8C7E700BFE5070400661004002DE9F04725
S21400CAE8002486B01C60DDE90EA8064689468AF84A
S21400CAF800401168154888F8004017461D468DF80E
S21400CB081740FCF7EFFA18B901242B6801332B609D
S21400CB180020D6F89C6036B914B1012388F8003096
S21400CB2806B0BDE8F087B06868B14B460021CDE98D
S21400CB3802A8CDE900750DF1170229F008FE9DF848
S21400CB481730002BE8D13668E5E700BFEA0704008F
S21400CB582DE9F0470446ADF5447D8022002104A85F
S21400CB6802AF0FF01DFC80222046009703AB04A9F5
S21400CB78FFF7E0FE01283DD104A80FF00DFB03994E
S21400CB883B68461A0B4426EAE6762344054604A87C
S21400CB983246014418460FF093FD00228255D4F819
S21400CBA89060039B3968D4F890201944B14212DC8F
S21400CBB8D4F89410E81A0244C4F89020014404AA51
S21400CBC8C4F89410D41825182B1B002B0DDC0DF573
S21400CBD8447DBDE8F087A05C29F054FFD4F8903077
S21400CBE801360133C4F89030DBE714F8010B29F05E
S21400CBF849FFE9E7EBDD24AD8022002128460DF544
S21400CC08887A0FF0CDFB0DF110094FF40072002161
S21400CC1850460FF0C5FB4FF001084A46002312F8AD
S21400CC28016BA6B904A84AF828300FF0B5FA2946C9
S21400CC38334698451CDB19F8016B0DF5887C5CF8C3
S21400CC48042B82420CD101F8016B0133F1E7202E48
S21400CC5803F1010304BF4AF8283008F10108DEE7AB
S21400CC680DF1100E7244D25CB242E8D00022EA54AB
S21400CC78D4F89060039BB3422FDC23462C4A04A9C1
S21400CC882C4829F00BFF28460FF086FA0646039B29
S21400CC983F68F61A1F4426EAE672E01917441D4450
S21400CCA8E11904F1900399423CD904F1980398429B
S21400CCB838D26A1E81190B1A002B27DD12F8013F9D
S21400CCC800F8013BD4F890300133C4F89030D4F81B
S21400CCD894300133C4F89430EDE7D4F89030013638
S21400CCE8E05C29F0CFFED4F890300133C4F89030D9
S21400CCF8C0E7D4F89020013B0132C4F89020D4F85D
S21400CD0894200132C4F89420002BF2DC00232E4431
S21400CD18E355731B002B7FF75AAF15F8010B29F064
S21400CD28B1FEF6E729460FF0CBFC3346ECE700BF2A
S21400CD38C0060400EF0704002DE9F843D0E924569E
S21400CD4804460F46002294F89830012B07D10A2F84
S21400CD5807D1002384F898300020BDE8F88300F255
S21400CD689F801B2F01D10223F4E70D2F0DD101233D
S21400CD7884F898300D2029F085FE0A2029F082FED6
S21400CD8800230120C4E92433E7E74FF00008082F02
S21400CD9884F8988034D1454530DDB5420FD1384601
S21400CDA829F070FE202029F06DFE013D384629F056
S21400CDB869FE013E04F80580C4E92456CCE7FBDA90
S21400CDC805F1FF39384629F05DFE04EB0903A6EBAA
S21400CDD80902611918460FF035FB04F8068001466B
S21400CDE8013E484829F05AFE35464D4501DC4D4679
S21400CDF8E2E7082029F046FE013DF6E7ACD0DBE77F
S21400CE087F2F1CD1002EA7DDB542A5DA6319691C51
S21400CE1821441846721B0FF015FB04F806800146DD
S21400CE28394829F03BFE0820013E29F02BFEB54282
S21400CE38F9D1D4F89430013BC4F894308CE70A2F23
S21400CE4898D0092F03D12046FFF782FE84E7D4F84E
S21400CE588C30013BB3427FF77FAFB54204EB050841
S21400CE6805F101090CDB384688F80070D4F89430D0
S21400CE78C4F890900133C4F8943029F003FE6BE7A9
S21400CE884146721B04EB09000FF0DCFA404629F015
S21400CE9805FE0820013E29F0F5FDB542F9DDE2E77A
S21400CEA8022B06D15B2F01D1032353E784F8982081
S21400CEB849E7032B7FF450AF413F84F89820032FAF
S21400CEC83FF64AAFDFE807F002070A1601212046B8
S21400CED829F089FD40E74FF0FF31F8E7B542BFF685
S21400CEE83BAF605D29F0CEFDD4F890300133C4F82E
S21400CEF8903031E7002D7FF72FAF013D0820C4F8AA
S21400CF089050BAE7F8070400F20B040007B56B4622
S21400CF18054A1068516803C36846FEF7CFFE00202E
S21400CF2803B05DF804FB00BFF89C040030B58BB076
S21400CF386C46174D0FCD0FC40FCD0FC495E80300F0
S21400CF4884E80300134BD3F84C2112031CD5A3F531
S21400CF58FE431C884FF6FF739C4208BF8C248DF84E
S21400CF681940FEF7A5FC204480F308008DF8180049
S21400CF780948FCF74FF96846FEF7FAFB3220FEF739
S21400CF889DFC00200BB030BDD3F85041E4B2E6E774
S21400CF98009D04000080E00F00F049020028ACBFA6
S21400CFA800F16040064B4FEA0111C9B2ABBF00F56D
S21400CFB8614000F00F0080F800131954704700BF56
S21400CFC814ED00E008B532F03BFE0B4B1A7872B948
S21400CFD801221A7032F02FFE6FF00402104601325A
S21400CFE8052152B2FFF7DAFF402AF7D108BDBDE89F
S21400CFF8084032F020BE00BF63580020002807DB38
S21400D00801234109034A00F01F00834042F82130FB
S21400D018704700BF00E100E0054B421153F822308C
S21400D02800F01F0023FA00F0C04300F0010070472C
S21400D03800E100E0002808DB01224309034900F06C
S21400D0481F008240603341F82320704700E100E06B
S21400D05810B5044632F0E7FD024B1C6032F0DEFDE8
S21400D068002010BD1038002010B532F0DCFD034B50
S21400D0781C6832F0D3FD204610BD00BF10380020D3
S21400D08838B50C461546014610B9FFF7EDFF0146C0
S21400D0982B46224603480EF087F80028D4BF3720D0
S21400D0A8002038BD3F6C030008B500F017FC18B127
S21400D0B86A21024832F048FE002008BDFD07040039
S21400D0C808B500F049F80C4A536A43F470235362D3
S21400D0D8EFF308834FF0CD31084A043B934208D259
S21400D0E800F070FAFFF7E0FFBDE808400448FEF7D6
S21400D0F88BBF43F80419F1E700ED00E008000020B4
S21400D108BC9B040007B5042200200DEB02012DF09D
S21400D11825FC042803D0D721044832F015FE0198D0
S21400D12800F0DCF903B05DF804FB00BFFD0704005F
S21400D138082310B50C0A41400648C9B241F300025C
S21400D148013B024013F0FF0382EA5101F6D184EA5C
S21400D158010010BD2083B8ED38B5FEF70BFE044677
S21400D16829F02BF9E3072AD401221046114600FAC3
S21400D17801F3234002F1010223D01D4B33F811308E
S21400D1881C48062B028844881B4920D14FF20F03FF
S21400D1989C4219D1B2F5406F28BF4FF4C0624CF2DA
S21400D1A83C330A80438040F201730A889A4201BFE2
S21400D1B8124B134AD2E90001C3E9000115E0002129
S21400D1C8DBE7102AD2D1DBE74FF4C062E7E740F28C
S21400D1D80725AB420AD14FF20F05AC4206D19A4258
S21400D1E804D14CF23C320B80428038BD0B80DAE723
S21400D1F8C09E0400A45F00205E5100201438002062
S21400D2089C5F0020014B1888704700BF5E510020C5
S21400D218014B1888000A70475E510020044B0548E9
S21400D2281B881A0AB3F5406F38BF00EB82007047B8
S21400D2385E510020909E0400044B1888044B020A96
S21400D24853F82230C0B203EB800070475E510020CE
S21400D258609E040010B5044632F0E9FC4FF20F0257
S21400D268044B1C805A80BFF35F8FBDE8104029F03E
S21400D278ACBC00BFA45F00206D4A2DE9F0416D4BA1
S21400D28855686D4C5D65516A99656C49D1F8000220
S21400D298D865D1F80412586B1966916A10F0040F15
S21400D2A85966D16A4FF000009966116BD966516BC2
S21400D2B81967D26BD8645A67D3E90E1218BF11469D
S21400D2C85F4A91421A655DD301F12000A04259D801
S21400D2D88869C5F308051864CE69062D5E6455D1BD
S21400D2E8584DA84252D3584DA8424FD205884DF6FD
S21400D2F8426085424AD11868C3F890005868C3F857
S21400D308940040F20170A242154604D22E680432F8
S21400D318B6F1CD3FF7D00022C3E91E22C3E920228A
S21400D328C3E92222641BDFF81CC1434DDFF818E16D
S21400D3389C648D422DD8D3E91EC7D3E92065D3E96E
S21400D34822414FF0000E013AD2B2FF2A3CD1BEF17C
S21400D358000F05D0C3E91EC7C3E92065C3E922410B
S21400D368B3F85430C3F308030C2B3BD8022B54D91C
S21400D378DA1E092A51D8DFE802F0315740435050E8
S21400D3885050504D0021C3E910112D494FF420602C
S21400D398B9E755F8044D6445CBD37445C9D2E607BA
S21400D3A8C7D50026294F57F8048FA045C1D00136A7
S21400D3B8062EF8D132B1013AD2B202F11E0643F86F
S21400D3C82640B6E70522F8E7E0464FF0010EBC46D1
S21400D3D837462E4625460C464146B4E740F6012019
S21400D3E8BDE8F0813B2B18D1194B9B6913F0020F4F
S21400D3F840F2025318BF1846F2E740F60320EFE75C
S21400D40840F6042240F20173B0F5206F0CBF1046B8
S21400D4181846E5E740F60520E2E740F60722013B16
S21400D4284E2B98BF1046DBE740F60220D8E700BF31
S21400D43800ED00E00C5F00200810002000E100E08E
S21400D448080000201863000080010400805F0020A8
S21400D4580080015A00F00CB800F00AB800F008B8CE
S21400D46800F006B800F004B800F002B800F000B803
S21400D47872B61EF0080F09D01EF0040F0DD0DFF8A4
S21400D48850E0AEE8FF1F6FF002000CE0DFF840E067
S21400D498AEE8FF1F6FF00E0005E0DFF834E0AEE8F8
S21400D4A8FF1F6FF006006946EFF309828EE8070053
S21400D4B886460848084C854501D3A54501D384F31C
S21400D4C80888FFF7D9FE84F30888FFF7C3FE000034
S21400D4D80C5F002048000020081000204BF6EF6282
S21400D4E883B2002B08BF1346044A000C13804FF67D
S21400D4F8CE2308BF1846024B188070470C680020D9
S21400D5080A6800200B4BB3F900201888002AB8BF19
S21400D51880F0620042001A80074AB2F900101388A9
S21400D5280029BCBF83F4805383F00B035900118095
S21400D538584070470C6800200A68002007B56846FF
S21400D54800F01AF8DDE900010022034B03B05DF88D
S21400D55804EB29F036BE00BF1C38002007B5009340
S21400D56813460A460146034829F0DFFB03B05DF878
S21400D57804FB00BF1C3800200249034A0160521A07
S21400D58842607047E068002000800020004870472E
S21400D5981C38002038B54160044632F044FB054686
S21400D5A82146044828F0B0F92846BDE8384032F04D
S21400D5B835BB00BF44380020014828F0A2B900BF98
S21400D5C8443800200222014B1A677047004000507A
S21400D5D870B532F028FB174E0546174832F051FB57
S21400D5E83378CBB900F07AF9044620B1284632F0F1
S21400D5F815FB204670BDFFF7DFFF32F018FC0F4B17
S21400D6081C6031F0BBF80E4B0E4A1860536F43F09F
S21400D6180103536729F0F1FD00F074F829F004FEC1
S21400D628094B0024186001232846337032F0F6FAB6
S21400D638DFE700BF705800202C9D04004838002003
S21400D64870380020004000504C38002038B504469A
S21400D65832F0E9FA0F4D02462B78FF2B04D1B4B10D
S21400D668BDE8384032F0DABA1BB9002CF8D00121F0
S21400D67803E0002C14BF0121FF210B44DBB22B7002
S21400D688B3FA83F304495B0910460B70E8E71946BA
S21400D698F3E700BF6D5800206C580020054B1B6848
S21400D6A85843054B00F5742000F23F20B0FBF3F01A
S21400D6B8704700BF7038002040420F0073B50F4E09
S21400D6C804463378834211D000238DF80430430093
S21400D6D801A88DF805300A4DFEF7E8F940203CB160
S21400D6E8FFF7DCFF2B68181A2860347002B070BD8C
S21400D6F8FFF7D4FF2B681844F6E700BF4E680020F3
S21400D708A838002073B5002401A88DF80440FEF759
S21400D7186FFA2046FFF7D2FF2C4B2D4AD3F800317C
S21400D72803F0030313604FF400222A4B5A664FF4A3
S21400D73800325A6630F09CFD4FF4C870FFF7AEFF13
S21400D748254B264A1860264913680134E4B20A2C89
S21400D75841F8040BF9D1034400EBC00003441360FE
S21400D768204B214D1B7813B3184BD3F8003103F028
S21400D7780303022B23D0032B24D0012B17D130F020
S21400D7881FFB024698B1194B194EDC680023194650
S21400D798C4F30B04013404EB84040138E4FB0601EB
S21400D7A80EF092FAFFF77AFF2B6803442B601F20CF
S21400D7B8FFF774FF2B6803442B6002B070BD30F08F
S21400D7C805FBDEE732F042FADBE700BF00800050D8
S21400D7D8B0380020009000507438002078380020B8
S21400D7E87C38002074580020A838002000C001505B
S21400D7F840420F000122154B10B55A67144B154CC2
S21400D8081B7813B3022032F003FBF0B131F03CF87A
S21400D818D8B1A36DD90302D5E36D9A0715D40D4B7D
S21400D8289B6DDB0711D401220B4B1A7032F0E4FA19
S21400D838BDE81040094B0A4A1860136F23F0070327
S21400D84843F00303136730F0A1BA10BD00D00050B0
S21400D8587558002000C0005072580020A4380020D8
S21400D868008000500122014B1A707047755800203E
S21400D87808B5FFF763FEFEF7FDFA01280ED1144B34
S21400D88804205A6E4FF480231249520358BF124A96
S21400D8984B6601F51041086258BF536629F0CCFC68
S21400D8A8FFF790FBFFF732FBFFF740FB0DF0C6FCD7
S21400D8B8FFF78EFE00F012F829F0BFFCFFF700FC19
S21400D8C829F0CAFC2CF058FFBDE8084029F0B6BC81
S21400D8D8008000500090005000A0005070B532F054
S21400D8E8AFF9144E05463478FCB9134B1C60134B3D
S21400D8F81C60134B1C6000F031F8012031F0B2F8C0
S21400D90831F0A4F80F4B0246186020B9284632F0CA
S21400D91892F9232070BD234640F2E7310A480EF0FC
S21400D928D3F90A4B186001233370284632F083F97E
S21400D9380020EFE778580020C4380020C0380020C0
S21400D948CC380020C838002018FCFFFFBC38002060
S21400D958014B1868704700BFBC3800201FB500246C
S21400D968194B18689A880290D3F806009B7A00909C
S21400D9781648ADF80C208DF8043032F082F902A86B
S21400D9888DF808408DF80C40FEF73EFA69460120EF
S21400D9988DF80040FEF7FCF940F2FF320C4B9A6116
S21400D9A85A614FF0B042936A13F00803FBD1136232
S21400D9B80120FEF707FA0C20FFF73CFB0C20FFF7C8
S21400D9C81DFB04B010BD00BFE99E0400289D04009E
S21400D9D80020005810B532F033F94FF0B043044633
S21400D9E85B695A06074A03F0010003F0510348BF73
S21400D9F840F00200536130F05DFF2046BDE810405D
S21400DA0832F019B90020005821282DE9F3410546BF
S21400DA1804D82C46204602B0BDE8F08100240B4E00
S21400DA280B4FDFF830800023CDF800801A461946E1
S21400DA38386828F0B2FA8442EBD2222CE9D056F89D
S21400DA48043BAB42E6D00134EDE700BF08A2040071
S21400DA58D8620020FFFF0F002DE9F04F644E654D99
S21400DA6889B029F045FC31682868FCF75DFD044656
S21400DA78002827D033680024D3E900019A69126881
S21400DA889047336804A89B699B68984733680220C8
S21400DA989B69DB689847326805985368E7B2B3FB1A
S21400DAA8F0F3BB42916904F101044ED8CB6800201C
S21400DAB8984733689B695B68984731682868FCF71D
S21400DAC833FD04460027DFF844A1DFF84481DFF879
S21400DAD84491F4B9484B2868DB5D002B00F083803E
S21400DAE8D8F8006002AB314603AAFCF79FFE2D2843
S21400DAF807D070B9039B012B0BD031462868FDF779
S21400DB08E9F8DAF8003031461A682868FDF762F84E
S21400DB1804460137222F0AF1040A08F1040809F11D
S21400DB280109D6D1B4FA84F3344A5B0913702B681A
S21400DB381B7C33B129F0A8FB18B1DB21304832F042
S21400DB4803F9204609B0BDE8F08F12680B6907FB99
S21400DB58002098479FE7D8F8003003AA194402AB7C
S21400DB680191FCF763FE2D28034601992BD02868FF
S21400DB7813B30BF1010B5FFA8BF18E422868EAD8D3
S21400DB88204BDB5D002BC4D0F3B27E2B2868C0D8B0
S21400DB98D8F8003003AA06EB030B594602ABFCF78D
S21400DBA845FE2D28B5D059462868FDF793F8013666
S21400DBB804460028E8D0ACE7039B7BB999F8002018
S21400DBC8029B9A42D5D099F80030DAF800202868E7
S21400DBD8FCF7FAFE0028CCD00446D1E70191FDF701
S21400DBE879F80199EFE7084BA346DE5DC3E700BF67
S21400DBF8B8620020D8620020E4A104007A58002009
S21400DC0884080400C2A104007EA10400F49E040057
S21400DC1808A20400A0A10400F8B51F46214B04463C
S21400DC281B780D46164623B100F47E23B3F50E2F57
S21400DC382BD02046FFF7E8FE2128044614D81A4BB6
S21400DC4853F82010194B1B78ABB1194B212C1868C8
S21400DC581DD8184B1B5DD3B13268FCF7BBFF0446D2
S21400DC6850B129F010FB07E0FF2807D93A4631469D
S21400DC7880B229F01CF800242046F8BD4FF4A9719C
S21400DC880D4832F061F80021DCE70146DAE77F2D1F
S21400DC9808BF00253B46324651FA85F1FCF794FE4C
S21400DCA8DDE700BF7958002008A204007A58002053
S21400DCB8D8620020E4A104008408040008B55208CD
S21400DCC829F0E4FA30B1BDE808404FF49C710248E8
S21400DCD832F03AB808BD00BF150904002DE9F7432D
S21400DCE8C70705460E46144604D540F2E3114948D0
S21400DCF832F02AF8E10704D54FF4F271454832F0BD
S21400DD0823F8454B93F80080B8F1000F20D043F273
S21400DD1860239D4208D12246314640480EF0D0FC8A
S21400DD28002003B0BDE8F083C5F30B0705F44055A3
S21400DD38B5F5805F14BF4FF40F204FF40E2023462E
S21400DD4832467F21384303B0BDE8F043FFF764BF8F
S21400DD5805F47043B3F5805F3FD1C5F30B05304A31
S21400DD6805F17E65631E2B44934230D82F46DFF8B4
S21400DD78A49007EB0408474542D1AA070ED04FF6F1
S21400DD88FF7336F8022BA81E43EA024304220DEB63
S21400DD9802010193FFF792FF0235023CA3070ED05B
S21400DDA8023C24F00103F35A04226FEA03436FEAA5
S21400DDB813430DEB020128190193FFF77FFF002C90
S21400DDC8AED0224631462846FFF778FFA8E740F24D
S21400DDD8FD11104831F0B8FFC8E705F46043B3F505
S21400DDE8005F04D1C5F30B0505F5FC25BEE740F238
S21400DDF80521084831F0A8FF6FF00F074546B6E73B
S21400DE0817F8013BFF2BB6D04FF40471484631F0A3
S21400DE189BFFB0E715090400795800200E6800201B
S21400DE28FF03E00F10B500F077F829F07BFA0446F8
S21400DE3818B100F079F8204610BD00F07BF80446CB
S21400DE480028F6D10122014B1A70F2E77B58002011
S21400DE58054B1B7833B1054BC0F313010022186835
S21400DE68FCF7FCBE112070477B580020D8620020C3
S21400DE78144B2DE9F0411B7805460E461746FBB1B4
S21400DE8829F037FA012805D9841EE4B2012C09D9ED
S21400DE98212412E03B4631462846BDE8F0410022E0
S21400DEA800F052B800F038F83B46002231462846C3
S21400DEB800F076F8044600F037F82046BDE8F08112
S21400DEC81124FAE77B580020124B70B51B780446DD
S21400DED80D461646E3B129F00CFA012805D9831E2B
S21400DEE8DBB2012B08D9212410E032462946204609
S21400DEF8BDE8704000F040B800F00EF82046324604
S21400DF08294629F011FA044600F00EF8204670BD9E
S21400DF181124FBE77B58002008B531F084FE014B3E
S21400DF28186008BDD0380020014B186831F076BE5E
S21400DF38D0380020024B1968024B1868FCF7F4BA70
S21400DF48B8620020D862002037B505460C46C0F3F4
S21400DF5813010848ED02006805D5224603B0BDE85F
S21400DF683040FCF72FBC009313462246FCF7E4FB30
S21400DF7803B030BDD862002030B405461346074AC1
S21400DF880C46C0F313011068EA0203D5226830BCB9
S21400DF98FCF720BE224630BCFCF716BDD86200202F
S21400DFA8F7B505460F4614461E461BB921252846D2
S21400DFB803B0F0BD0029F9D029F09BF94BF2346282
S21400DFC8ABB2934220D14FF0FF3322466946CDE9E3
S21400DFD8003325483346FFF7E3FF08220546234962
S21400DFE868460EF029FD38B933462246694641F29E
S21400DFF8F010FFF7D5FF0546002DD8D13246694602
S21400E00838460EF05DFBD2E741F2F01293420FD18C
S21400E018174B311908299A6CDB6CC7D8CDE9002351
S21400E02832460DEB040138460EF04AFB0025BEE7E3
S21400E03802280BD1C5F30C4332199342B6D3C5F365
S21400E0480B0104F17E6432462144ECE7032809D12B
S21400E058C5F30C4332199342A8D3C5F30B0104F554
S21400E068FC24F0E70125A2E7021008C094A20400E9
S21400E0780080E00F10B52BF00BFC2CF001FDBDE87E
S21400E0881040034601210220014A02F00BBC00BFE3
S21400E098AC09040013B5D0E9023253F822301C78D4
S21400E0A820462BF007FC2346009001210220024A56
S21400E0B802F0F8FB02B010BDC0090400014B187846
S21400E0C82AF0CDBF7C580020FF232DE9F04F8FB0F3
S21400E0D81122002108A88DF813300EF061F908A85F
S21400E0E82AF079F901210220B04A08AB02F0DAFBDF
S21400E0F841F24903AE4A0121022002F0D3FB06A8EA
S21400E1082AF098FA08A90DF113002AF09EFA0220C0
S21400E1180021A84A02F0C6FB00202AF0D1FF10B161
S21400E12806A809F0CDFB9DF92A3001210220A24A53
S21400E13800939DF82B3002F0B5FB2BF0A5FB831E51
S21400E148DBB2FC2B054631D8012102209B4A02F09F
S21400E158A9FB01249A4E9B4FDFF8D082234632460D
S21400E1680021022002F09EFB05A9E0B22BF08EFBF0
S21400E178034650B1A0F11602012A40F2AA80424690
S21400E1880121022002F08EFB0CE09DF914303A467D
S21400E19801939DF816300121009302209DF8153052
S21400E1A802F080FB0134E3B29D42D7D8BDF8284080
S21400E1B807F072FF23460021834A0090022002F0EF
S21400E1C871FB02200021814A02F06CFB00202AF035
S21400E1D877FF10B108A809F073FB01217C4A0220DA
S21400E1E802F060FB2BF0AEFA04462BF0A9FA2346A1
S21400E1F80121784A0090022002F054FB08F024FC23
S21400E20800210220744A02F04DFB9DF81330FF2BC4
S21400E21865D000210220714A02F044FB01216C4AB5
S21400E228022002F03FFB2AF015FA012103466C4A49
S21400E238022002F037FB07F007FF00210346694A71
S21400E248022002F02FFB2AF00BFA04462AF00AFAFC
S21400E25823460121644A0090022002F023FB31F095
S21400E26880FD08F099FC01210346604A022002F06E
S21400E27819FB0025DFF8B88108F08EFCECB2A04246
S21400E28833D831F06EFD0123594A1946022002F0B0
S21400E29809FB00202AF0E3FE564B574C0093012159
S21400E2A800230220554A02F0FDFA236863B10121D3
S21400E2B802201B78524A02F0F5FA23680121022050
S21400E2C85B78504A02F0EEFA2AF0CEFE0FB0BDE8B0
S21400E2D8F08F012102204C4A02F0E4FA62E700219E
S21400E2E802204A4A02F0DEFA98E7494B204603EB3A
S21400E2F80416D6F8089008F009FD8246204608F06D
S21400E30851FC444F00280CBFC346BB46204608F0C5
S21400E318FDFC0AF0B7FA002808BF47465346002116
S21400E3280220CDE900B73C4A02F0BCFAB3790121D5
S21400E3380293B388022001937388384A0093337B8C
S21400E34802F0B0FA0026DFF8ECB099F80430F4B220
S21400E358A34203D831F005FD01358DE714235C434D
S21400E368D9F8007002203A5B07EB040A9AF90C30D9
S21400E37800922B4A002132EA230228BF5A46134647
S21400E388284A02F08FFA00202AF09AFE38B1504642
S21400E3983C5B2AF0CEF9014620460AF0C1FA012174
S21400E3A80220214A02F07EFA0136CEE7010A04006E
S21400E3B8100A04002C0A0400580A0400330A040051
S21400E3C8490A0400500A0400850A0400A50A040045
S21400E3D8EF0A0400AE0A0400D00A0400F12804007C
S21400E3E8DB0A0400F10A0400070B04001D0B0400F6
S21400E3F8960B0400AE0B04006C3D0020A20B040034
S21400E408BC0B0400D00B04006D0A04008D07040042
S21400E418A03C0020D8090400280B0400480B040080
S21400E428F50904007E0B040006520400780A04006E
S21400E438E0090400E90904002DE9F7430025134E16
S21400E448DFF8588008F0A8FBECB2A04202D803B068
S21400E458BDE8F0832701204616F8079008F0A2FBCF
S21400E4680B4A4B46002808BF42460021022000926D
S21400E478084A02F017FAF05D2AF0F8F8012102209F
S21400E488054A02F00FFA0135DCE700BFA03C002081
S21400E4989F580400EB0B040006520400A958040019
S21400E4A808B583685A681178C26853F82230A1F113
S21400E4B8650251425141187808F02AFD30B9BDE886
S21400E4C8084001210220024A02F0ECB908BD00BF4C
S21400E4D8F60B040000210220014A02F0E3B900BF4F
S21400E4E8100C040000210220014A02F0DBB900BF2C
S21400E4F83E0C040010B5044686B018220021684673
S21400E5080DF04EFF68462AF027FDD4E9022052F89F
S21400E518203002EB80021B788DF80B30516891F999
S21400E52800108DF80A1091680988ADF8081061681F
S21400E538091A032907DDD26803F01F03127843EA95
S21400E54842138DF80B30684607F054FE0021034648
S21400E558024A022002F0A6F906B010BD5A0C0400C2
S21400E56807B500202BF054F900210090034B022039
S21400E578034A02F097F903B05DF804FB670C040041
S21400E5886D0C040013B5D0E9023253F8221003EBE1
S21400E59882035B68087819680023094CA22299420E
S21400E5A808BF2146C01A18BF01202BF025F9012103
S21400E5B80090044B0420044A02F074F902B010BD1F
S21400E5C800F8FF07344E04007F0D040013B5D0E9A9
S21400E5D8023203EB820153F82230D1E9011418788D
S21400E5E8FF22003818BF0120237809682BF004F9A9
S21400E5F801210090034B0420034A02F053F902B0AD
S21400E60810BD00BF780C04007F0D040008B500217B
S21400E61801230C4A2AF062FF0A482AF0C0FC0020B0
S21400E628094909F0E5F900202AF04AFD10B1054825
S21400E63809F046F9BDE8084001210420034A02F023
S21400E64831B900BFAD5D00208D0C040006520400F1
S21400E65810B52AF009F8034630B1BDE8104001218C
S21400E6680420054A02F01EB90121BDE81040042026
S21400E678024A02F017B900BF9B0C0400AC0C040059
S21400E68810B52AF090FCBDE8104003460121022090
S21400E698014A02F007B900BFB70C040010B52AF00B
S21400E6A851FCBDE81040034601210220014A02F051
S21400E6B8F9B800BFCD0C040037B5D0E90232012402
S21400E6C853F822304FF6FF701D78FE2204FA05F143
S21400E6D800232BF005F92B46009021460420024A19
S21400E6E802F0E0F803B030BDE10C0400D0E90232D5
S21400E6F853F822301B7823B101210220024A02F087
S21400E708D1B8024A13707047000D04007C580020E8
S21400E71807B5684629F08EFF07F0BEFC01210346C0
S21400E728084A022002F0BEF8684609F0C9F807F061
S21400E73827FF01210346044A022002F0B3F803B07B
S21400E7485DF804FB160D0400300D040037B5D0E95B
S21400E7580245406854F82530401B0328D8BF0020DF
S21400E76804EB8504C8BFE06819786368C8BF0078FA
S21400E7781A78A36893F90030009001202BF02AF845
S21400E78838B901210220084A03B0BDE8304002F03B
S21400E79889B8064B0190009301210220044B054AD4
S21400E7A802F080F803B030BD410D0400490D0400A6
S21400E7B8E33904005D0D040007B501202BF012F8BC
S21400E7C848B9009001210220084B094A02F06AF86D
S21400E7D803B05DF804FB054B01900093012102206D
S21400E7E8044B054A02F05EF8F2E700BF490D040044
S21400E7F8740D0400926604005D0D040008B5D0E9A7
S21400E808023253F8223018782AF0A0FF30B9044AAA
S21400E8180121BDE80840042002F044B8014AF7E7A1
S21400E828890D0400A50D040008B5D0E9023253F896
S21400E838223018882AF088FF30B9044A0121BDE83A
S21400E8480840042002F02EB8014AF7E7C40D040079
S21400E858F40D040073B50378044613F0050F0ED0C4
S21400E8684588062D17D1836801215B68174A1B78EF
S21400E8780193838804200093154B02F013F823783D
S21400E888012B20D001210420114B124A02B0BDE80A
S21400E898704002F007B835B98388012104200E4A73
S21400E8A802F000F8EBE7012DE9D186680B49002055
S21400E8B809F09EF8304609F003F829460420084A6D
S21400E8C801F0F0FFDBE702B070BD00BF2A0E0400BF
S21400E8D8210E04007C0E0400470E0400640E04009B
S21400E8E8065204002DE9F04F00268FB0364D09ACCD
S21400E8F80FCD0FC42B6801210220344A236001F093
S21400E908D1FF3446DFF8DC9029F0A8FEF5B2A8421D
S21400E9180BD829F0A3FE23460090012102202C4A9A
S21400E92801F0C0FF0FB0BDE8F08F284605A92AF011
S21400E938EFFE0346002841D19DF81430032B39D941
S21400E94804238DF814302B4600210220214A01F0BA
S21400E958A9FF9DF814300EAA02EB830300214A464D
S21400E96853F8143C022001F09DFF28469DF821A08C
S21400E9789DF815B09DF81870BDF816802AF0CAFEE6
S21400E9885346CDE9028000210220CDE900B7124A9D
S21400E99801F088FF01340020E4B22AF091FB18B198
S21400E9A80DF1190008F08CFF002102200B4A01F037
S21400E9B879FF01E0002BC6D10136A5E70021022029
S21400E9C8074A01F06FFFF7E79CA204008E0E0400CA
S21400E9D8070F04004B0A0400BB0E0400EC040400F6
S21400E9E8E20E04008E190400C3688268013BDBB29D
S21400E9F852F8233002201B78652B14BF0022012111
S21400EA08044B1BBF01211A70034A044A08BF197039
S21400EA1801F048BF776800201E0F04002C0F040082
S21400EA28D0E9023253F822301A88014B1A80704710
S21400EA381068002007B5D0E9023103EB810253F8CD
S21400EA48213052681988054B0548128800930088BB
S21400EA58012309F029FC03B05DF804FB5DE800001B
S21400EA6810680020C3688268013BDBB252F8233086
S21400EA785B78A3F1660253425341014A137070470C
S21400EA887A68002030B5D0E9023253F8223089B0CF
S21400EA981D78012302AA194604462AF01FFD012301
S21400EAA80093102302210DEB030220462AF0F7FC00
S21400EAB8284604AA02A92AF02DFF044600202AF0B8
S21400EAC8FFFA18B12146044807F076FB00200349F0
S21400EAD808F074FF09B030BD3B0F0400065204006E
S21400EAE8002330B58FB00221009309AA12230546E9
S21400EAF82AF0D5FC05AA014609A807F0E1F804465D
S21400EB0898B1232805D1134A0121042001F0CAFE32
S21400EB1809E0212801D1104AF6E70346012104201E
S21400EB280E4A01F0BFFE0FB030BD01232846194635
S21400EB3803AA2AF0D3FC05A903A82AF0EDFE054689
S21400EB4820462AF0BDFA18B12946054807F034FBD6
S21400EB58044AD9E7480F04006B0F0400A60F040008
S21400EB68C70F040006520400F0B5D0E9023253F885
S21400EB78221003EB82039B6805461F7887B0384649
S21400EB880E782AF07DFA044608BBD5E9022101234F
S21400EB988DF80830194452F8210002EB81020088EB
S21400EBA88DF809709268ADF80A00127804218DF87D
S21400EBB80C2028460DF10D022AF090FC304602A9DA
S21400EBC88DF815402AF0A8FD04462AF04DFA33467B
S21400EBD801210420024A009401F064FE07B0F0BD4B
S21400EBE8DC0F04002DE9F04101218EB00220274AEF
S21400EBF801F058FE002005AB01AA09A92AF084FEF8
S21400EC0800250446224E234FDFF898801CB128467C
S21400EC180EB0BDE8F08102202B463246214601F0B0
S21400EC2841FE20462AF04CFA10B10AA808F048FE21
S21400EC383A46002102209DF8303001F033FE424665
S21400EC4800210220079B01F02DFE00210220BDF8BE
S21400EC582030114A01F026FEBDF8143000210F4A74
S21400EC68022001F01FFE013501A82AF024FAEDB2B1
S21400EC78012102200A4A01F015FE284605AB01AA22
S21400EC8809A92AF041FE0446C0E700BF0E1004009A
S21400EC98541004005C1004001029040071100400CD
S21400ECA806520400681004002DE9F047064698B09E
S21400ECB8C0B929F0D1FC074600250EA82AF02EFE7A
S21400ECC801210220384A01F0EDFD2C46DFF8E080ED
S21400ECD8DFF8E090DFF8E0A0BC4205D3284618B07D
S21400ECE8BDE8F0870127E7E713A82AF017FE002EED
S21400ECF84CD0022306A913A88DF84C30FE242AF01F
S21400ED08FFFD00283FD102A913A82AF0FFFD9DF8B1
S21400ED18593043F001038DF85930002E3DD1234673
S21400ED2831460220214A01F0BDFD9DF859300AA956
S21400ED3843F0010313A88DF859302AF0E7FD0020A8
S21400ED482AF0BEF910B114A808F0BAFD0C9B42468A
S21400ED580021022001F0A6FDBDF82820002112F4AB
S21400ED68007F0CBF4C23412312F0100F0CBF6E22FD
S21400ED787922022000924A4601F094FD06A82AF05D
S21400ED889AF90135EDB20134E4B2A5E720460AAB9C
S21400ED9806AA13A92AF0B6FDB3E7524600210220B8
S21400EDA801F080FDC1E700BF7B100400541004008A
S21400EDB868100400B7100400B010040030B5012431
S21400EDC899B00EA82AF0AAFD13A88DF838402AF0A4
S21400EDD83BFDC0B9BDF84C1011EA040513D1214615
S21400EDE80220444A01F05EFD29460220424A01F00C
S21400EDF859FD214602203F4A01F054FD21460220D3
S21400EE083C4A01F04FFD06A90EA82AF079FD20B16C
S21400EE181022FF2106A80DF0C3FA04A82AF078FDF0
S21400EE28059B01210220354A0093354B01F03AFD37
S21400EE389DF8123001210220324A0093304B01F02F
S21400EE4831FD00212E4B304A022001F02BFD06A88A
S21400EE582AF031F913A82AF061FD02230AA913A89B
S21400EE688DF84C302AF052FD00283FD10B9B0093BA
S21400EE7801210220254B264A01F014FD0121234BCF
S21400EE88244A022001F00EFD0120FFF70DFF0121A4
S21400EE981E4B214A022001F005FD0020FFF704FF63
S21400EEA8044629F0D9FB23460090012102201B4A7C
S21400EEB801F0F8FC01211A4B174A022001F0F2FC77
S21400EEC8FFF790FE1749022803461748174A28BF37
S21400EED80A46084928BF01460092CDE901310220BA
S21400EEE80121134A01F0DEFC19B030BD4FF0FF33A4
S21400EEF8BDE700BF06520400CA100400081104004B
S21400EF0800110400181104006D380400944604002B
S21400EF182B1104003B110400421104004B1104009D
S21400EF285F110400C6100400D72D0400292E040023
S21400EF386D11040010B5D0E9023253F822301C785F
S21400EF48201E18BF01202AF06BFC054A054B00203E
S21400EF58002C18BF1A46BDE81040034908F02EBD1D
S21400EF689A11040095110400A3110400D0E9023296
S21400EF7810B553F822301C8820462AF053FC224647
S21400EF88BDE810400020014908F018BDE41104004F
S21400EF9837B5044607F058F8014638B100200D4A40
S21400EFA80D4903B0BDE8304008F008BDE368A26824
S21400EFB8013BDBB252F8233008481D780123084A83
S21400EFC800936C2D08BF0246102320462AF067FAE5
S21400EFD803B030BD321204003A1204006068002004
S21400EFE85068002013B583689A681278672A22D179
S21400EFF801A82AF029FC0446A8B9BDF80420174938
S21400F00808F0DCFCBDF80430DA070AD413F0020F67
S21400F018134B144A18BF1A461349002008F0CEFCB2
S21400F02819E0124AF8E702461149002008F0C6FC23
S21400F03822461049F1E7C26801A953F8220003EBFB
S21400F04882035B6800681B68ADF804302AF002FC8F
S21400F05804460028ECD102B010BD00BF6D120400B3
S21400F06860120400CA3904008E120400501204000C
S21400F078A0120400CC120400034A04491388C8549A
S21400F08801331380704700BF6E510020825800205D
S21400F09873B5154D01242B78144E13F0040F0CBFCE
S21400F0A802230423124A2146147032880220019251
S21400F0B8EB5C104A0093104B5B8801F0F3FB0021D1
S21400F0C802200E4A01F0EEFB0D4B294600933288CB
S21400F0D82346022001F02CFC21460220094A02B0F1
S21400F0E8BDE8704001F0DEBB825800206E5100205B
S21400F0F881580020DB120400605100200013040031
S21400F108221304000652040070B516464FF48A52BD
S21400F118114B124DDA805980114B1B881A1E18BFE6
S21400F128012240EA82000F4A1278003A18BF0122EC
S21400F13840EA0210287063B103246B701B0AAB7098
S21400F14809F00EFC631C2855EE54074B02341C804D
S21400F15870BD0124F4E700BF6051002082580020EB
S21400F1686C510020805800206E51002038B5D1E937
S21400F17802320C46054653F82230024619880C4BD4
S21400F1881878FFF7C1FFE368A268013352F8233006
S21400F198188828F00BF94DB1E368A268023352F8D4
S21400F1A823301878BDE83840FFF766BF38BD00BF83
S21400F1B87D580020F0B50546EB68AA68023352F879
S21400F1C8233008461C78294685B0FFF7CFFF20462F
S21400F1D829F09BFA204E214F78B3204629F0A1FA51
S21400F1E80321441C03AA284627F047F93288E4B2CC
S21400F1F8C2F1FF0303991B1B9BB28B4222443CBF00
S21400F208C2F1FF0303930123032100933A449DF8B8
S21400F2180C3028462AF043F9039A022C338804BF98
S21400F2280F48110AFA5408BFC15413441C443480CA
S21400F23805B0BDE8F040FFF72BBF204607F00CFCF2
S21400F2480123328804460093032103463A4428469D
S21400F2582AF025F93388E9E76E5100208258002005
S21400F26883580020052307B5012100930220044B8C
S21400F278044A01F017FB03B05DF804EBFFF79EBDE8
S21400F288091304001013040013B504462AF0D8FA2C
S21400F29838B1CDE9004001210220034B034A01F0B2
S21400F2A801FB02B010BD00BF321204002713040091
S21400F2B8194B37B51B783BB901210220174A03B012
S21400F2C8BDE8304001F0EEBAD0E90232144C53F8EB
S21400F2D8223001211D78638802200093114A2B46AC
S21400F2E801F0E0FA104B25711B78104D63B101212F
S21400F2F802200F4A01F0D6FA20460E4A298803B0A3
S21400F308BDE8304028F0A2BF20460A4A298803B044
S21400F318BDE8304029F05CB8815800203E13040050
S21400F328605100204C1304007E5800206E510020C7
S21400F33863130400825800202DE9F041D0E9023218
S21400F34853F8221003EB82035A680C7817889A68D9
S21400F358DB68B2F80080C6B01D780021304B02206A
S21400F368304A0094CDE9017801F09CFA002D0CBFD4
S21400F3786E237923012102202B4A01F093FAFF23FA
S21400F388002D0DF1170606AD019320460CBF80230D
S21400F3984023424639460296009529F0FCFC04466E
S21400F3A8002835D1307829F0B6F90746B0B1284696
S21400F3B829F045FE1D4BFD28A8BFFD2000932346D7
S21400F3C882B20DF11901022001F0B2FA01210220E1
S21400F3D8174A01F067FA46B0BDE8F081307829F0A0
S21400F3E8A0F960B1284629F02FFEFD28A8BFFD2009
S21400F3F80E4B82B200930DF11A013B46E3E73078D4
S21400F40807F02AFB0B4B0246009329460123DAE74E
S21400F418009001210220084B084A01F043FADAE777
S21400F428304704007D130400A2130400B45B0400F4
S21400F43806520400221304002A1C0400AC1304001D
S21400F448D0E9023253F8221003EB82032DE9F04F7D
S21400F4585A680F78B2F800809A68C7B0B2F8009079
S21400F468DA681B6992F800A01E7800212F4B304AF4
S21400F4780446CDE901890220009701F013FABAF193
S21400F488000F0CBF6E23792301210220294A00961B
S21400F49806AD01F007FAFF22002128460CF080FF8F
S21400F4A8304629F038F9834608B30023052100932F
S21400F4B82046FD230DF1190229F0F1FF2870BAF154
S21400F4C8000F0CBF802340234A4641463846CDE904
S21400F4D8005629F02BFC0146144806F06DFE012163
S21400F4E80220154A01F0DEF947B0BDE8F08F304635
S21400F4F829F017F960B1FD2305212046CDF800B0A4
S21400F5080DF11A0229F0CBFF85F801B02870D6E76E
S21400F5180590304607F0A0FA059A034600920521A2
S21400F5282A46204629F0BBFFC9E700BF2347040048
S21400F5387D130400BD130400065204002DE9FF479E
S21400F5481C465B68E5685B1B00255FFA83F8039535
S21400F5582E46FFF7D9FDEBB298450BD90C9B9B5D61
S21400F568282B39D8202B00F2CB800136F6B2002B98
S21400F57840F0C980FFF78CFD04B0BDE8F087132A79
S21400F5882FD801A151F822F057F6000069F60000BE
S21400F5987BF60000AFF600007DF500007DF5000064
S21400F5A87DF500007DF50000EBF50000EBF50000AA
S21400F5B8EBF50000EBF50000EBF50000EBF50000BE
S21400F5C8EBF50000EBF50000EBF50000EBF50000AE
S21400F5D8FBF50000D5F60000A3F13102D1B21329DD
S21400F5E8CDD90136F6B2A3F14102032AC2D8422B7E
S21400F5F86CD06C4F00213A88DFF8B0A1C2F1FE0348
S21400F6089BB2FF2B28BFFF2301320091DBB22046B6
S21400F618524469B229F01FFF3B880AF803000133F9
S21400F6281844388011E04FF00409E368A2682B44B8
S21400F63852F823301F68F8B209F1FF39FFF71CFDAE
S21400F64819F0FF094FEA1727F5D1013583E7E36874
S21400F658A2682B4452F823301878FFF70DFDF4E71C
S21400F668E368A2682B4452F82330188827F09EFED9
S21400F678EBE7E368A2682B4452F823301F68B7F11B
S21400F688807F09D2F8B2FFF7F7FCC7F30720FFF729
S21400F698F3FCC7F30740E0E72B4601210820424A5F
S21400F6A801F000F966E74FF00409E368A2682B4406
S21400F6B852F823301F68F8B209F1FF39FFF7DCFC6F
S21400F6C819F0FF094FEA1727F5D1BEE7294603AA1E
S21400F6D8204626F0D2FE0021324F344A3B88DDF819
S21400F6E80C9002EB030CCAB2914501F1010102D855
S21400F6F84B443B80A9E710F802A00CF802A0F2E7FA
S21400F708242B3FF670AF013B232B3FF633AF01A205
S21400F71852F823F057F6000069F600007BF6000062
S21400F7282FF600007DF500007DF500007DF5000051
S21400F7387DF500007DF500007DF500007DF50000F4
S21400F7487DF500007DF500007DF500007DF50000E4
S21400F7587DF5000057F6000069F600007BF600000D
S21400F768AFF600007DF500007DF500007DF5000091
S21400F7787DF500007DF500007DF500007DF50000B4
S21400F7887DF500007DF500007DF500007DF50000A4
S21400F7987DF5000057F6000069F600007BF60000CD
S21400F7A82FF600006E510020D61304008258002061
S21400F7B8094B1B7823B101210820084A01F072B8CA
S21400F7C8D0E9023253F82230054A1B8801211380FB
S21400F7D80820044A01F066B881580020FC1304008B
S21400F7E86C5100203E140400D0E9023253F822304F
S21400F7F8054A1B780121003B18BF01230820137017
S21400F808024A01F04FB800BF7F5800206414040075
S21400F818D0E9023253F82230034A1B7801211370CC
S21400F8280820024A01F03EB88058002093140400CD
S21400F83810B5D0E90232044653F82230132219884C
S21400F8480B4B1878FFF760FCE368A268013352F8A0
S21400F85823301878FFF710FCE368A268023352F8E2
S21400F86823301878FFF708FCBDE81040FFF710BCF7
S21400F8787D58002010B5D0E90232044653F82230ED
S21400F888112219880B4B1878FFF73EFCE368A2682C
S21400F898013352F823301878FFF7EEFBE368A268C6
S21400F8A8023352F823301878FFF7E6FBBDE810401D
S21400F8B8FFF7EEBB7D580020D0E9023253F822301D
S21400F8C8034A1B78003B18BF0123DB001370704700
S21400F8D87D58002010B5D0E9023253F8223004468D
S21400F8E819880E4B06221878FFF70EFC0120FFF742
S21400F8F8C3FBE368A268034452F82330188827F04D
S21400F90855FDE368A268023352F82330188827F0BA
S21400F9184DFDBDE81040FFF7BBBB00BF7D5800207B
S21400F9282DE9F043D0E902324FF0FD09013253F8D1
S21400F938221003EB82035A68C7B017889A68B1F892
S21400F9480080147853F8043C002C0DF1170506AE19
S21400F95818783A4614BF4023802341460295CDF8CE
S21400F9680490009629F017FA034638B1184A012180
S21400F978082000F097FF47B0BDE8F083201E18BFA8
S21400F98801200A224146C000FFF7BEFB384627F092
S21400F9980DFD2878FFF770FB4A463146287828F090
S21400F9A868FE044628B10B4F3D88C5F1FF03984210
S21400F9B802DD2346084ADAE7024608483146284464
S21400F9C825440CF07DFE3D80FFF762FBD3E700BFC1
S21400F9D8C91404006E510020E51404008258002063
S21400F9E810B5D0E90232044653F8223008221988A6
S21400F9F80B4B1878FFF788FBE368A268023352F8C7
S21400FA0823301878FFF738FBE368A268013352F80A
S21400FA182330188827F0CAFCBDE81040FFF738BB2B
S21400FA287D58002073B5D0E902320546023253F8F5
S21400FA38221003EB820353F8042C53F8083C0C7886
S21400FA481988234B168818780622FFF75DFB0020D6
S21400FA58FFF712FB304627F0A9FC2046FFF70CFB01
S21400FA68EB68AA68033352F82330188827F09EFC00
S21400FA78EB68AA68043352F82330188827F096FCF7
S21400FA88204609F06DF9E8B9204606F0E5FF05219D
S21400FA980446019001AA284626F0EFFC019B014681
S21400FAA89C4206D0224631460A480BF05BFB02B061
S21400FAB870BD094D09482E882246304434440CF05F
S21400FAC8C1FC2C8002B0BDE87040FFF7E1BA00BF69
S21400FAD87D580020111504006E5100208258002021
S21400FAE873B5D0E902324FF48A5153F82230104DDC
S21400FAF81A88104BD9805A8000232A460093012181
S21400FB08FF2329F0CCFC2B78044613F0040F0A4B8D
S21400FB1808BF01261B7818BF032613B108F020FF7C
S21400FB28A855064B1C8002B0BDE87040FFF7B0BA77
S21400FB3882580020605100207F5800206E51002017
S21400FB48D0E9023253F82230034A1B78003B18BF2C
S21400FB5801231370704700BF7E58002010B50C466E
S21400FB6808B907F089FE024B18715C7110BD00BF1A
S21400FB786051002002462DE9F341D0E9025352684D
S21400FB8855F82310D21A0C8805EB8301013BDBB22B
S21400FB9855F82380294D022A4868C8BF8A682B78FA
S21400FBA8D8BFFF210078C8BF11783BB901210220D1
S21400FBB8234A02B0BDE8F04100F074BEFFF7CEFF5E
S21400FBC806F06AFA1F4F204E3B88014622460093ED
S21400FBD81E48334629F0CBF90246C8B998F80410EF
S21400FBE83B885F2917D1CDE900364FF6FF712046CE
S21400FBF8164B28F01FFB28B1034601210220144AA1
S21400FC0800F050FE0023134A2B701380124A13701C
S21400FC1802B0BDE8F0814FF6FB718C4208D9CDE9F9
S21400FC2800362146094B4FF6FF7028F061FBE2E7E5
S21400FC382146064A009628F08DFBDCE7815800200E
S21400FC485C1504006E510020825800206051002088
S21400FC58631504006C51002080580020002210B55F
S21400FC680A2104461046FFF74FFA002027F09EFBAD
S21400FC780122044B1A70FFF70BFA2046BDE8104025
S21400FC88FFF778BFAA5D002038B51C461546012345
S21400FC98224629F023FC60B92146284629F0FAFDB9
S21400FCA8044620B101210420034A00F0FBFD20464B
S21400FCB838BD0024FBE700BF8A1504002DE9F04391
S21400FCC80C4615461F46D0E9022352F8231002EBCD
S21400FCD8830293680E8893F80080D3688BB0B3F8D5
S21400FCE800903246012106ABFFF7CEFFF0B90DF1C2
S21400FCF8200CF4B101232A884021CDE902C2CDE9BF
S21400FD080471CDE900932221434606AA304629F01D
S21400FD181CFC0B4B0B4A00930B4B0190002C08BFA6
S21400FD28134601210420094A00F0BCFD0BB0BDE8CB
S21400FD38F083624628686968032303C22246DBE725
S21400FD48E9150400CE150400C8150400D6150400ED
S21400FD5807B501236A46002129F0C0FB6846034917
S21400FD6808F04EFB03B05DF804FB00BF5DE800003A
S21400FD78D0E9023253F822300149188808F012BB3D
S21400FD885DE8000010B5D0E9023203EB820149684D
S21400FD9853F8223009784FF48A52188829F0C5FBA0
S21400FDA8BDE81040034601210420014A00F07ABD50
S21400FDB8F3150400D0E9023253F8223002214FF43A
S21400FDC88A5210B5188829F0A2FBBDE810400346F1
S21400FDD801210420014A00F065BD00BF0C1604008E
S21400FDE81FB5D0E9023203EB820153F82230496886
S21400FDF818884FF48A5309880293094B094A0193D5
S21400FE08094B1B7800931278084B29F0F6FB012162
S21400FE1803460420064A05B05DF804EB00F042BD30
S21400FE287051002082590020815900207A51002004
S21400FE38231604002DE9F043D0E9023253F82210C5
S21400FE4803EB82035A680E8817789A68DB688BB0CB
S21400FE5892F80090B3F800803246042106AB0446B8
S21400FE68FFF712FF28BB08AD01232A4605212046C6
S21400FE7829F034FB38B9042001210F4A00F012FD9E
S21400FE88284628F0D7FB4FF48A53CDE9049300237D
S21400FE98CDE9025303232121CDE9008306AA3B4678
S21400FEA8304629F052FB01210346044A042000F09C
S21400FEB8F9FC0BB0BDE8F0833B1604006A16040094
S21400FEC838B5D0E9024303F18043023B02220F49CA
S21400FED854F823009D000CF0AFFD60B90C4B0D499B
S21400FEE81A78042A0BD82C44A068008821F8120037
S21400FEF801321A7038BD084B08491A78F1E7012113
S21400FF08BDE838400420064A00F0CCBC5E3F04003A
S21400FF18825900207A510020815900207051002013
S21400FF287C16040008B5C368806803F18043023B6A
S21400FF380222064950F823000CF07EFD10B9044B47
S21400FF48187008BD0022034B1A70FAE75E3F0400DB
S21400FF58825900208159002037B5D0E9023153F87C
S21400FF6821208C0015784268521A012AC5BF1B1931
S21400FF785B686C091C78DCBF44F0180405F01F05A4
S21400FF882946204629F0FDF9034640B123460121BB
S21400FF9804200E4A009500F085FC03B030BD012110
S21400FFA8A94074B92346FE224FF6FF7029F098FC44
S21400FFB8012103460420064A03B0BDE8304000F09D
S21400FFC871BCFE2241EAC461EEE700BF9216040047
S21400FFD8B216040070B5D0E9021551F8253001EBC9
S21400FFE88501044618884B681A788B68052A1B888A
S21400FFF802D85E1E072E0BD9012104200C4A00F0F9
S21401000851FCBDE87040012104200A4A00F04ABCB0
S2140100186468641B032CCABFC9680749096829F0C4
S2140100285FFCBDE8704002460449002007F0E0BCCA
S214010038D0160400F016040000F8FF070D17040098
S21401004808B5D0E9023253F8220003EB8203596857
S214010058FF22038809684FF6FF7029F041FCBDE8C6
S214010068084002460149002007F0C2BC20170400D8
S21401007808B5D0E9023253F8223005214022188803
S21401008829F045FABDE8084002460249002007F073
S214010098AFBC00BF4117040008B5D0E9023203EB34
S2140100A88201486853F822100278402309883120D3
S2140100B829F080FABDE8084002460249002007F008
S2140100C897BC00BF6217040008B5D0E9023203EBFB
S2140100D88201486853F822100278402309883320A1
S2140100E829F068FABDE8084002460249002007F0F0
S2140100F87FBC00BF7C1704001FB5D0E9023253F855
S214010108221003EB82039B6808881A780023D21A08
S21401011818BF0122CDE9023302A94023D20129F0F2
S21401012858FA01210090044B0420044A00F0BAFB57
S21401013805B05DF804FB00BFE91504009A17040032
S21401014807B5D0E9023253F8223003214022188835
S21401015829F0DDF901210090034B0420034A00F041
S214010168A1FB03B05DF804FBE9150400A917040018
S21401017837B5C3688268053352F8233004211D78E1
S2140101886A460123044629F0A9F938B90420012151
S214010198064A00F087FB684628F04CFA2B466A4662
S2140101A800212046FFF78AFD03B030BDC3170400BF
S2140101B807B5D0E9023203EB8201486853F82210EA
S2140101C8027840230988322029F0F4F901210090A9
S2140101D8034B0420034A00F065FB03B05DF804FBFB
S2140101E8E9150400F417040070B585690446EA07A2
S2140101F805F0020605D476B1C5F3072028F040FFBE
S21401020809E01EB1B2210F482FF09EFDA069C0F388
S214010218810028F024FFE3691BB9BA2109482FF0A9
S21401022893FD204614F05AF9E3693EB1607E98477B
S214010238AB0706D0BDE8704028F016BF20469847A1
S214010248F6E770BD0918040008B514F05BFD28B17F
S214010258BDE80840472102482FF076BD08BD00BF1B
S214010268091804002DE9F041FF2B04460F46904675
S2140102781D469DF8186005D0FF2E03D0D5211148DC
S2140102882FF062FD0023FF2D18BFAD000E4A1CBFDC
S21401029845F00105EDB222600C4AC4E9063818BFDC
S2140102A8A561FF2EC4E901232361E76007D0A3698E
S2140102B843F0020323F47F4343EA0623A361BDE820
S2140102C8F08100BF09180400D4380020F1010100AC
S2140102D8002310B5054C03610460054CC261C0E9F2
S2140102E801430123C160836110BD00BFD4380020DB
S2140102F8F101010070B58669044606F00303032B75
S2140103080D4603D1FC2114482FF01EFDFF2D16D0F3
S214010318B20704D440F201110F482FF015FD284604
S21401032828F048FBFF28054604D14FF482710A4895
S2140103382FF00AFD2DB204EB4514204670BDF307D5
S214010348FBD5A36913F00C0FF7D040F20B11024846
S2140103582FF0FAFCF1E700BF091804000023054A4C
S214010368C0E9063103610260C360034A034B426079
S21401037883607047D4380020F1010100B1440200BF
S21401038801482BF0CABA00BFD438002001482BF028
S214010398D0BA00BFD438002013B50E482BF097FA10
S2140103A827F080F82AF03AFA2AF056FA2AF05DFA87
S2140103B8FCF728FF0446FCF73FFF2346009001217F
S2140103C80420054A00F06EFA02B0BDE81040FCF7BA
S2140103D81FBF00BFD43800209C180400022808B5A7
S2140103E803D12FF0AAFC014B186008BD0439002080
S2140103F808B50CF043FE0122044B1A702FF026FDB7
S214010408BDE8084002490348FDF7C4B884590020EE
S214010418E462002008390020014B1870704700BFBD
S21401042883590020024B187808B105F019BE7047A9
S2140104387068002008B5074B1B780BB1002008BD73
S214010448FFF7F0FF0028F9D106F0E4F9023818BFE3
S2140104580120F4E78359002070B5FFF7EBFF174D2D
S21401046820B1FFF78DFF0428044613D82B781BB953
S2140104782FF0ECFC01232B7027F022F80446D8B1A4
S2140104882B781BB9F7210E482FF05EFCBDE87040AB
S214010498FFF776BF27F016F80028E7D02B785BB170
S2140104A82FF0C1FB0646002101202DF051FD3046F4
S2140104B82FF0B4FB00232B70204670BD8459002012
S2140104C8BD1804001FB5FFF7C7FF0446FDF740FA3D
S2140104D8A04228BF204688B103A92EF055F9034645
S2140104E838B9CDE90000064A039906482FF041FCC1
S2140104F818B18E2104482FF027FC012004B010BD46
S214010508C7740300E4380020BD1804000D4B70B50D
S2140105181B780D4D0D4C0121002B0CBF2B46234695
S21401052802200B4A00F0BEF90A4B01211B78022073
S214010538002B0CBF2B462346BDE87040064A00F048
S214010548B1B900BF706800207D3F04009C3F0400DD
S21401055853190400835900207219040010B5D0E914
S214010568023253F8223002201B780121002B15BFD6
S21401057801240024044A054A00F094F92046BDE8FF
S2140105881040FFF749BF00BF91190400AE190400D7
S214010598D0E9023253F82230034A1B78003B18BFD1
S2140105A801231370704700BF7068002038B5012515
S2140105B8084B1D702FF037FB0446294628462DF0B8
S2140105C8C7FC20462FF02AFBBDE8384002490348FD
S2140105D8FCF7E0BF85590020EC6200203039002086
S2140105E870B514F015FC10F0070F1D4D11D02B78BF
S2140105F85BB901262E702FF016FB044631463046AD
S2140106082DF0A6FC20462FF009FBBDE8704014F03B
S214010618C3B829F041F90228E9D1124C2378032BF3
S214010628E5D914F0F5FB10B92378032B14D814F088
S214010638B3F804460028DAD02B785BB100262E7072
S2140106482FF0F1FA0546314601202DF081FC2846A7
S2140106582FF0E4FA204670BD4FF0FF34ECE700BFF8
S21401066885590020295E00201FB5FFF7B9FF04460B
S214010678FDF76EF9A04228BF204688B103A92EF0DF
S21401068883F8034638B9CDE90000064A03990648B7
S2140106982FF06FFB18B18C2104482FF055FB012071
S2140106A804B010BD937A030010390020CD19040058
S2140106B810B5094C0949002007F080F923681B6822
S2140106C8587928F0ADF923681B68587927F0E6F9B8
S2140106D804F092FE002010BD303E00205B1A040094
S2140106E808B529F0C9F8024628B1BDE80840002037
S2140106F8014907F063B908BD7E1A040008B529F058
S214010708D1F8024628B1BDE808400020044907F0A0
S21401071855B95422BDE80840FF2102480BF040BEF7
S214010728961A04008451002038B504460D4629F06F
S214010738BDF8024628B1BDE838400020034907F055
S2140107483DB9034B23F8145038BD00BFB41A040052
S214010758845100202DE9F34100240C4E0C4DDFF89E
S21401076838800C4F56F8043B0BB9D8F8003035F8EA
S214010778022B3946009200202246013407F01EF962
S2140107882A2CEFD102B0BDE8F08100BFF862002044
S214010798D8510020D01A0400F462002008B52A2196
S2140107A8034829F07BF8BDE80840FFF7D3BF00BF30
S2140107B8D851002007B5D0E9023253F822301A780A
S2140107C8292A0DD8084B53F822300BB9074B1B685A
S2140107D80749002031F812100091064907F0EEF893
S2140107E803B05DF804FB00BFF8620020F462002045
S2140107F8D8510020D01A040008B52A21034829F048
S2140108084FF8BDE80840FFF7A5BF00BFD851002044
S21401081838B5D0E9023253F8221003EB82035B683D
S2140108280C781D880020044907F0C8F82946204698
S214010838BDE83840FFF778BFDB1A04002DE9F3411D
S21401084800240C4E0C4DDFF838800C4F56F8043B4C
S2140108580BB9D8F8003035F8022B3946009200203B
S2140108682246013407F0AAF82A2CEFD102B0BDE8D7
S214010878F08100BFF862002084510020D01A0400DD
S214010888F462002010B5024627F01EF920B9044C80
S214010898236811B11343236010BD23EA0203FAE764
S2140108A8A46300200CB413B502460C4627F00CF9D5
S2140108B860B9094B1B681A4208D005A9049801912A
S2140108C80AF064FC14B1054829F036FF02B0BDE809
S2140108D8104002B0704700BFA4630020DA1D040070
S2140108E8034610B5D3E9023253F8223008461C787D
S2140108F8211E18BF0121FFF7C5FF014648B9084A5E
S214010908084B0220002C08BF1346074AFFF7CAFF08
S21401091810BD00210220054AFFF7C4FFF8E700BF13
S214010928E0090400D8090400DC1D0400F21D0400D7
S2140109382DE9F04105461F460C46DFF82C808E1837
S214010948B44201D1BDE8F0810021284614F8013BE4
S214010958069AFFF7A7FF002FF2D042460021284645
S214010968FFF7A0FFECE700BF661004000246024945
S214010978002007F023B800BF031E040010B5234C5F
S2140109882348FF2126F080FD207802281ED0032860
S2140109982ED0012804D02120BDE81040FFF7E6BF7D
S2140109A81C4B19780029F7D002231B4A23701378A9
S2140109B8052B0EBF00230133DBB29942137003D116
S2140109C8052313700020E7E7052BFBD0124B1B7895
S2140109D8052B02D103232370DDE7104A104932F8AC
S2140109E8230007F0DFFC032323700028D4D110BDB1
S2140109F8094B0C4A1878094B03EB8001897833F8C0
S214010A08200007F09FFC0123EEE700BF865900206F
S214010A18383900208F590020726800202C52002097
S214010A280D0C0100B90B01002DE9F04F0D461446D7
S214010A3895B00490112200210FA89946DFF86C8121
S214010A480BF0AEFC04EB45030393D9F800301C2BDE
S214010A5802D0039B9C4202D115B0BDE8F08F01235A
S214010A68DFF844A18DF81C3023884C4AADF81E30B7
S214010A789AF800304A4D08EB83039B7828788DF85E
S214010A88203013688DF81D00CDF821305368CDF855
S214010A98253028F0EBFA049B8DF829002188287860
S214010AA8002B4AD127F0ADFF002844D09AF8003031
S214010AB80FAA38F8230007A927F022F800283AD009
S214010AC827F0CCFD4FF0000B074606461C255FFABB
S214010AD88BF2974234D8B7422BD99DF81C30032B9A
S214010AE81AD10FAB0193BDF82130002204210093DF
S214010AF801202C4B06F0E8FD9AF8003008EB83033A
S214010B089978274B187806F05BFE9AF80030002093
S214010B1838F8231028F0FBF95DB107A9304628F00C
S214010B28FBFD214B05461B78304638F8231028F084
S214010B38F5FDC9F80050023487E727F059FFB3E7F7
S214010B4810460BA9059228F0E3FD30B99DF82C1044
S214010B5831B9059AB74208BF16460BF1010BB6E73D
S214010B68BDF82E00BDF81E209042F6D19DF8300043
S214010B789DF820209042F0D19DF81C208A42ECD1A5
S214010B88032A14BF082202220DF121010DF13100BA
S214010B980BF052FF002808BF0025DEE78759002022
S214010BA87168002080200400726800202C52002002
S214010BB813B503460020114A9C6812780190052A4D
S214010BC803D01B78032B00D12CB9012002B0BDE855
S214010BD81040FFF7CBBE6268217801ABFFF724FF10
S214010BE8217A0120E26801ABFFF71EFFFF210448C6
S214010BF802B0BDE8104026F03FBC00BF7268002076
S214010C0838390020094B1B78052B02D00378032BB3
S214010C1802D00120FFF7AABE8168054A0B6805487D
S214010C2813604B68FF21536026F026BC72680020CB
S214010C38875900203839002038B50024114B124D49
S214010C481870124BFF211C702C7006F0B9FD01229A
S214010C58032110460E4B06F037FD4FF6FF7122466C
S214010C68084628F057F9044648B940F6B832FF2135
S214010C78084826F0F8FB01232B70204638BDFFF7FD
S214010C8875FEFAE771680020865900208F59002002
S214010C980652040038390020144BF0B51A68144976
S214010CA813680978587988420BD11249D7880846BB
S214010CB80022114D1E792B78D4B2A34203D8052CF5
S214010CC80AD10020F0BD0C88BC4202D18C78B4420F
S214010CD8F7D001320431EFE7A342F2D120F82270AF
S214010CE8013300EB820086702B70EAE7303E002065
S214010CF8716800202C5200208F590020FF2307B569
S214010D080021044A04480093FFF7ACFA03B05DF8E3
S214010D1804FB00BF85090100383900201FB5B4233C
S214010D2803210446ADF80E3027F062FE98B1212360
S214010D3820460093002203210DF10E0328F007F840
S214010D4804460020054B064A0649009406F036FE7E
S214010D58204604B010BD8624F3E700BF2D1E04000C
S214010D683A1E04004F1E0400D0E9023253F822301E
S214010D78034A1B78012113700220024AFFF792BD2D
S214010D888D6800205E1E04000122014B1A70704710
S214010D988D6800200A4B90F805111B7890F80821F9
S214010DA819448A42BCBFB2FBF3F103FB11234FF08F
S214010DB8FF32B8BFDBB202FA03F380F80A31704794
S214010DC88D6800202DE9FF410446057F867EDFF801
S214010DD870806E43237F98F8002013449D4212DBEF
S214010DE8607F60B9238B029363690193237C009328
S214010DF86288A31D217805F0EFFDFF2323700020EC
S214010E0804B0BDE8F081E37EAB42E9D9A77E228B28
S214010E18F1199142A4BF921BD7B205EB0323E381D4
S214010E283A4633462946204626F084FE0028E7D16E
S214010E38637F3744013301356377BEB2EDB2C9E744
S214010E488D68002037B5054628F09CFC0D4B0446F6
S214010E581B6869461B78032B82BF0B4B1B881B1824
S214010E68284688BF9CB228F015FD38B9684628F090
S214010E788BFC18B9044B1B8823449CB2204603B04C
S214010E8830BD00BF6C3D002018680020084B1B7859
S214010E98FF2B0BD1074B1B78FF2B07D1064B1B7873
S214010EA8022B03D04FF4807028F076B8704700BF45
S214010EB8A8630020883A00205839002010B5044657
S214010EC8FF2126F0E1FA054B9C4202BF0023A4F558
S214010ED888742370BDE81040FFF7D8BF683A002031
S214010EE82DE9F0479A462A4B81461B7888461646CE
S214010EF8BDF82050002B49D0FF2D3ED9382528466D
S214010F08BDE8F087234B0C223146A01D636184F8A7
S214010F180090A4F802800BF095FAA289414642F4A3
S214010F28004242F040022046A28126F015FE2A46DB
S214010F38514660690BF086FA41464846A21D25834C
S214010F4828F061F9A0760028D8D00544013DB5FB04
S214010F58F0F0FF28D2DC0023E0762046A383FFF7D3
S214010F6831FF054680B923794FF48070B37227F0B4
S214010F78D4FF227C099B1A80C1E7074C2778FF2FEC
S214010F88C0D040F60345BAE72770F2E70225B6E770
S214010F988D68002091590020883A0020B0F9063063
S214010FA810B5002B25DA144C2278237CFF2A02D0B0
S214010FB8827A9A4207D0114C2378FF2B17D0827A6F
S214010FC8237C9A4213D169B9637F013BDBB263770D
S214010FD85BB90B4A237F1278204613442377FFF721
S214010FE8F1FE0146204626F0C6FDFFF74FFF012019
S214010FF810BD0020FCE700BF883A0020A863002047
S2140110088D6800202DE9F04F9A46B1F9063091B067
S214011018002B0D461746DDF86880049080F229817A
S214011028B8F80030FF2B04D94FF4B871A6482EF053
S2140110388BFEA64B00241A7893F80401B3F8021124
S214011048002A40F0A5802E7AA14A1278B24240F2D0
S214011058AF800222A3F802711A70AA7AFF2483F8D5
S21401106804210022A3F8084183F80521A3F80621E4
S214011078B8F80020954883F80C21FFF78BFE384610
S214011088FFF7E0FE214600EB4002924826F0EBF916
S2140110984FF4807027F041FF8C4C94F80A91B9F10F
S2140110A8FF0F20D18A4A94F8053112781344B342C7
S2140110B819DC94F80C1184F80531B4F80631204689
S2140110C801FB0233A4F80631FFF764FE0122824BC6
S2140110D838461A70FFF7B6FE494600EB400204F59B
S2140110E8887026F0C0F994F80531B34260D8DFF865
S2140110F8E0B19BF800C00CEB0302964258DA764939
S21401110894F808210878013A002853D0964205DA5F
S214011118B8F8002084F80C2100220A70B6FBFCF906
S21401112801220CFB196994F80A015FFA89F902FA97
S21401113809F2D1B2024076B92889000A844584F8B2
S214011148080108D92046CDE906210593FFF722FEB6
S214011158DDE90621059B94F80A01014384F80A1182
S21401116882B994F80921B4F806C1013284F8092134
S214011178B8F80020DAF800100CEB0200FF2826DD8C
S2140111880323237094F80831013B9E4230D138E09E
S214011198AE7A864202D18F4200D11C462E7A002CA6
S2140111A87FF47BAF002A3FF44FAF012A3FF44CAFE0
S2140111B801205FE09642B1DA94F80C1198F8002005
S2140111C89142ABD004F58870FFF778FEF0E794F803
S2140111D80CE1F31A0EFB03C3A01C10FA83F0059268
S2140111E80BF030F994F80831059A013B9E4244D039
S2140111F8012394F80A2103FA09F3013B1343FF2B51
S21401120804D122462946384626F0A7FC94F8083128
S21401121894F809219A42CBD19BF80030B2FBF3F13E
S21401122803FB112212F0FF0218BF13462278022A86
S21401123826D1264A023410785178012804BF013194
S2140112485170012224F8022CEA88B4F8041122F01D
S2140112584002EA8094F809210A44591E94F80A3192
S21401126813FB01F31344A8F80030CAF80040FFF74F
S2140112780DFE002011B0BDE8F08F84F80B21C0E701
S2140112886979002994D0032A92D1B4F8062194F8F2
S2140112980B1108AE11445A1E94F80C31284613FB5C
S2140112A802F30B4400219BB2A21CA8F80030CAF82E
S2140112B80020CDE900710296049907F05FFD8921A7
S2140112C8304627F09DFF7DE7851E0400583900202B
S2140112D88D680020683A00209059002013B504460E
S2140112E818B101280BD002B010BDFF2301460093A8
S2140112F8064A0748FEF7B6FF064B1C70F3E7FFF7EA
S21401130843FDFF22044B1A70EDE700BFC50E01002E
S214011318683A002058390020883A002013B501A9F8
S21401132809F0FEFF044648B9BDF806309DF80420CA
S214011338034906F043FB204602B010BD8120FBE7B7
S2140113481C1F040013B5694609F0F6FF044688B960
S214011358BDF802309DF80020074906F049FB2046F3
S214011368019906F09DFA2046044906F027FB204617
S21401137802B010BD8120FBE7401F0400661F040071
S21401138837B5694609F0FCFF044618BB9DF80130DD
S2140113989DF80020104906F02BFB104D9DF8012002
S2140113A8E3B29A4206D800200D4906F007FB002052
S2140113B803B030BD0198630003F4FF7302220021D5
S2140113C8184427F036FE29460246002006F010FB90
S2140113D80134E3E78120EBE7681F0400971F040048
S2140113E80652040013B501A909F0A0FF044648B93E
S2140113F8BDF806309DF80420034906F0DFFA2046BA
S21401140802B010BD8120FBE7A11F040030B50024FF
S2140114180B4D85B06946E0B228F07AF950B99DF8C7
S2140114280030032B06D12946BDF805309DF801206A
S21401143806F0C4FA0134202CECD105B030BD00BF4B
S214011448C81F040008B50020034906F0B7FABDE82E
S2140114580840FF2000F0DEBADA1F04002DE9F04F3D
S21401146885B006460D46174626F0C5FB044640B12C
S21401147830463A46294626F0A8FB002005B0BDE8C6
S214011488F08F4FF003094FEA15285FFA84FA694688
S214011498504628F03DF9B8B99DF800B0BBF1000FE9
S2140114A812D1694650468DF800908DF805508DF892
S2140114B806808DF8016028F02FF902460028D7D05B
S2140114C85846064906F07AFA0134202CDDD1002068
S2140114D8034906F073FA8920D0E700BFEF1F04001E
S2140114E8162004001FB5002304468DF80F3026F099
S2140114F86DFB28B19DF80F3063F07F038DF80F3030
S214011508182301930DF10F030022009304214023B1
S214011518204627F00BFC024618B10020024906F0C7
S2140115284DFA04B010BD00BF312004001FB502A952
S21401153809F014FF044688BBBDF80820184906F0D0
S21401154857FA2046039906F0ABF92046154906F0E6
S21401155835FA4FF6F672BDF80810134C4B1E9BB2BF
S214011568934219D82368039A1B685879FFF776FFC0
S21401157823681B79012B0BD8BDF808300022CDE96A
S21401158800030421094B092006F09EF827F032FED5
S2140115986FF0FF0004B010BD8720E9E78120F9E766
S2140115A850200400661F0400303E00206720040017
S2140115B870B504468AB005AD1122002128460AF006
S2140115C8EFFE204604A909F0BDFE044600283AD1DC
S2140115D81E4EBDF810201E4906F0F0F93268137940
S2140115E8012B28D84FF6F670BDF810104B1E9BB28B
S2140115F8834224D81368587926F0FDFA08B333686D
S2140116082A461B68BDF81010587926F0DDFABDF891
S214011618103001220421CDE9004309200D4B029523
S21401162806F052F827F0E6FD034620B100200A4AE4
S2140116380A4906F0C3F96FF0FF000AB070BD8724A7
S214011648E5E78B24E3E78120F7E700BF303E00207B
S2140116586A2004007F200400832004008E200400F2
S2140116682DE9F0479AB004A909F084FE044600283B
S21401167840F0B5809DF810205B4906F0B9F925467B
S2140116885A4E9DF81020EBB29A4254D80020584979
S21401169806F094F99DF81050002D40F099802C46DC
S2140116A82E46544F06A9F0B228F032F8C8B99DF86C
S2140116B81830032B15D13B689DF819201B685B79F8
S2140116C89A420ED19DF81D2005F168036B4403F874
S2140116D8402C9DF81E200235013403F83F2CEDB24C
S2140116E8E4B20136202EDDD19DF810300BB1002C66
S2140116F877D00AABCDE90143FF23022204210093E8
S21401170809203D4B039505F0DFFF27F073FD0346DF
S21401171860B19DF81020002A5FD0384A3849002C5D
S21401172808BF0A460020374906F048F96FF0FF005F
S2140117381AB0BDE8F08705986B0003F4FF73022220
S2140117480021184427F075FC31460246002006F0B1
S2140117584FF9013595E70598730003F4FF730222E4
S2140117680021184427F065FC002780465FFA80FAB6
S21401177806A9F8B227F0CCFF00BB9DF81830032B5A
S2140117881CD1D9F800309DF819201B685B799A425C
S21401179814D19DF81D30534510D19DF81E30C8F35D
S2140117A807229A420AD105F168036B4402350134CF
S2140117B803F840AC03F83F2CEDB2E4B20137202F12
S2140117C8D6D101369DF81020F3B29A42C3D88BE7DA
S2140117D80025DFF820902E46F4E7084AA2E7812084
S2140117E8A6E78B20A4E700BFE8200400971F0400A3
S2140117F806520400303E002007210400B9200400E8
S214011808D72004000B2104002DE9F04389B002A972
S21401181809F09EFD0446002867D1BDF80820344922
S21401182806F0CCF84FF6F672BDF80850DFF8D490FB
S2140118386B1E9BB2934254D8D9F8003029461B68D0
S2140118485F79384626F0D7F900284CD026465FFA45
S21401185886F8404603A927F05BFF28B9294638468B
S21401186803AA26F0B5F920B90136202EEFD14FF09C
S214011878FF08404627F04AFF014658BB112203A835
S2140118880AF08EFD2946384603AA26F09EF9D9F8AD
S21401189800301A79012A18D81B68BDF8081058793B
S2140118A827F088FBBDF8083003220421CDE9004360
S2140118B80920104B05F008FF27F09CFC034620B1D1
S2140118C800200D4A0D4906F079F86FF0FF0009B0BF
S2140118D8BDE8F08302460A49002006F06FF80124A5
S2140118E8D5E78724D3E78B24D1E78120EFE700BF2C
S2140118F82D210400672004006B2104008E200400BB
S21401190844210400303E00202DE9F043DFF894809E
S2140119180020D8F8003021491B688BB05E79002575
S21401192806F04CF801275FFA85F9484601A927F021
S214011938EFFE044690B99DF80430032B0ED19DF8AE
S2140119480530B3420AD1484627F0E0FE0146A0B169
S21401195802461349204606F031F827460135202D60
S214011968E1D1D8F8003000211B68587927F022FB0E
S21401197887F001000BB0BDE8F083112205A80AF034
S2140119880FFDBDF809403046214605AA26F01DF987
S2140119982146304627F00EFBE0E700BF7821040019
S2140119A844210400303E002037B5694609F0DCFCC6
S2140119B8044638BBBDF80020134906F019F8134D44
S2140119C82046019905F06CFF2046114905F0F6FFFF
S2140119D82B681B68587927F0FCFB70B14FF6F67236
S2140119E8BDF800104B1E9BB2934209D82B68019A8A
S2140119F81B685879FFF732FD0446204603B030BD10
S214011A088724FAE78120F9E78C210400303E00207C
S214011A18661F04007FB505460024E6B269463046CF
S214011A2827F076FEA8B99DF80030032B11D19DF852
S214011A380130AB4204D0FF2D0BD19DF80D3043B9D0
S214011A48304627F063FE024618B10020034905F028
S214011A58B5FF0134202CE0D104B070BD4421040048
S214011A68034B1B681878012808BF0220704700BF7F
S214011A786C3D0020D0E9023253F822301A78024B26
S214011A881A7000F0E7BA00BF905A002070B5D0E986
S214011A9802456B1EDBB254F8230003221B490AF0E9
S214011AA8CBFF54F8253004EB8504197863681A7857
S214011AB8A2F10B030F2B05D915490020BDE870408C
S214011AC805F07CBF01290FD1124C9140236840B91B
S214011AD80B43114A23600020BDE870400F4905F00A
S214011AE86DBF23EA0103F4E702290CD101230C494F
S214011AF803FA02F20B6818B913430A4A0B60EAE7BD
S214011B0823EA0203F9E70A460749D6E7B0210400A3
S214011B18B4210400CC630020CA210400D2210400A9
S214011B28C8630020E5210400EF21040007B5D0E9C9
S214011B38023103EB810253F821300B491B785268B6
S214011B48012B0A4B08BF0B4612684FF000001A60BB
S214011B580092074A074B084918BF1346074A05F07B
S214011B682DFF03B05DF804FBCC630020C86300209A
S214011B780A2204000222040014220400C0A204005F
S214011B8838B5254A254B264C0020264905F016FF70
S214011B980020254905F012FF22682449002005F097
S214011BA827FF2068224C234D05F0E2FE214600203F
S214011BB805F004FF2A682049002005F019FF286867
S214011BC805F0D6FE2146002005F0F8FE1B4B1C4901
S214011BD81A781C4B002053F8223005F0EFFE00F06F
S214011BE80DF919490246002005F0E8FE174B0020BA
S214011BF81A78174905F0E2FE164B17491A7800209D
S214011C0805F0DCFE04F020FABDE838400246134928
S214011C18002005F0D3BE00BFC0A204002E22040097
S214011C28CC630020352204003D2204004B22040028
S214011C38EF0A0400C86300205C220400BE5A002094
S214011C486D220400D063002080220400A35A0020DD
S214011C5894220400A25A0020A6220400B8220400F6
S214011C6807B500F071F8054B0090054A00200549B4
S214011C7805F0A4FE03B05DF804FB00BFCE22040005
S214011C88C0A204004F1E0400F8B504460B4F0C4EC4
S214011C980C4D00200C4A0D4905F090FE20463B7875
S214011CA829783278F6F78CF800233B7033702B705E
S214011CB8FF21BDE8F840064825F0E6BBBE5A0020DD
S214011CC8A25A0020A35A0020C0A20400D32204006E
S214011CD8A83A002037B51248FF2125F0D5FB114B4D
S214011CE8187810F0100505D0002003B0BDE8304084
S214011CF803F01CBF0121B42004F020FB04460A4B64
S214011D080A4A0B490090284605F058FE2046FFF778
S214011D18BBFF4FF4806003B0BDE8304027F03CB904
S214011D28A83A0020BE5A0020EA220400C0A20400F5
S214011D384F1E04000021024A0248FEF7C9BA00BF36
S214011D48DD1C0100A83A002008B5054B1B7823B115
S214011D581720FFF799FF002008BD0220FCE700BF07
S214011D68BE5A002010B550B1054B00F1100250F8CC
S214011D78044B904243F8044BF9D1024B197010BD3D
S214011D88A45A0020B45A002037B5174D04462B78BC
S214011D98DB0626D50090154B0020154A154905F097
S214011DA80DFE1E2C0BD0652C09D0032C19D0002053
S214011DB827F02EFD40F61C40FFF766FF0DE027F0E2
S214011DC84FFD4FF4FA63B0FBF3F202FB1300C2189F
S214011DD8FF21094892B225F046FB2B7823F0100321
S214011DE82B7003B030BD00BFBE5A00200323040089
S214011DF8C0A204004F1E0400A83A0020014B18791F
S214011E08704700BF4052002070B54C4E8EB03378F4
S214011E1803F0FB02A3F10905022AEDB258D0042B00
S214011E2841F6041257D0A3F108014B424B415B001F
S214011E3813434348ADF80C3025F00DFF48B9414B24
S214011E483F4A03F1100153F8040B8B4242F8040B86
S214011E58F9D13D4B1B78002B3FD03C4B0DF10E02C0
S214011E6803F1100153F8040B8B4242F8040BF9D125
S214011E7803A827F0EDFC2328044610D1012D49D8E4
S214011E880020334A334905F099FDBDF80C3003A804
S214011E9823F40053ADF80C3027F0DAFC0446002C86
S214011EA841D14FF40C7027F0D1FC044600283AD1F2
S214011EB803F0FAFE012D36D8274A01AB106851689F
S214011EC803C3264901A827F027FD78B319242AE079
S214011ED843F60412A7E70223AAE73378042B0DD0AA
S214011EE8082B0BD01E4B0DF10E0203F1100153F80F
S214011EF8040B8B4242F8040BF9D1B9E7104A0DF1ED
S214011F080E0302F1100152F8040B8A4243F8040B3F
S214011F18F9D1ADE7337803F0FB03022B03D1002098
S214011F28104905F04BFD20460EB070BD044901A8C6
S214011F3827F0F2FC04460028C8D1F4E7BE5A002070
S214011F48925A0020D0230400B45A0020A45A002034
S214011F58C0A2040027230400E1230400B0A2040061
S214011F68EA2304008223040070B5002686B00446DE
S214011F78252027F053FC1622002116480AF010FAED
S214011F88154B1E60154B1878FFF76AFD022814BF1B
S214011F980123042303208DF8083027F08DFC042341
S214011FA88DF810300E4B02A80593039403F030FD0C
S214011FB805460C4B0C4A19680C4B3046A14208BF23
S214011FC8134600940A4A0B4905F0F8FC284606B061
S214011FD870BD00BF40520020C83A0020BE5A0020FB
S214011FE8D1220100CC630020022204000A22040048
S214011FF8C0A20400FB23040008B5134A1378042B77
S21401200809BF124B01331B78C3F10603DBB2137009
S21401201803F0FD02092A04D11720FFF735FE172021
S21401202808BD0A4A1278002A14BF052206229A42D7
S21401203807D1074B18680028EED0FFF795FF4D200B
S214012048EEE70020ECE700BFBE5A0020B45A002095
S214012058C863002073B51E4C1E4E236832681343AE
S21401206834D01D4B1B6853B31C4D2B783BBB03F078
S214012078EBFFF8B94FF4806026F04FFF184B246841
S2140120881B7894B1C3F102032B7003F047FD204679
S214012098FFF76AFF04460020124B134A13490094BF
S2140120A805F08CFC204602B070BDC3F10603346807
S2140120B82B70EAE70121B42004F040F9EAE7002092
S2140120C8094A0B4905F07AFC0224E4E70224E9E709
S2140120D8CC630020C86300206C3D0020BE5A002057
S2140120E8B45A002043240400C0A204004F1E040072
S2140120F8292404002DE9F347384D394E00202A7962
S2140121082B88384905F05AFC3268287922FA00F0FB
S21401211810F0010002D1344905F050FC334F3C78E9
S2140121283CB10822324933480AF086FC041E18BF1F
S2140121380124DFF8DC80DFF8A490DFF8B4A014E00F
S21401214898F8000049460130C0B288F8000027F028
S21401215857FB002835D13C783CB108225146254822
S2140121680AF06AFC041E18BF01242A793368D34092
S214012178DB07E5D5002CE3D100922B881E4A1F49C0
S214012188204605F01BFC1E4B1878FFF769FC012357
S2140121980322124927F03AFB1A4A054613780133F7
S2140121A8137010B902B0BDE8F08720462B46124AD4
S2140121B8154905F003FC284602B0BDE8F047FFF7CD
S2140121C863BD0020114905F0F9FBFFF715FF00284C
S2140121D8E8D102B0BDE8F04700F01CB84052002034
S2140121E8C83A0020492404007A240400BD5A002075
S2140121F8B55A00204E520020C0A20400492504000A
S214012208BE5A0020A25A0020EA240400132504001E
S214012218915A00202DE9F041214C224D23780020C7
S21401222855F82330204A214905F0C8FBFFF7ECFD95
S21401223803461D4E1E4FDFF874802BB92378042BF6
S21401224815D8B3B91B4B15E032463946002005F0C0
S214012258B5FBFFF7D1FE00BB2378324655F823308D
S214012268414605F0ABFBFFF7CFFD0346E5E7092B33
S214012278E8D1114B00201B68104A11491360114B15
S214012288187027F0BDFA20B1BDE8F0410120FFF72C
S214012298FBBCBDE8F041FFF72DBFBDE8F08100BFEC
S2140122A8BE5A0020D0630020C0A20400692504009D
S2140122B876250400C8630020CC630020C83A0020B5
S2140122C840520020915A002070B51C4C23789BB3CD
S2140122D8838913F4407F2FD0056835B12A46BDE8B7
S2140122E870400020164905F069BB27F087FA154E9D
S2140122F803463070144A2846144905F05FFB3378C4
S2140123081BB1BDE87040FFF785BF2378082B0CD8B2
S214012318042B0CD80E4B1B78C3F1060323700D4B08
S214012328BDE870401868FFF71FBE0A2BF2D1BDE85A
S21401233870401820FFF7A8BC70BD00BFBE5A002029
S214012348A1250400A35A0020C0A20400CE2504003B
S214012358B45A0020C863002030B5464D03460446EB
S214012368454A0020454987B005F028FB2B782BBB4A
S21401237801A827F0D3FA022301A88DF8043027F024
S214012388BBFAB0B93E4901A827F0B8FA88B1152CAE
S2140123980FD127F065FA47F23153B0FBF3F202FB8F
S2140123A8130000F51C50103080B203F0BFFB07B0D5
S2140123B830BD162CFBD103F0F3FBF8E7152C2AD118
S2140123C800202D4A2F4905F0F9FA2B78042B11D055
S2140123D8082B0FD02C4B1B78DA070BD401A827F053
S2140123E831FA18B9BDF804309B0703D42B7843F0AB
S2140123F810032B7027F034FA4FF4FA63B0FBF3F2AC
S214012408FF2102FB1300C218204892B207B0BDE8AC
S214012418304025F028B827F055FA04460028C6D1DA
S2140124282B78013B092B1ED8134A194905F0C6FA21
S214012438184A194913780133D8B2107027F0E0F911
S21401244860B12046154905F0B9FAFFF7D5FD002811
S214012458ADD107B0BDE83040FFF7DCBE07B0BDE838
S2140124683040FFF747BE40F61C4007B0BDE8304095
S214012478FFF70ABCBE5A0020C0A20400F2250400D9
S214012488B0A2040009260400905A0020A83A0020A9
S2140124981C260400915A00204052002013250400EF
S2140124A82DE9F0410B4686B004460E4617463A49D2
S2140124B80246002005F082FA4FF000080123CDE914
S2140124C801380DF1160300934246402306212046A3
S2140124D826F061FC054640B102463049404605F003
S2140124E86DFA284606B0BDE8F0819DF816202AB98F
S2140124F836B900202A4905F061FAF2E7012EF8D02C
S21401250882F00103002027498DF8173005F056FAA6
S2140125189DF817300DF1170633B310230022CDE9C5
S214012528006306214023204626F000FC064630B10B
S214012538324600201C4905F041FA3546D1E74FB925
S2140125480821204626F054FA20B120469DF8171097
S21401255826F031FD0521204626F04AFA0028C0D08B
S214012568204626F025FDBCE74FB90821204626F06F
S2140125783FFA20B120469DF8171026F01CFD1023BF
S2140125880022CDE9006306214023204626F0CEFB33
S21401259806460028DED0CBE74B280400672804004F
S2140125A880280400A0280400C0280400002208B5DA
S2140125B8034B11461B681B685879FFF771FF08BD66
S2140125C8303E002008B5044B00221B6801211B6819
S2140125D85879FFF765FF08BD303E002008B5044B63
S2140125E800221B6802211B685879FFF759FF08BDAE
S2140125F8303E002010B50123002488B001A88DF8CC
S2140126080430CDE90244F6F76DF920469DF804201A
S214012618124905F0D3F92046039A114905F0CEF977
S2140126282046029A0F4905F0C9F910220E4B0DEB08
S2140126380201188840F0604040F48010FBF718FC4F
S21401264820460A4905F0D4F904A826F034FD2046A8
S214012658074905F0B3F908B010BD00BFD928040032
S214012668F82804001729040090A20400362904005B
S2140126780652040008B525F01FFB0020024905F0A4
S2140126889DF9012008BD00BF532904000023054A0F
S2140126988360C360044BC0E9002311B14FF6FF7392
S2140126A80B80704749101CB22830021110B5044639
S2140126B860B10020064905F081F9052C06D002F024
S2140126C8CBF904490246002005F078F9012010BD2F
S2140126D8672904007829040037B500216A4601AB4A
S2140126E8054625F0AAFB044668B100220F491046A4
S2140126F805F064F902F0B0F90D490246002005F02C
S2140127085DF903B030BD0B4905F058F9012024F0F6
S214012718ACFA01F099FF431C02D008F025F8F0E75F
S21401272821462846FFF7A6FFEBE700BFA1290400CC
S21401273878290400E929040038B5054601F084FF24
S214012748044626F0FEFB4DB100200E4905F036F989
S214012758631C14BF2046002007F0C8FF25F0BAFA0C
S2140127680228044605D0012805D10020064905F0AF
S21401277825F9204638BD0020044905F01FF9002434
S214012788F7E700BF062A0400202A0400392A0400B5
S21401279808B50020034A044905F010F9BDE80840C9
S2140127A800F050BDE3390400522A040008B50020A1
S2140127B8034A044905F002F9BDE8084001F0CAB920
S2140127C8712A0400522A04001FB5D0E9023253F8D0
S2140127D8223068461C78214601F0D0FB684601F095
S2140127E873FC28B92246044905F0E8F804B010BD80
S2140127F86846FFF771FFF9E7772A040000200149C8
S21401280805F0DCB8932A04007FB50DF1060102A88D
S214012818FFF73CFF0020264905F0D0F80020BDF858
S2140128280820244905F0CAF80020BDF80A202249E4
S21401283805F0C4F8039A0020204905F0BFF80020E7
S2140128481F4905F0D5F84FF6FF73BDF806209A42E2
S21401285829D000201B4905F0B1F800201A4A1B4967
S21401286805F0ACF800201A4A1A4905F0A7F8002224
S2140128781949104605F0A2F80020154A174905F02F
S2140128889DF80A220020164905F098F80A22002029
S214012898144905F093F80A220020134905F08EF82A
S2140128A807B05DF804FB0020104905F087F8D4E767
S2140128B8A22A0400BA2A0400D32A0400EC2A040037
S2140128C8052B040010290400E09304001B2B0400C8
S2140128D8C02709003A2B0400592B0400782B040062
S2140128E8972B0400B62B0400D42B0400182B0400E5
S2140128F808B50020034905F061F8BDE80840012045
S21401290801F0FAB9F22B040008B50020034905F0D6
S21401291855F8BDE80840002001F0EEB90B2C04007C
S21401292830B5104B104D1B5C85B08DF80F302B78E9
S2140129380446834206D00D4B0D4953F8202000204B
S21401294805F03CF830232C700A4801930DF10F036B
S2140129580093062280231921007826F0E7F905B0AE
S21401296830BD00BFD7A20400C65A0020E4A2040066
S214012978232C0400746800201FB5232303900193B9
S214012988064803AB0093012280231921007826F01C
S214012998CDF9039805B05DF804FB00BF7468002004
S2140129A873B5164D04462B78154ECBB125F0B3F901
S2140129B8012815D0346040F6B244124B1B78072B19
S2140129C817D02D78C5B925F0A6F9031E18BF01231F
S2140129D80D48009522461921007825F02BFD03E0C5
S2140129E800233360002CE8D1201E18BF012002B056
S2140129F870BD02250123EBE70025FBE7C35A00203B
S214012A08CC3A0020C65A00207468002008B504484D
S214012A18FFF7C6FFBDE808400220FFF781BF00BFE9
S214012A28C027090010B5064C208826F0C5FA60882C
S214012A3826F0C2FA6068BDE8104026F0CCBA00BF9E
S214012A48D03A00207FB523238DF813300DF11303F8
S214012A58029304230648019305AB009301228023C1
S214012A681921007826F097F9059807B05DF804FB58
S214012A78746800202DE9F047DFF84C91044699F870
S214012A88000090460F4625F095FF0B2899F8002080
S214012A9805D9BDE8F04700203F4904F08FBF00265E
S214012AA83E4B3F4D1E803F4BDFF820A103EB001342
S214012AB85B8801202B802A7104F0A8FE05F050FFE0
S214012AC804F0A4FE204604F0A1FE0123042C8AF893
S214012AD800300BD8022C45D89C4216D02346BDE8B8
S214012AE8F0470020304A314904F068BF062CF5D17A
S214012AF830462F4904F062FF384604F087FEFFF798
S214012B0891FF97B18AF800600FE04FF6FF76294FDC
S214012B183888801B18BF012004F078FEFFF782FF73
S214012B283888B04201D026F047FA19236B8099F805
S214012B38003000202B71204B1B786B71EB8843F01B
S214012B484003EB801D4B198826F0E1F9034620B1B6
S214012B58224600201A4904F031FF4046BDE8F047F6
S214012B68FFF71EBF304604F051FEFFF75BFFFFF785
S214012B7869FF26F030FA134B1B78002B0CBF3F2059
S214012B88202004F043FE042CCFD14FF4806026F0B9
S214012B9813FA3220C7E700BF362C0400645200201F
S214012BA868520020A03C00202A1C0400822C040045
S214012BB8652C040058520020736800201268002013
S214012BC89B2C0400C25A002074680020C35A0020B7
S214012BD838B5044605200D46FFF7A2FE184B1A889D
S214012BE84FF6FD739A4207D10020164904F0E6FE17
S214012BF8BDE83840FFF70ABF65B1134A13780133B9
S214012C08DBB2092B137014D90A2200200F4904F0ED
S214012C18D5FEEDE7012C0ED10B4B1D700C490D4866
S214012C28FFF734FDBDE83840002101200A4AFFF7C6
S214012C3821BF012CF2D0BDE838400748FFF7B0BEE7
S214012C4812680020D52C0400C55A0020002D040067
S214012C5858520020D03A0020E093040008B50649EF
S214012C68002004F0ABFE0548FFF736FDBDE8084036
S214012C7800210846FFF7ACBF442D0400D03A0020D7
S214012C88814237B50346154608D2002000910F4AFF
S214012C980F4904F093FE002003B030BD0C1A2246FB
S214012CA800200C4904F08AFE40F6BB532246002059
S214012CB8094904F083FE4FF47A735C43074B0120FD
S214012CC89C4294BF2C602B60E6E700BF2A1C0400D8
S214012CD8552D0400922D0400AD2D040080EE36001B
S214012CE810B504460820FFF71BFE0D4B3CB91C70B7
S214012CF80021BDE8104006200A4AFFF7BBBE1B7834
S214012D08092BF5D90A220020074904F057FE0020AE
S214012D18064904F053FEBDE81040FFF79FBF00BF09
S214012D28C55A0020C0270900D92D04001A2E040010
S214012D3873B51F4D2C7834B100201E4902B0BDE88A
S214012D48704004F03BBE0220FFF7EAFDFF221A4E50
S214012D581A4B30781A7025F02DFE0B2807D9204615
S214012D683278174902B0BDE8704004F027BE154B0B
S214012D781549009301EB0011012319224FF6FD7046
S214012D88498805F091FA70B12046104904F016FEFC
S214012D9800220F4B0F481C700F4B1A7002B0BDE88B
S214012DA87040FFF7FDBD01240C492C70EEE700BF0B
S214012DB8C45A00202B2E0400746800207368002073
S214012DC8362C0400C9300100A03C00206C2E0400FB
S214012DD8C35A0020C0270900C55A0020922E0400B5
S214012DE838B5144D04462B78052B21D91249FFF71F
S214012DF85DFC24B918B9114904F0E0FD0424104B10
S214012E08195D21B9BDE838400846FFF769BF032CAC
S214012E1806D02B78052B03D006200A4AFFF72AFE90
S214012E280021094B08461970BDE83840FFF7D0BEA7
S214012E3838BD00BFC65A0020D03A0020B42E040080
S214012E48CDA20400C0270900C35A002030B50446A5
S214012E5889B00720FFF764FD052C0AD100222A4B0A
S214012E6803A91A7002A804AA01F0FEFD30B10220D7
S214012E7845E09CB90122244B1A700224224D287879
S214012E8878B1421E504221495041FFF755FC0223B2
S214012E9804462B70022C0ED10A200FE0022CE6D134
S214012EA8EBE7631F5A424FF0050018495A4124F0D0
S214012EB839FF0446EEE7032C04D10020FFF770FD26
S214012EC809B030BD062C06D10020114904F076FD64
S214012ED801232B70E0E70F4A0F4B2878002C18BF08
S214012EE813460E490E4A0094002808BF0A460020D9
S214012EF80C4904F063FD201E18BF0120400009B0EC
S214012F08BDE83040FFF76CBFC15A0020D03A002018
S214012F18EF2E0400E82E0400E12E0400D02E040053
S214012F28DA2E04002A2F040013B51F4C0620FFF7DB
S214012F38F7FC2278092A09D900201C4904F03EFD2D
S214012F48042002B0BDE81040FFF74ABF184B1B78B3
S214012F582BB3002023F0ADFE24F0DDFE68B9FFF7A1
S214012F6871FD144B196824F0CDFE02460420002199
S214012F7802B0BDE81040FFF77DBD01A824F0C9FEE8
S214012F88FF2809D14FF4FA6023780133237002B081
S214012F98BDE81040FFF704BD0198FFF7EDFC4FF4BC
S214012FA8FA620320E3E700BFC55A0020452F040054
S214012FB8C25A0020E03A0020F023F0B589B0CDE9E6
S214012FC8000334488023002219210078324E334FFB
S214012FD825F0ACFE0020324904F0F0FC32463946B2
S214012FE803A801F041FD032804462E4D1CD10626F0
S214012FF8039A2D49002004F0E1FC0398FFF7BCFC76
S2140130080020396800F0ACFE2E7001F09FF900220E
S2140130180446264B30461A70FFF782FC84BB09B07B
S214013028BDE8F040FFF780BF28BB7268204904F06E
S214013038C5FC214604A8FFF729FB059B7268934245
S2140130480BD020461B4904F0B9FC072305202B703A
S21401305809B0BDE8F040FFF7F9BE1A462046164902
S21401306804F0ACFC0523002101202B7009B0BDE853
S214013078F040FFF7ADBD0020104904F09FFCF1E7D2
S214013088042C05D0042009B0BDE8F040FFF7A8BE1F
S21401309809B0F0BD74680020D03A0020E03A00205C
S2140130A87D2F0400C65A0020AE2F0400C55A002002
S2140130B8E92F04002230040076300400B230040000
S2140130C8F7B50446876800202378364D012B28700B
S2140130D804D0354B3549187004F070FC26785EBB71
S2140130E8334B1B78FF2B04D103B0BDE8F040FFF744
S2140130F88DBC304B1B78032B11D82F4C0320FFF7C0
S2140131080FFC6946208826F0C5FB002843D02B49CA
S214013118208805F047F920B12E70FFF777FC03B039
S214013128F0BD0124204B26491C7004F047FC0320FF
S214013138FFF7F6FB2C70F2E7012E25D13B78002B22
S214013148EDD01B4D2B78FF2BE9D1A68802F0A4FF02
S214013158864206D100201B4903B0BDE8F04004F0C2
S2140131682DBC194BA2881B783BB132B117490020F8
S21401317803B0BDE8F04004F021BC7B6814491B7815
S2140131882B700D4B1A80F2E7032E08D108226846E9
S214013198A16809F057F96846FFF70EFFBFE7002355
S2140131A82B70A1E7C35A0020C45A0020CD30040072
S2140131B873680020C65A002012680020C930010032
S2140131C8922E0400ED300400C05A0020133104008A
S2140131D83E3104007FB5094B1A78FF2A0AD11870C8
S2140131E801F088FB0022064B0DF1060102A81A80A1
S2140131F8FFF74CFA07B05DF804FB00BF74680020BF
S21401320856520020152838B517D10C4B1D78A5B98C
S21401321826F026FBC4B2012C38BF01240120FFF793
S2140132287FFB28462246064904F0C8FB4FF47A700D
S2140132386043BDE83840FFF7B3BB38BDC65A002027
S2140132485B310400034B1B78022B01D8FFF770BDD6
S214013258704700BFC65A002070B5284C24F056FDAA
S2140132682578274EBDB10020264904F0A7FB264A3B
S214013278137801331370002323703378062B0AD191
S214013288BDE87040214B1868B0F5FA6F38BF4FF4A7
S214013298FA60FFF785BB3378013B082B2CD8DFE8AB
S2140132A803F005090D2B13191D222700BDE87040F0
S2140132B8FFF7C8BFBDE87040FFF73ABD002323708B
S2140132C8BDE87040FFF7A2BB2946BDE87040012063
S2140132D8FFF77EBCBDE87040FFF726BE0220BDE8BA
S2140132E87040FFF7B3BD0120BDE87040FFF7F8BC9A
S2140132F8BDE87040FFF7B2BC70BD00BFC35A0020DE
S214013308C65A00208A310400C55A0020CC3A00204B
S21401331810B90520FFF764BD034B1B78062B01D1B6
S214013328FFF79ABF704700BFC65A00202DE9F0473D
S2140133388E68054633189A780C46092A8EB008D93D
S2140133480020A34904F03AFB852420460EB0BDE8C8
S214013358F08750B98B899F49895C8B4205D20091C9
S2140133689D4904F02BFB8024EFE79C4BE7881B88DC
S2140133789F4236D09A490978012932D932B13A465C
S2140133880020984904F01AFB7E24DEE7964B1A7053
S214013398934B26791B78052B03D0012B3AD8FFF7D8
S2140133A851FF5EB93146204625F02AFF034600281C
S2140133B851D030468D4A8E4904F000FBD4F8088077
S2140133C8A48998F8037098F80450002E4CD130461A
S2140133D8884A894904F0F2FA00210120FFF7F8FB30
S2140133E84FE00021804B1970072A00F28A8301A357
S2140133F853F822F09933010047350100473501009B
S214013408593701005937010059370100EF390100D2
S214013418EF390100022B17D102F03EFE8742B3D0E6
S2140134280020764A764904F0C9FAFFF781FC46BBC4
S2140134383146204625F0E4FE034610B36B4A6C4934
S214013448002004F0BBFA1CE06E4A00206E4904F026
S214013458B5FA012479E7A3681B78DA06AED43246B2
S2140134686A4904F0ABFAA9E700210AA8FFF70EF9A2
S214013478032F08D95F4B664A66490097002004F077
S2140134889DFA002461E76B1E632B04D9594B604AE9
S21401349861490095F2E7614BE4B2DB5D9C4209D0D5
S2140134A8CDE901430020534B594A5D49009704F082
S2140134B885FAE6E757B3A4B222460521404625F029
S2140134C8B8FDBDF82830834203D04A4B554A5649C1
S2140134D8B6E7012F1AD022460721404625F0A9FD56
S2140134E8BDF82A30834203D0424B4E4A4F49A7E7DC
S2140134F8032F0BD122460921404625F097FD0B9B49
S214013508984203D13B4B474A494999E7642D3FF412
S21401351863AF26F0A5F96423C0B2B0FBF3F203FB50
S21401352812030133DBB29D42BFF456AFCDE9005317
S2140135380020304B3B4A3F4904F040FAA1E7284BAC
S2140135481B78052B01D03C4A7FE7EB1CDBB2277BB7
S214013558F45C44B123460020374A384904F02EFA71
S21401356800210C460BE00F2F0DD8102320463449B6
S2140135780093314A3B4604F021FA802401210020B9
S214013588FFF726FBE1E60435EDB220462A4A2D4927
S21401359804F014FA7A1B7119D2B206A824F0C9FBF2
S2140135A805443A46E9B2304625F040FD264D069ACE
S2140135B82B68264F9A42386001D100284AD12449FF
S2140135C800201D4A04F0FAF985240121D7E700BF37
S2140135D8A731040010A30400BF31040012680020BC
S2140135E8C65A0020EE310400C35A00206432040093
S2140135F86C320400F4320400093304003232040049
S2140136083F32040094320400A1320400BE320400A2
S2140136181E3304002633040040330400D3A20400FA
S2140136285E330400B337040098330400C233040041
S214013638EA33040011340400453404005F340400FE
S2140136488E340400A5340400D03A0020E03A002065
S214013658CE34040000F08EFF3E68B0420AD200F075
S21401366889FF9D4903463246204604F0A7F9892476
S214013678012184E7079A6B689A4205D12046974A42
S214013688974904F09BF96BE79649097859B19A422C
S21401369809D22046944904F091F996210620934AC6
S2140136A8FFF7E8F95CE7924A924905A801F0DCF9C8
S2140136B8079E48B96A68964206D88F4904F07EF98B
S2140136C80520FFF7C3FB40E6324600208B4904F08D
S2140136D875F939680027002000F042FB00206E606B
S2140136E8FFF74AF9864B06201F80FFF719F9854B25
S2140136F81F7001F0B1F90646F8B94FF6FF73824A12
S2140137080AA81188994214BF13463B466A88298835
S21401371801F012F90AA800F0D7FC58B10AA801F07E
S214013728DDF938B13046794904F048F90420FFF745
S21401373857FB0AE6FFF7F8FB07E6042805D1744BA2
S2140137481921187824F08DFEFFE538467149EBE714
S214013758714B1B78062B01D0704A76E6DFF8A0A1DC
S214013768EB1C94F80C90BAF80080DBB22EB9304600
S2140137786B4904F023F98724E7E5F75C2C1D972F9E
S214013788E4B22FD025D8812F71D0952F67D017BBDB
S214013798B9F1100F7FF6E7AD31194A460AA824F0A9
S2140137A8C8FA0444E4B221464A46304625F03EFCAF
S2140137B8231DDBB2053416F803A0E4B2A9EB040313
S2140137C85345054666DA009338465346534A5549E3
S2140137D8C7E5982F43D03B460020504A524904F08B
S2140137E8EDF8C8E7B9F10A0F7FF6BDAD1FFA89F7FC
S2140137F821463A46304625F019FC05F108010446EB
S2140138083A46C9B2304625F011FC0AAA01462046B6
S214013818FFF736FA08B9454B0A93B9F10C0F12D9D6
S21401382805F10C013A46C9B23046DDF8288025F084
S21401383800FC044602463E49002004F0BFF8AAF8F8
S214013848004044440A940A9C3A492246002004F05F
S214013858B5F82046FFF7A4F824F063FA11E63649CE
S214013868002004F0ABF80320FFF7BAFA09E6334C58
S21401387823786BB124F048FA50B10020304904F09F
S2140138889DF80023237024F04CFAFFF74DFBF8E56A
S2140138982C49E5E7DFF8A49099F8003043B9FFF71B
S2140138A8D1F88542034607D01C4A27490095E5E525
S2140138B824F031FA0128F2D110220D480AA909F09C
S2140138C8BBF810B9BAF13F0F42D9144A1F49002074
S2140138D804F074F84FE700BFED34040045340400E3
S2140138E825350400BF5A00205A350400C0270900B0
S2140138F8D03A0020E03A0020E92F04009B35040066
S21401390856520020C55A002058520020BD350400E2
S21401391874680020DC350400C65A0020023604000C
S214013928173604004437040026370400E0930400E1
S214013938523604007D3604009C360400C25A002024
S214013948B8360400F736040080370400BC37040094
S2140139586D4B187099F800304BB124F0D5F930B199
S214013968284624F0D4F9042807463FF48AAD514680
S2140139782846321924F00EFB28B10020634904F0CA
S2140139881DF8042070E799F80030554463B124F017
S214013998BBF948B1FF2FF4D0012F3FF472AD032FC6
S2140139A816D124F0BCF905462846FEF7E5FF04467D
S2140139B802460521564824F0E3F9564B1B689C42FB
S2140139C80AD3204624F0E1FA0520FFF73FFA58E526
S2140139D824F0A3F98046E7E74046FEF7E1FF002812
S2140139E87FF44FAD51E74C4B1B7803F0FD03082BD2
S2140139F801D04A4A29E5A48935B1F27822B10020D6
S214013A08474903F0DBFF2EE7E4B22246F11C0AA879
S214013A1824F08FF9434BBDF82820198805469142B2
S214013A280DD04FF6FF718A4209D03C4A00203E4B22
S214013A383E4903F0DDFFBDF828203D4947E7BDF8BC
S214013A482A20598891420CD04FF6FF718A4208D035
S214013A58324A0020374B354903F0CAFFBDF82A2001
S214013A68EBE70B9A5B689A420AD0013208D02B4AD8
S214013A782E490020304B03F0BBFF0B9A2F4926E74F
S214013A88A4B2E91C2246C9B2304625F0CFFAE91D90
S214013A98C9B207462246304625F0C8FA431C0146F5
S214013AA806D10820FEF73CFF2548FEF779FFE8E433
S214013AB8384606AAFFF7E4F8A8B9214B0693214B26
S214013AC800221978204B187824F00FF9069C204616
S214013AD8FEF766FF224600201C4903F06FFF092007
S214013AE8FEF71EFFCDE440F6B733069A9A42E6D8AB
S214013AF840F6B8320020164903F060FF40F6B833A6
S214013B08DCE7812421E400BFC55A0020EF37040012
S214013B1812380400E03A0020C65A00201B38040078
S214013B2830380400D03A0020B23304005738040075
S214013B3810290400DC330400723804006F400400C6
S214013B4880EE36007368002074680020AA380400E6
S214013B587F38040008B50420FFF742F90020FEF775
S214013B68DFFE0023054A19211370054A1370054B19
S214013B781878BDE8084024F074BC00BFC35A00207A
S214013B88C45A00207468002010B5164B164C1A78D3
S214013B98164B002053F82220154903F00FFF217811
S214013BA8144B154A0020002918BF1A46134903F07A
S214013BB805FF23782BB1124B00201A68114903F030
S214013BC8FDFEFEF73FFF0446FEF73CFF0E4B196865
S214013BD824F0C9F82246BDE8104003460B490020E8
S214013BE803F0ECBEC65A0020C35A0020E4A2040023
S214013BF8C63804009C3F04007D3F0400D338040007
S214013C08CC3A0020ED380400E03A002006390400DA
S214013C1838B5014604460020FFF788FB054698B1EB
S214013C28E37C00200A4A0B4903F0C8FE2379042BDB
S214013C380AD02946204625F0E3FA034620B100209B
S214013C48054A064903F0BAFE6FF0FF0038BD00BF0B
S214013C582A1C04002E390400643204006C32040065
S214013C6810B51346094A127882420DD163B1084A43
S214013C78002014680A46074903F0A0FE2146BDE85D
S214013C8810400120FFF752BB10BD00BF746800202A
S214013C98303E00205039040010B50D4B1C782CB16D
S214013CA8BDE8104000200B4903F088BE6420FEF7EB
S214013CB863FE4FF6F0716FF00F02074B0320C3E95E
S214013CC8001222462146BDE81040FEF7D3BE00BFCB
S214013CD8C65A002089390400D03A0020014B1870D2
S214013CE8704700BFC25A002000210620014AFEF78D
S214013CF8C1BE00BFC0270900014B1870704700BF3E
S214013D08BF5A0020114B2DE9F04107460D461868A9
S214013D180F49101A096824F026F8DFF840800D4E7E
S214013D2898F800400346FF2C307004D0A8420AD306
S214013D382C44A04207DB3A460020074903F03EFE22
S214013D48337888F800303078BDE8F081E83A00200A
S214013D58E43A0020C75A0020B73A040075680020E4
S214013D6850EA010208D0FF22054B091A1A70054BC2
S214013D781860054B1960704711461046FFF7C2BF19
S214013D8875680020E83A0020E43A00202DE9F04F53
S214013D98AFB006AD284600F0FDFD0026624FDFF8FD
S214013DA8D091284600F090F9044648B900F0BEFDC7
S214013DB85E490246204603F001FE2FB0BDE8F08FAB
S214013DC839460020F2B203F0F9FD284616A900F09C
S214013DD8FFFD044620B15649002003F0EFFD8FE0B1
S214013DE8BDF85820534903F0E9FD49462046BDF879
S214013DF85A2003F0E3FD2046BDF85C204E4903F047
S214013E08DDFD2046BDF85E204C4903F0D7FD20466F
S214013E18BDF860204A4903F0D1FD2046199A494960
S214013E2803F0CCFD2046BDF86820474903F0C6FDDF
S214013E38204646490DF16A0203F0C0FD4449204672
S214013E48239A03F0BBFDBDF85C30D90705D520469B
S214013E589DF890203F4903F0B1FDBDF85C309A0704
S214013E6814D500203C4903F0C3FDBDF85830B3F51E
S214013E78807F4FD1002025F023F918B10DF191006C
S214013E8803F01EFD0020354903F098FDBDF85C30AF
S214013E985B070BD50020BDF8B220314903F08EFD33
S214013EA80020BDF8B4202F4903F088FD06222846D5
S214013EB80DF116030AA923F085FF044690BBBDF849
S214013EC81620294903F07AFDDFF8A8A0DFF8A8B084
S214013ED80DF12808BDF81610A2B2914210D9B8F80B
S214013EE800205146002003F069FD0134D8F804206B
S214013EF85946002003F062FD062C08F10808E9D1AE
S214013F086C46204600F05AFD94E80F00013685E815
S214013F180F0046E70123202200200DF1910103F04E
S214013F28B1FCAFE7114957E7C93A0400963C0400CB
S214013F38D23A0400F63A04002A3B0400433B040044
S214013F485C3B0400753B04008E3B0400A73B040061
S214013F58BC3B0400D83B0400F13B040006520400B5
S214013F68043C04001D3C0400363C0400693C040083
S214013F780F3B0400473C0400573C04002DE9F04180
S214013F8888B004AD044628468846002700F002FD9E
S214013F986E46474507D195E80F0084E80F0020468E
S214013FA808B0BDE8F081304600F008FD96E80F003D
S214013FB885E80F00284600F087F801370028E8D181
S214013FC8014B0FCBE9E700BF88A504001FB5D0E970
S214013FD8023253F8223068461978FFF7CFFF684651
S214013FE800F07CFD48B1042809D1074A002007499A
S214013FF803F0E4FC05B05DF804FB054AF6E700208B
S214014008044903F0DBFCF5E732460400B13C040042
S214014018E83F0400BD35040010B5D0E9023203EBD1
S2140140288201496853F8223098B00C6804A81978B8
S214014038FFF7A4FF03AB40220093214608AB04A870
S21401404800F0E2FC024628B100200E4903F0B6FC57
S21401405818B010BD039808A900F007040122C0F3A0
S214014068C70003F055FC039908A8091B0144064834
S21401407801232246008803F005FC044803F03EFCB1
S214014088E6E700BFC13C0400745200200652040053
S214014098F0B504460D460B4BEF880FCB84E80F00AE
S2140140A8AB882E899B0741BFD5F83900D5F83D1056
S2140140B804F1080303C3EA68204627806680626025
S2140140C8F0BD00BF1CA30400102208B5034908F080
S2140140D8B3FC003818BF012008BD00BF88A504003E
S2140140E808B526F044F8C288FF219208012A38BF8D
S2140140F80122024823F0B7F9012008BDF83A00204A
S21401410838B5134690B10120274A1070274A002077
S2140141181160274A13600A46264903F04FFC02F04D
S2140141289DFB254B1870022002F09EFB26F03AF8FC
S214014138E8B91D4D1D4C2B782BB926F018F82268C6
S214014148C368134423601A4B24681B689C4229D20F
S21401415826F00DF8C168204606F0AAF800240246A3
S2140141682C7050B926F01EF8FFF7BAFF03E0FFF7E8
S214014178B7FF0028DDD0012038BD20460F4903F0DF
S2140141881DFC0D4B187802F06FFB00200C4903F05C
S21401419815FC00F091F908B900F0AEF92046FFF7D2
S2140141A8B7F8E8E70124ECE7C95A0020F03A0020FE
S2140141B8EC3A0020E83C0400C85A0020143D0400EC
S2140141C8343D040038B500F04BFA044600F042FAD4
S2140141D8241A25F0CCFF054618B9B1211B482BF047
S2140141E8B3FDAB8803F00303032B03D0B2211748B2
S2140141F82BF0AAFD00F02EFA054623F056FE012301
S2140142088340013B2B4203D0B42110482BF09CFD80
S21401421823F04BFE01238340013B234203D0B52103
S2140142280A482BF091FD05F019FE054623F03DFEE0
S2140142384FF48063B3FBF5F3C440A34205D2BDE84F
S2140142483840BA2101482BF07FBD38BD4A3D0400ED
S214014258FF2108B5044823F017F9BDE808400022F5
S21401426811461046FFF74CBFF83A0020F7B504464A
S2140142780E4600F089F8054625F079FFC3682B44F9
S2140142889C4220D323F011FE2C44C440013C114F1C
S2140142983B68DEB1A34219D101340023ADF80430DE
S2140142A800F0E4F9054605F0D9FD103504FB005485
S2140142B805F0D4FD01A90246204605F021FE23F0AB
S2140142C804FE386004E04FF0FF34E0E7A342E4DB85
S2140142D803B0F0BDFC6300204FF0FF320A4B10B567
S2140142E81A600022094B1A7000F0B4F9044600F06F
S2140142F8B7F9214602460120FFF702FF00280CBF46
S2140143080120042010BD00BFFC630020CA5A00200B
S21401431838B500F0D1F808B9002038BD094D0A4C67
S2140143282B7823B923F0D1FD012320602B70246854
S21401433823F0BBFD01348440EED000F025F820447C
S214014348EBE700BFCA5A0020FC63002070B50D4C8D
S2140143582368002B01DA012070BD00F07BF90546C1
S21401436825F005FF2468C66823F09FFD013404FA8A
S21401437800F1294401208A19FFF7C2FE0028EAD075
S2140143880420E9E7FC630020024B18680C3023F090
S214014398CCBD00BF00640020FF2307B50021044AF6
S2140143A804480093FBF75EFF03B05DF804FB00BF0B
S2140143B859420100F83A00200E4B70B51C680546B4
S2140143C8036804F582641C440E46FFF7DDFF2B687C
S2140143D8834208D232681A44824208D9C31A012095
S2140143E833602C6070BD044A126813441C1A0020FE
S2140143F8F7E700BF00640020F43A00202DE9F04FEB
S214014408B3F5803F87B00F469846019003D3002046
S21401441807B0BDE8F08F03A904A8CDE90332FFF77A
S214014428CBFF0024824600F10109DFF888B05FFA65
S21401443889F9019BDDE90356AAB27BB1304610998A
S21401444825F09CFE0028E2D1B9F1020F2BD1DBF84A
S21401445800300493019B03BB2F4421E039463046C4
S21401446805F04EFD0028D2D1BAF1000FECD0002C91
S214014478EDD105F0F3FC2E44B6FBF0F303FB106018
S2140144880028E4D005F0EAFC05A902463046059462
S21401449805F036FD0028DAD0B9E7109B2B441093B7
S2140144A8A8EB05050395631C4B454FF00104C0D3E3
S2140144B82046ADE7F43A00207FB56B460C4A1068F3
S2140144C8516803C390680C2218600A4B0DEB020171
S2140144D8186825F053FE0C2268460DEB020108F019
S2140144E8ABFAB0FA80F0400907B05DF804FB00BFEC
S2140144F82CA30400006400201FB5084A01AB10680D
S214014508516803C3906801A91860054B0C22186806
S21401451805F0F6FC05B05DF804FB00BF2CA304000B
S21401452800640020F7B5044615460E4681B9072AE9
S21401453803D80024204603B0F0BD0D4B80791968D6
S214014548E379063000EB03200C3180B223F0F7FC48
S214014558002721462B46324638460097FFF74EFF7E
S21401456804460028E5D039467019FFF77FFEE1E7D3
S21401457800640020024B1868A0F50060704700BF71
S2140145880C64002010B58AB0684606F09DF810F055
S214014598FF0027D1009BFBB1174C01A9206006F04C
S2140145A80BF810F0FF001DD12268009B9A4204D335
S2140145B84FF4DD7111482BF0C7FB019B104A1149D6
S2140145C81360029A13440B600F49A3F500630A604F
S2140145D80E4A1360009B63B940F2CF1107482BF0CF
S2140145E8B3FB06E0044A034612680020084903F0B4
S2140145F8E5F90AB010BD00BF04640020FD3D0400C3
S214014608F43A0020086400200C64002000640020AE
S214014618A53E040008B5FFF7B5FF25F0A8FD50B183
S21401462825F0A5FD064B02691B689A4203D2B32101
S21401463804482BF089FBFFF7C5FD012008BD00BF24
S2140146480C640020FD3D0400014B1868704700BF4C
S21401465804640020014B1868704700BFF43A002034
S214014668014B1868704700BF08640020014B1868A2
S214014678704700BF0064002010B5FFF749FE0446E6
S2140146882849002003F09AF90020274903F096F9F3
S2140146980020264903F092F90020254903F08EF9F7
S2140146A8244B00201A68244903F088F92246234936
S2140146B8002003F083F9FFF767FE21490246002030
S2140146C803F07CF91F4B00201A681F4903F076F99E
S2140146D81E4B1F4C1A6800201E4903F06FF922680A
S2140146E800201D4903F06AF94FF4806200201B4937
S2140146F803F064F9226800201949103203F05EF9C4
S2140147082268002017490C3203F058F92268002065
S214014718154902F5826203F051F9BDE8104005F02B
S214014728D1BA00BF243F0400613F0400803F040063
S214014738A03F040004640020CB3F0400EA3F0400C5
S2140147480D400400F43A00203040040008640020BC
S2140147580064002053400400764004009940040099
S214014768BC400400DF400400024104002DE9F0418A
S21401477894B004460D460020482102AA23F0F0FB17
S21401478818B9534903F01AF919E0602200212046A6
S21401479807F006FE04224F4902A808F04DF990B129
S2140147A86DB19DF80B30002001939DF80A309DF8F5
S2140147B80820009348499DF8093003F0FFF80120C6
S2140147C814B0BDE8F081BDF80C20B2F5807F2280D8
S2140147D803D0424903F0F2F8F1E7BDF81420BDF81A
S2140147E80E102281DDF816206180E2600499BDF87A
S2140147F81A206160228284F8320007AD04F11202A1
S2140148080FAE2B4603CBB342106051601D4602F132
S2140148180802F6D10F9B324A63631360314B1022AC
S2140148281846002107F0BCFDE288A3880280228989
S2140148384280E26842600BB90020C1E7002635468F
S214014848A388D90709D536B105F150026A4412F88A
S214014858482C84F838200135EDB29A0714D52088FB
S21401486823F094FA07466EB102AB03EB050802463D
S214014878414604F1390007F023FF3A4641461A48F3
S21401488807F01EFF2F44FDB2A3885B070DD556B16E
S21401489805F150036B4433F8482C33F8463CA4F82A
S2140148A85A20A4F85C300435EDB2002EC4D1482D48
S2140148B802D930460D4965E72946382002AA23F071
S2140148C84FFB08B90A495DE738250126B8E700BF56
S2140148D82541040038A30400574104008D41040013
S2140148E8183B00201C3B0020243B0020A841040064
S2140148F8F841040030B50B4C99B025786DB9FFF72F
S21401490889FE68B129466846FFF730FFB0FA80F09D
S214014918054B4009187001232370002019B030BDDB
S2140149280120FBE7CB5A0020CC5A0020014B18780F
S214014938704700BFCC5A002070B51E46134B04467C
S21401494818881D46884298B002D15B88934206D0E3
S2140149580F4B0FCB84E80F00204618B070BD96B1F8
S21401496800216846FFF702FF0028F1D1BDF80430A0
S2140149785B0708D53388BDF85A209A42E8D8BDF8AF
S2140149885C209A42E4D395E80F00E3E71C3B00203D
S21401499888A50400064B10B51B7804462BB9054BB1
S2140149A80FCB84E80F00204610BD034BF8E700BF85
S2140149B8CC5A002088A504001C3B002010B50446EC
S2140149C8024B0FCB84E80F00204610BD88A50400D3
S2140149D80B4B10B51B78044608467BB10021FFF740
S2140149E8C5FE48B910222146064808F025F80038C1
S2140149F818BF0120C0B210BD0120FBE70120FAE76D
S214014A08CC5A00201C3B00202DE9F0410E4690466A
S214014A180E4910221F4608F00FF8044670B90C4BD1
S214014A283A461D683046AD1B454528BF45462946CA
S214014A3823F096FA28B9074902F0C0FF0120BDE81D
S214014A48F081069B20461D60F9E700BF1C3B00204D
S214014A58183B0020F84104000022024B1A70FFF7A9
S214014A683BBC00BFCC5A00202DE9F0419CB00F4654
S214014A7816468046FFF74CFC0546024615490020B7
S214014A8802F09CFF382D20D9012104A8FFF76EFEFD
S214014A980446D0B9119B04A93B606F463846FFF718
S214014AA8F7FA97E80F0086E80F00119BAB4297BF0D
S214014AB801210324084AC8F8003094BF1170C8F8C9
S214014AC8005020461CB0BDE8F0810022024B0124AC
S214014AD81A70F6E72A420400CC5A002070B5084D31
S214014AE800262B7853B1FFF7F7FB04461022002166
S214014AF804482E7007F054FC204670BD3446F5E78E
S214014B08CC5A00201C3B002008B50020064902F0BC
S214014B1855FF064B00201A78054902F04FFFBDE8FD
S214014B280840FFF7A9BD00BF49420400CC5A00203F
S214014B387342040003460120024AC3E90320002207
S214014B481A7070470100FEFF2DE9F0410024264E39
S214014B58264FDFF8A88088B000F0D4F9A5B28542C0
S214014B6802D308B0BDE8F081284603A923F02EFA3F
S214014B78A2B23146002002F03BFF9DF80D2012B389
S214014B889DF81210BDF81030402914BF6E21792106
S214014B980020CDE900313946BDF80E3002F028FF75
S214014BA8BDF814201AB10020114902F021FF9DF822
S214014BB80C00BDF8182070B9079B0E490093BDF884
S214014BC81A3002F015FF00200B4902F0F7FE0134F7
S214014BD82BF0C7F8C0E7BDF81C304146009300200B
S214014BE89DF81A30EDE700BF8C420400924204009B
S214014BF8B5420400BF42040006520400E64204001F
S214014C0810B500F0ABFABDE810400346024A002092
S214014C18024902F0D3BE00BF614E04007F0D0400B6
S214014C28D0E9023253F8223010B5188800F086FA17
S214014C38BDE810400346024A0020024902F0BEBE03
S214014C480E4304007F0D040010B5D0E9023200249B
S214014C5886B08DF8044053F8221003EB82030978D6
S214014C6801A88DF805105A681288ADF806209A68CA
S214014C781288ADF80820DA681278ADF80C40A2421E
S214014C8814BF402280228DF80A201A691288ADF8CE
S214014C9810205A699B691288ADF812201B68059383
S214014CA800F0D0FB034A03460349204602F086FE7D
S214014CB806B010BDB02104007F0D040038B50024ED
S214014CC8064D2BF03AF845F824000634C02CF8D1E6
S214014CD80020BDE83840024902F070BE801000206E
S214014CE81543040030B5002087B0204902F066FE5F
S214014CF800201F4902F062FE00201E4902F05EFEF7
S214014D082BF01BF800240546A0B201A9013423F0B4
S214014D185DF9202CF8D12BF010F81749421B00201A
S214014D2802F04CFE1549002002F048FE2BF005F86B
S214014D380446012000F09EF82AF0FFFF0E49021BE8
S214014D48002002F03BFE0E49002002F037FE2AF052
S214014D58F4FF044623F02BF92AF0EFFF021B00208C
S214014D68054907B0BDE8304002F028BE41430400BB
S214014D7870430400A0430400BD430400CC43040070
S214014D88E643040010B50C4603F07CFD08B9032C75
S214014D9812D101F059F904280ED001F055F9052869
S214014DA80AD0064802F0BAFC1C2801D124F0ACF857
S214014DB8BDE8104002F0C2BC10BD00BFC17F0300B1
S214014DC82DE9F04F00274FF0FF36DFF8A4B0264C48
S214014DD887B0BBF80030B8B2834209D8731C3BD001
S214014DE83246FF21214807B0BDE8F04F22F03BBB11
S214014DF801A923F0EBF89DF8050001F05BFFF8B177
S214014E089DF80480B8F1000F1AD1BDF810A0BDF8BE
S214014E1812902AF092FF18210246BBB24B43E018C3
S214014E28E158007C4FF47A73A2EB010C50B103FBF6
S214014E380AF363450ED30B44981A864228BF0646E2
S214014E480137C6E74D466B43FAD06345F5D3194497
S214014E58881AF2E74046F0E7FF21044807B0BDE8A4
S214014E68F04F22F011BB00BF801000202C3B002021
S214014E785A5200202DE9F041014688B058B102285F
S214014E8810D023F0BDF878B3D221194808B0BDE890
S214014E98F0412AF059BFFF23164A17480093FBF73B
S214014EA8E1F9EEE700244FF001082746134EA5B2B4
S214014EB8284603A98DF80D7023F088F89DF80D0093
S214014EC868B101F0F7FE20B19DF80C300BB986F8F1
S214014ED810800134202C06F11806E8D12546084B27
S214014EE81D80FFF76DFFCCE708B0BDE8F08100BF75
S214014EF806440400315201002C3B0020801000209B
S214014F085A520020014B1888704700BF5A52002099
S214014F182DE9F04F634A077D89B0044662490020AF
S214014F2802F066FD002024F0CBF820B12368218A20
S214014F38588803F0F5FC00205C4902F03FFD637DCC
S214014F48DFF87491002B236808BF08205988574B4F
S214014F5818BF00200093228A4FF0090314BF4FF0B0
S214014F6880084FF0400802F089FBA289BB1C9342D7
S214014F780CDB24F03FF9034620B100204C4A4D498A
S214014F8802F01CFD012009B0BDE8F08FA068791C6D
S214014F9889B2C55D24F04DF80337012D0646BFB228
S214014FA813D82368324659885879238A009343468A
S214014FB823F085FC824600283ED1862002F026FC96
S214014FC8284602F023FC304668E08520F6E703A968
S214014FD822F0FCFF9DF80C30AB4223D123689DF8E4
S214014FE80D105A7991421DD1BDF80E105A8891427A
S214014FF818D1BDF81020B24214D19DF812204245AE
S21401500810D1BDF81410228A91420BD1002D38D048
S214015018BDF81810E288914204D19DF81A201B7930
S2140150289A422ED00BF1010BB9F800305FFA8BF0DB
S2140150388342CCD88B20C1E74FF0000BF4E79AF8EF
S214015048020002F0E3FBBDF8180023F0B5FFBDF837
S2140150581A0023F0B1FF9AF8020003F081FE002837
S21401506883D19AF8020001F0F7FC0546079E002D49
S2140150783FF47BAFF0B2013D02F0C8FB360AEDB251
S214015088F5E7002002F0C2FB284602F0BFFB3046D7
S21401509823F092FF012DD2D1BDF81C0023F08CFF1E
S2140150A863E700BF954404006D3804000652040007
S2140150B8A2440400BF4404005A5200202DE9F043DC
S2140150C891B06946804622F081FF0023194F8DF87A
S2140150D801303888431E98B28045388009D1694620
S2140150E8404622F07BFF684622F05FFF11B0BDE81C
S2140150F8F0834FF0180905A922F068FF0E4C3E8888
S2140151080AAD09FB06460FCE0FC596E8030009FB54
S214015118084485E803000AAE404605A922F05EFF6A
S2140151280FCE0FC495E8030084E803006946388863
S214015138D7E700BF5A5200208010002008B5064B5A
S2140151481B88834205D9FFF7B9FFFFF739FE002010
S21401515808BD2720FCE700BF5A52002038B5074D86
S2140151682C882CB9FF21064822F08EF9204638BD36
S214015178601E80B2FFF7A2FFF2E700BF5A52002076
S2140151882C3B00202DE9F3479A4618239DF82890D2
S214015198244FCDE9001203FB09731446D3E9022311
S2140151A824F007F9064620460D4603F0D9FD04F01B
S2140151B8FD03382B80460FD1009432462B4600213A
S2140151C8DAF8100022F02DFFB8F1010F1BD1354394
S2140151D81ED102B0BDE8F087392CDAF810300BD1B1
S2140151E807EE906A07EE103AF4EEC77AF1EE10FA77
S2140151F8ACBF01200020E7E79E4275F100032CBFF3
S21401520801200020E0E7B8F1000FE2D10028E0D045
S214015218182303FB097701233B7402B0BDE8F04766
S214015228FFF7CEBD801000202DE9F04F00252E4651
S214015238A846AA462C46DFF8BC91D1B0694BA8B25D
S2140152481B88834209D81CB161882079FFF79AFD2B
S214015258FFF7B6FD51B0BDE8F08F0BA922F0B6FEF8
S2140152682AF06BFD1823AFB27B4309EB030B59F801
S214015278033005909DF82D00049301F01BFD0028CE
S21401528800F0AE809DF82C10002940F0A980DDE9D9
S2140152980432D01A4FF47A72BDF838305343834239
S2140152A800F29E809BF8103043B9BDF83A30002BC7
S2140152B800F096805343834200F29280FD23002239
S2140152C8CDE9013210AB00930DF119020DF11A0365
S2140152D8E9B20BA8F1F71CF8002877D1BDF81A3007
S2140152E8DA1C0493D2B214B33F4B9DF82D101B88D9
S2140152F813442279914214D1BDF82E106288914246
S2140153080FD19DF83220B8EBD21F0AD1BDF8342050
S214015318524506D1B3424DDD0020344902F04EFB1A
S21401532801E0B342F8DC61882079FFF72BFD02F033
S21401533841FA04469DF932002D4BC043C00F009335
S214015348BDF834200A23BDF82E10C0009DF832801F
S21401535802F094F99DF82D304FF0000B23714FF4AD
S2140153688A53FF26BDF834A04FEAD818E38007A968
S2140153785FFA8BF024F0CCF9C0B2B0B99DF81D10D5
S2140153889DF82D20914210D1BDF81E10BDF82E2093
S21401539891420AD122469DF829109DF81C0023F057
S2140153A832FFB04228BF3046C6B20BF1010BBBF143
S2140153B8200FDCD1BDF8300023F0FEFD9DF8190062
S2140153C802F024FA049910A802F034FA18230022ED
S2140153D85F4309EB07031A742AF0AFFC49F8070084
S2140153E801352BE75A520020645200207E450400FE
S2140153F8065204008010002070B500240126104DC6
S2140154088AB02B88A0B2834204D80AB0BDE870409F
S214015418FFF7D6BC05A922F0D9FD9DF8150001F0C5
S21401542849FC50B19DF814303BB91A46CDE901360E
S2140154380093E1B205A8F0F76BFF0134E1E700BF7E
S2140154485A5200202DE9F0430389DFF858818BB0C2
S214015458B8F800900093044683798288418840789A
S21401546823F02DFA002800F09580E78927B1A38953
S214015478BB4200F291800027B8F80030BDB2AB42BB
S21401548814D84D4601264FF6FF73E2899A4226D173
S21401549846B9B8F80030AB4202D92846FFF70EFEE7
S2140154A8FFF78EFC00200BB0BDE8F083284605A95F
S2140154B822F08CFD9DF814307BB92268059B534079
S2140154C8FF2B0AD86368069E5E4036F07F4604D1F5
S2140154D8BDF81C2023899A42D5D00137CCE7E2686B
S2140154E89A422BD0002E53D1D4E90323CDE90823C1
S2140154F805A822F05AFD0028D5D1B8F80030AB42ED
S21401550804BF6B1CA8F800302AF017FC18236B435D
S214015518234AE9B2D050D418002305A81A46CDE983
S21401552801330093F0F7F4FE18B100220023C4E912
S2140155380223284605A922F051FDB1E7234605AA0C
S21401554804F1100C174618685968083303C76345F1
S2140155583A46F7D11868386005A822F029FD0028D0
S214015568C0D01F2D1AD800238DF8143063788DF813
S21401557815306388ADF81630A388ADF81830A379CE
S2140155888DF81A302389ADF81C300028B0D1ABE766
S2140155980020E6E7862086E7872084E7892082E7D9
S2140155A8801000205A5200202DE9F04FB04A90F89A
S2140155B814908DB00446AF49002002F019FA002075
S2140155C823F07EFD20B12368218A588803F0A8F9C4
S2140155D80020A94902F0F2F9637DDFF8B8A2002B92
S2140155E814BF802340230293236808BF08205988E4
S2140155F8A14B18BF00200093228A072302F03EF829
S21401560800230393A28909F10305954211DB039B45
S21401561813B9184602F0FAF823F0ECFD034620B158
S2140156280020964A964902F0C9F901200DB0BDE856
S214015638F08FA06809F1010189B210F8096023F01A
S214015648F8FC3246804603468E490020ADB202F089
S214015658B5F98EB1012E00F08A808527384602F00A
S214015668D5F8304602F0D2F8404623F0A5FC852F3F
S214015678D2D00123039376E0A06809F10401A28938
S21401568889B2475D23F0D5FC09F10601A289049089
S21401569889B2A06823F0CDFC3A4605900090049B99
S2140156A83046794902F08AF909F1080938461FFA9D
S2140156B889F503F055FB002857D1384601F0CCF997
S2140156C8294603468146A289A06823F0A3FC6F49B0
S2140156D88346304602F08CF9A1684A462944334687
S2140156E8304602F0CFF83046634902F067F9A9441C
S2140156F81FFA89F52368424659885879238A009300
S214015708029B23F0DCF818B18378BB4240F0AC80EA
S214015718483FFFB2092F05D840F21133FB40DB079B
S21401572800F1A48000238DF81C30236807A85A7955
S2140157388DF81D205B88ADF82080ADF81E30029BE1
S214015748CDF82CB08DF82230238AADF82430049B8E
S214015758ADF82830059BADF82A30FFF773FE0746EB
S21401576800287FF47BAFA9464CE7B346C2E7294633
S214015778A289A06823F05DFC4FF0000B024607469D
S2140157884349002002F01AF909F10509BAF8003070
S2140157981FFA89F5BAF800201FFA8BF94A4503D88B
S2140157A81F2B31D9892759E7484607A9049322F0C0
S2140157B80DFC9DF81C20049B012A22D122689DF825
S2140157C81D00517988421CD1BDF81E0051888842B7
S2140157D817D1BDF82010414513D19DF82210029823
S2140157E881420ED1BDF82400218A884209D1BDF82C
S2140157F82800E188884204D19DF82A10127991423E
S2140158081BD00BF1010BC5E7012299468DF81C2028
S214015818226851798DF81D105188ADF82080ADF8B1
S2140158281E1002998DF82210218AADF82410E188FD
S214015838ADF8281012798DF82A2007A8ADF82C7033
S21401584822F0B3FB074600287FF408AFBAF8003009
S2140158584846994508BF09F1010307A908BFAAF8F0
S214015868003022F0BBFB7EE78D27F7E68C27F5E6AE
S214015878A94504006D380400065204000A460400CF
S214015888BF440400B1450400CE450400EF450400BA
S214015898FA4504005A5200202DE9F04F074688467B
S2140158A89146002589B09A46BDF848B09DF84C60E7
S2140158B8149C224B1A88A8B2824235D903A922F031
S2140158C885FB9DF80C201D4BB2BB9DF80D10B94207
S2140158D832D1BDF80E1041452ED1BDF810104945FC
S2140158E82AD19DF81210514526D1BDF814105945F4
S2140158F822D13046029201F0AFF8A6F14103012BFE
S21401590801460AD8204623F09AFB0D4B0D4A20443F
S21401591884420CD10421029302ACEDB232462046F1
S214015928009503ABFFF72EFC09B0BDE8F08F14F81D
S214015938011F4B405343EBE70135BBE75A520020A2
S214015948C59D1C81930100011FB50F4C2478C4B175
S21401595842EA03229DF818308DF8051042EA4322E0
S2140159680A4BADF80C201A78094B8DF806100799E2
S21401597803EB021300908DF80400DB686846029179
S214015988984704B010BD00BFCD5A0020CF5A00205A
S2140159984C3B002073B51A4DFF211A4821F074FDBF
S2140159A82B7853B3184C194E2378180106EB0313BA
S2140159B81A7A5968305C23F037FF4D281DD0E0B1BC
S2140159C8012300212278CDE900311201B25CC0B270
S2140159D8FFF7BAFF0A2223780A480133DBB2B3FB82
S2140159E8F2F102FB1133FF2123702B78013B2B7058
S2140159F802B0BDE8704021F03FBD02B070BD00BFE7
S214015A08CD5A0020EC3B0020CF5A00204C3B00200A
S214015A18F8B5104F3E780A2E1AD00FC8DFF840C0E6
S214015A280D4D9CF80040013605EB041585E80F007E
S214015A380A230134E4B2B4FBF3F203FB1244074829
S214015A48FF218CF800403E7021F016FD0020F8BDBD
S214015A580120FCE7CD5A00204C3B0020EC3B0020FF
S214015A68CE5A00200021024A0248FAF731BC00BF8C
S214015A789D590100EC3B0020002337B50C46124D1A
S214015A8812492A78CDE9003312018A5C01230146BE
S214015A98E0B2FFF759FFA4B90D490A788AB10A207E
S214015AA82B78013A0133DBB2B3FBF0F40A70FF211D
S214015AB800FB143307482B7003B0BDE8304021F0D3
S214015AC8DBBC03B030BD00BFCF5A00204C3B0020E2
S214015AD8CD5A0020EC3B002008B500F0BDF850B1C7
S214015AE8054B064A0649052808BF1A46BDE8084078
S214015AF8002001F063BF08BD1E46040006520400DC
S214015B083F46040008B5032023F0A8FE10B9012279
S214015B18014B1A7008BD00BFD05A00200022024B64
S214015B2818781A70704700BFD05A00200246FF2125
S214015B38014821F098BC00BF0C3C0020114B37B53A
S214015B481D78C5B9FF21104821F09EFCFFF7DAFF42
S214015B58044600900D4B28460D4A0E4901F02EFFCB
S214015B684CB10D4B1B78DB0605D5284623F050FEB5
S214015B78204622F08BF8094B186803B0BDE8304080
S214015B88FFF7D4BFD05A00200C3C00205C46040026
S214015B988A4604004F1E0400BE5A002010640020E6
S214015BA8FF21014821F070BC0C3C002070B51A4E4C
S214015BB8054633780C466BB30020184A184901F09D
S214015BC817FF032C01D0652C20D11649002001F0BF
S214015BD80FFF22460020144901F0F0FE0020134969
S214015BE801F006FF012329460822002001F04AFE9B
S214015BF800200F4901F0E2FE032C88BF002320464F
S214015C0888BF3370BDE87040FCF7BEB8012CE0D001
S214015C180849DBE770BD00BFD05A00208A46040059
S214015C28392204009D460400F0280400BB460400FF
S214015C3806520400B3460400014B1860704700BFC3
S214015C48106400200021024A0248FAF741BB00BF4F
S214015C58455B01000C3C0020054B10B51C782CB99F
S214015C680448FF2121F008FC204610BD0520FCE76A
S214015C78D05A00200C3C0020F8B50024074B084EEB
S214015C881D68084FE3B29D4204F1010400D8F8BD2F
S214015C98394656F8230020F0AEFDF3E7F8C00400B5
S214015CA8FCC00400DC64002010B5044C23780BB15A
S214015CB823F0C4FD0123237010BD00BF76680020C1
S214015CC82DE9F743254B0D4616460446019350B178
S214015CD84AB1042301AA12F8011BA94235D0013B97
S214015CE813F0FF03F7D1212003B0BDE8F08317F8BE
S214015CF8010F90FAA0F0000E20F0B9FF014608EB5C
S214015D0807039945F3DCCAB2C1F30F2392FAA2F24C
S214015D1893FAA3F3120E1B0E03EB0223DB4362195D
S214015D2812F8020C99B2DBB298420CD112F8013C77
S214015D38B3EB112F07D132462146284603B0BDE8FA
S214015D48F04323F0DBBC2320CEE74FF6FF71671E36
S214015D58A5F10209C4F10108D1E700BF080A0E122D
S214015D68F0B515468FB00E4607462AF092F8254B31
S214015D7802A81C7823F066FD15F0FD0F3BD028B964
S214015D88BDF808309B0701D5032D36D01DF02EFE31
S214015D9858B309A823F0C2FD0323306871688DF84B
S214015DA824300AAB03C39DF83130012D43F00203BA
S214015DB88DF8313019D105A909A823F0A7FD0028C7
S214015DC818BF022423F050F9032D18D80E4B0F4A9A
S214015DD80020CDE9004753F8243052F825200C4915
S214015DE801F0ECFD20460FB0F0BD032DEAD1042CDE
S214015DF808BF0024E6E70324E4E72C46E2E7032489
S214015E08F0E700BFD15A00202CA504001CA5040009
S214015E18C24D0400014B1870704700BFD25A0020CB
S214015E28024B1A6818608260704700BF146400202D
S214015E38024B186800B14068704700BF1464002020
S214015E4870B5044600250A4B1B687BB100211E88E5
S214015E5807E05A6802EB0110013145B9021B5542A9
S214015E6855418AB29642F4D89B68EEE7184670BD4B
S214015E78146400202DE9F04F1E46002393B0022E2D
S214015E88074688461446DDF870909DF874A0ADF86C
S214015E981A3040F2C08099F800305A0729D5042EE6
S214015EA840F2B98099F804B000255F4B33F83520E5
S214015EB8002A00F0B68001350A2DF7D1209B002B69
S214015EC840F0AD80FF250023207908AA0DF11901BD
S214015ED88DF8193023F03EF870B1BDF82C309DF8D6
S214015EE81900238023F0BBF80790C0B113B0BDE8B2
S214015EF8F08F99F802B0D7E7207922F05BFD0B28DE
S214015F08059000F28A80207923F0BAF807900028D5
S214015F18ECD1464A059B02EB03135B8823804FF6B8
S214015F28FF73002F08BF434662880021CDE900238E
S214015F3858465246238802F0FDFD18B1E38843F01F
S214015F482003E380209B07A90DA8CDE90D34CDF8E1
S214015F583C90ADF84080ADF842608DF844708DF8FD
S214015F6845A023F00AF808B10798BFE7484602F0AB
S214015F7825FDA01D02F010FD22464146384623F0B5
S214015F8842F9B04227D3E3882246C3F30E03E380DF
S214015F989DF87C3041460393BDF878303846029325
S214015FA80DF11A03CDE90093F3B222F076FA209B9D
S214015FB8079003B3F8B9BDF81A2042B1092D06D8DF
S214015FC81B4B03EBC5018A80209A43F83520112024
S214015FD822F0A3FF1CE0BAF1000F0AD10DF11A0353
S214015FE8CDE9006322464B4641463846FAF778FF24
S214015FF8DDE73820DBE7052807D1E388DB0607D588
S214016008002301200793FFF705FF079B002BDED02F
S21401601823F02AF8A8E7012068E7212066E71C2074
S21401602864E7EDB24FE700BF343C0020A03C0020F7
S214016038303C00204FF6FF72024B1A805A809A8035
S214016048704700BF5C52002010B5044C2379FF2B23
S21401605802D123F021FC2071207910BD5C5200206A
S21401606810B50C4C2379FF2B08D1002022F0F7FF3E
S21401607820B923F011FC207122F0F6FF20790228BE
S21401608805D00438012894BF0020012010BD002047
S214016098FCE700BF5C5200204FF6FF7310B5044CB6
S2140160A822889A4202D123F0EDFB2080208810BD79
S2140160B85C52002010B5FFF7BDFF40F61D4398421D
S2140160C8044607D8B0F5416F05D2182826D81528F2
S2140160D848D829D010BDA0F541630D2BFAD801A2E6
S2140160E852F823F03161010031610100DD600100E1
S2140160F8DD600100DD600100DD600100DD6001009A
S214016108DD60010081610100936101002D610100DC
S2140161182D6101002D6101002D61010040F6064345
S2140161289842D7D11C4920E0FFF7B6FF1B49024623
S214016138002001F043FC152C05D123F08DFBBDE8AA
S214016148104022F023BF164B164A1749B4F5416F83
S21401615808BF1A46002001F031FC22F016FF22F093
S21401616815FFECE71628DDD11049002001F026FCC2
S214016178BDE8104023F02FB822F076FABDE81040AB
S21401618802460B49002001F019BC0020BDE810406A
S214016198084901F013BC00BFE64E0400934E040004
S2140161A8065204008E4E0400AF4E0400CF4E040083
S2140161B8FB4E0400234F040007B5094A034610881E
S2140161C831B9084A084903B05DF804EB01F010BC80
S2140161D80091064A064901F00BFC03B05DF804FB82
S2140161E874520020861B0400434F04002A1C040036
S2140161F84F1E04000D4B37B51B68044693B11D7836
S2140162080389012D08BF02250093C37A084A002096
S214016218084901F0D3FB2146284603B0BDE83040C3
S21401622823F0F2BA022003B030BD00BF6C3D002057
S214016238B84F0400674F0400002010B522F00FFF86
S2140162480D4B1B6863B15A78052A03D862B1052439
S21401625802220AE0FF2AFAD00020084901F0AEFB24
S214016268BDE8104022F000BF1446104623F028FB74
S214016278204623F023FBF3E76C3D0020BD4F0400C6
S21401628813B5134C002022F0EAFEFFF7D3FE23686D
S2140162989BB101A822F0DBF978B923681A789DF832
S2140162A804309A4209D0D91E032906D9D11E0129DC
S2140162B803D9012A07D1022B05D1032301A8ADF87A
S2140162C8043023F0A7FA02B0BDE8104022F0CCBE95
S2140162D86C3D002000231946034A01330A2B91809E
S2140162E842F8081BF9D17047303C00207FB50E46AE
S2140162F8054623F091FA2A46044603460D4900202E
S21401630801F05CFB96B10C4B36211A889B78ADF8E8
S2140163180C208DF80E300323002200934FF6FC70F4
S21401632803AB8DF80D5023F0B8F90446204604B0A7
S21401633870BD00BFDE4F040098A50400FF2810B505
S2140163480C4604D10020044901F038FBFE20214602
S214016358BDE81040FFF7CABFF74F0400F8B51E4660
S2140163680B8807460C461546002B64D14A88B1F9B6
S214016378021000200029B8BF6B78304901F01EFBD7
S2140163886288132A1DD002F5FF437F339BB2052B83
S21401639823D8A2F50042013A052A1ED8DFE802F002
S2140163A8193F1D033C09264A2649002001F006FB31
S2140163B813E0254A2349002001F01AFB2A792349CC
S2140163C8F3E7022E94BF4FF6FF72B5F80120204975
S2140163D8EBE700201F4901F0F1FA33462A46214629
S2140163E8384624F094FA70B933462A462146384688
S2140163F824F08FFA48F2210362889A4203D138467C
S214016408697822F0B0FD6388B3F5004F02D90820F9
S21401641822F0C2FD0120F8BD2A790F49C5E70F4AC7
S2140164280849002001F0E4FA032E94BF4FF6FF72E4
S2140164386A880B49B9E70020EDE700BF325004002F
S2140164485A50040061500400725004007850040049
S214016458865004009E500400B8500400DA50040028
S214016468DF5004002DE9F04116888AB0DFF88C80E9
S214016478ADF80E300DF10E03C8F80020154600934E
S214016488324610AB07460C46FAF7BCFD90BB109B8C
S2140164988DF824000693BDF80E3004A8ADF81C301C
S2140164A8AB898DF81070ADF820306B890594ADF87E
S2140164B81E60ADF8223022F05EFDD8B9214630467E
S2140164C8BDF80E30109A01F0C9FF98B9214630463A
S2140164D8BDF80E30109AFFF741FF58B9CDE90060B4
S2140164E839462046BDF80E30109A02F049FB08B925
S2140164F8C8F800000AB0BDE8F08100BF2C3C0020B7
S214016508F0B585B004AB03E9030000231C469DF8EB
S2140165180D609DF80E70154AD9B202EBC1004568A8
S214016528EDB99DF80C30284600939DF80A209DF891
S2140165380B300F4901F05CFA26B1324628460D4960
S21401654801F056FA0C4A0020002C18BF2246BDF866
S21401655808300A4905B0BDE8F04001F02FBA12F834
S21401656831100133B94208BF2C46D5E740A50400CF
S214016578F150040002510400F51A04000651040003
S2140165884FF6FF7310B5084C88B062889A4207D157
S21401659802A90DF1070022F058F8BDF81030638003
S2140165A8608808B010BD00BF5C5200202DE9F04F8E
S2140165B885B0894692461C460746BDF83850BDF850
S2140165C83C80109E002833D00346464A00204649A0
S2140165D801F00EFA2388002B76D040F20912934276
S2140165E874D0424A4249B3F5827F08BF0A46CDF8BD
S2140165F804806188002000913E4901F0F9F923885A
S21401660893B1B8F1020F0FD933783B4913F0010F54
S2140166183A4A18BF0A4659074FF000004CBF33796B
S214016628B378374901F0E4F90020364901F0C6F994
S2140166380023354931F83320AA4249D1334A52F862
S21401664833B0002331F83300DA00A84246D10020DF
S2140166582E490A44908041F8330047B9238833B954
S214016668B4F90230002B02DB082022F056FC012088
S21401667822F092FC9EB13578EB0710D515F0040090
S21401668804D042460121304622F0D3FCCDE9017000
S2140166984346224651464846009622F0E8F9BBF1A1
S2140166A8000F06D04346224651464846CDE90067C4
S2140166B8D8474346224651464846CDE9006721F069
S2140166C89CFE05B0BDE8F08F114A90E7114A8EE7A7
S2140166D801330A2BAED14FF0000BB2E701330A2B78
S2140166E8B0D1BAE7321204002D510400F61A04009C
S2140166F81B5104003B5104001E510400265104009E
S2140167086C51040006520400343C0020303C002042
S21401671814510400185104000D4BF0B54FF00C0C41
S2140167281F88054600230B4EDCB2BC4201D300206D
S214016738F0BD0CFB04F43019345DAC4205D1448835
S2140167488C4202D104799442F2D00133ECE700BFBF
S214016758146800202464002073B501262B4D2C4CA8
S2140167682A462046FF2300210096F9F77BFD2A4694
S2140167782046FF2300210096F9F774FD2A46204695
S214016788FF2300210096F9F76DFD2A462046FF23D0
S21401679800210096F9F766FD2A462046FF230021C8
S2140167A80096F9F75FFD2A462046FF23002100964A
S2140167B8F9F758FD2A462046FF2300210096F9F7E7
S2140167C851FD2A462046FF2300210096F9F74AFD87
S2140167D82A462046FF2300210096F9F743FD2A465C
S2140167E82046FF2300210096F9F73CFD2A4620465D
S2140167F8FF2300210096F9F735FDFF232A460021DD
S21401680820460096F9F72EFD02B070BD317D0300D3
S214016818803C00202DE9F84300244FF00C090C4B6E
S2140168280C4F1E78DFF830803A88E5B2954202D3DD
S2140168383046BDE8F88309FB0585FF21A86820F0E6
S2140168482AFE18B9AB799E4238BF1E460134EBE7DB
S214016858D35A00201468002024640020014B1878BD
S214016868704700BFD35A0020014B1870704700BF0D
S214016878D35A0020F8B506460C4622F069FB0546B1
S214016888C8B9304622F096F80B2815D80B4B03EBFF
S21401689800131F7B87B95A88012122809A883046BF
S2140168A862809B79237100F037FA39466071304669
S2140168B800F032FAA07101252846F8BDA03C002058
S2140168C870B504460E46154622F074F80B2802D910
S2140168D84FF6FF7070BD094B03EB00131A7B002AB5
S2140168E8F6D146B901222946204600F03DFA00288D
S2140168F8EED00088EEE7012EEAD1F4E7A03C0020AE
S214016908FF2313B50DF1070104468DF8073022F071
S2140169181DFB18B19DF8070002B010BD074B03EB2D
S21401692804131B7B0BB1FF20F6E7204600F03AF96B
S2140169380028F8D0204600F0E9F9EDE7A03C002051
S21401694813B5F6F765FC0446F6F768FC22460346D7
S2140169581249002001F032F800F084FFFFF7BAFC74
S21401696800F0A6F80221084602F074FDFFF764FC61
S21401697841F2490022F0BEFF4FF0FF130093FF23B8
S21401698868468DF8043022F093FF4FF4004022F059
S21401699871FF002022F08EFF02B010BDBB5104002B
S2140169A838B5054622F0F4FA90B9284622F0AEFE2C
S2140169B8044628B140F60443984214BF88248D241F
S2140169C823462A460020034900F0F8FF204638BD32
S2140169D88D24FBE7D35104002DE9FF4705460E46F3
S2140169E817469846BDF83090DDF834A0BDF8384013
S2140169F8CDF80090CDE9014AE4B2FFF7D7FD43464A
S214016A083A4631462846CDE90094CDF808A023F049
S214016A1847FFFF21034B044A044804B0BDE8F0478A
S214016A2800F01ABE6852002064520020AB5C0020B9
S214016A38044B01461888102240F0404040F480106C
S214016A48F7F716BA92A20400024B18685968FFF7BE
S214016A5857BD00BF6AFD04000123064AD15C814286
S214016A6802D1054AD05C704702335F2BF6D100206D
S214016A78704700BF9AA504009BA5040070B50022C4
S214016A880446094B1D78094BD0B2854201D8FF2030
S214016A9870BD1E78A64204D10029F9D05E7BF607A0
S214016AA8F6D401321033EFE7D45A0020A03C002078
S214016AB82DE9F04198B06B46304A1068516803C317
S214016AC890680CAA18602E4B14469C4603F11806CB
S214016AD8154618685968083303C5B3422A46F7D1DC
S214016AE812AA1746274B03F118061546186859685F
S214016AF8083303C5B3422A46F7D1234A03AB1068C5
S214016B0851684FF0010E03C3906871681860DCF88D
S214016B183000002206AB03C30C21EC46B068CDE971
S214016B2809221860194BDFF86C801970184B0DEBA9
S214016B3801060B9206AD09A91CF8010B0132187063
S214016B4834F8020B0C2A588037F8020B83F80DE04C
S214016B58988016F8010B03F1100303F80A0C15F8D0
S214016B68010B08EBC00043F8080C11F8010B03F8F9
S214016B78040CE1D118B0BDE8F08100BFED51040066
S214016B880AA9040022A90400FA510400D45A0020D4
S214016B98A03C002004A60400014B1878704700BFEB
S214016BA8D45A0020034B03EB0013587B00F0010076
S214016BB8704700BFA03C0020F0B504460846D9B18E
S214016BC800220E4B11461F780D4B1D46D6B2B74212
S214016BD801D8002010E01E78A64206D09E68F688E6
S214016BE8314489B201321033F0E75E7BF607F9D5F6
S214016BF805EB02150180A868F0BD00BFD45A002035
S214016C08A03C00202DE9F347894690461D460746D5
S214016C1818B9002002B0BDE8F0870029F9D0002A8B
S214016C28F7D0002BF5D0002400780DF10601ADF859
S214016C380640FFF7C1FF0028EBD039460DF10602E2
S214016C48BDF8066021F0ABFD07460028E1D00DF13E
S214016C580602BDF806A021F0C9FD0028D9D0C9F85A
S214016C680070C8F80000037913F0200219D1DB067A
S214016C7814D4BDF806300C4A564413FA86F612FAAE
S214016C8886F20BE01A790C33920642BF13F8092CE8
S214016C98891889B29842F5D8044A0A4401202A601C
S214016CA8B8E72146024BF5E7F75B0020D55A0020E6
S214016CB844A8040008B50021FFF7E0FEFF2817BF27
S214016CC8044B084603EB0013587B18BF00F001007D
S214016CD808BD00BFA03C00202DE9F0410D46164630
S214016CE81F4621F067FE0B280AD8074C3B4604EBE3
S214016CF8001032462946BDE8F041806821F027BEDB
S214016D080020BDE8F08100BFA03C0020014B000137
S214016D18185C7047A03C002070B50C4621F04AFE6E
S214016D280B281BD80F4B03EB00139A68C2B100233C
S214016D38142618461579D9B28D4200D870BD116847
S214016D4806FB0311097B34B911F0800F1CBF013013
S214016D58C0B20133EFE711F0400FF7E70020EDE787
S214016D681046EBE7A03C0020F8B50D46164621F084
S214016D7821FE0B280BD80F4B4FF0140C03EB001316
S214016D889A6800231C461779D9B28F4201D8002089
S214016D98F8BD10680CFB0300017B46B911F0800FA3
S214016DA803D0AC42F4D00134E4B20133ECE711F07D
S214016DB8400FF5E7A03C00202DE9F04F06460024D9
S214016DC83A4B87B01B783A4F0093009B9C4207D2F8
S214016DD8FF2E08D0304621F0EDFD0B28044606D9D3
S214016DE807B0BDE8F08F07EB04131B7B2BBB230111
S214016DF84FF00008019307EB041A14E014221B68ED
S214016E0802FB05352B89B3F5967F01D928F0A9FF32
S214016E184FF000094FF00C0B29891FFA89F29142AD
S214016E280ED808F10108019B5FFA88F5FB189B68E4
S214016E381A79AA42E2D8FF2ED2D10134E4B2C4E7C5
S214016E481FFA89F00BFB00F06B6819180A7912F023
S214016E58100F23D19AF800E012F0400F8DF80CE0DD
S214016E68B5F800E0185AADF80EE00CBF4FF0400E2A
S214016E784FF0800EADF8120028468DF810E021F08C
S214016E885AFC5307ADF81400C8780AD50228896851
S214016E9800D90968002203A821F029FD09F1010992
S214016EA8BAE702288CBF89680831F3E7D45A00206C
S214016EB8A03C0020052370B5094A06881488B44208
S214016EC808D19578047B2C403F2C03D90D4201D07C
S214016ED8506870BD013B02F10802EFD11846F8E789
S214016EE8B4A8040070B50024074D084E2B78E0B20C
S214016EF8834200D870BD06EB0010437BDB0701D543
S214016F0821F037FE0134F1E7D45A0020A03C0020D6
S214016F18F8B50C4600210546FFF7B0FDFF2829D035
S214016F28154A060102EB00135B7B03F001016CB105
S214016F3843F001031644A142737305D0C4B100B2ED
S214016F4802EB001021F015FE0120F8BD2346F1E7FB
S214016F587B4311682846CA18127BC95AD20921F000
S214016F6874FA0134B268E3B211799942F0D8EBE7C2
S214016F781427F7E70846E8E7A03C0020F0B5944652
S214016F88497D20B339B3012918BF042100254FF6DE
S214016F98FF702F462A46144E3488644511D196F858
S214016FA803E01EEA010F0CD0B4789C4209D30AB15B
S214016FB8BC4206D81EF0100F03D08AB1BC420CD3CF
S214016FC870B90135072D06F10406E5D1F0BD002993
S214016FD808BF0821D8E70221D8E727460020F0E7AE
S214016FE827460122FAE700BF98A804002DE9F04FCA
S214016FF80A9FBDF824E09DF82C809DF830904C7DC2
S21401700878B394B3012C18BF04240025194800F15D
S2140170181C0C068896421ED190F803B01BEA040F92
S21401702819D08678464516D31BF0100F91F80FA095
S21401703804D0BAF1000F0ED0B1F810A0BAF1000FC3
S21401704809D1A94513D0AE4511D95E553E880135FB
S21401705801363E80ADB204306045DAD10120BDE884
S214017068F08F002C08BF0824CDE70224CDE70020C6
S214017078F5E700BF98A804002DE9F04F0024B1F504
S2140170887C4F0E4638BF4FF0010BA246A1464FF67D
S214017098FF781F4628BF274B85B028BFB3F800B036
S2140170A8009001925C4503D3404605B0BDE8F08FD9
S2140170B8B6F57C4F0CD3204B3A4603EB8403314696
S2140170C85B880098FFF708FE054680B300232AE090
S2140170D83A463146009821F09DFCF5E70C229CB211
S2140170E854436A680199105B02EB040C884219D371
S2140170F8B9F1000F01D0504514D861462846CDE9AC
S214017108023221F018FB029B60B1039A125BB9F1B7
S214017118000F03D0524501D3804503D992468046D5
S2140171284FF0010901332A899CB2A242D6D801340C
S214017138A4B2B7E7FAA50400FCA504002DE9F04FB0
S21401714891461A4600238BB08DF82020BDF85020B2
S2140171588DF81C00ADF81E10ADF8242005460F4624
S2140171681A4604A907A8159C9DF858609DF85CA0C6
S2140171789DF860B09DF864800493ADF8229021F0E4
S21401718862FB049850B92B46CDE90079644A6549F3
S21401719800F014FC86200BB0BDE8F08FBAF1000FA2
S2140171A814D18378B34206D050465D4A5E4900F052
S2140171B805FC8D20EFE7037913F0010306D1184685
S2140171C8574A5A4900F0FAFB8820E4E703795B0737
S2140171D82CD583685A689B6805920693807822F0B6
S2140171E8CAF8049B0546DF782146022F03463A462D
S2140171F810D805A822F07BF881462B463A46214648
S21401720806A822F074F8B9F1010F01D001300DD1AA
S2140172188720C0E7059822F06AF80128F8D02B469F
S2140172283A462146069822F062F8EFE7BBF1000FCE
S2140172386FD1049F4FF6FF722146B87821F019FAEC
S21401724800286BD0BDF82430C5B20093CDE90254AE
S2140172589DF82030BDF82220BDF81E109DF81C00B0
S214017268019621F082FE002895D1BDF82430CDE99B
S21401727802540093BDF822209DF82030BDF81E1058
S2140172889DF81C00019621F04EFC002883D121466A
S2140172989DF8682007A821F02AFB00287FF47BAF19
S2140172A8B8F1000F07D03B462046BDF81E209DF8D2
S2140172B81C1021F0BFFBBDF82430BDF82220BDF814
S2140172C81E109DF81C000093CDE901649DF820303E
S2140172D8FEF7E2FABDF82430BDF82220BDF81E10EC
S2140172E89DF81C000093CDE902549DF820300196C4
S2140172F821F03AFEBDF82430BDF822200093BDF8EF
S2140173081E109DF820309DF81C0021F0E4FB00209B
S21401731841E70020064900F051FBF8E701203AE76B
S21401732807520400135204003F520400535204004B
S214017338675204007FB500258DF80830BDF8203067
S2140173488DF80400ADF80610ADF80A20ADF80C303B
S2140173586946BDF82830099A01A80B9E009521F0C8
S21401736872FA044630B916B1009B9B7833702046F2
S21401737804B070BD8928FAD12846024900F01EFBE0
S214017388F5E700BF845204002DE9F04F4FF0000ADC
S214017398C7B0FFF701FC5FFA8AF6B04202D847B0D9
S2140173A8BDE8F08F5B4B36019A5D00205A4900F024
S2140173B805FB0020594900F001FB00230593554BB6
S2140173C89DF8144033449B681A79A24202D80AF100
S2140173D8010ADEE714224FF000091B6802FB043499
S2140173E822891FFA89F39A4202D8059B0133E5E7F9
S2140173F80C231FFA89F803FB08F8D4F804B028F020
S214017408B0FC0BEB08052B79454913F0400F3BF808
S214017418083022884FF000000093424B18BF0B46F5
S214017428414900F0E5FA2946204621F084F9074645
S21401743800283CD13D4900F0DBFA2979DFF814C170
S21401744811F0010F3A4818BF604611F0020FAA78EA
S214017458EB7832D1DFF800C111F0100F354918BFAB
S2140174686146CDE900010020334900F0C1FA2B79C5
S2140174783BF8082013F0400F4FF0000B4FF0FD03C8
S2140174880DF118082188CDE9023BCDE9007821489D
S2140174980CBF40238023805DFFF74CFF86280ED162
S2140174A82649002000F08AFA09F1010998E7024600
S2140174B82349002000F09CFABFE72249D1E7A878C3
S2140174C821F029F9D8B1404621F0B9FD421C92B203
S2140174D801234146002000F0D5F93946208801F0FD
S2140174E801FA4FF6FF73984207D0174B174903EB7B
S2140174F8C0035A68002000F061FA1549D1E7A87858
S21401750821F00FF920B1404621F09EFD821CDEE7EE
S214017518EA78DDE7A03C0020D6520400E4520400D5
S214017528AE520400B3520400245304009B430400E3
S214017538BB520400BE5204003853040054530400DE
S214017548F5570400C652040084A904007B220400EF
S21401755806520400B8520400CE5204002DE9F04F3A
S214017568C7B0BDF844A10646BAF1040F0D46144645
S2140175781F46BDF840B163D9CDE9013B00920B46E1
S21401758802463049002000F019FAFD230DF11709CB
S2140175980DF118083046029322463B462946CDE9A6
S2140175A800B8CDF80C90FFF7C5FE0646B8B9FD221F
S2140175B8414699F8000021F05CF80746C0B1AAF1E7
S2140175C80403834238BF8926204621F0F5FC8EB194
S2140175D8304600F01BF9304647B0BDE8F08F009002
S2140175E823462A460020184900F0E8F90027EBE769
S2140175F88926E9E7DFF85CA0BA1CBAF80030C3F1BF
S214017608FF039A4219DA304600F000F999F80000AB
S21401761800F0FCF8BAF800900C483A46414648444F
S214017628B94405F04DF8AAF8009023462A46304694
S2140176380749009700F0C2F9CDE7892000F0E6F87F
S2140176488926C8E7605304009B530400AB5C0020FE
S214017658C25304006452002010B5044C206004484C
S214017668018004490A60044A136010BD683D002081
S21401767862520020643D0020603D002030B587B08E
S2140176880AAC0D4654F8041B0093CDE901141346C1
S21401769809490246094809880068059421F08AFBC9
S2140176A84FF48A52064B1B681880064B1B685D8090
S2140176B8DA8007B030BD00BF62520020683D002066
S2140176C8643D0020603D002008B410B587B009ABC2
S2140176D80C4653F8041B0092CDE9011302460B49E8
S2140176E80B48059309880023006821F063FB4FF4D3
S2140176F88A52084B1B681880074B1B685C80DA8027
S21401770807B0BDE8104001B0704700BF62520020C4
S214017718683D0020643D0020603D0020044A034681
S21401772811680448044A09881268006820F01BBEDC
S214017738643D0020603D0020683D0020044B054A5A
S2140177481B6812681988044B186820F07FBD00BFB3
S214017758643D0020683D0020603D002007B5074BCA
S2140177681B681B880192064A12680092054A12682D
S21401777820F0CDFD03B05DF804FB00BF643D00209A
S214017788683D0020603D00201FB51446064A126871
S2140177981288CDE901430091044B05491B68096825
S2140177A820F091FD04B010BD643D0020683D002026
S2140177B8603D0020014B1868704700BF603D0020FF
S2140177C8024B1B6818715971704700BF603D002055
S2140177D810B50024084B1C70FEF75EFC074BFF2211
S2140177E818802146064804F0DBFD064B1C80064B34
S2140177F81C605C609C6010BDB55D00206652002070
S214017808AB5C0020645200206852002007490B88B0
S214017818FE2B9FBF064AD054581C80B29DBF0880D5
S21401782800F1FF3080180020704700BF6452002026
S214017838AB5C0020F8B5094F0D463B885C18FE2C5A
S2140178480ADC074E0A46A4B20146F01804F0FAFD0F
S2140178583C80641BA019F8BD0020FCE76452002098
S214017868AB5C0020024B034A00201A60704700BF39
S2140178786C3D002000A60400014B1878704700BF35
S214017888A03C002030B4044D044C002B0CBF2B4602
S214017898234630BC21F0FCBB221304009554040097
S2140178A870B5054608460C4621F0C9FB611C024620
S2140178B8024B2846BDE8704021F0EABBB45B0400E1
S2140178C800B5037889B0069343783E2205938378FA
S2140178D808490493C3780393037902934379019380
S2140178E883790093C3790448008800F081F809B0C9
S2140178F85DF804FBF053040074520020024B024664
S2140179080249188800F05AB8745200208E190400EB
S2140179182DE9F04705460E4617460024DFF8448051
S214017928DFF844A0DFF84490AC4201D1BDE8F08707
S214017938B8F8000006EBC4015346082221F0A8FB5C
S2140179480134B8F800003FB9044AA54208BF4A46C0
S214017958034900F04DF8E7E74A46F9E706520400FE
S2140179688D1904007452002095540400EB04040099
S2140179782DE9F0410E4E0446308821F0A1FBA8B14E
S21401798800250C4FDFF83080E3070AD518B94146C1
S214017998308800F02DF830882A46394600F028F855
S2140179A8002001351B2D4FEA5404EDD1BDE8F081C6
S2140179B874520020E73F0400385104000EB417B58E
S2140179C805A9044651F8040B019103F0DFFB0121D8
S2140179D80220054AF8F766FF044B1C8003B0BDE891
S2140179E8104003B0704700BF0652040074520020CE
S2140179F80EB417B505A9044651F8040B019103F016
S214017A08C5FB034B1C8003B0BDE8104003B07047AC
S214017A187452002013B503680446587900F032FF03
S214017A2890B923685A88032A0ED0E17C5B79CDE9A0
S214017A3800211649164AFFF7C1FF0121204621F009
S214017A48DFFB012002B010BD637D012B0AD0637DE8
S214017A5833B92368228A5988587920F0B7FF48B97C
S214017A68C3200AE02368228A5988587920F0B7FF8C
S214017A780028ECD0204621F025FB064B1B78002B6E
S214017A88DFD110F5807FDCD0C1B2D7E71D540400E2
S214017A9815540400AC5D0020002970B50F491D4639
S214017AA80F4B14460CBF6E227922002808BF0B46DE
S214017AB800200C49FFF79CFF0B4E2544AC4205D12C
S214017AC8BDE8704000200949FFF778BF314600201D
S214017AD814F8012BFFF78CFFF0E700BF565404009B
S214017AE84C5404005F5404009354040024370400E3
S214017AF82DE9F04FC27C8BB00592427D0368002ABF
S214017B0814BF80224022077D0446856886895879F5
S214017B18B846B3F80290069200F0B4FEA0B9059BE9
S214017B28052B05D86FF02D03059A1341DB070BD5F6
S214017B38B9F1030F08D0AB490020FFF73FFF012139
S214017B48204621F05DFB76E0E37B1BB1228A002A02
S214017B5800F0B781607D0022B0FA80F05B4203F046
S214017B680403DFF88CB2400943EAC000ABF80020F2
S214017B78FFF74CFEE37B1BB3208A21F01DFA8246F1
S214017B88A07CFFF743FE059A162A00F29A81DFE8E1
S214017B9812F019009E016C005600D2016C00920189
S214017BA8D9019A01E001E701EE01390102029801C3
S214017BB8980198011402580214027002390102024F
S214017BC89A46DDE700204B46874A8849FFF7F6FEC6
S214017BD80120FFF71BFE08F10207B74229D84146E4
S214017BE83246284621F025FA8046236842465879C7
S214017BF8BBF800304946C3F1FF039BB20193238AC1
S214017C080093069B22F086FE10B11FFA87F8E2E77A
S214017C18236842465879BBF800304946C3F1FF034A
S214017C289BB20193238A0093069BFFF797FC89284A
S214017C38EBD121F0DFFA01200BB0BDE8F08F4FF051
S214017C48000B0420FFF7E2FDF31E0893089B9845F6
S214017C5852D3BBF1000FECD1E37B94F81480002BD0
S214017C680CBF02220422624B1A804FF0000B04203C
S214017C78FFF7CCFD5F4608F1030A564540F29D80A2
S214017C8832464146284621F0D4F905EB08039B788D
S214017C98F21EAA44A2EB080207905146184692B271
S214017CA8099320F0E6FC0890002879D02268099B01
S214017CB85079CDE901A3238A49460093DDE90632C6
S214017CC821F006F882464A460020079B4949FFF7F5
S214017CD88FFEBAF1000F55D10BF101035046464904
S214017CE85FFA83FBFFF76AFE089B08F1030813FA9D
S214017CF888F81FFA88F8BEE732464146284621F03A
S214017D0898F905EB08039F78089B08F10301A3EB94
S214017D1808022944824692B23846099120F0A9FC05
S214017D28079068B323680999587902970191238ABD
S214017D38524600934946069B21F01AF80746B8B101
S214017D480BF1010338465FFA83FBFFF75FFD5046E8
S214017D5821F032F953464A4600202649FFF72EFEFF
S214017D683A4600202549FFF729FE802F3FF471AFD8
S214017D78079B08F1030813FA88F81FFA88F865E7DD
S214017D888027DDE75046FFF741FD079821F014F9F3
S214017D980137524600201949FFB2FFF70FFEA3E745
S214017DA88720FFF733FD079821F006F90137872268
S214017DB812490898FFB2FFF701FE059B052B3FF411
S214017DC83AAF002F7FF435AFBBF1000F05D10C4950
S214017DD85846FFF7F3FD8021B2E63846FFF716FD51
S214017DE827E700BFE0090400A0540400ED5404008E
S214017DF864520020AA540400ED530400C65404003B
S214017E08D05404000599A84AA84B0020152918BF84
S214017E181346CDF80090A64AA649FFF7CFFD059B65
S214017E280C2B14BF16200D20FFF7F0FC324628460F
S214017E38394621F0FEF8059B3D440C2B0646AD78E5
S214017E4835D1192D28BF1925E37BB3B14FF6FF733A
S214017E58278A9F4211D1206832464946069B4079B7
S214017E68FFF70AF9B84208D0BAF1000F05D0208208
S214017E788AF80000000A8AF801000020BBF80070A2
S214017E88FFF7C4FC236832465879059B4946A3F197
S214017E98150CDCF1000343EB0C03CDE90153238AEF
S214017EA80093069B20F088FE834BD855C1E6132D18
S214017EB828BF1325C8E72046FDF776FB00287FF480
S214017EC8BAAE81213CE62046FDF722F8F6E7B9F17D
S214017ED80A0F05EB0708A6EB070A21D1DFF8DCB184
S214017EE89BF80030E3B1E37BD3B9BAF1080F17D199
S214017EF832463946284621F09CF888B998F8023067
S214017F0873B998F80320E22A0AD13246391D284661
S214017F18059321F08BF821F058F9059B8BF8003072
S214017F28414648461FFA8AF222F0F6FC00287FF4FA
S214017F3882AE002104E6F21B484692B2E91921F006
S214017F4835F8F3E7F21B484692B2E91920F0EFFF3D
S214017F58ECE7F21B484692B2E91921F014F8E5E776
S214017F68F21B484692B2E91922F0D8FCDEE72368EC
S214017F78EE5D5879238A0137ED5D0193069B3246FB
S214017F88494600932B4620F056FD2A463146484678
S214017F9820F0CFFF4FE605987A1CE95DB31AA0F1E9
S214017FA81606704270410039009018BF01214846F4
S214017FB89BB22A4420F0BFFFB8E7059BEE5D112B64
S214017FC83D446F7838D11220FFF720FC0025E37B6B
S214017FD8B3B14FF6FF73B4F81080984510D1334605
S214017FE84A4621462846FEF7C9FF404508D0BAF159
S214017FF8000F05D020828AF80000000A8AF80100DE
S214018008BBF80080DFF8B0A0C8F1FE0292B208F112
S2140180180103009253444A4621462846CDE90267A1
S214018028CDF804B0FEF7E2FFBBF800300AF8080006
S2140180380133ABF80030FCE51420FFF7E7FB012518
S214018048C5E77B1C9E422CD3EF5D1D44003F18BF3D
S2140180580127F31A9EB233462A4639460020FFF70F
S2140180681BFD00962B463A464846218A20F067FFB4
S2140180785CE77B1C9E4214D3EF5DF61A003F18BFDF
S21401808801271D44B6B233462A4639460120FFF772
S21401809803FD00962B463A464846218A20F04DFFB6
S2140180A844E70020C8E500BF065204009B540400BC
S2140180B8E1540400EB540400AB5C0020AA5D0020E8
S2140180C838B54FF6FB750446A9424FF001019DF8F5
S2140180D8100098BF43F40043217023816260A072A8
S2140180E802230020084A0949FFF768FCE07A084B92
S2140180F840F6CA0203EB4010FF211FF0B4F9BDE8B1
S2140181083840042020F009BFFB540400065504003B
S214018118B03D002030B5054685B028B91D4905B0E3
S214018128BDE83040FFF74ABC0024007B20F097FFEB
S2140181382046194A19492C70FFF740FC184BE87A73
S214018148FF2103EB40101FF09FF92046154B020153
S2140181589A5C22B901300428F9D120F01DFF69681C
S21401816899B1B5F908302A899B1303F002038DF8F3
S2140181780430C2F30E03ADF806304FF6FF73ADF8C0
S2140181880830002301A80393884705B0BDE83040AE
S21401819820F06ABF31550400FB54040063550400FF
S2140181A8B03D0020703D00200948037873B9194690
S2140181B8084AD3720133042B11731170516011816F
S2140181C8917202F11002F4D101230370704700BFC7
S2140181D8AB5D0020703D002008B5FFF7E5FF0023E2
S2140181E805491A018A5C01EB03101AB10133042B05
S2140181F8F7D1002008BD00BF703D002070B50D46C0
S2140182080646FFF7D1FF0023094800EB0514A17ABB
S214018218B14205D1217819B12B4400EB031070BD8A
S2140182280133042B04F11004F1D10020F7E700BF55
S214018238703D002010B50446FFF7B6FF0E4B9C4272
S21401824812D003F12002944210D003F14002944266
S2140182580ED060339C420DD10323084800EB03106F
S214018268BDE81040FFF756BF0023F6E70123F4E701
S2140182780223F2E70020F3E7B03D0020703D00201E
S21401828870B50024064D074E2846324600210134B3
S214018298F8F71EF8042C05F12005F5D170BD00BFCE
S2140182A8B03D00203D8201002DE9F34105460C460C
S2140182B817469846FFF790FF064640B91C4A1D49DF
S2140182C8FFF77CFB0224204602B0BDE8F0814FF69A
S2140182D8FB739D420AD94FF6FD739D4204D00020D8
S2140182E8134A1549FFF76AFB4FF6FD7543462146C3
S2140182F83A46284620F051FF044600F02FFE8046F5
S21401830834B1234600200A4A0C49FFF757FBDAE73F
S2140183183B462046064A0A49FFF750FB06232946EC
S2140183283046089ACDF80080FFF7CAFECBE700BFB3
S214018338FB540400705504009A550400CF550400F8
S214018348F8550400F7B506460C461746FFF744FFEE
S214018358054638B9104A1149FFF730FB0224204672
S21401836803B0F0BD21464FF48A52304621F0DDF8BD
S214018378044600F0F3FD34B123460020064A0849B6
S214018388FFF71CFBEBE7009004233A4631462846E4
S214018398FFF796FEE3E700BFFB54040070550400A0
S2140183A820560400F7B506460F46FFF715FF0546A3
S2140183B838B9104A1049FFF701FB0224204603B0DA
S2140183C8F0BD002240231146304621F08DFA0446BE
S2140183D821F088FA34B123460020064A0749FFF7F8
S2140183E8EDFAEBE7009001233A4631462846FFF7B7
S2140183F867FEE3E7FB540400705504005356040077
S21401840873B504460E46FFF7E7FE054638B9104A27
S2140184181049FFF7D3FA0224204602B070BD0022A5
S2140184282046114621F062FA044621F05BFA34B17F
S21401843823460020064A0849FFF7C0FAECE70090F1
S214018448234632464FF6FC712846FFF739FEE3E726
S214018458FB54040070550400815604002DE9F041D0
S2140184688846107800219EB014461D46FFF7C6FEC2
S2140184780646002800F0FD800778002F7BD0B8F864
S2140184880010002940F0F5800389B8F8022043F46B
S2140184980040824240F0ED80617800296BD1A2F558
S2140184A80042062A00F2E580DFE812F0A100A100EA
S2140184B8E300E3000700B8006900E3880D3DADF866
S2140184C82430238915F00105ADF8263063798DF837
S2140184D82830E37A03F1060214F812208DF81430D6
S2140184E88DF81C2042D10BA98E46069104F10C008A
S2140184F85FFA85FC9C4500F1020009D210F8018C50
S21401850810F802CC01350CEB082C2EF802CBEFE75D
S21401851801EB43011A440891D2B2590001F10D004A
S2140185289A42C0B20BD025186D78205C7831694420
S21401853800EB0520013321F84C0CDBB2EDE7B6F968
S21401854808203389002AACBF01220322C3F30E0395
S2140185588DF808206288ADF80A3005ABADF80C2016
S214018568049302A9304620F003FE04E0424A434938
S2140185780020FFF723FA38461EB0BDE8F081042D27
S21401858802D83D4A3E49F3E72379053DADB29D42FF
S214018598B4F8028002D0384A3A49E9E73A4A3B4BEE
S2140185A80020002D08BF13463949334ACDF800800C
S2140185B8FFF704FA05348DF81450B6F90830069416
S2140185C885B1002BACBF012303238DF82C303389EA
S2140185D8ADF83080C3F30E03ADF82E3005AB0D931E
S2140185E80BA9BFE7002BACBF06230523EDE70B2D30
S2140185F8C7D9D4F80200D4F8061013F4004F05AA18
S21401860803C20CBF042203228DF82C206289C3F30F
S2140186180E03ADF83020ADF82E30DFE7042DB0D9C3
S2140186286388ADF8303023790533DBB29D4206D036
S2140186380020114A17490095FFF7C0F99BE70E4A33
S21401864800201549FFF7BAF9B6F908203389002A38
S214018658ACBF01220322C3F30E03ADF82E3005ABDF
S2140186680D93631D069323798DF82C208DF814300D
S214018678B6E700277FE700BFFB540400AE560400A8
S214018688D6560400EA5604009E1104000652040059
S214018698115704002E5704006F570400304BF0B5ED
S2140186A8B0FBF3F24FF4616503FB1200B0FBF5F380
S2140186B8DCB205FB13033C25B3FBF5F3DBB2A0EBF9
S2140186C804104B71C3EB0313A0EB83004FF4FA635A
S2140186D80B8040F201134B8001230C711F460024C6
S2140186E86425204E8871944200D1F0BD91F802C0ED
S2140186F813B1BCF1020F2BD006EB0C0010F801ECFD
S214018708C87870450BBF012001300CF1010CC0B2CE
S21401871808BF81F802C0C87088780D2816D10B8862
S2140187288F7001339BB298070B8014D1B3FBF5F019
S21401873805FB103080B280B94FF4C870B3FBF0FC6B
S21401874800FB1C339BB2B3FA83F35B090134CAE717
S2140187584FF01D0ED4E70023F8E70123F6E700BF24
S2140187688051010046A9040010B5044688B006A940
S214018778FFF794FF9DF81E300A4803939DF81D30B5
S214018788049402939DF81C309DF81A200193BDF8B5
S21401879818300549009300889DF81B30FFF70EF93D
S2140187A808B010BD7452002088570400026808B546
S2140187B81188154B19805188598051791971117989
S2140187C859714FF48A51D980D28812F0200F0CBF04
S2140187D80A464FF48B528169DA800C4A137831B90C
S2140187E8C0880B4923F002030880137008BD43F0C4
S2140187F802031370074B15221846013103F022FEB7
S214018808002200F8012CF1E768520020B55D00202F
S214018818665200207752002010B5184C2368587904
S21401882820F0C8F80B2822D8154B03EB0010027B62
S214018838237F9A421BD12368428819888A4205D029
S2140188484FF6FF70814212D1120410D42279023AEF
S214018858012A06D9A37B63B9BDE810400748FFF78C
S21401886847B9198958791FF0DBF90028F2D1002099
S21401887810BD0248BDE81040FFF7CCB8343E0020D2
S214018888A03C002008B520F095F80B2896BF024BAF
S2140188980020185C08BD00BFBA5D002008B500209E
S2140188A820F0DDFBFF2020F0B8F820F0DDFB20F0FB
S2140188B880FAFEF771F901210246064803F070FDB9
S2140188C8054BFF21054A0648FEF7C6FEBDE80840E7
S2140188D8FEF708BBBA5D00206852002064520020EB
S2140188E8AB5C0020F0B5002204464FF6FF750B4F2F
S2140188F890B237F830600346AE4201D12846F0BD43
S214018908A64209D1B4F57C4FF9D307EBC3035B88BC
S2140189188B42F4D00029F2D00132E9E784A9040099
S21401892810B50446FFF7DEFF094A034610884FF6DE
S214018938FF72934214BF074A2246BDE8104017BF8C
S21401894802EBC30304495A680449FFF751B800BF4C
S2140189587452002084A90400AB5704007B2204004B
S214018968034B18780130C0B2187000F07F007047CA
S21401897878680020044A137818B143F0010313708D
S214018988704703F0FE03FAE7B55D0020014B187047
S214018998704700BFB85D002038B1074B1B78012B24
S2140189A804D1038843F0400303807047022BFCD1AF
S2140189B8038823F04003F7E7B85D002068B1074A4B
S2140189C81378012B07D1064B1B781370037843F0F5
S2140189D81003037001E0022BF8D07047B75D002042
S2140189E8B65D00207FB50121264B274E19703378D6
S2140189F80246D90744D42549096881B10868C1885F
S214018A088D0641BF224CE18841F02001E180C188F2
S214018A184C0641BF1E48C18841F04001C1801D4D2A
S214018A281D492878097840074CBFE97069701B49C9
S214018A3813F00204098809D0164A194820F08FFA5B
S214018A48337823F00203337004B070BD154B1888D1
S214018A584FF6FB73984208D80B46CDE900520146FB
S214018A680B4A20461FF053FCEEE74FF6FF73CDE99D
S214018A78014200930A46074B05491FF024FCE3E729
S214018A880020E1E7AC5D0020B55D0020303E002007
S214018A9868520020AB5C00207968002064520020F0
S214018AA8765200206652002070B503790446012BE1
S214018AB80D46164631D883681B78DB0600D561B3A8
S214018AC8A37B13B9E37C0B2B27D00022144B1A8007
S214018AD8637DB3FA83F35B09D800E37BABB9FEF792
S214018AE895FEA07CFEF792FE0B20FEF78FFEE07C3B
S214018AF8FEF78CFE2846FEF789FE2046FFF756FE4F
S214018B083046BDE87040FFF76DBF40F00400FEF741
S214018B187DFE208A20F050FAE3E7002070BD00BFF2
S214018B2864520020024B0A4601461868FFF7BCBF8C
S214018B38303E0020F0B4054618460F4B0C461B780D
S214018B48BDF81010012B0D4E01D0377827B1002340
S214018B5833700020F0BC70470CB9002AF9D143B134
S214018B684FF65743994204D02B462246F0BC20F0D4
S214018B78DCB90120EEE700BF7A680020B95D002065
S214018B882DE9F04F684C4FF0000A25468446964674
S214018B9898460F46654B664E83F800A00FCE0FC564
S214018BA896E80F0085B085E80F00DDF83C90BDF823
S214018BB8383072460093394643466046CDE90194FB
S214018BC800F0DCF8DFF89081064670B90025FEF75C
S214018BD8FFFD16220021574803F0E2FB0023284632
S214018BE8C8F8003005B0BDE8F08F534BA27CC8F832
S214018BF800401A70514B1B78002B36D020F0E7FA4C
S214018C084F4902465046FEF7F3FE2268504653790E
S214018C1852884C490092A289FEF7EAFE504620F097
S214018C284FFA20B12368218A5888FFF779FEE37B3B
S214018C3823B10020228A4449FEF7DAFEA368002001
S214018C481A78E37C41490093A37CFEF7D1FE207D88
S214018C58A289A168121A01440123002092B2FEF7E4
S214018C6811FE00203A49FEF7A9FE2F48FFF79EFDA0
S214018C782D4821F04AFE054630BBB9F1000F25D133
S214018C882168E0880B8801904988BA1E032A00915A
S214018C988CBF002201220121E07CFFF74BFF38B987
S214018CA823685B79FF2B3AD0FFF7B6FD05468EE7BA
S214018CB82368DB889A06F3D40121264C1A482170CA
S214018CC820F09EFA84F80090354680E7B9F814300B
S214018CD89B07E5D47AE75846FEF718F882465846C1
S214018CE8FDF760FF88B123685046228A59881FF02D
S214018CF864FE50B13846FFF759FD236889F804A089
S214018D0883F805A0FFF788FD00B928460546013611
S214018D18FDF742FF5FFA86FB5845DCD857E7002681
S214018D28014FDFF83890F3E7343E0020AC5D0020B1
S214018D3864A904007652002079680020776800202C
S214018D48C4570400CD570400EE570400FA57040030
S214018D58EF0A0400B95D0020303E0020685200206A
S214018D680023054AD15C814202D31A4450787047E1
S214018D780233DBB2F6E700BF52A9040073B5154605
S214018D882E781A4616F0040F0CBF032605269E42B7
S214018D98089C08D9224A234900960020FEF70EFEB1
S214018DA8002002B070BDBDF8183021712060E38044
S214018DB8A560A2812B7803F00103A3732B7803F037
S214018DC80403002B14BF01210021E1732978C1F3A4
S214018DD8C00161754FF00101217518D0284620F0B1
S214018DE828F9237D208202332375227D531CDBB2AA
S214018DF82375A95C0232D2B2A1742275EB5CE374C6
S214018E08A3899A4205D900920749054AC5E72382EC
S214018E18EBE7079B0120A36100232377C1E700BF87
S214018E28321204003D580400595804002DE9F7434E
S214018E380024204FDFF89C80DFF89C90E0B220F0F9
S214018E4887FCFF2805460FD12346012102201A4A2E
S214018E58F7F728FD194B013418781DF006FF152C75
S214018E68ECD103B0BDE8F08346B238EA260328BF42
S214018E784B4601210093022057F82430104AF7F791
S214018E8811FD002EE6DA0923E340DB070AD50D4A71
S214018E980D4B15F0010F18BF1A4601210220F7F7EE
S214018EA801FDD7E70A2CD5D1084A094B15F0010F61
S214018EB8F1E700BF9CA90400B25804007B680020B3
S214018EC8DA5804008B58040075580400A7580400A3
S214018ED89D5804009E1104000652040008B5542249
S214018EE80021024803F05CFA002008BD6453002004
S214018EF808B55422FF21024803F052FA002008BDA3
S214018F0810530020024B23F810100020704700BFB2
S214018F1810530020002310B4074ADCB2A14203D83C
S214018F285DF8044BFFF7DABF2A2BF9D032F8024B6B
S214018F3820F813400133F0E764530020002310B5EE
S214018F48054A994201DD2A2B00D110BD32F8024BA1
S214018F5820F813400133F4E764530020024B1878D5
S214018F6800F07F00704700BFC65D0020034B1878ED
S214018F780130C0B2187000F07F007047C65D00204F
S214018F8830B51C4600238BB0ADF82220021D92B2E4
S214018F98012A0E9DADF82030ADF81E10ADF81C3034
S214018FA803D94FF6FF7290420FD10022CDE9035242
S214018FB8CDE90124094B01461B784FF6FF70009353
S214018FC807AB20F0E3FB0BB030BD0146CDE90153FA
S214018FD81846009407AA20F0F5FBF4E77C68002001
S214018FE838B505464FF480500C4603F0DFFB4FF4C6
S214018FF880532860236030B940F2A511BDE8384097
S214019008014826F0A1BE38BDC9590400004870477A
S21401901842560020014B1878704700BF9868002018
S214019028014B1888704700BF1C680020014B187850
S214019038704700BF91680020014B1878704700BF41
S21401904888680020014B1878704700BF8B6800209D
S214019058014B1878704700BFCB5D0020014B187094
S214019068704700BFCB5D0020014B1878704700BFE2
S214019078CA5D0020014B1870704700BFCA5D00200A
S214019088014B1878704700BF8C680020014B188880
S214019098704700BF1A6800202DE9F74F414B424A36
S2140190A80193424BDFF844911B78DFF84481DFF8DF
S2140190B844E1DFF844C13E4F3E4E3F4D3F494048EC
S2140190C802EB431A019B524503F1200309F12009DB
S2140190D808F120080EF1200E0CF1200C07F12007EC
S2140190E806F1200605F1200501930FD1002211464D
S2140190F8344B324D1C78344E344B314FD0B2844207
S21401910803F1200346D803B0BDE8F08F304B314C4D
S2140191185360002349E907432F4CDFF8E0B048E9DC
S21401912807432E4CC2E902304EE907432C4C116026
S2140191384CE907432B4C136147E907432A4C49E995
S214019148050348E905034EE905034CE9050347E924
S214019158050349F8201C48F8201C4EF8201C4CF83A
S214019168201C47F8201C46F8201C46E90743019CAA
S21401917845E907B3DFF888B046E9050345E905037D
S21401918844E907B344E9050345F8201C44F8201CC4
S214019198203297E743E9085643E9061743F8101CB7
S2140191A80132ABE77C4100209C4200209F680020EA
S2140191B8DC410020BC4100209C410020505000208A
S2140191C8065204009668002021D702001C4200209F
S2140191D87980020085C00300D994020001200300AB
S2140191E8DFD00300C1B70200039703007C420020CA
S2140191F85C4200203C420020FC410020314D030027
S2140192087D7D0200002208B5074B1A605A6020F0DF
S2140192185BFA064B187020F057FA054B1870054B89
S2140192281A78054B1A7008BDF24F0020265E0020FA
S214019238255E002089680020245E0020002100B5F4
S21401924893B008466A460AF085F90146C8B90E4B36
S2140192580E4A09930E4B0D920A930E4A0E4B0E9226
S2140192680B930E4A0E4BCDE90F230C930D4B6A4612
S21401927811930AF025FC003818BF012013B05DF8D9
S21401928804FB0120FAE700BF99BB0300758E0200B4
S2140192989DBD0300A55702004597030075A502006A
S2140192A8FDBD0300C5880200084B1878112806D8AA
S2140192B8012809D9064BC34003F001007047A0F105
S2140192C8430358425841704700207047285E0020E3
S2140192D83400020008B5064B1B78013B022B05D863
S2140192E80020FFF7E1FF0138C0B208BDFF20FCE708
S2140192F8295E0020044B00F1100250F8041B90422E
S21401930843F8041BF9D170472A5E0020044B03F189
S214019318100253F8041B934240F8041BF9D1704716
S2140193282A5E002030B5002491B0114B054621462F
S21401933814220BA8CDE9094303F032F8102209AB31
S214019348CDE900440693CDE90452CDE90252094B12
S21401935809490AA8F2F77AFF04460AA821F07EF816
S2140193681CB1A021054826F0EFFC11B030BD00BFA6
S21401937800248000004440042A5E0020545A040059
S21401938870B5002490B0154B05460E4614222146AA
S2140193980BA8CDE9094303F003F8102209ABCDE980
S2140193A8004406933146CDE90452CDE902520C4BEE
S2140193B80AA8F2F74BFF04460AA821F04FF81CB199
S2140193C8BA21084826F0C0FC099B102B03D0BB2104
S2140193D8044826F0B9FC10B070BD00BF0024800018
S2140193E800444004545A040030B50D4600218FB09D
S2140193F8124B0446142209A8CDE9071302F0D0FF40
S214019408102207ABCDE90242CDE900420493294672
S2140194180B4B08A8F2F7CEFF044608A821F01EF861
S2140194281CB1D121074826F08FFC079B102B03D0CF
S214019438D221044826F088FC0FB030BD00248000F5
S21401944800444004545A0400014B93F95A007047EB
S214019458884F00200022034B1870034B1970034BEA
S2140194681A7070473B5E00203C5E00203A5E002082
S2140194782DE9F04FDFF89080064698F800300D4643
S21401948885B0002B3AD04FF6FB73984236D84FF08A
S214019498000B1C4FDFF874A03C7898F800305FFA90
S2140194A88BF94B459AF8000011D9484402AA0DF1E8
S2140194B80601C0B216F0B2F9082229460DEB0200E1
S2140194C803F0BAFA0BF1010B0028E6D14C463B78BB
S2140194D8A34208D198F80020631CDBB29A423B707D
S2140194E804BF00233B70324629469AF800301C44D4
S2140194F8E0B205B0BDE8F04F16F07EBA05B0BDE89B
S214019508F08F00BF3A5E00203C5E00203B5E0020E4
S2140195182DE9F74F06460D4614461F464FF0010B38
S214019528DFF8789003F10C0A15B903B0BDE8F08F9F
S214019538102DA84628BF4FF010083A46164B5FFA7A
S21401954888F152F8040B524543F8040BF9D10191FE
S2140195589AF8002011481A70002389F80F4089F8F4
S21401956800B089F80E30FFF7DDFE324601340B48AD
S2140195780199E4B212F801CB10F8013B83EA0C0317
S21401958802F8013C931BDBB28B42F3D3A5EB080828
S21401959816461FFA88F5C7E73E5E00203D5E0020A6
S2140195A82DE9F04F9046914685B00090981A02939F
S2140195B883B20193009B0F46354903F10C0453F817
S2140195C8045BA34241F8045BF9D11B78314E0B705A
S2140195D849233370019BF0731B0A3046B373FFF7B8
S2140195E8A1FE0221BB460D46737888EA0303737011
S2140195F84FF0000A1DE0C5F11004A9EB0A039BB25F
S214019608A4B29C4228BF1C4600231FFA83FCE81814
S2140196186445C0B21FD82544EDB2A344102D544466
S2140196281FFA84FA05D1002530460391FFF77AFE22
S2140196380399D145DFD807EB080B25B115480391E7
S214019648FFF770FE039901294FF000050DD001219F
S214019658DDF80490CCE71BF803C016F800E00133E8
S2140196688CEA0E0C06F800C0CFE7029B09491F4496
S214019678094B38461C78224603F022F82A4621462A
S2140196883846009B05B0BDE8F04FFFF741BF00BF65
S2140196983E5E00203D5E0020A068002030B5407880
S2140196A80C4601284FF0110387B001F1100516D1B9
S2140196B8144A01A90AF08CFF234601AC2246186811
S2140196C85968083303C2AB421446F7D111230D4A31
S2140196D8002001A90AF07CFF002007B030BD012058
S2140196E8094A01A90AF074FF234601AC2246186804
S2140196F85968083303C2AB421446F7D11123024A0C
S214019708E6E700BF75E4010079EB010030B50C46C9
S214019718407887B001284FF011030DBF0B4A0C4A59
S214019728012001A918BF01A90AF052FF234601AA80
S21401973805AD144603CCAC4218605960224603F1C5
S2140197480803F6D1002007B030BD00BF75E401005C
S21401975879EB010010B50C4688B01A230C4A01A90A
S21401976801200AF035FF21460DF10E0304F110021F
S21401977851F8040B914243F8040BF9D11A2300203F
S214019788034A01A90AF024FF002008B010BD00BF53
S21401979824E10100F0B58BB004460D4622F06DF9C0
S2140197A8A8B101A813F00CFE88B1667B271D16F038
S2140197B8020F05D00822384601A903F03DF9D0B9B1
S2140197C801AB46F0020603CB6060796066731A2324
S2140197D80A4A03A901200AF0FBFE29460DF11603E1
S2140197E80DF1260253F8040B934241F8040BF9D104
S2140197F800200BB0F0BD2D20FBE700BF24E10100DF
S214019808F0B50546071D00220C463846082193B0D8
S21401981822F0C5F86A7B0646D0070BD5687808A9F2
S21401982820F039FCDDF83D306B60DDF841307B60B7
S21401983880B10BE0910709D5D2000121384602F024
S214019848800220F035FCFF28687002D12D2013B065
S214019858F0BDD6B1687801A920F0B2FB9DF81C309E
S2140198685B0604D54FF4C6710A4826F06DFA2346FE
S21401987803AD07AC2A4603CAA242186059601546CA
S21401988803F10803F6D10020E1E708A920F003FC5C
S214019898CEE700BFD25A04002DE9F04106468AB049
S2140198A81F480F4615460024FFF730FD002C01A976
S2140198B814BF4FF05C0C4FF0360C10238846184A3C
S2140198C812F8010B013B8CEA000013F0FF0301F8C4
S2140198D8010BF5D105A822F0C8FE4246102105A8BD
S2140198E822F0C7FEC4B93946324605A822F029FF38
S2140198F82A460DF1140C0DF1240E634603CB73456D
S214019908106051609C4602F10802F6D114B10AB003
S214019918BDE8F0810124C9E72A461021E5E700BF22
S2140199286D5E00202DE9F04791460D46C0B09DF8C2
S2140199382041DDF828811E46DFF87CA09DF82431F9
S21401994807462246494640468AF8003002F0B8FEE5
S2140199589DB12346324641463846FFF721FEB442BA
S21401996807D9A11B3B46012289B208EB0600FFF77F
S214019978CFFD002040B0BDE8F087A11B3B46012281
S21401998889B208EB0600FFF7C3FD22464146684642
S21401999802F096FE3246694638462346FFF700FE31
S2140199A89AF800200DEB040109EB040003F044F8D3
S2140199B80028DED02C20DDE7A068002038B5034655
S2140199C8104601F1100451F8045BA14242F8045B09
S2140199D8F9D104491BB1FFF7D3FC002038BDFFF7C6
S2140199E803FDFAE76D5E002030B5054689B0694685
S2140199F820F05BF96B8804ACABB122462946684671
S214019A0820F0F3F80E4A08AD234603CBAB421060AC
S214019A1851601C4602F10802F6D10948FFF76AFCB4
S214019A28002009B030BD6B46054D1A4603CAA2424E
S214019A3828606960134605F10805F6D1EDE700BF11
S214019A486D5E002050B10B4B0B4A03F1100153F821
S214019A58040B8B4242F8040BF9D17047064B054AB2
S214019A6803F1100153F8040B8B4242F8040BF9D1A9
S214019A78704700BF6D5E00204D5E002008B51022BD
S214019A88024802F0DFFC002008BD00BF5D5E002032
S214019A9808B508461022024902F0D4FC002008BD89
S214019AA85D5E002010B5044686B001A9114A11234F
S214019AB801200AF08DFD9DF8143001A8E37023F00B
S214019AC8CAF980F001000C4A01A96070112301202F
S214019AD80AF07EFD9DF8143001A8A37023F0BBF9A7
S214019AE880F00100207011F0F7FF6060002006B0DA
S214019AF810BD00BF75E4010079EB010010B50446FE
S214019B0886B01123134A012001A90AF061FDA37842
S214019B189DF814209A4207D08DF81430002011239E
S214019B280C4A01A90AF054FD11230B4A012001A988
S214019B380AF04EFDE3789DF814209A4207D08DF876
S214019B48143000201123044A01A90AF041FD06B089
S214019B5810BD00BF79EB010075E401002DE9F04165
S214019B6886B0064603A80C4614F078FC054600287D
S214019B784AD1BDF80C30980646D51022294620460B
S214019B8802F00EFC01A813F01BFCC0B1777B06F1AE
S214019B98040817F0020F06D00822404601A902F071
S214019BA84BFF00282ED101AB47F0020703CB7060AC
S214019BB8C8F804107773238843F0080323802388A2
S214019BC843F00203238012F0CBFF606021F055FFBB
S214019BD830B10E4B1B68A360238843F0040323802F
S214019BE80B4B1A68D1035EBF238843F0100323800A
S214019BF8130203D5238843F400632380284606B05E
S214019C08BDE8F0812D25F9E72425F7E7CC420020A9
S214019C18D042002010B5D0E9023253F8223090B075
S214019C281C6840226946204620F0A8FA034630B14F
S214019C38224600200549FDF7C1FE10B010BD0122DD
S214019C4869460820FDF764FEF7E700BF685B040075
S214019C5870B500F0B1F800280CBF6E2279220020FA
S214019C681349FDF7ABFE00F0A7F8F0B120F09AFA19
S214019C7800280CBF6E22792200200E49FDF79EFEB1
S214019C88082200200C49FDF799FE00250B4C0C4EC6
S214019C98234654F8042C314600200335FDF78EFE82
S214019CA8182D04F10C04F3D170BD3F22E4E700BF80
S214019CB8A05B0400B75B0400C75B0400F443002004
S214019CC8E65B040070B520F052FA044621490020EC
S214019CD8FDF774FE2CB92046BDE870401E49FDF715
S214019CE86DBE00F0BBF805461C4B62690020002AD1
S214019CF808BF1A461A492668FDF760FEA2880020A2
S214019D081849FDF75BFE1849E2880020FDF756FE64
S214019D18A388228913F010001ABF0020134914499A
S214019D28FDF74CFEE26800201249FDF747FE22695E
S214019D3800201149FDF742FE104A114B0020B6F5E6
S214019D48817F38BF13460F492A46BDE87040FDF7A4
S214019D5835BE00BF1B5C0400285C0400182B0400F9
S214019D68495C0400675C0400885C0400A55C040088
S214019D78C25C0400E05C0400FE5C0400135C0400A2
S214019D88095C04001C5D040038B5014600230C2557
S214019D98084A05FB03F4A0181459013404D10C220F
S214019DA802F050FB002038BD0133082BF1D1012009
S214019DB8F9E700BFF0430020034B1878012894BF49
S214019DC800200120704700BF7F5E002038B504469A
S214019DD8044D2878A04203D0214620F0A8F92C701B
S214019DE838BD00BF7F5E002000B58FB03422002149
S214019DF801A802F0D5FA01A8EEF75AFF0598D0B1E6
S214019E0882680E4BB2F5803F34BF92B2C2F38F22FE
S214019E1841881A81028828BF41F010011A604268F9
S214019E289980DA80C268DA6002691A6142695A6101
S214019E38027E18461A760FB05DF804FB74430020BC
S214019E48054B1B7820B1012B04D80220FFF7BEBFB3
S214019E58012BFBD8704700BF7F5E002010B5084C69
S214019E68237853B920F083F90123237028B10368B6
S214019E78B3F5817F24BF037E2370207810BD00BF11
S214019E887E5E002070B5184B1B78012B2BD820F06E
S214019E9851F9164D024616490020FDF78FFD01209F
S214019EA8FFF7CEFF2E78FF2E1DD1FFF79DFFC8B115
S214019EB8848860223146C4F340040E482C7002F0B0
S214019EC86FFA602231460C4802F06AFA5CB1FFF775
S214019ED8C5FF042807D9BDE8704040F22B11074892
S214019EE825F032BF287070BD7F5E0020A168002073
S214019EF83F5D0400F043002090430020515D0400BC
S214019F082DE9F04FDFF884928DB003AB07468846FB
S214019F18144699E8070083E80700FFF7B3FFFFF741
S214019F289DFF944B06461D784B46012D40F07081E7
S214019F38012840F27281B7FBF0F200FB1272002A88
S214019F4800F06B818C4900228B46D1F800C0BCF129
S214019F58FF3F04D0087A6044874200F01981013235
S214019F68082A01F10C01F0D193E8070006AE0DF1BD
S214019F78240A86E807008AE80700FFF76FFFB7FBA1
S214019F88F0FB00FB1B7BA0EB0B094A464146064645
S214019F980AA809978DF82C9002F092FB00224FF040
S214019FA80C0E764902E00132082A0ED00EFB02F0AA
S214019FB800EB010C08580130F5D19AE807008CE847
S214019FC807006F490A7801320A70A14504DD4FF48B
S214019FD8E2716C4825F0B8FEA41B5C444F44A1B25C
S214019FE817FA84F4B4FBF6F206FB1242C8448E1A3A
S214019FF891B1A41A08EB060107A88DF8202006944B
S21401A00802F05EFB06A8FFF7BFFEFF2804D140F268
S21401A018D9115C4825F098FEB6B2B6B10320FFF711
S21401A028D5FE802E0AD832464146574802F048FBEC
S21401A03832463846544920F085F805460220FFF78F
S21401A048C5FE28460DB0BDE8F08F0025F9E74FF4A8
S21401A0580E714C4825F078FE464B1B78012B00F014
S21401A068E380002C36D00320FFF7B0FE802C2FD8D3
S21401A07822464146444802F023FB224638464249D6
S21401A08820F060F805460220FFF7A0FEDFF8F09002
S21401A09899F8003093B1039CFFF7E0FE374B002791
S21401A0A898461A68511C04D0197A411A521A9442D1
S21401A0B824D00137082F03F10C03F2D1002DC0D1AB
S21401A0C8039B0133C1D003A8FFF75EFE0546B8E738
S21401A0D80125D8E72546D9E740F26D21294825F01C
S21401A0E833FE012524E0012D30D0802E2FD83246AC
S21401A0F82549039820F026F8054628E0002DA0D12A
S21401A1080C247C4308EB04039DF814A093F808B0CC
S21401A1180AEB0B03802BDFDC1B4B524604A91846BF
S21401A12802F0CEFA211D5A464144504402F0C8FABC
S21401A1380C2303FB07839DF814201B7A13449E42C5
S21401A148D1D040F273210F4825F0FEFD01250220EB
S21401A158FFF73CFE99F8003013B1013B89F800304F
S21401A1684FF0FF3308EB040248F80430C2E9013324
S21401A17867E700BFA1680020F04300209043002055
S21401A1887D5E0020515D0400F442002000AA040010
S21401A1984FF00C0A0AFB02B3187AA6EB00095FFA1D
S21401A1A889F9A14501D35FFA84F90AFB02FA0AF193
S21401A1B8040528444A464146584402F081FA0BEB06
S21401A1C80A031A7AA4EB09044A44D2B2B242A4B2E8
S21401A1D81A7219D103200193FFF7F8FD32460BEBEB
S21401A1E805015BF80A001FF0ADFF05460220FFF7E0
S21401A1F8EDFD4FF0FF32019B4BF80A20C3E901221F
S21401A208002D7FF41EAFC844002C3FF41EAF4F4408
S21401A218104B1B78012B7FF424AFB7FBF6F306FB34
S21401A2281373002B7FF413AFE319B3FBF6F506FBA4
S21401A2381535002D3FF415AF641B5B1B08EB0401B5
S21401A2482A4604A80393A4B202F03AFA8DF81450E9
S21401A25807E700BFA168002070B5134B1B78012BD8
S21401A2680CD1FFF70FFE0026104D55F8043C0133BC
S21401A27806D10336182E05F10C05F6D1002411E097
S21401A2880320FFF7A3FD55F8044CFFF7E7FD294621
S21401A298024620461FF056FF04460220FFF796FDA9
S21401A2A8002CE6D0204670BDA1680020F4430020AB
S21401A2B870B505460C46FFF7E5FD0520FFF786FD58
S21401A2C8214628461FF04CFF06460220FFF77EFD72
S21401A2D800220A4B2C441968481C08D0A94206D308
S21401A2E8A1423EBF4FF0FF31C3E900119960033226
S21401A2F8182A03F10C03EED1304670BDF043002056
S21401A308D0E9023253F8223010B51C68204600F016
S21401A31895FA28B12146BDE81040024800F022BF50
S21401A32810BD00BFCF5D040008B5D0E9023253F86E
S21401A3382230186800F06CF920B1BDE808400248E0
S21401A34800F010BF08BD00BFF15D04002DE9F04123
S21401A358D0E9023253F8221003EB82035B680F68D8
S21401A3681D789AB0642D04D96421114800F0FAFECC
S21401A37864252A46384601A900F002F9044698B928
S21401A3880C4800F0EFFEDFF8348001AE013DA5422F
S21401A39802DC1AB0BDE8F0813919404616F8012BDF
S21401A3A800F0E0FE0134F2E7034800F0DBFEF0E7D8
S21401A3B8145E0400345E04005E5E04004B5E040016
S21401A3C82DE9F04700252D4FDFF8E080DFF8E09013
S21401A3D88CB0284603A900F0EFF810B10CB0BDE820
S21401A3E8F087049B2946039A0093384600F0BAFE84
S21401A3F8404600F0B7FE059910290CD810290CD84C
S21401A408DFE801F00F14320B340B0B0B360B0B0B7A
S21401A4180B0B0B0B3A0020292CD0194800F0A2FE92
S21401A42807E0184800F09EFE0135D2E7164800F00E
S21401A43899FE0699484600F095FE0799134800F0DC
S21401A44891FE134800F08EFE1024DFF868A00DF187
S21401A4581F06504616F8011F013C00F083FE14F053
S21401A468FF04F6D10B48DDE70B48E0E70B48DEE7CB
S21401A4780B48DCE70B48DAE70B48D8E7795E0400B7
S21401A4881E5F0400CE5E0400DE5E0400445F040026
S21401A4985C5F0400EC040400E65E0400EE5E040063
S21401A4A8F75E0400025F0400195F0400BD5E040045
S21401A4B82D5F04006D5F040010B50B4C8EB0237839
S21401A4C85BB9EEF76FFB014650B9012301A823706B
S21401A4D8EEF7EEFB054B049A1A6020780EB010BD15
S21401A4E8034800F03FFEF8E7805E0020C4460020DF
S21401A4F8735F040000B58FB0FFF7DEFF002829D090
S21401A50801A8EEF7D5FB059B1448198800F02AFE2A
S21401A518059B13485969134B002908BF194600F0D3
S21401A52821FE059B1048598800F01CFE059B0F4824
S21401A538196900F017FE059B0D48D96800F012FE50
S21401A548059B0C48197E00F00DFE0B4B0B4819684D
S21401A55800F008FE0FB05DF804FB00BFB05F040012
S21401A568C25F0400182B0400D45F0400E85F0400EF
S21401A578FC5F040010600400C44600202460040048
S21401A58870B5064615460C4679B172B1FFF794FFC9
S21401A59868B121462A463046EEF794FC014618B1C2
S21401A5A8044800F0DFFD012070BD2120FCE71120E2
S21401A5B8FAE700BF3660040037B505460C46FFF7D4
S21401A5C87BFFE0B1114B1B68AB421AD9CCB1002115
S21401A5D82422204601F0E4FE214628461BF05AF9BB
S21401A5E888B9284601AA04F10801EEF71DFC20B136
S21401A5F840F20643C01A18BF012003B030BD11202F
S21401A608FBE72120F9E70120F7E700BFC446002051
S21401A618F0B593B00546FFF74FFF002845D0254B08
S21401A6281A68AA4207D829462348013A00F09AFD33
S21401A638212013B0F0BD05A8EEF73AFB284603A97A
S21401A6481BF028F998BB049A22F4FF57C2F30C03AF
S21401A65827F01F072BB14FF400532946174800F07F
S21401A66881FD039E7FB125F07CFB30464FF40051F7
S21401A678EEF7B4FC3346044606F5005650B9039B7C
S21401A688F31ABB42EFD32A4639460D4800F06AFD55
S21401A698002406E000902A464FF40051094800F0CD
S21401A6A861FD201E18BF0120C3E71120C1E7012064
S21401A6B8BFE700BFC44600206460040012610400BE
S21401A6C8D16104008061040010B5044638B1FFF773
S21401A6D8F3FE30B10020044B1B68236010BD212017
S21401A6E8FCE71120FAE700BFC446002010B504466F
S21401A6F8FFF7E2FEB0B10C4B1A68A24206D8214613
S21401A7080A48013A00F02EFD212010BD25F029FB4C
S21401A71840F2512220460649EEF746FB003818BF9C
S21401A7280120F2E71120F0E7C44600206460040027
S21401A7387044002010B50446FFF7BEFE70B12146EE
S21401A7480848EEF751FB40F20323984208D040F23E
S21401A758012398420CBF0520012010BD1120FCE7FB
S21401A7680020FAE7704400202DE9F0412D4D0446FB
S21401A7782F68FFF7A1FE002851D02968A14207D803
S21401A7884A1E2948214600F0EDFC2120BDE8F0814B
S21401A7982648EEF7E9FADFF894800246B0B9434650
S21401A7A82E68964222D1BE4214BF3A4606F1FF32BF
S21401A7B812BB31461D48C8F80040EEF7B5FA014607
S21401A7C800B31B4800F0CEFC0120DFE72046EEF779
S21401A7D88BFA044638B10146164800F0C3FC201E21
S21401A7E818BF0120D2E7EEF793F8F8E753F8041BF1
S21401A7F88C42DDD00132D4E70C499200081D01F0E5
S21401A80821FED6E729680948EEF7AEFA044610B1E4
S21401A81801460948D6E7EEF77BF82046B6E7112049
S21401A828B4E700BFC446002064600400504400201A
S21401A83817620400ED6104004A620400F8B5044694
S21401A848FFF73AFE002845D0234B1A68A24207D8DC
S21401A85821462248013A00F085FC21242046F8BD0D
S21401A8681F4800F07FFC25F07CFA40F251221D4972
S21401A8782046EEF799FA40F20327054625F071FAC5
S21401A888184E65B140F203239D421AD02946164850
S21401A89800F068FC0124154800F064FCDEE725F0AA
S21401A8A860FA29463046EEF79FFAB84209D040F2D8
S21401A8B80123984203D10E4800F054FCE1E705460F
S21401A8C8DFE721460B4800F04DFC2046FFF74CFF1A
S21401A8D80446E0E71124C1E7C4460020646004008A
S21401A8E88162040070440020A1620400EC040400A4
S21401A8F824370400B96204000322024B1860196168
S21401A9085A6370470000025C3F22034B1A63102209
S21401A918DA6103229A6370470000025C024AD36B2D
S21401A9289B07FCD4704700BF0000025C044B9B6A7F
S21401A93813F0240F14BF012000208000704700BFC9
S21401A9480000025C08B5FFF7F1FF084BDB6B23F448
S21401A9587F4323F0EF03003B18BF012350EA83002F
S21401A9681EBF0122024BC3F8FC2F08BD0000025C83
S21401A97800F0FF3F4368182B0AD0202B1DD0102B60
S21401A9882BD1174BD3F80434DB010AD401207047C6
S21401A998134BD3F804349A01F8D50B6843F008032F
S21401A9A80B6003680F4A934210D10B6843F04003CB
S21401A9B80B600023436000207047094BD3F804342A
S21401A9C85B01E3D50B6843F00403E9E7064A9342C3
S21401A9D8F1D10B6843F08003EAE70720704700BF10
S21401A9E80000025C825E0020815E00200B4607B5EF
S21401A9F80749D1F80414C90708D500210092024670
S21401AA08084600F043F803B05DF804FB0120FAE7B6
S21401AA180000025C0B4607B50749D1F80414C907BC
S21401AA2808D5009201210246002000F02FF803B055
S21401AA385DF804FB0120FAE70000025C13B5084C38
S21401AA48D4F80444640709D5CDE900230B46002150
S21401AA580246084600F044F802B010BD0120FBE7A4
S21401AA680000025C13B5084CD4F80444640709D501
S21401AA78CDE900230B4602460121002000F030F8FC
S21401AA8802B010BD0120FBE70000025CF0B51C46D1
S21401AA985B6815468DB01A07129E1AD1CBB172683B
S21401AAA8934216D10C4B0D4A53F8217009AB07CACD
S21401AAB883E807001A462946CDE90533CDE903336D
S21401AAC8CDE90163009447F480701FF0BCFB0DB01C
S21401AAD8F0BD0720FBE700BF18AA04000CAA040073
S21401AAE8F0B51D4616466A688DB0DDE91273E2B107
S21401AAF87868824219D15A68102A16D10C4A09ACCC
S21401AB0852F821C00B4A07CA84E807002246314694
S21401AB18CDE90544CDE90344CDE9017400954CF42B
S21401AB2880601FF090FB0DB0F0BD0720FBE700BF6B
S21401AB3818AA04000CAA040010B50A46044619B15E
S21401AB48024B00211B68984710BD00BF20AA0400CD
S21401AB5810B5114C2378580744BF23F0040323701B
S21401AB682378990705D500F05DF8237823F00203CA
S21401AB78237063781BB10023084A6360536000237F
S21401AB88082106486370FFF7D7FF2378DA0744BF22
S21401AB9823F00103237010BDC8460020CC460020D0
S21401ABA838B51A4C62782378022A01D1072B11D0BE
S21401ABB8DD0712D52378980707D400F02BF82378F9
S21401ABC8054643F00203237080B96278237882B180
S21401ABD85A0716D50025284638BD1BF047FC2378AA
S21401ABE8054643F0010323700028E3D0FFF7B0FFC2
S21401ABF8F1E7D907ECD5064962604A60022262701D
S21401AC08E6E743F004032370E4E700BFC8460020E4
S21401AC18CC4600200122024B002083F8F020704722
S21401AC28D44600202DE9F0410A4C002526464FF06F
S21401AC38010803272046C4F81C80277601351FF033
S21401AC48F0FB062D04F12804F4D1002386F8F03031
S21401AC58BDE8F081D44600202DE9F04F984691B022
S21401AC680B1E0A93B44B914614BF83469B46002598
S21401AC781A9E98F8000070B94D4538BF2A464B46CB
S21401AC884FF000000A9928BF09F1FF32D847284635
S21401AC9811B0BDE8F08F252808F1010806D02A462C
S21401ACA84B460A996C1CD8472546E2E700234146DD
S21401ACB811F8012B2B2A16D00AD8202A16D0232AB7
S21401ACC817D0A2F13000092834D800270A2418E042
S21401ACD82D2A05D0302AF4D143F001038846E6E749
S21401ACE843F00203FAE743F00403F7E743F00803E7
S21401ACF8F4E743F01003F1E7884604FB0722A2F1C4
S21401AD083007414611F8012BA2F130000928F3D982
S21401AD1898F800202E2A52D198F8011008F101025D
S21401AD28A1F13000092843F480633ED800244FF08F
S21401AD380A0E11E02A2A08D156F8047B8846002F05
S21401AD48BCBF43F002037F42E2E70027E0E7024682
S21401AD580EFB0411A1F13004104610F8011BA1F1F5
S21401AD68300CBCF1090FF2D99046424612F8011B85
S21401AD786C292DD025D8682933D06A293BD042467C
S21401AD88904618F8010B672860D8572836D8452802
S21401AD9808D084D9462800F0188147287FF47FAF69
S21401ADA843F4006343F0200327E12A2906D156F825
S21401ADB8044B08F1020824EAE474D6E79046002416
S21401ADC8D3E7742901D07A29D9D143F48073D7E718
S21401ADD898F801106C29F8D143F4407308F102027F
S21401ADE8CEE798F80110682902D043F08003C7E738
S21401ADF843F0C003F2E743F40073C1E7A0F1580239
S21401AE080F2A3FF64CAF01A151F822F0B5AE01006A
S21401AE18A7AC0100A7AC0100A7AC0100A7AC0100D4
S21401AE28A7AC0100A7AC0100A7AC0100A7AC0100C4
S21401AE38A7AC0100B5AE010021B00100B5AE010016
S21401AE48F7AF0100D7AF0100F7AF0100A0F1690124
S21401AE58C9B20F293FF623AF012249F2410C8A40B5
S21401AE6812EA0C0218D10A2900F0158107297FF485
S21401AE7816AF43F0210305930823CDE903431023B6
S21401AE88CDE9012356F8043B2A46009358464B461B
S21401AE980A991FF0B6FBA8E06F2800F05E8110D96A
S21401AEA8782808D1102223F00C0310E0582839D04E
S21401AEB8622800F054810A2223F01003642806D081
S21401AEC8F1E769284FF00A0223F01003F6D1590575
S21401AED848BF23F00103692803F4007101D06428F0
S21401AEE840D111B3073626F00706B24670685AF8FD
S21401AEF8081BCDE9077300230593C30F00280293A7
S21401AF0806940B46049202DA4B4260EB4000CDE908
S21401AF1800304B462A4658460A991FF0B4FB0546A8
S21401AF285646A6E643F02003BCE7D90506F1040A0F
S21401AF3804D5316805E000BF6DA4030058060CD59A
S21401AF483178CDE90224CDE9047300294FEAD1739B
S21401AF580193B8BF4942009120E01906E9D5B6F930
S21401AF680010EEE779B1CDE907730023CDE9042394
S21401AF7806F1070A2AF0070A06940293FAE802235A
S21401AF88CDE90023C5E7D80506F1040A0DD5CDE9B4
S21401AF980473CDE902240191336800934B462A468F
S21401AFA858460A991FF02DFBB9E7590607D5317897
S21401AFB8CDE904730023CDE902240193CBE7316878
S21401AFC813F0800F18BF89B2F2E743F02003CDE9EA
S21401AFD80173073626F007060094B6EC020B4B46BB
S21401AFE82A4658460A99EBF7F3FB054641E600F070
S21401AFF8DF00472801D143F40063CDE90173073622
S21401B00826F007060094B6EC020B4B462A4658462D
S21401B0180A99EBF721FAE8E713F0020426D04FF075
S21401B028010A6B1C0B932A464B460A9916F8040B21
S21401B038D84774B354460B9A21E04B4620200A9908
S21401B048D8470AEB05020AF1010A5745F5D83A1E10
S21401B05818BF0122002A07F1FF3308BF002307F1B2
S21401B068010A1D4408BF4FF0020ADAE7A246E8E7DC
S21401B078551C4B4620200A99D8472A460134BC421B
S21401B088F6D3A7EB0A03574538BF00230B9A1A4491
S21401B0980B920B9DEDE53246002C52F8046B14BF5B
S21401B0A821464FF0FF310B9232463144107808B1F1
S21401B0B8914211D1A2EB060A13F480620C9202D0D7
S21401B0C8A24528BFA24613F002030D931BD1AAEB93
S21401B0D805032A460F9308E00132E7E7531C0E934F
S21401B0E820204B460A99D8470E9A0F9BD318BB4285
S21401B0F8F4D3A7EB0A03574538BF00230AF1010228
S21401B1081D4403EB020AAB1B0E9304E01C464B4698
S21401B1182A460A99D8470E9BF51816F8010B28B146
S21401B1280C9B002BF3D0631E002CEFD10D9B93B123
S21401B1382A46AAEB050405E0561C4B4620200A9928
S21401B148D84732461319BB42F6D3A7EB0A0357452D
S21401B15838BF00231D440B9E8BE50822A3E6022276
S21401B168A1E600BF0FB41FB506AA52F8043B02A910
S21401B1780392009204484FF0FF32FFF76DFD05B0C9
S21401B1885DF804EB04B070472FA703001FB503460C
S21401B19800914FF0FF3203A90248FFF75DFD05B0A5
S21401B1A85DF804FB2FA703001FB5CDE90201009344
S21401B1B802A9134603484FF0FF32FFF74DFD05B0CD
S21401B1C85DF804FB37A703001FB5094B094A186841
S21401B1D8094B01A91860094B1360094A0192094AEB
S21401B1E81268CDE902231BF064F905B05DF804FB8B
S21401B1F8C4640020083800200C380020B8640020F9
S21401B20822990400844A0020014B18681BF065B98E
S21401B218C464002038B5F1F727FF0446064D2B68AD
S21401B228D3F8B002F1F714FF28681BF069F9204635
S21401B238BDE83840F1F70CBFC464002010B5234CB4
S21401B248F0F78AFAF0F796FB236F012023F007033D
S21401B25843F003032367F0F7B7FB1D4B00209B6AF7
S21401B2689B075EBF01221B4B9A62D4F8203123F05C
S21401B278030343F00203C4F82031D4F8243123F041
S21401B288070343F00203C4F82431D4F8403123F00D
S21401B298030343F00103C4F84031D4F8603123F0C6
S21401B2A8030343F00103C4F86031D4F8403223F0B5
S21401B2B8030343F00103C4F84032D4F8003223F004
S21401B2C8070343F00103C4F8003210BD00800050A4
S21401B2D800C0005000E00050064B1B681A7A022A8C
S21401B2E801D81AB97047032A00D070471B68024A6A
S21401B2F813607047C8640020844A00200022024B6D
S21401B3085A60DA601A607047884A002008B501F06A
S21401B31811FD0022014B1A7008BD00BF835E002094
S21401B3280A4601491FF06BBA41C204000A460149A0
S21401B3381FF065BA3CC204000A4601491FF05FBA0D
S21401B34835C204000A4601491FF059BA32C2040040
S21401B3580A4601491FF053BA2FC204000A4601499A
S21401B3681FF04DBA2AC204000A4601491FF047BA1F
S21401B37825C204000A4601491FF041BA20C204004A
S21401B3880A4601491FF03BBA19C2040081F0004180
S21401B39802E000BF83F0004330B54FEA41044FEAAC
S21401B3A8430594EA050F08BF90EA020F1FBF54EA47
S21401B3B8000C55EA020C7FEA645C7FEA655C00F0E3
S21401B3C8E2804FEA5454D4EB5555B8BF6D420CDDB4
S21401B3D82C4480EA020281EA030382EA000083EA37
S21401B3E8010180EA020281EA0303362D88BF30BDD7
S21401B3F811F0004F4FEA01314FF4801C4CEA11312D
S21401B40802D0404261EB410113F0004F4FEA03338B
S21401B4184CEA133302D0524263EB430394EA050F16
S21401B42800F0A780A4F10104D5F1200E0DDB02FA85
S21401B4380EFC22FA05F2801841F1000103FA0EF219
S21401B448801843FA05F359410EE0A5F120050EF1DF
S21401B458200E012A03FA0EFC28BF4CF0020C43FA10
S21401B46805F3C01851EBE37101F0004507D54FF01D
S21401B478000EDCF1000C7EEB00006EEB0101B1F56D
S21401B488801F1BD3B1F5001F0CD349085FEA3000B3
S21401B4984FEA3C0C04F101044FEA445212F5800FBE
S21401B4A880F09A80BCF1004F08BF5FEA500C50F15B
S21401B4B8000041EB045141EA050130BD5FEA4C0C3E
S21401B4C8404141EB0101013C28BFB1F5801FE9D29B
S21401B4D891F0000F04BF01460020B1FA81F308BFBE
S21401B4E82033A3F10B03B3F120020CDA0C3208DD8A
S21401B4F802F1140CC2F10C0201FA0CF021FA02F165
S21401B5080CE002F11402D8BFC2F1200C01FA02F1D4
S21401B51820FA0CFCDCBF41EA0C019040E41AA2BFF9
S21401B52801EB0451294330BD6FEA04041F3C1CDAC1
S21401B5380C340EDC04F11404C4F1200220FA04F0E1
S21401B54801FA02F340EA030021FA04F345EA03018B
S21401B55830BDC4F10C04C4F1200220FA02F001FA4D
S21401B56804F340EA0300294630BD21FA04F02946CF
S21401B57830BD94F0000F83F4801306BF81F4801168
S21401B5880134013D4EE77FEA645C18BF7FEA655CDB
S21401B59829D094EA050F08BF90EA020F05D054EAAD
S21401B5A8000C04BF1946104630BD91EA030F1EBFB2
S21401B5B80021002030BD5FEA545C05D140004941B6
S21401B5C828BF41F0004130BD14F580043CBF01F5A9
S21401B5D8801130BD01F0004545F0FE4141F470018F
S21401B5E84FF0000030BD7FEA645C1ABF194610466A
S21401B5F87FEA655C1CBF0B46024650EA013406BF6B
S21401B60852EA033591EA030F41F4002130BD00BF29
S21401B61890F0000F04BF0021704730B54FF48064E6
S21401B62804F132044FF000054FF0000150E700BF67
S21401B63890F0000F04BF0021704730B54FF48064C6
S21401B64804F1320410F0004548BF40424FF00001B3
S21401B6583EE700BF42004FEAE2014FEA31014FEAF6
S21401B66802701FBF12F07F4393F07F4F81F0605145
S21401B678704732F07F4208BF704793F07F4F04BF90
S21401B68841F40021704730B54FF4607401F000456D
S21401B69821F000411CE700BF50EA010208BF7047CD
S21401B6A830B54FF000050AE050EA010208BF7047BE
S21401B6B830B511F0004502D5404261EB41014FF427
S21401B6C8806404F132045FEA915C3FF4D8AE4FF02F
S21401B6D803025FEADC0C18BF03325FEADC0C18BF12
S21401B6E8033202EBDC02C2F1200300FA03FC20FA63
S21401B6F802F001FA03FE40EA0E0021FA02F11444B0
S21401B708BDE600BF70B54FF0FF0C4CF4E06C1CEAC8
S21401B71811541DBF1CEA135594EA0C0F95EA0C0F39
S21401B72800F0DEF82C4481EA030621EA4C5123EAAC
S21401B7384C5350EA013518BF52EA033541F48011DB
S21401B74843F4801338D0A0FB02CE4FF00005E1FB8E
S21401B75802E506F00042E0FB03E54FF00006E1FBD8
S21401B76803569CF0000F18BF4EF0010EA4F1FF041B
S21401B778B6F5007F64F5407404D25FEA4E0E6D415B
S21401B78846EB060642EAC62141EA55514FEAC5206C
S21401B79840EA5E504FEACE2EB4F1FD0C88BFBCF5E8
S21401B7A8E06F1ED8BEF1004F08BF5FEA500E50F199
S21401B7B8000041EB045170BD06F0004646EA01015F
S21401B7C840EA020081EA0301B4EB5C04C2BFD4EB91
S21401B7D80C0541EA045170BD41F480114FF0000E8A
S21401B7E8013C00F3AB8014F1360FDEBF002001F0F8
S21401B7F8004170BDC4F10004203C35DA0C341BDC72
S21401B80804F11404C4F1200500FA05F320FA04F043
S21401B81801FA05F240EA020001F0004221F0004177
S21401B82810EBD37021FA04F642EB06015EEA430EEA
S21401B83808BF20EAD37070BDC4F10C04C4F120051A
S21401B84800FA04F320FA05F001FA04F240EA0200CD
S21401B85801F0004110EBD37041F100015EEA430E9E
S21401B86808BF20EAD37070BDC4F1200500FA05F2BE
S21401B8784EEA020E20FA04F301FA05F243EA02033D
S21401B88821FA04F001F0004121FA04F220EA02004C
S21401B89800EBD3705EEA430E08BF20EAD37070BD92
S21401B8A894F0000F0FD101F00046400041EB010172
S21401B8B811F4801F08BF013CF7D041EA060195F054
S21401B8C8000F18BF704703F00046520043EB03030E
S21401B8D813F4801F08BF013DF7D043EA06037047FB
S21401B8E894EA0C0F0CEA135518BF95EA0C0F0CD006
S21401B8F850EA410618BF52EA4306D1D181EA03014C
S21401B90801F000414FF0000070BD50EA410606BF45
S21401B9181046194652EA430619D094EA0C0F02D18A
S21401B92850EA013613D195EA0C0F05D152EA0336CF
S21401B9381CBF104619460AD181EA030101F00041ED
S21401B94841F0FE4141F470014FF0000070BD41F036
S21401B958FE4141F4780170BD70B54FF0FF0C4CF410
S21401B968E06C1CEA11541DBF1CEA135594EA0C0F2F
S21401B97895EA0C0F00F0A7F8A4EB050481EA030E7C
S21401B98852EA03354FEA013100F088804FEA033363
S21401B9984FF0805545EA131343EA12634FEA022231
S21401B9A845EA111545EA10654FEA00260EF00041F2
S21401B9B89D4208BF964244F1FD0404F5407402D244
S21401B9C85B084FEA3202B61A65EB03055B084FEAD5
S21401B9D832024FF480104FF4002CB6EB020E75EBD2
S21401B9E8030E22BFB61A754640EA0C005B084FEAFA
S21401B9F83202B6EB020E75EB030E22BFB61A754677
S21401BA0840EA5C005B084FEA3202B6EB020E75EBC1
S21401BA18030E22BFB61A754640EA9C005B084FEA39
S21401BA283202B6EB020E75EB030E22BFB61A754646
S21401BA3840EADC0055EA060E18D04FEA051545EA35
S21401BA4816754FEA06164FEAC30343EA52734FEADE
S21401BA58C2025FEA1C1CC0D111F4801F0BD141EA57
S21401BA6800014FF000004FF0004CB6E711F4801FBC
S21401BA7804BF01430020B4F1FD0C88BFBCF5E06F9C
S21401BA883FF6AFAEB5EB030C04BFB6EB020C5FEAAC
S21401BA98500C50F1000041EB045170BD0EF0004E01
S21401BAA84EEA113114EB5C04C2BFD4EB0C0541EA33
S21401BAB8045170BD41F480114FF0000E013C90E630
S21401BAC845EA060E8DE60CEA135594EA0C0F08BFF4
S21401BAD895EA0C0F3FF43BAF94EA0C0F0AD150EAF3
S21401BAE801347FF434AF95EA0C0F7FF425AF104686
S21401BAF819462CE795EA0C0F06D152EA03353FF4AE
S21401BB08FDAE1046194622E750EA410618BF52EA2A
S21401BB1843067FF4C5AE50EA41047FF40DAF52EAFE
S21401BB2843057FF4EBAE12E74FF0FF3C06E000BF9B
S21401BB384FF0010C02E000BF4FF0010C4DF804CDA8
S21401BB484FEA410C7FEA6C5C4FEA430C18BF7FEA68
S21401BB586C5C1BD001B050EA410C0CBF52EA430C96
S21401BB6891EA030F02BF90EA020F0020704710F116
S21401BB78000F91EA030F58BF994208BF90422CBFA5
S21401BB88D8176FEAE37040F0010070474FEA410C9E
S21401BB987FEA6C5C02D150EA013C07D14FEA430CBC
S21401BBA87FEA6C5CD6D152EA033CD3D05DF8040B2D
S21401BBB8704700BF8446104662468C46194663465F
S21401BBC800E000BF01B5FFF7B7FF002848BF10F136
S21401BBD8000F01BD4DF808EDFFF7F4FF0CBF01207B
S21401BBE800205DF808FB00BF4DF808EDFFF7EAFFF7
S21401BBF834BF012000205DF808FB00BF4DF808EDB2
S21401BC08FFF7E0FF94BF012000205DF808FB00BFA6
S21401BC184DF808EDFFF7CEFF94BF012000205DF830
S21401BC2808FB00BF4DF808EDFFF7C4FF34BF01203D
S21401BC3800205DF808FB00BF4FEA410212F500122A
S21401BC4815D211D56FF47873B3EB625212D94FEA55
S21401BC58C12343F0004343EA505311F0004F23FA3F
S21401BC6802F018BF404270474FF00000704750EA94
S21401BC78013005D111F0004008BF6FF00040704751
S21401BC884FF00000704700BF4A0011D212F50012AB
S21401BC9811D20DD56FF47873B3EB62520ED44FEA16
S21401BCA8C12343F0004343EA505323FA02F0704796
S21401BCB84FF00000704750EA013002D14FF0FF30D4
S21401BCC870474FF00000704753B94AB9002908BFBA
S21401BCD800281CBF4FF0FF314FF0FF3000F08CB941
S21401BCE8ADF1080C6DE904CE00F006F8DDF804E0C5
S21401BCF8DDE9022304B070472DE9F04F099D0E4691
S21401BD0804460F46002B47D18A429446B2FA82F37C
S21401BD185AD943B102FA03FCC3F120029F409C4062
S21401BD2820FA02F217434FEA1C461FFA8CFE220C31
S21401BD38B7FBF6F106FB117701FB0EF042EA074264
S21401BD48904208D91CEB020201F1FF3702D2904259
S21401BD5800F23C813946121AA4B2B2FBF6F006FB91
S21401BD68102200FB0EFE44EA0244A64508D91CEB45
S21401BD78040400F1FF3202D2A64500F22A811046D9
S21401BD8840EA0140A4EB0E0400211DB1DC4000236B
S21401BD98C5E90043BDE8F08F8B4205D90DB1C5E969
S21401BDA8000100210846F5E7B3FA83F100294FD1CF
S21401BDB8B342C0F00281824240F2FF800846002D5D
S21401BDC8E8D0C5E90047E5E7002B40F0AF808A1ABE
S21401BDD84FEA1C4E1FFA8CF70121B2FBFEF60EFB4A
S21401BDE81620220C42EA004207FB06F090420FD9C1
S21401BDF81CEB020206F1FF382CBF4FF001094FF089
S21401BE080009904203D9B9F1000F00F0DC804646DC
S21401BE18121AA4B2B2FBFEF00EFB102200FB07F7C3
S21401BE2844EA0244A7420FD91CEB040400F1FF328E
S21401BE382CBF4FF0010E4FF0000EA74203D9BEF1FA
S21401BE48000F00F0C9801046E41B40EA06409CE754
S21401BE58C1F120048B4006FA01FC00FA01FE22FA21
S21401BE6804F7E6408A401F4320FA04F34FEA1748CE
S21401BE7843EA0C031FFA87FC4FEA1349B6FBF8F0AE
S21401BE8808FB106649EA064600FB0CF9B1450ED9CF
S21401BE98BE1900F1FF3A2CBF4FF0010B4FF0000B13
S21401BEA8B14503D9BBF1000F00F0A2805046A6EBBE
S21401BEB809061FFA83F9B6FBF8F308FB136603FBBA
S21401BEC80CFC49EA0646B4450ED9BE1903F1FF38FB
S21401BED82CBF4FF001094FF00009B44503D9B9F159
S21401BEE8000F00F08280434643EA0040A6EB0C06AA
S21401BEF8A0FB028C66454346E14602D307D1C645F8
S21401BF0805D2B8EB02036CEB070C0138E1465DB1CC
S21401BF18BEEB030266EB090606FA04F422FA01F3FD
S21401BF28CE401C43C5E90046002133E702FA03FC6C
S21401BF38C3F1200299409C40D6404FEA1C4E20FA95
S21401BF4802F21FFA8CF7B6FBFEF00A430EFB1066E8
S21401BF58110C41EA064100FB07F68E420ED91CEB8E
S21401BF68010100F1FF382CBF4FF001094FF000091D
S21401BF788E4202D9B9F1000F34D04046891B92B2DD
S21401BF88B1FBFEF60EFB161142EA014206FB07F16B
S21401BF9891420ED91CEB020206F1FF382CBF4FF076
S21401BFA801094FF00009914202D9B9F1000F16D0E4
S21401BFB84646521A46EA00410FE7841A66EB030220
S21401BFC801201746FBE6023E624421E70239624435
S21401BFD8C1E664440238D3E66444023834E7023ED4
S21401BFE86244E6E702386144C8E7023B3E447BE721
S21401BFF802383E445BE700BF704700BF2DE9F04FAB
S21401C008924685B089461E460D46554A03902946EE
S21401C01815F8014B135D13F00803F8D12D2C7CD0CD
S21401C0282B2C4ED04FF0FF3102936FF00043CDE931
S21401C038001336F0100851D037464FEAE6783A46EC
S21401C0484346DDE90001FFF73FFE002383468E469F
S21401C05818461946A44613E0ACF13704A6421FDD7C
S21401C068002B09DB83457EEB010305D38E4508BF0C
S21401C07883453BD1A24239DA4FF0FF3315F801CB9D
S21401C088ACF13004092CE9D9ACF14104192CE3D9F7
S21401C098ACF16104192C03D8ACF15704A642DFDCD5
S21401C0A85A1C2FD0029A12B1404261EB4101BAF1F3
S21401C0B8000F03D0002B48D1CAF8009005B0BDE8A0
S21401C0C8F08F4FF0FF30029336F010086FF0004300
S21401C0D82C7801F10205CDE90003ADD1302C25D02D
S21401C0E8002E3AD10A27B0463E46A8E700FB08F3D9
S21401C0F807FB0133A0FB07010B44201843EBE4714F
S21401C1080123BBE72223039A1360BAF1000F17D065
S21401C11805F1FF39DDE90001CEE74FF0004700934E
S21401C12801232C788D1CCDE9017382E72B7803F067
S21401C138DF03582B0CD086B90827B0463E467EE763
S21401C148DDE9000105B0BDE8F08FCDE90001DFE7C4
S21401C15810276C7802353E4671E710273E466EE793
S21401C16849C204004AE700BF10B4044C13460A4605
S21401C178014620685DF8044B40E700BFF8640020DC
S21401C18810B4044C13460A46014620685DF8044B71
S21401C19834E700BFF864002020F0030110F0030024
S21401C1A8C0F1000051F8043B00F1040C4FEACC0C36
S21401C1B86FF000021CBF22FA0CF213434FF0010C79
S21401C1C84CEA0C2C4CEA0C4CA3EB0C0222EA0302B8
S21401C1D812EACC1204BF51F8043B0430F4D0C2F181
S21401C1E8000102EA0102B2FA82F2C2F11F0200EB72
S21401C1F8D20070472DE9F04780460C46454826464A
S21401C20814F801EB10F80EC01CF0080CF7D1BEF1BB
S21401C2182D0F5BD0BEF12B0F3AD0654633F01000D8
S21401C2283ED04FF0FF379A46B7FBF3F703FB07F903
S21401C2386FEA0909002630460EE0AEF1370C634571
S21401C2481DDD002E04DBB84202D833D1CC4531DDE2
S21401C2584FF0FF3614F801EBAEF1300CBCF1090FC4
S21401C268EDD9AEF1410CBCF1190FE6D9AEF1610C6E
S21401C278BCF1190F03D8AEF1570C6345E1DC731C0A
S21401C2881CD005B140420AB1F6B91160BDE8F08785
S21401C29833F0100094F800E0654606F10204C0D1B8
S21401C2A8BEF1300F17D06BBB0A234FF005091A4FA2
S21401C2B89A46BFE700FB0AC00126CBE72223304691
S21401C2C8C8F80030002AE1D0611EDEE794F800E0E5
S21401C2D80125B41CA2E7207800F0DF00582807D013
S21401C2E883B908234FF007096FF060479A46A1E71C
S21401C2F8102394F801E04FF00F0902346FF07047ED
S21401C3089A4697E710234FF00F096FF070479A4641
S21401C31890E700BF49C20400999999196AE700BFD6
S21401C32810B4044C13460A46014620685DF8044BCF
S21401C33860E700BFF864002010B4044C13460A46B0
S21401C348014620685DF8044B54E700BFF8640020F6
S21401C3580F4B70B50F4DAB42A3EB050607D0B610D1
S21401C3680024013455F8043B9847A642F9D80A4DEB
S21401C37823F002FF094B5E1BAB424FEAA60606D026
S21401C3880024013455F8043B9847A642F9D870BDF5
S21401C398D4680020D4680020D4680020D86800201B
S21401C3A870B5860747D0541E002A3ED0CAB2034647
S21401C3B801E0013C39D303F8012B9D07F9D1032C81
S21401C3C82CD9CDB20F2C05EB052505EB054535D93E
S21401C3D8A4F1100C03F1100E1A462CF00F064FEAC2
S21401C3E81C1CB644C2E90055C2E902551032724512
S21401C3F8F8D10CF1010214F00C0F04F00F0C03EB4A
S21401C408021213D0ACF1040323F0030304331344DC
S21401C41842F8045B9342FBD10CF003042CB1C9B279
S21401C4281C4403F8011BA342FBD170BD64461346A6
S21401C438002CF4D1F9E703461446C0E71A46A44689
S21401C448E0E700BF88420ED98B1883420BD900EB70
S21401C458020C002A6ED0624613F801CD994202F802
S21401C46801CDF9D170470F2A0FD8034602F1FF3CD8
S21401C478002A5FD00CF1010C013B8C4411F8012B0A
S21401C488614503F8012FF9D1704740EA01039B077C
S21401C49851D1A2F1100301F1200C70B523F00F055C
S21401C4A801F1100E00F110041B09AC445EF8105C93
S21401C4B80EF1100E103444F8205C5EF81C5C44F84B
S21401C4C81C5C5EF8185C44F8185C5EF8145CE6457B
S21401C4D844F8145CEAD1013312F00C0F02F00F0C89
S21401C4E801EB031100EB031329D0ACF1040C1C1F5C
S21401C4F88E462CF003064FEA9C0C1E445EF8045B3D
S21401C50844F8045FB442F9D10CF1010402F00302C5
S21401C51803EB840301EB840102F1FF3C4AB10CF101
S21401C528010C013B8C4411F8012B614503F8012FDE
S21401C538F9D170BD704702F1FF3C03469AE762469F
S21401C548EAE700BF2DE9F04F82468E463F4875461A
S21401C5581EF801BB10F80B4014F00804F7D1BBF124
S21401C5682D0F5BD0BBF12B0F6FF0004904BF9EF86F
S21401C57800B005F1020E33F0100010D1BBF1300FF8
S21401C58804D0002B5ED10A231F4609E09EF800005E
S21401C59800F0DF0058284ED0002B53D108231F4641
S21401C5A80025B9FBF7F6284607FB16980EE0ABF10F
S21401C5B8370C63451DDD002D04DB864202D321D1ED
S21401C5C8E0451FDA4FF0FF351EF801BBABF1300C22
S21401C5D8BCF1090FEDD9ABF1410CBCF1190FE6D945
S21401C5E8ABF1610CBCF1190F03D8ABF1570C6345DD
S21401C5F8E1DC6B1C0AD004B140420AB1CDB9116026
S21401C608BDE8F08F07FB00C00125DDE72223CAF845
S21401C61800305AB10EF1FF314846F0E79EF800B0F7
S21401C6284FF0004905F1020E0124A4E74846BDE88B
S21401C638F08F8146EEE710239EF801B00EF1020E48
S21401C6481F46ADE710231F46AAE700BF49C20400EC
S21401C658242B02D8012B00D074E710B500F02EFA6F
S21401C66816230360002010BD10B5242A084C134673
S21401C678246807D8012A05D00A4601462046BDE89F
S21401C68810405FE700F01AFA16230360002010BD79
S21401C698F864002010B5242A084C1346246807D8E5
S21401C6A8012A05D00A4601462046BDE8104049E75A
S21401C6B800F004FA16230360002010BDF864002079
S21401C6C8844641EA000313F0030349D1403A23D3D1
S21401C6D80B6803604B6843608B688360CB68C360F4
S21401C6E80B6903614B6943618B698361CB69C361DC
S21401C6F80B6A03624B6A43628B6A8362CB6AC362C4
S21401C7080B6B03634B6B43638B6B8363CB6BC363AB
S21401C71840304031403ADBD230320BD30B680360ED
S21401C7284B6843608B688360CB68C36010301031F8
S21401C738103AF3D20C3205D351F8043B40F8043BC7
S21401C748043AF9D2043208D0D2071CBF11F8013BCB
S21401C75800F8013B01D30B8803806046704700BF91
S21401C768082A13D38B07B1D010F00303AED0C3F158
S21401C7780403D21ADB071CBF11F8013B00F8013B82
S21401C788A4D331F8023B20F8023B9FE7043AD9D3F9
S21401C798013A11F8013B00F8013BF9D20B78037016
S21401C7A84B7843708B78837060467047024B01461E
S21401C7B818681AF064BC00BFF8640020024B0146F2
S21401C7C818681AF05FBC00BFF8640020CAB3844634
S21401C7D80B4630B504460843800719D09CF800007C
S21401C7E80C78A04212D150B3012A28D0E64603E0BD
S21401C7F81CEB030F23D010B31EF8010F11F8014FDD
S21401C808A2EB0E03A04203F1FF33F1D0001B30BDAB
S21401C818032A07D8E2E7043A11D01EF0803F0ED16A
S21401C828032A10D92068194653F8045BA446A0F1D8
S21401C838013E0434A8422EEA000EECD0CEE70020D2
S21401C84830BD10467047A4461946C7E780EA010C72
S21401C8581CF0030F37D110F0030C20F0030021F071
S21401C868030150F8042B08BF51F8043B0ED08CF096
S21401C878030C6FF07F434FEACC0C23FA0CFC51F8FB
S21401C888043B42EA0C0243EA0C0300BFA2F1013C56
S21401C8989A4201BF2CEA020C1CF0803F50F8042B88
S21401C8A851F8043BF2D04FEA02604FEA12220128FF
S21401C8B828BFB0EB036F08BF1B0AF4D003F0FF03D1
S21401C8C8000EC01A704710F0030F0AD010F8012B9B
S21401C8D811F8013B012A28BF9A42F4D0A2EB0300C3
S21401C8E870474DF8045D50F8042B01F0030521F05C
S21401C8F8030151F8043B022D26D04DD822F07F457E
S21401C908B5EB132FA2F1013C2CEA020C0DD11CF059
S21401C918803C08BF51F8043B0AD185EA0205B5EB0D
S21401C928036F0CD150F8042BE8E74FEA13235BE0BA
S21401C9383CF07F4C54D10B784FEA126554E04FEA2D
S21401C948126503F0FF034FE04FEA0245A2F1013CEE
S21401C9584FEA15452CEA020CB5EB134F18D11CF01B
S21401C968803C08BF51F8043B07D185EA0205B5EBC0
S21401C978034F09D150F8042BE6E75FEA0C4C2FD198
S21401C9880B884FEA12452FE04FEA03434FEA124558
S21401C9984FEA134328E000BF02F0FF05B5EB136F1B
S21401C9A8A2F1013C2CEA020C0DD11CF0803C08BF18
S21401C9B851F8043B0AD185EA0205B5EB032F0AD1E3
S21401C9C850F8042BE8E74FEA13630DE012F0FF0F67
S21401C9D806D051F8043B4FEA122523F07F4303E0C3
S21401C9E84FF0000020BC704705F0FF0203F0FF007F
S21401C9F8012828BF904204BF2D0A1B0AF4D0A2EBD7
S21401CA08000020BC704700BF08B5064B044613B1AA
S21401CA18002100F0AFF8044B1B6803B19847204685
S21401CA2818F0A9FF7DCB0100D04B0020002301465A
S21401CA381A46184600F048B8032A30B415D941EA10
S21401CA48000484460B46A40704D0541E0FE0043A9B
S21401CA58032A08D91946604653F8044B5CF8045B68
S21401CA68A542F4D0F1E760461946541E7AB1431E32
S21401CA780139021901E09A4209D013F8010F11F899
S21401CA8801CF6045F7D0A0EB0C0030BC7047002002
S21401CA9830BC704738B5074D074C2C1BA41005D081
S21401CAA8013C55F8043D9847002CF9D1BDE83840BB
S21401CAB823F068BBDC680020D8680020014B1868A2
S21401CAC8704700BFF8640020F0B5264C83B00646D0
S21401CAD80F46256805B36C681F2C3FDCA6B1D5F850
S21401CAE8880048B3D0F800114FF0010C40F8242014
S21401CAF8022E00EB84020CFA04FC4CEA0101C0F891
S21401CB080011C2F8803010D0631C002002346B601C
S21401CB1845F8247003B0F0BD13491448216010B1DC
S21401CB280068C1F88800104DD5E7D0F8043143EA0B
S21401CB380C03C0F80431E7E70D49CDE9002369B1D4
S21401CB484FF48470FFF732FE40B100216C68C0E9EB
S21401CB584011DDE90023C5F88800C5E74FF0FF302E
S21401CB68D8E700BF604C0020D44B0020000000002E
S21401CB78B5C701002DE9F04FDFF8B49083B0D9F8B6
S21401CB88006096B3884601907568D6F888706C1E62
S21401CB982BD4013507F1800B06EB8505B8F1000F9C
S21401CBA826D173682A68013BA3423BD000232B6039
S21401CBB8BAB1D6F804A05FB30123D7F80011A34091
S21401CBC80B4225D0D7F8040157F8241003422BD17D
S21401CBD8019890477368D9F8002053451ED1B24290
S21401CBE81CD1013C043D631CD8D103B0BDE8F08FCD
S21401CBF84FB15BF824304345D3D0013C043D621C59
S21401CC08F3D0002FF5D1013CEFD3013CFBD2ECE782
S21401CC1890477368D9F800205345E0D0002AE4D03D
S21401CC281646B1E77460C3E708469047D2E700BFE7
S21401CC38604C002013B5044669461DF0CDFE20461B
S21401CC481EF011F8FF28024606D020469DF800106F
S21401CC58EFF764FA02B010BD0048FBE70080FFFF5B
S21401CC682DE9F0418AB001AC05460B462746194A1C
S21401CC7802F1200C264610685168083203C6624540
S21401CC883446F7D1002B08BF3B46002710681C46E0
S21401CC983060384603F10C0690B95FFA87F84246C9
S21401CCA8284621881EF001F950B942462846E188EF
S21401CCB81EF00CF920B94246314628461EF018F9EE
S21401CCC80137032F06F1080604F10204E4D10AB07D
S21401CCD8BDE8F08160C30400F0B589B005460E468C
S21401CCE801F034FE044600BB01AC06F10C070FCF79
S21401CCF80FC497E8070084E8070001A9284605F04D
S21401CD08F1FC2846311D1EF08EFB044648B928461C
S21401CD18074901F05DFA044618B9284601F0E0FD16
S21401CD28044628463168FFF79BFF204609B0F0BD48
S21401CD3858C3040001491DF0A2BE00BFD9E801008E
S21401CD4870B5164E032804460D4633781ED023FACE
S21401CD5804F202F00102AA421DD053B10122A240F8
S21401CD68A54023EA02032B43DBB233704BB1012003
S21401CD7870BD2DB10A4B01201B6898473378EDE743
S21401CD883570074B00201B689847F0E79A07DED0F6
S21401CD9803F0FC03E9E7002070BD00BF855E0020B4
S21401CDA8A04E0020F8B505460C4622F03CFF104F71
S21401CDB806463B7833B1012D04D01CB90D4821F045
S21401CDC853FC3C7021462846FFF7BAFF0A4B044637
S21401CDD81B783BB93B782BB91EF03BF810B1074BD3
S21401CDE81B689847304622F019FF2046F8BD00BF59
S21401CDF8865E0020744E0020855E0020486500206F
S21401CE08054A0B46117831B100211170034A0121F8
S21401CE185268187810477047865E002048650020DB
S21401CE2838B5074D04462B78834207D001F0B8FC85
S21401CE3820462C70BDE83840F0F708BC38BD00BF66
S21401CE48845E002038B5044680B122F0ECFE01214C
S21401CE580446084621F07CF801210B4A08461AF0D8
S21401CE68E2F92046BDE8384022F0D8BE22F0DBFEC3
S21401CE7805462146012021F06BF801202146024A89
S21401CE881AF0D1F92846EDE7069A04001B4B022949
S21401CE9810B5187002D0032904D010BD184B1B78A2
S21401CEA8002BFAD105F08CFB0028F6D04FF0005283
S21401CEB8144BC3F88020BFF34F8FBFF36F8F01F079
S21401CEC847FC0028E9D001F03BFA0028E5D10E4BD3
S21401CED81C6834B123689847BDE81040002001F06B
S21401CEE853BC1DF0C8FD094B186022F085FF084B9E
S21401CEF81860204601F034FCEEE700BFA368002066
S21401CF08845E002000E100E0C44E00209C4E002014
S21401CF18984E002038B504460D4605F051FB80B101
S21401CF284FF00052124B1A6001F012FC48B9012D5D
S21401CF3807D8012001F028FC0E4B1B6823B15B685B
S21401CF4898470D4B1C7038BD22F056FF0B4B1A68DC
S21401CF58801A186021F036FC4FF47A72084B1B6869
S21401CF6802FB00301DF089FD012001F0F9FBE8E71E
S21401CF7800E100E0C44E0020A3680020984E00207F
S21401CF889C4E0020F0B585B022F04DFE344D044687
S21401CF982B7823B1334821F067FB002852D121F0C2
S21401CFA8EDFB02AA03A91DF03EFF0346002838D070
S21401CFB81DF04DFF029B98421CD100202A4B039975
S21401CFC81B682A4E9942307020D90027C91A0123B6
S21401CFD824482B70264A3346CDE9007722F0E8FE2E
S21401CFE8002837D1234A1378D90701D53178F9B102
S21401CFF8204611E01DF029FF029B984228D0002305
S21401D00818461949194A0968137003910121FFF74F
S21401D01897FE002320462B7022F000FE002005B064
S21401D028F0BD20462B7022F0F9FD212005B0F0BD99
S21401D03803F0FE031370002BDAD10F4B1B689847D9
S21401D0482046E9E7204622F0E9FD0E2005B0F0BDAE
S21401D0580220B3E7032320462F703370F3E700BF9F
S21401D068865E0020744E0020944E0020A2680020A0
S21401D07809CE0100855E0020A04E002070B522F082
S21401D088D2FD184D04462B7823BB174A174913704F
S21401D098174B184A18481A60184A194E5A60F0F77A
S21401D0A879FA18491848F0F775FA184B8020336052
S21401D0B8EEF7B8FA052804BF154B3360154B5B6FBE
S21401D0C803F44073B3F5007F02BF0222124B1A60C5
S21401D0D801232B70F0F7C6FB204622F09FFD0020A7
S21401D0E870BD00BF875E0020865E002084C30400F2
S21401D0F8486500208DCF0100644E0020ADCD0100AB
S21401D108A04E00208CC304006C4E002029CE0100DE
S21401D1184DCE010000400050944E00202DE9F0430A
S21401D1288F7880460F2F0C4685B003D9212005B08D
S21401D138BDE8F08327B90123374A00201370F6E7C4
S21401D1480D784E78EDB9002EF0D194F90310E088E9
S21401D15802F00CFE2128E9D055EA0603A088DFF87C
S21401D168C89013D002F066FE4FF60403B9F8002003
S21401D17801469A424BD1AE42334638BF2B4600266B
S21401D1882DE0082DD2D8082ED0D8DEE702F052FEC0
S21401D1984FF6040501464FF60500204A136E9BB26A
S21401D1A8AB4208BF0346B1F5803FA9F800300FD956
S21401D1B802230825136680230126C2F880302B46F1
S21401D1C849084FF6FF720139914228BF114608E017
S21401D1D88023012608251666C2F880302B460029CA
S21401D1E8EFD1002202920122013FFFB2009201977D
S21401D1F82A4608F1F80002F0C7FC1EB14FF4801267
S21401D208074B5A65074BA2681A60022394E703483E
S21401D2180266A9F80030AEE7885E002000C001B8B3
S21401D22800D001B8AC4E00202468002010B5044692
S21401D238D0F818210B4B4FF40061C3F8CC2090F8B6
S21401D2482420D20102F4006205F0D6F894F82430BE
S21401D25813F0100F4FF4007314BF034A034A136404
S21401D26810BD00BF003E00B0001002B8002002B892
S21401D278431C07D06FF0FF02034B10405A62A3F518
S21401D28880535862704700BF00E000B8F8B50446FE
S21401D2980F46164622F0C7FC0546A047044620B1AD
S21401D2A8284622F0BBFC2046F8BD04F05FFA0422AB
S21401D2B80549D1F8F03E23EA07033343C1F8F03EA7
S21401D2C8024B1A64ECE700BF003000B0002002B839
S21401D2D800F01803182B0AD003070AD440F20113EA
S21401D2E810F0100018BF1846034BD8677047002087
S21401D2F8FAE70120F8E700BF003F00B0044B1868C2
S21401D308830654BFC0F30F204FF6FF70704700BF67
S21401D318504F002038B10368044A002B08BF134653
S21401D328034A13607047014BFAE700BFCDAA030012
S21401D3385465002010B4D0E9524122400B4052EA0D
S21401D348030104D003495DF8044B096808475DF8F2
S21401D358044B7047546500200F2938B505460C461E
S21401D3680ED801F033FA01280CD1074A2846936EE5
S21401D37823F00F03234393661DF0C9FD002038BD33
S21401D3882120FCE70220FAE7003F00B0014BD86EE7
S21401D398704700BF003F00B0014B0020D9667047B8
S21401D3A8003F00B003282DE9F347884655D82C4B93
S21401D3B813F800902B4B1E5C2B4B13F800A022F0A1
S21401D3C832FC074604F01EF9054640B10023002248
S21401D3D8CDE9003301200023002103F03FFF04F0CC
S21401D3E819F948B100230022CDE9003300200023B3
S21401D3F84FF4004103F032FF6EB31C4BDC6C04F0B3
S21401D40808041B4B3146DC64484604F00DFA5246C4
S21401D4183146484604F096FA164BDC646DB1164B55
S21401D4281868D0F89010F83003F008F8134908681F
S21401D438FFF71EFF4FF0FF330B60B8F1000F04D063
S21401D4480F4B002103205B689847384602B0BDE8B9
S21401D458F04722F0E3BB3446D3E702B0BDE8F087D5
S21401D4689CC3040098C3040094C30400004000B899
S21401D478006000B8005000B85C4F002050650020DE
S21401D488486500200F4A136C13F0A00F15D1506C95
S21401D49810F0040013D10C4BD3F8F03E23F07F4371
S21401D4A823F0FF035BB1D368C3F30362092A07D0ED
S21401D4B8B2F10C0018BF0120704700207047012008
S21401D4C8704700BF000002B8003000B070B50D46C6
S21401D4D8064620B91A4B1B68A3B10E2011E001F0CD
S21401D4E875F9012829D1174B93F90040C4F127048F
S21401D4F8641BC4F11C03002BB8BF5B42232B0CDD55
S21401D508212070BDA1F10B03002BB8BF5B42232B72
S21401D518F6DC0C4B19700020F3E786F8265022F04B
S21401D52882FB094AE402136A04F4FF2423F4FF2366
S21401D5381C43146222F072FBEDE70220E1E700BF0C
S21401D5485C4F0020895E002000C000B818B9034B64
S21401D55893F90000704790F926007047895E00200D
S21401D56810B5FFF763FE03F0A7FB22F05CFB0A4A3F
S21401D5780121D2F8C83E044623F02003C2F8C83E6B
S21401D5880222064B08469A60054B5B689847204678
S21401D59822F044FB002010BD003000B0001002B895
S21401D5A848650020094B08465A6A91020BD4D3F8FD
S21401D5B80021D20708D4D3F8803013F4706F14BF53
S21401D5C80120002070470120704700BF004001B8C5
S21401D5D8F8B50D46D0F8903002EA010423EA0103B3
S21401D5E82343C0F890303D4A01F00B0323EA0401B7
S21401D5F8D1642340A2F580526F070646D36410D53E
S21401D6080121FFF7CFFF60B104F0B0F84FF40073C3
S21401D61814F0040F14BF324A324A53620422324BC2
S21401D6281A64E90606D514F0100F14BF00221B224F
S21401D6382E4B5A652A061DD5230616D54FF4001219
S21401D648274B1A62012203F58053C3F8002122F002
S21401D658EAFA0E210746032002F040FE40F20122B4
S21401D668224B3846DA6222F0D9FA214606F1F8004A
S21401D67802F0E4FEEF0503D5E00529D502F0FEFD2C
S21401D688A90503D5A20526D502F004FE15F0600FFC
S21401D69809D0D6F8E41030461DF015FA8022144B4E
S21401D6A89867144B1A612B0510D504F05FF8124AD7
S21401D6B814F4006FD2F8F03E14BF43F0006323F071
S21401D6C80063C2F8F03E0422074B1A640020F8BD36
S21401D6D802F0CEFDD4E702F0D7FDD7E7006000B828
S21401D6E8005001B8006001B8002002B8004000B838
S21401D6F8003F00B0000002B8003000B0014B1868C7
S21401D708704700BFB84E002037B522F08CFA0024C7
S21401D71801230022CDE900340023054619461046A8
S21401D72803F09CFD022002F003F9064B21461C601B
S21401D738054B02205B689847284622F06FFA204678
S21401D74803B030BDC04E0020486500202DE9FF41DA
S21401D75802290D4616469846039004D1FFF7D4FFD2
S21401D76804B0BDE8F08122F05EFA1E4F04463B681D
S21401D7783BB1B34205D022F051FA002321203B6089
S21401D788EEE7194B0022C3F800803E60002301260D
S21401D7984FF0000810461946CDE9006603F05EFD15
S21401D7A8124B022083F8008002F0C2F843462A464C
S21401D7B8022003A902F0DAF80D4B039A1A6008B999
S21401D7C82046D8E70B4D2B689847212804D02046D9
S21401D7D822F024FA0020C3E731466B6802209847F6
S21401D7E8F5E700BFC04E0020BC4E00208B5E00202F
S21401D7F8B84E002048650020044B5B6E5B054EBFA3
S21401D8080120034B187800F00100704700C001B8EA
S21401D8188B5E00200A78022A11D0101F424242412C
S21401D82852004B781201022B0BD0191F4B424B4169
S21401D8385B000549054842EA8312FFF727BD012226
S21401D848EFE70123F5E700BFF0FFFF001DE8010041
S21401D8580B78022B10D0181F434243415B004A78CD
S21401D868022A0BD0111F4A424A4152000F2104488E
S21401D87843EA8202FFF70ABD0123F0E70122F5E732
S21401D88849E801002DE9F8430E780446042E0D46B2
S21401D89890F824810BD100275FFA87F9484601F0F2
S21401D8A8BBFC08B14E4602E00137042FF4D13046DE
S21401D8B801F0B2FC002849D094F82431B34209D1CA
S21401D8C8AA88D4F8A4309A4204D16A88B4F82631D2
S21401D8D89A4238D084F82461AB883046A4F82831B7
S21401D8E86B88A4F82631AB8804F59275C4F8A43081
S21401D8F8FF2384F829301DF088FB84F82800284681
S21401D90801F04AFC18BB284601F07CFCF8B9D4F8AB
S21401D918E03053B194F82411414506D02046B3F9B6
S21401D9281220EEF783FB84F82D01204601F0B8FC9F
S21401D9380949A4F828010123084AD1F8FC1004F182
S21401D948F80003F083FA0020BDE8F88321200C23B1
S21401D95884F82431F8E700BF004F00B0A43F00B0B8
S21401D96870B5054690F824010C460C281FD0FF29EF
S21401D97801D1212070BD1AB14FF0FF320D4B1A604C
S21401D9881DF043FB064695F8240101F07BFC844212
S21401D99828BF0446E4B2B44238BF3446E0B285F83C
S21401D9A8290001F079FDFF28E3D00020E2E70220F4
S21401D9B8E0E700BF5865002010B590F8243104460A
S21401D9C80C2B44D0D0F8E03080F82810DBB3D0F820
S21401D9D8F020D2B990F82D318B421CD30022204674
S21401D9E8FFF7BEFF48BB1B4B1B7813F0FD0F23D177
S21401D9F8204601F055FC18490123184AD1F8FC10B5
S21401DA0804F1F80003F022FA16E0B0F94020B3F961
S21401DA1812309A42E2DD0022204694F82D11FFF7D3
S21401DA289FFF50B9C4F8E00020461DF098FC4FF659
S21401DA38FF739842014601D1002010BD2046BDE87B
S21401DA48104004F077BFFF2380F82930F4E702205E
S21401DA58F3E700BF28680020004F00B0A43F00B0DD
S21401DA68F0B51D46144B04461B780F46164685B07E
S21401DA785BB1D0F8E030E3B102AAB3F912300092F4
S21401DA88002218F0E5FC05B0F0BD02A91CF0A4FFC1
S21401DA989DF808103A462046EEF7C8FA014626B918
S21401DAA82A462046FFF75CFFEDE72046FFF784FF8E
S21401DAB8E9E71846E7E700BFBB9B0400D0F89830B3
S21401DAC8012B01D10020704770B5054650498EB02C
S21401DAD81DF0EEFAD5F8E0600146AC8DC5F8E40015
S21401DAE826B1336813B15B68002B6BD122F09BF823
S21401DAF822F094F80123D5F8E4108DF80E30B38996
S21401DB08D6E90120E31A9BB200FB03224148ADF88F
S21401DB180C3003680292994207D028461CF0D3FFBE
S21401DB2880223D493D4B88671A613D4C3B4E00F0CB
S21401DB384DFE0128FBD1236CD907F8D4336CDA01E2
S21401DB48F5D4D5F8E41028460D919DF80E200299D3
S21401DB5808AB02F037FE002831D100F037FE012865
S21401DB68FBD12E4A2E49136CDB01FCD40B6CDE0765
S21401DB78F9D408A901A803F047F800BBAA8D294BD8
S21401DB885A6495F8243060F3410385F824301DF073
S21401DB98E3F9D5F8E03002465B691968431EDBB243
S21401DBA8FD2B049114D9CC1C12D91F4B01311B68CB
S21401DBB815D0D81C10D8284604A904930AE00220D8
S21401DBC80EB070BD1A68032A90D99B6A5B0E94E75B
S21401DBD8284604A91DF0AAF900200EB070BDD91C6C
S21401DBE804D8284604A904931DF0A0F9D5F84C31A9
S21401DBF89B0506D495F8243043F0020385F82430B3
S21401DC08EAE728464FF480311DF0D9FBE4E700BF68
S21401DC18FC4F00B0A84E0020003F00B0000002B83C
S21401DC2800C002B8008001B86465002010B50C4633
S21401DC3819B11DF037F900B10434204602F0FAF89C
S21401DC48024B4042C3F8E00E002010BD003000B081
S21401DC58438E70B593420C4615461CD3436C8B42D3
S21401DC6808BF002421F0DFFF4FF49C530B490646FA
S21401DC78CA68C2F30362D340DA0702D50B6C9B036A
S21401DC8804D401222946204601F05CF8304621F0EA
S21401DC98C5FF002070BD2120FCE700BF000002B8C8
S21401DCA82DE9F84F074615460B4611B92120BDE860
S21401DCB8F88F002AFAD0032905D8002201F0ACF91A
S21401DCC803460028F2D01C889A78B4F5804F02F0F3
S21401DCD8070180F0CE80A1F1070C187993F805B0FA
S21401DCE8DE88DCF1000343EB0C0305292B7394BF94
S21401DCF80023C2F30013C2F3801C6B73930985F8E3
S21401DD0810C003F00203C2F3C00C43EA0C03C2F3CB
S21401DD184012E8746B74AA74D7F89030AE82D806AD
S21401DD2800F193800639012900F28F80B7F8129026
S21401DD38D7F81C8009F1FF394F4B083C04EA09045F
S21401DD485B6D18F804300021802B0CBF6FF07F0341
S21401DD58323B04F1010418BF5BB204EA0904AB7351
S21401DD68631D03EA09035A1CA96002EA090218F8A6
S21401DD78022018F8036097F825A046EA022636B26C
S21401DD88BAF1000F5FD1F10456D5D7F8E43013B1D4
S21401DD981B68022B05D841F24D724C21002004F075
S21401DDA8F7FDD7F8E420C6F30B0392F82420DB002E
S21401DDB80AB1B3FBF2F39B4508D83BB1CBEB0B2B6F
S21401DDC8BBFBF3FB6FEA0B0B5FFA8BFAD7F8EC3069
S21401DDD823B1504695F90E1098478246013485F8C6
S21401DDE80FA004EA090418F80410013404EA090427
S21401DDF818F80430013404EA090441EA032118F842
S21401DE080430013404EA090441EA034118F80430ED
S21401DE1841EA036116F4804305D0184BDB6EB3FA6A
S21401DE2883F35B095B0038466A7C03F0CBF806236C
S21401DE382860AB7100203AE718F804A04FEA4A0AAE
S21401DE485FFA8AFAC2E78A46C8E700230020EB731E
S21401DE580B4BDA69C2F30723120448BF63F0FF03CA
S21401DE685AB212F1800F1CBF323B5AB2AA7303464C
S21401DE78DEE702201BE700BF004000B8003F00B005
S21401DE8800C000B806238B7190F8253043B1054BC6
S21401DE98D3F8C4200B6802F01F0203EBC2030B6021
S21401DEA800207047003E00B011F5004F1FBF01F378
S21401DEB80E01044BC1F30E01002014BF9964212002
S21401DEC8704700BF008001B8F8B504460E4619B978
S21401DED890F824305A0647D44FF6FF73218ED4F8AB
S21401DEE8E470994204D0354B1B680BB1204698471D
S21401DEF8334D2B68BB4255D0324B1B683BB11FB123
S21401DF083A68002A50D0BF683946204698470727FE
S21401DF18204601F0C5F9002E3AD004F0C7FA0620CB
S21401DF28294B94F9262093F900302849C3F1270391
S21401DF389B1A0A6ADB0222F4FF2203F4FF23134327
S21401DF480B62D4F8E420224B2A60986701F01CFB88
S21401DF58002501211F4A204B1170204683F8845062
S21401DF681CF0D5FF2846F8BD4FF6FF71144DD0F8C2
S21401DF78E4702A6866F386139742018680F824308F
S21401DF8817D0104B1B68002BB9D101F089F9072768
S21401DF9812493B46124AD1F8FC1004F1F80002F087
S21401DFA855FFBAE70127B3E717462046394698478B
S21401DFB8ADE701F075F90127EAE700BFB44E002086
S21401DFC8A84E0020B04E0020895E002000C000B890
S21401DFD8006000B88A5E0020003F00B0004F00B025
S21401DFE8A43F00B0054A12681AB190F81E1119B973
S21401DFF81047084602F092B901487047A44E00201F
S21401E00800FEFFFF334B2DE9F7431C6801F4007946
S21401E01800F00103174653EA090206460D4632D0B8
S21401E0284FF0000823B30023002201200021CDE988
S21401E038008803F013F941462046FFF7D3FF012273
S21401E0484146E08510461DF03CF9D4F8901004F1DD
S21401E058F80002F0F3F920490868FFF709F94FF0CC
S21401E068FF330B6094F8243043F0040384F824301B
S21401E078B9F1000F07D0012120461DF0A0F925F4BB
S21401E088007506430D432B4632462046FFF752F9E4
S21401E098FB070FD51149124A086800211368116059
S21401E0A80121104A117003B198470F4B0021022035
S21401E0B85B68984717F00E0F08D04FF409723B219A
S21401E0C8002003B0BDE8F04304F062BC03B0BDE82D
S21401E0D8F08300BF5C4F002050650020BC4E002036
S21401E0E8C04E00208B5E00204865002008B55822E7
S21401E0F800210648FEF754F91022FF210448FEF7CE
S21401E1084FF904F0D3F9002008BD00BFF43E00B073
S21401E118383F00B073B574210C236D22A0F8141192
S21401E128822180F824314FF6FF734FF0FF35C0E99E
S21401E13841120026C0F8002164220446838580F82F
S21401E1482A301E4BC0E94322C36300F148034364E7
S21401E1581B4B80F82660C0E90C35C0F8A45005852D
S21401E16803F060FA2046FFF7C1FF94F9261020460F
S21401E178FFF7ACF96023134A40F6FF71D3644FF0FA
S21401E1883A4211631167104A2946D36440220F4B5D
S21401E19820461A64D4F89020FFF71AFA0E230022B4
S21401E1A8CDE9003340F202231046194603F056F82B
S21401E1B801F046F8304602B070BD00BF0700FFFF09
S21401E1C8FFFF4000004000B8005000B8002002B829
S21401E1D810B50C46FFF78AFFCCB1A378082B18D8E0
S21401E1E8E278082A15D843EA021313F0FF030CBF96
S21401E1F819466168084AC2F8F410217882F848116D
S21401E208617882F84B3182F8491104F04FF9002001
S21401E21810BD2120FCE700BF003E00B0012A10B562
S21401E22812D8032B10D803EB82020123074C934024
S21401E23894F84A01DBB221B10343002084F84A313D
S21401E24810BD20EA0303F8E72120F9E7003E00B0F5
S21401E258044BD3F8F03E13F0806F14BF2320002040
S21401E268704700BF003000B00246F8B5B0F8284144
S21401E27800F1F805FFF7ECFF0B688E68013304BF61
S21401E288D2F800310B604B68013304BFD2F80C3169
S21401E2984B60771C3BD1D2F80831CF688B607E1C67
S21401E2A83CD1D2F804610F69CE60013704BFD2F8B9
S21401E2B8F8700F614F69013704BFD2F8FC704F61DF
S21401E2C88F69013704BFD2F810718F618F6967BBF8
S21401E2D8C0F1640408688C6110B16D2838BF6D20E0
S21401E2E8C2F808314B68C2E94006C2E943340B69F3
S21401E2F82846C2F8F8304B690F49C2F8FC30D1F805
S21401E308FC1007230D4A02F0A1FD0020F8BD04F118
S21401E3186D031B1AB34238BF3346BEE704F17406D1
S21401E328361ABE4238BF3E46BDE76D34241ABC4293
S21401E33838BF3C46CEE700BF004F00B0A43F00B050
S21401E34870B521F070FC05460B4E00F03FFA012827
S21401E35805D0284621F062FC0224204670BDF368E9
S21401E36813F0706FF1D1F46814F08054EDD128469B
S21401E37821F054FCF1E700BF000002B838B521F0DF
S21401E38852FC4FF6FF710A4A13888B4203D121F0DB
S21401E39845FC0E2038BD074C074D1B046566A4F5E1
S21401E3A880546366118021F039FC0020F2E700BF33
S21401E3B826680020006001B80000FFFF2DE9F7433A
S21401E3C804460F4615461E46FFF75CF838B3A38A7F
S21401E3D82BB320461CF042FB78B9744BD3F8F02EC9
S21401E3E81EB10E2003B0BDE8F08302F03003102BF7
S21401E3F8F7D002F0C002402AF3D0DFF8E08102F03D
S21401E4085BFCD8F81430DE07EBD521F00CFC064689
S21401E418032001F08BFB20B1304621F0FFFB0220E0
S21401E428E0E7D8F8142012F00608F5D1304621F0B6
S21401E438F5FB5E4B4FF400612046D3F8F09ED3F807
S21401E448D06E03F0EDFF40B14FF400720121584B36
S21401E45808461A6442461CF034FF3946204604F042
S21401E46869FA524BC3F8F09EC3F8D06E0028B9D1AA
S21401E47894F82430980601D4002D57D0C5F34000EF
S21401E48803F03AF9022315F4807F1FBF494A002199
S21401E49813644FF03A420BBF454A916113645363C4
S21401E4A803F064F94FF4806315F0040F14BF424A71
S21401E4B8424A15F0400F53624FF004023C4B28467F
S21401E4C81A644FF0400314BF3D4A3E4AC2F88830EA
S21401E4D8FEF7FEFE20461CF0EBFB38B14FF48073C6
S21401E4E815F0010F14BF334A314A1364A90646D5FD
S21401E4F84FF6FF72E38F93420FD0334A3349526E79
S21401E508100CC2F301120132B3FBF2F308802A4A57
S21401E5182A492F481B0448665366003D18BF012543
S21401E52894F8243065F3451384F8243020461CF00B
S21401E538B9FCF0B120461CF0BBFBD0B14FF400315A
S21401E548204603F06DFF431C03229BB2214801A914
S21401E5581CF048FD9DF8042002F00703052B9DF8E2
S21401E568053015D112070DD443F480731A4AC2F840
S21401E578D830002003B0BDE8F0431CF040BDFFF7DB
S21401E588FDFECAE713F0040F09D19DF80630EBE744
S21401E59803F03002202A05D113F0010FF4E74FF4F7
S21401E5A88073E3E79DF80630E0E700BF003000B06F
S21401E5B8002002B8001002B8005001B8006001B887
S21401E5C800D000B800E000B8004001B82668002076
S21401E5D80000FFFF0C0000BA003E00B000C001B802
S21401E5E82DE9F3410646884615461F4621F01BFBD2
S21401E5F80446032001F09AFA38B1204621F00EFBB2
S21401E6080E24204602B0BDE8F081042001F08EFAFF
S21401E6180028F2D1204621F001FB01232A46414673
S21401E6283046FFF7CBFE04460028EAD1DFF8C8805B
S21401E6385FB388F8000039463046FEF76FFD0028BC
S21401E6484CD198F80030012B1CD02022244B1A6498
S21401E658244B9B6FB3F5817F1FD201201CF0E8FC89
S21401E66821F0E1FA204B06461B680193CBB901F06D
S21401E678DDFA15F0800526D101F01CFB284603F0CB
S21401E6880FF825E003F022F8BBE798F80030012BD5
S21401E698F8D0002BD9D12124B3E78022134B1A6175
S21401E6A8DBE7042001F044F900230122042001A934
S21401E6B801F05CF90028DAD103F070F8212430461D
S21401E6C821F0ACFA9DE70022094B9A6701F0F2FAAD
S21401E6D8084B01215B6800209847F0E7044690E75D
S21401E6E8001002B8003F00B0AC4E0020000002B88F
S21401E6F800C001B848650020885E002008B50B4BAD
S21401E708D3F84C114B1C10D011F080410DD1084B99
S21401E7181B6813B10320FEF745FE4FF08062054BD8
S21401E728DA6401225A6102229A6208BD0080E00F6B
S21401E7385C4F0020001002B84FF40022034B186CFF
S21401E74803F500531A64C0F3C0407047000002B8CE
S21401E758024B586900F00100704700BF00C001B8BD
S21401E768084B5A69D10707D508B901F0BDB85B69E6
S21401E778DA0706D401F0AAB85B69DB0701D40028DA
S21401E788F8D1704700C001B84FF0806310B1024A53
S21401E79853617047014AFBE7001002B8002002B82F
S21401E7A8202350B1064AC2F8F433064B196C11F00F
S21401E7B8010104D1032002F093BA034AF3E7704734
S21401E7C8001002B800C002B8002002B80F4BDB6880
S21401E7D8C3F30363013B0B2B0FD8DFE803F00606F0
S21401E7E80C06060606080A080808022070470420D0
S21401E7F870470520704703207047054B5B6913F087
S21401E808060F0CBF01200420704700BF000002B8A5
S21401E81800C001B8094AD368C3F303630B2B08D0B9
S21401E8286FF49050184100F0010080F0010040009C
S21401E8387047106C10F48030EDD17047000002B8B4
S21401E8480C4AD368C3F30363062B07D8042BD8B244
S21401E8580BD8C31E5842584140007047072B06D1B3
S21401E868D2F844010028ECD17047022070470020F6
S21401E878704700BF000002B8094BDB68C3F30363A7
S21401E8889A1E012A8CBF00220122012B02701EBF8C
S21401E8984FF4026222FA03F303F001030B70704788
S21401E8A8000002B8094AD368C3F30363032B01D0F7
S21401E8B8072B08D1536CDB0605D4906C80F0080052
S21401E8C8C0F3C00070470020704700BF000002B8C0
S21401E8D8024B002219681CF0C8BA00BFDCC304004A
S21401E8E810B5FF224FF6FF7104461CF0DEFA68B930
S21401E8F8FF224FF6FF7120461CF0E8FA30B9204691
S21401E908BDE81040FF2202491CF0F2BA10BD00BF54
S21401E918A4C3040010B55B0743EA02439DF8082028
S21401E92843EAC163520502F0BC621A43064942F43F
S21401E938C872044603F060FD002220461146FFF720
S21401E94887F9002010BD00BF9007E12D37B50C46AA
S21401E9580546094A09490A4801F038FB94F828305F
S21401E9682846009394F82B3094F8292094F82A1016
S21401E978FFF7D0FF03B030BD40C4040048C404000C
S21401E98810C4040008B5FFF78DFF88B1094BDA6992
S21401E99812030DD5186C10F4003009D19B6C13F0D6
S21401E9A8100F4FF010030CBF034A044A936408BDC6
S21401E9B80220FCE7000002B8001002B8002002B8E6
S21401E9C8034610B500B3124AD16909031ED5546C23
S21401E9D8C4F38114032C15D0022C17D122460D49F5
S21401E9E8B1F8D40001F10061801A01F535710144CE
S21401E9F81846FDF765FE064A0472926C120A4272C0
S21401EA08002010BD0822EAE72120FAE70220F8E7ED
S21401EA18000002B8003E00B00A68064B12F0802FCC
S21401EA281CBF42F20101C3F82812C3F88822C3F8B2
S21401EA388C227047004001B8F0B585B06C460E468A
S21401EA480B4B074615460FCB84E80F00094BD3F846
S21401EA584822009226B16B1EDBB2FD2B88BF3260BE
S21401EA682A46214638461CF061FA05B0F0BD00BFBB
S21401EA78ACC304000080E00FF0B585B06E460D4BC0
S21401EA8807460D460FCB86E80F001CF065FA31469F
S21401EA980446024638461CF0ABFB4DB140B9FF2C84
S21401EAA81BBF04AB03EB8404009B54F8103C2B609B
S21401EAB805B0F0BDACC3040030B50823054685B0E3
S21401EAC880B9094AC2F8FC3351B96C46074B0FCBDB
S21401EAD884E80F00064B2A4621461868FFF7ACFF64
S21401EAE805B030BD034AEDE7001002B8BCC3040008
S21401EAF85C4F0020002002B84FF03A43D3F81421A7
S21401EB08D2031ED54FF480320E49C1F81421A1F55F
S21401EB188051C1F818215A6DD1B2C2F30722C3F841
S21401EB28A410C3F8A4200422C3F8A4200022C3F822
S21401EB38A420C3F8A420C3F8A420C3F8A420C3F8CB
S21401EB48A4207047002000BAF0220B4B01219A64DA
S21401EB58A022A3F580539A644FF03A43426CC3F857
S21401EB68F410FC21C3F8CC10C3F8D0204FF400529F
S21401EB78C3F8F020704700BF006000B8F8B50D462E
S21401EB884FF03A441746064621F04DF80123042172
S21401EB98074A6363E76026616561C2F81411054A8E
S21401EBA8C2F8843121F03AF80DB102236363F8BD47
S21401EBB8002000BA00E100E02DE9F04105460124F5
S21401EBC8006800F00700063004FA00F3A868EC684D
S21401EBD85E1EA04262D000EA060E6C6810441E4310
S21401EBE80640A3EB0E000EEB040C8242644618D9CD
S21401EBF8D31A0EEB030298B1431E052B04D94B1CFE
S21401EC08ACEB0303022B59D80B460844ACEB010EB8
S21401EC1803EB0E0113F8014B83420C70F8D1014641
S21401EC286C688AB1531E052B01F1010302D9E01A5B
S21401EC38022812D80A44611E00E0013313F8010CB9
S21401EC48934201F8010FF8D120F0EDFF0223AE60E0
S21401EC58AB62BDE8F04120F0E1BF0B46204622F04A
S21401EC68030E8E4453F804CB734540F804CBF9D110
S21401EC7822F00303D01A920701EB030C04EB0307F7
S21401EC88E2D0CA5C0128E254DED09CF801300228A2
S21401EC987B70D9D09CF80230BB70D5E7042A35D9E9
S21401ECA80878043AA86148780431A86111F8020C7A
S21401ECB8A86111F8010CA861A8688CE70B4620F03A
S21401ECC803070F44ACEB010E1C684EF803400433EF
S21401ECD8BB42F9D120F0030310F0030F01EB030E3A
S21401ECE8A0EB03040CEB030728D011F80380012CD2
S21401ECF80CF8038022D09EF80130022C7B7018BFD6
S21401ED089EF80230084418BFBB7088E7013A032A08
S21401ED1812D8DFE802F00F1507020B4613F8012B8D
S21401ED281946AA610A4612F8013BAB61114611F869
S21401ED38013BAB610B78AB61BDE8F08108446EE737
S21401ED480A46F3E738B50B46154601464FF03A44EE
S21401ED5868B101221048C4F8F4201A46FFF72CFFC0
S21401ED6825B14FF03A430422C3F8F42038BD73B1F5
S21401ED78D4F8D8209A4284BF0122C4F8F4204FF070
S21401ED883A42C2F8D4300223C2F8F430E8E7012345
S21401ED98C4F8F430E4E700BFCC0000BA38B504463E
S21401EDA820F041FF4FF03A420121238F0546516773
S21401EDB84BB3B3FA83F3C3F11903DBB2A069C2F804
S21401EDC8B410C2F88C300723C2F89000C2F8B030ED
S21401EDD84FF4A02302F50052C2F81431A2F580526E
S21401EDE8C2F8183100220C4B1A600C4B1B6C5B02E4
S21401EDF809D54FF480020A4B04F1F8001A64D4F8D6
S21401EE08901001F01BFB0023638707232846A3877E
S21401EE18BDE8384020F002BFC84E0020000002B806
S21401EE28002002B82DE9F84305460C46B1B1D0F8E2
S21401EE381880078F20F0F7FEB5F83AC0791E01EA68
S21401EE480C0323F00702032C0646DFF8F8E04244D9
S21401EE585ED1DEF8004024B920F0E0FE0E20BDE8C1
S21401EE68F88324F00104DEF8000020F00100A04237
S21401EE7853D10023CEF80030238894426FEA4343E7
S21401EE886FEA534323803ED1AB8F08EB0709184638
S21401EE98083880B202F108044C4528BF44460828C1
S21401EEA804D9B4F800E0BEF5804F40D263440F435E
S21401EEB81B1A3B409BB26B87A887947811884FF042
S21401EEC83A42C1F30C019165C2F89830C2F8B00015
S21401EED84FF48022174B04F00704C3F814210122CB
S21401EEE8154BC3F88421FFF707FE042C0BD14FF40A
S21401EEF88002124B05F1F8001B6C114B1A64D5F809
S21401EF08901001F09BFA304620F088FE0020A6E714
S21401EF18601E012898BF1446A5E7A88F4344E31A44
S21401EF2848BFDB1908389842A6DC304694E72246E3
S21401EF38AEE700BF002000BA00E100E0000002B81A
S21401EF48002002B8C84E0020154B10B519688A8FE4
S21401EF584B8F088F13440138073B8C69034023F015
S21401EF6807031C4402F108034FF03A429BB28B8711
S21401EF78C2F8B0304FF480220A4BC3F8142101229C
S21401EF88094BC3F88421A07800F00700042803D1B0
S21401EF98064AD3681B03FCD4054B1C6010BD00BF92
S21401EFA85C4F0020002000BA00E100E0000002B833
S21401EFB8C84E002010B5064C216839B1CB0703D4DA
S21401EFC8044B1868FFF72EFF0023236010BD00BF0F
S21401EFD8C84E00205C4F00204FF480320C4B0D4980
S21401EFE8C3F818214FF03A43C1F81421D3F8AC10EE
S21401EFF8D3F88C20012302F0070206329340C1F3AE
S21401F0080C01083B994201D8FFF776BD704700BF4F
S21401F018002000BA001000BA2DE9F04780460C46D9
S21401F02816468769058F20F0FEFDB8F83A2005F1E7
S21401F038FF3C02EA0C0323F00701032C82463944FD
S21401F048B8F83C0019D14A4C24689CB90244073ADE
S21401F05802EA0C0222F00702BC183B44E31A48BF36
S21401F0685B19834210DB504620F0D8FD0024204669
S21401F078BDE8F08724F00104EFE7012C02D0022C4A
S21401F088EBD108380C46E8E7002E3FD08C4241D138
S21401F0984FF03A42D2F858904FF03A41D1F8AC20A6
S21401F0A8B8F81270C2F30C02934247DA2588B5F510
S21401F0B8804FD8D2A378C5F30C0503F007037A1E50
S21401F0C8A5EB09053A43052B337005EA02052DD849
S21401F0D82DB2E84340F241420421C00F03F058FC28
S21401F0E87580E3783374D8F81C207B1E03EA09037D
S21401F0F8D118B160A9B213FA85F5AF422FBF002324
S21401F108FF1AB780F26024BFB180F360504620F042
S21401F11885FDACE7A4F10802974284BFED0802EB2F
S21401F128C502B2F80090C9F30C09B5E7114B5B6D3F
S21401F138003B18BF0123A5EBC305C9E74B6D7A1E33
S21401F148A3EB09033A431A400B4915B2002DCB68C5
S21401F1580BDCC3F30363D81E43424341DB00337021
S21401F1688B6C72801B0A3374BDE70823F7E700BF70
S21401F178C84E0020004000B8000002B8054BA8227F
S21401F188D3F84C013121431C0CBF0120C0F3807019
S21401F19803F0FEBB0080E00F38B5134D044629780E
S21401F1A819B920221148FDF7FBF86188104A23781F
S21401F1B85180002113700F4A022BC2F8CC104FF071
S21401F1C8FF010D4A0D4B11704FF007010C4A4FF025
S21401F1D80000C2F8FC130CBF04220122C3F8FC236A
S21401F1E801232B7038BD00BF8C5E0020E03F00B0C5
S21401F1F828680020004001B8A6680020001002B860
S21401F208002002B8034B1A6802609B88838000209E
S21401F218704700BF2868002010B5044600F03AFF82
S21401F228064BD3F8F83724B983F40033C3F34040C8
S21401F23810BDA31E58425841FAE700BF000002B8A5
S21401F2484FF63F720A4BD3F8FC37934206D0094A69
S21401F258C3F301131370E022074B1A7041F66A02D2
S21401F268064B1B68B3FBF2F3054A1360704700BFF1
S21401F278000002B8A7680020A8680020E84E002011
S21401F288CC4E002020B1022804D1034B18787047D1
S21401F298024BFBE700207047A7680020A8680020FB
S21401F2A82DE9F74FD0F8A4204C21022A38BF0222B4
S21401F2B8064690F824B16B48013A036AD0F8CC5058
S21401F2C86948C3F38213D9400368DFF8C0A19342A3
S21401F2D8DFF8BC91654BDFF8BC8101F0010116D15E
S21401F2E81C788C4213D19AF800405C450FD1D6F8A9
S21401F2F8A84064B1AC420AD196F8295099F8004062
S21401F308A54204D1B8F8040003B0BDE8F08F98F818
S21401F3180040026020461970FFF7B4FF002900F08C
S21401F328888004234FF07F4000255149C1F8B83042
S21401F338504BC3F8B80096F829301B06C1F8B83008
S21401F3484FF080514A4B2C04C3F8B41040F2712197
S21401F358494B1B68B3FBF1F319215343182BB3FB35
S21401F368F1F173D8002C7BD0B4FA84F2C2F12002F2
S21401F378C2F10F03012B38BF0123D440A14201D2A9
S21401F388013B64086A1C03F01F0152008A403B4F88
S21401F398121B9208C7F8B0201A0242EA0312134356
S21401F3A8019305EB052305EB0325354B40F697023C
S21401F3B818682B21003818BF012003F0E9FAFA2251
S21401F3C82F4B02FB04F01B6840F6FF72B0FBF3F00C
S21401F3D80A2358432B4B00F57A74C3F8C420019AC4
S21401F3E8A3F58053C3F8C420A3F58053C3F8CC50C3
S21401F3F8D3F8CC3000F58C50C7F8FC30C6F8A850C6
S21401F408214D14302C6001F0ABFC4FF47A72C7F82A
S21401F418A400C7F8F8002B68B4FBF2F0B3FBF2F3CC
S21401F428A8F8043096F829308AF800B089F8003030
S21401F4386AE7002C14BF1025202596F82930834248
S21401F44894BFED182D1805F0FF0579E7B1FA81F29A
S21401F45834B1B4FA84F3D21A002A89DC0F238DE773
S21401F4680F238FE7004001B8586500208D5E002005
S21401F478001002B8002002B8E84E0020003F00B095
S21401F488CC4E0020006001B8D04E0020A5680020B0
S21401F498A46800202868002010B5114B01461B7887
S21401F4A8104C0C2B02D1FF20207010BD18461BF003
S21401F4B8ACFD02461846FFF7E5FE884228BF084617
S21401F4C8C0B2904238BF10462378C0B28342ECD00F
S21401F4D8054B20701868FFF7E3FE2078E5E700BFC4
S21401F4E828680020A66800205C4F002010B5044656
S21401F4F803F066F878B1154B1B786BB964B1144BF9
S21401F5081B784BB1134B1B78013B012B04D84FF4E6
S21401F5180042114BDA6410BD104BDB6C1B04FAD4A5
S21401F52820F081FB044602F021F94FF400420C4B0F
S21401F5382046BDE81040DA6402220A4BC3F87C2450
S21401F5480422054B1A6420F069BB00BF8E5E0020BA
S21401F5588F5E0020D44E0020002002B8000002B8BA
S21401F568001002B800D003500122024B00201A7086
S21401F578FFF7BCBF8E5E00200022024B01201A70E6
S21401F588FFF7B4BF8E5E00204FF48022014B9A64C9
S21401F598704700BF005000B8F7B50646544C00F057
S21401F5A879FD01213A20EBF7DFFE524B2578524FC1
S21401F5B81E7085BB2846FFF799FF2378013B012B70
S21401F5C819D8E37B01A88DF80430237C8DF8053023
S21401F5D8E9F7D0FEC7F87C544FF6FF72474BC3F8DD
S21401F5E88420F822A3F58053C3F884200022424BD6
S21401F5F8C3F87C240DE04FF6FF72404BC7F87C54E5
S21401F608C3F88420F822A3F58053C3F88420C7F8EA
S21401F6187C543B4B5BE00020FFF768FF2378013BF7
S21401F628012B08D8E37B01A88DF80430237C8DF8DC
S21401F6380530E9F79FFE0023C7F87C34002ECBD0AF
S21401F64862685AB32F4B1B6803EB5203B3FBF2F302
S21401F658013B1B0243F0F80326782849022E2A4A62
S21401F6681ED0032E4FF6FF75234826D0012E38D11B
S21401F67843F00203C1F88450C2F884300723C0F867
S21401F6887C34E37B01A88DF80430237C8DF80530A3
S21401F698E9F744FE0120FFF729FF17E0F823DBE727
S21401F6A84FF6FF7043F00103C1F88400C2F88430B6
S21401F6B80622114BC3F87C24E3E743F00503C1F89F
S21401F6C88450C2F884300423C0F87C340F4B4FF0C2
S21401F6D880420020DA644FF480220B4B9A6403B010
S21401F6E8F0BDC1F88450C2F884300023ECE700BFAF
S21401F6F8D44E00208F5E002000C00350006000B882
S21401F708002002B8E84E0020005000B8001002B8E9
S21401F718F0B52B4F06463D4604460FCE0FC5336857
S21401F72885B02B6000F0B6FC01213A20EBF71CFEF1
S21401F7380022244BC3F87C24A17A627A42EA014269
S21401F748C3F88824217CE27B42EA0142C3F8842478
S21401F758217B627B41EA0240C3F880043B78032B95
S21401F7682AD8DFE803F022020C178DF804100421CA
S21401F7788DF805200DEB01000022E9F79BFDE37BE0
S21401F78800228DF80830237C042102A88DF8093060
S21401F798E9F790FD637A01228DF80C30A37A0421EB
S21401F7A803A88DF80D30E9F785FD074B187805B0E5
S21401F7B8BDE8F040FFF7F0BE212005B0F0BD00BF60
S21401F7C8D44E002000C003508F5E0020034BDB6C34
S21401F7D8002BBCBF024BC3F888007047000002B874
S21401F7E8004000B82DE9F04700F0AEFC4FF47A76F9
S21401F7F82D4BB0FBF6F618604FF4FA7373430746C1
S21401F8082A48190E1B021818294A4FF0000341F11D
S21401F8180001FCF759FA274BA0F5807205461A63D2
S21401F82820B948222B2103F0B3F801254FF47A7248
S21401F8384FF0000A6A43534650083102FCF744FA6F
S21401F8481C4B1D4AB7F57A7F9A601C4B4FEA056830
S21401F85819601B4B8946044618604FEA152505D2E0
S21401F8689B222B21504603F093F801264FF47A7316
S21401F878A8FB030103FB05117308C01841F1000139
S21401F88800233246FCF720FA0E4B023419600E4B61
S21401F89849F10009A408186044EA8974054B013C3B
S21401F8A89C63BDE8F08700BFE84E002020A1070052
S21401F8B840420F0000C001B802110100F84E0020B6
S21401F8C8F44E0020F04E0020EC4E00201022044B8F
S21401F8D8C3F884215A600122024BDA60704700BFE0
S21401F8E800E100E000C001B81022064BC3F88421ED
S21401F8F8C3F88420BFF34F8FBFF36F8F0422024BE8
S21401F908DA60704700E100E000C001B810B50446AF
S21401F918A242A2EB0000A3EB010104D2034B01397A
S21401F9289B6B0133184401F0030110BD00C001B8F8
S21401F93838B501250A4B02019D504FF480730446E1
S21401F948084A8340536620F06EF9074AA5401378A3
S21401F95823EA05031370BDE8384020F05FB900BFFD
S21401F96800E101B800E001B8985E00202DE9F84FE3
S21401F978164605468A461F4620F055F9022E00F01F
S21401F9889180804620F05CF95A4B5B4AD3F8209068
S21401F99892F891405A6EE4B2520744BFD3F82090C9
S21401F9A8013404F0030420F046F94846214600F0E5
S21401F9B82FFA8446DAF80000012E04BF01306044AD
S21401F9C8ACEB000C08BFCAF80000BCF1804F7DD331
S21401F9D800F030FA8145A1EB040188BF454BDFF8FA
S21401F9E838C188BF01F1FF3101F0030188BF9B6B65
S21401F9F8A0EB090E0CF80510A1B1F90742BF41F6B4
S21401FA081F723E4B5A67BA0742BF3C4B3C4A5A677D
S21401FA187B0742BF0022374B9A673C0742BF00224A
S21401FA28344B9A6511244FF0010A324B05F1100246
S21401FA38120103EB051BCBF80C0132499C501A6ADC
S21401FA480AFA05F4586E0B78A2EB0902E4B22343CE
S21401FA5872450B7025D34FF48073AB40034220D117
S21401FA681CF80520002A40D10EB3274AF80753662A
S21401FA7807D541F61F7140F20110204B59675067B0
S21401FA885967B90706D51D4B1D4A1F491F485A67AE
S21401FA9848675A677A0742BF01221D4B1A613B071E
S21401FAA81AD4404620F0BAF80120BDE8F88F194A62
S21401FAB82D0142F805A042F89C3C20F0B4F8114903
S21401FAC80B7823EA04030B7020F0A8F8404620F0D0
S21401FAD8A5F80020BDE8F88F2120FFF777FE4FF440
S21401FAE88032044B4046DA60DCE7074A40465366F4
S21401FAF8D8E700BF00C001B8003E00B000E001B87A
S21401FB0800001F1F985E002000D001B80000010108
S21401FB18000002B800E101B8905E0020024B187898
S21401FB28003818BF01207047985E0020034B10303C
S21401FB380001185800F00100704700BF00C001B866
S21401FB4870B50646FEF704FE044608B1FFF7CCFE7C
S21401FB5800230A4D3046AB61EB612B6200F06AF96F
S21401FB68074BC9B283F8911028622CB1FFF7AEFE95
S21401FB784FF08062034B1A64002070BD00C001B8C4
S21401FB88003E00B0002002B82DE9F0419DF818802B
S21401FB980D46B8F1000F08BF0022214EB5F5803F8B
S21401FBA8B168074621F4700141F4A001B1609DF8DF
S21401FBB820409DF81C104FEA042444EA016444EAF4
S21401FBC8031444EA084444EA02044FF0180140F2D8
S21401FBD8E9222CBF00200120746502F0D9FE3564A5
S21401FBE8B8F1000F1AD00F4BBC68D3F888306D2CCB
S21401FBF838BF6D245B0606D500F082FB18B10A4BA8
S21401FC08B3FBF0F31C44204600F014F9013085429A
S21401FC1838BF0022024B34BF5A645864BDE8F081ED
S21401FC2800C001B800C000B800093D0038B51A4B3D
S21401FC385D6C35BB10242020FFF7C8FD174B9C6070
S21401FC4802F04EFB2022164BC3F8842101F0D2FCA9
S21401FC5848B12A4600200821FEF7D4F9114B5C6604
S21401FC68A3F580531C67104AD36803F07063B3F199
S21401FC78807FF9D9084B0D4A5A6741F201429A67C3
S21401FC8838BD01F0B7FC0028F4D0094B054A536685
S21401FC98A2F580521367EDE700C001B8001002B85C
S21401FCA800E100E000E001B8000002B8011B0118FD
S21401FCB81000002008B52120FFF788FD4FF4803298
S21401FCC8014BDA6008BD00BF00C001B8F8B5184D91
S21401FCD804466B6A1B0426D500F086FB6B6AA0FBFC
S21401FCE8044613F0787F4FEA9367C3F34450C3F38F
S21401FCF8044505D140F25A422B2102F049FE012063
S21401FD08AD01B5FBF0F010EB871005D140F25F426C
S21401FD182B2102F03DFE01200246002320463146F3
S21401FD28FBF7D2FFF8BD00F0EBFAA0FB0401F9E7F8
S21401FD3800C000B80246012030B50B4CA0F12003E4
S21401FD48C0F1200524FA05F504FA03F32B4304FA57
S21401FD5800F595428B4100D330BD0F2801D0013004
S21401FD68ECE7FF20F8E700BF40420F0010B50C464D
S21401FD78FFF7ACFFC30943EA4163C01A61EBD1112F
S21401FD88FFF7D8FFFF2814D00F220C4B40F01000C5
S21401FD98C3F88820A3F58053C3F88800A3F58053D9
S21401FDA85B6ADBB2802B06D02046BDE8104000F027
S21401FDB807BB212010BD0220FCE700BF00E000B809
S21401FDC838B51FF03DFF084B084A1D6A92F8914066
S21401FDD85A6EE4B2520744BF1D6A01341FF02BFF66
S21401FDE8284604F0030138BD00C001B8003E00B043
S21401FDF80346064A103302EB00111B01D1F80C0129
S21401FE08D158C1F340011BF01EB900BF00C001B8AC
S21401FE18064B1B68434303EB8171054B1B68A3FB29
S21401FE28003013F1004341EB00007047F04E00200C
S21401FE38EC4E00200C4A20F04043014610B5002045
S21401FE4814684FF00042E4FB0320084A890F126841
S21401FE5802FB0300064B9B6B984204D90133013120
S21401FE68C01A01F0030110BDF44E0020F84E002020
S21401FE7800C001B8044B01F0F071103041F00301E5
S21401FE8800011950704700BF00C001B808B522200C
S21401FE98FFF79CFC4FF48022014BDA6008BD00BFD7
S21401FEA800C001B870B51646054600B3F9B1F2B1FF
S21401FEB84268104B006803321B68920800F1304014
S21401FEC89847044688B9EA68A86803323146920812
S21401FED800F130401BF0D0F8044630B9D5E90402E9
S21401FEE8214600F13040FCF75BFA204670BD21241C
S21401FEF8FBE700BF6065002070B50C68651C15D06F
S21401FF08C4F302669E42C4F3074530D1A4B29442B4
S21401FF182DD804EB8506B24229D2141BA50824F075
S21401FF2803040E59340F04D0012C08D000222124D2
S21401FF3802E06B1C51F82320C0E9002470BD0E4C6A
S21401FF4834F8133042EA03431A686B1C51F823400D
S21401FF5801EB83014B6822405E4036F0704404D1C1
S21401FF681B0F032B04BF8B681A430024E4E70135F3
S21401FF7801EB8501C1E700BFD4C3040007B501A89A
S21401FF88EBF766FF9DF80530022B02BF40220B4BAC
S21401FF98C3F8FC23C8220A4B5A650A4B0A4AD3F807
S21401FFA86032DBB2FF2B08BF03239B0043F47F5369
S21401FFB8C2F8F83303B05DF804FB00BF001002B8BE
S21401FFC8008001B80080E00F000002B8836810B412
S21401FFD8074C03F1304324681B689C4203D15DF843
S21401FFE8044BFFF75FBF00205DF8044B704700BF66
S21401FFF8746500200022012108B51E4B1A645A6454
S2140200089A641D4A516102219162DA68C2F3036258
S2140200180D2A01D0002AF8D1112218499A631848E5
S214020028184AFFF73FFF00F0E9FF174A93685BB9E3
S214020038164A93689BB94FF080620F4B5A610122A9
S21402004803F580535A6108BD1149D268096803F15D
S2140200583043032AECD943F8041B043AF9E70C495F
S214020068D268096803F13043032AE4D943F8041B2B
S214020078043AF9E7000002B8001002B840C90400C2
S21402008828C4040044C4040010C40400F8C30400CE
S21402009874650020012341F6FF710D4AC2F88032CA
S2140200A891660C4A53600C4A53600C4A5360A2F598
S2140200B880425360A2F54042536002F5C032536054
S2140200C802F580425360A2F500425360704700BFB3
S2140200D80090005000D000B8001000BA005001B8D6
S2140200E838B50324FFF7D6FF114A124B124DDA64CD
S2140200F8FFF744FF114BC3F8E0400123EB6400F01E
S214020108DBFD4FF460736B614FF40073EB641AF017
S21402011823FF0021FEF7D0FC8022094B1C64A3F5BE
S21402012880535C64074BC3F884215A6038BD00BF0D
S2140201380048F000000002B8001002B8005001B8EB
S21402014800A002B800E100E008B51DF005FE044B69
S2140201581B6FC3F300430133B0FBF3F008BD00BFC7
S2140201680080005070B5044698B1B1B13A4A52F8C8
S214020178043B834213D10023384A116CC907FCD4C6
S214020188374800EB83001AF080FF364B10600122D6
S2140201981A6470BD01330C2B02D1334D2CE00123B7
S2140201A852F8041BA142F5D1304A32F81330E3E77D
S2140201B8C2F3016335F81300110C93B211F0FE0F67
S2140201C843EA0043606820D00434CAB2022A21688F
S2140201D808D9D4E90160033AC3E9001698600C34DA
S2140201E80C33F3E704D16268C3E90012083403E06B
S2140201F8012A01D1043419602268531CD8D100227E
S214020208164B1A6003F58053C1E7120F072AEDD87A
S214020218DFE802F00704090D1013181DC04303F5A2
S21402022800531860E2E71A6842401A60DEE703F5F0
S2140202388053F6E71AF0FCFED8E7012203F580534E
S2140202488240F2E7012203F500538240EDE71A687E
S21402025830EA0202FBD1C9E7FC4E002000C002B811
S214020268404000B000D002B8D4C30400365700207D
S2140202780122014BDA647047001002B80122014BD2
S214020288DA647047002002B84022014BDA647047ED
S214020298002002B84022014BDA647047001002B808
S2140202A80B4B1B68D3F8E43023B11A68022A01D92B
S2140202B8186A7047074B9A6D90B238B1064BC2F36C
S2140202C807421B68DB085343B3FBF0F0704700BFD6
S2140202D85C4F0020004001B8E84E0020064BDB6861
S2140202E8C3F30363984206D1044A936E23F0F003DD
S2140202F843EA011191667047000002B8003F00B059
S214020308054B1B68D3F8E43013B11A680A2A01D8D9
S214020318FFF7C6BF186C70475C4F00202DE9F743FD
S21402032806461AF07EFE00248046DFF890901FF0FC
S2140203387AFC0DF1070105460DF10600FEF79CFA58
S2140203489DF806308BB9721C29D01AF06AFEA0EB0B
S214020358080428461FF062FC9DF8063013B99DF87B
S21402036807303BB3A642E2D824E0D9F80C3013F49F
S214020378603FE8D0D9F818001AF0DAFE731C074670
S21402038803D01AF04EFEA0EB080428461FF046FCDF
S21402039817F5007FE0D0384603B0BDE8F08328465C
S2140203A81FF03CFC9DF80630002BC0D19DF80730A4
S2140203B8002BBCD1004FEEE700FEFFFF00C000B8DE
S2140203C810F1800F04D04D28CEBF7F20323040B2C5
S2140203D8FF22044BC0B25A62A3F58053586200202B
S2140203E8704700BF00E000B80B4A10B5136E0B4CFE
S2140203F8116E03F00703E35CC1F3CD0101FB03337F
S214020408126E0748C2F3454202FB033300688001B6
S214020418B0FBF3F010BD00BF004001B8CCC3040027
S214020428E84E0020044BD3F8AC3010B1C3F30332C5
S214020438027003F00F007047000002B8094B01F083
S21402044880011B6C03F480030B4309D14FF400129E
S214020458054B1A62837F1BB10122044BC3F80021A5
S214020468704700BF000002B8006001B8005001B82B
S2140204782DE9F04F404F804685B038680C461AF092
S214020488EDFA20B90024204605B0BDE8F08F2246D2
S21402049800214046FBF784FF384B5D6915F00105DD
S2140204A8F0D102F019F906460028EBD03F68384624
S2140204B81AF055FF4FF6FF73984234D04FF060514A
S2140204C82F4E304B304AD3F82090D6F88C30116233
S2140204D84FF00061A2F58052116224220421C6F868
S2140204E88C202A4A4FF4804B91604FF480520027A2
S2140204F8DFF8A4A0CAF868B0F262A7421ED30421A5
S214020508234A9160A2F5F032C2F88C304FF060525E
S2140205181D4B1A6209EA02031E4A13624FF480420E
S2140205281D4B9A66AFE7314638461AF0BCFE0146BE
S214020538384602F0FFF90028C0D0A3E7B26E51048D
S214020548FCD5B268D205F9D5CAF868B0D6F89020B4
S2140205580135012D0392D0D9E21B042AA8BF042232
S21402056808EB070003A901930092FCF7A9F8009A82
S214020578019B3A4497B2C0E75C4F0020000002B8DD
S214020588004000B8004001B8006001B8001002B888
S214020598002002B8005001B8006000B84FF6040107
S2140205A84FF60502044B01201B6C9BB28B4208BF18
S2140205B81346024A136670470080E00F00C001B86F
S2140205C82DE9F74F81460F464FF0FF35FFF7F8FB48
S2140205D8002601908A462C463046DFF8D8B006F147
S2140205E810031B015BF8033003F00308B8F1010F90
S2140205F815D13046FFF7FCFB02460B4601985146DA
S214020608FFF784F9DBF8643006F10802D340DB070B
S21402061839D5002F40D000252C463E60404601368C
S214020628082EDCD160B3234A0027D2F808C0916BA3
S2140206380CF440330131A4FB0141641941F1000175
S214020648B3F5003F30D1536B0CF4405C013347F1ED
S2140206580006BCF5805F22D1156B15F5807505FB83
S21402066806F647F1000203FB0266A5FB0332324494
S214020678594304FB0212A3FB04341444C9E90034A8
S21402068803B0BDE8F08FA84271EB0403C6D207B1E7
S2140206983E6005460C46C1E73D463C46BEE732028A
S2140206A842EA13621B02E3E7136B13F5807347F102
S2140206B80002DDE700C001B808B51AF04DFD0122B8
S2140206C8054B93F88D3002335B00DBB202FA03F374
S2140206D8024A536108BD00BF003E00B0002000B8C1
S2140206E82DE9F34105460F4668461146FFF768FFAF
S2140206F80646B0B1AFB1DDE900321B0A43EA02632F
S214020708A5FB0384094B120A05FB02441A6812B9B0
S214020718FFF71AFD0246002340462146FBF7D4FAA5
S2140207283860304602B0BDE8F08100BFE84E0020CF
S2140207384FF00052014B1A60704700BF00E100E01C
S2140207484FF00052034BC3F88020BFF34F8FBFF31E
S2140207586F8F704700E100E0F8B50B46002213F8E9
S214020768044B944225D91D68854224D106245A7919
S2140207781D79124B88181E6804FB0503104F33F8C0
S214020788063C7B43B3420ED900238A5A7A439642E2
S21402079802D804FB0300F8BD9D42FAD9013304FBD4
S2140207A803F2825AF2E740F244423D21002002F068
S2140207B8EFF80020EFE708330132D2E72C4F00208B
S2140207C840420F0000202DE9F84FA2FB018BC74ECE
S2140207D8C74F18EB060699466BF10003B74270EB53
S2140207E8030307D240F23E220E2102F0D1F802207D
S2140207F8BDE8F88FD9F814A00C461546BAF1000FD2
S21402080804D0DAF80030032B00F21B81B94BBA4A3F
S2140208189F6BA3F58043D3F8EC30C7F314075E004A
S214020828B64B48BF47F400171B6ED2F8FCA0580711
S2140208384EBF4FF440039B0503F0E0731F43B04BD3
S214020848D3F8E430990748BF47F0807747EA456708
S2140208581DF0B6FA012D0646C9D10028C7D0A94B05
S214020868984200F0FD8003F5122303F5F8639842D8
S21402087800F05A81A44B984200F0A7810025024650
S2140208882B4600204FF00071FBF71EFA2B4601306C
S21402089808FB03F3C7F3130100FB0B33A1FB066245
S2140208A8A8FB008001FB0522034420339B09C9F8F4
S2140208B80030F60C954B46EA4236FA021C6058BFE0
S2140208C87642934B934D34441E602C60BAF1000F67
S2140208D800F00881FB014FF000038F49C7F38152ED
S2140208E88A5C194648BF6408002EB8BF764292064C
S2140208F86008C2FB06012246FBF7E6F9DAF80010A2
S2140209080E2908D97D4B7B4A926BDE69D3F80C31E7
S214020918F60600F12881C0F3130017F40017C9F889
S214020928040014BFC42040F207107C4ADAF81860A4
S214020938A2FB04C24FEA521200FB02F24FF4FA7309
S214020948B2FBF6F218BF002702FB03F3A4FB00C0B3
S214020958FA33A3FB063604FB07006345864138BF15
S2140209680132D2B242F4006CC9F808C0002A00F07C
S214020978BB80DAF81C70A2FB070624B1B4FA84F32B
S2140209880E2B40F3D880E303002E40F0D180B3FB51
S214020998F0F6700000FB0220A0FB07834FEA044E25
S2140209A8C6454FEA144474EB030309D352001044B5
S2140209B8A7FB0083C64574EB030306F10106F6D2CD
S2140209C8C6F30E034CEA033C4CF000630629C9F84A
S2140209D8083049D9DAF83030002B45D00023C9F858
S2140209E80C30C9F810301DF0EBF9DAF83010FFF7C2
S2140209F8B3FE044618B18378002B40F0CC801DF075
S214020A08A5F9DAF83010FFF7A7FE0446002869D0E1
S214020A188378002B66D040794FF4AE62003818BF50
S214020A2801203D2101F0B4FF207940F271520038CE
S214020A384FF03D0118BF012001F0AAFF2379627921
S214020A484BE0042BDAF828707FF402AFFB014CBFA8
S214020A584FF4400307F0E07327F0E0771F43F7E60A
S214020A6800232F481D4613E71DF0AAF92C68002C10
S214020A7800F0AF80B4FA84F3D3F1020358BFDC4027
S214020A88284B9C4288BF6408002875D0B4FBF0F354
S214020A98642100FB134201FB02F2904203F1FF328B
S214020AA800F2A6805D085308013D1B0243EA0515BD
S214020AB8C9F80C501DF050F9002800F09080B4FBDD
S214020AC8F0F2642100FB124401FB04F4A04200F297
S214020AD88D80531E52085B08013A1B0243EA021332
S214020AE8C9F81030002083E6212081E6006CCA8807
S214020AF8807C814A008001B8004F00B0004001B8EF
S214020B08000002B800F04902005A6202344F002080
S214020B18304F00202C4F0020E0C30400D34D621053
S214020B280A3BB2DF3FBE4025002335481D46AFE6E6
S214020B381046002630E7C3F10F0E03F1110806FA35
S214020B4808F820FA0EF040EA0800AEF1200826FA65
S214020B5808F840EA080026FA0EFE013004FA03F303
S214020B684EF1000610E702F4801203F400131A434B
S214020B7808BFC0F58010CEE6631EA51E5B086D088A
S214020B88013B2D0245EA031540F2C2422B21002002
S214020B9801F0FEFE8CE7407940F25552003818BF45
S214020BA801203D2101F0F4FE207940F25652003829
S214020BB818BF01203D2101F0EBFE237962791B0262
S214020BC843EA0213C9F80C3019E700230D481D46FC
S214020BD85EE66FF01F0500287FF46AAFD4E740F29E
S214020BE8E5422B2101F0D4FE621E72E71446FBE7AB
S214020BF89D1E6D085308013B2D0245EA031557E76B
S214020C08313641DCD694BFD610B5044686B059B9FB
S214020C18214B4168D3F8FC30827A20480593006855
S214020C286B46FFF7CFFD69461D4B0A685A631A4B97
S214020C38D3F8FC3033B34B6843B11A4B1A4AC3F89D
S214020C480C214A68A3F58053C3F80C218B6843B17C
S214020C58144B164AC3F8EC208A68A3F58053C3F8E7
S214020C68EC20134AC868D2F8743123F4EE630343BF
S214020C78C2F87431D2F86C31096923F4EE630B4377
S214020C88C2F86C31002022890A4B9A6203F5A03317
S214020C98186406B010BD00BF004F00B05C4F0020BD
S214020CA8008001B8006001B8FFFF0F00FFF8FF0FD1
S214020CB8000002B8004000B8064B9A6E920607D5A6
S214020CC85B6E002B4FF48043B4BF034A034AD364D7
S214020CD80020704700800050002002B8001002B8BA
S214020CE8064B1A6C9207FCD4022240EA012058608E
S214020CF8034B1A640122034B1A70704700C002B8ED
S214020D0800D002B8995E002040B10368012B05D9CD
S214020D180069034B002808BF18467047004870470A
S214020D28E8C3040010B590B10468012C0FD9026913
S214020D386AB11168094B102C19605168596091689C
S214020D4888BFD268996094BFD960DA6010BD102255
S214020D5800210248FBF724FBF8E700BF3C4F0020BF
S214020D68084BC1171A68A2FB000302FB013310F1F5
S214020D78807043F10003400E40EAC310803820EA30
S214020D88E07070474C4F00200722194B70B5DA63A3
S214020D98184B194A1D68194BEC08E005C0184FEAAB
S214020DA8153141F100010023FAF78EFF144B154E58
S214020DB818601548FFF7D4FF4042C6F8DC0049F62B
S214020DC85800FFF7CDFFC6F8A8001048FFF732F81C
S214020DD8024660B1E301500818184FEA15714FF041
S214020DE8000341F10001FAF76FFFC6F8B40070BDC0
S214020DF8000002B8E84E002065CD1D00B2E60E00DF
S214020E084C4F0020003F00B07011010040420F0016
S214020E1810B5044698B10B4BD3F8FC00FFF782FFD7
S214020E284FF47A7303FB04F0074BA0F57A60DA688E
S214020E389B681044C01ABDE81040FFF791BF49F6F8
S214020E484040F8E7004F00B03C4F00202DE9F84339
S214020E580546084614461E46FFF764FF05B306F025
S214020E68020716F004061DD1D7B14FF47A706B68E4
S214020E785843002B40F08C80FFF772FF20636B69A3
S214020E88002B00F08C804A4AD0684FF47A7202FB34
S214020E980300A0F5FA50FFF763FFE062002E58D170
S214020EA8BDE8F8832869002869D04FF47A73584356
S214020EB83F4BA0F57A609B68C01AFFF751FFA06205
S214020EC8A88B00285ED04FF47A735843384BA0F5A7
S214020ED87A609B68C01AFFF743FFE061354BE96802
S214020EE8D3F80080002950D04FF47A735943304B18
S214020EF8A1F57A619A685B68891AC91A2E4BC817CF
S214020F081A68DFF8BC90A2FB011302FB003311F14A
S214020F18807143F10003490E41EAC3118039274B19
S214020F282162D3F8C4306362D9F8003053B1404620
S214020F3819F0B8FF30B12246D9F800301C49D8F863
S214020F48D80098470021A869FFF762FF6063002F60
S214020F588BD1A86830BB47F23050FFF701FF6061BB
S214020F684FF47A702B6858432BB1114B1B6803F564
S214020F781C5310331844FFF7F3FEA06190E749F6B6
S214020F8840409AE749F64040A5E749F64041B5E7AA
S214020F98074B1B6803F51C53103318446CE747F2DB
S214020FA8305078E74FF47A735843A0F5FA50D4E7EE
S214020FB83C4F00205C4F00204C4F0020003F00B002
S214020FC8384F002038B5054608461C461AF04CF835
S214020FD80246D5F8E400FFF797FE4368A018002BF0
S214020FE8044AA8BF4FF4FA721A44034B92FBF3F270
S214020FF8104438BD0CFEFFFF18FCFFFF70B588B022
S2140210086D46124C0FCC0FC594E80F0085E80F000A
S214021018D82200210E48FBF7C3F9AC2200210D485E
S214021028FBF7BEF9202200210B48FBF7B9F91AF0A4
S21402103843FA0A4B1B783BB16D46044E0FCD0FC6DA
S21402104895E80F0084E80F0008B070BDE03F00B0D6
S2140210587C3E00B0543F00B0E04F00B08C5E0020EB
S21402106808B51EF0E0FD0E4B1A78A2B90D4A1268B2
S21402107812F4843F0FD10C4A1021D1641B7863B94D
S214021088084B1B68DB0508D4074B2022DA64BDE848
S21402109808401EF0C3BD054AEEE7044BF5E700BF5D
S2140210A89F5E0020A8140020002002B8001002B894
S2140210B80A4B197801F0FF0229B100211970084974
S2140210C89202C1F80421597801F0FF0229B10021E1
S2140210D859709302024AC2F8083170479A5E002095
S2140210E8005000B8064BD3F8F00E064B5B6C1A019C
S2140210F803D4054B9B6E1B0401D500F58070704720
S214021108003000B0000002B8004000B810B51EF06B
S2140211188AFD0E2104460320FFF7E0F840F201227A
S214021128034B2046BDE81040DA621EF077BD00BFCA
S214021138004000B838B51EF076FD4FF00043244C48
S2140211480546C4F88030BFF34F8FBFF36F8F012375
S214021158C4F88430BFF34F8FBFF36F8F0223C4F8EF
S2140211688430BFF34F8FBFF36F8F0423C4F88430E5
S214021178BFF34F8FBFF36F8F0823C4F88430BFF3D3
S2140211884F8FBFF36F8FFFF7DBFA1023C4F8843054
S214021198BFF34F8FBFF36F8F2023C4F88430BFF39B
S2140211A84F8FBFF36F8F4023C4F88430BFF34F8F3F
S2140211B8BFF36F8F4FF48063C4F88430BFF34F8F4A
S2140211C8BFF36F8F2846BDE838401EF027BD00BF24
S2140211D800E100E038B51EF026FD05464FF0004354
S2140211E80A4C236001236360042363600823636058
S2140211F8FFF79EFA10236360202363604023636030
S2140212082846BDE838401EF009BD00BF00E100E0F0
S214021218012370B5074C2370074B1E68074B3240F4
S214021228D3E9005319402840FCF7ECFE002323704C
S21402123870BD00BF9D5E0020544F0020A8140020F9
S2140212480022044B1A70044B197811B11A70FFF772
S21402125807BF70479E5E00209F5E00202DE9F0477C
S214021268DDF820A003EA0108099B06460D4602EAB5
S214021278000703EA0A09BAF1000F40F05281031F79
S2140212880B4300F01281052871F1000380F0E88014
S21402129850EA010300F07881431E0B4300F02881D0
S2140212A8FFF748FFB94AD2E9004323EA050324EACE
S2140212B806043C4343EA0807B54BC2E900471E68E2
S2140212C826EA0A0646EA09061E60FFF7C9FE14F071
S2140212D82A4F14BF48F202034FF40043AD4AB00740
S2140212E8D26EAD4848BF43F4005383EA020122EAAD
S2140212F80302C266A94A0B408166D366C4F38042DB
S2140213081203210348BF42F48072E30648BF42F440
S2140213180052A34BA50648BF42F400726006D3F8F3
S2140213280C3248BF42F48062210648BF42F400628B
S2140213389C4882EA030123EA0203C0F80C329A4B5D
S2140213480A4017F4007FC0F80812C3F80C22974B1D
S21402135807F4007200F0048101224FF4802583F816
S2140213688820E30448BF45F48035A00348BF45F407
S2140213788015A10748BF45F4001514F4001FDFF8CE
S214021388688206D0D8F800001AF094F808B945F42E
S2140213980025E20248BF45F40035FB06844B48BFE9
S2140213A845F480051A6A834985EA020323F0010395
S2140213B81A400A621D40CB617F4B16F0010F1D6270
S2140213C87E4B7F4A18BF1A467E4B7D071B6F48BF67
S2140213D842F000627C4882EA030123EA02030367BA
S2140213E87A4B0A4041661A67794A04F00103926CFE
S2140213F8A0F5803083EA020122EA03028264754A73
S2140214080B4041649364D8F80020200248BF724B10
S21402141892F8F62058BF714B610748BF43F48063C1
S21402142822B114F4C06F18BF43F4807332074FF02A
S2140214383A42BDE8F047D2F8181148BF43F00043D5
S21402144883EA010222F4A02265481140C0F8181166
S2140214581340C0F81421634AC2F81831FFF7BABE1F
S214021468A0F580630B4306D020F48063A3F50073CF
S2140214780B437FF415AF1EF0D6FB4449D1E9003280
S21402148823EA060322EA050242EA08023B43C1E9C6
S2140214980032554A126892F8F610514A09B313F404
S2140214A8C06F1ED04FF4807311E01EF0BCFB374AA3
S2140214B8D2E9003123F004033B4341EA080157EA24
S2140214C80807C2E900314FF48063454A0BD0C2F8D8
S2140214D81431A2F58052C2F81831BDE8F0471EF062
S2140214E89DBB4FF48073C2F81831C2F81431F4E782
S2140214F81EF099FB254AD2E9003123F001033B434B
S21402150841EA0801C2E900310123384A57EA0807C6
S2140215181BBF5364A2F580529364936408BF536456
S214021528DBE750EA01037FF4BBAEBAF1010F7FF4A2
S214021538B7AE1EF078FB164A136823F0010343EA97
S214021548090313604FF480631F4AB9F1000F04D0F1
S2140215585366A2F580521367BFE713675366BCE764
S21402156893F8881071B183F88820214BD3F8A41019
S21402157803F50053C3F8A410C3F8A0104FF0502385
S214021588C3F8A4200025ECE6BDE8F087A8140020DE
S214021598544F0020004000B8006000B8005000B861
S2140215A8004001B8006001B8005001B8003F00B022
S2140215B8000002B8002002B8001002B8041C00039B
S2140215C80418000300C001B800E001B800D001B852
S2140215D800C000B800D000B80D0A0A09090A0A09AC
S2140215E8002000BA001000BA5C4F002000E000B8E5
S2140215F800400050024B5868C0F3C000704700BF56
S214021608A8140020024B186800F00100704700BFBB
S214021618A8140020024B5868C0F3C030704700BFB9
S214021628A814002010B50446FEF75AFDFFF782FDFF
S2140216382046FDF789FAFEF7DDFCFEF7D3F8FEF73B
S21402164845F9FFF7A1FB13490723134AD1F8FC1003
S21402165804F1F800FFF7FAFB4FF080710020FEF75E
S21402166809FC4FF000720D4B4FF400110120C3F82D
S2140216780021FEF7FFFBFEF791FF20B940F29232F7
S214021688142101F085F919F070FDBDE8104001201B
S214021698FDF782BF004F00B0A43F00B000D001B8EB
S2140216A88023074A1364082340B11364054AD2F814
S2140216B8C83E23F02003C2F8C83E7047024AF4E741
S2140216C8001002B8003000B0002002B810B51EF0B4
S2140216D8AAFA012104460020FFF7E2FF044B19612B
S2140216E8044B5B6898472046BDE810401EF096BA41
S2140216F8000002B848650020F8B5194C054620785F
S21402170840F2E442B0FA80F03E21400901F040F986
S21402171855B9607840F2E442BDE8F840B0FA80F085
S2140217283E21400901F034B94FF440660D4F0E4D84
S214021738D7F8043140F2E442C3F381232370C5F894
S214021748046160783E21B0FA80F0400901F020F981
S214021758D7F80831C3F381236370C5F80861F8BD6A
S2140217689A5E0020004000B8006000B8F8B5084C41
S214021778084D236C0423084F2B64236C5B0300D4A8
S214021788F8BD042602203E6419F052FC2E64F4E7E3
S214021798000002B8001002B8002002B8A82238B525
S2140217A81A4B1D6C03F500531A6410229A60A3F5AF
S2140217B8804302F100521A675A66FFF779FC144B07
S2140217C81B7813B90320FEF7B3F80024114B9C6765
S2140217D8FFF7CCFF104A114BD2F8F01E0B40C2F8A6
S2140217E8F03E04220E4B1A640E4BAA06C3F8D040EB
S2140217F808D503F580739B6FB3F5817F22BF8022DD
S214021808024B1A61BDE83840FCF7B8BD000002B8C2
S2140218189C5E002000C001B8003000B0DF0000FF68
S214021828002002B8003E00B010B551B920B3154BDF
S214021838DB681B0E13F00E0F1ED1134B1B6CD90759
S2140218481AD4FFF763FC0F4C0020FEF7EBFD0328C3
S21402185801D0092805D1A36ADA07F5D4636CDB033D
S214021868F2D4FFF783FF0122084B5A6102229A62DA
S214021878042203F580531A644FF4C062044BDA62FA
S21402188810BD00BF000002B800C002B8001002B8BF
S214021898006001B808B503210920FEF71FFD2022C3
S2140218A8014B1A6108BD00BF000002B80D4A10B508
S2140218B8D2F8A030D2F8A4100B40B3F1804F0CD364
S2140218C84FF040400849094CC1F8A400D467C1F853
S2140218D8A0004FF48021064AD161034AC2F8A0301C
S2140218E810BD00BF00400050006000500000FF011D
S2140218F8001002B838B505461EF095F90E4B044698
S2140219081868FDF74BFA35B1FFF79AFC2046BDE892
S21402191838401EF083B9094B1B78002BF6D0084BCB
S2140219281D78002DF2D1FFF78BFC2A464FF4804033
S2140219380021FFF76DFCE9E75C4F00209E5E002061
S2140219489D5E00202DE9F84F5A4B06460D46144672
S2140219581B6C002A40F0AB8013F0A00F14BF4FF0A8
S21402196801094FF00009FCF709FDA0234FF0000A11
S214021978DFF85C810320C8F84030FDF7D9FF042061
S214021988FDF7D6FF4C4FFFF75BFC4C4B4FF0040BB2
S2140219987B67C7F878A0FFF7E9FE494B4FF48071DA
S2140219A8D3F8C82E42F02002C3F8C82EFF22C8F881
S2140219B80820404A1161D3F8F02E42491140C3F874
S2140219C8F01EC8F840B0C3F8D0AE7B6913F0060F15
S2140219D804D0FEF75BFA5846FDF7AAFFB9F1000FE6
S2140219E808D04FF40062384B1A644FF40042A3F54D
S2140219F8E0339A6666B1354BDB6C180701D4FFF7FD
S214021A0885FBFFF747FF0420FDF792FFFFF750FB21
S214021A18284B5A69D10748D5DA6812F0706FFBD19D
S214021A282B4B2C4A1A642C4A936E23F0F0039366C7
S214021A3815B12046FFF75EFF284BD3F84C315A1CE7
S214021A4801D05B0002D50122214B5A616CB31F4BB1
S214021A58DA6E03F500539A6603F5D0331B6A1C4AFE
S214021A6823F00103D3611E4BD3F80C1203F500537F
S214021A78C3F8081203F50053D3F8841003F500538D
S214021A8899674FF03A43D3F8181103F50053C3F891
S214021A981411144B996C03F500535964124903F553
S214021AA8803359664FF608431364BDE8F88F4FF043
S214021AB8000958E7000002B800C001B8000001019A
S214021AC8003000B0DF0000FF001002B8004000B887
S214021AD8002002B810003000003F00B00080E00F7F
S214021AE8004001B800C000B85000002F9D4B2DE9F9
S214021AF8F04F9F6EDB6E85B01F409B4B9F664FF084
S214021B083A43D3F81451D3F818311D40974BC3F80B
S214021B181451974BD3F80822D3F80C3202EA030979
S214021B28944BC3F8089203F52043DA691B6A02EA63
S214021B380308914B08F47702DA61904BD3F8042233
S214021B48D20605D4D3F80431C3F30016DB0653D500
S214021B581EF069F88A4B5A695E6E1B6F12F0060F02
S214021B6806EA0306874A26F0007314BF4FF0010AF6
S214021B784FF0000A23F400637407536606D5824AB8
S214021B8892F891300133DBB282F891301EF046F8B3
S214021B98002F00F0E48017F4004300F0D5801EF012
S214021BA842F80146FFF79EFA0446784BD3F800B08F
S214021BB8DBF80020DBF800309A42FBD0DBF8002086
S214021BC89A42FBD0FFF78EFAA04217D108461EF0BB
S214021BD825F86F4B1C606F4BD3F840B01BF4E052ED
S214021BE80ED124F07F4424F0DF040CB9FFF7D6FDAB
S214021BF84FF0807B002414E0B246C9E70446D7E7D4
S214021C080192FFF7CBFD5C4B019A1BF480541A64D1
S214021C1840F09C801BF4806F0CBF4FF0805B4FF047
S214021C28806BB80715D55B4A5348126C02F46041BC
S214021C380164002900F08D80110400F18D8012F4F1
S214021C48005F0CBF4FF000524FF0006200244BEAD0
S214021C58020BC7F340377F004F4A2A40002A4BD070
S214021C6815F4206F0AD040F6A3120621002000F0D1
S214021C788FFE0020FFF73EFE25F48025EB0506D5ED
S214021C88FF213D4A4BF4C06B9160FFF73FFA15F00F
S214021C98090F0BD040F6B8120821002000F078FE93
S214021CA8FFF7F8FD4FF03A420121516315F0106F25
S214021CB80CD040F6C1120921002000F069FEFFF799
S214021CC8E9FD002211461046FDF73CF815F4202FD0
S214021CD80AD040F6C9120721002000F059FE00205B
S214021CE8FFF708FE25F48025E80301D5FDF774F909
S214021CF8002DB8BF47F0080769070ED54FF03A42DD
S214021D08126B12F4005F4FF4005217BF17492349AB
S214021D180A634BF4000B08BF0A636A0548BF4BF018
S214021D28040B15F48023019300F0A480FDF70CF948
S214021D380138062834D8DFE810F01A011D011A0106
S214021D4820012301260126019B4653E74FF0804BCC
S214021D5850E74FF0007279E74FF0004276E7BB464D
S214021D683C4679E7004000B8006000B8002000BA98
S214021D78004001B8006001B8002002B800E100E0A7
S214021D8800C001B800E001B8003E00B0A0C30400DD
S214021D98504F0020000002B8090B0B89001000BA49
S214021DA840F6FA120321002000F0F2FD4FF03A4006
S214021DB80121D0F88C20D0F8AC3002F007020632A7
S214021DC801FA02F2C3F30C0CA2EB0C0292B2072A37
S214021DD812D9774A126C53020ED4764BC26CC06E76
S214021DE85B6D5BB102F0070206329140C0F30C004D
S214021DF8091A89B2072901D84BF4007B6E4A127871
S214021E08002A37D04FF03A42D2F8142112F4A02F03
S214021E1830D16A4A6A4912789AB9F20411D40A7811
S214021E287AB14FEADB02674842EA447282F001025C
S214021E38D0F8F00E02F00102520020FA02F29307DE
S214021E4818D10420FDF774FD5F4A60485067FFF713
S214021E58F7F95B490A784AB95D4A127832B15D4A9F
S214021E685D4912680BEA02020A4201D14BF4804B22
S214021E7826F48056B9F1000F1DD019F4805F18BFFA
S214021E884BF4802B19F4807F18BF4BF4002B19F4FF
S214021E98005F18BF4BF0100B19F4007F18BF4BF009
S214021EA8200B19F4806F18BF4BF0400B19F4006F23
S214021EB818BF4BF0800BB8F1000F3AD018F4802FF9
S214021EC818BF44F4007418F4803F18BF4BF4805BC4
S214021ED818F4801F18BF4BF4003B18F4001F18BFF5
S214021EE84BF0020B18F4003F18BF4BF4801B18F493
S214021EF8800F18BF44F0100418F4002F19D0314A86
S214021F08D2F8C82E12F0C00F13D02949CA68C2F3F5
S214021F180362032A01D0072A05D14A6CD00602D4E6
S214021F288A6C110732D54FF400212C4A28F400286F
S214021F38D161002E00F01881320540F18A802848C7
S214021F48DFF88490C2782749002A51D04FF40063FC
S214021F58013AD2B24B66C27032B9234A1278C2B17B
S214021F6840F60141214A5167002200216EE04BF4F7
S214021F78803B1BE74BF4006B18E74BF4806B15E7C6
S214021F884BF4807B12E74BF0080B0FE74BF4001B71
S214021F98CFE7D9F8782012F4A05F15BF4FF4807205
S214021FA840F60142C9F85820C9F87820DCE700BF95
S214021FB8000002B8004000B89F5E00209E5E002027
S214021FC8A15E0020003000B000C001B80000010188
S214021FD8A05E0020A8140020088D0100002002B888
S214021FE8905E002000E001B89C5E002000D001B898
S214021FF80320FDF79DFCD9F81420A34B12F0060F18
S21402200804BF41F61F72A149A14808BF4A674FF4A8
S21402201800619E4A5166D9F8142012F0060208BFDB
S214022028C9F87820B3F88E2012F400615DD022F445
S2140220380062A3F88E20027802F0FF09002A58D11F
S214022048FDF724FFFFF7AAFB4A4620214BEA020BBC
S2140220580C43B30009D52E20FDF7B8FB4FF000510C
S2140220688A4A44F0080411675166F00606D52B2002
S214022078FDF7ACFB1021854A1167516616F0306FE2
S21402208805D1F1045DD5BAF1000F00F0A780320140
S21402209811D52920FDF79AFBFFF7ACFA48B17D4A1D
S2140220A87D487A494A66026700F54050C06843048C
S2140220B822D444F0040416F0007A28D00420FDF74F
S2140220C837FC2720FDF782FBFFF768FB4FF000710D
S2140220D86E4A5166714AD2F8F01E490678D4704A9A
S2140220E80221916044F0020428E002784FF400527C
S2140220F8ACE74FF4004238E70A6720204A66FDF745
S21402210865FB2D2044F00C04FDF760FBD3E716F0C0
S214022118807FDFF8909146D00420FDF709FC28203E
S214022128FDF754FBD9F87820002A39D1FFF736FB99
S214022138564A584944F00104116751660021594A23
S2140221489165320405D5584A126890474BEA000B47
S2140221580C43730508D555498A78002A00F08E8004
S214022168013A8A70002217433A4658462146FFF734
S2140221784FF8019B0BB1FCF71DFF01224C4B05F0F3
S2140221880435C3F814514B4B18F4002FC3F88421B6
S2140221981EBF4FF40022424BDA6105B0BDE8F08F4D
S2140221A8C9F878A0C4E7F004C8D50420FDF7C0FB38
S2140221B8414AC9F87420FDF769FED9F8642012F07E
S2140221C8407FBBD12A20FDF701FBFFF7E7FA81E73C
S2140221D8D2F8C82E930685D4384A81E733490A7955
S2140221E852B1013AD2B20A7112B92B4A344951672E
S2140221F800224BEA020BA4E70420FDF799FB032012
S214022208FDF796FB274A2C4951671DF00CFD8146BF
S2140222180DF10F00FEF706F92A4A824612780AB12D
S214022228FEF774FFBAF1030F0ED1DFF8A0A0002064
S214022238FEF7F8F8032807D1DAF82820D007F6D4EC
S214022248DAF84420D103F2D49DF80F20032A06D1E7
S21402225801211D4A484611701DF0E0FCC8E74FF000
S2140222683A42D2F8142112F4A02FF1D1FEF7E8FF71
S21402227848461DF0D3FC4FF48042BAE70220FDF729
S21402228857FB01226FE700BF003E00B000E001B82E
S2140222989C5E00201000002000D001B8003000B07C
S2140222A8002002B800C001B85C650020905E0020DD
S2140222B8002000BA00E100E000000101001002B8A8
S2140222C80000010DA25E00209E5E0020000002B8FB
S2140222D80122024B1A62DA61704700BF002002B878
S2140222E8094A08B5D369116A0B40084923F47F00E6
S2140222F8DB07C86106D5D1684FF0FF30C1F303612A
S21402230818F03DFF08BD00BF000002B8002002B862
S2140223180C4A08B5536C926C13400B4A5364DB079D
S2140223280FD50A4B40F663421878122100F00100D6
S21402233800F02EFBBDE80840002201200021FEF72F
S21402234867BF08BD00C000B800E000B8A8140020A7
S21402235870B5174D2C6C6B6C1C40164B24F00202A1
S214022368E1071A6405D540F6CA420020296800F03B
S2140223780FFBA2071AD502220E4B1A646B68DBB251
S214022388A3B9FDF71DFD04460D460B4ED6F8F433E9
S214022398DB060BD5FDF714FD02460B4620462946FA
S2140223A8FDF7B4FA652871F10001EFD370BD00BFDE
S2140223B8008002B800A002B8000002B838B50B4C7C
S2140223C80B4DD4F88430DB0706D4A36FD4F88420E8
S2140223D81340084A936738BDD5F804311A06F0D573
S2140223E8FFF7B6FF8023C5F88431EAE7008001B814
S2140223F800E100E000A001B870B514460D461DF0D5
S21402240812FC064BD3F8C86E74402C407440C3F8CE
S214022418C84E1DF003FC06EA050070BD003000B089
S214022428034BD3F8C83E99430CBF012000207047DF
S214022438003000B02DE9F04117460A43012A1D462E
S2140224489DF818409DF81C60DDF8208029D8B44213
S21402245827D2082E25D8032B23D8B8F1000F20D070
S2140224680A460021FBF7DAFEFF21EB009940C94332
S214022478DFF834C008F1FF38FF00E2B2964202D80D
S2140224880020BDE8F0813D190CEB8505D5F8F8204B
S21402249818F8010F0A4098401043C5F8F8000134AE
S2140224A8EBE72120EDE700BF003E00B01E4BD3F855
S2140224B8C83E13F001001ED01C4B93F84C001C4A71
S2140224C840F08073C2F8CC304FF480131949C1F833
S2140224D8B430A1F58051C1F8B830D2F80C31DBB26D
S2140224E8FF2B1FD0984294BF0020012040F61F629F
S2140224F83C2100F04DBA1A06E1D40F4A92F84B1165
S21402250821B1DB0602D592F84801D8E74FF48012CB
S2140225180020084B0649C3F8B820C1F8CC00C3F817
S214022528B42070470120E1E7003000B0003F00B059
S214022538004000B8006000B8003E00B0034B1868C0
S214022548034B002808BF1846704700BF584F0020A4
S2140225587CFC04002DE9F843DFF860900646D9F8BB
S214022568008008461746B8F1000F03D00E2420460E
S214022578BDE8F88306B3336801331DD1E1B100F034
S21402258873F805460028F1D0C9F8000000F092F862
S214022598284618F04DFE044640B14046C9F8008069
S2140225A800F088F8284618F03EFEE0E73560002F6F
S2140225B8DDD02846B847DAE72124D8E75C4F002062
S2140225C8024B1868003818BF012070475C4F00207D
S2140225D8002108B5024B08465B689847002008BDEC
S2140225E848650020431E033306D8044B984228BF8A
S2140225F81846642838BF6420704700BF40420F0060
S21402260838B505460C4641B10B6833B11B68013331
S21402261803D0CB680BB18B684BB918F0ECFC0020E2
S2140226284FF4C172412100F0B3F9212038BD0846A3
S214022638FCF7A4FD00230A4A85F83031C5E937437A
S214022648C2E9003363694BB1064A422110684FF467
S214022658D272C31A5842584100F09AF90020E5E7A8
S21402266880610020E84E0020F8B504461DF0DBFA2B
S214022678002607460E4B1B6893B19E68AEB196F8C5
S2140226882420D20711D435460FCC0FC50FCC0FC560
S21402269823682B6096F8243043F0010386F824302A
S2140226A838461DF0BBFA3046F8BD1B68E4E700BFA3
S2140226B88465002010B5044618B9054B054A136010
S2140226C810BDFAF727FED4F8E830002BF6D1F4E767
S2140226D817B2030080650020014B1868704700BFD8
S2140226E88061002008B502460868FFF77BFF08608D
S2140226F84868FFF777FF48608868FFF773FF8860C7
S214022708C868FFF76FFF0B69C860581C03D00B48F0
S214022718834228BF03460B614B69581C03D00748FF
S214022728834228BF034688694B61FFF75BFFBDE813
S214022738084088611046FBF797BD00BF40420F006D
S214022748D0F8E0302DE9F04105460C4613B1838DEA
S2140227588B424CD0D5F8DC30002B4BD09E68002E2E
S21402276848D0D868002845D0013800B200281ADBBD
S214022778002106E0128A591CA24217D209B28842E0
S21402278811DB0B1803EBD3735B1003EBC30206EBE8
S2140227988202B2F80EC003F1FF3EA445EAD90FFA48
S2140227A88EF08842EDDA2120BDE8F0814FF6FF72FE
S2140227B899B29142F7D09BB203EBC30306EB8306AA
S2140227C82846B6F9122095F82411D5F8F080E9F7CC
S2140227D82DFC0746B8F1000F04D0002332462846DF
S2140227E81946C047AC85C5F8E06085F82D7100200B
S2140227F8BDE8F0810E20BDE8F08100BF2DE9F04764
S21402280882B004460F461646FBF796FF00285ED1AE
S214022818454D2B68D4F8DCA0D4F8E0800BB15345BC
S21402282862D04FF00009AF60FBF7D0FF01280746D9
S21402283851D12B68DAF80010D8F8002013B11868BE
S21402284888425CD0204618F0E2FAC5E900A8D4F817
S214022858F0508DF80760002D58D000222046114609
S2140228680DF10703A8472046FBF728F90546B9F1F4
S214022878000F0FD076B9D4F888300BBB012F05D0DD
S21402288825B12A4B002103205B689847284602B0E8
S214022898BDE8F087B5FA85F040F2075233214009C1
S2140228A800F076F831462046FBF70EFB204B05462D
S2140228B81B68414620469847D4F88830002BDDD05E
S2140228C800224FF400732046FAF734FDD6E70023B9
S2140228D8154D6B609DE700210120FAF763FDFBF7B3
S2140228E875FF0128FBD1A4E76B68002B99D04345F6
S2140228F897D1AB689F4215D04FF0010993E76968F4
S21402290811B109689142A0D059689BE794F828103B
S21402291894F82D313246994228BF19462046FBF7CD
S2140229281FF8A0E70025B1E780610020486500206F
S21402293880650020F8B50E4605461DF074F9314646
S21402294807462846FFF7FCFE044620B138461DF027
S21402295865F92046F8BDFBF7D1FE224631462846E1
S214022968FFF74CFF044638461DF058F92046F8BDD6
S21402297838B5044D044C054B286021601A601CF0DB
S214022988A7FD38BD604F002088650020644F0020F0
S21402299810B550B90548064B01600648026018682B
S2140229A8054B18601868FFF7E3FF10BD886500201E
S2140229B85C4F0020644F0020604F002010B51DF0C9
S2140229C832F9084B04461B683BB1984728B10022E7
S2140229D800204FF48061FEF71BFC2046BDE810403D
S2140229E81DF01CB9684F00200023F0B585B0CDE96C
S2140229F801330393124B134D1B78134E8DF8043094
S214022A081DF01EF92A78337804469A420F4F0CD0E6
S214022A183178386801AA297018F0E6FB50B140F6FA
S214022A2808210B481DF090F904E0386818F0BCFB42
S214022A380128EDD020461DF0FEF805B0F0BD00BF17
S214022A487D680020B1680020B2680020844F00200C
S214022A580B9A0400F8B52B4B1B7823B140F6FC31D1
S214022A6829481DF071F91DF0EBF8284B07461C881B
S214022A7814F0060409D001214FF480701CF094F873
S214022A883846BDE8F8401DF0D6B821464FF48070A7
S214022A981CF08AF8204600F0ABFF022808D18022F4
S214022AA81B4B8021186817F03BFFFFF79DFFE7E7EF
S214022AB8204600F09DFF054638B1012807D040F6AB
S214022AC8314111481DF040F9DAE70246E8E7FF22ED
S214022AD80F4E104B30681A70FFF77AFD306818F000
S214022AE863FB0128CCD02A462946306818F05EFBDC
S214022AF821462C201CF084F821460A201CF080F877
S214022B08BEE700BFA85E00200B9A040052570020BA
S214022B18844F0020B1680020002101481CF08ABEBC
S214022B28DC6500207F2837B5044610D14FF6FF73C0
S214022B38022217480DF10601ADF80630EBF798F9B0
S214022B48BDF80640E2054CBF6FF04A0464B21DF0B9
S214022B5877F8104B05461C700F4B1B88DB0710D501
S214022B680E4B1B78002B0E4B0CBF21466FF07F01D5
S214022B78186817F003FF20B140F6786109481DF07F
S214022B88E3F8284603B0BDE830401DF054B800BF4D
S214022B98641002C0A968002052570020A95E0020CF
S214022BA8844F00200B9A040010B513F04DFC60B158
S214022BB813F04CFC0B4A80B141F20D03BDE81040FD
S214022BC841F20D0107481CF041B9074B1A781B79E8
S214022BD89A4204D100220023F0E70D23EEE7034AC7
S214022BE8F9E700BF400D03007D680020488D01000C
S214022BF8F8B5164E0D46337802F0010423B140F2BA
S214022C08C53113481DF0A0F8124B134F1D60134D23
S214022C18A4B1134B997801B1012120201BF0C4FFFF
S214022C282B783B700F4B1C780F4B00211C7004232B
S214022C3833700E48BDE8F8401CF0FCBD2146202043
S214022C481BF0B2FF2B783B70EEE700BFA85E0020B1
S214022C580B9A0400744F0020A55E0020B36800207B
S214022C68784F0020A65E0020A75E0020DC650020C4
S214022C782DE9F8431CF0E4FFDFF8A0810546B8F812
S214022C880030614C13F4807F03D0237873BBFFF7C0
S214022C98E1FE002108461BF0B3FF5C4B1A78FF2AB8
S214022CA813D01A7802F0FF0632BBFF221A70237876
S214022CB8052B0AD10023284623701CF0BCFF304699
S214022CC818F0FBFB1CF0BCFF05462378504E062B7B
S214022CD809D13378FF2B06D03378022B15D1002181
S214022CE84C481CF0A7FDFF2333702BE000214FF45D
S214022CF880701BF059FFCCE71A78012A4FF0FF02C2
S214022D0814BF33264C261A70D4E7337813B13378B7
S214022D18012B22D11BF0E8FF07463E4896F80090A2
S214022D2801F0DCFBFF235FFA89F9337077B1B9F15A
S214022D38010F44D16421374884F800901CF07AFDCC
S214022D48FFF752FE28461CF076FF06E02846277054
S214022D581CF071FF384618F0B0FBB8F800301B06B6
S214022D6805D5002180201BF01FFF16F07DFD01F01F
S214022D78F1FA294E308000B32778012F42D11CF091
S214022D886DFC054610B301301DF0BCF800F4406037
S214022D98B0F5006F1AD10422394628461CF09EFB6D
S214022DA828441DF0AFF84FF6FF7398420ED1002064
S214022DB8318800F0FFFC00233380BDE8F883002347
S214022DC8284623701CF037FF3F20C4E7114801F05D
S214022DD885FB002108462170012500F09DFC23781A
S214022DE80BB9FFF737FE0020318800F0E3FC00231A
S214022DF83380002DE1D020780028DED1BDE8F843E4
S214022E0818F0A6BC0025EAE7A85E0020B0680020F5
S214022E18AF680020DC65002050570020525700207B
S214022E2808B513460A461946064B186817F033FEC5
S214022E3830B1BDE8084040F2F44103481CF084BFB4
S214022E4808BD00BF844F00200B9A040008B513463D
S214022E580A461946064B186817F017FE30B1BDE841
S214022E68084040F2FB4103481CF06EBF08BD00BF95
S214022E78844F00200B9A0400024B1878431E5842CF
S214022E8858417047A85E002008B5064B1B7823B148
S214022E9840F2255104481CF057FFFFF7DBFD0020DF
S214022EA808BD00BFA85E00200B9A040008B5054BB3
S214022EB801EB81011868490017F062FD002818BF67
S214022EC8212008BD844F002008B5044B1868F9F77E
S214022ED8B1FE0A2390FBF3F040B208BD844F0020EF
S214022EE8014B1878704700BFB268002008B5044B3B
S214022EF8186818F0F9F9B0FA80F0400908BD00BF62
S214022F08844F002038B5124D0C462B78012B04D975
S214022F1840F246510F481CF017FF21460020FFF7E3
S214022F28E5FF90B10C4B1C702B785BB9FFF792FD4E
S214022F380A4B93F900100A4BC901186818F03DFAB3
S214022F48002038BDFFF750FDF2E72120F9E700BF61
S214022F58A85E00200B9A0400B2680020AA5E002031
S214022F68844F002008B5074B186818F0BBF930B133
S214022F78054BB3FBF0F083B20BB1184608BD01202F
S214022F88FCE700BF844F002040420F002DE9F347BC
S214022F985C4E01201CF0D5FE3388990704D440F60F
S214022FA83F4159481CF0D0FEDFF8808198F800307F
S214022FB8053B012B04D940F6414153481CF0C4FE98
S214022FC8524F3B6823B940F644414F481CF0BCFEBA
S214022FD8348814F0200478D0012122201BF010FE39
S214022FE84FF47A74FFF7BEFF3B681B7809334343F6
S214022FF804EBC30498F80030A5B2062B0BD11CF0DC
S2140230083BFA0446FFF7AEFF602358430C2303FB44
S2140230180400284485B2D7F800903D4B99F8008002
S2140230281C7808F1FF381FFA88F8002C52D133882A
S2140230385A0505D409F101001CF064FFC0F34014D8
S2140230483449354A887812784B7812FB00F2334FA7
S21402305893423B70A4BF9B1A3B703B78CA78BD600C
S214023068934238BF13463B7013F0F6F9002833D064
S21402307813F0F0F9012814BF10250825254300236C
S214023088DFF8ACA00093802243464946DAF80000EF
S21402309817F0A8FC20B14FF43B611B481CF054FE05
S2140230A81F4BDAF8000019781E4B197033889B06F6
S2140230B814D52A461C4B009718F094F8C0B900207D
S2140230C802B0BDE8F0471CF03CBE214622201BF0A9
S2140230D897FD87E70024B3E72546D0E72A460F4B35
S2140230E818F07EF8014618B925201BF089FDE6E798
S2140230F8214626201BF084FD40F6F43102481CF0D7
S21402310823FEDCE7525700200B9A0400744F002077
S214023118AB5E00207D680020A55E00208C6500203E
S214023128B2680020B1680020784F0020A85E002010
S214023138844F0020184B10B51B889B0704D440F612
S214023148A66116481CF000FE154B1B78053B012BA2
S21402315804D940F6A76111481CF0F6FD114B1B680E
S21402316823B940F6A9610D481CF0EEFD00240E4B6B
S2140231780E4921201C701BF043FD014618B9BDE814
S2140231881040FFF703BF022804D12046BDE81040CE
S2140231981BF0CCBD10BD00BF525700200B9A04008E
S2140231A8A85E0020744F0020A35E0020553302005C
S2140231B8F8B55A4C23889A0704D54FF43E715848F6
S2140231C81CF0C2FD574801F089F91CF039FD238826
S2140231D805465B070DD54FF0FF3017F04AFC524BF9
S2140231E81B68C01AB0F5717F03D9002104201BF0B2
S2140231F8DBFC28464D4D1CF01EFD2B78042B32D1E5
S2140232081CF01EFD238806465F0708D545480021A0
S2140232181CF010FB3046BDE8F8401CF00CBD1CF054
S2140232280AFD1CF00DFD424B06461B78414F13B9AA
S214023238238859050FD50523012102202B701BF080
S214023248B3FCFFF777FF30461CF0F5FC3B68DA78EC
S214023258394B1A70F8BD386801301CF053FE8206E6
S214023268E9D50623E8E7062B4DD1344B1B78FF2B0E
S214023278F0D1334E13F0F2F83378002B3DD01CF021
S214023288DFFC238805465B0705D5264800211CF087
S214023298D1FA2846BFE71CF0CEFC3378013B3370E0
S2140232A81CF0CEFC0446012102201BF07DFCFFF731
S2140232B841FF20461F4C1CF0BEFC206801301CF063
S2140232C821FE00F44060B0F5006F13D12468012196
S2140232D8042220461CF002F920441CF013FE014684
S2140232E8184B04201A783378D21AD2B2BDE8F840BE
S2140232F81CF0D1BD4FF6FF71F2E740202B70BDE8F7
S214023308F84018F0DAB8012BA4D100232B700E4B24
S2140233181868FFF75DF93F20F1E700BF5257002013
S2140233280B9A0400DC650020704F0020A85E00207F
S214023338AB5E0020744F0020A45E0020AF68002019
S214023348A55E0020B3680020844F002008B50A4B0B
S2140233581A7882B9012210281A7004D040F69D61A4
S21402336806481CF0F1FC002120201BF01DFCBDE8DD
S2140233780840FFF70BBE08BDA35E00200B9A0400A8
S21402338808B5094B1B88DB0604D440F2C35107482C
S2140233981CF0DAFC102000211BF006FC044B18680F
S2140233A8BDE8084017F015BF525700200B9A0400D4
S2140233B8844F0020012208B5074B1146186817F0FB
S2140233C8F5FE00212C201BF01BFCBDE8084000215E
S2140233D80A201BF015BC00BF844F0020014B400892
S2140233E8185C7047AB68002008B513460A461946AB
S2140233F8064B186817F055FB30B1BDE8084040F692
S214023408E94103481CF0A0BC08BD00BF844F002059
S2140234180B9A040008B5044B186817F0C5FE013865
S21402342818BF012008BD00BF844F0020054B10B509
S2140234384C0022460146186817F090FA031B5842B9
S214023448584110BD844F002070B505461CF0F8FBA5
S2140234580E4B0F4E1B880446DA07357008D50D4BFF
S2140234680D4D1B78012B08D90121286818F01EF883
S2140234782046BDE870401CF0DEBB1BB112F0E2FF2E
S214023488C305F1D4317881F00101EEE752570020E6
S214023498AA680020A95E0020844F00200C4B10B5B5
S2140234A81B880446DB0711D5FFF77EFB094B84F021
S2140234B8010208211868D20017F032FA30B1BDE8C6
S2140234C8104040F6367104481CF03EBC10BD00BFE2
S2140234D852570020844F00200B9A040008B5044B6C
S2140234E80146186817F0E8FA003818BF012008BD28
S2140234F8844F002010B50A4C23787BB1FFF75AFF99
S214023508002104201BF050FB002102201BF04CFB7C
S21402351800232370BDE81040FFF79CBA10BD00BF19
S214023528A85E002038B5094800F0E8FC0024084DDB
S21402353895F84430E0B2834200D838BD05EBC000A7
S214023548043000F0DBFC0134F2E700BF285000200C
S214023558884F002008B5104602494822F9F7B0F805
S214023568002008BDE04F002008B505481CF060FDA5
S214023578014620B9BDE8084001481CF05BB908BD01
S214023588FC650020002238B51C4B15461C461A70EE
S2140235980132082A5D609D8043F8085FF8D1482208
S2140235A800211748F8F7FCFE4FF6FE73A4F86830B9
S2140235B86FF48033E365134B00211A88124B1868A0
S2140235C8F8F7EEFE114BC4E91255C4E9283584F81B
S2140235D8445084F85050656584F8A850E9F792FF7D
S2140235E8FF220B4B012118700A4B00201A70E3F7D2
S2140235F86BFA0020FFF7B8FF002038BD884F00207E
S214023608E04F00201E680020B46400200000FFFF80
S214023618AC5E0020015F002010B5AC24084B04FB0A
S2140236280030836C53B990F850403CB931B1C0E9C8
S21402363812122046FFF798FF204610BD2120FCE70D
S214023648884F0020AC2370B503FB00F5094E7319AA
S21402365893F850405CB9204610F0AAFC735D2046E9
S21402366843F002037355FFF77FFF204670BD012023
S214023678FCE700BF884F0020AC235843024A135C7D
S21402368823F0030313547047884F002070B516467C
S2140236981F4A04461278C2BBAC211E4D01FB0051DC
S2140236A88A6C92BB91F850203AB1022B2DD191F830
S2140236B84410072907D91C2026E091F84410072948
S2140236C8F9D8012B08D0AC2000FB0450CA00011D13
S2140236D80C30F8F7B7FE0021AC2303FB04F00024F5
S2140236E89DF8143000EBC1012944CB71049B8E80EF
S2140236F88B602B1893F84420204601328C7183F88D
S2140237084420FFF731FF204670BD0120FCE700BFCA
S214023718AB5E0020884F0020F8B5234B04461B7882
S2140237280F46002B3ED1AC23204D03FB0053B3F8C3
S214023738A03023B940F245311D481CF005FBAC22E7
S21402374802FB0452D2F8A46036B192F8A330394686
S2140237580020B2F8A020B047AC2300216343EA1841
S214023768A2F8A010C2F8A410482192F8A82001FBDB
S21402377802322A44D2F89820964213D0EB5C9B0772
S2140237880CD5AC226243AB5C204623F0020343F01E
S2140237980103AB54BDE8F840FFF7E6BE10F02AFC7A
S2140237A80028EED1F8BD00BFAB5E0020884F00208F
S2140237B8629A04002DE9F04F89B0059008460D4636
S2140237C81BF04CFF044618B9212009B0BDE8F08F5B
S2140237D828461BF05FFFC0B20838215C221892F810
S2140237E802A00491D1785268277803920022B4F88E
S2140237F80130ADF81E20434A029192F800B0BBF1A0
S214023808000F08D0404B1B681BB120464FFA8AF2BD
S21402381898470020D9E703F00703022B70D001343B
S2140238280922594620461BF059FE023F3F1A3B061C
S21402383806465FFA87F8C7D4344FD7F89090B9F19E
S214023848000F27D100210DF11E0B434622460846DB
S214023858CDF800B010F0E4FAC3B20546002B4BD1FF
S214023868BDF81E0017F06DFEE0B9BDF81E0017F091
S21402387864FF8146BDF81E0017F063FEF0B906EB3A
S214023888080201232146584692B200F07BFDD0B1C9
S21402389819209AE75B465A4601212846C847002857
S2140238A8D0D191E7D7F89430BDF81E00002BDCD0B3
S2140238B8A11998470028D8D1022086E742464846EA
S2140238C8A119F8F7FDFEBDF81E001BF0C7FE029B05
S2140238D8059A0372049B80F809A08372039B1BBA9D
S2140238E8C360AC2303FB027393F85020BDF81E0096
S2140238F822B1DB6C03B19847E8B266E7BB6FF9E71B
S214023908012062E7AB5E00206C4F0020884F002043
S2140239182DE9F84308460F46164602F1010917F044
S21402392811FF8046384617F005FE042856D1384659
S21402393817F024FE48F661054FF6FF7248F6410373
S214023948294C904208BF1D46B4F85C10301D1CF086
S214023958DBFA384617F012FE0146B01D1CF0D4FA00
S214023968B4F85E1006F108001CF0CEFA06F10A0456
S21402397838460DF067FF10B145F01005ADB229467E
S21402398848461CF0C1FA384617F0D7FE42460146AA
S2140239982046F8F795FE384601211BF097FE444468
S2140239A8074660B11BF076FE054638461BF056FE03
S2140239B8EDB201462A462046F8F782FE2C440B4A08
S2140239C8A41B13780134591C1170F37034703046F6
S2140239D8BDE8F843092201211BF080BD48461CF0C9
S2140239E891FA4C460546C3E7884F0020AC5E002095
S2140239F8AC2210B548245043094B1A1892F8A8105E
S214023A0804FB0100034493F87700022806D092F8D4
S214023A1850301BB9032818BF012010BD0020FCE750
S214023A28884F002070B508B1012070BD234C94F869
S214023A38A850002DF8D12946B4F85C20FFF706FAFC
S214023A4829462846B4F85E20FFF7EAF929462846AA
S214023A5804F16002FFF7C8FC94F87730002BE3D035
S214023A68284694F85860FFF73BFA864215D100209C
S214023A7894F95A50FFF728FA854216D10020FFF724
S214023A88B7FF044600201BF0DFFC0028CDD02146F5
S214023A98BDE870400020FFF7F7B9284694F858109A
S214023AA8FFF730FA0028E2D0BFE7002094F95A1050
S214023AB8FFF7FCF90028E1D0B7E700BF884F0020DF
S214023AC80346AC2010B51446164A00FB032292F8A9
S214023AD8770002280CD1E07F022809D141B11249A9
S214023AE80978012913D992F85810227891420ED1F2
S214023AF818462178FFF7FAF990B1482221460B4872
S214023B08F8F7DEFD00201BF09FFC08B9002010BD68
S214023B18044B93F8A8000028F8D1FFF783FFF5E7CF
S214023B282120F4E7884F002083680020E04F002019
S214023B3838B5AC230D4C054603FB004300205A6DEE
S214023B48D86483F8500012B15865FFF719FCF5F7E8
S214023B58C1FBFF281EBFAC2303FB054484F8A8005C
S214023B680020FFF75FFF002038BD00BF884F002007
S214023B787FB51D4C94F8A83023B1002084F8A8001D
S214023B88FFF750FF94F85A30B4F8A0608DF80F305B
S214023B9826B940F2FD2115481CF0D6F8144B3146DA
S214023BA81D6800202A46FFF7B3FEE46F02469CB162
S214023BB80DF10F0301930023294630460093A047D0
S214023BC802462C7854B920462146FFF7A5FD204622
S214023BD8FFF7CAFC04B070BD0122F2E729460020AE
S214023BE8FFF706F8F6E700BF884F0020629A04003F
S214023BF8B464002038B5494B1C78002C58D1484884
S214023C0800F06CFC20461BF01FFC002850D0454CE8
S214023C182378D90733D594F850201AB123F0030332
S214023C28237045E023F00103237010F0CBF92378C4
S214023C3805469A0701D510F0BBF9294600200FF071
S214023C4853FF40B92378284643F001032370BDE8A2
S214023C58384010F0ADB90023482284F8A33094F80F
S214023C68A83084F8A25002FB0343D3F89830A4F88D
S214023C78A000C4F8A430BDE83840FFF779BF94F82E
S214023C884400B0B104F1A003251D95E8030083E8BB
S214023C980300FFF76DFF94F844202846D20004F18B
S214023CA80C01F8F7CFFB94F84430013B84F8443013
S214023CB838BDA26C62B99B0711D52378002023F081
S214023CC8020343F001032370BDE83840FFF74CBCFB
S214023CD80123A06484F85030904723789EE710F0BA
S214023CE889F90028E9D194F8A83073B1F5F7F2FA01
S214023CF894F85030002BDBD1FF2818BF84F8A800B0
S214023D08BDE838400020FFF78DBED4F88C30002B73
S214023D18ECD098470028CBD1E8E700BFAB5E00207E
S214023D28FC650020884F002070B5044600201BF072
S214023D388BFBAC235C430B4E351995F850300BB110
S214023D48002070BD0028FBD007481CF071F9002837
S214023D58F6D1335D002BF3D195F84400B0FA80F023
S214023D684009EEE7884F0020FC65002010B5084A97
S214023D78034617F0F5FC14684FF6FF7203EB400390
S214023D889C42184603D9018802339142F8D010BDE6
S214023D98445000202DE9F047204F05463B88A3B340
S214023DA8B0F90230002B30DBDFF87C801C49D8F8EB
S214023DB80000F8F74BFD20B94FF4EA7119481BF0DA
S214023DC8C3FF0026DFF85CA0DFF860903A88B3B23B
S214023DD89A4204D84FF4EB7150461BF0B5FFD9F857
S214023DE80030B2B253F83200D8F8001003EBC2041F
S214023DF868B943F83210A38828460133A38017F01F
S214023E08AFFCE38803EB4003E380BDE8F087F8F7EE
S214023E181DFD01360028D9D1EDE700BF5457002012
S214023E282F9A0400399A04001C6600203850002095
S214023E3838B5094C094D22682B689A4204D94FF4C2
S214023E48877107481BF080FF28682368C01A20F08D
S214023E58010080B238BD00BF445000204C500020FC
S214023E68399A040038B5124C124D21462846F5F701
S214023E78B7F823680BB12B681BB9DE210E481BF076
S214023E8863FF2A680D4B0E491A60236823F0010364
S214023E9813440B600B4B1A602AB9BDE83840F82168
S214023EA805481BF051BFFFF7C3FF6428F5D938BD94
S214023EB83C50002040500020399A04004850002008
S214023EC84C5000204450002038B5094C094D226851
S214023ED82B689A4204D34FF48A7107481BF034FFC2
S214023EE828682368C01A20F0010080B238BD00BFD7
S214023EF8485000204C500020399A04002DE9F04121
S214023F081D4B04461B78012B24D100881BF088FB26
S214023F180546D8B10426DFF864802C461BF090FECE
S214023F2807462046FFF736FF638843EA080363809E
S214023F38A05B1BF075FB044638461BF07CFE1CB1E2
S214023F48B4F90230002BE9DA062E01D1BDE8F08179
S214023F580626E2E7022BF9D11BF072FE02462088FB
S214023F681BF05EFB18B10388C3F30E0323801046CA
S214023F78BDE8F0411BF05FBEAD5E00200080FFFF8B
S214023F882DE9F04F0024BA4B97B006461C801BF06A
S214023F9857FE0123DFF8EC82B64F3B70B8F80030C4
S214023FA8A8F80040ADF81630B34B1B6801931BF017
S214023FB842FEB24B21461A88B14BD2001868F8F76F
S214023FC8EFF90DF11600FFF799FF002E3CD1DFF846
S214023FD8B8924FF0000B0125D9F80040019B9C428D
S214023FE839D3BBF1000F39D1002DF2D0D9F80040F1
S214023FF8DFF898A225462246019B9A4273D30223EB
S2140240080DF116003B70FFF779FF002E40F08F8007
S214024018D9F800603246AA4280F0A28090881BF047
S214024028FFFA18B10388C3F30E039380D0881BF0F7
S214024038F7FA18B10388C3F30E03D3801046FFF7C6
S21402404895FE0246E7E79847E3B256F8233001346E
S214024058002BF8D1BBE7BBF1000F3ED00BF1FF33C4
S2140240685FFA83FB16AB03EB8B0252F8402CB2F9CD
S214024078020051880028B1DA4B04AFD4924641F4C4
S2140240888040931D2AF8020F02933AF8020F1BF09B
S214024098C7FAF0B1B0F902E0B0F802C0BEF1000FFC
S2140240A817DB6FEA4C4C6FEA5C4CA0F802C0039030
S2140240B8FFF770FEBBF10F0F8FBF002516AB039AF2
S2140240C803EB8B009EBF0BF1010340F8402C5FFA0E
S2140240D883FB029B9A45D8D180E72046FFF746FE27
S2140240E822460446C3E7104617F03AFB8346B2F95F
S2140240F80200118800280AEA010108DA20461BF0A5
S21402410885FA084381B204EB4B0402EB4B051046D2
S2140241181180FFF72BFE02466EE798475FFA8AF38E
S21402412856F823300AF1010A002BF6D170E74FF051
S214024138000AF3E73046FFF719FE82467EB1B6F963
S21402414802307188002B0ADA3088C0F30E001BF0A2
S21402415867FA864203462DD1C1F30D017180564691
S214024168AE42E7D3DFF81CA11BF06AFD0021064623
S214024178504617F058FB1BF053FA0546002800F085
S214024188878030461BF057FD284617F0E9FA0646A0
S21402419820461BF03BFA81467600324629462046E0
S2140241A8F8F750F9002249460DF116001BF018FFE1
S2140241B83444D9E71BD9304617F0D2FAC1F30D01B9
S2140241C8420071801846314692B2F8F73BF9C6E7C4
S2140241D85046FFF7CBFDD146854203D9B0F90230E7
S2140241E8002B01DA824603E0FFF7C0FDF4E7B1468A
S2140241F8554507D9BAF80000C0F30E001BF010FAAE
S2140242088245E5D3B9F1000F30D0B9F80000C0F303
S2140242180E001BF005FA034638B93346CB469945D5
S21402422813D8B1459BD0D946ECE7484617F098FA1A
S214024238B9F802204946C2F30D02A9F80220420044
S21402424892B21846F8F7FEF8E7E718460193FFF722
S2140242588DFD019B9B46854203D9B0F90230002B9F
S21402426801DA0346DBE7FFF781FDF4E7CB46DAE738
S21402427856570020AD5E00204450002054570020B8
S2140242883850002058570020485000200080FFFF72
S214024298BDF816303870A8F80030044B30461C605B
S2140242A81BF0C9FC17B0BDE8F08F00BF44500020D1
S2140242B82DE9F04105461BF0B3F90F460446D8B17E
S2140242C81BF078FE20B940F2FB4120481BF03CFD6B
S2140242D828461BF0DFF905462046FFF747FDBD4294
S2140242E8064609D004D840F2035118481BF02CFDA4
S2140242F82588ED0B02D02781BDE8F081678020462D
S21402430817F02EFA074604EB40081BF099FC104BF0
S2140243181A68B2420AD1C3F800801BF08CFC2A46FF
S2140243284046BDE8F041FF21F8F73AB8A6EB080682
S214024338B5B21BF080FC072DF1D90023083D44F8DE
S2140243481730C8F80430A8F80250D5E7399A04009E
S2140243584450002038B51BF073FC0021054604487B
S21402436817F061FA044628461BF065FC204638BD5D
S21402437858570020024B1888B0FA80F04009704758
S214024388585700202DE9F74F044600881F461BF0B1
S21402439847F98846154606461BF00CFE20B940F239
S2140243A8FE613F481BF0D0FC3388DB0B009306D037
S2140243B833892B443381002003B0BDE8F08F208870
S2140243C81BF068F982463046FFF7D0FC01901BF0D6
S2140243D837FCDFF8D0B0019BDBF8002081469A4212
S2140243E81DD1FFF725FDA84204D248461BF023FC40
S2140243F81A20E1E70AEB050373803FB120881BF019
S2140244082DF92A4641465044F8F75AF93046FFF73E
S214024418ADFCCBF8000048461BF00DFCCBE71BF0C2
S2140244280AFC20881BF036F92844009980B21BF053
S21402443889F906460028DBD01BF010F98146208849
S2140244481BF00CF9824620881BF024F951460246D6
S2140244584846F8F735F93046AFB11BF0FFF807467D
S21402446820881BF017F92A4641463844F8F728F9F7
S214024478012120881BF02AF90121024630461BF04A
S21402448839F9268097E71BF0E9F8804620881BF062
S21402449801F92A4639464044F7F782FFE8E700BFA3
S2140244A8399A040044500020342101481BF04CBCC1
S2140244B84D9A0400036910B55BB18268064B9A42AE
S2140244C801D1002010BD44691BF037FC201AF9D52B
S2140244D8F7E74FF0FF30F5E7B144020082681C4B5D
S2140244E870B59A420446056819D11BF0A9FB2369E0
S2140244F823B1A34206D100222A601A61BDE87040A1
S2140245081BF099BB1A4611461269A242FBD12A68C9
S214024518A24208BF29600B6100232361EEE7036904
S21402452893B198426E6803D19D210A481BF00CFC91
S2140245382B46B44209D122699D4218BF1A614FF030
S214024548000308BF6A60236170BD33463669F0E728
S214024558B14402004D9A04002DE9F04707460025AB
S2140245684FF0010A154EDFF858808AB0347914B92C
S2140245780AB0BDE8F087D6F8009087B900972A46B1
S214024588B8F80010234603A81BF0C1FD2246484689
S21402459803A9E9F799FC2544EDB20836E6E7224670
S2140245A803A94846E9F764FCCDF800A023462A4644
S2140245B8B8F8001003A81BF0AAFDECE7B4FC040048
S2140245C85A5700200148FFF799BC00BF5A570020E7
S2140245D89C46174BF7B5054608461988164611B184
S2140245E8144B1C78CCB1014662463046BDB103B0C6
S2140245F8BDE8F040E9F73CBC1C44E4B208373B7916
S214024608002BF0D03A689642F6D185F0010522468C
S21402461800951BF07CFD03B0F0BD074FEFE7E9F706
S21402462853FCB0B203B0BDE8F04015F021B900BFA4
S2140246385A570020B4680020B4FC040010B5074C92
S214024648238843B10020FFF787FF0020FF22044B90
S21402465820801A7010BD0220FCE700BF5A570020BF
S214024668B4680020142810B518D8082805D115F003
S21402467878F9C401E4B2204610BD0E2802D115F01E
S21402468873F9F6E7064B53F82040002CF3D00A28B5
S2140246982478F0D107F0C2FB0443EBE7FF24EAE7ED
S2140246A804FD0400014BB3F868007047884F0020E9
S2140246B800487047F24F0020014B1878704700BF39
S2140246C8215E0020014B1878704700BF245E002048
S2140246D8014B1870704700BF245E0020204B02284A
S2140246E810B5204C187002D00438012822D8237836
S2140246F8042B0BD000211C481BF09CF82378033BA4
S214024708012B03D9002119481BF094F8184B1B6893
S2140247189A0022D513F0805F40F6114418BF4FF472
S2140247284164204615F0D2FCC8B92046BDE81040C0
S21402473815F09CB80C48FFF7D1FE0C48FFF7CEFEE2
S21402474817F0EAFA2378033B012B03D815F0B8FCD6
S2140247581624E6E70DF0BAFFFAE71524E1E710BDDE
S214024768285E0020295E0020406600203C42002089
S214024778D0420020024B187800F00F00704700BFA6
S214024788285E0020034B187800F00F00831E58425C
S21402479858417047285E002008B517F0A8FAC0B13D
S2140247A817F0BEFAA8B10FF01BFD90B90A4816F02A
S2140247B8F1FF70B1094816F0EDFF50B115F0D9F8BF
S2140247C838B115F085FC20B9BDE80840044817F052
S2140247D8A4B8002008BD00BF5C57002090570020F0
S2140247E85050002030B505460C4693B081B910B932
S2140247F8002013B030BD1023214A69460120FFF776
S214024808E7FE9DF805305A1E052A28D91720F0E734
S214024818182200212046F7F7C3FD002DEBD1FFF73B
S214024828B1FF30B314F04DFF6A4601460020FEF78A
S21402483891FEBDF80430204623819DF80230A3720B
S2140248489DF80030E37217F030FC002304F11401DF
S214024858237304F1100004F0F7FDE081C8E7094A63
S2140248689DF8041012789142D0D12B70002CD6D124
S214024878BEE7054B1B78033B022BD3D9C6E700BF1E
S21402488864EE01008A680020285E002030B593B0E6
S21402489805460C46FFF776FF20B90C4B1B78033B00
S2140248A8022B10D814F00DFF6A4601462846FEF77A
S2140248B851FE00209DF80230607023709DF800308B
S2140248C8A37013B030BD1720FBE700BF285E002098
S2140248D8054B1878012805D000F0FD00A0F1310339
S2140248E858425841704700BF285E00202DE9F34120
S2140248F80E46002105461BF06DFB0023124FADF84D
S21402490806002B800DF1060016F044FF044610B18F
S21402491802B0BDE8F08121460DF1060016F083FFCD
S21402492880461AF09BFE438AB34207D99B1B4382F2
S2140249382246414628461BF053FBE3E743895B07BA
S214024948E0D53B88F3E700BF2068002008B50A4890
S214024958FFF7C4FD09484FF47A71FFF7C7FF074807
S21402496816F018FF30B9BDE808404FF47A710248CD
S2140249781AF060BF08BD00BF206600202E6800201F
S2140249881FB50146002201A81BF024F8064801A913
S2140249981BF083FB20B11AF061FE4089C0F3400089
S2140249A805B05DF804FB00BF2E68002030B585B060
S2140249B80D460022014601A81BF00CF8084801A97A
S2140249C81BF06BFB50B11AF049FE0446014608225A
S2140249D82846F7F737FD6089C0F3400005B030BDBA
S2140249E82E68002010B5044C204616F00AFF63888D
S2140249F8181A80B210BD00BF2E680020F8B505460A
S214024A08F8B100210F481BF0E5FA0446A8B10D4F8D
S214024A1820461AF023FE06461AF0C8FF830705D476
S214024A28082229463046F8F707F838B121463846AC
S214024A381BF0F4FA04460028EAD10024201E18BF08
S214024A480120F8BD2E68002010B50C46014606481F
S214024A581BF023FB30B11AF001FE43891C4214BF37
S214024A680120002010BD00BF2E6800201FB5144686
S214024A78024601A81AF0AEFF074801A91BF00DFB73
S214024A8840B134B11AF0EAFD142201462046F7F77F
S214024A98D9FC012004B010BD2E6800201FB50146BF
S214024AA8002201A81AF096FF094801A91BF0F5FA98
S214024AB858B11AF0D3FD4389024613F0020004D017
S214024AC8507B80F00800C0F3C00005B05DF804FB18
S214024AD82E6800200146014816F0B9BF2E6800204D
S214024AE8F8B504460E46142000211AF02BFE054699
S214024AF8204616F086FE6388834225D925B33146BA
S214024B08204616F0A4FF08BB28461AF0A7FD07465B
S214024B180A223146F7F796FC082206F10A0107F13F
S214024B280A00F7F78FFC0A4B1B887B82238823B977
S214024B384FF47A7107481AF07DFE2046002229466D
S214024B481BF04EFA0020F8BD1C20FCE72E20FAE7E0
S214024B58206800202066002010B5044686B0B0B152
S214024B681AF024FF10F0020011D1CDF80E00616889
S214024B78CDF81200ADF81600206801AB03C32289EF
S214024B88044801A91A80FFF7ABFF06B010BD212022
S214024B98FBE700BF2E680020F8B50D4616461F46EE
S214024BA8044648B31AF002FF30BB2046FFF792FFCE
S214024BB8E0B1214611481BF070FA1AF04FFD4389FE
S214024BC805734673877343F002032189438120469F
S214024BD801F0F2F9FF28044606D001F0F3F818B1FE
S214024BE80022074B43F82420002004E02046FFF763
S214024BF8B3FF0028DDD0F8BD2120FCE72E68002090
S214024C080C400020F7B59DF824400D4601949DF807
S214024C182040064600941F460DF076FC4FF6FF71BC
S214024C288842044610D0BB0711D4284600F0CCFFB1
S214024C3820461AF033FFFF281FBF084A32F8103002
S214024C4823F4804322F81030204603B0F0BD024613
S214024C582946304616F002FFEAE700BF2057002032
S214024C6873B50E46014614481BF017FA0546D8B126
S214024C781AF0F4FC43890446334012D09B0736B236
S214024C880BD5002E09DAA17B437B0289007B0191B2
S214024C98012100912146FFF7B5FF638923EA06033F
S214024CA86381628912B1012002B070BD29460248AA
S214024CB816F0D8FDF7E700BF2E6800200148FFF778
S214024CC81DB900BF2E6800201FB50C460B4A0146C8
S214024CD801A81AF07FFE01A8FFF7FCFE60B101A941
S214024CE807481BF0DAF91AF0B9FC03682360436830
S214024CF80020636004B010BD2D20FBE772FD04009F
S214024D082E68002013B53E4C11F0ADFFD4F8FC31E6
S214024D181020C3F307430193FFF7A4FC000650D5FF
S214024D280020FFF79FFC01064BD5019B802B3ED146
S214024D38236A9A0704D440F61544204602B010BDEA
S214024D48E3699B07F7D52F4816F06BFA012016F091
S214024D58CFFB11F09BFF04460028EED100F086F93F
S214024D68294816F0B4FD00F0F1F9E8F7CBF911F08E
S214024D7879FF0AF0F1FC0AF043FDF4F78DF9F4F72F
S214024D8841FAF4F75BFA04F003FD14F0ECFD14F0B4
S214024D98EDFD15F0A0F91D480CF00CFC07F092FE8C
S214024DA815F058F90028C8D015F056F9C5E7019B42
S214024DB8812BC0D1D4F80C315B00BCD5D4F80C31A9
S214024DC8BFE71020FFF74EFC0006BCD40020FFF712
S214024DD849FC0106B7D5019B802B05D1084B1A6AF8
S214024DE8D207A8D5DB69ACE7019B812BA3D1044B7C
S214024DF8D3F80C21002A9EDAD3F80C31A1E700BFBB
S214024E080080E00F690345EC5050002089490200F3
S214024E1810B516F07EFF70B301F0B8FB80F00104FF
S214024E28E4B20020FEF7F6FA44EA800424B216F04A
S214024E385EFF10BB0220044316481BF0F9F844EA4A
S214024E48401415481BF0F4F824B244EA0014134838
S214024E581BF0EEF824B244EA801411481BF0E8F876
S214024E6824B244EA40240F481BF0E2F824B244EA8B
S214024E78C02080B210BD0124D3E70B4816F08AFC86
S214024E880028D7D0094816F085FC80F00100C0B289
S214024E984000D0E78066002064670020D4420020E5
S214024EA8E4660020446700205C57002090570020E4
S214024EB808B501F047F90EF0DFF8FDF7D9FE1548F8
S214024EC816F068FC08B906F065F9134816F062FC95
S214024ED808B907F0E1FD03F059FC0CF01DFD0F4878
S214024EE816F027FD0E4B1B78043B022B09D80D48FB
S214024EF81BF09EF828B1FFF78BFF102801D109F0A6
S214024F087DF914F038FD16F0B7FDBDE808400648EE
S214024F18FFF736B85C570020905700205050002004
S214024F28295E0020646700207CFD0400014B186897
S214024F38704700BF844F0020F8B54FF6FF77104B36
S214024F4806461B780C46033B012B0F8009D83046D1
S214024F580AF0BAFC4FF6FF73984220800ED0002063
S214024F680DE00CF023FEB84205462080F7D1304605
S214024F7800F002FDA8422080F1D1E8E72D20F8BD16
S214024F88295E00204FF6F77370B5984204460D4620
S214024F9886B05AD816F071FDA04207D108222C49CD
S214024FA82846F7F74FFA002006B070BD294EB6F825
S214024FB86830A3420AD10022082106F16A0016F0D8
S214024FC8EEFC18B9082206F16A01E9E7ACB1224BF1
S214024FD81B78033B012B1AD80023012219462046C8
S214024FE800930AF01BFBFF2823D1294620460AF025
S214024FF8BFFC80F00100C0B2D6E7184B1B689B07BF
S214025008E5D4284608F0DCF90028E0D0CBE72046AD
S21402501800F06AFFFF2806D129462046FFF754FE0D
S2140250280028D9D1BFE7294600F080FF0028F3D030
S214025038B9E702A917F04FFF0028D6D1DDF80D30E0
S2140250482B60DDF811306B60ADE70120ACE700BFDE
S214025058AE5E0020884F0020295E0020D042002045
S214025068014B1870704700BF8A68002010B5054CBF
S214025078082221460448E8F7FBFE204616F037FDCC
S21402508810BD00BFAE5E002034B608C000487047A8
S214025098AE5E0020082208B50349F7F7CDFCB0FA41
S2140250A880F0400908BD00BFAE5E0020014B1870B4
S2140250B8704700BF1C5E0020074B44F6FF701A7844
S2140250C840F6FF73012A18BF1846044B1B780BB12B
S2140250D840F40040704700BF295E00201C5E002096
S2140250E8F7B50D46044616461F460021284601F027
S2140250F8F1FF0B4B002183F859402A4633462046D7
S21402510800970EF0AFFC014630B10222204603B0EB
S214025118BDE8F04000F006B8012003B0F0BD00BFBD
S214025128884F002013B513460C461AB1022A0CBF44
S214025138134601230021044A019100922246FEF7F3
S214025148A5FA02B010BD00BFFDBD030000B50020E1
S21402515893B0FEF717FA1E4B18880CF031FA1D4B5F
S2140251681D491A7800200EF0A1FD34220021684657
S214025178F7F716F90B238DF800306FF48033019396
S2140251884FF6FE73ADF8103003238DF81D30134B1F
S214025198134A0893134B10680993134B51680D93DF
S2140251A8124B6A460E93124B0F93124B1093124BE6
S2140251B8119302AB03C300210846FEF781FC6A4638
S2140251C801210020FEF77CFC13B05DF804FB00BF4B
S2140251D8186800209D680020F0A90400FD5502000A
S2140251E8AE5E002099BB0300758E0200A55702002A
S2140251F875A50200FDBD0300C5880200014B18789C
S214025208704700BFB65E0020014B1888704700BF83
S214025218326800202DE9F74F814610460E46904622
S2140252281AF070FEDFF840B105469BF8003033B935
S2140252384A4B1B681BB94A4B1B68002B7FD015F4D8
S214025248406A05F040071BD19FBBB5F5804F61D277
S2140252584FF48074B9F1400F73D0B9F1800F63D060
S214025268B9F1100F6BD100239BF800003D4AD9B262
S214025278884264D932F8021B0133A142F7D166E0AC
S21402528808F103001AF03EFE4FF6FF73984214BF69
S2140252980124022487B1052705F44043B3F5004FDD
S2140252A844F0080425D0B5F5804F24D244F480741F
S2140252B821E054460327EFE7B5F5804F4FF0050780
S2140252C8F4D3BAF5406F14BF02200820384440448D
S2140252D81AF018FE019016F0EDFB019B05F4404506
S2140252E898420CBF44F0080444F00404B5F5004F95
S2140252F801D144F08004BAF5006F0FD108EB07001D
S2140253081AF000FE054616F0B8FBA842A2D144F0F1
S21402531810049FE7544603270220D7E7BAF5406FE2
S21402532808BF44F0200495E70C4B1B683BB10022EB
S214025338D1B233F8110033F91110002903DA00202C
S21402534808E0074BF1E7A04202F10102F0D106B1EC
S2140253583480012003B0BDE8F08F00BF6050002003
S21402536864500020BA570020FE5E0020034B1A78CD
S214025378022A04BF09221A70704700BFB75E0020CF
S2140253880C22034B1A211A700320002202F024B8BA
S214025398B75E00200C2208B5054B1A211A700022A7
S2140253A8104602F019F80022024B1A6008BD00BF28
S2140253B8B75E00206C5000200C2270B50D4B0546D7
S2140253C81E781A7030B93046BDE8704000221A219D
S2140253D802F002B8084B1C78E1B21A29F3D825FA6B
S2140253E804F3DB0703D54422304601F0F5FF013407
S2140253F8F2E700BFB75E0020B66800200C22024B18
S2140254081A7014F05EBE00BFB75E0020F0B50C88B6
S21402541805460E468BB0E4B94FF6FF77ADF8247012
S21402542814F062FE10B902200BB0F0BDCDE90340BD
S214025438CDE90544134A0294B2F85C30603201930F
S21402544800923B464CF60101FF2009AA18F08CF898
S2140254583080284616F0A7FC0B4C70B1237863B14F
S214025468013BDBB22846237016F09DFC38B1207843
S214025478B0FA80F04009C0B2D6E70523F2E7012069
S214025488F9E700BF884F0020B5680020034B114695
S2140254981B6803B1184714F0A7B900BF6C50002068
S2140254A80C22024B1A700AF0F1BC00BFB75E00204D
S2140254B80148FEF723BD00BF5E5700207FB50546AC
S2140254C80C4616461AF09AFB00286BD1062D03D80E
S2140254D85223EB40DB071AD4B4F1006F05D3E30E70
S2140254E81C3B032B18D94F202EE000222F4B1A60A4
S2140254F82F4B1D7016F07CFA03460A2D54D8DFE8A7
S21402550805F02D183E49182518535341360002F067
S2140255183BFCB4F1006FE2D20022244B042D1A6041
S214025528234B1D70E6D1022001F02EFC16F060FA1D
S2140255380346012202921F4A01921F4A00921F4AFC
S214025548314620460EF088FE04B070BD314620462D
S2140255581B4A04B0BDE870400EF066BE31462046CF
S214025568184B194A04B0BDE870400EF041BE00223E
S2140255780292164A0192104A0092154AE0E702225F
S2140255880B4B1A7000221046124904B0BDE8704050
S214025598FEF742B8002202920F4A0192064A009289
S2140255A80E4ACDE74D20CFE70120CDE76C5000200C
S2140255B8B75E0020C1530200FD550200E9BD030094
S2140255C8A95402009D530200955402000554020095
S2140255D8155402007553020089530200ABBD03003E
S2140255E808B50EF069FE0C22014B00201A7008BDA1
S2140255F8B75E0020F0B585B0ADF8060018B976217A
S21402560864481AF0A1FBBDF8060015F093FF04469D
S214025618BDF8060015F08EFF082846D00C2CBDF8FB
S214025628060042D116F089F807461AF06BFC0DF10F
S2140256380F010646BDF8060014F07EF9002879D058
S21402564809220021384619F049FF9DF80F30103319
S214025658C518BDF806001AF01DF8EDB2854269D2E3
S2140256682946BDF806000EF035FF06F44C4416F43B
S2140256784066054614D0F81C1AF044FC4FF6FF7331
S214025688984208BF44F04004B6F5006F08D1781D6A
S2140256981AF038FC4FF6FF73984208BF44F010041D
S2140256A89DF80F305BB3072D44D1BDF8060015F000
S2140256B837FF0446BDF8060015F03CFF082817D049
S2140256C8A30615D524F0200189B2BDF8060015F008
S2140256D812FFBDF8060016F030F80021092219F06C
S2140256E8FDFE00F1100189B20DF1060018F065F80A
S2140256F80022BDF8061028481AF072FC1AE0082D97
S21402570816D8BDB1013D072D14D801A353F825F0CC
S21402571875570200815702003D57020041570200A2
S2140257283D5702008D570200B356020093570200F7
S2140257387C2D24D005B0F0BD24F48844A4B2B4F578
S214025748084FF7D1BDF8060015F0EFFEBDF80610B3
S2140257580BF0D0FF0028A8D0BDF8060015F050FFC1
S2140257680022014602201AF096FBE3E724F480643E
S214025778A4B2B4F5484F97E7B4F54C4F94E7B4F59E
S2140257884C4F92D04CF6500301E04CF640439C42F4
S2140257988AE700BF5B9A04005C5700202DE9F743AE
S2140257A80F4690469946064619F058FF0446304674
S2140257B819F070FFC5B2083D2C44E178094BA2786F
S2140257C81970094B31461A70002043463A46CDF8FE
S2140257D8009011F0FDFE003818BF012003B0BDE8A6
S2140257E8F08300BFDB5E0020DA5E00202DE9F04F72
S2140257F8DFF84081DFF8409198F8002099F80030E9
S21402580806469A4285B004D340F2191142481AF065
S2140258189BFA30460DF10F011AF0F4F820B14FF456
S2140258288E713D481AF090FA98F800709DF80F406D
S2140258383D1B15F0FF0530D04FF0FF3C374B0121DA
S2140258481B78A140184699F800304FF6FF790CFAF3
S21402585803FC0023324A01F1FF3E0193C1F1000A1C
S2140258689DF80430984243D8122004FB00002D4BC2
S214025878A0F1120105EBC5025200194404F1010910
S2140258881844F6F7DFFD4FEA89092748A9F104010B
S2140258980144AA004844F6F7D5FD224904EBC4029F
S2140258A801EB420321F81260204A013712784FF6BC
S2140258B8FF71DA731A745A7412025A801C4A0D203F
S2140258C812781A7110225A7100229A73C3F80620A7
S2140258D8C3F80A20144B43F8242088F800701AF0FC
S2140258E8DAFA0EB908F05CFF204605B0BDE8F08F7C
S2140258F813884B450AD053680AEA030B03EA0E03D9
S2140259080B4403EB4B0343EA0C035360019B083238
S21402591801330193A4E700BF6E9A0400976800203B
S21402592868400020105500200C400020DB5E002056
S214025938B85E0020225E0020956800202DE9F0411E
S214025948074600250A4B0B4E93F80080ECB2A0459A
S21402595803D8FF242046BDE8F08108223846B11D48
S214025968F7F76AF801350028F4D01236EEE700BFDA
S214025978225E00201055002008B5FFF7DFFFFF283B
S2140259881DBF00B2044B00EBC0004FF6FF7018BFF5
S21402599833F8100008BD00BF1055002007B50DF1FA
S2140259A807011AF02FF830B19DF80730034803EBC9
S2140259B8C30300EB430003B05DF804FB1055002058
S2140259C82DE9F843294E044633785D1E2D1A834284
S2140259D8EDB204D84FF4A17125481AF0B5F901239F
S2140259E8A3404FF0FF305F1E3B4400214FF6FF7E78
S2140259F86FEA03081F4A92F800C01F4A12789040BE
S214025A081E4ACBB29C4523D8BDB127B204EBC404C8
S214025A181B48640005EBC50204F11201014452005A
S214025A282044F6F70FFDBF001648AA00391D0144A8
S214025A3802F0FC023844F6F705FD33780022013BF3
S214025A4833704FF6FF71BDE8F8430E201AF023BAFA
S214025A581388734507D0536808EA03093B4003EBEB
S214025A6859030343536008320131CAE7225E002015
S214025A786E9A040097680020956800206840002007
S214025A88105500200C40002010B50A4C207858B952
S214025A98094B1B781A2B03D9992108481AF054F98E
S214025AA80322074B1A7010BD0138C0B2FFF788FFF1
S214025AB8ECE700BF225E0020956800206E9A04007C
S214025AC81E5E00202DE9F04705461AF0FCFAFF286C
S214025AD8044624D1DFF884901E4B99F800201B78E0
S214025AE89A422BD22846BDE8F047FFF77FBE388891
S214025AF83B79504518D86F2B4FEA131214D85B0718
S214025B0810D0123708F1010899F800105FFA88F6E3
S214025B18B142ECD80023104ADEB28E4214D3204695
S214025B28BDE8F087022AECD90DF0E2F90028E8D1A0
S214025B3829463046BDE8F04716F076B94FF0000819
S214025B484FF6F77A044FDFE7107901338F28EFD83C
S214025B581232E1E79568002010550020225E0020E8
S214025B684FF6F773984210B514D8FFF7ABFFFF2825
S214025B7810D0134C00B200EBC00004EB400411F046
S214025B8881FF104938B962880B7802EB0313A3EB3E
S214025B981213638010BD227C637C09789A42E273F2
S214025BA82374617407D98B4203D213468B4228BFEB
S214025BB80B461B02EDE78A42F8D31346F9E700BF05
S214025BC810550020DB5E00202DE9F04106460F4600
S214025BD800240E4DDFF8388098F80030A34201D82A
S214025BE8BDE8F081082229463046F6F725FF40B977
S214025BF835F8063CBB4204D02046FFF7E1FE013CDE
S214025C08E4B20134E4B21235E6E700BF16550020C6
S214025C18225E0020F8B5054608460E46FFF78EFEB9
S214025C28FF2830D01D4B294653F820703046FFF720
S214025C38CBFF2846FFF746FFFF28044625D10CF07F
S214025C4883F8FF280AD1164C207838B113F03CFDA9
S214025C582378B0FBF3F202FB1300C0B2294616F013
S214025C68E3F8044623B20F4D03EBC30305EB4305E3
S214025C7808223146A81DF6F7E5FB2B79204603F0E5
S214025C880F032B71F8BD0027D3E7074B1B78002BB1
S214025C9818BF0027014B43F82070E3E70C400020AA
S214025CA89568002010550020B768002038B50B4BC1
S214025CB804461B780D46834204D840F25A21084807
S214025CC81AF042F8074804EBC40400EB44002946DD
S214025CD8BDE8384008220630F6F7B4BB95680020BF
S214025CE86E9A04001055002070B5044608460E4603
S214025CF81AF0E9F9FF28054610D02046FFF71EFEDF
S214025D08FF2807D0084B1B7823B9084B53F82020E6
S214025D1843F8252021462846FFF7C8FF3146204685
S214025D28BDE87040FFF750BFB76800200C4000205F
S214025D382DE9F8430024804601272646114DDFF850
S214025D484C9099F80030A34210D83E430134E4B28E
S214025D581A2C4FEA470705F11205F2D14FF0FF3029
S214025D68094B1B7898403043BDE8F8832B88434597
S214025D78EBD0284616F0B0F80328E6D82B796F2B16
S214025D88E3D8E3E71055002095680020225E00203D
S214025D9810B5084C00EBC00004EB400423795B07FF
S214025DA807D1204616F098F8237923F007031843FC
S214025DB8207110BD10550020014B1878704700BF9F
S214025DC8B8680020014B1878704700BFB7680020F3
S214025DD870B51A48FEF782FB194B1B78033B012B5A
S214025DE828D805F0A3FB03F057FBBDE870404FF434
S214025DF87A51124819F01EBD23798F2B4FEA1311D8
S214025E0811D80131204616F097F8062901D8032939
S214025E1809D12379002223F007034FF6FF710F20DA
S214025E2823711AF038F8123401353278EBB29A42F6
S214025E38E2D8D6E70025034C034EF6E74066002074
S214025E48295E002010550020225E00200022084B02
S214025E581878084BD1B2884203F1120300D870476B
S214025E6813F80D1C013221F0100103F80D1CF1E79E
S214025E78225E0020105500202DE9F0470226122740
S214025E88DFF85C90DFF85C8099F8004000250CE0AB
S214025E9807FB05F338F803A00021504616F031F840
S214025EA810B15CB1013CE4B2013599F80030EAB2AF
S214025EB89342EDD8A34204D14FF6FF7A5046BDE886
S214025EC8F08713F001FC99F80030012EA3EB0403C7
S214025ED890FBF3F202FB1300C4B2EDD00126D5E71D
S214025EE8225E00201055002010B504461AF0EBF882
S214025EF8FF2808D1204619F0D1FDFF281FBF024B04
S214025F081B78C018C0B210BD95680020044B00214B
S214025F181A78044B04481B781A449200F6F740BADB
S214025F28956800209C6800200C40002010B5134B92
S214025F380C461B7886B0834212D9114900EBC00082
S214025F4801EB4001082220460631F6F77BFA0022CA
S214025F580821204615F023FD80F00100C0B206E0B5
S214025F68C01A01A9C0B20CF02BFA10B1002006B074
S214025F7810BD01AB03CB20606160E8E7956800209E
S214025F881055002008B5074B024653F820308B42BE
S214025F9806D915204FF6FF7119F07DFF002008BDBF
S214025FA80120FCE70C400020024B013143F8201088
S214025FB8704700BF0C4000202DE9F34781460C4687
S214025FC800272A4EDFF8ACA09AF80030FDB2AB42A2
S214025FD810D86946204617F0B3F8C0B308226946B7
S214025FE84846F6F729FD90B34946204616F04AFA7F
S214025FF8FE2537E006F10608082241464846F6F727
S2140260081BFD90B94FF6FF739C422BD03388A342F0
S21402601828D0204619F042FDFF2814D149462046CA
S21402602802B0BDE8F047FFF7F5BD14B912360137DE
S214026038CAE73388A342F9D100220821404615F060
S214026048AEFC0028F2D12846FFF7BAFCCCE7494650
S214026058002019F0F3FCFF28054603D0044B1B78F2
S2140260680344DDB2284602B0BDE8F087105500208A
S21402607895680020225E002008B5FFF7E7FE054B6C
S2140260881B78013B012B03D8BDE808400CF084B905
S21402609808BD00BF295E00200F4B1B7883420CD830
S2140260A8C01A0E4AC0B232F81030D90411D443F4DA
S2140260B8805322F8103001207047094B00EBC000CD
S2140260C803EB40035A79D10603D442F010025A7100
S2140260D8F1E70020704700BF95680020205700208F
S2140260E810550020F0B5134B06461B78FBB1002569
S2140260F81148DFF84CC090F800E0104807781F44B3
S214026108E8B2864501D80020F0BD7C1B94FBF3F06C
S21402611803FB10440CEBC4003CF83440B44204D1F0
S214026128002AF1D184788C42EED00135E8E7184689
S214026138EAE700BF97680020BC420020205E0020E5
S2140261486840002070B510F07FFD14250F49104EE8
S2140261580B78328830809B1A03449BB2B3FBF5F463
S21402616805FB14330B700B49E2B20B78934292BFCD
S21402617800239B1ADBB2032A0B7088BF002306494A
S2140261889EBFD2000B68D3400B6070BDBB5E00207A
S214026198605700201F5E0020BC420020084B18688B
S2140261A8084BC2B21B789A4208D2074BC0F30720A4
S2140261B81B78984234BF00200120704701207047A0
S2140261C8BC42002097680020BA5E0020F8B5054653
S2140261D81746FFF7E3FF064610B9184B1A783AB97E
S2140261E8212001224FF6FF7119F055FE0020F8BD56
S2140261F81348DFF854C003780133B3FBF2F402FB0A
S214026208143303700F48DCF8002000EBC30420F8B0
S214026218335002F10132A1703846CCF80020FFF75D
S21402622887FDE670606015F028FCA84201D10120BF
S214026238DDE7E3780133E370F9E700BF97680020EB
S214026248205E002068400020BC42002010B50B4C9F
S2140262580B4A2378063B137010F0F6FC0022094B13
S214026268FF211880084B09481A602278D200F6F7F0
S21402627897F80422064B1A7010BD00BF97680020D4
S214026288BA5E002060570020BC420020684000200A
S2140262981F5E002048B139B1044B1B780B70044BC3
S2140262A81B7803700120704708467047B95E0020C5
S2140262B8B96800202DE9F843074619F03EFD054661
S2140262C81A4819F0B5FE1A4B48B31C683C1B2C44F6
S2140262D8A4B20022174BDFF864901B78164D99F883
S2140262E8006005EB03155FFA82F8464509D9AB88C4
S2140262F805F11000A34215D9B21A29461201F6F77B
S214026308A1F8013689F80060AC80B8F1000F03D115
S2140263183946064819F08EFA2846BDE8F8833C4600
S2140263281D60D6E705460132DDE700BF606600203D
S21402633870500020BD5E00200C3F0020BE5E00208C
S2140263482DE9F74F19F0F9FC4FF0000E284D294FAA
S2140263582978294C97F800A004EB011303EB0A12DC
S2140263680092F3465246DFF898801FFA80FC0646EB
S214026378B8F80000ACEB0009A0EB0C001FFA89F98C
S21402638801900098984217D1BEF1000F00D02970EC
S214026398524503D200203A70FDF7E6F83B7823B35D
S2140263A82B78164804EB0314A188C8F8006003B0DB
S2140263B8BDE8F04F19F03EBAB3F804C0CC450FD882
S2140263C84FF0010E93F802C001310CF1FF3C013A7E
S2140263D8A3F804B083F802C0C9B2D2B21033D0E729
S2140263E801988444A3F804C0F8E703B0BDE8F08F28
S2140263F8BD5E0020BE5E00200C3F002060660020C6
S214026408705000207FB56C461E4B1F4D1E78013E0D
S214026418F6B21E7095E80F0084E80F001B4B28465C
S2140264281A7805F1100132441201F6F70BF89DF8B6
S214026438026016F00F0511D1BDF808000EF0C4F977
S214026448360918BF29464FF00002BDF8000008BFFB
S214026458039904B0BDE8704003F0F4BCBDF804002C
S214026468FFF728FF0346828804ADADF804202246CB
S21402647803CAAA4218605960144603F10803F6D103
S21402648804B070BDBD5E00200C3F0020BE5E00203A
S214026498F8B50024084D094F094E3B783178E2B228
S2140264A80B449A4204F1010400DBF8BD2846FDF7C6
S2140264B825FD1035F1E700BF0C3F0020BE5E002028
S2140264C8BD5E002070B5134B06460D4610461249AF
S2140264D81A78124B09781B780B44934206DB1F2066
S2140264E84FF6FF7119F0D7FC002070BDFFF7E2FEE9
S2140264F8013506808570044619F01AFCE0800EF015
S21402650869F940F602432081E3600020FDF72CF883
S2140265180120EAE794680020BE5E0020BD5E0020E7
S2140265282DE9F84386460023144FDFF85C803E7850
S21402653898F8005012497219DCB294421CDA4FEAF3
S214026548041C31F80C900133F14501EB0410F3D129
S214026558631CD21A0CF1100C12016144F5F772FF93
S214026568A5428BBF05F1FF3506F1FF3688F80050C5
S2140265783E700CB9034B1C70BDE8F883BE5E002063
S2140265880C3F0020BC5E0020BD5E0020044B054A7E
S2140265981B781278D3420CBF01200020704700BF38
S2140265A8BD5E0020BE5E0020024B1878003818BF79
S2140265B801207047BD5E0020002108B5084B094837
S2140265C81970094B1970094B1970094B1A78120180
S2140265D8F5F7E6FEBDE808400648FDF77FBF00BFB0
S2140265E8BE5E00200C3F0020BD5E0020BC5E002080
S2140265F8946800206066002010B50B4C23784BB1D7
S2140266080A4803F0ABFD58B1084B0121188815F06B
S21402661876FB08B9002010BD0122054B1A70FAE76E
S214026628FFF7F0FEEAE700BFBD5E00200C3F002041
S214026638BC5E002010B50E4B1B78BBB10D4C2388F0
S21402664883424FF0000311D10B4AE160137049B937
S214026658A3781033A37015F048FE18B9A37823F070
S2140266680F03A370FFF7CEFE012010BD1846FCE705
S214026678BD5E00200C3F0020BC5E002070B592B0C4
S2140266880C46064613F01DF8E17A05460020FCF78C
S2140266982DFC28B394F90A0015F08FF910BB134B9A
S2140266A8E27A294683F85820A27A83F85A206A465C
S2140266B8FCF750FF4FF6FE739E420CBF4FF6FF7371
S2140266C823896A4629460020ADF80660ADF80430EC
S2140266D8FDF7F6F940B92289054B5A8012B070BD0B
S2140266E85520FBE75620F9E72120F7E7884F0020D8
S2140266F87450002010B50446014608220948F5F7EA
S214026708A1FE237B022B0AD8002B14BF31220122BA
S21402671805490B7017234B61044B1A7010BD0023F2
S2140267280122F5E77850002074500020285E0020E9
S214026738014610230120014AFDF74ABF64EE010014
S214026748014B5861704700BF74500020014B1878FF
S214026758704700BF7450002010B5054C2378112BE3
S21402676803D0E221034819F0EFFA4123237010BD43
S214026778285E0020799A0400064B01461B78042BF3
S21402678804D1054A137E053313767047034819F079
S21402679851B800BF295E0020745000208066002091
S2140267A808B50648FDF7AAFB0548FDF7A7FB13F050
S2140267B8CFF8BDE8084001F003BB00BF5C570020D5
S2140267C890570020064B1878332806D000F0EF00C2
S2140267D8A0F143035842584170470120704700BF52
S2140267E8285E0020002208B5074B4FF6FE701A7086
S2140267F815F04FF94FF6FF7015F068F9034B586914
S214026808BDE8084013F032B8285E00207450002015
S21402681808B5064B187838B10548FDF74BFE4FF415
S2140268287A73B0FBF3F0C0B208BD00BF1D5E00204D
S2140268387C4200202DE9F0438BB007461546984661
S2140268480E469DF8489049B9104605AC19F026F947
S21402685821460BF0B5FD172818BF2646B9F1000FDA
S2140268680AD1124B1B781BB9284616F08EFCD0B9F3
S2140268782846FEF713F902E0284616F086FC80F052
S2140268880104E4B29DF850302A4602939DF84C3033
S2140268983146CDE9009338464346039415F08DFBFE
S2140268A80BB0BDE8F0834C46ECE700BF245E002040
S2140268B82DE9F04F97B099469DF88830BDF880B01C
S2140268C8219D08939DF88C300E4658460FA90492CF
S2140268D8079317F0D4F805B3002800F0208195F83E
S2140268E801A00FACCAF3400A8E4B19F0800F1B7832
S2140268F814BF4F4649F08007022B17D04FF6FF7891
S214026908002D40F087810225584614F00EFE2B46CD
S2140269184246214615F02AF9BCE0584614F086FE8F
S2140269280446002800F0FB80AA46DDE71EB97E4B27
S2140269381B78002BE2D00DF13A012046FEF7FCFA4E
S214026948584614F086FE012838BF0120C3B20593C4
S21402695895B3281D19F0D6FA804609F00203204698
S214026968069315F065F8214609908146002019F02D
S21402697865F8069A099B12BBFF2820D1F2F75CFB42
S2140269886A4A1278824200F032814FF6FF72099BF9
S214026998934214D1FEF726F8002800F028814FF615
S2140269A8F773984523D915F03DFD11A98146FEF7E0
S2140269B8E9FA0028F7D02EE0BDF83A80CDE74FF680
S2140269C8F772904520D8934211D898450FD01946A9
S2140269D822460AA818F0FEFF0A980B9913AB03C3BF
S2140269E8BDF83020022113A81A80FEF739F940466E
S2140269F811A9FEF7C7FA024628B9082111A814F009
S214026A08CEFF002866D0C1464FF6F67209F1FF336C
S214026A189BB29342C7D8BAF1000F03D1444B1B78F6
S214026A28002B60D1584614F080FD059B4A46019318
S214026A380123214600933B46FEF7E4F84FF6FF7320
S214026A489842804600F0D380014600220AA818F031
S214026A58C1FF0A980B9913AB03C3BDF83020022175
S214026A6813A81A80FEF7FCF8002D3FF44DAF002E4F
S214026A7840F0D28045460123C7F3C0074246CDE917
S214026A88016321462B4604980397CDF800A015F01B
S214026A9894FAA846BAF1000F0FD04FF6FF7398453E
S214026AA80BD0404618F0FAFFFF281FBF214A32F8DB
S214026AB8103023F4804322F81030089B7BB314F07E
S214026AC8DCFF249B014600934246234607980CF0B7
S214026AD8EDFC24E00822204611A9F5F7ADFF0028B0
S214026AE87FF461AF8FE7002D64D0134B1B689807BD
S214026AF827D5049B0F2B21D0281D19F003FA022351
S214026B080121CDE901310023C7F3C00702460093ED
S214026B1821464FF6FF730498039715F04EFA17B0FE
S214026B28BDE8F08F285E00201D5E0020215E002052
S214026B38245E002020570020D0420020079B012B0D
S214026B48DAD1281D19F0DEF9804618F0A7FF099059
S214026B58404619F0B8FA4FF6FF71BDF83A208A4255
S214026B6856D04245099B53D1FF2B4AD0184616F0F9
S214026B7822FB784010F0EF0F14BF01230023BDF864
S214026B883A00099318F08AFF0690BDF83A0019F001
S214026B989AFA099B66B14FF6FF7CBDF83A10614532
S214026BA806D0414504D0069A0240D2B2FF2AA3D1A3
S214026BB8002BA1D1224649460AA818F00BFF0A98CC
S214026BC80B9913AB03C3BDF8302058461A8014F04D
S214026BD8ACFC3A460146059B13A8FDF7DDFF30B923
S214026BE84FF6FF73BDF8548098457FF43DAF4FF6D5
S214026BF8FF789DB10126281D19F084F9454680467E
S214026C0839E7FF2804D0069BB3FA83F35B09B6E795
S214026C180023B4E70226EEE70026ECE7012573E632
S214026C280022014B1A7670477450002008B50B4BA9
S214026C381B78022B10D10A4B1B78033B012B0BD96E
S214026C48084B187800F00100FEF730FA0023064ACF
S214026C58C2E90133538008BD0020F3E7285E00200E
S214026C68295E00201D5E00207450002038B5174D9E
S214026C782B78033B012B1CD8154BB3F868204FF62C
S214026C88FF739A4215D10320FDF728FD02F0CEFBCA
S214026C98FFF7CCFF2B78033B012B01D909F0FCF850
S214026CA8002018F0D1FB78B1BDE83840002014F077
S214026CB852BDFDF7FDFC0446FDF7F4FC01462046EE
S214026CC808F05EFB0220DFE738BD00BF295E002021
S214026CD8884F002008B5114A114B58611378032BC8
S214026CE81BD0D3B1332B01D0432B10D10D4B1B78BD
S214026CF8033B012B05D803231370BDE8084012F0A6
S214026D08B5BD12F0B3FDBDE80840FFF7AFBF2123BB
S214026D181370BDE8084002F09DB908BD285E002041
S214026D2874500020295E002038B504461348FDF743
S214026D38D5FB134B1B78013B012B1DD8114D5CB9B3
S214026D482B7823B140F619402C7012F08FFD0024E0
S214026D58FFF76CFF204638BDFF2C05D04FF47A713A
S214026D680648614318F066FD2B78002BEFD1012305
S214026D7840F618402B70E8E70224E9E77C42002038
S214026D88295E00201D5E002038B5114D04462B787A
S214026D98834218BF287013F09FF980B124B92046A1
S214026DA813F09CF902220DE0012013F097F92B78D4
S214026DB81A1F012A05D9062BF4D1032202E0002C59
S214026DC8F5D10122BDE838400021084615F01BB867
S214026DD8295E002030B5044685B068460D46FFF7A2
S214026DE8A7FC94B100212846144A02F043FB144B30
S214026DF820681B7861688DF80430124B1B788DF872
S214026E08053002AB03C306F0B1FA0F4B93F85820CD
S214026E1893F85A308DF803208DF8023014F04AFEA3
S214026E28ADF8000014F029FE1023ADF806006946F6
S214026E380020064AFDF7CCFB05B030BD00F8FF0778
S214026E488A680020295E0020884F002064EE010030
S214026E5810B5144B04461A78134B002083F85820B2
S214026E6818F0F2FA10B1002014F075FC002108465A
S214026E78FFF7B0FF0D4B1B78033B012B0ED813F020
S214026E881FF92046FCF754FE40F6174012F0EEFCB7
S214026E980023074A1380074A138010BD0BF016FC1E
S214026EA8EFE700BFBF5E0020884F0020295E002063
S214026EB836570020345700201FB504466846FFF7A9
S214026EC837FC54B100238DF805301023694600209C
S214026ED8064AFDF77DFB04B010BD14F0CEFDADF8F2
S214026EE8060014F0E7FDADF80000EEE764EE0100D8
S214026EF810B5014604460020FBF7F8FF90B10C4B8C
S214026F081B78023B032B0FD80A4B1C7018F076FE30
S214026F1860B9094A0949FCF77FFB003818BF012007
S214026F28800010BD5520FCE70220FAE74D20F8E75E
S214026F38285E0020BF5E00201DA60200596E0200D1
S214026F48F8B5064618F05AFE044668B918F07CFAF0
S214026F5850B1064D204695F8587085F8586014F0DA
S214026F68FAFB10B185F858704D20F8BD884F0020FE
S214026F782DE9F04180461846033B012B0E4617467C
S214026F8802D918B121243CE0FFF7FEFE294B1B78F4
S214026F98012B4CD0284B1D78022D08D0032D46D144
S214026FA8B8F1000F03D1254B1B689B073FD433204B
S214026FB8FDF794FB01F0E8FCB6F1006F34BF204BF6
S214026FC8052231464FF0060038BF1A78FEF776FAE1
S214026FD8044628BB1B4D2873012000F029FF14F035
S214026FE869FD68802846B8F1000F0DD0022300F824
S214026FF8043B15F05AF86C732F613946304612F086
S2140270086FFB2046BDE8F081012300F8043B15F02B
S2140270184CF86C732F613946304612F060FBF0E785
S2140270282846FDF75BFBB8F1000FF4D0E5E702242B
S214027038E7E700BF295E0020285E0020D042002035
S214027048BA68002074500020034B187818B9034B0E
S214027058034A1B78D05C7047275E0020295E002012
S2140270686FFE040038B5174B04461B78033B012B0A
S21402707806D8437BDB0703D590F9090013F01FF8FF
S2140270880025114B83F859502079FFF759FFFFF76F
S214027098DBFF61882488034622462846FEF720F846
S2140270A8044620B11720FFF715FE204638BD1723E1
S2140270B8064DC82106486B6118F0BCFB03232B76E5
S2140270C8F3E700BF295E0020884F00207450002096
S2140270D880660020F0B51A4D06460C4693B0A5F811
S2140270E8680005F16A0729BBC5F86A10796012F0CC
S2140270F8E8FA6A4601460020FCF72CFAD5F86A3008
S214027108ADF81060CDF812307B68CDF8163012F064
S214027118D8FA6A4601460020FCF7D2FC4FF6FF73FF
S214027128B5F86800984203D014B1064912F0DBFAA3
S21402713813B0F0BD08223846F5F784F9D7E700BF42
S214027148884F0020F24F00202DE9F041DFF8B88082
S2140271581F4698F8003005460C4616461BB102250F
S2140271682846BDE8F081531E052BF8D818F046FDD0
S2140271780028F4D13B7B032B14D14FF6FE739C42B6
S21402718812D1012E09D0022EE9D114F076FC4FF660
S214027198FB73984203D814F070FC044604E015F01A
S2140271A841F9FAE7012EDAD0EDB939462046FFF75B
S2140271B865FA05460028D3D198F80030332B03D059
S2140271C8532B1CBF0E4B18613046FFF7DDFD00211E
S2140271D84FF6FF70FFF77EFF0A4B1B78002BBFD0D7
S2140271E80BF048FABCE7397B721ECB1E594259414E
S2140271F85042504107F054F905460028D5D0AFE76B
S21402720874500020BB680020285E00202DE9F84351
S21402721805468846914614F030FC3F4E04463378BD
S214027228033B012B06D86B7BDB0703D595F90900D0
S21402723812F045FF14F021FC384B394F188014F031
S21402724839FC384B1880FDF72DFA374B1880FDF7B6
S2140272582FFA082201463548F5F7F4F814F0D6FB5B
S214027268334B18702879FFF76BFE00216888FFF702
S21402727831FFFDF72DFB60B14FF6F672631E9BB227
S214027288934206D915F0CEF8B7F86830044683421A
S214027298F8D0204614F0FDFB288814F017FC49465F
S2140272A8B7F86800C047044628B91920FFF712FD48
S2140272B81920BDE8F883B7F8681014F075F90023AA
S2140272C81C4D87F859302B7803F0FB03022B02D0AB
S2140272D8204614F062FE002220461146FFF7F2F816
S2140272E80446A8B117236B613378042B09D1C82149
S2140272F8114818F09FFA03232B7684F00100C0B2D7
S214027308D7E74FF416710C4818F094FA0023F3E7FF
S2140273181720FFF7DFFCF0E7295E002066570020FB
S214027328884F00206457002062570020C05E002065
S214027338C85E00207450002080660020F0B50C4617
S2140273481E460B462049074689B004F1140053F836
S214027358045B834241F8045BF9D11B8802AD0B80BB
S214027368D4F80E00D4F81210238803C5ADF81030EE
S21402737823798DF812208DF8133000233A468DF8BB
S21402738814304FF6FE71012002ABFFF7DDFEC8B9D6
S21402739802A8FFF7AFF9237B4BB10C4D0C4B01AAA1
S2140273A829460120019312F066FE2A781AB9204669
S2140273B8FFF758FE03E020460199FFF727FF08B9B2
S2140273C8044B1E7009B0F0BD6857002074500020A8
S2140273D8C9C00300C95E002001232DE9F341304EDF
S2140273E805460F4600202F491446737300F0EEFC3C
S2140273F812F067FEDFF8AC8038B9012D01D9042DEA
S2140274080FD12146384612F0F5F9102000210AF06D
S2140274187FFC00283CD0002002B0BDE8F041FCF713
S214027428A3B8002CF1D1204B1B78212B03D0062BB6
S21402743801D0532B02D101F00DFEE6E7FDF748FA1C
S2140274480028E2D000F0EEFC28B9307BC0F1180024
S214027458FFF740FCD9E7154B41462046019300F05A
S214027468B5FC20B140F61901114818F06DFC01AAC6
S2140274780B4998F80C0012F0FEFD32781AB9094842
S214027488FFF7F0FDC1E701990648FFF7BFFEBCE724
S214027498FFF78AF80028BED102B0BDE8F08100BF27
S2140274A87450002068570020285E0020C9C00300D8
S2140274B8799A04001FB5144B04461B88DB0707D4C9
S2140274C84FF6FF700021FFF705FE002004B010BD3E
S2140274D80A230E4A012001A9FDF77AF84FF6FF7330
S2140274E8BDF80C209A42EBD00822FF2101A814F01E
S2140274F856FA0028E4D10CB90120E7E7BDF80C00DB
S21402750801A9FFF7E7FDF7E78057002026E101000B
S21402751838B50C46154614F0BCFA03F0AFFE2946F9
S2140275282046FFF7D7FD00F07DFC48B1074BDB7914
S2140275380E2B28BF0E230133DBB2054A137038BD63
S214027548044B1B78013B18BF0123F6E76857002057
S214027558DF5E0020295E002038B500220821044696
S21402756814F01DFA0546C8B914F087FA2A464FF6EB
S214027578FF71FFF7CDFF2046217CFFF72BFC6269DF
S214027588E189207C01F076FF054B1B78012B01D19F
S21402759807F0F6F8FFF76AFB002038BD0120FCE783
S2140275A8295E002038B51D46FFF7CEFD0446C8B949
S2140275B82B7B2846032B03D1BDE83840FFF7CCBF08
S2140275C8FFF798F8084B25469C8114F01FFA01210C
S2140275D8064B81401A780620FDF770FF044608B16C
S2140275E8034B1D70204638BD74500020BA68002030
S2140275F8285E002030B5012087B0FFF75BFF6B4698
S2140276080446144A1068516803C384B905F0BCFEE0
S21402761802A8FFF78DF84FF6FF752246BDF80E0052
S2140276282946FFF775FF12F064F807B030BD6B46BF
S214027638094AD2F86A00D2F86E10B2F8685003C344
S21402764805F0A2FE02A8FFF773F86A46BDF80E0018
S214027658E6E700BFE1230400884F002073B53A4BE3
S21402766804461B781BB10224204602B070BD18F0EF
S214027678C5FA0028F7D100F0E5FB14B12288334B8F
S2140276881A8000210DF10700FDF7ACF8002856D144
S21402769814F0FCFC04460028E6D12D4D9DF80700A0
S2140276A8FFF772FB2B785A1E012A1FD8FFF7A2FF94
S2140276B82B78033B012B01D801F014F9FFF7D6FA11
S2140276C8012014F06AF9034600283AD12A78033AC8
S2140276D8012AC9D81D4A108810F0020521D00522B1
S2140276E801201C49FFF744FC0446BDE7033B012B77
S2140276F804D82046FFF7DEFE0028D7D12B78053BB4
S214027708012BB1D8FFF776FFFFF7B0FA2B78052BD7
S2140277180CBF04200520FCF7E1FF012014F03DF918
S214027728E2E70D4E0223314601200C4AFCF750FFD1
S21402773833885B0798D5284601F0E8F894E71724BB
S21402774892E7044690E700BF285E00208057002094
S214027758295E002000F8FF073257002027E10100C3
S2140277687FB50024184E194D3278E3B29A4201D8F2
S21402777804B070BD4FF6FF73B5F868209A421AD067
S214027788134B1B88DB0714D5124AB5F86830106805
S2140277985168ADF80C3001AB03C30F4A0A23002028
S2140277A801A9FCF715FF022300200C4A0C49FCF736
S2140277B80FFF0134D8E700220821064814F0EFF834
S2140277C80028F6D1DCE700BF96680020884F002024
S2140277D880570020F24F002026E1010027E1010031
S2140277E83257002010B501F0CFF802F013F8D8B1DE
S2140277F80E48FCF773FE0E480E4C017A0E30FFF761
S214027808E9FA23781BB100F0BFFA0023237000229E
S214027818094B1A73FFF72AFA08F056FD01F044F9E5
S214027828BDE81040FFF79CBF10BD00BF8066002071
S21402783868570020C95E00207450002010B52548FD
S214027848FCF74CFE01F0E6FF30B1234B1B781BB960
S214027858BDE81040FFF7C6BF01F0DCFF78B11F4C49
S214027868237E83B1C8211B4817F0E4FF0021237E3C
S2140278780846013B2376BDE81040FBF7E3BEFDF75A
S21402788827F80028EBD1FDF723F8154B1B7858B9D3
S214027898112B03D003F0FD03412B19D1BDE810408C
S2140278A80E4B5869FFF716BA332BF7D10D4B1888CB
S2140278B814F0EFF80C4B188814F008F90B4B0C4927
S2140278C81888FFF707FC0B4B1878FFF739FBE5E734
S2140278D810BD00BF80660020245E00207450002081
S2140278E8285E002066570020645700206257002052
S2140278F8C05E0020C85E00202DE9F04F0F4685B016
S21402790802AD044629463846914616F0B8F84FF0B6
S214027918000B82463846CDF804B013F00EFF4678C0
S214027928022C804606F0020609D85CB1FCF7D0FFA6
S2140279380446002848D1754B01241B7865E0043CB0
S214027948022C3AD9FCF7C4FF384613F06FFE00241F
S2140279580546A046DFF8D8A1384613F0EEFE50F8E2
S21402796809300DF10500019318F0CCFA9DF807B01E
S2140279780746B8F1000F4DD1BBF1000F5BD0DFF818
S2140279888C9199F800300BB1002E63D0002C61D090
S2140279985F4B1B78022B5DD1BBF1000F53D13846E3
S2140279A814F077F858465946FFF714FA08F08CFC94
S2140279B840F6074011F05AFF34E014F036FBFCF7A5
S2140279C887FF0446F8B15C464EB1524B1B78012B32
S2140279D802D0043B012B0BD805B0BDE8F08F4B4B09
S2140279E81B782BB14B4B1B7803F0FB03022BF3D00F
S2140279F8BAF1000F404608BF002516F033F84FF0DC
S214027A0801088246A8E7414B1B78002BF0D0002ECF
S214027A18EED1E1E7BAF1000FAED05046FDF73AFBD9
S214027A280028A9D1002017F00FFD0028D4D0002086
S214027A3813F091FED0E74FF6F7739F429FD91720AF
S214027A48FFF748F9EEE7FCF743FF48B13248FCF780
S214027A5845FDF4E7FCF73CFF10B1BBF1000FF5D18A
S214027A68FCF736FF0028DDD02846FDF767FFFF281B
S214027A78DFF89CA0294C03D09AF80030012B04D1D9
S214027A882946B4F86800FEF7C5F8FEF781F92A46D3
S214027A983846B4F86810FFF73BFD214B214A93F9A4
S214027AA806301B0213809AF80030012B19D0312BAE
S214027AB814BF432311238AF800301B4B1648196853
S214027AC817F0B8FE00F00EFF0023124C99F80010CB
S214027AD8237641B9104817F0ADFE40F61B436361A2
S214027AE8A0E71123E7E7B8F1000F03D016B1FFF7B6
S214027AF879FEF2E70D4B1B78042BEED105210648DA
S214027B0817F098FE09232376E7E700BF245E0020D5
S214027B18285E00207450002080660020884F0020CF
S214027B28685700207E570020A0660020295E0020A5
S214027B38AE5E00202DE9F043084693B00E4613F0D9
S214027B48FCFD09220021804617F0C8FC0446304690
S214027B5813F06CFD052207460DF1090330460AA903
S214027B6811F0DEFE022881461DD09DF80930314606
S214027B781C440023E4B204F1100218F80450012051
S214027B880093D2B20FF024FD68B1072D09D855B17B
S214027B98013D062D07D8DFE805F00918068A0625EE
S214027BA841007C2D45D013B0BDE8F0835B4B1B78B3
S214027BB8013B012BF7D8304613F0B7FC00233246B8
S214027BC81946009414F035FAEDE7554B1B78012B4D
S214027BD8E9D1544B18780028E5D122463146FFF7FA
S214027BE88BFEE0E74D4B1B78013B012BDBD8384672
S214027BF809F0DCFF4FF6FF739842044606D030467B
S214027C0813F093FC2246394613F09FFF444B1B7829
S214027C18022BC8D1384611F0EBFDC4E73F4B1B7860
S214027C28013B012BBFD8494630460AAA00F01EF986
S214027C38B9E73A4B1B78013B012BB4D8A04498F815
S214027C48012098F80230652AADD16D2BABD13046AB
S214027C5817F020FD1334E4B28442A4D2082239462F
S214027C6803A8F4F7EFFB214630460DF10A0215F099
S214027C7849FE002897D1BDF80A30002B93D005A8F4
S214027C8809F0B0FA0123284DBDF80A002B7017F048
S214027C9801FD0446BDF80A0017F0E0FCE2B203460E
S214027CA805A903A811F03EFD00232B707BE71B4BAA
S214027CB81B78013B012B3FF676AF06220021404691
S214027CC817F00CFC404418F01DF90746FCF758FE5E
S214027CD8044600287FF467AF304613F021FCC3043D
S214027CE87FF561AF46F204030121ADF81430384639
S214027CF80223CDE9004405AA15F053FE05460028DE
S214027D083FF451AF394613F04FFC304613F00DFCE2
S214027D1822462946FDF706FA45E700BF295E0020F7
S214027D28285E002074500020FA5E002008B5084B32
S214027D38187050B1074B1B883BB14FF47A7106484E
S214027D48594317F077FD002008BD0120FCE700BF65
S214027D581B5E0020346800207C410020014B187806
S214027D68704700BF1B5E0020014B1880002070473A
S214027D783468002008B5FCF7B1FB0022014B1A70E4
S214027D8808BD00BF1B5E002010B50024044B054842
S214027D981C80054B1C70FCF7A1FB204610BD00BFDB
S214027DA882570020A4660020D35E002008B5034848
S214027DB8FCF794FBBDE80840FFF7E6BFA466002080
S214027DC80148FCF79BB800BF82570020F7B5134B53
S214027DD804461B780E46EBB183421DD90021104893
S214027DE818F0F8F8002501460D4F09B9012009E0F8
S214027DF8AC4209D10024162322463046009418F0D5
S214027E0886F9204603B0F0BD384618F007F9013562
S214027E180146EAE71820F5E72720F3E7D35E0020B5
S214027E2882570020014B1878704700BFD35E0020A7
S214027E3825289DBF024B187000202120704700BFDE
S214027E48BD680020012307B51846064A0DF107014A
S214027E58FCF7BEFB9DF80720034B1A7003B05DF8CB
S214027E6804FB00BF29E1010036680020F8B5074682
S214027E780E46144613F0DAFB1A4B05461B78022BFD
S214027E882FD1194818F0D4F858BB284611F065FDCA
S214027E9838B322463146384611F05BFD08B311F076
S214027EA813FC0446384613F040FB104B012E1A7892
S214027EB84FF00F0303FA02F39BB2B4FBF3F203FB91
S214027EC8124404F10104A1B206D1094B094A1E70F4
S214027ED82B6813606B6853600348BDE8F84017F0D8
S214027EE8A9BCF8BD285E00209C420020BC68002081
S214027EF8D25E0020CA5E002084B010B502AC84E8C8
S214027F080F00082227480DF11601089CF4F794FD85
S214027F1808BB9DF815309A0705D4234B1B7803F047
S214027F28FD03312B1DD121496378097803F00F022E
S214027F388A4203D0012922D1022A12D1227882B992
S214027F481B09022B0DD11A4BA0781B78022B1AD1CB
S214027F58C0F3800006E000220821124813F01FFD35
S214027F6820B90020BDE8104004B07047114BBDF898
S214027F7808205B889A42CCD0002BCAD0F1E70229A7
S214027F88EFD1012AD9E7030609D40B4BB3F86820C8
S214027F98BDF80A309A42E4D1FEF714FCE2E7012063
S214027FA8E0E700BF78500020285E00208A6800209C
S214027FB8295E002074500020884F0020284BF0B518
S214027FC85D88002387B08DF80830264B0DF10B002C
S214027FD81B7805F0010743F020038DF8093014F0EA
S214027FE864F86FF07F43ADF813308DF8153014F04F
S214027FF8DAF81D4B8DF816001B7805F01006DB0024
S214028008DCB2F1F719F8194B1B7883422CBF44F0FF
S214028018040344F084032FB1A9061ED426B143F004
S214028028020301E0AA07F9D4002108468DF80A30AF
S21402803817F088FBADF8060058B101230F2202A9F3
S2140280480DF10600FCF79EF918B90DF1060012F0BC
S2140280580FF8BDF8060007B0F0BD43F00103DDE7F0
S214028068366800208A680020DF5E0020215E002035
S21402807810B5FCF733FA0A4B1B78022B0CD1094BC6
S2140280881B78033B012B07D9074C207828B1002020
S21402809811F066FC0023237010BD13F029FDF9E7E2
S2140280A8285E0020295E0020D25E002084B02DE9DA
S2140280B8F0478EB016AC84E80F00DFF878C1594B4B
S2140280C8BCF802009DF85DA010F001049DF962203C
S2140280D8BDF870E09DF875909DF976709DF8785019
S2140280E89DF97A109DF95E809DF860601B7835D000
S2140280F89DF87D00C0F34004C0F38000002B4AD0F0
S214028108494B1B78022B09D18A4244DB24D1A81B8F
S214028118C0B280288CBF0020012016E0434B1B7893
S214028128012B01D1002C7AD078B19CF800301E338E
S2140281385BB29F42D4BF002701279845D4BF0023CD
S2140281480123BB4206D18A42E0DA0EB0BDE8F04708
S21402815804B070473846F8E70020F6E710F0020F3A
S21402816818D0C3B1490814BF01200020520814BF12
S214028178012300238342E8D1AB1BDBB2802B0AD94A
S214028188AE42E9D1B84506DB49D1CA452CBF002024
S2140281980120DAE70BB90120D7E7AE4216D002ACC7
S2140281A81CAF0FCF0FC497E8030044F8040B2180D6
S2140281B8DDE91A0116AB0090ADF804100FCB11F0EA
S2140281C851FF0028E7D1AE42A1D1BEE7BDF858302C
S2140281D873451ED008AC0DF1700CBCE80F000FC436
S2140281E89CE8030044F8040B2180114C638873450D
S2140281F80FD10822211D0DF12E00F4F71DFC0246B0
S21402820838B90821201D13F0CAFB10B96388002B61
S214028218C1D1B845BFDBC2D1CA45BCD3BFE72046E9
S21402822893E700BFD35E0020295E0020285E002068
S214028238745000203668002084B02DE9F04F8FB0C5
S2140282486A4E18AC08AD84E80F00162200212846AC
S214028258F4F7A6F833783BB90024654B32781B78D6
S2140282689A4239D2002726E00021624817F0B2FE69
S21402827800270446B846DFF87C91002C45D13FB16A
S214028288224639465B4813F0EDFA3378013B3370E1
S2140282983378002BE0D0002156484FF0000917F03B
S2140282A899FE4F468046CA46DFF848B1B8F1000F35
S2140282B86CD1002FD1D01621002218A813F058FA34
S2140282C8014648B1002F00F08B802246494813F039
S2140282D86FFA337801333370454B32781B789A42FB
S2140282E807D944480022018813F0BCFA3378013BC8
S2140282F833703378012B03D13F49404817F09AFA76
S2140283080FB0BDE8F04F04B070470022214616238E
S2140283182846CDF8008017F0FAFE1622294618A835
S214028328F4F78AFB0028EBD09DF864209DF82430E9
S2140283389A4225D1BDF86020BDF820309A421FD156
S21402834808220DF12E010DF16E00F4F775FBB8B98F
S21402835802AF0DF1600CBCE80F000FC79CE80300E3
S21402836847F8040B39800EAB13E903000090ADF80A
S214028378041095E80F00FFF799FE0028C0D027469C
S2140283882146484617F04AFE044676E71623002298
S21402839841462846CDF800A017F0B9FE02AF0DF107
S2140283A8600CBCE80F000FC79CE8030047F8040BF4
S2140283B839800EAB13E903000090ADF8041095E877
S2140283C80F00FFF773FE074620B1B9F1000F04BF8E
S2140283D8444681464146584617F020FE804665E7E1
S2140283E83A46044817F0FCFD73E700BFD35E002048
S2140283F8BD6800208257002020BF0200A466002025
S2140284082DE9F04F002104469FB00DF140081622D0
S21402841840460E91CDE90C11CDF83B10F3F7C0FF9C
S214028428052220460DF11F0316A911F079FA022833
S214028438074600F0F880204613F07FF9064617F044
S21402844861FD8146F01C17F05DFDADF84000701D19
S21402845817F058FD012FADF84200204640F0E6809E
S21402846813F06BF90546204617F0F8F80D35022387
S2140284782D1A0093214643460820EAB20FF0A8F8C0
S214028488002800F0D080204613F05CF9012F8346BE
S2140284989DF84D3040F0E38000252F4643F0010357
S2140284A88DF84D3016AE3388022B4DD1F178204622
S2140284B802310CF00FF81B2846D1F178204603311A
S2140284C80CF008F819283FD1F178204604310CF050
S2140284D801F84A2838D14FF0050AF17820460131CA
S2140284E851440BF0F7FFF1780590514420460BF003
S2140284F8F1FF059B00EB032083B200F03F02932BAB
S214028508059240F09B800023F778214602375744AD
S214028518FFB23A4600930CA80F2317F0F8FD07F1AE
S2140285280F01204615F084F907F111010546204689
S21402853815F07EF9ADF84200059B023353445FFA04
S21402854883FA33795345C8D806360DF17603B34213
S214028558A9D19DF84D20C5F3C03363F341022046E6
S2140285688DF84D2013F080F88DF84400204613F05D
S21402857870F88DF84500204613F070F89DF83230F2
S214028588BBF1190FC3F3C3028DF84720DDF8332079
S2140285988DF84600CDF84E20DDF83720CDF852206B
S2140285A894BF00229DF83E208DF8482003F003026F
S2140285B88DF84A206E4A1278022A9DF84D200CBF82
S2140285C8C3F38003DB0963F382026A4B8DF84D20FE
S2140285D81B78022B57D1BDF8406013F06BFA86421F
S2140285E851D108A813F061FDBBF1190F48D908222A
S2140285F80DF14E0108A8F4F71FFA00283DD1B9F587
S214028608004F02D0B9F5624F0DD140F6FF7325F43C
S21402861840459D4207D1002208210DF14E0013F075
S214028628BEF900283FD01FB0BDE8F08F13F085F8DA
S2140286380546204617F012F8073518E7412B7FF44F
S2140286487BAFF1782046023151440BF043FF4A4B88
S2140286581B78C3F1B30318448DF849006CE76FF32F
S2140286680003F01D8DF84D3017F04CFC0CA905469A
S214028678204613F04EFD0B276BE700F0B3FFBEE76C
S21402868800F0B0FFCFE7B9F5004F02D0B9F5624F58
S214028698C9D140F6FF7325F440459D42C3D1BBF1CC
S2140286A8190FC0D9B7E7BBF11A0F06D007F11F0199
S2140286B842462046C9B211F0DDFC304C304D637B91
S2140286C8DBB12B78012B1DD1012323730CAB02934C
S2140286D814AC94E803000090ADF8041098E80F0074
S2140286E8FFF70AFC90B194E803000090ADF8041076
S2140286F898E80F00FFF7A0FD08E0FCF7E9F8002865
S214028708DFD0E1E703F0FD03042BDDD02B78012B45
S21402871801D0042B87D11B4BDDF84E001B78DDF801
S21402872852108DF82230BDF84030ADF820309DF852
S2140287384D30C3F340038DF823309DF8313003F0F3
S2140287480F038DF82C309DF848308DF82D3009AB84
S21402875803C30D4B1B681BB1414608A8984762E73E
S2140287689DF946209DF8451008A811F03FF85AE7EB
S214028778295E0020285E0020DA5E00207450002061
S214028788B75E0020D95E0020685000202DE9F0432D
S214028798424B434C1B7885B0033B012B22D817F07B
S2140287A8CCFA2378022B31D13E4A1468A0422DD047
S2140287B83D4910600A68121B10443C4A0860127849
S2140287C872B1013A93403C2253434FF47A725343B0
S2140287D898421BD9032005B0BDE8F043FBF77EBFDD
S2140287E80A23F2E717F0A9FA2378022B0ED12D4AAC
S2140287F81568A8420AD00027DFF8BC802C4E106005
S214028808451B98F80030FCB2A34202D805B0BDE872
S214028818F08356F8243020462B4446F8243017F0C6
S21402882895F9C3074FF0000910D5204609F0FEF95E
S21402883870B156F82430242B08D91022002320467B
S214028848CDF8009009F00CFA46F824900137D8E7DC
S214028858184B1B5D13F00F031FBF03F1FF320223F1
S21402886893403C220CBF0A2353434FF47A72534375
S21402887856F824209A42E9D9204609F067F902A94F
S21402888814F05EFC28B1204609F060F902A910F03F
S2140288982BFF204614F0EAFCD8E700BF295E00202A
S2140288A8285E0020C8420020C442002085680020B6
S2140288B8E0400020CD5D00209C680020064B1B8807
S2140288C8DB0708D50022054B43F82020044A135C30
S2140288D863F00F031354704784570020E0400020CB
S2140288E8CD5D002008B517F028FA0022024B186062
S2140288F8024B1A6008BD00BFC8420020C4420020CE
S214028908014B1868704700BFC442002008B50C48DF
S214028918FBF7E4FDFBF736FF80B10A4B0322B3F8F8
S2140289286810012011F0C8FB4FF47A71064B044810
S2140289381B885943BDE8084016F07CBF08BD00BF37
S214028948C4660020884F002016680020014B188055
S214028958002070473A680020044A054B18701388AE
S21402896823F0030318431080002070478457002022
S21402897886680020034B1888C0F30E00003818BF1C
S214028988012070473257002008B5FFF7F3FF30B1D1
S214028998002004490223044A0880FBF719FE002037
S2140289A808BD00BF3257002027E10100024B188895
S2140289B8C0F30E00704700BF325700200023084A53
S2140289C801201370074A08491370084B084A1B7897
S2140289D843F0040313800223064AFBF7F9BD00BFDF
S2140289E8D65E0020D55E002032570020866800201A
S2140289F88457002027E1010013B514468DF80710A6
S214028A08DAB9CAB20E2A18D80E4B1B881341DB07EE
S214028A1813D517F043F8FF2811D09DF807200A4B04
S214028A280DF107011A5400F58330012200F5807013
S214028A38E5F74AFA204602B010BD0124FAE70224F6
S214028A48F8E700BF3A680020CD5D002030B5012166
S214028A5800240B2385B0104D019400918DF80C303C
S214028A688DF80D000323B5F8680003AA8DF80E40AA
S214028A7814F097FF68B1B5F8681013F033FC40B1EC
S214028A880522064B64211A70054B06481C7016F020
S214028A98D1FE05B030BD00BF884F0020D55E00204D
S214028AA8D65E0020E4660020064B1B78033B012BAB
S214028AB806D8054B1B781BB9044B1878FFF7C6BFB8
S214028AC8704700BF295E0020D45E0020856800201B
S214028AD810B51548FBF702FD144B1978F9B9144A74
S214028AE813787BB1013B1370124B1B78042B02D10F
S214028AF80846FAF7A7FDBDE810404FF496710A48F3
S214028B0816F098BE0C4A128802F00302022A0AD10C
S214028B18BDE81040032201200849FEF729BABDE83D
S214028B281040FFF7C1BF10BDE4660020D65E0020E5
S214028B38D55E0020295E00203257002000F8FF0785
S214028B481FB50C238DF80C300B4B0C461B880121E5
S214028B5823F004038DF80E3000238DF80D00CDE9BE
S214028B6800132046032303AA14F01BFF10B1214664
S214028B7813F0B8FB04B010BD84570020F8B50646BB
S214028B8812F03EFD0546304614F02FFF411C0446FF
S214028B9889B230460BF09EFC02340746A1B2304634
S214028BA80BF098FC394602462846FFF725FF0228AE
S214028BB816D02946FFF7C4FF0A4B1B8803F00303A7
S214028BC8022B0DD1284616F069FFFF2808D000228E
S214028BD8054B43F82020054A135C63F00F03135431
S214028BE8F8BD00BF84570020E0400020CD5D00207D
S214028BF8084B1A785AB10223013A93404EF660227D
S214028C08534303210448B3FBF1F116F013BE42F2B4
S214028C181073F6E785680020E466002070B50546FE
S214028C281748FBF75BFC0122164B28461A7014F00D
S214028C38DCFE411C044689B228460BF04BFCA11CFC
S214028C48064689B228460BF045FC0F4C02232080C4
S214028C58214600200D4AFBF7BBFC86B9238803F0A1
S214028C680303022B03D1FFF73DFEFFF7C1FF23885C
S214028C785B0704D5BDE870400548FFF747BE70BDE0
S214028C88E4660020D65E00203257002027E1010065
S214028C98C46600202DE9F0431F4C0546238889B098
S214028CA8002B33D01D4E00214FF4807009F09CFA39
S214028CB83378DB0728D50121208816F007FD0746FA
S214028CC8208812F03AFD023017F01CF905A98046F2
S214028CD8208814F090FF3378384613F0020F104BB2
S214028CE818BF0025B3F8009016F0D4FC064638469E
S214028CF816F0B4FCF6B20290424606212846CDE9A2
S214028D08009605AB10F030FD00232380054809B015
S214028D18BDE8F043FBF7E2BB8C570020D75E002085
S214028D2888570020046700202DE9F047304F804618
S214028D383D880E4614469946ADB3104612F00BFC13
S214028D48B0F5006F2FD1204612F018FC824616F0B6
S214028D58A5FEFF2827D02EB1264A32F810302B431C
S214028D6822F81030B5F5007F36D0B5F5806F33D0CF
S214028D78B5F5807F17D1204B1B88A3421CD14FF62E
S214028D88FF718A450FD0204612F00EFC284609F0DD
S214028D9859FA50B93046FFF77DFF0023174A138069
S214028DA8174A3B801370BDE8F0870220002108F0BE
S214028DB8AFFF0028EED1F0E7104D2B88A342F2D180
S214028DC84FF6FF718A45EED024B1204612F0ECFB2E
S214028DD800232B800023E3E70023094A3B80137015
S214028DE831464B4622464046BDE8F04713F002B8E5
S214028DF886570020205700208C5700208A570020CC
S214028E08BC5E002010B5044640F62140FFF742FF3C
S214028E1801214FF4807009F0E7F978B10022084B77
S214028E281C80084B1A700BF0D5FCBDE81040064BA8
S214028E381880064B0648198816F0FCBC10BD00BF01
S214028E488C570020D75E002088570020186800201C
S214028E5804670020044A137818B943F00103137014
S214028E68704743F00303FAE7D75E00202DE9F04F78
S214028E78DFF84C9187B099F80060002E40F08C809D
S214028E88DFF840B1DFF840A19BF80030F4B2A34205
S214028E9807D80022424B1A8007B0BDE8F04FFDF70C
S214028EA8ABBB20463AF8145008F0C0FE80460028AD
S214028EB860D0204608F04AFE15F40071074645D0F1
S214028EC801464FF6FF720E2013F02FFB05460028C8
S214028ED850D0394612F068FB4FF400730027304E24
S214028EE8204633803AF8142022EA03032AF814307C
S214028EF810220023009708F0B3FE2A4B1B88DB07D4
S214028F0807D5294B294A43F82470135D63F00F03EB
S214028F181355182000216043254B264C00930191D7
S214028F2801232A46205CFAF7B1FB002814BF012366
S214028F38002389F8003005D13388B3F5807F01D144
S214028F481D4B1880404607B0BDE8F08F680513D55C
S214028F58059113F067FA0122059903460092072045
S214028F683A46CDE90111FDF765FC4FF480630546E4
S214028F78002DB3D1013687E7104B18880028F9D0A0
S214028F88EA05F7D5394612F00FFB0C4B1D880A4B3B
S214028F981D804FF48073EBE74FF00008D2E700BF5E
S214028FA88657002084570020E0400020CD5D002030
S214028FB8318D0200801300208A5700208C5700202B
S214028FC8BC5E00209C68002020570020042230B592
S214028FD801F0400387B0002B054614BF0124002485
S214028FE88DF80C208DF80D1004D004A914F0A8F8FA
S214028FF838B304ABCDE9004301210223284603AA6D
S21402900814F0CFFC0446F0B1104B1B78033B012B3F
S21402901804D80F4BB3F8681012F0C6FA4FF6F77377
S2140290289D4209D9322202212046FDF74BFA80F0EA
S2140290380100C0B207B030BD2946204613F052F9E7
S214029048F5E70120F6E71920F4E700BF295E0020BD
S214029058884F002010B5FFF797FC04F0DBFF12F0EC
S2140290689AFF002014F067F816F0C8FD08B1FCF75E
S214029078B7FA204C2378532B12D1032323700023EC
S214029088FF2219460120FDF773FF002016F0DCF9CF
S21402909810B1002012F05FFBBDE8104011F010B8C6
S2140290A8062B01D0212BF0D10120FDF705FF4FF644
S2140290B8FE7012F0EEFC4FF6FF7012F007FD00206D
S2140290C8FDF732FE0020FDF75FFEFDF7AFFD00F06C
S2140290D887FB10F0F8FF2378212B02D1FDF782FBDD
S2140290E8D3E70020FBF7FAFA00214FF4004013F00A
S2140290F824FECAE7285E002010B50A4C0A48FBF789
S214029108EDF92378062B02D10120FDF7D5FE237848
S214029118062B01D0532B03D1BDE81040FFF79ABFA8
S21402912810BD00BF285E0020246700202DE9F84FF6
S214029138DFF8CC8004460E461746FFF725FC98F85B
S214029148005015B90220BDE8F88F212DFAD0DFF8B5
S214029158B49099F80030012B01D1A306F2D427481F
S21402916816F066FF0028EDD114F020043946304682
S214029178DFF894B0DFF894A005F00F051BD010F0C6
S214029188B1FA012D8BF80070AAF8006033D12123BA
S21402919888F80030FFF75EFF0020D4E7212388F81E
S2140291A80030FFF757FF00214FF6FE70FDF792FFDB
S2140291B8FEF7D6FAF0E710F094FA012D8BF8007055
S2140291C8AAF80060EAD0062321464FF6FD7088F812
S2140291D80030FFF7FBFE40F6020240F2262199F81D
S2140291E800300648033B012B88BF114616F022FBC7
S2140291F8002CD1D1D7E75323E6E700BF2467002027
S214029208285E0020295E0020D85E00203C680020E8
S2140292182DE9FF410F460546511C38460BF05AF910
S2140292280446384612F089FA0646023016F06AFEF6
S214029238424B80461B7804F04002022B02D0043BC5
S214029248012B06D83E4B1B68580205D5A10603D447
S21402925852B304B0BDE8F08132B33A4A1278D11E4E
S214029268012917D8384BB3F86830AB42F1D1737876
S214029278180714D5304614F0F5FBFBF70BFF002849
S214029288E7D00122294604F0200004B0BDE8F041E8
S214029298FFF74CBF022ADCD1DF01DAD4E7E712F087
S2140292A8ECFB4045D5D1ECE7264B1B78013B012B5E
S2140292B8CFD87378D906CCD502A9384614F0DFFB86
S2140292C8002002A916F0BAFBFF2806460BD0A20613
S2140292D801D412F04DFF304608F038FC04F0BAFE0E
S2140292E8304613F0C3FF284616F0EDFEFF280DD0D1
S2140292F8FCF766FB14F0200608D112F0BEFB28B174
S21402930833460222284602A905F0E0FF12F0B5FB12
S21402931800289ED1A3069CD402A94FF6FF73022208
S21402932828460EF016F94FF6FF72034600922846B4
S214029338022202A910F0C8FA8BE700BF285E0020B6
S214029348D0420020295E0020884F002038B5044607
S2140293580D4616F0A3FBFF28034615D00B4A1278D3
S21402936842B10B4A32F81020520403D513F07EFF9E
S214029378002038BD184612F0FBFE204645F0400194
S214029388BDE83840FFF722BE0120F2E7245E00203F
S2140293982057002038B5054612F0CFF9044628466D
S2140293A814F023FB411C89B228460BF093F84206B8
S2140293B80DD563781B070FD5204614F053FB0146DC
S2140293C8002016F03BFBBDE8384013F04FBF0348B9
S2140293D8BDE83840FFF790BE38BD00BF24670020BE
S2140293E838B54FF6FF75A842044617D012F062FB4E
S2140293F8A04213D04FF6FD72094B198891420DD937
S214029408084A1288AA4201D0A24207D11C804FF409
S2140294187A71BDE83840044816F00CBA38BD00BF69
S214029428226800203E6800205C42002008B50448F6
S214029438FBF754F84FF6FF72024B1A8008BD00BFBE
S2140294485C4200202268002037B505460C460823F1
S21402945869460120064AFBF7BBF815B19DF80630A7
S2140294682B700CB1009B2360BDF8040003B030BD1E
S21402947825E1010007B508238DF80600ADF80410AB
S214029488009269460020034AFBF7A2F803B05DF88B
S21402949804FB00BF25E10100024A13780BB1013B29
S2140294A813707047175E002008B512F00FFB0021F4
S2140294B84FF6FF72054B08461A80FDF78BFCBDE88F
S2140294C8084040F6164010F0D1B900BF22680020C6
S2140294D808B5FBF703F80A4B1B78023B032B08D8A0
S2140294E84FF6FE73074A108898424FF6FF7301D16B
S2140294F8138008BD9842FCD0BDE80840FFF7D4BFE9
S214029508285E00202268002010B5084B1B78042B22
S2140295180AD012F0B2FA002104460846FFF794FF72
S214029528231A5842584110BD0020FCE7295E002045
S214029538F0B5002689B00546CDE90566ADF81C608B
S21402954814F053FA0A23024604462946009605A84A
S21402955816F0DDFD9DF815309DF814701F2B27D8E0
S21402956803A812F0A2FD08220DF1160103A8F3F7CC
S21402957863FA0646E0B9092F1CD1FFF7C5FFB8B152
S214029588144B1B78A3B1144B1A884FF6FD739A42F4
S2140295980ED9124C124A23780433DBB2237012789F
S2140295A8013AB3EB820F03DD58B20EF028FA2670A2
S2140295B809B0F0BD0A34E4B2214628460AF08AFF0A
S2140295C812F0FCFD611C284614F032F9FFF708FF7A
S2140295D8EEE700BF9E68002022680020175E002083
S2140295E88468002038B5134B1B78033B012B20D91F
S2140295F8114B4FF6FF711B78ABB1104D2B888B427F
S21402960817D112F057FA4EF6602104460C4816F0A7
S21402961811F94FF6FE7322462B800021BDE838402A
S214029628092012F0D9BD074A13888B421CBF0133A2
S214029638138038BD295E00209E680020226800201C
S2140296485C4200202E57002010B5044661B1FF2167
S21402965812F014F80021204612F016F811F044FF12
S2140296680146204612F016F82146BDE810400022B0
S214029678014816F0B5BC00BF905700202DE9F0410E
S2140296880D461746044612F058F806782846FBF7A1
S21402969877F929468046204611F086FF12F0EDF942
S2140296A8A84206D120460121FFF7CEFF0120BDE8D9
S2140296B8F0812846B8F1000F0AD0FBF7EFF950B947
S2140296C8144B3A462046BDE8F0411978FCF7FABE34
S2140296D813F05BFDF3E706F00306012E08D012F03E
S2140296E8CCF900232246294602F030FF0028D9D1B9
S2140296F8204611F015FF430505D52046BDE8F04182
S214029708002112F0FCBA204613F012FDB0FA80F0DF
S2140297184009CCE78268002010B586B0044614F0EB
S21402972864F9104B0246186819790290D3F80500B6
S2140297385B7A01328DF8143000238DF80C100490F1
S2140297482146009392B2052304A816F0E0FC0522EF
S21402975804A902A8F3F770F9B0FA80F0400906B037
S21402976810BD00BFD8FD040008B50748FAF7B6FED4
S214029778064B1B78033B012B05D8BDE808400021A1
S2140297880846F9F75FBF08BD44670020295E002037
S21402979808B5114812F0A0F8104B1B78012B06D812
S2140297A8FF2009F0FDFBFCF751FD08F09DFCFCF7D5
S2140297B86BF902F06BF9FFF701F914F0ADFA0BF04A
S2140297C85BFBFCF7F9FE0BF085F80FF08FFFBDE8A0
S2140297D8084003F0B1B900BF50500020836800204B
S2140297E808B5EFF777FDFF2803D0094B1B78012B46
S2140297F806D9002009F0D4FBFCF728FD08F074FC13
S214029808FCF742F902F042F9BDE8084003F094B9C1
S21402981883680020064B1878112806D000F0FD0051
S214029828A0F141035842584170470120704700BFD3
S214029838285E00202DE9F0410446FCF7AFFC18B17B
S21402984800263046BDE8F0811D4B1B78033B012BF2
S21402985809D81C4BB3F868104FF6FF739942EFD03D
S214029868204611F0A1FE184B022120461A88FCF762
S21402987829FE06460028E3D0204611F05EFF90F83F
S21402988807800546043016F03DFB074612F0F5F849
S214029898414602463846FCF799FCA81C16F032FBED
S2140298A84FF6FF73984202D12046FFF7ABFA2B78A1
S2140298B89B07C6D101212046FFF7C6FEC1E700BFB7
S2140298C8295E0020884F00208E5700202DE9F04F91
S2140298D8002585B00746039511F02FFF064604308B
S2140298E816F010FB8046B01C16F00CFB33780446C4
S2140298F84046009316F0D2F882464046FBF740F8F8
S2140299083378BAF1FF0F0CBF83464FF0010B9A0764
S2140299180AD112F0B2F8404514BFD9464FF00109F1
S214029928B3791BB90320B9E0A946F9E712F0A5F8FE
S214029938A04205D112F0A1F80446994B1B7836E0EE
S214029948984B1B78052BF8D0033B012B03D8964B74
S214029958B3F86840F1E7204616F0D2FB737840B3B6
S21402996813F00402DFF838820BD198F800301A4454
S21402997821463846D2B2FFF781FE0028D2D0002010
S2140299888CE0384613F0F3FF0146054638460AF0DF
S214029998A1FD421C52002946384602F0FE0212F089
S2140299A861FC737823F00403737098F80030002281
S2140299B8DDE75B0726D5384613F0D9FF014606468B
S2140299C838460AF087FD824606F101091FFA89F928
S2140299D8494638460AF07EFDDFF8C481BAF1000F20
S2140299E801D0FF2805D10022494638460AF086FDEE
S2140299F8DBE7B11C01EB4001C9B2384613F018FF89
S214029A080446D2E7204603AA02A913F00EFD05462D
S214029A18B9F1000F4AD0009B03F0C003802B0ED189
S214029A28FF2320468DF809300BF03EFAFF281BD09C
S214029A380DF109020DF10A010BF02AFC14E0402B85
S214029A4834D19DF808308BB3FF2320468DF80930B1
S214029A580BF02AFAFF2807D00DF109020DF10A01C8
S214029A680BF016FC2D281CD13378404603F03F0332
S214029A78337016F045FB10B911F0FFFF804600233D
S214029A8842461946204608F04FFE00283FF44AAFE1
S214029A98C822072138460AF055FF012005B0BDE85E
S214029AA8F08F9DF80930FF2BDED12546039838B98A
S214029AB89DF80820002A62D1394B2C461B7856E7B7
S214029AC809F032FA039AFF280346127908D1CDE93B
S214029AD800204FF4E171354816F036F9DDE9002327
S214029AE8B9F1000FE4D002F03002102A0AD0202A78
S214029AF8DED1BBF1000F24D05146184609F016FCF9
S214029B080028D5D1DFF8A89099F80030012B45D067
S214029B18204610F0B1FA28B92A4621464046F3797B
S214029B2813F006FCA54212D1039A137923F00C030C
S214029B3813719DF80830ABB92C46194B1B783022A6
S214029B4815E7039B1B7913F00C0FDBD1B0E799F8E6
S214029B580030022BE8D0039A137923F00C0343F063
S214029B680403E5E70121204612F0CBF920B9204686
S214029B780BF09AF9FF280FD0094B1B78DFE7012173
S214029B88204612F0BEF900287FF4D7AE20460BF026
S214029B988BF9FF287FF4D1AE02207FE7A542D9E7EA
S214029BA88E570020295E0020884F0020EF9A040076
S214029BB8DC5E002038B50E4B04461B780D46033B88
S214029BC8012B10D900F108039BB2012B0DD811F016
S214029BD854FF002302462946204608F0A5FD80F0D9
S214029BE80100C0B238BD0120FCE70220FAE700BF38
S214029BF8295E00202DE9F041064610460D4613F070
S214029C08F4FEA0F11004E7B256FA84F42146EA1BE1
S214029C1804F10E00F2F716FC2823DFF84480F35509
S214029C2898F80030637301F045FF611C0246012074
S214029C3810F05CFA08220949601DF2F703FC98F84E
S214029C48000013F0E8F805F10E0130463B46002204
S214029C58C9B201F0E1FF1220BDE8F081AE5E002035
S214029C68235E00202DE9F04F89B0044611F065FD09
S214029C780546204611F0C4FC0746281D16F042F990
S214029C888146A81C16F03EF90390384695F807A0B8
S214029C9816F036FA2B780490990761D121460420EB
S214029CA802F0C2F800285BD0204613F09EFE01465A
S214029CB820460AF00FFC820752D1204613F095FE82
S214029CC8014620460AF006FC10F00303059347D126
S214029CD82046FFF721FD002842D0204613F07AFFDF
S214029CE8461C204615F0D6FCF6B206F10A0B83454A
S214029CF880F29F80504A06AB1068516803C3711CF5
S214029D0820460AF0E7FB3146804620460AF0E2FB88
S214029D18594600EB082820460AF0DCFB8346059BDA
S214029D282146B21C009306A8082316F0F0F91FFA7B
S214029D3888F8204611F064FC5A46414610F0CAF9E3
S214029D480122404606A901F09BFB002871D1022099
S214029D580BF036F8013003D1404606A9EFF788FB28
S214029D6811F08BFE48453A46514608D112F0F7F8EC
S214029D7800285ED109B0BDE8F04F01F077BB48462F
S214029D8812F0EDF8002854D12C4B1B781BB9394633
S214029D98484612F081FA3A4651464846FCF716FA01
S214029DA8002846D0297811F0030102D12046FFF791
S214029DB84BFCAB79002B3CD0214B1B78DA1E012AD0
S214029DC837D9062B35D06B78DB070DD503982E7A54
S214029DD813F0C0F810B3F30803F01C0326F01F06AE
S214029DE8334343F001032B724FF6FF71204611F0FE
S214029DF8DBFB049BDBB90FF067FC00F03F02022195
S214029E082046FCF75FFB4FF6FF73039A9A4210D17F
S214029E18204609B0BDE8F04FFEF7F4BF06F01C0373
S214029E281C2BE1D0042B04D9043E2E72DCE7002258
S214029E38E5E709B0BDE8F08FE12304001F5E0020C5
S214029E48295E00202DE9F04385B004460E461746E3
S214029E5811F070FB0C2820467BD111F06EFC09220B
S214029E68002115F03BFB00F11005EDB2294620460D
S214029E780AF030FB042853D006D8012815D0022849
S214029E8822D005B0BDE8F0837C28FAD1204615F02A
S214029E9801FC0546204615F0E1FB02463046E9B2CB
S214029EA805B0BDE8F0430FF03BBC46B91321204687
S214029EB813F0BEFC05B0BDE8F04311F007BE05B0CE
S214029EC8BDE8F043FCF7ACBE9D4B1B78013B012B6B
S214029ED8D7D82046E91C0AF0FDFA074686B978B9AB
S214029EE8691C204613F0A4FC0546214612F081FFA1
S214029EF83A462946102005B0BDE8F04315F0CBBF18
S214029F08002508232146152200950DEB030016F0BE
S214029F18FEF8284602A915F091FD13F0A7F9B0E756
S214029F28884B1B78022BACD146B9FEF73FFDC20719
S214029F380AD5FEF7D7FC002F08BF3F26304605B0E5
S214029F48BDE8F0430FF0F8BBFEF714FD0028F0D08A
S214029F58F1E711F0F2FB8046043015F0D3FF07460E
S214029F6808F1020015F0CEFF4FF6F7739842054641
S214029F780CD8754A138801339BB213800BB9734AFF
S214029F8813801EB1714A13880133138098F8009023
S214029F9809F00309B9F1010F40F08380204613F057
S214029FA824FD014620460AF095FA043809283FF6A9
S214029FB868AF01A353F820F0E99F02008B9E0200C7
S214029FC88B9E02000DA002008B9E02008B9E020052
S214029FD88B9E0200F59F02008B9E0200F59F0200F0
S214029FE8204605B0BDE8F043FFF7D4B9544B1B78BA
S214029FF8042B7FF446AF0021084605B0BDE8F043BF
S21402A008F9F720BB4E4B1B78013B012B3FF639AFC5
S21402A018404613F027FD00274D4B01465B898DF815
S21402A0280A70ADF8083000283FF42BAF384615F012
S21402A03805FD0546204613F0D8FC421C032321469C
S21402A048009792B202A816F062F89DF80A30E6B9AE
S21402A0583C4A1278022A18D1BBB9FF2DBDF808402F
S21402A0680AD03C4A214632F81530284623F4806343
S21402A07822F8153013F0D9F8204613F0B7F9002263
S21402A0882146102015F007FFFBE6022B3FF4F9AE37
S21402A0982BB9304B33F815305B053FF5F2AE284640
S21402A0A83BE7B9F1000F7FF4ECAE3146204604F0E8
S21402A0B8BBF8002E3FF4E5AE4FF6F7739D423FF627
S21402A0C8E0AE98F80160284616F0040620D113F090
S21402A0D8DAF9044628467CB113F057F80346F0B975
S21402A0E80C2200902946384612F034FA0C22002335
S21402A0F839462846009308E013F047F80346B8B9ED
S21402A108154A009012782946384612F023FAB8E61D
S21402A11813F03BF8034678B90B220090F3E70622C1
S21402A128334629463846009612F014FA0622DEE727
S21402A138234600940622E6E74B46CDF80090F9E758
S21402A148295E0020285E002036570020345700205B
S21402A158D8FD040020570020BF6800202DE9F04FE4
S21402A16805888BB00446284611F0E7FA8046043084
S21402A17815F0C8FE074608F1020015F0C3FE05A949
S21402A1880190284613F07BFC284613F02EFC014665
S21402A198064628460AF09EF998F80030029003F020
S21402A1A80303012B0CBF82464FF0FF0A15F0C0FDD1
S21402A1B8B4F806B0814611F060FC98F807300090B3
S21402A1C83846039301F08AF8002838D1019801F03E
S21402A1D885F8002849D1FCF7B9FAA9EB0B0B1FFA48
S21402A1E88BFB8146FAF774FB002844D1FFF712FB73
S21402A1F8002840D1A14B1B78033B012B42D8BAF169
S21402A208060F00F0BE80BAF1040F00F0BA80FFF71E
S21402A21801FB20B1029B03F00303012B32D0FAF7AD
S21402A228B1FA28B9964B1B7803F00F03062B6FD1A9
S21402A238944B2846B3F8681011F0B6F922E028467F
S21402A24811F07BFA023015F05DFE4FF6F77398426E
S21402A25806D9039B23B92846FFF75EFA0028B5D12C
S21402A268A37823F00F03A37054E0019815F048FF73
S21402A2780028B0D1F4E7A9F104095FFA89F9B9F11F
S21402A288020FB7D8BAF1010F40F0A280284611F0A3
S21402A29875F94FF6FF7398426AD10023314628466D
S21402A2A807AA13F006F880460028D9D042799DF806
S21402A2B82530934209D9711D284689B20AF01EF93B
S21402A2C8A37823F00F030233A3700FF0FDF97E2361
S21402A2D8B0FBF3F202FB130303F58073A3809DF829
S21402A2E8263013F0180F0BD0A378190708D1009B55
S21402A2F8BB4205D0384698F8052005A90FF02CFA77
S21402A3089DF82700003818BF01200BB0BDE8F08F73
S21402A3182823A3800020F8E7584B1B78033B012B21
S21402A3285FD940F6B8339B459AD80FF0CDF9FF238C
S21402A3388DF81330002300F03F00C0F5FA70A080B5
S21402A34807A90DF113008DF81C30FBF7A3FF05468D
S21402A35898F80710384611F0F6FD002D80D09DF8C3
S21402A3681C20013A032A7BD8DFE802F0807A697D4E
S21402A3784FF6F773019A9A4224D898F80130DA070A
S21402A38820D4284611F0FAF815F057FE012808BF1F
S21402A3983D4BA27809BF1B78FA2303EB830303EB32
S21402A3A8830302BF9B00FA339BB212097FF458AFAD
S21402A3B85B45FFF455AF0FF087F900F01F00103029
S21402A3C8A08053E02D4B1B78033B012BA9D8D8E776
S21402A3D84FF6F773019A9A429ED898F80130DB072F
S21402A3E89AD4BAF1020F53D10123314607AA284656
S21402A3F812F05FFF074611F040FBBDF82230984284
S21402A40836D1002F3FF42CAF01227B8831462846EE
S21402A41808F00EFB1D4A13780133DBB288F80730C2
S21402A42813707B88BDF81E209A421FBFA37823F0BC
S21402A4380F030233A3704FF4C873A38016E0009B81
S21402A448BB4213D000283FF40BAF426801323FF4F8
S21402A45807AFC2789DF813309A42BFF401AF05E001
S21402A468009BBB4202D0A2781209EBD101204CE72E
S21402A478184615F045FE0028C3D182E7295E00205B
S21402A488285E0020884F002094680020265E002060
S21402A498BAF1030F7FF475AF009BBB427FF471AF2E
S21402A4A8711C284689B20AF015F80C287FF469AFA1
S21402A4B8FBF7E2FC4FF6FF73984201463FF461AFA2
S21402A4C8284611F071F85CE72DE9F3410446008846
S21402A4D811F033F90546043015F014FD0646A81C9B
S21402A4E815F010FD074615F023FC05463046B4F86D
S21402A4F8068000F0F3FE064648B9384600F0EEFE3F
S21402A50858B9194AA3781278033A012A0BD8A378BD
S21402A518002623F00F03A37021E0384615F0F0FD5D
S21402A5280028EED1F3E71B09F1D1A5EB0805ADB279
S21402A538B5F5C86FEBD80DF10301384601AA0193A9
S21402A54812F073FF9DF80350014645B94FF6FF73A4
S21402A558984204D00126208811F026F8A5803046B5
S21402A56802B0BDE8F08100BF295E00202DE9F04167
S21402A57805460C4610F0DEFF082802D10120BDE889
S21402A588F081201D15F0BEFC0646284694F8078082
S21402A59811F036F80746284610F0C2FF010612D513
S21402A5A8184B1B78042B0ED1174B1B78022B0AD19B
S21402A5B8164BB3F868204FF6FF739A4203D0002171
S21402A5C80846F9F73FF8124B1B78002BD6D1A01C89
S21402A5D815F098FC4FF6F773984202D86378DA07B4
S21402A5E80DD523789B070AD13A464146304611F0E4
S21402A5F8B6FC80F00100C0B200F00100BFE70120FF
S21402A608FAE700BF295E0020285E0020884F002057
S21402A618DE5E00202DE9F04F9DB0044610F08AFF5A
S21402A6280546204610F086FF08285AD14FF4004304
S21402A638102200212046ADF8503011F013FE2046B5
S21402A64815F00CF80DF000FA002321461A460C20E5
S21402A65800930CF0BDFF98B3204614F0FFFF14A930
S21402A66802461020FAF7D6FD0501204614F0F6FF3A
S21402A67814A902464020EDB2FAF7CCFD10B12046E6
S21402A6880FF036F8204614F0E9FF14A90246802097
S21402A698FAF7C0FDB8B99DB1102517A806F0A2FDB5
S21402A6A82046BDF8507014F0F5FF0646204614F012
S21402A6B8D5FF29460090F3B2384617AA0FF0B6F827
S21402A6C81DB0BDE8F08FBDF8503017A8ADF85E4053
S21402A6D8ADF85C300FF0F8FC0028DCD145F08005B8
S21402A6E8DBE7204610F079FFB0F5006F40F00581F1
S21402A6F8204610F085FF0646042D40F001812046CC
S21402A70810F00EFF80F40060C0F3C020002231462D
S21402A718400015F0C0FB954B1A78022A0DD0FFF7B9
S21402A72879F850B902F0FD03312B06D0043A012A13
S21402A73803D98F4B1B78002BC2D02146022001F08A
S21402A74873FB05900028BBD02046ADF8464010F0B3
S21402A758F4FF0446BDF8460010F052FF0546201DD9
S21402A76815F0D0FBA31C83461846039315F0CAFBC4
S21402A77812A90746BDF8460013F081F963780690D9
S21402A788BDF8460094F80080099313F02EF9637812
S21402A798064608F0030828460C93FAF7F1F8B8F1CB
S21402A7A8010F0CBF032302230E93724B08BF4FF010
S21402A7B80B091D80237818BF4FF00A0903F03C03E3
S21402A7C8082B0D907FF47CAFBDF8460014F062FFAC
S21402A7D8B0427FF675AFB8F1010F03D02378980719
S21402A7E87FF46EAF644BB3F86830AB420DD1634A60
S21402A7F8634BB2F9001093F90030002900F0A580E7
S21402A80801EB0313A3EB211313804FF0010AA6F101
S21402A8181003DBB207938DF8453010224846BDF880
S21402A8284610CDF800A00DF145030CF0D1FE002825
S21402A8383FF446AF099B13F002030A9300F00A811D
S21402A848504B1B78002B3FF43BAFBDF8469048466A
S21402A85813F0CBF8002308904846CDE9173319932E
S21402A868ADF8683010F0CCFE089B039003F10E0199
S21402A878484689B213F08CF8002870D0002349465F
S21402A888089A009317A80E2315F041FC50460DF1BE
S21402A8985D010FF039FC9DF869300B9004939DF822
S21402A8A85C30282B5BD10DF16100FAF7F3FB0F90B1
S21402A8B8002854D1049812F0AEFA0F9B002867D1EC
S21402A8C8314B049A1B78D31A190648D404F04CFD67
S21402A8D850453CD115F031FA2C4E0546346824B161
S21402A8E804F048FD2C1B844239D30023FF22194664
S21402A8F81846FCF73DFB356031E04FF6FD76FBE681
S21402A9084FF6FF70301A18BF012000223146400069
S21402A91815F0C1FA0C2D0DD12146012001F084FA5A
S21402A92800283FF4CDAE214600201DB0BDE8F04F0A
S21402A938FDF700B92DB920461DB0BDE8F04FFDF76A
S21402A9485FBD042D7FF4BCAEE5E61B025CE704F0AF
S21402A9580BFD022803D104F0E9FC0028BAD0002235
S21402A9681920039915F097FAAAE600BF285E002078
S21402A978DE5E0020AC570020884F00207E5700205D
S21402A988DA5E0020245E0020235E00209850002015
S21402A99810214846089ACDF800A012F07AF8002846
S21402A9A8DDD0A64B049A1B78934240F0AA800399FE
S21402A9B80DF1610214A815F00DF8012114A8FAF792
S21402A9C843F8824648F2030114A8FAF749F9BAF19D
S21402A9D8000F03D0082114A80FF031FB484613F0E5
S21402A9E822F803990DF16100FBF7E6FAFE28824683
S21402A9F8B5D0FF280AD1039815F065FBFF288246D2
S21402AA0800F087800DF16101FBF750F98B4B049A31
S21402AA181B78934200F0A38050460B99FBF7B2FAD4
S21402AA2800283FF44DAE50460B99FBF7BDFA237843
S21402AA389A070FD1484612F0D8FF0146484609F051
S21402AA4849FD00F00300012804D103980DF16101C5
S21402AA58EEF70EFDBDF8460010F062FD030440F165
S21402AA688580204615F04EFA40F4007189B22046D9
S21402AA7815F04AFA00224FF40041BDF8460010F0DD
S21402AA8840FDDDF81490012310220093BDF846100D
S21402AA980E980DF145030CF09BFD00283FF410AE0E
S21402AAA8032866D1204615F02DFA40F4007189B2C3
S21402AAB8204615F029FA284615F022FB002840F011
S21402AAC8B780DDF81490B8F1010F40F0C18003207A
S21402AAD8BDF8461001F0A8F9002840F0B9803146C2
S21402AAE8BDF8460009F0F6FC0F2801467FF6E8ADE9
S21402AAF84FF6F7739F423FF6E3AD284611F016FC71
S21402AB08DEE55046049903F049FD00287FF44FAF6E
S21402AB1825E7237803F00303012B08D1484612F0F1
S21402AB2864FF0146484609F0D5FC082892D0444BF3
S21402AB381A78444B1B789A4209D20DF161010398A0
S21402AB48FBF768F8039815F0BEFA82465EE7A01C83
S21402AB5815F0D8F94FF6F7739842EED9FFE6504645
S21402AB68FBF79AFA00283FF457AF5CE74FF0000964
S21402AB7889E7284615F0C4FA0028A4D00A9B002BB9
S21402AB8858D1B9F1000F53D1B8F1010FBDF84600FC
S21402AB989DD0314609F09EFC8246DFF8B09099F8BF
S21402ABA80030002B5FD010F068FF87427FF488AD34
S21402ABB8B8F1010F40F08280BAF1070F78D8BAF1DF
S21402ABC8050F7FF67DAD204B1B78022B02D0043B87
S21402ABD8012B03D899F80030002B4BD00C9B980613
S21402ABE840F1BB800D9B002B40F0B380284614F042
S21402ABF855FFFF2840F0AD805D457FF461AD069BAA
S21402AC08002B00F0A48012AB46F204020124ADF831
S21402AC185C200193214602232846009417AA12F0C4
S21402AC28C0FE00283FF44CAD214611F068F847E50F
S21402AC38DDF81490284607F053FD44E7235E00200B
S21402AC48225E002095680020285E0020245E0020F0
S21402AC583146BDF8460009F03DFC0A9B824613B908
S21402AC68B9F1000F99D0A84B1B78022B02D0043BEF
S21402AC78012BB3D8284600F031FB814600287FF422
S21402AC881FAD10F0FAFE854222D1A04B1B78033B7B
S21402AC98012B19D89E4BB3F8684010F0EEFE4B46CF
S21402ACA801460D222046CDF8009011F053FC07E528
S21402ACB8AAF10E03DBB2012B85D901E50AF00303DC
S21402ACC8012B7FF4FDAC7EE7012000F0A5FBF7E43C
S21402ACD8284615F015FA58B910F0ECFE4FF6FF7331
S21402ACE8984205D014F08AFF10B92846FAF738FFBA
S21402ACF8284615F005FA88B110F0DCFE4FF6FF7309
S21402AD0898420BD014F07AFF40B9B8F1010F02D17D
S21402AD18BAF1060F02D0284607F04CFA069BA3B9EA
S21402AD2819460122584600F0ABFB814600287FF4FC
S21402AD38C7AC204612F096FE4A460146384600F050
S21402AD489FFB00283FF44AAFBAE412A9E9E7069B3C
S21402AD585AE7637823F0200363704FF6FC739F422A
S21402AD6875D16A4B1B78033B012B7FF6A9ACA379F6
S21402AD780BB1013BA3716378590727D500235846C0
S21402AD8817AA14A9179312F050FB1798F0B108F0F7
S21402AD98CBF88146384614F081FE179A0146137995
S21402ADA803F03000102806D003F00C0008281CBF59
S21402ADB823F00C031371137903F03303202B05D108
S21402ADC8FF2903D00122484608F078FA284614F0EC
S21402ADD865FEFF281EBF00224E4B43F82020099B23
S21402ADE803F001094FF6F7739F4200F21381B9F197
S21402ADF8000F40F01C812946584611F04DFA10F013
S21402AE083CFE874200F0DF80384615F079F90028C4
S21402AE184AD0B8F1010F30D1BAF1010F20D14A4613
S21402AE283146BDF8460007F05FFE384615F068F969
S21402AE38394B1B78002B78D1584615F061F9002853
S21402AE4870D1384615F05CF900286BD138E44FF615
S21402AE58FD739F428BD12D4B1B78042B87D12FE491
S21402AE68384615F04DF950B3BAF1030F27D13146DB
S21402AE78BDF8460011F0A6FB22E4384615F040F964
S21402AE88384612F082F9002848D000233946584638
S21402AE98BDF8462001F05AFB00283FD00021BDF835
S21402AEA84600FEF7D1FB0BE4384615F029F918B12F
S21402AEB8B8F1010FD8D0E3E7B8F1010FE0D1164B8D
S21402AEC81B78002BB8D0BAF1050F2ED110F0D5FD9D
S21402AED88DF85C0010F0D1FD000A8DF85D000123A4
S21402AEE8022217A90DF14600F9F74CFA00287FF45A
S21402AEF8E7AB711CBDF8460089B209F0D9FA0378A7
S21402AF080133037011E000BF285E0020295E00208E
S21402AF18884F0020E04000209B6800209A4B1B7850
S21402AF28002B89D0B8F1010FCDD063785A070CD51B
S21402AF38BDF84640204612F01AFD411C89B220464A
S21402AF4809F0B6FA0378013B0370904B1B78033B73
S21402AF58012B30D8B8F1010F06D1BAF1050F1FD16F
S21402AF6810F08BFD834522D1BDF84600FEF7AEFCF5
S21402AF7802281CD10021584617AA08F021F930B138
S21402AF880379458003F03C0343F040030371002332
S21402AF987F4A009339465846127811F0DBFA06E0E3
S21402AFA8BDF84600FEF792FCBAF1030FE0D1002284
S21402AFB839461C20D6E4BDF84600FEF787FCB8F1F1
S21402AFC8010FD5D1F0E7B8F1010F7FF467AF0AF1A8
S21402AFD8FF330C2B00F2AA8001A252F823F000BF1E
S21402AFE84BB002004BB0020077AE020061B002001E
S21402AFF871B0020095B00200B7B00200E3B00200DA
S21402B008F9B00200F9B0020005B102001DB1020053
S21402B01829B10200B8F1010F00F09480B9F1000FCF
S21402B02808D1BDF84600FEF71DFEFFF749BBB8F18A
S21402B038010FCCD0237A03F00303012B7FF440AB35
S21402B048EFE7AAF102035A423146BDF846005A41D2
S21402B05807F04AFDFFF734BB32465846BDF846109D
S21402B068FEF7D6F8FFF72CBB711CBDF8460089B26E
S21402B07809F030FA0236F6B20246BDF846305846AD
S21402B088009612A90AF054F8FFF71ABB3F4B1B7832
S21402B098013B012B3FF614AB079B012100930020CE
S21402B0A82346BDF8462010F0C4FFFFF709BB374B0E
S21402B0B81B785A1E012A07D90120079ABDF846109E
S21402B0C8FCF71AFCFFF7FCBA022B7FF4F9AAF9F789
S21402B0D8FFFB0028F0D1FFF7F3BABDF8460006F0EA
S21402B0E869FEFFF7EDBABDF84600FEF721FA98E7C3
S21402B0F8BDF84600FEF71CFAFFF7E2BA234B1B78A8
S21402B108013B012B3FF6DCAABDF84600FDF736FDEB
S21402B118FFF7D6BABDF84600FDF780FDFFF7D0BAAE
S21402B128BDF846000EF0CAFFFFF7CABA33462246F3
S21402B1385046BDF846100EF093FF00287FF4C0AACA
S21402B1485146DAE40AF1FF330C2B3FF6B9AA01A2FC
S21402B15852F823F04BB002004BB0020077AE020062
S21402B16861B0020071B0020095B00200B7B00200EA
S21402B178E3B00200EFB00200EFB0020005B1020031
S21402B1881DB1020029B102009B680020295E00203A
S21402B198BF68002010B50021114810F044FB044691
S21402B1A8E8B110F056FA0F4B1870204610F056FA0F
S21402B1B80D4B1870204610F057FA0C4B18702046A4
S21402B1C810F057FA0A4B1860012014F0BAFD204610
S21402B1D8FFF720FABDE81040002014F0B2BD10BDFB
S21402B1E85C570020DB5E0020DA5E0020D95E002075
S21402B1F89050002070B5164E044633680D46E3B1EB
S21402B20810F098F90C2818D1204610F096FA092260
S21402B2180021044614F062F9235C042B0DD10D4B71
S21402B2281B78033B012B08D80B4C25B10B4B227815
S21402B2381B789A4203D300232370002070BD084867
S21402B248316814F0F7FA2378012001332370F5E702
S21402B25894500020295E0020DD5E0020BE68002093
S21402B26844670020014B93F9010070477E5700207F
S21402B278014BB3F868007047884F002070B5002469
S21402B288124D2C70EDF7D8FEE6B2B04212D8104B2B
S21402B2981B78013B012B04D800214FF6FF70FBF701
S21402B2A819FF00220B4B1A700B4B198801B11A8032
S21402B2B8012070BD304614F049FCC30748BF2B78FE
S21402B2C804F1010444BF01332B70DBE7215E002042
S21402B2D8295E0020185E00203057002038B50B4B38
S21402B2E805461B7873B101335C08094B188814F0BD
S21402B2F8B5F9002330F81320AA4205D00133DAB292
S21402B308A242F7D3002038BD0120FCE7185E0020D1
S21402B3183057002030B5054685B008460C4614F06E
S21402B328EBFEFF280CD011F07DF80122002103461F
S21402B338CDE90112009221462A460720FBF77AFA3F
S21402B348284614F0ABFBFF2804460FD014F0FEFB89
S21402B358C2070DD5204614F0F9FB830708D40B4A1A
S21402B36832F8143043F4806322F8143005B030BD46
S21402B37811F058F8012200210346CDE90112009285
S21402B38807202A46FBF756FAF0E700BF20570020A8
S21402B3984FF6FA72431E9BB2934270B504462AD8F9
S21402B3A8FFF79CFF38BB194B1B78042B23D020468B
S21402B3B814F089FEFF2801D0FAF702FB204612F0A5
S21402B3C80DF808B107F0C6FD2046114E04F046FAFD
S21402B3D820460EF0BFF931780E4D69B1288814F070
S21402B3E83DF9054601461E220230F1F72BF82C805D
S21402B3F833781E2B07D970BD202014F0A3F92880B5
S21402B4080028EBD1F7E702333370F4E7295E002011
S21402B418185E00203057002037B5134B05461B78B8
S21402B428022B1FD110F029FB044610F026FBFFF76B
S21402B438AFFF10F0F7FF10F02CFB0020FBF73CFDE7
S21402B44840F607400EF012FA3DB100230D222146BF
S21402B4584FF6FD70009311F07DF803B0BDE830405A
S21402B46804F032BF03B030BD295E0020034B1B78C0
S21402B47813B90120FFF7D0BF704700BF1F5E002038
S21402B488F7B504460D46174610F0F7FA0646002D9D
S21402B49847D04FF6FB739C4243D82046FFF71EFF61
S21402B4A830B1A64204D1204B1B78033B012B38D976
S21402B4B82046FFF713FF10B1012003B0F0BD204667
S21402B4C80EF018F9C0B1A642F6D00CB3694620466B
S21402B4D8F9F758FD0246D8B90821684610F05FFA0F
S21402B4E8B0B9082269462846F1F7A6FA80B1294675
S21402B4F8204610F0C7FFDFE7A642E6D12846F9F74E
S21402B508C9FD28B90120FFF787FF06F0DFFDD3E75C
S21402B5183FB121462846FAF7E7FB2146284604F0BB
S21402B528B9F90020C9E700BF295E0020044A13784B
S21402B5382BB1013BDBB213700BB9024A138070477A
S21402B548185E0020305700200148F8F7D7BC00BF25
S21402B558305700202DE9F047804617460D468CB036
S21402B56861B903AE00211B4814F034FD4FF0000900
S21402B5780446DFF860A01CB920461DE00E46F1E737
S21402B5880022214624233046CDF8009014F0BFFD51
S21402B598082241463046F1F74FFAA8B9337C9BB9E0
S21402B5A86FB945B92A4621460A4810F05BF90A4A95
S21402B5B81388013B138001200CB0BDE8F0873B8856
S21402B5C8B28953405B06ECD52146504614F026FD58
S21402B5D80446D0E79457002092570020024B18885A
S21402B5E8003818BF012070479257002040232DE9E3
S21402B5F8F04397B0074611A88946ADF80E300EF00C
S21402B608BFF902238DF84430002304AE314638468B
S21402B61804937360F9F7B6FC0546002840F0958057
S21402B62838460EF029FD804610F027FA0446002810
S21402B63840F0BB8099F80130042B40F0B980EDF752
S21402B64807FD022840F08480EDF702FD022840F04C
S21402B6588B8096E8030003238DF8443012AB83E808
S21402B66803009DF85130002143F00603102209A872
S21402B6788DF85130F0F794FE09A911A80EF015FBC3
S21402B68840B111A80EF07CF930460DAB09AA11A9F3
S21402B6980EF010FCBDF846300DA943F0040311A8BD
S21402B6A8ADF846300EF05AFB102209F10A010DA831
S21402B6B8F1F7C2F90546002872D1EDF7C9FC02284F
S21402B6C806D13146FF2009AA0EF016FB00286AD1D9
S21402B6D834240025EDF7BCFC022808D19DF8513029
S21402B6E81B0704D430460DF10E0111F0EBF8214683
S21402B6F8304611F010F910238DF8183004238DF80F
S21402B7081A303346002203CBCDF81B00CDF81F10A3
S21402B71806A80B218DF8195010F02AF8024638B1FF
S21402B728002D14BF012303233146384603F078F868
S21402B738B8F1000F09D0342C07D106A8324639468C
S21402B74814F048F906A80EF07DFC17B0BDE8F083A1
S21402B758234621463046009411AA01F05FFE0028CF
S21402B7683FF472AFAD25C6E7EDF772FC012891D11A
S21402B778104B1B6803F08403842B8BD196E80300D6
S21402B78802238DF844301023ADF8463012AB83E816
S21402B79803009DF8513043F002038DF8513079E7E3
S21402B7A83324AD2596E7052494E72C46A325A2E77D
S21402B7B8AA25A0E7D04200202DE9F04336488DB0EE
S21402B7C8F8F78CFE14F0B9FA344D2B68C41A4FF405
S21402B7D87A73B4FBF3F4A4B214B114F0AEFA286088
S21402B7E82F4F4FF6FF763B88DFF8B880ADF80A3061
S21402B7F800233B8000210DF10A0010F014F80546DC
S21402B80858B9284B1B882BB14FF47A7122487143DA
S21402B81814F010F80DB0BDE8F0834FF000092423A9
S21402B8284A462946CDF8009003A814F070FCBDF8E5
S21402B8381A30A34294BFDB1A1B1B9BB2ADF81A3010
S21402B848CBB910F01AF9BDF8183003F040031843C4
S21402B85880B218B9322103A80DF0EEFFBDF81830F1
S21402B8681B0602D508980EF0F4F9B8F80030013B2A
S21402B878A8F80030BEE79E4228BF1E4601234A4665
S21402B8882946009303A8242314F041FC4A46294675
S21402B898384614F0A5FBADE7DC4100209C5000209A
S21402B8A89457002092570020F0B50446304A8DB0CF
S21402B8B81068516801AB03C3A378012B54D1162232
S21402B8C800210DF11A00F0F76BFDD4F82110D4F818
S21402B8D81D0003AB03C32388190644BF6268089297
S21402B8E8DA050BD5221D08AE04F114073546106892
S21402B8F85168083203C5BA422E46F7D1ADF8183059
S21402B90813F0040318BFA3690593EDF7BFFB0023E2
S21402B918ADF81A008DF81C3010F0AFF8E0B906A999
S21402B92803A810F0CFFF0022242103A80FF020FF5F
S21402B9380446D8B10020FFF73FFF002221460D48F3
S21402B94814F04EFB0C4A0020138801331380FFF7CD
S21402B95833FF00200DB0F0BD082201A903A8F1F7B5
S21402B9686BF80028DFD0DAE70220F3E71920F1E7C0
S21402B978E12304009457002092570020F7B50446A6
S21402B98800200E46FFF718FF104B1B88A34202D86A
S21402B998212003B0F0BD00210D4814F01BFB002542
S21402B9A801460B4F0029F3D0A54208D100242423D0
S21402B9B822463046009414F0AAFB2046E9E73846A9
S21402B9C814F02CFB01350146ECE700BF9257002025
S21402B9D8945700200148F8F791BA00BF9457002000
S21402B9E8014B1888704700BF9257002030B5154A99
S21402B9F88DB051680546106801AB03C307A80DF061
S21402BA08BFFFDDE90101032308AC84E803008DF8D3
S21402BA181C309DF8293003A943F0020307A88DF8C5
S21402BA2829300EF042F910B12D200DB030BD234654
S21402BA382868696803C303A907A80EF01BF900283B
S21402BA48F3D0F1E7E123040070B50C4611460E4A1E
S21402BA5823781278064613F0200542EA030222707B
S21402BA6818BF611D0822F0F7EDFC002D0CBF05205B
S21402BA780D20D4F80130B3602378337303F018032B
S21402BA88082B08BF013070BD245E0020042307B5CA
S21402BA9801200DEB0301054AF8F79AFD019B044ABB
S21402BAA81B03136003B05DF804FB00BF63E51100D7
S21402BAB8C042002010B5064C2368C3F30B0313B923
S21402BAC80448E2F7C5F92068431C236010BD00BF8E
S21402BAD8C042002063E51100014B1868704700BF9A
S21402BAE8C042002007B50020054B064A186004230A
S21402BAF80DEB03010190F8F76BFD03B05DF804FB4C
S21402BB08C042002063E511007FB511230A4A0120CE
S21402BB1801A9F8F75DFD094B9DF814201A70084B29
S21402BB281B780BB1052B05D10DF0CDFD012007B012
S21402BB385DF804FB0020FAE779EB0100235E00209B
S21402BB48245E00202DE9F04F0646CBB088460088D2
S21402BB580121174613F0BAFD2E4B3A463188ADF846
S21402BB68160006A810F06AFF0DF1280B5A46414641
S21402BB78C419308810F0ECFEE4B208EB0003A342C6
S21402BB8808BF044605464FF004091CBFA4EB080488
S21402BB98E4B223465A460121CDE900090BEB050A11
S21402BBA8CDF808B02D1B06A8EDF7BCFEEDB20BEBE0
S21402BBB804030093019523465A464146308810F0FE
S21402BBC8F5FE34883946204608F084FC394600F0EB
S21402BBD8F802204608F092FC0121308813F076FD20
S21402BBE801234A46514680B10DF11600F8F7CAFB02
S21402BBF801210446BDF81620308813F07BFDB4FAFE
S21402BC0884F040094BB0BDE8F08F3046F8F7BAFB2F
S21402BC180446F4E7AE5E00202DE9F04FC9B00446AC
S21402BC2888469246C118224A04A81F46FFF70CFF08
S21402BC384FF00409C519EDB208AB0293A5EB0A0B3F
S21402BC48A8EB0A035FFA8BFBA8EB0506DBB2F6B293
S21402BC5804EB0A02009301215B46CDF8049004A87F
S21402BC68EDF760FE06F590730DEB03025A44A2F553
S21402BC788072136808A844F80830E35D324623F059
S21402BC880703E3552C442146F0F71AFD08ABCDE925
S21402BC98019308AA00230121009604A8EDF742FEA4
S21402BCA83246204608A9F0F70BFD49B0BDE8F08FEA
S21402BCB8AE5E0020F8B5064611F08CFF811C0546DC
S21402BCC889B2304611F064FEF0B1EDB1294630462D
S21402BCD808F000FC1228074616D80C4B691C1C5C98
S21402BCE889B2304608F0F6FB2C44052FE4B205D19B
S21402BCF8052809D8064B1B5C1C44E4B2214630468C
S21402BD08BDE8F84011F044BE0020F8BD1EFE04004F
S21402BD1818FE0400F8B5054611F067FE04462846E4
S21402BD280FF00BFDA11C074689B2284611F030FE1B
S21402BD3800283ED0002C3CD02146284608F0CAFBF4
S21402BD480646611C284689B208F0C4FB0F2E30D876
S21402BD58194B9B5DE118731E89B2092B0ED8DFE8D2
S21402BD6803F009050D0D120D0D181E1EC40644BF5C
S21402BD78083189B2820601D5083189B22846BDE85B
S21402BD88F84011F005BE7B78DB0612D501EB4001C0
S21402BD98F3E700F01F0000EB40000144EDE71F2820
S21402BDA805D8092E0ABF4000022080B2F5E7C82847
S21402BDB8E4D00020F8BD00BF31FE0400F8B5064600
S21402BDC80FF0BBFC09220021054613F087FB00F1A1
S21402BDD81004284614F096F8E4B207462146304680
S21402BDE808F078FB0546304613F054FCBA05A0EB7B
S21402BDF80403DBB20AD47C2D0AD0082D0AD8064AD8
S21402BE08505D98428CBF00200120F8BD1220F8E74A
S21402BE180320F6E7FF20F4E742FE0400014B1878F9
S21402BE28704700BFC068002038B5114B04461B781F
S21402BE3808469BB9012038BDA24205F101050FD17B
S21402BE4803EBC1035B6898470028F3D11E202246FD
S21402BE584FF6FF7114F01FF80020ECE70025054B9B
S21402BE68E9B213F83120002AE6D11446EEE700BFFD
S21402BE78C0680020E8FD04004FF6FF7307B50222EB
S21402BE880DF106010348ADF80630E2F71DF803B0D7
S21402BE985DF804FB603202E0002307B5ADF8043013
S21402BEA8134B984221D10B88DA0703D5232003B017
S21402BEB85DF804FB9B0748BF4FF47F434FF002022E
S21402BEC80C480DF1060148BFADF80430E1F7D0FF83
S21402BED84FF6FF73BDF806209A42E7D102220548BC
S21402BEE801A9E1F7F1FF0020E1E72120DFE700BF23
S21402BEF81FD1BACA603202E0002313B502220380B9
S21402BF0804460DF106010F48E1F7B2FF2D2801D0CD
S21402BF18112805D14FF6FF73ADF80630FFF7ACFFD0
S21402BF289DF80630BDF806201BB1238843F00103AE
S21402BF3823800020FF2A82BF238843F0020323803F
S21402BF4802B010BD603202E0034B1B78002B14BF10
S21402BF58442056200E307047245E00202DE9F04F0C
S21402BF688DB0179C06468946CDE90223BDF858705F
S21402BF78D588ADF816103CB9EC0605D500970DF035
S21402BF88F6FC0DB0BDE8F08FC5F380242B054FEA0A
S21402BF98043448BF44F40064A80511D544F080046C
S21402BFA80A2E00F26981DFE816F09A002F001700C1
S21402BFB8370067016701370010009A0037009E00B5
S21402BFC8E90548BF44F04004EAE74FF001084FF09D
S21402BFD8020B4FF0000A14E008A95FFA89F010F085
S21402BFE87AFFDDF82500DDF8291006AB03C3A44B5B
S21402BFF833F81930ADF816304FF00008C3460DF185
S21402C008180A002F5DD125E006AA0DF116015FFA7F
S21402C01889F003F003FCEFE74FF6F773994540F211
S21402C0282B8115F4026F40F02781964B1B78022B62
S21402C03803D0043B012B00F2218147BB032E4FF0AD
S21402C04801080CBF4FF00C0B4FF0080BBA4624F44D
S21402C058C074A4B28C4B18884FF6FF73984206D069
S21402C0688A49F8F78FFF10B124F48054A4B2039BD0
S21402C07838460093BDF81620534644F4027108F079
S21402C08851FAADF82000002838D1192079E7384649
S21402C09813F000FB0246FFF757FF032E08BF0138CE
S21402C0A8824201DD38206CE7032E4FF001080CBFF0
S21402C0B84FF00C0B4FF0080B4FF0000A24F4C07434
S21402C0C8A4B2029B1B889BB91A46394606200093DF
S21402C0D80BF0A1FA0028BDD140F6014051E74FF017
S21402C0E80008C34675E74FF001084FF0030B70E7E8
S21402C0F8002339461A4607200093E9E74FF6FF73EE
S21402C108614A118899421CD00FF017FB03465E4A13
S21402C11804301188039313F0F7FE5D49039B0978F0
S21402C12814F4805FD9715949574A1FBF0868986046
S21402C1384868D8604FF6FF7313804FF0FF330B60E2
S21402C1484B605946029A08A808F0A8FA00289CD01C
S21402C158504C2378002B3CD1A7B1384613F09AFAF4
S21402C1680746BDF8200013F095FA23780744002BFB
S21402C17814BF12220022EB1003F0040317443B44B8
S21402C188842B8FDC15F400570AD0BDF820402046D1
S21402C1980FF0C6F940F4806189B220460FF0ABF979
S21402C1A8A6F10803012B05D801221021BDF82000AC
S21402C1B80FF0A7F9179BBDF8204043B32046BDF8F9
S21402C1C816100FF0F1F9BDF82030179A00201380E8
S21402C1D8D7E6AA06C0D56B0103F020030A2E14BFC1
S21402C1E843F0010363F07E03DBB2B8F1000F08D018
S21402C1F800215246009108A800F086FE0028ABD01F
S21402C208BFE61A46514608A810F043FDF6E7204650
S21402C21811F0EBFB179B02462146042000930BF015
S21402C228FAF900283FF458AF0A2E18D84FF4D96303
S21402C238F340DB0713D5072E0AD00A2E08D0BDF81E
S21402C248200010F039F880F00100C0B2800098E6AD
S21402C25808A80DF014FF0028F1D0042091E617B1C3
S21402C26825F04005ADB22B463146BDF820005FFAF0
S21402C27889F201F01BFF84E6012082E6162080E69A
S21402C28878540020285E002040680020C1680020FC
S21402C298E95E0020245E0020F7B50F469DF82810B8
S21402C2A80446DDE90B061D46F1B94FF6FF739C42BC
S21402C2B81CBF174B1C804FF000041CBF154B1A708E
S21402C2C8BDF8240008F080FA00232A46CDE9004388
S21402C2D8394606209DF82030FFF740FE10B90EB109
S21402C2E8AB7A337003B0F0BD78B14FF6FF739C4259
S21402C2F81FBF074B1C80074B1A7000220FF038FA34
S21402C30804460028DCD11920ECE72120EAE700BF22
S21402C31840680020E95E00202DE9F04788469DF82F
S21402C3282810074616461D469DF820A0BDF82490FC
S21402C3380B9839B158B300220FF01AFA044610B90E
S21402C348192025E00C464FF6FF739D421FBF114B7E
S21402C3581D80114B83F800A04FF6F7739E4208D84B
S21402C3680E4B4FF6FD761A784FF6FF73002A18BF63
S21402C3781E46484608F028FA00233A46CDE90843FE
S21402C38831464346BDE8F0470320FFF7E7BD2120C4
S21402C398BDE8F08740680020E95E0020C75D0020FF
S21402C3A82DE9F04786B09DF838600546DDE90FA806
S21402C3B80C4617469946B6BB374B1B78022B1DD13F
S21402C3C825BB4FF6F7739C4214D80026484608F059
S21402C3D8FBF900233A46CDE900632146FF232846A7
S21402C3E8FFF7BCFD38B9B8F1000F04D0BB7A88F85D
S21402C3F8003000E0012006B0BDE8F087043B012BC0
S21402C408DED908460DF038FE10B31DB3022D31D121
S21402C418ECF70CFEA042EDD9204B33F814204FF669
S21402C428FD739A4219E0BAF1000F32D01A4B1B7804
S21402C438022B05D1FFF788FDB042E6D23820DAE7AC
S21402C448043B012BF6D908460DF016FE0028F1D15A
S21402C4581620D0E74FF6F7739C42CBD8002EB4D0FE
S21402C4683146002250460FF083F906460028ADD121
S21402C4781920C0E7012DBDD104AA0DF10E01E0B2C4
S21402C48803F0CCF9064B1B78A342B3D9BDF80E20AD
S21402C498C5E72120AFE700BF285E002078540020B9
S21402C4A88F68002030B5104B87B005460C461868D2
S21402C4B8596803AA03C298680C4910609A88DB88F0
S21402C4C852BA23F04003ADF812300023CDE90043F8
S21402C4D8ADF81020FF23098803AA0720ADF80E50EE
S21402C4E8FFF73CFD07B030BDA0570020AC57002030
S21402C4F838B50C461146124A124D108022682A6038
S21402C50862686A60A268AA60E288500616D5EA8857
S21402C518520613D561B1002218460FF029F90146D2
S21402C52850B16088FFF7BEFF0522074B1A7038BD68
S21402C538084611F09BF9F2E71920F5E70220F6E71C
S21402C548AC570020A0570020FA5E00202DE9F04FD5
S21402C558074689B0104615461C468A4611F045FA23
S21402C5680146284607F0B6FF064628460FF0E5F8C5
S21402C578043013F0C7FC80460FF07FFA804550D08F
S21402C588B2074ED1DFF8AC80284605A9B8F800B045
S21402C59811F031FB9DF81930A8F8007003BBBDF8FE
S21402C5A81430EBB928460FF0C8F8023013F0AAFC8C
S21402C5B84FF6F773984294BF4FF000094FF00109FF
S21402C5C801230134E4B22A463846CDF8009005A97C
S21402C5D8039303F0C5FE039B40B901339C421ED267
S21402C5E80020A8F800B009B0BDE8F08F022CF8D1F8
S21402C5F8012BF6D10C4A0D4BA3F800A01378591C50
S21402C60811700B4A7F3B16F00C01137007D1BDF868
S21402C6181A305B0603D5BDF81600FFF743FF022360
S21402C628D1E70020DFE700BF265E00204068002032
S21402C638E95E0020AC5700202DE9F04FABB00F465C
S21402C648ADF81E000FF079F800F1020A06465046C9
S21402C65813F058FCBDF81E400546204611F0C5F9F1
S21402C6680146204607F036FF814600F00308301DD3
S21402C67813F048FC434C20800FF0FFF9A8422DD057
S21402C6884FF6F7739D4229D87378DA0726D42846D8
S21402C69810F07BFD30B101232946BDF81E20208804
S21402C6A8FFF754FF0FF0E9F9364B1B8883420FD188
S21402C6B8BDF81E40204611F098F90146204607F0BC
S21402C6C809FF10F00C0103D1BDF81E0001F0ACFD05
S21402C6D800222D4B1A602BB0BDE8F08F2B49BDF80F
S21402C6E81E0011F088FA2A49BDF81E0011F0C7F993
S21402C6F80028274B08BF0023234ABDF81E001360F4
S21402C7080EF0A7FF234B1870BDF81E000EF0A6FF0A
S21402C718214B1870BDF81E000EF0ABFF1F4B1860B9
S21402C72800238DF82230002F3ED0184BDB889B065C
S21402C7383AD50FF0A2F910B3194B1B689D071ED401
S21402C748B8F1010F14BF082318230DF12202009234
S21402C75800220DF11E00114600F0D6FB20B3B8F1F8
S21402C768010F9FD10F4B1B78112B9BD110F030FB7A
S21402C778002897D140F61D40F9F7E2FF92E7082312
S21402C788E3E700BFAC570020A4500020A0570020C3
S21402C798E15E0020DB5E0020DA5E0020905000207A
S21402C7A8D0420020285E0020504613F0ABFB82469B
S21402C7B8BDF81E0012F06EFFA0F11005EDB22A4673
S21402C7C831460AA8EFF77CFFFF238DF82F304FF685
S21402C7D8F7739A4540F2DF80B8F1010F00F0E78060
S21402C7E8B8F1020F00F04681B8F1000F7FF45AAF95
S21402C7F8A44DBDF81E00EB88ADF8240004930EF095
S21402C8089CFFBDF824600746304611F0EEF8014654
S21402C818304607F05FFE8DF82300B81C7E7813F0CA
S21402C82871FB07460FF029F906F00106B4F80090E6
S21402C83803906C88002E7FF435AF4FF6F77A42469F
S21402C848494657458CBF0620082013F024FBBDF83E
S21402C85824B0584611F0C9F8594602464346042001
S21402C868CDF800800AF0B4FE574583460AD8B5F9D3
S21402C8780620EB88002A05DB580603D541462046E3
S21402C888FFF710FEBBF1000F3FF40CAF2B88002B0E
S21402C8985AD16B79002B57D14FF6F7730DF1260153
S21402C8A89F42BDF8240094BF4FF0000B4FF0010BD7
S21402C8B810F070FBDFF8D8A100F1FF38BAF80030A4
S21402C8C81FFA88F10593EB88BDF82600069307F051
S21402C8D801FE069B04990190009322465B46059842
S21402C8E8C1F340110DF0D5FB00283FF4DBAE04235C
S21402C8F806200093BDF82610624B5FFA88F20AF00B
S21402C90867FE00283FF4CEAE48F202036A889A42CF
S21402C91805D1BDF82410BAF8000000F08DFF594D75
S21402C92809AA29460DF123000DF0B1FB034600289B
S21402C9387FF4B8AE2104BAF80000BDF8242060D50A
S21402C9482346294610F03BFB9DF823304D4D03F055
S21402C9580C030C2B75D1288910F0FCFA00283FF43A
S21402C968A1AE039B002029894B4514BF0226032645
S21402C97802F02CFE444B18704FF6F7739F42BDF830
S21402C988240075D8A4F138025342534132463D4931
S21402C99804F066FC86E6B8F1020F6BD0394BB3F9A1
S21402C9A80630002B26DAB8F1010F7FF41DAF0FF020
S21402C9B864F8238883423FF475AE0520BDF81E103E
S21402C9C8FFF732FA00283FF46DAE2E4AD3885B068C
S21402C9D807D50023CDE900330A20FF232188FFF775
S21402C9E8BDFA3A469DF822302188BDF81E0002F0AC
S21402C9F823F957E629460AA800F070F80028D2D08C
S21402CA0850E60221DFF88C8088F800102946CDF817
S21402CA1800B003F0A5FC132C96D0EB885D0493D4E3
S21402CA281A4B1B78D80703D598F80020022A8BD011
S21402CA3899077FF537AE98F80030012B7FF432AEAF
S21402CA4882E700222B79124800936B7911460088F8
S21402CA5802F0E4FD0C4B18709DF8233003F00C032B
S21402CA68082B89D1039B4B4514BF0426052683E76A
S21402CA7801238BE74846BDF81E20024901F048FB11
S21402CA8810E600BFA0570020F95E0020C95D00200E
S21402CA98AC570020EA5E002010B5002108480EF0C8
S21402CAA8C2FE044650B101460420FFF7BDF928B17C
S21402CAB82046BDE810400121FFF7BEBD10BD00BFED
S21402CAC890570020034BFF211A7803489200EFF78D
S21402CAD867BC00BF90680020F83E002070B5451875
S21402CAE804464FF0FF31AC4212D1104B10481A7868
S21402CAF805460023934211DB0E4C2078431CB3FBF9
S21402CB08F2F602FB163345F82010237000200CE0DC
S21402CB1814F8010BE0F70CFB0146E4E750F8044B67
S21402CB28A14201D00133E5E7012070BD90680020DC
S21402CB38F83E0020EB5E0020042307B501200DEB2B
S21402CB480301054AF7F744FD019B044A1B031360D9
S21402CB5803B05DF804FB00BF23E11100A0500020DB
S21402CB68014B1868704700BFA0500020014B186898
S21402CB78704700BFA050002010B5064C2368C3F3C8
S21402CB880B0313B90448E1F763F92068431C2360D2
S21402CB9810BD00BFA050002023E111002DE9F04F80
S21402CBA893B003930023DDE91C79069399F80030C5
S21402CBB883460DA804930E4615460CF0E1FE99F836
S21402CBC8003013F003043ED0039B0DF1250A8DF8BE
S21402CBD824300022082138460EF0E1FE002870D0E4
S21402CBE828880EF0AAFD99F800301C074CBF0430BE
S21402CBF8023013F087F907A98046F7F7D7FE9DF8A3
S21402CC0824300446980633D5288806F10D0110F01C
S21402CC18BFFEA8B100230093384608232988721D50
S21402CC2813F075FA99F8003003F01803182B4AD156
S21402CC38B8F1000F47D0A94BB3F86830434542D045
S21402CC4840F60A4327E02888711D10F0A1FE002846
S21402CC58F6D0009405233246298809A813F057FA15
S21402CC689DF824300DF1240A03F018030393B0E765
S21402CC7814BB39464046F8F785F90028D2D099F809
S21402CC8800309907DCD0402322462146404610F061
S21402CC9844FA40F6094399F8002012F0030440F0DB
S21402CCA8F780288803930EF0ABFC224601461A202A
S21402CCB813F0F1F8039BEBE007AB03CB386079601F
S21402CCC8B0E74FF6FF780DF0C5F9044620B1042107
S21402CCD83846F7F793FE04461E9B002B5AD00923C4
S21402CCE81E990DA88DF834300CF0C4FF209B0BB1AA
S21402CCF8209B0693039B002B40F08E800DA8ECF732
S21402CD0873FE99F800309A0700F09880FFF734FF10
S21402CD185146024601200DF0E9F999F800309B07C2
S21402CD2810D55946288810F02CFF0BF1090350FA43
S21402CD3883F35FFA83FB5946288810F0F9FE00EB66
S21402CD480B06F6B299F8003013F0C20F0AF1040384
S21402CD580DD09DF82420624942F020028DF8242046
S21402CD680A68CAF804204A685A600AF10C030122C3
S21402CD7809A800921B1A324629889BB213F0C7F9F3
S21402CD88324659462846FEF7DDFE002800F0A48003
S21402CD9800237DE01F9B5BB19E460DF1340CBEE876
S21402CDA80F00ACE80F00DEF80030CCF800309DE744
S21402CDB8049B594603F020032888049307F08AFB4D
S21402CDC810F0030F0CBF012300230593049B059A5A
S21402CDD8003B18BF012342EA430300930DAA06ABA1
S21402CDE838461F9900F01AFB049A034682B10028B7
S21402CDF880D0059B0DAA0093384606AB1F9900F013
S21402CE080DFB034699F8002022F0200289F800203C
S21402CE18002B3FF46FAF3EE7039B102B06D1BDF8FD
S21402CE28363043F00103ADF8363067E7039B182B1C
S21402CE384FD1BDF8363043F00203F4E701200DF176
S21402CE4825010DF061F999F80030824613F0040FB7
S21402CE58288821D1069B1BB3002C35D00EF0D0FBB8
S21402CE6800220146162013F016F884B17FB14FF659
S21402CE78FF7398450BD000230DA91A4638460DF0C5
S21402CE8819F8394640469DF835200DF0FBF801237F
S21402CE98184613B0BDE8F08F002CDFD1104F01E022
S21402CEA8002CDBD100233246009359463B460FF04E
S21402CEB8F0FD00283FF4C4AE002C3FF469AF069A92
S21402CEC80AF10103136063E71B685345C6D80124B9
S21402CED8E8E740F60A43DBE71923D9E7884F00203C
S21402CEE8AE5E0020002307B5054A064813600422F2
S21402CEF80DEB02010193E0F7E7FF03B05DF804FBD0
S21402CF08A050002023E111002DE9F04F0446B1B0ED
S21402CF1800888DF82F3016468A4610F066FD0146C0
S21402CF288146208810F004FE00EB0908208810F0DD
S21402CF3851FE00239DF82F505FFA88F815F0010776
S21402CF480790ADF8363008D101460DF13602208832
S21402CF5810F0D8FC08B1ADF8367016B9CDE90E66F1
S21402CF680EAEFEF73BFB18B145F020058DF82F50A4
S21402CF780023CDE9033302930DF12F03CDE90063B5
S21402CF882246534641464846FFF708FE054600280D
S21402CF9800F0CA809DF82F3013F0010747D123F01E
S21402CFA820038DF82F300EF068FD68B17C4A10AB6E
S21402CFB81068516803C3184600F002FA0546FEF7E1
S21402CFC80FFDBBB298423BD83A9B13B100233A9A5C
S21402CFD81370BDF83630CBB10121208812F076FBEB
S21402CFE827880546002800F0CA800121384612F034
S21402CFF86DFBBDF836700546384612F04BFB00232B
S21402D00800903A461946284610F0FFFB0023CDE961
S21402D018033302930DF12F03CDE9006322465346EC
S21402D02841464846FFF7BAFD054600287CD00EF072
S21402D03824FD002840F0BA80284631B0BDE8F08FBB
S21402D04818AB14AA26A9F8B20CF089FF002840F0FB
S21402D0589480082210A927A8EFF7EEFC8346ADB104
S21402D0689DF8A53013F0020F08930FD0082212A9D4
S21402D07827A8EFF7E1FC48B9089B590706D53A9B5B
S21402D08813B101233A9A1370089507E03A9B002BCE
S21402D09861D1BBF1000F70D1002308930DF1740C17
S21402D0A814AB0FCB8CE80F00BDF83630CBB101219C
S21402D0B8208812F00BFBB4F800B000284FD00121EC
S21402D0C8584612F003FBBDF83620834610460992EE
S21402D0D812F0E0FA00231946099A0090584610F012
S21402D0E894FB304B0DF1740B0493002303930DF15C
S21402D0F82F03CDE900632246534641464846CDF8FB
S21402D10808B0FFF74BFD002837D1002D33D012AAFE
S21402D1185B464FF482714FF4005000F0D9F8089B32
S21402D12813B126A80CF027FD0EF0A7FC88B11E4BFB
S21402D1381B689A070DD4FEF751FA50B1184A18AB75
S21402D1481068516803C3002226A918A80FF07EFBB0
S21402D15800BB002570E700233A9A137099E7BDF8DA
S21402D16836200A901046099212F094FADDE909234D
S21402D17807990090B2E72A46CAE701371FE7BDF8C3
S21402D18836B0584612F086FA2B4600905A4638466B
S21402D198079939E726A918A80FF094FBD3E700BF2A
S21402D1A8E1230400CC420020D04200209DF82F3014
S21402D1B803F01103102B7FF43FAF3E4B1B78432B33
S21402D1C87FF43AAF3C4B1B685B067FF535AF208889
S21402D1D808F1050110F0DCFB834600283FF42CAF6B
S21402D1E84146208807F076F9344B10F0200F08BF26
S21402D1F81E4612A800F0E4F80822314612A8EFF7F5
S21402D2081BFC002852D0314612A80CF0FCFE012363
S21402D21826AE00933246002314A912A800F0FEF8A0
S21402D22800287FF409AF12AB0DF12F07CDE9036092
S21402D2380290009322465346414648460197FFF716
S21402D248ADFCA8B3BDF89A30102043F0080318AA1C
S21402D25814A9ADF89A300FF0D6FA00287FF4ECAE8F
S21402D26812ABCDE90360CDE901700093224653461E
S21402D27841464846FFF792FC054600287FF4DCAE96
S21402D28818AB4FF49071002012AA00F021F84FF064
S21402D298005100200FF051FDBBF1000F3FF459AFCB
S21402D2A84FF0805100200FF048FD52E78346AEE764
S21402D2B814ABE6E7285E0020D0420020F24F00209A
S21402D2C801461A230120014AF7F782B924E1010030
S21402D2D8F0B5164691B0074609A80D461C46FFF754
S21402D2E8EFFF3EB1336845F04005CDF82630736847
S21402D2F8CDF82A301B4B1A6822EA070242EA0501D1
S21402D30819604B040DD5BDF824200B0A03F4E2433A
S21402D318C9B222F4E3420B4322F07F021343ADF86C
S21402D32824301A230020104A09A9F7F751F9B4B194
S21402D33804A80CF025FB02236A468DF81030154621
S21402D348234604F11006144618685968083303C4BD
S21402D358B3422246F7D1294604A80CF08BFC11B03A
S21402D368F0BD00BFD042002024E1010047F2FF10C2
S21402D378044B196841F48042014041F480411A6026
S21402D3880FF0DBBCD042002000B589B0FEF7BCFB2C
S21402D39801A8FFF795FF0948BDF8042001681302A3
S21402D3A821F0FF0103F4E2030B43D2B2134343F422
S21402D3B88043036009B05DF804FB00BFD04200203A
S21402D3C810B50C4B0446186888B0830706D54FF08C
S21402D3D8FF3323600120636008B010BD10F04000E0
S21402D3E8FAD001A8FFF76CFFDDF806302360DDF8F7
S21402D3F80A30EFE7D042002008B5074B02461B6802
S21402D40813F0400305D118461946FFF761FF0120BD
S21402D41808BD0020FCE700BFD04200202DE9F047F7
S21402D4289EB080460C461D4691469DF898A0A2B12D
S21402D438164630460CF0A4FA1AF0020F0FD004B9BA
S21402D44817AC22463146404601AB0CF066FD0DB1DC
S21402D45800232B601EB0BDE8F0870DAEE9E701ABEE
S21402D4683146404605AA0CF025FD73780AF0010AF3
S21402D478FF2B26D0002840F0B68054B105AA09AF83
S21402D488134603CBBB42206061601A4604F10804C7
S21402D498F6D125B17278554B03EB82032B60BAF1AD
S21402D4A8000F01D10020D5E7BDF80430D906F9D41B
S21402D4B818204FF6FF71727812F0EDFC40F60E4017
S21402D4C8C8E74B4F3DB10EF0D8FA10B13B689A0741
S21402D4D82BD500232B603B6803F03003102B01D0BA
S21402D4E8202B24D117A8FFF7EBFE082240460DF1A1
S21402D4F85E01EFF7A1FA20B13B6803F04403402B24
S21402D50815D0BAF1000F15D109A80FF01AFC02239C
S21402D5183370002C4CD1B9F1000FC3D00EF0ADFA1F
S21402D52860B3301DFFF74CFFBCE7324BD2E740F63C
S21402D5380A408FE73B68DB03E6D509A80FF001FC33
S21402D5480223337074BBB9F1000FB1D00EF095FA0E
S21402D558F0B1301DFFF734FFAAE73B6803F08403F7
S21402D568842B2CD009AB0DAF1A4603CABA422060E8
S21402D5786160134604F10804F6D105E025463B68C7
S21402D58803F08403842B28D0301DFFF719FF26E00A
S21402D5983B68012503F08403F4E73B68012503F0A2
S21402D5A88403DDE70EF069FA0028F6D00125D9E7EC
S21402D5B80EF063FA05460028CFD00025D2E712A857
S21402D5C80CF0DEF9022312A88DF84830ECF70CFAB4
S21402D5D8224608214046ECF75FF910237380002D97
S21402D5E83FF460AF64E72D2034E700BF543E0020C6
S21402D5F8D0420020CC42002049B9084B197849B1DC
S21402D6084EF66023594328B1054812F013B941F281
S21402D6188831F8E70248F6F761BF00BFC85D002008
S21402D6281C42002070B586B005460EF026FA10B9E0
S21402D638022006B070BDF7F745F80028F8D001A812
S21402D648FFF7BEFE06460028F2D08DB92E4B1C68A0
S21402D65814F0020406D02D4B1B78112BE8D12C4B64
S21402D668B3F868404FF481630221ADF80C3023E02A
S21402D6782846F7F70FFD0028DAD1234B1C6814F06A
S21402D688020406D0214B1B78112BD1D1204BB3F8BC
S21402D69868400822294601A8EFF7CEF90028E1D00B
S21402D6A84FF4027300260A21ADF80C302B68CDF829
S21402D6B80E306B68CDF81230002203A80EF058F828
S21402D6C8024608B91920B4E70F4B196801F030036F
S21402D6D8102B17D0202B14BF01230323490001F077
S21402D6E804010B432046002101F09AF80028E9D0ED
S21402D6F800210120FFF780FF16B10122054B1A70A0
S21402D708002096E70323E9E7D0420020285E00209F
S21402D718884F0020E05E002030B5002585B0CDE9B0
S21402D7280055F6F7DBFE0EF0A8F91E4C60B905F0B8
S21402D738AFFF0D25002108462170FFF75DFF294639
S21402D74868460CF079F818E023784BB31649174860
S21402D7580A780078904223D90132012B0A700ED13A
S21402D7682A464FF4A071284602F012FDC0B2B8B994
S21402D77841F288310E4812F05DF805B030BD022B32
S21402D78809D1284602A9F7F7FDFB0028EED102A820
S21402D798FFF748FFEAE7032B02D101F0FBF9E5E7BA
S21402D7A80425C7E7EC5E0020ED5E0020C96800206D
S21402D7B81C42002070B51B4A1B4D0446516810686F
S21402D7C886B02E7801AB03C31EB10224204606B0EB
S21402D7D870BDF6F7CFFF0228F7D10EF04EF90028F3
S21402D7E8F3D003A800F03AFE082201A90DF10E00B4
S21402D7F8EFF722F9A0B10D4B32464FF4A07130462E
S21402D8081C7002F0C5FC04460028DFD10123084A32
S21402D81841F2883107482B70137012F00BF8D5E7DF
S21402D8282324D3E74BFE0400EC5E0020C9680020E0
S21402D838ED5E00201C420020F0B50C4600219BB08D
S21402D8482B4F0646492207A80691EEF7A9FD3B7814
S21402D858012B34D19EBB0DF10E0120460FF09AFB28
S21402D8680546BDF80E0011F015FF441BE4B2BDF8DC
S21402D8780E1023462A46009606A812F048FC3046A2
S21402D88804A9F7F77FFBD0B9CCB19DF81920B2B935
S21402D898BDF8233003F47E43B3F5285F1ED3B3F5F1
S21402D8A8385F0ED31349BDF80E000B6843F4000325
S21402D8B80B6029460CF0C1FB18B104233B701BB061
S21402D8C8F0BD01220C4B04A81A70FFF7ABFE41F21A
S21402D8D888310A4811F0AEFF0223EFE711463A7084
S21402D8E8FFF78AFE1E2104A80BF0A6FFE7E700BF93
S21402D8F8EC5E0020D0420020ED5E00201C42002094
S21402D908014B1870704700BFED5E0020014B187877
S21402D918704700BFEC5E0020014B1870704700BFCE
S21402D928EC5E00202DE9F04F0446408891B00E299F
S21402D9388846ADF81A0079D094F80890A7790DF0C1
S21402D948FCFE09A90546BDF81A00E67910F053F957
S21402D958BDF81A000DF0E4FD420542BFBDF82A30B4
S21402D96843F40053ADF82A30E379DB0642BFBDF82C
S21402D9782A3043F48053ADF82A30BDF82A30980688
S21402D98813D5022F57D10CA9207A0FF0A4FADDF886
S21402D9983500DDF8391007AB03C307AA00210423B4
S21402D9A800910DF11A00FFF7AFFA0121BDF81A002F
S21402D9B811F08CFE022F824649D1474B33F8195094
S21402D9C8B8F1000F7ED0BDF82A2051067AD54FF658
S21402D9D8FB739D4276D8414B1B78033B012B04D838
S21402D9E83F4BB3F86830AB426CD0D30502D5284615
S21402D9F80FF053FCBDF82A30D80463D5002F33D174
S21402DA08BDF81A000DF08CFDC10663D548F2340342
S21402DA18BDF826209A4209D1324E3078FF2805D022
S21402DA2803222946FBF782FBFF2333700023236079
S21402DA3811B0BDE8F08F012F01BF237A2A4A03EB03
S21402DA48430302EB830314BF00229A1CA6E7012FA6
S21402DA5805D10C2303FB09F3234AD55AB0E7A81CC1
S21402DA6812F050FA0546ABE7284601F0F7FEBDF875
S21402DA781A000DF055FDC206C8D4638950460593B0
S21402DA8811F008FE8346504611F0E8FD059B029009
S21402DA985FFA8BF04A46394601900093404609AB36
S21402DAA80BF062FEB8F1000F14BF0B20092016F027
S21402DAB8030218BF02F1FF32294618BFD2B212F08B
S21402DAC8EAF9A3E7BDF81A000DF02AFDC3069DD4AD
S21402DAD8002FD2D1A946D0E778540020295E00202C
S21402DAE8884F0020CD680020B853002038B500249F
S21402DAF80F4B104D2A78A24205D8C2B9BDE8384065
S21402DB080D48F6F7EBBC598869B9013AD2B2A24277
S21402DB182A70EFD0121B184603F110011201EEF715
S21402DB2891FC0346E6E701341033E4B2E2E738BD77
S21402DB38583E0020F05E00206467002070B51A4B3D
S21402DB481A4A1D780023DCB2A54200D870BD1446D6
S21402DB5866880133864202F11002F4D1E379A58879
S21402DB68E16003F040028DB9CAB123F00403E37101
S21402DB780DF0E3FD037803F07F0303702188002984
S21402DB88E4D1BDE870400A4811F054BE0021658011
S21402DB98A180002AE9D1BDE87040FFF7A7BF20465A
S21402DBA8FFF7C0FEF7E700BFF05E0020583E0020F1
S21402DBB8646700202DE9F047044686B040880F4681
S21402DBC815460DF0BAFDA3798046082B52D8DFE831
S21402DBD803F0052E1851515151510500023012F02A
S21402DBE891F9002D4ED06946F7F7CCF9002841D1B5
S21402DBF8684601F0DDFEB0FA80F0400906B0BDE8DE
S21402DC08F08702A9207A0FF066F96B466E46DDF8B1
S21402DC180D00DDF81110334A03C3237A32F8139045
S21402DC28314AD05C75B131460FF079F9E6E7237AC6
S21402DC382E4903EB430301EB830231F82390907AD3
S21402DC48961CEFE74FF6FB7AD14515D9304603F016
S21402DC58ADFF4FF6FF739842054615D0014630468B
S21402DC6801F018FE554508D9E379DA060ED440F6CF
S21402DC782243E3600020C1E74D46294608F1020028
S21402DC8812F042F90120B9E74D46EDE74FF6FC7867
S21402DC98454512D103F00C030C2B1CD1DFB13046DC
S21402DCA84FF6FD7101F0F6FD40F61F412046E16091
S21402DCB8FFF738FEFFF71AFFDCE74FF6FD739D42C3
S21402DCC809D10023304619461A4602F02DFB414672
S21402DCD8304601F0DFFDE37943F00C03E37140F6CA
S21402DCE82343C6E778540020D45D0020B8530020AA
S21402DCF873B5044640880E460DF01FFD023012F03A
S21402DD0801F90CF0B9F918B1A11C201D0CF0B9F9EB
S21402DD18E6B1E5790135EDB2E57115F0400514D0A6
S21402DD28EBF77EF90122054600212046FFF742FF5F
S21402DD3818B1394B1B882B449DB2384B1B78042BE1
S21402DD4801BF354B1B885B199DB2258000223146E0
S21402DD582046FFF72FFF20B360880DF0EEFCE2792D
S21402DD682F4922F00C03E3710B7805460133DBB228
S21402DD780B70C3712B4BA61C1B780BB3E379980662
S21402DD881ED52949097871B159060CD592070AD5C4
S21402DD9800220423114630460092FFF7B5F810B168
S21402DDA8E06002B070BD00220123114630460092A0
S21402DDB8FFF7AAF820B1E37943F00303E371EFE72C
S21402DDC830460CF05CF90028EAD16088FBF77EFD45
S21402DDD80328E6D8DFE800F0020D1D19E37943F0C0
S21402DDE80403E3711B06DCD5104B1A78104B1A7025
S21402DDF8D7E740F62443E360E37943F00803E37188
S21402DE082B7803F07F032B70CBE740F62543E360BD
S21402DE18C7E740F62643FAE718680020295E00207E
S21402DE28265E0020245E0020CA680020CC5D002002
S21402DE38EF5E00202DE9F74F064611F079FF5F4B9B
S21402DE480546B3F8009018805D4BA0EB09041B78D2
S21402DE58A4B2A34298BF00234FF000084FF6FF77FC
S21402DE6888BF1B1B564A88BFDBB21370DFF864B143
S21402DE78A9EB00030093534B5FFA88F21978914294
S21402DE880ED80EB1FFF732FE4FF6FF739F4200F030
S21402DE988E8039464C4803B0BDE8F04F11F0CABC34
S21402DEA8BBF80220002A3CD0484B9BF8072018787B
S21402DEB8BBF800A0042818D00020BAF1000F08BF4B
S21402DEC8A2462044504523D2BBF80010009B1944B2
S21402DED8ABF80010002E4ED002F04802482A4AD16B
S21402DEE800215846FFF704FF45E00192F6F790FF37
S21402DEF830F01003019ADFD1FAF702FD344B019A8B
S21402DF08B3F800C08445D7D9ACEB000080B2D4E79A
S21402DF1802F00C00042807D10022ABF800200BF10F
S21402DF28100B08F10108A6E7510602F0030C02F0EE
S21402DF3808000ED528B3BCF1030F25D1DEB1DBF8F5
S21402DF480C105846002908BF4FF44261FFF7EAFC56
S21402DF5811E040B3BCF1010F25D11206EED44FF4FE
S21402DF68C862ABF800209BF8072022F0030242F0B2
S21402DF7802028BF80720BBF80020974228BF1746F4
S21402DF88CDE703208445D9D213060ED50C4B1A7852
S21402DF980AEB0200844208DA4A44521B0AEB0201E0
S21402DFA8ABF80010E7E70120ECE7012199E70648FD
S21402DFB803B0BDE8F04FF6F791BA00BF96570020B7
S21402DFC8EF5E0020F05E002064670020295E0020D5
S21402DFD818680020583E0020F8B500250A4E0B4F58
S21402DFE83378ECB2A34204D8BDE8F8400848F5F7FF
S21402DFF885BF07EB0414A01CF5F780FF201DF5F774
S21402E0087DFF0135ECE700BFF05E0020583E002099
S21402E0188C57002070B500240B4D0C4E2B78A3426B
S21402E02808D81B1BDBB22B706BB9BDE870400848DA
S21402E038F6F754BA06EB041040F621410134FFF70E
S21402E04871FCE4B2EAE770BDF05E0020583E00209C
S21402E058646700202DE9F041002506462F46114C3C
S21402E068DFF8448098F80020EBB29A4203D8BDE85D
S21402E078F041FFF73BBD60880DF05FFB023011F000
S21402E08841FFB0420AD16088F8F74AFA00230E2107
S21402E0981846628803F086F92780678010340135AF
S21402E0A8E0E700BF583E0020F05E0020F8B5154EA7
S21402E0B8DFF858E035789EF800E0134FAE454FEA91
S21402E0C8051C07EB051419D0002503F4835343EA0D
S21402E0D81323A1712272E371608027F80C50A58081
S21402E0E806F078FB40F60243E3603378608101333A
S21402E0F828463370FFF79EFE2846F8BD40F60340D2
S21402E108FBE700BFF05E0020583E00208E68002025
S21402E1182DE9F04F344B0D461C78174685B05CB98E
S21402E128B1F90680DFF8C890DFF8C8A0DFF8C8B0F3
S21402E13899F80030A34202D805B0BDE8F08F0AEB82
S21402E1480416B08800B9708801A90FF054FDAA7A9F
S21402E1589DF80E309A4244D1B8F1000F0FDA297AA8
S21402E1689DF80C202B89914209D82048007808444B
S21402E178824236DA521A1B0A1341D90731D5384673
S21402E1880FF028FDBDF80A3004469A0602D5EB8839
S21402E1989B06D1D5F37903F00C03042B08D17088BB
S21402E1A8F8F7BEF9002372881946184603F0FAF8FB
S21402E1B800213046FFF7B6FBFFF798FC384611F009
S21402E1C869FA844208D2337A01228BF8003029464B
S21402E1D80023384603F044F8B8F1000FACDA0024FE
S21402E1E8A6E70134E4B2A3E7EE5E00208D680020BD
S21402E1F8F05E0020583E0020F95E002008B511F0B7
S21402E20897FD074B1B88C01A80B2B0F5807F05D9E8
S21402E218BDE808400021034811F00CBB08BD00BF4A
S21402E22896570020646700202DE9F04788B0044618
S21402E2380D460FF0DAFB0146204606F04BF910F0C1
S21402E248030340F0848010F00C0F06D129462046BE
S21402E25808B0BDE8F047FFF771BC20460DF060F93C
S21402E268C10659D420460FF0C0FB0146204606F0E8
S21402E27831F9074620460DF060FA0646023011F0DC
S21402E28841FE05A98046204607F00C0796F806A028
S21402E2980FF0B1FC73780C2F0CBF03270627012159
S21402E2A813F0010F204618BF032711F00FFA2B4B65
S21402E2B881461B78033B012B1DD9BAF1010F1AD9E7
S21402E2C84FF6F773984502D8337A1F2B13D9301DA9
S21402E2D811F018FEF17982460DF035FE06465046D4
S21402E2E8F7F726FDDEB173685A1C04D0834340F65E
S21402E2F8284308BF1D461A4B1B88A34212D1B5FAFB
S21402E30885F04009FAF7A6FD20460DF037F90022F7
S21402E3180146072011F0BFFD08B0BDE8F08740F6B9
S21402E3282845E8E706F056FA8246484611F0B2F95A
S21402E3380646484611F092F9F6B202904246394627
S21402E3482846CDE900A605AB0BF00EFADCE7012B52
S21402E358E2D110F00C0FDFD178E700BF295E00206B
S21402E3688C570020002210B5094B1C78094BD1B2F5
S21402E3788C4201D8002010BD197A814202D19979BF
S21402E388022902D010330132F1E70120F3E700BF79
S21402E398F05E0020583E00200146002210B5084BC9
S21402E3A81C78084BD0B2844201D8002010BD187AD7
S21402E3B8884202D198790128F8D010330132F1E761
S21402E3C8F05E0020583E0020002210B40A4B1C784B
S21402E3D80A4BD1B28C4203D85DF8044BFFF786BBD2
S21402E3E8197A814205D19979012902BF002119803B
S21402E3F8598010330132ECE7F05E0020583E0020C8
S21402E408044B1B6813F0300F03D0202130200EF087
S21402E41894BC7047D0420020002310B50446084931
S21402E4281A4601EA00414FF07F60FEF751FFE30704
S21402E43803D5002130200EF080FC002010BD00BF5E
S21402E44800007207044B5B8823F4784323F08D039D
S21402E45803800020704700BFD042002008B5002283
S21402E4680346C3F80220C3F806200B4A0230126895
S21402E478D1B212F0200F18BF41F01001198093078D
S21402E48801D4FEF79DFF054B1B78023B032B8CBF7E
S21402E4981720002008BD00BFD0420020285E0020BA
S21402E4A838B505460C46FDF72FFB98B10E4B187883
S21402E4B878B10E4B1B681A040FD58CB113F0420FB5
S21402E4C800D17DB103F44073B3F5407F0CBF002042
S21402E4D8232038BD40F60840FBE740F60B40F8E735
S21402E4E82046F6E72320F4E7245E0020D0420020E8
S21402E4F8F0B504468DB007A80D4616460BF040FA4E
S21402E5081022002103A8EDF74BFF5CB1234603ACAB
S21402E51803F11007224618685968083303C2BB423B
S21402E5281446F7D1012703A986EA070307A88DF838
S21402E5381C708DF81D300BF08EFB80EA070401A8CC
S21402E548E4B2EBF7AFFAB6B101A88DF80650EBF7CE
S21402E558D5FA64B1002303A907A88DF81D300BF07D
S21402E56889FB0C4B1B78432B01D1F7F7CFFC0A4BE0
S21402E5781D700DB0F0BD01A88DF80750EBF7BEFA76
S21402E588002CF6D003A907A88DF81D700BF072FBB5
S21402E598EFE700BF285E0020235E0020F0B50125C5
S21402E5A893B007460DA80C460BF0EAF905A90DA884
S21402E5B8ADF834500BF079FB01A8EBF773FA09A90A
S21402E5C80DA88DF835509DF806600BF06EFB0DA869
S21402E5D89DF807500BF0FFFA70BB731BDBB2802B5B
S21402E5E828D91FB1A64225D0A54223D105A90DA830
S21402E5F80BF040FB03A8EBF755FA03A88DF80F605B
S21402E608EBF77CFA0122294609A8FFF771FFF7F70C
S21402E61833FD01214FF4007003F0E6FDFDF75CFAC6
S21402E628B0F1004F01D9FDF75DFA044B18780BF0EC
S21402E63801F9012013B0F0BD0020FBE7235E00209D
S21402E64870B50E46144605460320FFF765F946F0F0
S21402E6580402294620460BF067FB0022014B1A608B
S21402E66870BD00BFCC420020F0B587B007880546CB
S21402E6781022002102A8EDF793FE3E4B1B78002BD2
S21402E68876D1BC055ED407F08403842B63D00022BF
S21402E698394C11461046FFF72BFF17F4045F276024
S21402E6A805F102061CD0B9040AD5304605F0A4F9CD
S21402E6B800284ED1236823F4005343F48073236062
S21402E6C830460EF0C8FB002842D10BF055F918B9AF
S21402E6D8236843F480332360236843F020032360CF
S21402E6E822680DF1060042F400432360FFF7AAFEF3
S21402E6F812F4805FBDF8063031D043F02003ADF83F
S21402E70806302168334611F0400218BF05F123028D
S21402E7184FF07F60FEF7DCFDBDF80630DA0703D55A
S21402E728002130200EF009FB23689B0506D501223E
S21402E73895F8221005F11200FFF7DAFE00200F4BBB
S21402E748186006E005F112000EF085FB00289AD044
S21402E758292007B0F0BDB80799D52320F9E723F09A
S21402E7682003ADF80630FDF7BDF9FEF7BBFBC8E798
S21402E7780220EEE7285E0020D0420020CC4200208D
S21402E78808B5054B1B7833B1FFF73AFEBDE80840DB
S21402E7980248FEF731BE08BD245E0020AE5E0020A9
S21402E7A810B5154B1B78D3B1144B1B78033B012BC2
S21402E7B815D900200EF012FE044698B1EAF760FC5E
S21402E7C8237913F0300F0AD148B1012803F0CF029B
S21402E7D806D0811E4B424B415B011343237110BD89
S21402E7E81023FAE7F7F7DAF80028F8D02146204689
S21402E7F8BDE8104004F096B8245E0020295E00208A
S21402E80808B50DF03AF9054B18B91868C0F3800038
S21402E81808BD1868C0F30050FAE700BFD0420020CF
S21402E8282DE9F04F064689461046002189B015465E
S21402E838984605F04FFE102807460AD86A4B034149
S21402E848DB0706D4C8F340049DB9002009B0BDE82A
S21402E858F08F664B1C78002CF6D0FFF7D1FF002805
S21402E8680CBF4FF4F0744FF4D074FC4004F001046B
S21402E878EAE74FF0000A18F0010F534652462946B7
S21402E8884FF00500CDF800A00CBF4FF0080B4FF470
S21402E898027B08F0C0FE0028D7D0C8233246009371
S21402E8A859465346284605F03DFEADF80E000028A8
S21402E8B8CBD018F0080A4AD14FF6F773A7F10F0221
S21402E8C8D2B29E428CBF09230123012A01D843F003
S21402E8D84003474A8DF810301378591C11708DF88A
S21402E8E81130002C4FD09DF81030052F43F020032E
S21402E8F88DF8103033D03F4B1D78002D5AD04FF686
S21402E908F77300259E424FF00F0248D9012304A947
S21402E9180DF10E00F5F736FD002896D1002C4DD1E4
S21402E928BAF1000133463A4618BF0121BDF80E0077
S21402E938CDF800900BF0AAFBADF80E00002884D0A4
S21402E94818F0040F4DD031460DF0CCFC7EE7494650
S21402E9580DF10E0005F02AF80028ADD175E7012161
S21402E968BDF80E0010F0B2FE012105F0B3FD01233A
S21402E978834013F0620F1CD11E4B1B78E3B14FF68F
S21402E988F7731825BEE71B4B25461B780222002B79
S21402E998BCD04FF6F7739E42B8D8052FB6D0BAF158
S21402E9A8000FB3D19DF8103043F040038DF81030B5
S21402E9B8ACE710250F22A9E71825FBE7BAF1000FE6
S21402E9C80AD002234A46009029460DF10E00FEF7A9
S21402E9D89BFA0028A4D038E741235246CDF800A077
S21402E9E8F2E70DF069FC31E79FFEFEFF245E002089
S21402E9F8255E0020165E00202DE9DF431E46144BD6
S21402EA0880461B680F469B0791460A9C1BD42046E5
S21402EA1814B10BF023FBC0B20622CDE902403B46F6
S21402EA280020CDE900890B490EF05FFF024650B17F
S21402EA380021002E0CBF01230323084604B0BDE8BC
S21402EA48D043FFF7EDBE002004B0BDE8D08300BF78
S21402EA58D0420020879A04002DE9F04F8DB08146F7
S21402EA688A461F4693469DF85C803AB903A8FEF785
S21402EA78A7FCB0BB00200DB0BDE8F08F15460022FB
S21402EA88232110460CF074FEADF80A000028F1D0D7
S21402EA9810F0E4FD0523044618F0100F00F8023BB8
S21402EAA8677020D011220021EDF77AFC04F11306D4
S21402EAB8032F4FF0080237D159463046EDF7C2FC0D
S21402EAC8C8F3801306F1090533720BF0C3FA00285F
S21402EAD83ED000232B706B700123033505F8013CEA
S21402EAE836E003ADCBE7012610221699EDF7AAFC0D
S21402EAF806FA07F313F0620F02D104F11206D7E7FB
S21402EB0807A80AF03DFF05A88DF81C60EAF7CAFFB9
S21402EB189DF8162018F0200F9DF8173008BF1346E8
S21402EB2804F11306A374C3E751463046EDF78AFC90
S21402EB38012306F10802121B28460093BDF80A10A4
S21402EB48082392B211F0E3FA042F06F11005BCD09E
S21402EB582D1BA9B20DF10A000EF02FFE002889D14E
S21402EB6818F0040F0BD0484610F098FFFF281FBF76
S21402EB78074A32F8103023F4804322F8103043460E
S21402EB8851464846BDF80A20FFF74AFE73E700BF1B
S21402EB982057002070B5032690B08DF807600CF059
S21402EBA86CFF18B90224204610B070BDF5F78AFD2E
S21402EBB80028F7D002AD2846FEF702FC0028F1D05E
S21402EBC81B4B1C6814F00204ECD140F20F43194A9E
S21402EBD8ADF82430136804A8CDF826305368CDF86B
S21402EBE82A300AF0CDFE95E8030005AB83E8030059
S21402EBF8062304A88DF81D308DF81060EAF7F4FE97
S21402EC0801210DF12E020DF10700EAF745FE224614
S21402EC181A2109A80CF0ACFD024608B91924C2E765
S21402EC28012329462046FFF7FBFD0028BBD1F5E75E
S21402EC38D0420020AE5E00202DE9F04F06460F4671
S21402EC48002199B01F2210A803930F91EDF7A8FB95
S21402EC5830460EF0CAFE0146304605F03BFC8DF8FB
S21402EC681B0030460CF069FD9DF81B30457881463E
S21402EC78C5F340059806304648BF45F002050EF033
S21402EC88A9FF0446304610F005FD0023001B5FFA74
S21402EC9880FA00935346232B28BF23232246314665
S21402ECA80FA811F034FA002840D19E4B9DF83C80FC
S21402ECB81B789DF83DB0002B3BD0FFF7A1FD00283E
S21402ECC80CBF4FF4F0734FF4D07323FA08F3D90746
S21402ECD82FD5AA072DD4B8F1080F24D1BBF1040FFB
S21402ECE824D1FAF797FD08BB012322460093314642
S21402ECF805200DF11B0308F06BFCB8B1A8F1050856
S21402ED08B8F10D0F12D8DFE818F02800A001C701E5
S21402ED18EC01F5011100110011001100FB019D0222
S21402ED28A902D702D702B8F1050F08D019B0BDE874
S21402ED38F08FB8F1100F05D1039B002BF6D0FAF727
S21402ED4869FDD1E7FAF766FD0028CDD0B8F1050FC0
S21402ED58CAD0B8F1110FC7D0E8E7BBF1050FE5D85E
S21402ED6830460CF04DFC059009F1020011F0CAF885
S21402ED7881460DF11E00FFF765FB01239DF83D70E5
S21402ED88BB4013F06203039305D0BDF81E309B0701
S21402ED9801D5AE07CAD50CF070FE0028C6D0FAF721
S21402EDA839FD08B9002DC1D00DF13E0A50460EF0C5
S21402EDB852F8039B0490BBB1032F9DF84EB01AD1AC
S21402EDC80DF14F040CF059FE814540F01781032DD2
S21402EDD8ACD19DF856105246003918BF01210DF1E4
S21402EDE84E000BF060F9A1E7032FDDF80CB07BD1DB
S21402EDF80DF14E04E6E74C4B1B689C0729D5FF220B
S21402EE0808210DF157000CF0CAFD804608BB0346E0
S21402EE1801460DF157020220FEF75AFA0CF02DFEB3
S21402EE2881450DF157060DF14F0422D04FF6F773C0
S21402EE38994540F2E8800022082120460CF0AFFDF2
S21402EE48002800F0E080002259465046FFF750FBA3
S21402EE586CE70DF157060DF14F0430460DF095FF9D
S21402EE68002846D00CF009FE814540F0C8804FF0D5
S21402EE7800082046F6F70EF9002800F0C080012F99
S21402EE8858D0042F7FF452AF0DF0A2FF10B1032D15
S21402EE987FF44CAF049B002B7FF448AF3246022126
S21402EEA85046FFF7CDFB214B1B7863B1FFF772FE86
S21402EEB8FEF72CFD022806D10120FEF721FD0121CE
S21402EEC80846FEF799FB1A4B1B78022B1FD1032123
S21402EED830460AF0B1FCFEF719FD014600287FF419
S21402EEE825AFFEF789FB21E70DF156060DF14E0414
S21402EEF8B3E70F4B1B78432B7FF418AF012F7FF431
S21402EF0815AF0CF0BAFD814579D1B846B1E7412B69
S21402EF187FF40CAF044B1B6858057FF507AFF8F76C
S21402EF2861FC03E7245E0020D0420020E05E002059
S21402EF38285E0020B64C2378022B22D02378412B59
S21402EF483FF4F4AE049B33B9FAF764FC594602461A
S21402EF585046FFF7CDFAFAF75DFC00283FF4E6AE16
S21402EF680DF036FFAB4F98B13B681A0502D42378EA
S21402EF78432B0DD1AB070BD440F61A40F7F7E0FB4C
S21402EF88D4E60DF025FF0028D8D0A907D6D4CDE6BA
S21402EF98386810F0020002D1059903F0C3FC237802
S21402EFA8112B16D13B685F0513D50020FEF73AFBF6
S21402EFB8044600287FF4BAAE0DF037F840F61C4037
S21402EFC8F7F7BEFB21462046FEF716FBF7F7C4FB0B
S21402EFD8ACE6AC0701D5FFF713FAB8F1000F9ED0DE
S21402EFE80AF0CAFC18B94FF480310DF0A6FE0022CA
S21402EFF8894B30461A600DF0BFFE90E70026039B49
S21402F008002B7FF413AF4FF6FF73204608A9ADF81E
S21402F0182030F5F791FF20B120460CF009FDADF837
S21402F02820004FF6FF73BDF8200098423FF47EAEEC
S21402F038049B3246002B0CBF042315232146CDE938
S21402F04800A33B46FFF708FD70E60CF016FD002805
S21402F0587FF46CAE714B1B78002B3FF467AEA807A3
S21402F06804D46C4B1B6899013FF560AEBAF10C0FDD
S21402F0780DF1450094BF002412AC10F043FF02467F
S21402F0889DF8470003283FF651AE394600940DF125
S21402F0983D0304F00BFA49E60DF13D00F5F7FAFFD9
S21402F0A828B1022239460020FAF740F83EE65C4BC1
S21402F0B81B78013B012B3FF639AE0DF13D0002F0FD
S21402F0C875FD4FF6FF739842044606D10DF13D00D2
S21402F0D80CF0AEFCA0423FF429AE0021FAF736F94E
S21402F0E824E6EA077FF522AE2A4638460FA904F038
S21402F0F8DBFA1BE69DF83D100120FFF74FFA15E6EE
S21402F108474B1B78013B012B3FF610AEEB077FF50A
S21402F1180DAE0DF13D0002F049FD4FF6FF73984221
S21402F1280546804640F080800DF13D000CF080FCDC
S21402F13840450546074677D10DF13D00F6F71CFC1B
S21402F148B84205463FF4F2AD304610F0A3FA002264
S21402F1580934E4B2071BFFB2394610460CF008FB26
S21402F168ADF81C0000283FF4E1AD4FF0010900237A
S21402F1782A460821CDF8009005F0D4F9ADF81E000D
S21402F18800283FF4D3AD214630460EF0FAFC4FF085
S21402F198000A80461622514609A8CDF820A0EDF7A7
S21402F1A8FFF8434622463146CDF800A008A810F0DC
S21402F1B8AEFF4B46424608A90DF11E00F5F7E2F8E7
S21402F1C800287FF4B3ADA7EB0807FFB2394607A8B5
S21402F1D80EF0F3FA284610F061FCFF2818BF114A11
S21402F1E8444418BF32F81030E4B21CBF23F48043FC
S21402F1F822F81030BDF81C0023463246002100973C
S21402F2080EF003FB2946BDF81E000DF06BF88DE5DF
S21402F218285E0020D0420020CC420020245E002037
S21402F228295E002020570020284610F037FCFF28C9
S21402F238074689D0F6F7C6FD002885D0384603F07B
S21402F24899F881E71E4B1B78013B012B3FF66EAD02
S21402F2582A4638460FA9FCF7C9F967E5194B1B7801
S21402F268022B20D1002F7FF461AD08A8FEF7A8F87C
S21402F27800283FF45BAD144B1F709DF83D30002B01
S21402F28814BF64246524FEF741FB032806D13846DA
S21402F2983946FEF7B1F93846FEF73EFB214608A87E
S21402F2A80AF0CAFA42E5043B012BDBD938460AF0D3
S21402F2B8E3FE0028D6D139E530460AF0DFFE35E50A
S21402F2C8295E0020285E0020E05E00202DE9F3413A
S21402F2D805460E46174698460DF07AFD044640B196
S21402F2E801233A4631462846CDF80080FFF784FBCC
S21402F2F804460DF06DFD30B1FFF782FA78B10A4B7D
S21402F3081B689B010BD400233A4631462846CDF8A3
S21402F3180080FFF771FB002C0CBF0446012404F0A2
S21402F328010002B0BDE8F081D042002070B58AB074
S21402F33805A80AF025FB022301AA15468DF8143003
S21402F348084B03F11006144618685968083303C4B4
S21402F358B3422246F7D1294605A80AF07CFC0AB031
S21402F36870BD00BF53FE0400014B1878704700BFFB
S21402F378CB680020014B1888704700BF42680020FF
S21402F3884FF6FF732DE9F043994280460D4685B045
S21402F3980BD000274FF6FD791C4EE9F747FEFCB264
S21402F3A8A0420BD84FF6FF701DE0F5F773FE002853
S21402F3B8EFD005B0BDE8F0430CF05FBB36F814306A
S21402F3C84B4517D8694620460DF049FD08224146A6
S21402F3D80DF10500EDF730FB4FF6FF7360B99D425D
S21402F3E804D136F8140005B0BDE8F08326F81450A8
S21402F3F80DF0FEFC0137D0E79D42FBD036F81430FC
S21402F408AB4208BF26F81490F4E700BF78540020F1
S21402F4182DE9FF4706460F4600254FF6FD79DFF829
S21402F4283C80DFF83CA0E9F701FEECB2A04202D825
S21402F43804B0BDE8F08738F814304B450CD8694656
S21402F44820460DF00CFD082231460DF10500EDF7B9
S21402F458F3FA08B90AF804700135E4E7785400208C
S21402F468D45D0020014B33F8100070477854002012
S21402F478F0B5064600250D4F85B0E9F7D7FDECB284
S21402F488A04201D805B0F0BD37F81430B3420BD10C
S21402F498694620460DF01FFD9DF80030022B1CBF62
S21402F4A84FF6FD7327F814300135E6E77854002046
S21402F4B830B585B004460D46E9F7B8FDA0420FD927
S21402F4C8084B33F814204FF6FD739A4208D869465B
S21402F4D820460DF000FD29460DF10500FFF750FF06
S21402F4E805B030BD7854002030B585B00446E9F73B
S21402F4F89DFDA04219D92046FEF734FF0546B0B94D
S21402F508694620460DF0ABFC9DF800302BB16946E3
S21402F51820468DF800500DF0C0FC4FF6FF72002012
S21402F528044B23F8142005B030BD2820FBE740F62C
S21402F5380440F8E7785400202DE9F0410B78054698
S21402F5480E461BB9BDE8F041FFF7CEBFE9F76EFDE0
S21402F558A84231D92846FEF705FF78BB374617F882
S21402F568058B4FF6FF713846FFF70AFF0446384602
S21402F57800F01EFAB0FA80F04009B8F1000F15D074
S21402F588B8F1030F15D04FF6FF724FF6FD7394428B
S21402F59808BF1C460B4B314623F815400A4B5855F4
S21402F5A828460DF07AFC0020BDE8F0814FF6FF747D
S21402F5B8F0E74FF6FE74EDE72820F5E740F604403C
S21402F5C8F2E700BF78540020D45D00202DE9FF4101
S21402F5D80D4604464FF6FE780F4F0E0AE9F726FD4B
S21402F5E8A04204D8FF24204604B0BDE8F08137F8CC
S21402F5F8143043450CD1694620460DF030FC9DF880
S21402F6080520EBB29A4203D19DF80630B342EAD0FF
S21402F6180134E4B2E2E700BF785400202DE9F04F47
S21402F6280C461746984600254FF6FD7B87B09DF890
S21402F63840A0DFF85C900190E9F7F8FCEEB2B04221
S21402F64801D8FF2616E039F816205A451ED8304645
S21402F65802A90DF004FC3FB99DF80920424515D1D0
S21402F6689DF80C20524511D144B939F81620019B51
S21402F6789A420BD1304607B0BDE8F08F08222046E2
S21402F6880DF10D01EDF7D8F90028F3D00135D3E7CF
S21402F6987854002010B514460DF0E1FB2046BDE86C
S21402F6A8104008220149ECF7CDBE00BFAE5E00202E
S21402F6B82DE9FF47074615460846082224491E46EE
S21402F6C8EDF7BAF9044600283FD14FF6FF7ADFF87D
S21402F6D88490E9F7ABFC5FFA84F880450BD385B3D0
S21402F6E8384608F057F801250C9B1870012035702B
S21402F6F804B0BDE8F08739F8183053451FD069467C
S21402F70840460DF0ACFB7A789DF801309A4216D145
S21402F7187A88BDF802309A4211D13A799DF80430B7
S21402F7289A420CD108220DF10501781DEDF784F9ED
S21402F73828B9002DD7D1404608F047F8D3E7013458
S21402F748C7E7FF2008F041F8CEE70020D0E700BF61
S21402F758AE5E002078540020F0B50025154E164FF0
S21402F76885B0E9F763FCECB2A04201D805B0F0BD5B
S21402F778694620460DF073FB9DF80030032B06D928
S21402F7880023694620468DF800300DF086FB9DF86A
S21402F798002062B14FF6FD734FF6FE71032A08BFCA
S21402F7A80B4626F81430002301353B55D9E74FF6A9
S21402F7B8FF73F6E778540020D45D0020F8B50E46AD
S21402F7C804464FF6FF770C4B0C4D1B7803EB4303AE
S21402F7D805EB8305A54202D800242046F8BD2388F7
S21402F7E8BB4206D008223146A01CEDF725F90028B0
S21402F7F8F3D00C34EEE700BF8F680020B853002021
S21402F808044BFF211A78044802EB42029200ECF7F6
S21402F818C7BD00BF8F680020B8530020F8B504465D
S21402F8280C4B0D461B781046A3420DD90C27022115
S21402F83817FB04117C43084E08223144ECF702FEFB
S21402F848335B00202B80F8BD0023136053604FF60D
S21402F858FF73F6E78F680020B853002038B50446D1
S21402F8684FF6FD75FFF704FE0022084B1878084B82
S21402F878D1B2884200D838BD33F80C1C0132A142F6
S21402F88808BF23F80C5C0C33F2E700BF8F68002031
S21402F898C453002070B505460E460846FFF7DEFF3D
S21402F8A831462846FFF76CFD29460648FFF786FFCD
S21402F8B800B970BD044624F80C6B0DF099FA294677
S21402F8C82046F3E7B853002010B5082286B023492D
S21402F8D80446EDF7B1F820B906B0BDE810400CF0C2
S21402F8E8CCB8082220461E49EDF7A6F820B91D4BCB
S21402F8F8B3F8680006B010BD0023012221464FF671
S21402F908FF700093FFF78AFEFF2806D0164B33F8DF
S21402F91810004FF6FB739842ECD903A8FEF79EFD3B
S21402F92858B9BDF80C305B0607D5082221460DF1FA
S21402F9380E00EDF781F80028DCD021460B48FFF7C9
S21402F9483DFF40B14FF6FB724FF6FF7300889042B8
S21402F95888BF1846CEE74FF6FF70CBE7AE5E0020AC
S21402F968F24F0020884F002078540020B853002019
S21402F97870B5002204464FF6FB7608460A4B1D78F9
S21402F9880A4BD1B28D4201D8002009E01988B1424B
S21402F99807D8A14205D10822991CECF753FD01208D
S21402F9A870BD0C330132ECE78F680020B853002094
S21402F9B837B5014605460E48FFF700FF044640B134
S21402F9C8807A29460DF0ABFA80F00100C0B203B087
S21402F9D830BD03460090012229464FF6FF70FFF716
S21402F9E81DFEFF2816BF034B2046185CE9E700BF3A
S21402F9F8B8530020D45D00202DE9F341224B04467B
S21402FA081B780F468342154638D9FEF7C5FCB8BBA5
S21402FA184FF6FD739D421D4E0ED004EB440326F8A6
S21402FA2823504FF6FF739D421FD12046FEF7CCFCAB
S21402FA38002002B0BDE8F0810DF106013846F5F760
S21402FA487BFA4FF6FF72BDF806303846934218BF67
S21402FA581D460C236343F55206EB0308FFF7A8FF7F
S21402FA68B0FA80F0400988F80A000C2303FB046009
S21402FA78082239460230ECF7E5FCD9E72820D8E711
S21402FA8840F60540D5E700BF8F680020B85300202F
S21402FA9838B504460D46FFF7BBFC21460448FFF777
S21402FAA88DFE00B938BD857221460C30F7E700BFD7
S21402FAB8B85300200023074A1370074A1370074AF0
S21402FAC8118801B11380064B1A880AB100221A80DF
S21402FAD8704700BFF25E0020F15E00209C570020AF
S21402FAE89A5700202DE9F04F4C4C9846238889B047
S21402FAF805900F4610469DF848A05BB952B10DF026
S21402FB0875FE20804FF4FA61454809B0BDE8F04F0B
S21402FB180FF090BEDFF81C91B9F80050002D69D09E
S21402FB2828460FF0B7FDC0F3470428460FF096FDA7
S21402FB38DFF804A10294BAF80030DFF800B10193A6
S21402FB48BBF800300546009300224346012035499B
S21402FB580DF0CBFEADF81E0010B305EB44080124E9
S21402FB68454512D1E4B9BDF81E50CDB12E4B1B78CF
S21402FB782BBB2B4600223946059800F043FA002391
S21402FB88ABF80030AAF800300AE0012329461A46E4
S21402FB980DF11E00F4F7F6FB023504460028DFD006
S21402FBA80023224AA9F800301378013BDBB213700F
S21402FBB8002BA7D109B0BDE8F04FFFF77BBF0BF0CB
S21402FBC825FF0146284604F085FC0A218046284679
S21402FBD804F080FC0646A64202D8FF2CCFD1C8E71E
S21402FBE8284604F10B0104F075FC8045C1D801349F
S21402FBF8E4B2F0E70E4C237823B90FF0FFFF08B9FA
S21402FC0801232370524641460520F5F757FC002883
S21402FC18D0D1207009B0BDE8F08F00BF9C570020F5
S21402FC28846700208D9A0400F35E0020F25E0020AE
S21402FC38F15E00209A5700203457002036570020DD
S21402FC4830B5154D87B02C889CB923464FF4A07260
S21402FC5848F2380103A80DF045FA21462046F9F77E
S21402FC68F3FB22460D4B009403A9FFF73BFF07B0B0
S21402FC7830BD20460BF061FD043010F043F903A9AD
S21402FC88044628880DF0B7FF0023009320462A88EA
S21402FC9803A900F065FBEAE79C57002000F8FF0777
S21402FCA837B5002001A9F9F7CFFB0D4C014623789A
S21402FCB80C4D7BB10C4B019A1878F9F7DBFB2078D0
S21402FCC8F7F716F9002323702B700848F4F706FC9A
S21402FCD803B030BD2B78002BF7D0FFF7B1FFF4E75F
S21402FCE8F55E0020F25E0020F45E002084670020A5
S21402FCF808B50548F4F702F90448F4F7FFF8BDE832
S21402FD0808400348F4F7FAB89C5700209A57002090
S21402FD18985700202DE9F04F89B089460446CDE968
S21402FD2805239DF84870139E30B316F801ABBAF156
S21402FD38000F23D00AF1FF34A400E4B231460120B2
S21402FD480AF0E2F9C00E1BD1DFF838B131460120BD
S21402FD580AF0DAF99BF8005034442279BDB1002F34
S21402FD6847D180234846CDE90277CDE900773E4A57
S21402FD78059900F047F93CE08246DFE75446DDE79E
S21402FD881B28ECD9314601200AF0BEF9E7E7DFF86E
S21402FD98F880FF2A00EA08080BD14246E379A179DF
S21402FDA8607901EB032189B209B0BDE8F04FF9F793
S21402FDB861BB2E4909688B070AD5FE2A35D101236D
S21402FDC80135EDB2202D4FEA43030AD1FF250AE09A
S21402FDD8294628460792F9F737FB4845BFD1079ABE
S21402FDE8EBE79845ECD1224B1B78FF2B04D0AB42AD
S21402FDF804D009B0BDE8F08FFF2DFAD029460020BE
S21402FE08F3F774F80028F4D09BF800306479002BD6
S21402FE18EFD1FFF74FFE17484FF410510FF00AFDC7
S21402FE28154B8BF800501C70E3E7052A97D8BAF1F1
S21402FE38010F94D8B8F1000F91D0002FD9D1737959
S21402FE48002BD6D00D49098821B9082B28BF0823CC
S21402FE580B490B70434648461292DDE9051209B073
S21402FE68BDE8F04FFFF73EBE8D9A0400D042002050
S21402FE78CC68002084670020F45E00209C5700208F
S21402FE88F25E0020F55E002000F8FF07014B18809E
S21402FE98FFF7D6BE9A57002037B5184B1B78022BA9
S21402FEA803D01725284603B030BD00210DF1070000
S21402FEB8F4F798FC05460028F3D1114B1B78013B52
S21402FEC8012B01D90225EDE7F4F7F6FB0028F9D055
S21402FED809F0FAFB0446F4F7EFFB0A4B4FF47A7183
S21402FEE818700B23B4FBF3F203FB12440A34A4B2D1
S21402FEF8614305480FF09EFCD4E700BF285E002049
S21402FF08295E0020195E0020FC4100202DE9F043FE
S21402FF18384B00241E784FF4F813374FA5B00393D6
S21402FF283D78ADF81040F7F78FF8BDF90E30ADF80A
S21402FF381200A342ADF8144006DB304B1C7801349D
S21402FF48E4B21C7044F080048DF82C40A9460224C2
S21402FF584FF000088DF82D60B14529D300222146BE
S21402FF680BA83D708DF82D800BF002FCE8B1B8F1B5
S21402FF78000F09D000234FF6FC71CDE9000303AA4F
S21402FF88FF230620FBF7EAFFB5422FD209F09CFBB7
S21402FF980B23B0FBF3F24FF47A7102FB13000A301C
S21402FFA880B2414316480FF045FC25B0BDE8F08301
S21402FFB8484606A902F004FA98B9512C11D804F159
S21402FFC890030DEB0302083406AB013508F101086D
S21402FFD803CBE4B242F8640C42F8601CEDB25FFA56
S21402FFE888F809F101095FFA89F9B5E70448F4F7D0
S21402FFF875FADAE7195E00201A5E0020F75E00201E
S214030008FC4100200CB42DE9F04F8BB014AA0E4621
S21403001852F8041B07460992002940F08F80BDF862
S2140300285400ADF82200002800F0A18033794FF67B
S214030038F778002B40F0868047458CBF4FF00908B9
S2140300484FF008084C4B1C78FF2C40F08380B6F919
S2140300580230002BA9BF494B347A1C780134A2BF5F
S214030068E4B21C7044F08004DFF81CB12246002179
S21403007804F044FA9BF80030BDF82200002B6CD03D
S214030088DFF808A14FF00009BAF8003007930FF01D
S21403009801FB0546BDF822000FF0E0FAEBB2CDE906
S2140300A80193FF23CDE903090093224633463946D5
S2140300B80798FCF7F1F84FF6FF7305468BF80090A0
S2140300C8AAF80030382D33D13246394640460DF16A
S2140300D8220309F0D9FF00284BD04FF6F7739F4247
S2140300E826D8B6F902307088002B21DA48F20402C3
S2140300F82349244B4FF00008904214BF894699467B
S2140301080BF0BBFC494603468A220120CDF8008043
S2140301180DF0EBFB814658B12246414604F0EEF952
S214030128FF23324639464046CDE90098FBF716FFCB
S21403013828460BB0BDE8F04F02B0704701200DF01B
S214030148B1FB6EE7002347458CBF4FF00608984679
S214030158337177E7FF221A7086E7CDE90003324644
S214030168FF2339464046FBF7F9FE0546AAE7192555
S214030178DEE70546DCE700BFCE680020F75E002012
S2140301889E9A0400939A0400F65E00209E57002069
S21403019870B54FF4003300240546164688B0ADF80C
S2140301A81A100DF10F0204A90593ADF81840ADF81F
S2140301B81C4004948DF80F4009F03DFF9DF80F305E
S2140301C828460193049B044A009305A93346FFF780
S2140301D819FF08B070BD00BF979A040030B54FF4F6
S2140301E88035002487B00395BDF82850CDE9001262
S2140301F88DF81030074A034603A9BDF82C008DF87E
S2140302081140ADF81250ADF81440FFF7FBFE07B0E7
S21403021830BD00BFA39A0400B1F1006F2DE9F04387
S21403022814462CBF392238228BB01D464FF00003E4
S214030238ADF81E204FF480022CBF4FF001099946F3
S214030248FF2C0646ADF81C300892ADF824304FEA6A
S21403025811471FFA81F80FD10BF0A5FFB9F1000F6C
S21403026819D1154ACDE9020543463046CDE900744F
S21403027807A9FFF7C7FE1AE0FE2C0AD10BF093FF77
S2140302880130C0B20BF09AFFB9F1000F12D00B4A37
S21403029802E0E8B2F8E70A4ACDE903050123304647
S2140302A8CDE90174CDF8008007A9FFF7ABFE0BB0C4
S2140302B8BDE8F083034AD5E79B9A0400A19A040095
S2140302C89A9A0400A29A04004FF498124FF0806397
S2140302D810B586B0CDE903230023ADF814300BF030
S2140302E8CCFB0446F6F7B0FE054B01900093054A8F
S2140302F8234603A94FF6FD70FFF784FE06B010BD2C
S214030308AE5E0020A79A040008B5064B1B78022B9E
S21403031802D0043B012B03D8FFF7D6FF002008BD05
S2140303280220FCE7285E002030B500244FF48065E1
S21403033887B0CDE900128DF81030084A034603A9A2
S2140303484FF6FD708DF811400394ADF81250ADF8D2
S2140303581440FFF757FE07B030BD00BFAB9A040042
S2140303682DE9F04F9BB00E4605460EA91046CDE97B
S2140303780A329DF890700CF00DFEBDF838A0804642
S21403038850460FF087F9B6F902300446002BB6F844
S2140303980690B6F802B004DA0022B24B1A700020B0
S2140303A849E050460FF076F94045F5D3A4EB080428
S2140303B8E3B2002F18BF4FF4A079152B099328BF73
S2140303C815230024013308F1FF325146DBB292B2FB
S2140303D8009414A80FF09BFE6FEA4B436FEA53434F
S2140303E8A1499DF8502008684968ADF846300FAB18
S2140303F803C3ADF84840ADF84440ADF84A90ADF8AD
S2140304084C20BBF1000F24D10DF15100F4F742FE46
S214030418A0B10BF032FB5C4606460DF1590A0DF106
S21403042851030A9A9AF80080012A2DD157B384F00B
S214030438010404F001001BB0BDE8F08F0DF1510074
S21403044801F0B4FB4FF6FF74011B4C4206464C41C1
S214030458E3E7BBF1010F40F09480BDF851600BF061
S2140304680CFB86420AD030460FA90CF069FE80F0D2
S2140304780104E4B20DF1530A0FABD2E77B4B0DF13F
S214030488530ACEE70A9CD4E797B3002C75D1B8F184
S214030498010F72D837D10BF0F0FA0BF0EEFA2246BA
S2140304A806469AF80170714B00210120CDE90061D8
S2140304B802976F490DF019FAADF83A0000285CD098
S2140304C8002C53D1B8F1010F50D12646DFF8B8A156
S2140304D89AF800305FFA84F8434538D940460FF057
S2140304E835FBC20702D5BFB1013FFFB20134EFE7C0
S2140304F8B8F1010F05D1002CCDD081229AF80170EE
S214030508D2E7002CF9D1B8F1010F94BF00220122DB
S2140305189AF80170D201C7E7404601F017FB01239A
S214030528ADF8340002220DA90DF13A00F3F72AFFBD
S21403053818BBBDF83A000FF0ADF8804648460CF0F5
S2140305489BFB08F1010801368045F6B2CEDBB6B14F
S21403055832460C21BDF83A0003F0D0FF00222846A5
S214030568BDF83A3011A9FFF74DFD06E00C210DF151
S2140305783A000DF022F90028F0D001205BE70D21A0
S214030588F5E70A9B002B7FF40AAF7388342B57D101
S214030598099B092B7FF403AF002F7FF400AF9DF967
S2140305A859603A46B41008210DF1510004F02004AE
S2140305B80BF0F5F9D0B12F4B1B78012B3FF4EFAEB8
S2140305C8022B27D12C4B1B6813F0807F25D12A4B8F
S2140305D81B685B0201D5002E30DA00232846274A1B
S2140305E811A9FFF70FFD264B1C70D8E60DF1510035
S2140305F8F4F750FD0028DED10DF1510001F0D6FACC
S2140306084FF6FF73984208D02146F8F79FFE034635
S21403061818B903E0033B012B06D9C8232846174A13
S21403062811A9FFF7EFFCBAE6164BB3F86830AB42EE
S214030638CDD0114B1B6813F0805FC7E78D23EDE71A
S214030648099BCDE9059204930DF15103CDE9028385
S21403065831462846CDE9007A0B9B11AA00F058F8D4
S2140306689DE600BFEA5E0020E1230400AE5E00209C
S214030678AF9A0400295E0020D0420020915104005E
S214030688CD680020884F00209C680020024B18780D
S21403069840F08000704700BFF75E002038B50A4B6D
S2140306A805461C7824B10BF0E8F9B0FA80F464091F
S2140306B8F8F72AFF08B144F04004E8F7C3FC44EA15
S2140306C84020284038BD00BF245E0020014B188018
S2140306D8002070474A6800204FF6FF7103460288D9
S2140306E81B798A4217BF074901200A8041881EBF23
S2140306F8054A00201180FF2B1EBF044A00201370F2
S214030708704700BF4668002044680020F85E002053
S2140307182DE9F04FB7B09946BDF80431439C0D93C5
S2140307289DF8083183460E93BDF8143120460F937F
S2140307389DF81831B1F802A00F4690469DF800516F
S21403074810930FF0DFFBBAF1110F064600F28A800A
S2140307580BF093F9B04200F08F80BAF1060F19D167
S2140307684FF6FD739E423ED0DDB9BC4B1B78033B68
S214030778012B36D930460FF091F9FF2814BF892389
S214030788812300224146CDE900625846B44AFFF762
S21403079839FC06E02DB9BAF1030F08D8BAF1010FF0
S2140307A80AD80022AF4B1A7037B0BDE8F08FAAF10B
S2140307B80403022BF5D8D8E7A84B1B78033B012B79
S2140307C80DD930460FF06AF9FF2814BF8923812311
S2140307D841465846A44A0096FFF714FCE1E78023EF
S2140307E8F6E78023CDE7A14B1B7859074CD40BF0CB
S2140307F844F90026034632460120994900960DF02F
S21403080874F82379ADF86C000F930028CCD0DDE993
S2140308180E320D9803EB42090EF03CFF5FFA89F996
S21403082809F10507FFB28742BED239460D9803F091
S21403083851FE109007EB40070D980EF02BFF8742EA
S214030848B2DADDE90F321343DBB2002B40F0328213
S214030858002DA9D12F463A460421BDF86C0003F0B3
S2140308684DFE76E1814BBAF13A0F1B7811D948F25F
S2140308783B039A4508D014E07C4B1B785A070BD5E4
S214030888AAF10403022B07D8FB8843F48043FB80B2
S2140308988AE7BAF11B0F1ED8AAF102039AB2132AE3
S2140308A85ED9109B494602930F9B5046CDE90053E9
S2140308B80E9A5B4609F0CCFB0F287FF475AF01222E
S2140308C8684B1A70694B1B789B0740F1D982002D39
S2140308D87FF46AAFD8E7AAF11C021E2AE1D801A161
S2140308E851F822F011110300AB080300AB0803000C
S2140308F8310D0300AB080300110E0300110E0300AD
S214030908AB080300AB080300AB080300AB080300FF
S214030918AB080300AB080300AB080300AB080300EF
S214030928AB080300AB080300AB080300AB080300DF
S214030938AB080300AB080300410E0300410E030097
S214030948AD100300AB080300AB080300C710030091
S214030958AB08030061110300771103008511030038
S214030968132B9ED801A252F823F000BFC509030033
S2140309788D0A0300AB0A0300890B0300F70703007D
S214030988AB080300AB080300AB080300AB0803007F
S214030998AB080300AB080300AB080300AB0803006F
S2140309A8AB080300AB080300AB080300AB0803005F
S2140309B8CB0C0300AB0803003D11030000241BAB5C
S2140309C85A4648460E9900931DAB1D948DF86C4005
S2140309D809F032FB0BF051F8204B05461B78012B28
S2140309E803D0022B14BF02240124E8F72BFB162896
S2140309F894BF0020012044EA4014F6F725FB1C4B5D
S214030A080646B3F800A0FBF79FFA1A4B07464FF6BD
S214030A18FF70B3F80090FFF741FE174B9DF86C2064
S214030A281988124B1B7813F002031CBF134B1B7851
S214030A380B921D9ACDE90701CDE9093240234146B9
S214030A48CDE9014358460023CDE90579CDE9036A84
S214030A580B4A0095FFF7D6FAA6E600BF295E0020E4
S214030A68939A0400EA5E00209E9A0400C95D00205B
S214030A784A6800204668002044680020F85E002084
S214030A88B59A04000AF0F9FFA34BA44A1B88CDE9DC
S214030A98400300234146584637B0BDE8F04FFFF7FA
S214030AA8B1BAA4781DA9631EDBB2EF2B204610D972
S214030AB8F22C0ED007F0BAFD82240AF0DEFF0023DC
S214030AC84146CDE90003964A23465846FFF79AFA65
S214030AD86AE607F0ABFD002850D00AF0CEFF9DF873
S214030AE878209DF87A100492BDF876204900039280
S214030AF8BDF87420C9B2CDE901429DF879200346B2
S214030B085200D2B208320A440092012000228549D4
S214030B180CF0EBFE9DF87930ADF86C008DF8673075
S214030B2800283FF441AE002601230DF167011A465B
S214030B381BA8F3F727FC054600287FF435AE9DF877
S214030B486730EAB2934209D89DF87A308DF8673051
S214030B5816B1BDF86C3033E00126E5E7314620468A
S214030B6807F066FD0123ADF8680002221AA91BA840
S214030B78F3F708FC01350028E1D015E683249CE743
S214030B880AF07BFF044607F072FD23460090002216
S214030B98012063490CF0A9FE00283FF405AE0025A2
S214030BA82C46ADF8740007F062FDEEB2B0420DD8DD
S214030BB822460421BDF8740003F0A0FCBDF8743087
S214030BC8002241465846FFF71DFAEDE5304607F082
S214030BD82BFDFF288DF86C000AD0012301341A4632
S214030BE81BA91DA8E4B2F3F7CDFB00287FF4DCAD00
S214030BF80135D8E75046B4F8029007F015FDFF28EC
S214030C088DF8680000F0CF821DA907F00FFDBDF828
S214030C1874304B4507D04FF6FF72914540F0C382B8
S214030C281B0400F1C0829DF8793012930E9B05339E
S214030C38DBB213930F9B1493002311934FF0000911
S214030C484B4613E017934900139BC9B219440D98F2
S214030C5889B20CF0EDFD4FF0000A179B1590129918
S214030C685FFA8AF28A4217D309F10109149A5FFADE
S214030C7889F19142E6D39DF87A201292169A139236
S214030C88002B40F08582119B002B40F08C820123B9
S214030C981193109B1493D1E711999DF86800179345
S214030CA807F0C6FC159A179B0AF1010A824208BF89
S214030CB80123D4E709F106095FFA89F33746169341
S214030CC872E2A71C39463046A57A08F015FD0122BC
S214030CD839463046FAF7D4FB30460CF087FB3846DD
S214030CE800F064FF2288824207D04FF6FF729042D4
S214030CF803D00EF0D3FE0CF0B9FA85F00804C4F35B
S214030D08C00421463846FEF7C3FE2146384637B0A8
S214030D18BDE8F04F09F0C9B948680020C29A040034
S214030D28939A0400C69A0400AD4B1B78033B012B29
S214030D387FF63AAD0AF0A1FE58453FF435AD08F004
S214030D48C3FC0B23B0FBF3F24FF47A7102FB1300D8
S214030D580A3080B24143A3480EF06CFDF3F7ACFCAF
S214030D6800283FF421AD0123002218469E4994F833
S214030D7800A00CF0BAFDADF8680000283FF414ADE7
S214030D880026354634460E9B1BAF01330E93F2B24C
S214030D98524514D3002C3FF407AD01232A461DA958
S214030DA81AA8F3F7EFFA00287FF4FEAC22460221CE
S214030DB8BDF8680003F0A2FBBDF8683000E74FF003
S214030DC800090E99D200D2B20A4408230D99384670
S214030DD8CDF800900FF09BF9394648460EF02EFEE4
S214030DE8FF280FD0814B1B5C0F2B0BD997E803000A
S214030DF805F1D8036B44643B83E8030008350134E4
S214030E08EDB2E4B20136C2E7002D7FF4CDAC180785
S214030E183FF53AAD534622464146584603F066FE2A
S214030E2800287FF4C1AC842341465846704A37B03D
S214030E38BDE8F04FFFF7E6B823780F9810930BF04A
S214030E481BFF00210646584604F0BAF9644BBAF16C
S214030E58310F1B780746A3F103030BD1012B13D9D4
S214030E68644B654A1B7812781344DBB20D9316233A
S214030E780E930DE0012B03D9604B1B780D9353BBE0
S214030E88002D7FF491ACCEE701231621CDE90D3171
S214030E980024109B224600930120234658490194B8
S214030EA80CF023FD00283FF47FACF61BF3B226466E
S214030EB8544FDFF85C911193ADF86C000F940D9BBB
S214030EC8E5B2AB4209D832460221BDF86C0003F0FE
S214030ED815FB0F9AC0E40523CAE7162200211DA8AE
S214030EE8EBF75EFABAF1320F3DD13B7903F0030212
S214030EF8032A21D18DF87620109B0136F6B2B34229
S214030F0815D2BDF86C000EF0C5FB0E9B1844119B5A
S214030F1898420CDC01230E9A1DA91BA8F3F732FA94
S214030F2800287FF441AC0F9B0133DBB20F930134E7
S214030F38083709F11209C2E7B9790029DCD1324921
S214030F48C3F3C203CB5C1DA8012A08BF43F0010301
S214030F5839888DF876300EF0D7FF79880DF177004B
S214030F680EF0D2FFC8E71DA80BF09FF84FF0FF332B
S214030F78CDE91F331F4B1B78AB4261D999F8043070
S214030F886F2BD4D828461FA9F4F7D0FF0028CED055
S214030F981E4BB9F80020B3F8683092B9003B18BF67
S214030FA801235B0143F004038DF8863002238DF892
S214030FB88730B9F802301B0A11468DF8893021A804
S214030FC8CEE79B1A18BF01235B0143F005038DF890
S214030FD8863002238DF887300F238DF88830E8E7AC
S214030FE8295E0020FC410020D09A0400CD5D002035
S214030FF891510400225E0020215E00209A6800209A
S214031008CE9A04008A56002064FE0400884F002007
S214031018105500200132D2B2551EEDB2284613935E
S21403102812920EF093FDDDE9122310F0010FF1D0B2
S21403103863490978611A994205D00133DBB2E9E7B7
S21403104801220023E8E75F4B1FA918782844C0B29B
S214031058F4F76CFF00283FF46AAF284600F076FDE5
S214031068129028460EF072FD10F0010F129A0FD157
S21403107816238DF88630544B1B780133DBB20F2BBF
S21403108828BF0F238DF88830504B33F8153092E776
S214031098284612920EF05AFD10F0020F129AE7D164
S2140310A81223E6E71A073FF5EFAB23465A464146AF
S2140310B80F9803F073FD00287FF476ABE0E695B14E
S2140310C8434B1B78033B012B7FF66EAB0AF0D5FC2C
S2140310D818B9BBF1000F7FF467AB207837B0BDE8CB
S2140310E8F04FF5F721BE0AF0C8FC20B1384B1B7841
S2140310F8033B012B01D8802396E62B4641465846E8
S214031108344AFEF77FFFE8E70AF0B7FCB0427FF4FD
S2140311184BABA01CF3F7BEFF00283FF445AB0AF021
S214031128ACFC04460AF0A9FC2B4B2C4ACDE9400339
S2140311382346AFE420460EF0E5FEFFF7AFFA002895
S2140311483FF432AB4090002341465846244A37B012
S214031158BDE8F04FFEF756BF4B46424659460020B9
S214031168CDE9405437B0BDE8F04FFEF7D3BD4B4644
S214031178424659460120CDE94054F3E72B464A46F2
S21403118841465846409437B0BDE8F04F08F092BF42
S21403119801231AA91A461BA8F3F7F4F800287FF4C4
S2140311A803AB0137FFB2013607F061FA5FFA86FA36
S2140311B850453FF61FAD002F3FF44AABFFF74BBB36
S2140311C8225E002095680020DF5E0020125700206C
S2140311D8295E002091510400AE5E0020D39A0400D5
S2140311E89E9A0400F8B5164B04461D88154B20F83E
S2140311F8025B196879B10822EBF724F9124B0C2025
S2140312081B78124EA372124B19780023DAB2914256
S21403121805D8FF2209E0C4F802104160EEE701335F
S21403122800FB03F7F75BAF42F0D10A4BE2721B7879
S2140312382373094B1B786373084B1B682361F8BD3C
S214031248AC570020A4500020F95E0020AC530020C1
S2140312588F680020DB5E0020DA5E002090500020B6
S214031268F0B589B006460C4615460CF0B3FC0DF1EE
S2140312780A02014630460CF045FB144F0346F0B904
S21403128801223A702288BDF80A102AB10246009055
S214031298072006F09DF990B103A8FFF7A3FFBDF852
S2140312A80A000EF0F7F90646BDF80A000EF0D6F95E
S2140312B821460090F3B2284603AA08F04FFA002303
S2140312C8034A3B70136009B0F0BD00BFFA5E002006
S2140312D8A450002073B5ADF806000DF106000AF019
S2140312E859FA014608B102B070BD0DF106000AF0BE
S2140312F89AFA04460EF0B2F9C67A002EEDD12046C5
S2140313080BF02FFFFF28E8D00EF008FC054BD3F8A8
S2140313188850002DE1D03346224641213046A8475F
S214031328DBE700BF884F002073B5002200210C209E
S21403133800F0C2FC002119480EF04CFE01250446B5
S214031348164E84B120460BF00CFFFF2805D1214624
S21403135830460EF063FE0446F3E7042200230095A6
S21403136800F07EFCF3E721460D480EF033FE012518
S21403137804460B4E0CB902B070BD20460BF0F1FEC6
S214031388FF2804D008220023009500F069FC2146B4
S21403139830460EF043FE0446ECE700BFB057002085
S2140313A8B25700202DE9F84F10460E4617469946C1
S2140313B80AF0D1F8254A264B0021B0F5006F14BF72
S2140313C89046984640460EF005FE4FF0000A04463F
S2140313D8DFF880B00CB9BDE8F88FBC4228D12046A8
S2140313E80EF03CF9857A80F80BA0013DEDB28572C4
S2140313F816B13F2E00D02DBB0EF022FC0546204624
S2140314080AF0A9F8B0F5006F4FF00002214615D18F
S2140314180F480AF027FAFFF787FF28460EF00BFC5B
S214031428DBF8885025B14B463A4631460020A84794
S214031438214640460EF0F2FD0446CBE703480AF081
S21403144811FAEAE7FFF770FFF2E700BFB25700208A
S214031458B0570020884F002000232DE9F34706469F
S2140314680F464FF6FF78284CDFF8A090ADF8063005
S21403147820460AF08FF9054648B9294620460EF055
S214031488A9FD82460EF0EAF80389B34217D94C45FC
S21403149801D1FFF749FF002120460EF09BFD0546C4
S2140314A807F1FF3A5FFA8AFAD5B94C4516D1BDF863
S2140314B80600FFF70FFF404602B0BDE8F0877B1E25
S2140314C8DBB2FD2BD4D9294620460AF0ACF92A46C6
S2140314D851460DF106000EF083FDC9E74C46C7E7F3
S2140314E8BAF1FD0F09D928460EF0B8F803899B1BF5
S2140314F89BB2984528BF98460381294620460EF096
S2140315088DFD0546D0E700BFB2570020B057002030
S21403151808B50EF00DFC0B4AFF2113881080C31A7A
S21403152898B2FFF799FF4FF6FF73014699420648AC
S21403153803D1BDE80840F2F7D1BFBDE808400EF076
S21403154879B900BFB4570020A4670020174B0028BA
S2140315582DE9F041164D18BF1D460F4628464FF095
S21403156800010CBF4FF008084FF002080EF032FDDA
S214031578044610B92046BDE8F08120460EF06EF802
S214031588C37A064623B1214628460EF047FDEFE701
S21403159820460AF00FF8424601463846EBF74CFA5F
S2140315A80028F0D1B378002BEDD1E3E7B05700203D
S2140315B8B2570020014B1860704700BFA8500020A0
S2140315C810B504460548F2F789FF0023044A13803A
S2140315D8044A1380044B1C8010BD00BFA467002078
S2140315E8B2570020B0570020AE57002008B504486D
S2140315F8F2F784FCBDE808400248F2F77FBC00BF58
S214031608B2570020B05700202DE9F3410446884618
S2140316180EF08EFB324B074620461E880BF0A1FDC4
S2140316280546204609F097FFB0F5006F32D1FF2D27
S21403163806D00123042200932846002300F010FB5B
S214031648B8F1000F1DD10EF0FBFA214605462548D2
S2140316580AF0A5F828460EF0EEFA23480EF0E8FC42
S214031668224BA8B31988711A17FA81F086B2204656
S2140316780DF0F4FF032306818372002002B0BDE851
S214031688F0810EF0DDFA00222146054615480EF0D5
S214031698A7FCDFE716480AF0B4F804281ED8FF2D7F
S2140316A806D00123082200932846002300F0D8FA20
S2140316B8B8F1000F05D10EF0C3FA214605460C48CB
S2140316C8C6E70EF0BDFA0022054621460848DEE7BF
S2140316D8314605481F800EF0ADF8C8E71C20CDE755
S2140316E8AE570020B0570020A4670020B457002048
S2140316F8B25700202DE9FF4708460C4609F010FFAD
S21403170800F48058204609F091FF0546204609F064
S21403171864FFB0F5404F1BD1B8F1000F14D029462B
S2140317280020FFF713FF054670B10DF097FF00235F
S214031738404A81780446009218462A460193F1F7F0
S214031748A5FF08B90123E372012004B0BDE8F087BA
S21403175828460EF0D7FB81460EF0A0F9FF28074669
S21403176837D00125A0F12006C0F12003324925FA17
S21403177803F305FA06F61E438540D1E900232A43F8
S2140317883343C1E900230EF0A3F9044638B13846BB
S2140317980EF0DCF910F00C0F14BF01240024B8F186
S2140317A8000FD1D04FF0000A03A90120ADF80C9022
S2140317B8FFF7CCFE81460DF051FF8046B9F1000FC6
S2140317C81ED1BAF1000F14D1FF2FBDD0002CBBD108
S2140317D828E01A4B1B684BB148469847044628B17D
S2140317E8B8F1000FB0D000252E46DBE7B8F1000F9E
S2140317F801D10020A9E7002501242E46A246D3E7F7
S21403180874B100230B4A8178009218464A4601931E
S214031818F1F73CFF002897D1012388F80B3093E7AC
S214031828FF2F91D0064BD3E9001229433243C3E96D
S214031838001289E7AD13030068160020A85000209D
S2140318486016002038B5044609F085FE054620468E
S21403185809F0B0FEA5F50063044601465842584110
S214031868FFF774FEB0B9B5F5006F01D0002038BD98
S21403187820460EF047FB0EF011F9FF28F6D0064B6C
S21403188800B21B6833F8100000F4E260003818BF93
S2140318980120ECE70120EAE7AC5000202DE9F743E6
S2140318A84FF000090746ADF804900EF04FF910F014
S2140318B80C0F29D04FF00208154D2B88A5F8009079
S2140318C8ADF806300DF1060009F064FF044630B1A2
S2140318D8B8F1010F14D04FF001080E4DEDE721467D
S2140318E80DF1060009F09FFF06460BF03AFCB842D6
S2140318F82246314614BF284601A80EF071FBE1E7DD
S214031908BDF80400FFF7E6FC03B0BDE8F08300BFAC
S214031918B2570020B05700202DE9F04FDFF820819A
S21403192885B0D8E9003213437CD105B0BDE8F08F03
S21403193802EA040103EA0700014327D022EA040265
S21403194823EA0703C8E90023DAE9002304EA0205C1
S21403195807EA030C55EA0C056FEA04006FEA070169
S21403196824D130460EF0F2F8C2070FD530460EF0F3
S214031978D5F8DBF89C30002B45D11D46304600F0E1
S214031988E5F8DBF884300BB12946984724197F41DC
S21403199809F10109284B5FFA89F61B78B342C4D9C3
S2140319A8D8E9002352EA0301C2D1BEE702400B403E
S2140319B83046CAE900230EF0C9F8C307E6D51F4B1D
S2140319C830461B6833F8163003F48873102B10D090
S2140319D80EF0A4F8DBF89C3013BB1D460123102237
S2140319E800933046002300F03BF90020F1F7BCFDD6
S2140319F8C4E70EF093F8DBF89C300125002BBDD026
S214031A080122039502E000252A4603950392002146
S214031A1830469847039A002AB0D0002DAED1DDE7AA
S214031A280025EDE74FF0000901244F46DFF814A020
S214031A38DFF814B0AEE700BFCF680020AC50002034
S214031A486816002060160020884F0020F8B5034665
S214031A58084613B309B3402A1FD8114900260B605A
S214031A6810490027086010494FF0FF350A70002117
S214031A780C460433914205DB00215200EAF790FC3A
S214031A880020F8BDC3E9036703F8044C23F8024CA7
S214031A981D605D6001311833ECE72120F1E700BFD4
S214031AA8B0500020AC500020CF680020F0B5144C8E
S214031AB8DDE905672568EDB1F0B912480078884274
S214031AC81AD901EB41014FEAC10C05EBC10415F81D
S214031AD8311011B92169C90710D4002005F80C0084
S214031AE862801A6846F0010662605A68C4E90467A9
S214031AF8A260F0BD0220FCE72120FAE72E20F8E7D3
S214031B08B0500020CF6800200E4B30B51A68A2B13B
S214031B180D4B1B78834212D900EB400002EBC0033F
S214031B28C100002400200025C3E9044550544FF0A3
S214031B38FF3258805A609A6030BD0220FCE72120A5
S214031B48FAE700BFB0500020CF680020094B1B6897
S214031B5863B1094A1278824208D900EB400003EBC6
S214031B68C0031A69D20701D5588870474FF6FF7025
S214031B78704700BFB0500020CF680020094A0346CC
S214031B88106870B1084A12789A4209D903EB4303DE
S214031B9800EBC303186910F0010002D0181D704744
S214031BA800207047B0500020CF680020F8B50E4BD1
S214031BB805461C6834B128B100260C4B1F78F3B2CF
S214031BC89F4202D84FF6FF7009E008222946201DD7
S214031BD8EAF732FF20B92369DB0701D56088F8BD29
S214031BE801361834EBE700BFB0500020CF6800205A
S214031BF80C4B1B689BB14FF6F77291420DD80A4AF5
S214031C081278824209D900EB400003EBC0031A6935
S214031C18D20704D500205980704721207047022038
S214031C28704700BFB0500020CF6800200A4A03461A
S214031C38106878B1094A12789A420AD903EB430323
S214031C4800EBC300036913F0010003D0C3F30010CD
S214031C5870470020704700BFB0500020CF680020B0
S214031C6870B51C46124B9DF810601968D1B1114B1C
S214031C781B78834218D900EB4000551E01EBC001C0
S214031C882543D1E9040301D0C5070FD52EB1104368
S214031C982343C1E90403002070BD20EA020023EAB7
S214031CA80403F6E70220F7E72120F5E72D20F3E7FC
S214031CB8B0500020CF680020134BF0B51B6803B361
S214031CC800266FEA000C6FEA010E104C2778F4B270
S214031CD8A74201D80020F0BDD3E9044514F0010F4C
S214031CE807D014F0020F04D132B104430D43C3E9FD
S214031CF8044501361833EAE70CEA04040EEA050538
S214031D08F5E70220E7E700BFB0500020CF680020C1
S214031D180B4B70B51B682BB100240A4A1678E2B23F
S214031D28964201D8002070BDD3E9042502400D4031
S214031D382A4304F1010403F11803F0D00120F2E763
S214031D48B0500020CF6800202DE9F0470026FF2773
S214031D58B246164DDFF8588098F800305FFA86F9D1
S214031D684B4502D83846BDE8F0872B792F2B0FD979
S214031D7828460AF0B1F82B796C7903F0070304F0C8
S214031D88030483422CBFE4182418E4B2A24506D9F8
S214031D985446B946A2464F4612350136DCE728882C
S214031DA801F0A6F80028F3D1F4E700BF1055002089
S214031DB8225E00202DE9F04F89B0814609F020FC09
S214031DC8029048460BF011FE0024411C054689B2D2
S214031DD8484602F07FFBA246A346A046274600F0E5
S214031DE81F00023500EB4000EAB27D4E50FA85F537
S214031DF8EDB2AA4274D9DFF8FCA19AF8003033B1E1
S214031E08A400E4B2B4FBF3F4042C08BF032402983A
S214031E18F3F7C4FD054600283CD1FFF795FFFF28D6
S214031E285BD0704B05B2049018780AF03CF88742EA
S214031E382CBFE1192118002F14BF01230223684E73
S214031E4805EBC50506EB450553FA81F328460393C8
S214031E580AF042F895F804C06B790CF0070103F012
S214031E68030388422CBF1B185B18039ADBB29A42FB
S214031E7833DA049A2FB921B19AF80030033B5B454D
S214031E882BDC1046029909F0CFFF05B205EBC50512
S214031E9806EB45052B791E09002F00F0818039468D
S214031EA828460AF043F8032128460AF045F8B8F10D
S214031EB8000F09D1002E40F0868007F005FCC0F31A
S214031EC80B0149480DF0B6FC6B79484623F003032B
S214031ED81C446C7109F029FBA87309B0BDE8F08FA0
S214031EE850D0424B49461B8807A8ADF81C304FF024
S214031EF800038DF81E3000230093032303920EF08D
S214031F0806F99DF81E30BDF81C101B09039A18BF66
S214031F1808F10108CDE9041318BF5FFA88F803929D
S214031F2809F0ABFD0499039A8842059B03D19DF8F3
S214031F381E7007F00F072E4890F800C016E016F834
S214031F480E0C10F0070003D00BF1010B5FFA8BFBA6
S214031F58AA4207D036F812EC8E4503D113B108B15E
S214031F680134E4B20AF1010A5FFA8AFAAA4206F1D0
S214031F7812060BD1D4450FD916F80E0C10F007002D
S214031F88E2D1EFE700234FF6FF71D4E736F8120CD9
S214031F98884201D8D445D2D80332123ED2B228E7B3
S214031FA8022E14D95B0707D03946284609F0C4FF22
S214031FB8B8F1000F81D087E70321284609F0BCFF54
S214031FC8B8F1000F80D1062E3FF677AF7CE731468F
S214031FD8284609F0B1FF58EA06063FF46EAF73E7E2
S214031FE810550020DB5E00203C4200206CFE0400F7
S214031FF8225E0020956800202DE9F043082300247C
S21403200885B08DF808300646022301214FF6FC708A
S214032018CDE9004402AA0BF0C4FCADF80A00D8B117
S2140320282746DFF8A080DFF8A09099F80020E3B2EF
S2140320389A4224D8BDF80A4020460BF0D6FC411C29
S21403204847F06002204689B202F058FA0022BDF82B
S2140320580A001146F4F736FA07F036FB184AC0F3B7
S2140320680B01137801F55A51013113B1013B890865
S2140320781370304605B0BDE8F0430DF0DBBB18F827
S2140320880E5C6F2D17D8404630F8123D2D01ADF87B
S2140320980C3009F021FF05F0700528448DF80E0072
S2140320A80123032203A90DF10A00F2F76BF90028AE
S2140320B8D2D10137FFB2013408F11208B5E700BFE1
S2140320C81E5E002022550020225E002010B5054C17
S2140320D82046F2F703FA2046BDE8104000210DF02B
S2140320E8A9BB00BF3C4200202DE9F0432A4D87B028
S2140320F8F6F7F8FB2A7829492948FFF7A7FC0921A8
S2140321082A782848EAF74CF90026244FDFF89C80FB
S214032118DFF89C902B78F4B2A34202D807B0BDE848
S214032128F08304F582300B2203A900F5C070DBF7B1
S2140321389FFE4FF6F670BDF814209DF81630511E14
S21403214889B2814215D80020C3F3C003DB1840EBDD
S2140321580001CDE90031214603ABFFF7A7FC0028B1
S214032168DCD14FF4805327F8143048F8240029F8B4
S214032178140004F5833001220DF10A0100F580707E
S214032188DBF776FEBDF80A20064B01361A55802281
S214032198054B1A55BEE700BF9C6800202057002051
S2140321A880130020CD5D00200F5E0020E040002055
S2140321B81257002010B50A4B1C780DF06FFCFF2849
S2140321C80DD0012C38BF0124064A230232F810101A
S2140321D819B101EB1313A3EB111322F8103010BD3A
S2140321E8DB5E0020125700202DE9F047002506463F
S2140321F80F46AA46DFF84490DFF8448099F8003083
S214032208ECB2A34202D85046BDE8F08720460DF04C
S2140322189DFCC2070CD520460DF098FC830707D40F
S21403222838F8143037B133434FF0010A28F814301E
S2140322380135E3E723EA0603F6E700BF9C680020B8
S2140322482057002010B5084B084A1C780023D9B23B
S2140322588C4201D8002010BD32F8021B013330EA45
S2140322680101F4D10120F6E79C68002020570020DE
S214032278F0B50C464FF6F77187B08A4286461D4678
S2140322889DF8306002D9002007B0F0BD5968186879
S2140322980DF10C0CACE803002C49ADF814200978B2
S2140322A8A142F0D900218DF81660B61006F0020692
S2140322B80191704621460096FFF7F8FB0028E2D105
S2140322C8234B244A43F824009DF83830224E1B0239
S2140322D822F814304FF4A04304F582300B2226F874
S2140322E8143003A900F5C070DBF7EEFD9DF8343013
S2140322F81A4913F0040F17BF0123194B0B5536F869
S21403230814300CBF1B7843F0080304F583300CBF66
S2140323180B5526F814300122214400F58070DBF7AC
S214032328D3FD00210F4B104A1B782846234442F856
S2140323382310E7F789F80D4B1855284607F00FFBC7
S2140323480B4A01201378013313709DE79C6800201D
S214032358E04000201257002020570020CD5D0020C3
S21403236885680020956800200C4000200F5E00203A
S214032378215E0020054B1B78834206D90021044BB7
S214032388044A1B78034442F8231070479C680020CD
S214032398956800200C400020074B084A187800234D
S2140323A8D9B2884200D870471188013321F4805186
S2140323B822F8021BF4E700BF9C6800202057002081
S2140323C830B585B004460D46E6F736FEA04202D879
S2140323D8172005B030BD20460DF0B8FBC007F7D56B
S2140323E804F582300B2201A900F5C070DBF740FD27
S2140323F89DF80E2001AB03CB69609107286030D4A3
S21403240812F0080F0CBF042303232B722046FFF792
S2140324189DFB154B68811B5D20466B730DF07EFB99
S214032428124A2873135D4FF47A7103F00F03AB73E4
S214032438135D002013F00F031FBF03F1FF320223BF
S21403244893403C2218BF5343094A08BF0A2352F84D
S2140324582420B2FBF1F29A422CBF00239B1A2B616D
S214032468B7E70223D1E700BF0F5E0020CD5D00204B
S214032478E0400020F8B51F4E04463378834237D031
S214032488FFF764FB4FF6FF77B84231D02046347027
S214032498FFF704FA2046FFF759FB054609F0EDFA5D
S2140324A8012301461A4628460BF038FC2046FFF758
S2140324B82BFB0546E0B9104A1378013B1370F4F773
S2140324C8B5FB294620460AF0B0FE80220B4B204671
S2140324D823F814500A4B1A550A4B23F8145009F0DC
S2140324E857FA2A46394611200DF0D5FCFF233370D8
S2140324F8F8BD00BFD0680020215E002020570020CA
S2140325080F5E0020125700202DE9F04F0E461546A1
S2140325184FF000098BB01F469DF854309DF850A025
S214032528DFF84CB1049005939BF800205FFA89F412
S214032538A24207D84FF6F7739D421CD817F0020B32
S2140325483FD01AE02046FFF701FB804604F58230A9
S2140325580B2207A900F5C070DBF78AFC4FF6FF725B
S2140325687EB9904516D14FF6F7729DF826309542F8
S21403257803F0EF0311D94FF6FF7528460BB0BDE8F5
S214032588F08F904506D00822304607A9EAF754FA92
S2140325980028E8D009F10109C6E79F4207F00208B8
S2140325A82CD0F3F70FFC002857D12D4B2D4A1B7858
S2140325B8234412F823B020460AF058FEB8F1000F59
S2140325C8DBD1E6F739FD284B1B788342D3D00021AD
S2140325D808460DF033FAFF280446CCD0059B01467F
S2140325E8CDE901A32A46334604980097FFF740FE31
S2140325F80028C0D0F4F71AFBD8460FE02046FFF7AA
S214032608A5FAA842CDD1B8F1000FB6D13046E6F701
S2140326181BFF164B1855304607F0A1F951462046BE
S2140326280AF0D7FD2046FFF791FA054609F025FA82
S21403263800230146012228460BF070FBF3F7C2FB82
S21403264828B9074B074A1B78234442F823802046B9
S2140326580BB0BDE8F04FFFF779BA4FF0000BAAE7C7
S214032668956800200C400020215E00200F5E0020A5
S2140326789C680020F8B50026104F3C78F5B2AC42AB
S2140326880FD800250E4B6400224629460D481D70B8
S214032698E9F786FE22462946BDE8F8400A48E9F7E0
S2140326A87FBE2846FFF7FAF8002128460AF0BDFD44
S2140326B82846FFF729FA0136DFE700BF9C680020A3
S2140326C8215E00202057002012570020024B80214D
S2140326D81A780248E9F764BE9C6800200F5E00205B
S2140326E838B50DF0DBF9FF28044616D00B4D35F840
S2140326F810301B0711D50A4B0A491B7801220B54C5
S214032708014400F5833000F58070DBF7DDFB35F810
S214032718143023F0080325F8143038BD205700205A
S21403272885680020CD5D00202DE9F04F794B0546DE
S2140327381B788946022B17468BB004D000263046F2
S2140327480BB0BDE8F08F0DF0DBFC06460028F5D18C
S2140327584FF6F9739D4262D04FF6F8739D4276D0D2
S2140327682B0A28460DF11E018DF81C308DF81B50D8
S214032778F2F708FC002814BFB0464FF02008B3460B
S21403278814BF06230E23022229463846039300F075
S214032798EBFC01220446039B002840F0B880DFF8D0
S2140327A880A18DF818209AF800204946CDE9000044
S2140327B88DF81A208DF81D0006AA4FF6FC708DF8C2
S2140327C819800BF0EEF881460028B7D009F055F9C2
S2140327D8B8420FD0484608F0B0FF394604300DF02B
S2140327E893FB384604A90AF0ABFC70B1484604A923
S2140327F80BF065F9484B1B78033B012B2BD84FF698
S214032808FF71484609F06EFD06469AF80030FF2B1E
S2140328180EBF01230133DBB28AF800308FE74FF08F
S21403282808084FF0200B3C4B1B78033B012B85D93C
S21403283809F023F9B84281D109F01FF9FC238DF872
S2140328481B30FF2305468DF81C3006239BE74FF005
S2140328581008C346E7E70AF0D2FD80460028D4D01E
S21403286809F00BF9A8422DD12C4B1A7852BB032139
S2140328784846F3F727FE0028C7D09AF80030A8F88A
S214032888007088F80430002388F8053088F8083084
S21403289809F0F3F8A84202D1204B1B7853B109F08C
S2140328A8ECF8B84206D12CB1237923F0030343F09E
S2140328B80103237100224FF6FF710C200DF0EBFA8B
S2140328C80126A2E75946284608F1070200F078FCD5
S2140328D80446002899D0002203214846F3F7F2FD60
S2140328E80028CAD1237903F00303012B8DD109F0FD
S2140328F8C4F8A84203D1094B1B78002B85D023794B
S21403290843F0030323714FF6FF7323807DE71646D0
S21403291815E700BF285E0020295E0020D168002046
S214032928FB5E002037B50E4B05461B780C46033B6B
S214032938012B11D9E6F7A4FB01280FD0821E5342B8
S2140329485341590128460DF1070200F039FC18B126
S214032958002144800AF03AFD03B030BD1021F1E7A8
S214032968295E00202DE9F0438BB0857AB0F80690EF
S21403297804460E46174609F080F88145804605F05A
S214032988400541D10021608809F0BBFA0246002EB3
S21403299844D1082304A9C14501EB03060CBF234908
S2140329A802A90868496803C6A2B3022100268DF85F
S2140329B8172001228DF81010217A45F020058DF88E
S2140329C81210A18808338DF81310090A8DF814100D
S2140329D8E188CDE900268DF81510090A8DF816103A
S2140329E86088314604AA8DF811500AF0DAFF0546C6
S2140329F880B1618808F0D8FD79003246284601F090
S214032A08FE01F3F75FFD06E0E08802A90AF098FBEB
S214032A180028B7D100200BB0BDE8F0833068716892
S214032A2806AB03C345F010051023B3E7AE5E0020DC
S214032A382DE9F74389461E460746904608F07DFE6D
S214032A4800210446304609F05CFA054609F10701F9
S214032A58384601F02DFD7DB1B8F1000F02D1037899
S214032A681D44EDB2057063781A0716D569463046D5
S214032A78F2F788FA024618B1002003B0BDE8F083DF
S214032A880821684608F08BFF0028F5D120460AF08F
S214032A98E9FF08226946E9F7D5FC08F0EEFF014688
S214032AA8201D0DF031FA6378DB0603D538460C494A
S214032AB80BF005F83146A01C0DF026FA31463846C9
S214032AC808F072FD074A13780133DBB21370E3711B
S214032AD8A3790BB10120D0E70123A371FAE700BF5E
S214032AE8AE5E0020265E0020FF232DE9F04F8FB050
S214032AF88146164605918DF822301AB301230BAA90
S214032B080AF0D7FB9DF836500446EF0625D500276E
S214032B18059BBDF8308003F108024946D2B2082364
S214032B28009709A8CDE909770DF0F1FA3A46404629
S214032B3809A9F8F7A5FC002840F08C80A90627D534
S214032B4810220DE013460BAA0AF0B3FB9DF8365085
S214032B580446A80663D5062202E0AA0618D5082264
S214032B6800230599BDF832700A44CDE9093349466E
S214032B780093D2B2082309A80DF0C9FA384686F09E
S214032B88010209A9F8F77CFC002863D1002E46D079
S214032B98BDF8307008F071FF874249D038460DF00B
S214032BA8AFFA8046002E45D1BDF82EB00021584610
S214032BB809F0A7F9BDF82C300390184606930DF0D4
S214032BC89FFA064608F059FF069B834242D0B64B47
S214032BD81B78033B012B3DD915F04003049339D1E9
S214032BE8039B0BB9002E35D09DF83570039B05F073
S214032BF818051F44FFB2082D8DF835706CD12023B5
S214032C080493002C40F041810AF0F9FB054608B30B
S214032C18002E40F0B28033460126B24674E0BDF873
S214032C28327008F02AFF8742B8D14FF00108BBE795
S214032C384FF00108002C43D09C4BE279678803EBDE
S214032C48C20633F83220BDF832309A4205D04FF622
S214032C58FF7323800FB0BDE8F08FBDF82EA0B8F140
S214032C68000F08D0002130460AF0B0FBA6F802A0F1
S214032C780AF0BEF8EEE7BDF830000AF0AFFB0546EB
S214032C88414630460AF0A2FBA6F802A0884E2DB1AC
S214032C98414628460AF09AFB63886B800AF0A8F830
S214032CA83378002BD6D03B46002248460599FFF7D3
S214032CB8BFFE0028CED03946484609F013FBC9E7BD
S214032CC80AF096F87A4B1B78002BC3D0B8F1000F9E
S214032CD8C0D14FF6FF77E6E7102D01D1049590E7AC
S214032CE8B8F1000F8DD1002C3AD0C2460021BDF8AA
S214032CF832000DF1220200F063FA03460028A9D039
S214032D08002E40F0CA8025460499BDF830000DF120
S214032D182302079300F054FA044600289AD0644A1C
S214032D28079B1278002A78D0BAF1000F26D10246FC
S214032D382C466179B9427ED92546A4F802B0677154
S214032D481446002B00F09E809DF82230EA799A42BA
S214032D5800F09880002E40F08E80EB7100253FE04F
S214032D680AF04DFB044600283FF474AF4FF0010AFF
S214032D78BCE7002201261346DBE70126B8F1000F5D
S214032D881ED106F0A1FC7E23B0FBF3F202FB130070
S214032D9805993A4605315FFA80FA484601F0AEFBD4
S214032DA84FF6FF71484608F0FFFB039B032B2CD90D
S214032DB8AAF17E0A022148465FFA8AF2F3F782FBF3
S214032DC8069BA5F802B02B809DF834306F712B71E3
S214032DD800232B72002E42D19DF82230EB71012579
S214032DE8B8F1000F3FF436AF484609A90AF047FE84
S214032DF800283FF42FAF2A4609A90BA8FFF7B2FD10
S214032E0828E7002625463446BBE7039B012B94BFD9
S214032E180AF1020A0AF1420ACCE7BAF1000FCFD147
S214032E286979B94209D9A5F802B06F71002B8BD11D
S214032E38002E93D024E025461446049A002A3FF42D
S214032E4809AF8F427FF406AF039306F03DFC830772
S214032E587FF400AF039BA5F802B06F7171E7FF23F9
S214032E68EB71002CBBD001252379A4F802B023F01C
S214032E7803032371B4E7FF23EB71002C3FF46EAF13
S214032E880025F1E7002CD3D168E7002E7FF471AF55
S214032E98B24625460126534636E7BAF1000FB0D1A7
S214032EA85646524645E700BF295E00208A5600204C
S214032EB89B68002070B50C4B4FF6FF751C780023F3
S214032EC802460A489C4201D1002005E0068896423D
S214032ED806D1AA4201D10B7070BD8679002EFAD0AE
S214032EE801330830DBB2EDE79A6800208A560020E3
S214032EF8002210B50A4B1C780A4BD1B28C4201D873
S214032F08002010BD5988814204D11979890701D157
S214032F18997911B108330132EFE70120F1E700BFD1
S214032F289A6800208A56002010B5084B01461C787C
S214032F380023074AD8B2844201D8FF2010BD914225
S214032F4803F10103FAD00832F4E700BF9A680020B9
S214032F588A56002038B50446FFF7E6FFFF280546DD
S214032F6803D13F210B480CF0EFFE4FF6FF732046C4
S214032F782380A37103210AF029FA074B07481A7816
S214032F8800210732D21002FB0500BDE83840E9F7F6
S214032F9807BA00BFD79A04009C680020FE5D00208D
S214032FA8F8B504460026124D124F3A78F3B29A4201
S214032FB809D800224FF6FF710F4B1D780F4BD0B27E
S214032FC885420BD8F8BDFF2C02D0AB79A34202D1B9
S214032FD82846FFF7BFFF08350136E6E7FF2C02D081
S214032FE8187AA04201D1198019720A330132E6E72A
S214032FF88A5600209A6800209968002062560020A6
S214033008FF28F8B504462CD0164B1B78834203D802
S214033018802115480CF098FE4FF6FF75134A32F8D0
S214033028341002EBC4000379A94203F0030318D053
S214033038012B16D100220E4B1F780E4BD6B2B74281
S21403304803D8BDE8F840FFF785BF1E88AE4205D013
S21403305893F807C0A44504D0B14202D00A3301321C
S214033068ECE7F8BD9A680020D79A04008A56002031
S21403307899680020625600202DE9F74303F0E4FD23
S214033088324B1B78033B012B21D9314B1D88451B3B
S214033098ADB2E5B118804FF6FF7700202D4A1378B6
S2140330A82B44C3F3C81403F07F0313702A4B2B4A2D
S2140330B81E78C3B29E420DD800264FF6FF77284CDB
S2140330C8DFF8A09099F80020F3B29A4216D803B016
S2140330D8BDE8F0831388BB420DD0137999070AD14C
S2140330E804EB9311022928BF022103F03F0389B298
S2140330F843EA8113137108320130DAE734F80A8C8D
S214033108B84506D014F8043CAB4205D95B1B04F853
S214033118043C01360A34D5E708F0AFFC804534F89A
S2140331280A3C04F8027C24F80A7C09D018460DF1F8
S2140331380701FFF7BFFE18B19DF80700FFF760FF0A
S21403314814F8030CFFF75CFFE3E700BF295E0020D3
S214033158B6570020FC5E00209A6800208A56002096
S2140331686C56002099680020F0B500244FF6FF77C8
S21403317803461048DFF844C006780F48E5B2AE4267
S21403318801D800200FE005889D4210D13AB1012AE4
S21403319816BFC57905793CF83550A94207D1BB4215
S2140331A802D114238371F0BD057A002DFBD00A30B3
S2140331B80134E3E799680020625600208A56002007
S2140331C8F8B50D46114607461646FFF773FE002860
S2140331D836D102464FF6FF7C1E4B1F4C1978D3B2E6
S2140331E8994206D800231C4C8B4221D1F8BD0834DB
S2140331F8F5E7B4F800E00132E645F8D13370012369
S214033208278023710021A17165B1144B45F0080589
S2140332181A782571D31DDA103078114B02FB00306B
S214033228E9F7BEF82379204603F03F032371DDE769
S21403323822799209022AE1D001330834DBB2D3E7B4
S214033248037904469A071EBF23F0030343F00103DA
S2140332580371D7E79A6800208A5600209C680020E6
S214033268FE5D002073B50DF107010546FFF722FE44
S21403327840B103799A0705D113F0300404D043F01C
S2140332880303037102B070BD28460AF0AFF8094B72
S2140332984FF6FF711D7823469DF80760064AD8B295
S2140332A88542EFD9D0790133B04204BF1180117239
S2140332B80A32F4E7996800206256002030B50A4BB4
S2140332C8CC081B78094D0733DB1000FB03400123AA
S2140332D801F007018B402C5CDBB212B11C432C5463
S2140332E830BD24EA0304FAE79C680020FE5D00204C
S2140332F870B50B4B04461B78834204D840F24B2127
S21403330808480CF021FD0025074E3378E8B28342BF
S21403331800D870BD00222146FFF7D0FF0135F4E739
S2140333289C680020D79A04009A680020FF2810D0CB
S214033338FF290ED0084BCA081B7801F0070107338C
S214033348DB1000FB0323054AD05CC84000F00100ED
S21403335870470020704700BF9C680020FE5D002071
S2140333680148F0F7CBBD00BFB85700202DE9F0475A
S2140333781E464D4B8CB01B681546074688469DF877
S214033388509003F0080A08F078FBA8423FD1B9F139
S214033398000F14D06EB9ADF806603D4604242246E5
S2140333A8414628460AF0BEF800F001000CB0BDE816
S2140333B8F0870023ADF806303D4606243AE0384643
S2140333C80CF06CFBFF28044605D0F2F7FBFC10B1A3
S2140333D82046FEF7CFFF96B10023ADF80630F8F780
S2140333E8FDF80028E8D0062440460DF1060202A997
S2140333F809F02CFAD8B94046F8F7F8FA17E0ADF80A
S2140334080660F8F7EBF80028C7D00424ECE73EB3C9
S214033418BAF1000F2ED000230B24ADF80630B9F10D
S214033428000F0AD1F8F7DAF82F460028DCD13D4614
S214033438002EB4D0BAF1000FB1D004F0040241460E
S21403344842F0110228460AF06DF82246064641461F
S21403345828460AF067F8002814BF30460020A3E77A
S214033468BAF1000F14D00124ADF80660B9F1000FC5
S21403347895D1D7E70B24284602A9F1F783FD07461B
S21403348868B902A806F08FFD20B9ADF80600EDE787
S2140334980124F0E744F00204ADF80670E6E70023DB
S2140334A8ADF80630E2E700BFD04200202DE9F0472A
S2140334B81E46744B8CB01B7807460D461446DDF83B
S2140334C85080002B3ED008F0D8FA30B36E4B1B68FA
S2140334D8980722D44FF6F7739C4233D843463A46A6
S2140334E831462046FBF7F2FE08F0C7FA854200F09D
S2140334F8C5803046FEF75AFBA04203D10CF0CEFA3D
S21403350809F0B4FEBA1E5342534129460022204608
S2140335180CB0BDE8F0470AF001BCE7B1F91ED1F1DB
S214033528000949EB01094FF6F7739C4216D90321A4
S214033538204606F0DAF803233A4631462046009535
S21403354806F0C2F908F099FAA84200F097804FF6F9
S214033558FF739C42CBE74FF00109E4E72B463A4654
S2140335683146204603F0F5FF2146CDE900082B46F1
S2140335783246384606F067FD80460146204606F082
S214033588B4F8B8F1000F61D1B9F1000F12D10023D6
S2140335983A4631462046009506F096F988F0010328
S2140335A82A4631462046CDF8009003F00103FFF77C
S2140335B8DDFE99E7002FEAD003AA9246334B03F1C0
S2140335C8100E9446186859680833ACE80300734528
S2140335D86246F6D107A806F0D3F903233068716864
S2140335E88DF81C3008AB03C39DF8293007A843F0B1
S2140335F802038DF8293006F0EEFA90B13068716848
S21403360808AB03C3042307A88DF81C3006F0E3FAB7
S21403361838B1022307A88DF81C3006F0DCFA002818
S214033628B5D1514607A806F016FB0028AFD0F4F725
S21403363895FB0028ABD103233A463146204600952E
S21403364806F042F908F019FAA84250E743463A4604
S21403365831462046009506F037F9B8F1010F9DD09C
S214033668B8F1020F7FF440AF284607A9F1F78AFCA2
S21403367820B93246284607A909F01BFF0CB0BDE857
S214033688F08700BF245E0020D042002076FE0400A8
S214033698044B1A880AB100221A8000210846F9F753
S2140336A8ABBF00BFB857002000232DE9F0478EB004
S2140336B804460D46CDE903334F7808F0DEF950B1DA
S2140336C8B64B1B689A0706D4092103A806F0B4F874
S2140336D80EB0BDE8F087204603A9F1F753FC06466B
S2140336E8002840F05781022F3DD0042FECD1E5F790
S2140336F8AFFC002846D0E5F7ABFC022840F0228151
S2140337080DF12408334632464146304606F0D2FBCE
S214033718012103A89DF8255006F0BFFC2840FF2882
S21403372800F0348105AD284608F044F9002840F037
S2140337382F8195E80F0088E80F003A46414603A80C
S21403374806F0F2FA0246002840F02081032303A974
S214033758CDE9005320463B46FBF77EF900280CBF0D
S21403376813210621B1E78D4B1B689B07ACD40235A2
S214033778082229468A48E9F75FF90028A4D0E5F71E
S21403378873FC08B91121A0E7864B874E1B78FBB953
S214033798FFF77EFF3088002860D103AF29463846F6
S2140337A806F0ECF8002800F0CA8028460DF10A0156
S2140337B8F1F7C2FB40B90DF1240A504608F0FAF8AF
S2140337C88046002800F08780FFF762FF0F217CE71A
S2140337D83088002842D101460BF0B4FF3080002819
S2140337E83AD001230822304603A9F0F7CBFD98BB4D
S2140337F80123082229463046F0F7C4FD60BB01239F
S2140338080222694809A9ADF82440F0F7BBFD034630
S214033818308823B1002848D04FF0100920E00BF079
S21403382839FF61490746204601F0CAFC30880BF089
S21403383831FFFFB2874209D1FF238DF824300123D5
S21403384859481A4609A9F0F79DFD28B90021012011
S214033858F9F7D2FE0C2138E73088DBE74FF0070983
S2140338680BF0FCFE074630880BF0F8FE348811216F
S21403387800F10808204600F02DFE10218246204657
S21403388800F028FE0822044603A94046E9F7D4F8C0
S214033898002840F08180082229463846E9F7CCF804
S2140338A8002879D1B9F1070F01D010210DE704EBF1
S2140338B80A244546A4B271E730884FF0010828B1B8
S2140338C8122100F007FEFF2881461ED12A46B94674
S2140338D82046402304E03A46A9464346BDF80A0074
S2140338E843F00303CDE900A349460323FBF7B4F8E3
S2140338F800283FF469AF0721484605F09DFFB8F155
S214033908000FD9D0FFF7C4FEE2E6002108460BF005
S21403391819FFADF8140048B1204605A901F050FC7C
S214033928BDF814000BF0B6FE0028CFD1142300937D
S2140339384A4639462046338801F0FAFBC6E7FFF7BE
S214033948A7FE1FE7E5F784FB012801D00621BCE69E
S21403395805AD324633462946009603A8F9F75EFDB9
S214033968024608B10A21B0E60C4B20461B6803A999
S2140339785B0003F0040343F00303CDE900533B461F
S214033988FBF76AF80028E1D113219EE605219CE699
S21403399812219AE60B2198E60E2196E6D0420020DD
S2140339A8AE5E0020C85D0020B8570020012330B55E
S2140339B80D4C85B022788DF80430D5188DF805207F
S2140339C80E228DF806200A682570CDF807204A6867
S2140339D801A9CDF80B200B22F0F7D4FCB0FA80F03F
S2140339E8400905B030BD00BF255E0020014B18789E
S2140339F8704700BFFD5E0020142230B58BB0054625
S214033A080DEB02011548DAF733FA10BBBDF814308C
S214033A18DA0720D413F0060FC3F3410208BFC3F333
S214033A2841220F4B0DF116019C5C68462246E8F7C7
S214033A3847FEBDF8263004F128026A4402F8283CFB
S214033A4802341B0A02F8273C69462A46E0B208F005
S214033A58DAFE0BB030BD2320FBE700BF703214E05C
S214033A6886FE040010B58AB0ADF826200022CDE9FC
S214033A78052204920CAA02924FF6FF720446AC2162
S214033A8801200192064A039004FB01226032009249
S214033A984CF620010DF1260209F066FD0AB010BDAA
S214033AA8884F002000B58BB0ADF824309DF8303031
S214033AB803208DF82630002303900A4909A8CDE988
S214033AC80130CDE90533049301F160030093B1F89F
S214033AD85C3002204CF6604109F046FD0BB05DF8F9
S214033AE804FB00BF884F002010B54FF6FF741E4A2C
S214033AF88AB0B2F86800B2F85E10A042ADF82600A5
S214033B08B2F85C304FF6FD70ADF8241018D0814239
S214033B184FF0000094BF48F660014CF66001CDE90B
S214033B280500CDE90300CDE9010094BF09AA603278
S214033B3800920DF12602042009F016FD0AB010BD06
S214033B4881424FF000008CBF603209AA00928CBFF6
S214033B584CF6604148F66041CDE90500CDE903001F
S214033B68CDE90100014AE6E7884F0020F24F00201E
S214033B7800B50E4B0022B3F85E308BB0ADF8243098
S214033B884FF6FF73CDE90522CDE90322CDE90122DD
S214033B9809AA00924FF400610DF126020720ADF83A
S214033BA8263009F0E1FC0BB05DF804FB884F0020D3
S214033BB830B58BB08DF825301B0A8DF826300023D8
S214033BC80D4991F85840CD6DB1F85C00CDE9053341
S214033BD8049307236031039308ABCDE901030091EF
S214033BE84FF6FF734CF62041082008958DF82440BD
S214033BF809F0BAFC0BB030BD884F002070B54FF6FD
S214033C08FE76294C1D46B4F85E10B4F85C30B14213
S214033C1894F85C00A2B04FEA132321D14FF4404135
S214033C286034ADF808108DF80B008DF80C3003CC13
S214033C380DF11504CDF80D00CDF811102270120AF7
S214033C486270002211461046A270E270ADF8062094
S214033C5807F051FDADF8060090B9002022B070BDFC
S214033C684FF400448DF80D10090AADF808408DF896
S214033C780B008DF80C308DF80E100DF10F04DDE7F0
S214033C88043402A9621A012392B20DF10600F0F772
S214033C9879FB0028E1D1BDF806002A4601210BF07E
S214033CA829FDBDF80600D9E7884F0020202A10B55D
S214033CB8144614D8012A04D10C88B4F5004418BF56
S214033CC80124620030B10748E8F7BCFB064B002026
S214033CD81C7010BD0548E8F7B5FB054BF7E7212030
S214033CE8F7E700BFBA570020FE5E0020FA57002009
S214033CF8FF5E00202DE9F047104617460CF002F940
S214033D08DFF814A1DFF814919AF8003099F8002028
S214033D180546134302D10020BDE8F08710F4406837
S214033D2800F0400619D186BBB0F5804F5CD24FF43D
S214033D38807400239AF80000344AD9B288425DD8C2
S214033D48002399F80000324AD9B28842E3D932F8F8
S214033D58021B0133A142F7D155E0F81C0CF0D2F848
S214033D684FF6FF73984214BF0124022486B1052632
S214033D7805F44043B3F5004F44F0080424D0B5F5E2
S214033D88804F23D244F4807420E044460326EFE7AA
S214033D98B5F5804F4FF00506F4D3B8F5406F14BF5A
S214033DA802200820304438440CF0ACF8194B05F4CC
S214033DB84045B3F85C3083420CBF44F0080444F033
S214033DC80404B5F5004F01D144F08004B8F5006F3C
S214033DD80ED1B8190CF096F80E4BB3F85E30834242
S214033DE8A7D144F01004A4E7444603260220D9E7E3
S214033DF8B8F5406F08BF44F020049AE732F8021B70
S214033E080133A14299D1012086E700BFFA57002063
S214033E18BA570020884F0020FF5E0020FE5E002071
S214033E282DE9F04F104685B0164698460CF06AF80A
S214033E385D4F00F00803B7F85C10044600F0070966
S214033E48F01C02930391B7F85EB00CF05BF806F12A
S214033E58050A054650460CF055F803464FF6FF701C
S214033E68854218D00399A1EB050CDCF1000545EB58
S214033E780C056D004FF6FF718B420ED145F0040515
S214033E880BF0BCFE029B6BB1B9F1000F11D04220B8
S214033E9805B0BDE8F08F0125ECE79B4508BF45F064
S214033EA80805EDE7B9F1030FF1D8DFE809F0021BBF
S214033EB8795D0BF0A3FE08B9A807E8D524F0080433
S214033EC8A4B2B4F5004F05D0B4F5624F02D0B4F5EA
S214033ED8404FDCD10025294697F8A820002007F094
S214033EE80AFC3CE0D7F88030E3B90021324608469E
S214033EF8FFF700FFD8B948F6410224F038039BB20F
S214033F089342C4D10A2D49D0062DC0D197F87730ED
S214033F18023B012BBBD8EEF7AFFF0028B7D140F61C
S214033F28040505E04146304698470028DDD00825B5
S214033F38E20648BF45F08005A30648BF45F480550A
S214033F4805F00C03042BC6D1F01D0BF0DBFF97F826
S214033F58A8303246009341462B4607F0A1FB08B328
S214033F680E9B1880002093E7A90705D14FF6FF7329
S214033F78B7F85C209A428AD104F44063B3F5006F1D
S214033F880AD0B3F5406F82D1082250460749E8F7AE
S214033F9853FD00287FF47BAF0C25C9E70425C7E744
S214033FA8432075E7192073E7884F0020E84F002061
S214033FB8034B1A781AB1FF2A04BF00221A707047F7
S214033FC8015F002070B5084C084E2378F55C1DB1D8
S214033FD83E2107480BF0B8FEFF2223782846F25402
S214033FE80023237070BD00BF005F0020015F002020
S214033FF8E59A0400034B044A1B78D05CFF3818BFC5
S21403400801207047005F0020015F00200023074A55
S21403401807491360074A1360074A1360074A116083
S2140340280121074A1170074A13607047C0500020E1
S214034038FBD60300BC500020B8500020C4670020FD
S214034048D2680020C85000200E2A70B50C460646D3
S2140340581546194603D9FFF7D9FF502070BD012826
S21403406807D10020EEF722FFB0B1FFF7CFFF2120DC
S214034078F4E780220021224B1A70224B1960224B48
S2140340881B684BB134200BF05DFB204B188018B926
S214034098FFF7BCFF0120E1E724F0FF6323F4FF23C7
S2140340A81BB1FFF7B3FF4F20D8E774B92046EEF7E6
S2140340B817FF0124032510F0800F43B21BBF00F03F
S2140340C81F039C409C4044F078440020104B24F087
S2140340D878441E700F4B10491D70104B1C60104B14
S2140340E81870104B1A68EFF797FA18B1FFF78EFF98
S2140340F80420B3E79DF810200B4B1A70AEE700BFF9
S214034108025F0020C4500020B85000203A58002010
S214034118075F0020055F002015440300C8500020F1
S214034128065F0020C0500020035F00207FB5244BA5
S21403413800251A7801232348234903FA02F2007854
S2140341481A440A60ADF80E5020B3984236D11F4C75
S2140341581F4B20781B680DF10E0198471D4EBDF8BE
S2140341680E20307092B11C4B294600932846022332
S2140341780195EFF78BFA3278237822B1012A12BF1A
S2140341881B230133DBB2237004B070BD013818BF9C
S2140341980120F0E778235A43013A0A6008220F49B8
S2140341A80BF016FA0B49094A0978137821B1012945
S2140341B812BF1B230133DBB21370E5E71846E3E7A8
S2140341C8055F0020075F0020CC500020065F002014
S2140341D8C4670020D26800205144030091FB030003
S2140341E8024B1868003818BF01207047B8500020E3
S2140341F837B505461C460BF001FD68B974B1084B84
S2140342081A60084B0A461C600123294600930323B9
S214034218FFF71AFF03B030BD4D20FBE72520F9E76B
S214034228B4500020BC50002013B504460BF0E6FC3F
S21403423858B962B1074B1A6001230A460093214610
S2140342480323FFF701FF02B010BD4D20FBE725202F
S214034258F9E700BFB85000202DE9F0410446DDE930
S21403426806861D469DF820700BF0C8FC88B99EB1DB
S214034278A2B10B4B01201A600A4B0A46C3F800800A
S214034288094B21461E602B460697BDE8F041FFF70B
S214034298DBBE4D20BDE8F0812520FBE72120F9E7AA
S2140342A8C4670020C0500020BC5000200148EFF728
S2140342B825BE00BF3A5800202DE9F0410020EFF74D
S2140342C819F9114B114C1E68114B20881D68114BA8
S2140342D8114FD3F8008010B13978EFF7E9FF0020C3
S2140342E83870FFF793FEEFF723FC0EB14046B0474E
S2140342F83DB12088A84700232380BDE8F0410BF092
S2140343089EBDBDE8F08100BFBC5000203A5800208F
S214034318B8500020C8500020085F0020F8B52F4882
S214034328F0F7DCF82E4B187830BBEEF7D9FD2D4F97
S21403433806463B6803B32C4B2C4D1C6824B195F9F1
S21403434800301A461946A047294B1B6883B1294CE7
S2140343582378312B0CD8284B18880BF07FF9237851
S2140343685A1C22702A78C25423785A1C2270C654C0
S21403437880232B7000233B60204C23781A2B22D8EB
S2140343881F4A1278012A09D100211E4A156825FA00
S21403439803F0C007DAB20ED501B122700020EEF79B
S2140343A89FFD2178884212D10022174B1A70FFF717
S2140343B8BDFE40B9F8BD0133D8B21A284FF0010143
S2140343C8E5D90A442270BDE8F840FFF775BF002018
S2140343D8EEF798FD0028E7D0F5E700BFC86700208A
S2140343E8075F0020C4500020B4500020025F00205E
S2140343F8B8500020085F00203A580020065F0020C7
S214034408D2680020C8500020045F002008B50B4B74
S214034418187880B90221EEF737FD094B1B782BB1C4
S21403442800214FF6FF720846EEF710FDBDE8084078
S2140344380448FFF773BF00210846ECE7075F002030
S214034448035F0020C867002038B5144B0C461D7858
S214034458012D21D181B90846EEF742FD104A05FA27
S21403446800F013680F4923EA0003136020462A4620
S214034478BDE838400BF0ACB80B4A13780133DBB20F
S214034488022B137004D9BDE838400848FFF746BF27
S214034498FFF74CFE0028F6D138BD00BF075F0020A3
S2140344A8C850002091FB0300045F0020C867002063
S2140344B838B50C4605460BF0EDF8A04203D82D2177
S2140344C803480BF041FC28460BF0C8F8204438BDD7
S2140344D8F99A040070B506460D460BF0BFF8044675
S2140344E848B130460BF0D6F8A84203D8352102481F
S2140344F80BF02AFC605D70BDF99A040070B50C4693
S214034508064615460BF0C6F8A04203D83E210448D3
S2140345180BF01AFC30460BF0A1F800B1055570BD38
S214034528F99A04002DE9F0431E46574B8FB01B78C3
S2140345380746033B012B0C4615469DF8588007D8BB
S214034548F4F718FA20B1F0F71DF908B144F400544B
S2140345584E4B1B7813B924F40074A4B2200509D56E
S21403456846B9284604A9F0F70DFD002846D024F4DA
S2140345780064A4B2ADF81840ADF81A5007F07DFAF7
S214034588434BADF81C00B8F1000F02D01A78424529
S21403459801D293F800803F4AE105137848BF0DF12E
S2140345A8210103F10103DBB2137058BF08A92205E2
S2140345B88DF81E808DF81F3006D53368083141F80C
S2140345C8083C736841F8043CE30407D5324A0831CB
S2140345D8136841F8083C536841F8043C0DF1180881
S2140345E8A1EB08005FFA80F9002148460BF0AAF809
S2140345F8064628B900200FB0BDE8F08304AEB9E735
S2140346080BF02CF841464A46E8F75AF830460BF0C2
S21403461841F8804630460BF021F800230246009303
S2140346284FF6FF7004235FFA88F107F039F8ADF800
S2140346380E000028DED040F201131C421AD14FF6B2
S214034648F7739D4216D80BF025F80DF10E010446B4
S214034658284600F0B5FDBDF80E000BF01BF8E4B2D3
S214034668A04207D9BDF80E0007F067F8437843F071
S21403467804034370BDF80E003A4601210BF03AF8DE
S214034688BDF80E00B7E700BF295E0020245E0020B1
S21403469887680020265E0020AE5E0020F0B5082955
S2140346A8D58889B028D00C2926D0AE0424D405F0A2
S2140346B840030B43424C267816B105F020042343E7
S2140346C82FB2002FB8BF43F08003032920D112234B
S2140346D8AC068DF80430937A10D48DF805300DF1B6
S2140346E8060401A9621A012392B2EFF74BFEB0FA49
S2140346F880F0400909B0F0BD0B46DBE732228DF89F
S21403470805308DF80420002EE9D00DF11304E8E7F0
S2140347180C298DF804300ABF138953798DF80530B0
S214034728548805BF1B0A8DF806308DF805300DF141
S214034738070318BF0DF106031C70240A5C7014885F
S21403474802399C70240ADC70147901291C7111D86B
S214034758917A002F597131DA022112899971DA7127
S214034768120A03F109041A72002EBAD0AB06B8D59A
S2140347780534B6E7A9071AD4002F0CDA117A51B113
S214034788917A59711189127A03F1080492B10222B7
S2140347989A71D971E8E70B4C217801F1010C84F87A
S2140347A800C091729C1D002F5971DDDAEAE7917AF1
S2140347B89C1DF8E70122090A9A71EAE79C1DD3E7CC
S2140347C8245E0020255E0020014B1880704700BF3A
S2140347D83C580020014B1888704700BF3C580020FF
S2140347E82DE9F84307460BF0A8FA05461B480BF0D5
S2140347F81FFC1B4B60B31C683C1B2C44A4B2002252
S214034808184BDFF868901B78174D03EB830399F86A
S214034818006005EB43055FFA82F846450AD9AB887C
S21403482805F10A00A34216D90A23B21A29465A439F
S214034838E7F708FE013689F80060AC80B8F1000F88
S21403484803D1394605480AF0F5FF2846BDE8F8833C
S2140348583C461D60D3E705460132DCE7E8670020DF
S214034868D0500020095F0020DE5400200A5F002095
S2140348781FB5154A154C1378013BDBB213706168F4
S214034888206801AA03C221891180114A1278D21816
S21403489805D00A2320465A43E118E7F7D3FD9DF8C7
S2140348A806301B070DD0BDF80C00FFF799FF03462B
S2140348B88288ADF8082001AA03CA128818605960CE
S2140348C81A8104B010BD00BF095F0020DE54002023
S2140348D80A5F0020002108B5084B09481970094BE0
S2140348E81970094B1A7802EB82025200E7F758FD53
S2140348F8BDE808400548EFF7F1BD00BF0A5F002092
S214034908DE540020095F002093680020E867002033
S214034918F8B50024084D094F094E3B783178E2B2C2
S2140349280B449A4204F1010400DBF8BD2846EFF76E
S214034938E5FA0A35F1E700BFDE5400200A5F0020D7
S214034948095F0020F8B516460C4B0D4A1B781278FB
S214034958074613440B4A0D46127893420CD030464A
S214034968FFF73EFF013506810780857004460BF086
S214034978DFF9E0800120F8BD0020FCE7095F00208E
S2140349880A5F00209368002010B5064C207828B1EB
S2140349980548F5F799FD10B1034B188810BDFFF7C6
S2140349A867FFF3E7095F0020DE54002008B50A4ACC
S2140349B80346107860B1094A1088984209D121B98C
S2140349C89378103323F00F039370FFF751FF0120FA
S2140349D808BD0020FCE700BF095F0020DE54002066
S2140349E82DE9F74F00260BF0A8F9DFF8F890B24642
S2140349F899F80070B3463A46DFF8EC801FFA80FE53
S214034A08B8F800C0344CAEEB0C039BB20193237882
S214034A18324D009303EB830305EB4303ACEB0E0C19
S214034A285FFA86FEBE4515D3BAF1000F01D0009B88
S214034A382370BA422AD3002F37D00A222378C8F81D
S214034A48000002FB03532648998803B0BDE8F04FDD
S214034A580AF0F0BEB3F804E001998E4512D84FF079
S214034A68010A009993F802E001310EF1FF3EC9B23C
S214034A78013AA3F804B083F802E00091D2B20A33ED
S214034A880136CDE7E644A3F804E0F8E789F8002002
S214034A984AB10A222378C8F8000002FB03531048D9
S214034AA899880AF0C7FE237813B903B0BDE8F08FD8
S214034AB8FFF76AFF06460028F5D006F05FFD0146B5
S214034AC8304607F00FFC20B100212888FFF76EFF59
S214034AD8E9E740F60241F8E7095F0020DE540020C4
S214034AE8E86700200A5F0020D05000202DE9F04137
S214034AF892F808801F4608F1FF33DBB2EF2B054612
S214034B080E46144688B00BD982238DF80E303146EC
S214034B1828469DF80E30204AFBF774FA012037E042
S214034B280E22002104A8E7F73BFCB4F809308DF8F9
S214034B381180ADF81230E37A03F07F02032A08D017
S214034B48012B24D103238DF81030A389ADF8153033
S214034B580EE0032B14BF022301238DF81030E368FD
S214034B68CDF815302369CDF81930237D8DF8143028
S214034B78A7F121014A420DF10E034A41009321464B
S214034B880DF10F0304A8FAF793FD0028BFD1002000
S214034B9808B0BDE8F08100BF915104002DE9F04F3D
S214034BA800241D7895B0CDE90201049223462246D7
S214034BB80120CDE90054404908F097FEADF81E00E1
S214034BC8F8B1A346264627460DF120090DF1380A03
S214034BD8E4F72CFA5FFA84F8404516D83A460221D9
S214034BE8BDF81E00FFF78AFC32460421BDF81E00F6
S214034BF8FFF784FCDDE903100022BDF81E30FBF73F
S214034C0801FA012015B0BDE8F08F4A4640460AA9C6
S214034C18FAF740FD9DF8282022B12DB1013DEDB2EB
S214034C280137FFB20134D3E7BBF1000FF8D199E897
S214034C3803009DF829308AE803008DF84030BDF854
S214034C482A30032A8DF841304FEA13238DF8423071
S214034C5817BF032301238DF843309DF82C30DDF866
S214034C683110DDF82D0014BF8DF84C308DF8433025
S214034C7811AB03C302980CBF4FF00E084FF015088C
S214034C8807F0FAFF0590BDF81E000AF003FD059924
S214034C9800EB080399420BDB0123424651460DF10C
S214034CA81E00EFF76FFB0028ABD10136F6B2B7E765
S214034CB84FF0010BB4E700BFCE9A040038B505469B
S214034CC80D4B0E481C88EFF7F5FB012D0CD10C4B4A
S214034CD81C88FA21614358B1884209D28408012CFA
S214034CE8204638BF012038BD022D08BF0224F0E74E
S214034CF802480AF09FFDF2E7DA5400209C410020A0
S214034D08D8540020012208B5054B06481A7000211E
S214034D180AF090FDBDE808400020FFF7CFBF00BFAC
S214034D28F55D00209C4100201E4B73B51A8802F1DE
S214034D3808039BB2012B02D81B4B1B7823B902B07E
S214034D48BDE87040EFF7CABB0024184B184D1C701B
S214034D58184B1C702B787BB14FF6FC73164E0093DA
S214034D68224623462146308808F0C4F94FF6FD73D9
S214034D782C70338001200FE0104B10461978F4F797
S214034D8819FF0028F6D10C4B1A884FF6FD739A4282
S214034D98F0D0012302202B7002B0BDE87040FFF765
S214034DA88DBF00BFDC540020F55D0020F85D0020B1
S214034DB8F65D0020F75D0020D6540020F95D00203C
S214034DC8012808B50AD002280CD020B9084B187059
S214034DD80848EFF783FB4FF0FF3008BDBDE80840EF
S214034DE8FFF790BF0020BDE80840FFF767BF00BF86
S214034DF8F55D00209C41002002280CD859B1064ACC
S214034E0813780133DBB21370044A12789A4202D835
S214034E180220FFF7D5BF7047F75D0020FA5D002034
S214034E2838B5A0F61343012B04460D4615D80E4A8B
S214034E3813780133DBB213700C4A12789A420CD8F3
S214034E484FF6FD720A4B00201988914201BF0022D3
S214034E581D80084B1A70FFF731FF29462046BDE828
S214034E68384004F07FBC00BFF85D0020FB5D0020DF
S214034E78D6540020F65D002000234FF6FD71054A40
S214034E881370054A1370054A1180054A1370054ABC
S214034E9813707047F85D0020F75D0020D654002095
S214034EA8F65D0020F55D002030B5094B02461B78F9
S214034EB833B1084B084C19780023D8B2884201D37B
S214034EC8FF2004E0013334F823509542F5D130BD72
S214034ED892680020FD5D0020B65400200022FF21C2
S214034EE8044B05481A70054B1970054B1A7892003F
S214034EF8E7F756BAFD5D0020BA540020FC5D002093
S214034F0892680020F7B58DF807100DF107010446DF
S214034F1802F0CAFB234B1D78002D41D02046FFF72D
S214034F28C3FF214EFF283178204B05D1204A10783D
S214034F3885422DD9451C1570884219D01C4A1B4D2D
S214034F4892F800C00022D7B2BC450CD92F4697F872
S214034F5803E00132864505F10405F4D102B203EBFA
S214034F688202D278FA7002B203EB8202D1703070F2
S214034F7802B203EB820123F82240FF228A709DF8CF
S214034F880720FF2A02D003EB8203987003B0F0BD14
S214034F980A46104603EB8202D278FF2AF9D1CBE7FA
S214034FA8FF20F3E792680020FC5D0020BA54002037
S214034FB8FD5D00202DE9F843FFF776FFFF2804463A
S214034FC869D04FF6FF72354F03B2DFF8DC80344EF4
S214034FD827F8232098F80050A54202D10020BDE800
S214034FE8F883337820B28100A34207EB800090F859
S214034FF803E010D00023294A5FFA83F94D45944607
S21403500806D99CF803900133A14502F10402F3D1B3
S2140350188CF803E001E086F800E0013DEDB22A1BB8
S214035028D2B2043192003944E7F70CFA88F80050F4
S2140350383378FF2B04D0A34224BF03F1FF33337026
S21403504800214FF6FF70154BCAB2AA420CD30023B1
S2140350584FF6FF71134ADCB2AC42BBD2013332F8C7
S21403506823008842F7D1B5E79A78A2420BD1188075
S214035078DA78FF2A04D0A24224BF02F1FF32DA709C
S21403508801310433E0E7FF2AF2D0A24224BF02F13B
S214035098FF329A70ECE72D20A1E700BFBA54002030
S2140350A8FC5D0020B6540020FD5D0020F8B51C4BBF
S2140350B805461B78084673B3FFF7F6FEFF28044633
S2140350C829D02846FFF7F0FEFF2806D0154B164EC4
S2140350D81A780023D9B2914218D3FF212846FFF73E
S2140350E811FFFF28014616D00546104F23B207EBDB
S2140350F8830237F823009678FFF704FFA84208BF11
S214035108FF25FF2E214608D12846F8BD013316F899
S21403511823108142DED1FF25F6E73446E6E700BFD3
S21403512892680020FD5D0020B8540020BA54002081
S2140351382DE9F04180460E461F46002386B001A897
S21403514814469DF830508DF80330FCF74BF8ADF84D
S21403515804802EB13368CDF806307368CDF80A306C
S21403516838460AF07BFA0DF103034219214601A8D3
S21403517804F004FB9DF8033093B931464046E4F740
S21403518877F90E4B1B785BB10B2C09D8FF214046E9
S214035198FFF7B8FE064605EB4404E4B2A54202D17F
S2140351A806B0BDE8F0812946384608F041FB31468B
S2140351B8FFF7A8FE02350646EDB2EFE79268002031
S2140351C800232DE9F3470DF107028DF8073004464F
S2140351D80E4602F054FA9DF80730054663B9204692
S2140351E8FFF762FE04465EB130880AF053FA5FFAA8
S2140351F880F8FF2C45D10025284602B0BDE8F08785
S214035208B046F6E701320C2AF5D02DB207EB850532
S214035218AD78FF2DF6D112F0FF0AECD04FEA4A0517
S2140352280235EDB2002EE7D0304605EB080108F04C
S214035238C4FA0028DFD1524641463088FFF75EF9A4
S2140352480AF1FF3208F1010108F102093088D2B2E7
S214035258C9B25FFA89F9FFF751F924B207EB840458
S214035268A478FF2CC8D023B2494637F823203088C1
S21403527808F0EEFA0028BED109F102095FFA89F9A7
S214035288EBE725460022014FBFE700BFBA540020CC
S214035298FF2818BF064B10B51BBF03EB800433F873
S2140352A820302D200B801EBFA3780020137010BD5E
S2140352B8BA54002008B5D2F7D5FAD1F7F9FF00F0AB
S2140352C873F9D2F7B3FFBDE80840D1F75FBD38B529
S2140352D8044690F844108378826CCB1A5942594195
S2140352E8D1F7DCFDE37893B1257985B900F0F4F8B6
S2140352F80346A268218A04F11C009C1A8C4236BF16
S21403530852182946D11ABDE8384000F0DCB838BD33
S21403531809B1D2F717BBD2F725BB38B5838804463D
S21403532803B3E3780088A17804F10C05A3B100233E
S214035338B1FA81F1E3704909FFF7EAFF4FF6FF7206
S214035348A388218993421CBF03F1FF33A380284611
S214035358BDE8384000F0B7B80123E370FFF7D8FF7D
S214035368E188F4E738BD10B5044681780088FFF76E
S214035378CFFF0123E3700023A38010BD10B5817807
S2140353880446B1FA81F100884909FFF7C1FF0023F3
S214035398E370A38010BDFFF7F1BF70B5044605465A
S2140353A800262B4655F8040B10B11B1B0C2B00DDEF
S2140353B870BD237C8680002BF3D0637C13B1FFF784
S2140353C8D2FFEEE7FFF7DAFFEBE7FFF7E6BF70B5C6
S2140353D8044605464FF6FF762B4655F8040B10B1E0
S2140353E81B1B0C2B00DD70BD8388B342F4D04FF42F
S2140353F8FA724FF6FF731146D1F7A0FDECE709B131
S214035408D2F7A0BAD2F7AEBA00F053B80346184696
S21403541813F8012B8A4201D0002AF8D1704710B539
S2140354283B2104460068FFF7F1FF0022034603F812
S214035438012B2068236010BD10B540B1421E0A2414
S214035448002012F8013F303BD9B2092900D910BD14
S21403545804FB0030F5E708B500F028F850F80C3CD4
S21403546823B150F8041C30F80E0C1847704708464A
S21403547819B1FF21103001F0FFBF7047007800F024
S214035488DF03552B07D0642807D0663818BF4FF0BC
S214035498FF30C0B27047012070470320704718B129
S2140354A82D280CBF012002207047704708B501F06D
S2140354B8D5FB08B500F06DF8BDE8084004F024B93C
S2140354C850E9023018470A460830FF2101F0CBBFDF
S2140354D8FF21083001F0D8BF08B50AF08DFCBDE8F7
S2140354E8084009F06FB92DE9F041044600274FF04C
S2140354F80C0E8F4202DB0020BDE8F0812078904234
S21403550804D1002594F80780454502DB01370C349F
S214035518EFE70EFB05F6D4F808C00CEB06003CF8DC
S21403552806609E42E8D00135EEE7F0B585B005463D
S2140355380E461746D2F740FB0446A0B13146284626
S214035548D2F708FB83783A46002BA36831460293C2
S214035558A378284601934FF0000300930CBF8023DB
S2140355684023E0F799F905B0F0BD08B51288D2F7DD
S21403557823FB50B10279BDF80C309A4207D88168EC
S2140355880298E6F75FFF002008BD8620FCE789201F
S214035598FAE7002004F03CB908B504F0A9F9002896
S2140355A814BF0320002008BD704708B501F040FE6D
S2140355B8FFF780FED2F756FC642003F0F2FC642063
S2140355C803F0EEFC01F036FED1F70CFC08F024FDE0
S2140355D8F8E7F8B5D0E90176437B04460D4613B1E0
S2140355E833463E461F46FFF777FF012D20643846AD
S2140355F80ED1D1F74DFD3046D1F76EFD2573607891
S2140356084FF47F42BDE8F8404FF48171FFF78DBF32
S214035618022D05D1D1F760FD3046D1F739FDEDE708
S214035628D1F75AFD3046D1F757FD0025E6E738B5DA
S214035638037B04468B420D4607D190F844305BB390
S214035648BDE838404830FFF743BFFFF745FF216CF6
S214035658431AC72B0CD80123C83184F8455084F85D
S2140356684430091A04F14800BDE83840FFF72BBF59
S2140356780DB1237B2BB929462046BDE83840FFF7F2
S214035688A8BF00212046FFF7A4FF0123C82184F8FA
S214035698455084F84430E5E738BD90F84510FFF7E1
S2140356A8C6BF0121FFF7C3BF0221FFF7C0BF002112
S2140356B8FFF7BDBF4FF60173994210B5044602D1F2
S2140356C80021FFF7B4FF2046BDE81040D2F7E4BC3C
S2140356D810B50446806BD8B1E278022A04D0636B0F
S2140356E85B7972B984F83C3094F83C306BB1FFF7B9
S2140356F83AFE60784FF60272BDE810400621FFF7BF
S21403570814BFB3FA83F35B09ECE7FFF737FEF0E75A
S21403571810BD10B50446406BD1F7BAFC2046BDE869
S2140357281040FFF7D5BF10B50446406BD1F7D4FC3D
S2140357382046BDE81040FFF7CBBF10B50446406BC4
S214035748D1F7F0FC2046BDE81040FFF7C1BF10B5FF
S2140357580446002206214078FFF7E7FEA378022BCB
S21403576801D0FF2B04D12046BDE81040D2F7B2BDC6
S21403577810BD4FF60273994210B5044601D1FFF7E0
S214035788A7FFE378022B02D02046FFF7A1FF2046A7
S214035798BDE81040D2F79EBD092901D9FFF789BE97
S2140357A8704710B58278044603797AB90BB1D2F7F5
S2140357B841FE2046D2F76AFE03236078A4F86C30CD
S2140357C85522BDE810401221FFF7AFBE012B01D1C9
S2140357D8D2F730FEA379012B02D12046D2F756FE24
S2140357E80123EAE710B58378044683B903790BB136
S2140357F8D2F736FE2046D2F78DFE04236078A4F847
S2140358086C305522BDE810401221FFF78EBEB0F863
S2140358186C30022B0CD00379032B01D1D2F70AFE86
S214035828A379032B02D12046D2F730FE0023E5E7FF
S214035838D2F7B0FEFAE7827883685AB9DB78002B8A
S21403584814BF03230423A0F86C3055221221407892
S214035858FFF76BBE1A7922B9DB78003B18BF012322
S214035868F1E70223EFE77FB500239E6A0446B6F501
S214035878C04F0D460CD201A8D3F734F8039B5B053B
S21403588806D529462046336C04B0BDE87040184751
S21403589804B070BD00239B6AB3F5C04F05D21B6BDB
S2140358A8B3F5C04F01D29B6818474FF48170704711
S2140358B81FB500239A6AB2F5C04F04D340F201100D
S2140358C805B05DF804FB126BB2F5C04FF6D20122A1
S2140358D801A8CDE902338DF80420D3F703F8039B18
S2140358E8DB03EBD5029B1A0EE8D0012A03D1C3F3D8
S2140358F807430A2BE2D900239B6A1B6B1B6C98474A
S214035908DEE700230360704703680B600160704797
S21403591810B538B132B129B100230139D45C14B9B2
S2140359280023037010BD8B42FAD200F8014B0133F3
S214035938F4E7034638B10020814204D01A5C02B962
S21403594870470130F8E770474FF0FF31FFF7F1BFB4
S21403595870B50C461646054660B15AB151B1FFF705
S214035968F3FF844206D9211A32462844BDE870401C
S214035978FFF7CEBF70BDFEE7FEE700239A4200D1CD
S214035988704710B550F8234041F8234001339A4234
S214035998F8D110BDD3F772BC4369426CD91C143ACC
S2140359A8B1FBF2F103EBC1000330B0FBF2F00230B7
S2140359B8704738B505460C46FFF7EEFF6A6CE31DDD
S2140359C8143AB3FBF2F3013304EBC30402FB0040BF
S2140359D838BD38B5054644692146FFF7EAFF6A6CC1
S2140359E8E31D143AB3FBF2F3013304EBC304204478
S2140359F838BDF7B507460E4600257C6CA8196442E1
S214035A0880EA06031C4003D02C46204603B0F0BDAC
S214035A18FB6B01225B6901A99847019B0133F4D10B
S214035A280435EAE770B505460C46D5F701FAEB6B7D
S214035A382046BDE87040DB68184770B50025044665
S214035A4886B00562E369AB4202D8206A06B070BD29
S214035A58666C2068E36B05225B6901A906FB0500F3
S214035A68984701A800F023FC00F046FC10B1236A0F
S214035A78013323620135E5E738B50446456C00680B
S214035A8804F1400305FB0101E06B00F042FC054608
S214035A982046FFF7D2FF284638BDF0B50546002650
S214035AA887B0EC69013CB44203D80C46204607B0DD
S214035AB8F0BD01B14C1E6F6C2868EB6B05225B6961
S214035AC801A907FB0400984701A800F0F0FB00F0C3
S214035AD813FC0028EAD121460136E2E7F0B504466E
S214035AE80D46466CE36B006887B005225B6901A91F
S214035AF806FB0500984701A800F0D9FB00F0FCFB5D
S214035B0820B101A800F0AAFB07B0F0BD294620463D
S214035B18FFF7C3FF0646676C2068E36B05225B69DD
S214035B2801A907FB0600984701A800F097FB431C4A
S214035B38EAD0B54238BF0130E6E72DE9F0434FF621
S214035B48FF79D0F8248004460E46C84514BF454658
S214035B580025002787B0E369BB4202D807B0BDE833
S214035B68F083E26B2368606CD2F814C000FB053040
S214035B78052201A9E04701A800F099FB022806D0F0
S214035B88C8450CD1721C29462046FFF775FFE36902
S214035B980135B5FBF3F2013703FB1255DBE729465C
S214035BA82046FFF79BFFB0F1FF3F14BF024632467D
S214035BB80132E8E70368F0B5CC1A436C0646B4FB33
S214035BC8F3F4002587B0F36937685A1E9542706C5C
S214035BD808D3706C336800FB043007B0BDE8F040A8
S214035BE800F095BB0134B4FBF3F203FB1244F36BEA
S214035BF805225B6901A900FB0470984701A800F019
S214035C0856FB00F079FB0028E3D10135DBE710B437
S214035C1823F0030422449B070A44436C18BF043248
S214035C285B4281EA0204234203D05DF8044BFFF784
S214035C38C1BF10465DF8044B70472DE9F041D0E923
S214035C480A369E42044686B028D11422C36945689C
S214035C5802FB1355284606B0BDE8F0812068676C3A
S214035C68331AB3FBF7F3E26B07FB0300D2F814808F
S214035C7801A90522C04701A800F019FB012804D092
S214035C88636C1D44013B3340ED1A31462046FFF74B
S214035C9891FF0646A36AB342E0D1DBE70025F9E79E
S214035CA808B508301346D1E90012D5F747F801209E
S214035CB808BD13B50C460021217600936168134688
S214035CC82246D3F735FC18B1E37D03B1A07EA07551
S214035CD8A07D02B010BD73B5164600F108050C4644
S214035CE8284609680DF1070200F098F9032E06D135
S214035CF86368834203D12846216800F076F90120B9
S214035D0802B070BDD01E009B42424241187E8242BA
S214035D1811D11A688A420ED85A688A420BD35A692E
S214035D2801325A61D3E9030282423FBF986840F8BA
S214035D38221001321A610120704710B5032A029C0B
S214035D4807D1A26A5340626C5242134201D100F053
S214035D584CF9012010BD08B5C36800209847BDE874
S214035D680840D5F76DB8012814BF0420022070B583
S214035D78002442431C70CC7D101D02F002024CB96D
S214035D881AB1012220F003001A7000F108034868CC
S214035D98184470BD1AB1012220F003001A700023BC
S214035DA80C7E01F12005DAB2A24201D30020F0E707
S214035DB835F833205E1C824206D901EBC30300F193
S214035DC80802D8691044E4E73346801AEBE773B54C
S214035DD8054690F842601C4630460DF10303FFF76C
S214035DE8C2FFEB6B012E5B690DD1324601A99847BA
S214035DF89DF8033013B1BDF806300193BDF804309F
S214035E08236002B070BD0122214602B0BDE870408F
S214035E181847F0B5054600244868EB6B87B00E466E
S214035E2801225B69029402A908309847274695F829
S214035E384230012B40F0AC80632C00F2AB80612C1F
S214035E4808D805AB224631462846FFF7C0FF9DF81B
S214035E5814305BB305AB2246314628468DF81070DE
S214035E68FFF7B5FF95F84230012B059B7FD14FF618
S214035E78FF72934256D0082205A904A800F063FAD5
S214035E88059B9DF81010C3F3072291424AD1DBB253
S214035E98029A1A44029245E0DCD005AB2246314604
S214035EA82846FFF794FFBDF81430D2E795F842303A
S214035EB8012B39D1612C2ED822463146284603AB0E
S214035EC8FFF785FF3146284604AB621CFFF77FFFC2
S214035ED83146284605ABA21CFFF779FF1022082394
S214035EE80DEB02010DF107008DF8073000F02BFAD1
S214035EF8102205A90DF1070000F025FA039BDAB274
S214035F084AB99DF80720B2EB132F04D1DDE9043212
S214035F1803EB0243029395F84230012B14BF012387
S214035F2802231C44013482E7302CF4D82246314637
S214035F38284603ABFFF74BFF3146284604AB621CE3
S214035F48FFF745FF102320220DEB03010DF1070091
S214035F588DF8073000F0F7F9039B9AB2002ADAD1D6
S214035F689DF80720B2EB134FD5D1049BD2E7013334
S214035F78D8D0102205A90DEB020000F0E4F9059B22
S214035F889DF81010C3F307429142CBD19BB27FE72B
S214035F98312C81D9029807B0F0BD13B500240194BB
S214035FA8049C0094D3F7A0FF02B010BD13B50124D8
S214035FB80194049C0094D3F797FF02B010BD002306
S214035FC84FF0FF3230B544689C4202D10023037277
S214035FD830BD016801EBC30541F833206A6001331D
S214035FE8F2E7C0E90012FFF7EABF0023F0B54568F9
S214035FF89D4210D00468DF0054F8332004EBC30630
S214036008B2F1FF3F08D0C2F31302914204D14FF016
S214036018FF33E3517360F0BD0133E9E70023F0B5BE
S21403602845689D4202D14FF0FF300EE00468DE005B
S21403603854F83340671C09D0C4F31307B94205D193
S214036048240D1470036833445868F0BD0133E8E739
S214036058704770B59400224605460E460AF098F82F
S214036068431C0AD058B9224631462846E6F7E4FCCC
S214036078002814BF3D20002070BD6E20FCE7712069
S214036088FAE713B5044601A8D5F7E2FE9DF80630ED
S21403609823804FF480736380D5F7F4FE6060002096
S2140360A802B010BDD5F754BE08B5D5F741FE00209B
S2140360B808BD10B5044644EA010313F00303084673
S2140360C809D1934201D1002010BD54F8231040F89B
S2140360D823100133F5E721469200E6F7F1FAF2E7D3
S2140360E810B504460AF05CF8431C10D088B9D5F7F7
S2140360F8C9FE234620F003002044984201D100201D
S21403610810BD53F8042B0132F7D03E20F8E76E2073
S214036118F6E77120F4E7704713B5002304460146F3
S2140361281B220DF107008DF8073000F00CF92268E2
S2140361389DF80730B3EBD26F0CBF0120002002B0E6
S21403614810BD13B500230446014620220DF10700AF
S2140361588DF8073000F0F7F80DF107001A22211D15
S21403616800F0F1F862689DF80730B3EB926F0CBF46
S2140361780120002002B010BD0068431C5842584155
S2140361887047006810F07E0F0CBFC0F3C160002094
S21403619870470068C0F3D3107047006800F07F00AC
S2140361A801288CBF002001207047036813F07E0F78
S2140361B814BF042008207047036813F07E0F03D12A
S2140361C8406820F07C40704713F078001CBF03F04B
S2140361D87F03D81F7047006800F07F0070470328C6
S2140361E809D0022803D1C1F10201C8B270470029B9
S2140361F80CBF07200020704737B5054601F10C048D
S21403620843696946012220469847BDF800300122B3
S21403621801932046AB6901A9984703B030BD37B54B
S21403622801F10C044369012269460546204698474E
S2140362384FF6FF72009B99B291420DD16FF30F038D
S21403624843F4254343F0A503019301222046AB6993
S21403625801A9984703B030BD0020FBE737B50446CD
S21403626800251B22011D0DF107008DF8075000F0CD
S2140362786AF860689DF80720B2EBD06F03D120F068
S214036288784003B030BD0DF107001B2204F1080166
S2140362988DF8075000F057F8A0689DF80730B3EB61
S2140362A8D06F01D1C043EAE74FF0FF30E9E74BF27E
S2140362B89A22036810B5B2EB134F044613D19BB268
S2140362C8012B13D1FFF7CAFF01300CD04FF6FF722C
S2140362D8E068B2EB104F4FEA104309D180B2C01AF8
S2140362E818BF012010BD2368013303D00420F9E743
S2140362F80220F7E70320F5E701288CBF00200120DA
S2140363087047033801288CBF0020012070471430DB
S21403631870472DE9F04105469846036908460E4638
S21403632817469847044638B943463A4631462846F8
S214036338D4F7F6FD044618B131462846FFF75CFF46
S2140363482046BDE8F0811F2A0B689EBF4FF0FF3139
S21403635891408B43590801F055315B1A03F03331EA
S2140363689B0803F033330B44017803EB13130A44F7
S2140363784FF0013103F00F334B43A2EB1362027065
S214036388704708B507F014FDBDE808400021D4F7A8
S214036398C5BF0029CCBF01210021D4F7BFBF022106
S2140363A84FF42070D5F790BA704770470020D5F79A
S2140363B82BBB0120D5F728BB70474FF050234FF46B
S2140363C800321A6770474FF0B0435A6812B19A6A98
S2140363D8002AFAD1704770B5054614460E4609F0EA
S2140363E822FC2B685C4034405C402C60BDE870405F
S2140363F809F014BC0122417803788A4030214B43C4
S21403640842F2100103F1A04303F570335A50704764
S21403641821FA00F2D20730B5034600F0FC040FD584
S21403642800220132D2B2042A02D14FF0FF3008E02C
S214036438831803F00303234421FA03F5ED07F0D486
S214036448184630BD0020704700207047002070476C
S2140364580020704701207047012070470F207047BF
S214036468E6F70CBE00207047FFF7FCBF0020704716
S21403647870470020704700207047C3681944836834
S21403648853F8210030F8023B13607047012310B518
S21403649880F888300378044653B100F061FA214641
S2140364A82046D6F753F82046BDE8104000F04DBA0C
S2140364B810BD38B50D460446D6F730F86B68204647
S2140364C8C4F8B032A96800F096F94FF0FF332046B7
S2140364D8C4F8B432FFF7CDFF38BDD0F8B43210B5E0
S2140364E80133044601D0002010BD00F0BCFAC4F8FE
S2140364F8B4020130F7D194F8B80280F00100F3E74C
S21403650808B5D6F747F808BD0A7801382D2A0ABF12
S214036518012200228918D6F799B807281BD8DFE87E
S21403652800F0060A0D101315041701207047002201
S2140365380820D6F78BB800221020FAE7002220207E
S214036548F7E70820FFF7E0BF1020FBE72020F9E76E
S2140365580846D6F7DDB8002070472DE9F743072825
S2140365680C46DDE90A7690461D4608D80138062803
S2140365780AD8DFE800F01D27303A44574A00212896
S21403658850D003B0BDE8F083002220461146E5F755
S214036598D3FE3368C0B205EB83013A6845F8230097
S2140365A8013348F8221033603B6801333B60E8E761
S2140365B8002220461146E5F7BFFE336880B205EB96
S2140365C88301EAE7002220461146E5F7B5FE33685D
S2140365D805EB8301E1E7002220461146E6F75AF861
S2140365E8336840B205EB8301D7E7002220461146FD
S2140365F8E6F750F8336800B205EB8301CDE70022CF
S21403660820461146E6F746F8E1E7002389461E4684
S2140366181D468DF8063019F8013F7D2B06D12570E7
S2140366282D0A65703B6848F82340BDE7202BF2D057
S21403663806F00102013612B98DF80430EBE7102292
S214036648002101A88DF80530E6F724F8631901350B
S2140366589870ADB2DFE72DE9F04F9B46002385B06F
S2140366688B45814688469246CDE902336BDC1A464B
S2140366781E4619F80340212C09D81F2C04D8103CB1
S214036688072C98BF012200E001260133F1E7FF2C0F
S214036698FBD15B4436B1013B43450ADD2B2005B0ED
S2140366A8BDE8F08F62B1013B4345F7DC3546374614
S2140366B802E000252F462E46454504DB0020EEE77C
S2140366C89845F3D0EAE75D453BDB19F80730202BFE
S2140366D818D109EB07035B78FF2BDFD1CEB9204629
S2140366E85AF82510FFF719FF78B303AB019302ABEB
S2140366F800932046DDE90E235AF82510FFF72DFFF1
S2140367080135D9E7212B0ED109EB07035B78FF2B5D
S214036718C4D1029B5AF825200E99012641F8232056
S21403672801330293ECE7A3F11004072C02D91C46A5
S2140367380137D3E709EB07035B78FF2BAED1E4B247
S214036748CCE70624CAE72120A9E72620A7E72DE9F0
S214036758F04F07460E4615469846044685B0DDF8BC
S2140367684490DDE90FAB206808B3DAF80020D8F8C0
S21403677800108A421BDA0E9B53F82210D2F7B2FC9B
S21403678848BBDAF800200132CAF800206268117B99
S214036798FE291BD10E9B1068012100932A46434607
S2140367A8CDE902B9CDF804A0FFF7D1FF04462B784C
S2140367B843B999F800302BB97EB101233C4689F8D2
S2140367C800302B70204605B0BDE8F08F01238BF808
S2140367D800302B70EBE70C34C5E73446F2E710B508
S2140367E80446236803B910BD237A13B92046D5F7A0
S2140367F8C5FF0C34F5E710B541B10A7932B901245F
S2140368089C300C71FFF780F8204610BD0020FCE78B
S2140368182DE9F041BAB005460AAA084603A900F0CE
S2140368285FF90446B0B90DF10A0301930DF10B03A2
S2140368388DF80A0000930AAA284604AB03A9D6F7DC
S2140368484DF99DF80A20B2B19DF80B2048B12AB13C
S214036858D5F794FF20463AB0BDE8F081FFF7BFFFAF
S214036868F8E7D5F89C50002DF4D0A86808B1FFF7D0
S214036878B6FF2D68F7E700B346681AAB06F10C08AF
S2140368882AAF01934046049B039900970AAAFFF789
S214036898E2FE04460028DDD1039B05A8CDE90637AA
S2140368A8049B0595CDE90838D7F708FC05A833688F
S2140368B8984705A800F03FFDCCE72D24CAE710B596
S2140368C80446AC30E5F768FC04F1AB031A1800205D
S2140368D8934200D110BD13F8011F0029FAD00A29E4
S2140368E808BF0130F4E70023F0B50B6013600646D3
S2140368F8D0F8AC0278B196F8AC0060B1012406F182
S214036908AC07D6F8AC02844210D306F1AC00B3F554
S214036918007F10D30120F0BD0D6801350D601568A2
S21403692801351560F85C01330A2802D0B3F5007FF9
S214036938F2D30134E5E7C15C0A29EBD00029E9D094
S2140369481168013301311160E1E710B50021D0F871
S2140369588C200446E5F724FD0023C4E9243310BD40
S21403696873B5044600F1AC0580212046FEF7E1FF27
S2140369784FF4007106462846FEF7DBFF0136C0F5DE
S2140369880070864220461FD8E5F706FC06462846CA
S214036998E5F702FC01362946421CA819E5F752FD1D
S2140369A82046E5F7F9FB214602462846E5F788FE22
S2140369B82046E5F7F1FB0A23204480F8AC30002391
S2140369C8C4F8AC3202B070BDFFF779FF01AAC4F869
S2140369D8AC0269462046FFF786FF0022009B234445
S2140369E883F8AC20C0E773B50D460446FFF767FF88
S2140369F86B1C19D1D4F8AC3213B1013BC4F8AC32D2
S214036A0800252046E5F7C8FBA84215D82046FFF719
S214036A189CFFD4F8AC322BB16946204601AAFFF78F
S214036A2862FFA0B902B070BD012DFBD1D4F8AC3219
S214036A388342F7D20133E1E7082000F023F8202049
S214036A4800F020F8082000F01DF80135D9E7009D6E
S214036A5804F1AC06019BAB42E4D9715D2046D6F738
S214036A686BF90135F6E707B500200DF1070100F0CD
S214036A78E7F820B99DF8070003B05DF804FB4FF06C
S214036A88FF30F9E710B5C1B20446002000F0C8F895
S214036A9800280CBF20464FF0FF3010BD0FB407B5D3
S214036AA804AA52F8041B00200192D6F7E9FA00203C
S214036AB803B05DF804EB04B0704710B54C1C0B46E6
S214036AC80119045D222C03D07B2C01D05C2C05D144
S214036AD8D21A1844E5F7B6FC012010BD0020FCE7DF
S214036AE82DE9F047054691468846E5F755FB2A46BD
S214036AF806461346197801322029FAD0C9F8003019
S214036B085C1B01236FF0404AC8F80030A64201D840
S214036B18002014E02F5D29197B2F12D0222F2ED1A7
S214036B28D8F80030621C53442A4449F82320012C21
S214036B3809D911F8013C13F0DF0F04D02120BDE872
S214036B48F0877D27F3E701342B5DBB4209D12B1968
S214036B585B7813F0DF03F1D1222F00D12B550134D4
S214036B68D4E75C2B07D1324621462846FFF7A5FF14
S214036B780028E3D0013E0134A642E5D8DEE75C2FC1
S214036B8808D1324621462846FFF797FF0028D5D076
S214036B98013EE4E7202FE2D10022631CB3420A70C9
S214036BA8DDD2EA18EB5C202BD9D0D8F800300F2BAF
S214036BB805DC49F823200133C8F80030CFE71E2048
S214036BC8BDE700F000B800207047D2F779BA70B571
S214036BD80C46154610B9D6F747FA38B143682BB1B1
S214036BE82A462146BDE8704000681847232070BD32
S214036BF8F7B50D4616461C4638B9D6F735FA04B91E
S214036C0801AC20B9232003B0F0BD03B901ACC768B3
S214036C18002FF7D02346324629460068B847F2E7DE
S214036C2807B501228DF807100DF10701FFF7CFFF0F
S214036C3803B05DF804FB0B4601461846FFF7F0BFA2
S214036C4800230122FFF7D4BF08B509F076F8FA2324
S214036C58B0FBF3F080B208BD0420704740F2016031
S214036C68D6F7F8BA7047012070470020704749BA2C
S214036C7889B280EA0103C3F303125340180380B2B0
S214036C8858405B0103F4FF535840704708B5D6F7DE
S214036C98E3FE58B1A0F15903042B06D8042B04D8F5
S214036CA8DFE803F00404040304005C2008BDD7F7F8
S214036CB815B87047F8B50C468D1807355242154077
S214036CC8A5F108070646384600F0DFF9A188381B01
S214036CD8628801EBE00189B2A2EBE00225F8041C06
S214036CE825F8062CA288C310AAB1A4EBC202B2F8F0
S214036CF802C0D18003EB0C015180E28892B1D31A0B
S214036D089BB204EBC20425F8023CA380B368034491
S214036D18B3603846F8BD15F8082C42F0020205F8A9
S214036D28082CEAE725F8022CF0E72DE9F04F4FF098
S214036D38000887B09946531C109B0546174614BF90
S214036D4814460824CDF81480002B00F0C580C3F839
S214036D580080002900F0C28042688A4240F2BE8062
S214036D68073121F0070608F06BFF05AACDE9008274
S214036D7882463A464B463146284600F08AF9059F2E
S214036D88834607B130B9504608F055FF192007B0B7
S214036D98BDE8F08FB7F8028029694FEAC802C0EB4E
S214036DA8C8080139B8F1270F29617AD9B9F1000F54
S214036DB851D1864206F1080848D022463946284665
S214036DC8FFF778FF04460590059B9844404600F075
S214036DD85CF9059906F10F004A88C308A2EBD002AE
S214036DE8A8F80220CA88A8F80430002A30D0D31A94
S214036DF89BB201EBC202A8F8063093808B88F6088C
S214036E08A380B8F804303A46E38041460023284670
S214036E18668000F0A6F9AB680833AB60237843F0C6
S214036E28010323702B6901332B616288AB685046D4
S214036E3803EBC203EA68AB60934288BFEB6008F0D3
S214036E48FAFE109B083400201C60A0E73C46BBE70C
S214036E58A8F80620D2E707EB08042046039200F0BA
S214036E6814F90BF10703DB080599638008F1070398
S214036E78DB08A380CB8893B1DB00039AD81D821A5C
S214036E885A44C2F3CF020B44E2809A80A38808F1DF
S214036E98FF384FEAD808A1F80280CB80BBE7E38027
S214036EA8F4E7B9F1010F1BD107F10803B3FBF4F2BA
S214036EB804FB1233B3B1224639462846FFF7FAFED7
S214036EC8044623783A4643F00103237021460123F8
S214036ED8284600F046F9A8E7222058E7212056E777
S214036EE88642E8D13C46ECE707B500224FF0FF316F
S214036EF801AB0192D6F732FB019803B05DF804FBA9
S214036F082DE9F74F04460D46002900F0AB80D0E97B
S214036F18056808F095FE15F8087C35F8061CFB0787
S214036F28009000D531B9009808F085FE012003B01B
S214036F38BDE8F08FA368D4F8109035F804ECA3EBFB
S214036F48C10B09F10103A5F1080C4A1CC4F808B0E3
S214036F582361BEF1000F7BD0ACEBCE03D888B3F821
S214036F6802A00190187807F00207C00765D4002F1F
S214036F7864D10198A0EB0A07012F69D18A1CABF1EB
S214036F8808075244C4F81090A76035F802ECBEF11F
S214036F98000F61D0D4E900700CEBCE0A07EB0009AA
S214036FA8CA4559D21CF83EC057461CF0010C15D1E9
S214036FB8AEEB0101012911D1BAF80210AAF802C0F2
S214036FC801310A44BAF80610002943D00AEBC10770
S214036FD8216901392161A1680839A16015F8081CDF
S214036FE8013A21F0010105F8081C002125F8061CC2
S214036FF85A801A7861F300021A707FB3C3F1070246
S2140370083A44C2F3CF02DA80BA804EB3B34227D3E8
S2140370187288002A08BF1E46B8F1000F06D04345FB
S21403702804D8B8F80220002A18BF43460098C4E9D3
S214037038056308F000FE002079E74FB115F8087CD1
S214037048724427F0020705F8087C00279F809CE710
S21403705863469AE70F46BBE70027BFE7DF80D4E718
S2140370681E46D9E7222062E710B50446D6F78EFAFD
S2140370782146BDE81040FFF743BFFFF7F5BF0846B4
S214037088FFF732BF0846FFF7F8BF002303604360E5
S2140370987047F0B5D0E90554561C08BF0822002BE4
S2140370A84FF0000008BF2C46DDF818C0CCF80000E7
S2140370B8002C37D09DF814706588FF0007EBC505CC
S2140370C8C2F1000E2078C00708D51BBBE088A0B124
S2140370D804EBC004658807EBC505F3E78D42F4D3D4
S2140370E863B904F10806B6FBF2F002FB10667018E3
S2140370F80EB1A842EAD8CCF80040F0BD082A0FD053
S2140371086088013004EBC000461A06EA0E06801BA8
S2140371188542F0D2A0880028EFD0A4EBC004D9E7B4
S2140371280846E8E72046E8E703460069C0B10AB917
S21403713851B91A6810460378DB0711D531B9C388E5
S2140371485BB100EBC300F6E79A69F3E7012904D1BC
S214037158838823B1A0EBC300EDE7002070471846E9
S21403716870472DE9F041D0E9055407468846164688
S214037178ABB1954200D00ABB424600213846FFF71A
S214037188D3FFB442054600D02EB9424601213846FD
S214037198FFF7CAFF0446C7E90554BDE8F0819542E0
S2140371A808D08D4228BF0D46B44205D0444538BFA3
S2140371B84446F0E70D46F7E74446ECE79442EAD13F
S2140371C8E3E770B500261C46C3E90001C3E9026677
S2140371D8C3E905001E611A775E62FFF756FF236947
S2140371E80139C908013341802361A368304608334F
S2140371F8A360E3680833E36070BD002307B56846F9
S21403720800938DF80430D4F791FC03B05DF804FBC3
S21403721810B508F008FD044606F038FE2046BDE81B
S214037228104008F0FBBC70474FF4C870D6F736BA60
S214037238D6F71EBB00F01CB87047704708B503F0B6
S21403724892FA03F09AFA03F0A1FA03F0B0FABDE84B
S214037258084003F0BDBA704708B503F07FFA03F099
S2140372687EFA03F07DFA03F07DFAFFF7F4FF08BD14
S21403727808B503F0AEFA03F0ADFA03F0ADFABDE8CD
S214037288084003F0B0BA7047012070472DE9F34170
S21403729812F001050446884622D110F0030525D1CD
S2140372A82F465208BA4209D1D4F742FD0026B74200
S2140372B804EB860008D1D4F74BFD11E054F82730C9
S2140372C801330CD10137EDE7042258F826300DEBCD
S2140372D80201019308F05CFF30B1D4F739FD3D2570
S2140372E8284602B0BDE8F0810136E0E70125F7E756
S2140372F87047B0F1006F0FD300F07843B3F1006F17
S2140373080CD000F06040B0F1404F09D0B0F1604FA8
S21403731814BF0420032070470020704701207047DD
S21403732802207047002070471AB111B180B2D6F711
S214037338D5BC2120704701F097BEDFF785BBFFF762
S2140373488DBCD0E9023253F8223000211878DEF7D4
S214037358CDBF704702F0D8B901F018BEC36882687B
S214037368013BDBB252F823305B78652B02D1002051
S214037378E1F70CBB6E2B01D10120F9E7662B01D18F
S2140373880220F5E7704710B5D0E90232044653F8F1
S2140373982230187802F0A2FAE368A268013352F89A
S2140373A82330BDE81040187802F096BA10B50446A4
S2140373B8C0B2D7F761FE200ABDE81040D7F75CBE17
S2140373C8D0E9023253F822301878D7F75DBF02F0B7
S2140373D835BADFF7D9BF08B501F0F9FEBDE80840AE
S2140373E8E1F7C2B9D0E9023253F82230186801F03F
S2140373F8ECBE0020E1F7BEBA0120E1F7BBBA0221D2
S214037408D7F7D8BE0321D7F7D5BE0521D7F7D2BEFF
S21403741808B501460C20D7F7A9FEBDE80840D7F7FC
S21403742837BE08B501460020D7F7A0FEBDE80840DA
S214037438D7F72EBE07B5C2688368043253F82230DE
S21403744801211B880DF10602ADF806300023D8F794
S21403745835FC03B05DF804FB08B508F082FCBDE80C
S2140374680840EDF725BD10B51446D8F743FF214667
S214037478BDE8104008F0DEB908B5D8F73BFFBDE80D
S2140374880840002108F0D6B908B5D8F733FFBDE899
S2140374980840EDF723B808B5D8F72CFFBDE8084031
S2140374A8EDF708B87047704708B508F05AFCFFF7B9
S2140374B8FAFF03F0F2F9BDE80840D8F767BF70474C
S2140374C8012070470120704708B5D8F7FBFF00284E
S2140374D80CBF0420012008BD70472DE9F34104467C
S2140374E80D4616461F46DDF8208008F0D2FC3B46BC
S2140374F8324629462046CDF8008003F0CFF93B46AE
S214037508324629462046CDF80080FFF7E5FF02B04D
S214037518BDE8F04101F0A8BD2DE9FF4704460D4636
S21403752816461F46BDF830809DF83490DDF838A01F
S21403753808F0AFFC3B46324629462046CDE9019A79
S214037548CDF8008001F041F804B0BDE8F04701F03B
S2140375588BBDF8B504460D4616461F4608F099FC3B
S2140375683B46324629462046DEF7FAFB044601F038
S2140375787BFD2046F8BD70472DE9F34104460D46CA
S21403758816461F46BDF8208008F083FC3B46324665
S21403759829462046CDF8008003F083F93346424651
S2140375A8294620460097FFF7E6FF02B0BDE8F041FC
S2140375B801F05ABD704708B508F06BFC03F072F982
S2140375C8FFF7F8FFBDE8084001F04EBD01207047FD
S2140375D82DE9F74304460D4616461F469DF82890A0
S2140375E808F057FC3B46324629462046CDF800901D
S2140375F8FFF7ECFF80463B46324629462046CDF841
S214037608009003F050F901F02FFD404603B0BDE8A3
S214037618F083012070472DE9F74304460D461646C6
S2140376281F469DF8289008F034FC3B463246294608
S2140376382046CDF80090FFF7ECFF80463B463246DF
S21403764829462046CDF8009003F02EF901F00CFDEC
S214037658404603B0BDE8F083F8B504460D46164623
S2140376681F4608F016FC3B4632462946204603F0DA
S2140376781CF9BDE8F84001F0F7BC00207047F8B5E0
S21403768804460D46164608F004FC324629462046AC
S214037698FFF7F3FF074632462946204603F006F966
S2140376A801F0E2FC3846F8BD38B504460D4608F046
S2140376B8F0FB2946204603F0FAF8BDE8384001F007
S2140376C8D3BC704710B5044608F0E3FB204603F026
S2140376D8EFF82046FFF7F5FFBDE8104001F0C4BCFD
S2140376E8704738B504460D4608F0D3FB29462046AE
S2140376F803F0EDF829462046FFF7F2FFBDE83840C9
S21403770801F0B2BC704770B504460D46164608F03D
S214037718C0FB32462946204603F0DBF832462946A4
S2140377282046FFF7EFFFBDE8704001F09DBC7047A9
S21403773838B504460D4608F0ACFB2946204603F048
S214037748CAF829462046FFF7F2FFBDE8384001F09D
S2140377588BBC70472DE9F34104460D4616461F4673
S2140377689DF8208008F095FB3B463246294620467E
S214037778CDF8008003F0B1F83B463246294620464A
S214037788CDF80080FFF7E5FF02B0BDE8F04101F051
S2140377986BBC704738B5054608F07BFB284600F0F7
S2140377A8E1FE04460146284601F0ACFF01F05CFC06
S2140377B8204638BD38B504460D4603F08FF82946EB
S2140377C82046FFF7E6FF38BD704738B5054608F08C
S2140377D860FB2846DFF7E4F804460146284601F02E
S2140377E88FFF01F041FC204638BD38B504460D46E8
S2140377F803F075F829462046FFF7E6FF38BD7047BD
S21403780810B5044608F045FB204603F069F8204601
S214037818FFF7F5FFBDE8104001F026BC704738B502
S21403782804460D4608F035FB2946204603F059F86A
S21403783829462046FFF7F2FFBDE8384001F014BC9E
S214037848704770B504460D46164608F022FB3246C6
S2140378582946204603F046F8324629462046FFF7CF
S214037868EFFFBDE8704001F0FFBB704738B504462C
S2140378780D4608F00EFB2946204603F034F8294641
S2140378882046FFF7F2FFBDE8384001F0EDBB70472E
S21403789838B504460D4608F0FCFA2946204603F098
S2140378A823F829462046FFF7F2FFBDE8384001F0E3
S2140378B8DBBB704710B5044608F0EBFA204603F026
S2140378C814F82046FFF7F5FFBDE8104001F0CCBBDF
S2140378D8704710B5044608F0DCFA204603F006F8AD
S2140378E82046FFF7F5FFBDE8104001F0BDBB704723
S2140378F8704770B504460D46164608F0CAFA32466F
S2140379082946204602F0F5FF324629462046FFF769
S214037918EFFFBDE8704001F0A7BB704710B50446FB
S21403792808F0B7FA204602F0E5FF2046FFF7F5FF12
S214037938BDE8104001F098BB704738B504460D46BD
S21403794808F0A7FA2946204602F0D5FF294620461E
S214037958FFF7F2FFBDE8384001F086BB7047F8B57D
S21403796804460D4616461F4608F093FA3B4632462B
S2140379782946204602F0C1FF3B46324629462046A2
S214037988FFF7ECFFBDE8F84001F06EBB704770B533
S21403799804460D46164608F07CFA32462946204623
S2140379A802F0ACFF324629462046FFF7EFFFBDE854
S2140379B8704001F059BB70472DE9F34104460D4664
S2140379C816461F46DDF8208008F063FA3B46324623
S2140379D829462046CDF8008002F091FF3B46324602
S2140379E829462046CDF80080FFF7E5FF02B0BDE83C
S2140379F8F04101F039BB0E2070470E20704738B5AA
S214037A08044608F046FA2046FFF7F7FF05462046E1
S214037A1802F076FF2046FFF7EEFF01F025FB284627
S214037A2838BD704710B5044608F033FA204602F00E
S214037A3868FF2046FFF7F5FFBDE8104001F014BBCA
S214037A48002070470020704738B5044608F021FA2E
S214037A582046FFF7F7FF0546204602F053FF204669
S214037A68FFF7EEFF01F000FB284638BD704708B560
S214037A7808F00FFA02F047FFFFF7F8FFBDE80840E3
S214037A8801F0F2BA002070477047704708B5D8F778
S214037A98EBFD00280CBF0420012008BD70470B68C7
S214037AA8DA7B1AB9DB7C0BB9D8F702BE812070479C
S214037AB808B5D8F715FEBDE80840D8F71FBE7047C7
S214037AC8D8F70EBED8F71ABE082808D84FF48B7313
S214037AD8C34013F0010F0CBF21200020704721205C
S214037AE870470121D8F7FCBE0221D8F7F9BE042156
S214037AF8D8F7F6BE0821D8F7F3BE1021D8F7F0BE9C
S214037B0801207047D0E9023253F822301878D9F7A3
S214037B1893B80868C37B1BB9C37C0BB9D9F7BCB841
S214037B2881207047D0E9023253F822301878D9F703
S214037B38F5B8704730B50546044615F8100B85B0FA
S214037B48029565691D44CDE900250B46A21D61888B
S214037B5801F038FE05B030BD704710B492F80A41FC
S214037B6892F8053103EB04230B8100235DF8044BDD
S214037B781A4601F025BE1FB50446084671B121789A
S214037B88FF290BD0238B029363690193237C00930D
S214037B986288A31DDEF720FFFF23237004B010BD01
S214037BA80868C37B73B9C37C032B0BD8DFE803F0E1
S214037BB802080406D9F7B2BBD9F7E2BBD9F712BC59
S214037BC8D9F7C0BB812070477047704700207047BD
S214037BD8137810B5032B0CD15479CBB29C4208D139
S214037BE89379B3EB112F04D153781B1A5842584193
S214037BF810BD0020FCE77FB505460E4600246946FF
S214037C08E0B201F085FD28B96A4631462846FFF7F3
S214037C18DFFF18B90134202CF1D1002004B070BD61
S214037C28FFF7E9BF0868C37B9BB9C37C052B10D84D
S214037C38DFE803F0030D070B0905D9F777BCD9F777
S214037C48B3BED9F70DBDD9F75FBED9F7DDBDD9F7F2
S214037C58AFBC812070470020704730B5102587B029
S214037C6801AA00210195FEF708FC04462A460021CE
S214037C7802A8E4F795FB2A46214602A8E4F7E2FBA6
S214037C88012102A8DAF76EF807B030BDD9F7FCBFB2
S214037C987047FFF7FDBF0B68DA7B5AB9DB7C012B0D
S214037CA804D0022B04D02BB9DAF780BCDAF78ABCE7
S214037CB8DAF794BC81207047002307B5012101A891
S214037CC80193D1F731F808B9D0F722FE012003B0A3
S214037CD85DF804FB08B502F070FA052803D00038EF
S214037CE818BF012008BD0220FCE77047D0E902321E
S214037CF853F822301878003818BF0120DBF7EEBF98
S214037D08DBF7F2BF00207047002070477047FF205C
S214037D187047FF20704700207047002070470020F8
S214037D287047704706207047DBF796BA0868DBF794
S214037D386FBF70B50D46044600212846164601F067
S214037D4878F9324620800221284601F072F9324635
S214037D5860800421284601F069F90023A360E360E4
S214037D686060082070BD034641B181424FF064004D
S214037D7805D94343B3FBF1F0C0B2704708467047D2
S214037D88DBF7C0BFDCF7B6BDDCF7BEBEB0F5807F59
S214037D9805D0A0F5007358425841400170470820A3
S214037DA8704730B599B00D4669461446DCF710FEA1
S214037DB830B915B1BDF802302B600CB10D9B2360AA
S214037DC819B030BD2DE9F04788B00E46904604A991
S214037DD805AA07461D46FFF7E4FF044638BB288076
S214037DE80DF10C09DDE904A39A4520D20622514673
S214037DF83846CDF8009006ABDCF706FED8B9039BE9
S214037E08062B18D12A88DDF81A3042450ED2BDF85B
S214037E18181026F832102A8806EBC20253602A88FE
S214037E285344013206332A800493DBE7F7D9204606
S214037E3808B0BDE8F0870124F9E72DE9F0438FB0D1
S214037E480F46904601A9002204469946FFF7A9FF64
S214037E5818B101200FB0BDE8F083062220460DF1C5
S214037E68020302A9FFF7AEFF0028F2D10546024631
S214037E78BDF80210019CEEB28E42EAD20EAB03EBBB
S214037E88C60656F82C3C36F8306C0634BE4217BF86
S214037E98E418012213460022013522B1C8F800402F
S214037EA8C9F80030D6E71A46E5E770B50024012678
S214037EB802F05DF9E5B2C26806FA05F5954223466F
S214037EC804F10104F4D3D8B270BD70B586B0DCF7FC
S214037ED8CDFB00F11006E1F7C1FF00240546142286
S214037EE801A9301902F04AF91CB99DF80430FF2B92
S214037EF816D0002303F118026A4412F8142CFF2A3A
S214037F0806D11C44601E90FBF5F080B206B070BD27
S214037F182B44DBB2132BEDD91434B4F5826FDED1C0
S214037F284FF0FF30F2E7DCF7D7B907B504220DEBBD
S214037F38020102F023F9019803B05DF804FB37B594
S214037F48054608460C46FFF7F0FFA84206D004226B
S214037F5820460DEB02010195E1F7D2FF03B030BDD1
S214037F6807B50B460092002102460120DCF746FAC5
S214037F7803B05DF804FB08B50121DCF777F9BDE823
S214037F880840E2F769B9DCF7B5BC08B5FFF7F3FFB5
S214037F98002008BD08B513460A4601461846DCF70E
S214037FA8C1FA80F00100C0B208BD002070477047D0
S214037FB808B1DCF7BFBD704730B4DDE902451DB133
S214037FC8029430BC00F0C6B930BC70471F2804D8EA
S214037FD8142200F5A030D5F74BBF70471F2804D8E6
S214037FE8142200F5A030D5F76FBF7047152808B5DB
S214037FF805D1FFF7DCFFBDE80840DCF7E1BE08BDA6
S21403800810B5142486B02246002101A8E4F7C8F95F
S2140380182023224601A94FF4A03001F097FC06B0AE
S21403802810BD0020704713B500230C461A460146B8
S214038038CDE90033E0B2DDF787FC02B010BD13B517
S21403804800231446019001220093E0B2DDF77CFC7E
S21403805802B010BDD0E9023253F822301868DDF7B3
S214038068EBBD194491420ADC4218002003B9704755
S21403807812F8011D013B01EB0020DBB2F6E70020F6
S21403808870472DE9F04F4FF0000A85B001938146FB
S2140380980F4615465346019A11785FFA8AF29142BB
S2140380A803D8002005B0BDE8F08F019909EB050851
S2140380B801EB4202517892F802B011F040040091A5
S2140380C801F03F061BD0AC19BC42D4BF00240124E0
S2140380D833466400A20740F18880009B1B0640F1E4
S2140380E892800E9B324603EB0B000021E4F758F907
S2140380F83D4600231D44ADB20AF1010ACBE7042E20
S21403810807D866B1B31E022B0BD8DFE803F012219B
S21403811830003E2E37D03F2E5BD03D2E4BD003206B
S214038128C0E7BD4234BF0024012401266400334659
S214038138D0E7AB1CBB4250DC02233A4629464846E6
S214038148FFF78FFFADF80A0002230DF10A08C1E70F
S214038158EB1CBB4243DC03233A4629464846FFF753
S21403816880FF0390042603230DF10C08B2E72B1DAA
S214038178BB4236DC04233A4629464846FFF771FFD6
S21403818803900423F0E77A1E95422CDA02233A4634
S21403819829464846FFF765FF4FF6FF7380B29842B5
S2140381A80EBF0223023083B25C19A742B4BF03246E
S2140381B8012404268EE7BD4215D298F80030FF2B1B
S2140381C80CBF01230133EC18BC42CCBF03240124A3
S2140381D8EFE70124042600237CE73446B4E70224A9
S2140381E8C0E70224CDE70324E3E70E9A02EB0B006D
S2140381F814B142F80B807DE7324641460093E4F714
S2140382085FFA009B76E702204CE710B5144686B063
S21403821818811A460A9B0291CDE903430123019369
S214038228099B014600930320BDF82030DDF722FEA4
S21403823806B010BD1FB500240294079C0194BDF830
S21403824818400094FFF7E1FF04B010BD2DE9F04194
S2140382580E461746054686B098B391B38AB34FF0D1
S214038268000802A95FFA88F001F052FA044640B9FA
S2140382789DF80830032B08D008F10108B8F1200F41
S214038288EFD1204606B0BDE8F0819DF809202B798A
S2140382989A42F1D1BDF80A206B889A42ECD19DF830
S2140382A80C30BDF80D006B7128812B4622464FF61D
S2140382B8FF71CDE90067FFF7BDFF0028DCD0044651
S2140382C8DFE72124DDE710B586B00A9C04949DF801
S2140382D824400394BDF8204002940124CDE90034D9
S2140382E813460A4601460620DDF7C4FD06B010BD50
S2140382F81FB504460846194600230094CDE9012312
S214038308079BBDF81820FFF7DEFF04B010BDF0B5D5
S214038318022805460E4614461F468BB00AD106A900
S214038328F0B201F0F5F998B99DF8193023719DF864
S2140383381C306371119B224604930023CDE9023354
S2140383480193109B3146009328463B46DDF792FD82
S2140383580BB0F0BD13B500240194049C0094FFF7FA
S214038368D6FF02B010BD2DE9F045064688461446EA
S2140383789A46002701258BB006A9F8B201F0C8F97A
S21403838820BB9DF81830012B19D19DF81920337995
S2140383989A4214D1BDF81A2073889A420FD19DF8D1
S2140383A81C3032467371B9B2CDE9030ACDE9010030
S2140383B8434602200094DDF75DFD054610B90137F4
S2140383C8202FD9D128460BB0BDE8F0850546F9E736
S2140383D80023FFF7C8BF10B50446DEF729FB0021C4
S2140383E8631E04F10F0213F8010FFF2808BF197064
S2140383F89342F8D10023237410BD0020704770B54C
S21403840806461D46DEF788F9044608B9212070BDDE
S2140384183046DEF74FFC0028F8D0A0682A46FF212E
S214038428FFF721F89DF81030002063719DF814308B
S214038438A371ECE713B59DF81040CDE90034134655
S2140384480122FFF7DCFF02B010BD08B5DEF764F9BA
S21403845828B18068FF21FFF717F8002008BD212000
S214038468FCE70122FFF7F1BF1FB50B466A46014634
S214038478184601F043F96A460823002032F8021B1F
S214038488013B13F0FF0380EA0100F7D1012838BF48
S214038498012080B205B05DF804FB2DE9F04F87B0E4
S2140384A8DDE9109B05468846484619461F46144686
S2140384B8BDF848609DF84CA0FFF7D6FF042D034689
S2140384C8ABF800001AD8022D1DD9042D07D04FF299
S2140384D8F222A188914222D1E28891071FD5E17A38
S2140384E80022CDE9013720463346CDE90392CDF87D
S2140384F800A001F058F907B0BDE8F08F6A1F012AFB
S21403850811D92120F7E700224146CDE911922846E2
S2140385182246109707B0BDE8F04F01F053B94FF65F
S214038528FF760C21DCE7052D0ED10023E17A002225
S214038538CDE90137CDE903920091234652464146D9
S214038548304601F023F9D6E74FF2F222A18891428A
S21403855804D1E288920701D5E17AE8E74FF6FF7679
S2140385680C21E4E7F0B585B00546DDF795FD48B17F
S2140385786B88B3F5006F05D1681D05B0BDE8F040FC
S21403858800F0EFBC284600F005FD0446C8B9E7B27C
S2140385986946384601F0BCF878B99DF8006066B9B4
S2140385A82946384601F0B8F820B140F60443984205
S2140385B807D08C26304605B0F0BD0134202CE6D112
S2140385C8F7E78D26F6E7DDF74DBF2DE9FF470446A7
S2140385D80D460146184617461E46BDF830809DF8D8
S2140385E83490DDF838A0D8F7D9FCD0B92146284608
S2140385F801F038F933463A4629462046CDE9019A2A
S214038608CDF80080DDF7D2FF33463A4629462046A2
S214038618CDE90D9ACDF8308004B0BDE8F04702F0F6
S2140386283FB904B0BDE8F087DEF76AB9DEF722B9CA
S214038638DEF746B910B5044601F020F908220146CC
S2140386482046BDE81040E3F7FDBE01F019B9002146
S21403865801F016B901F028B90020704720207047AA
S214038668EBF7E6BBEBF730BCEEF7D2B87047DEF7AE
S21403867893BA70B506460C46154600F04CF850B14A
S2140386883CB135B1204600F0DAFC013080B2A8428E
S21403869800D9002070BD304600F043F840B1002CE6
S2140386A8F7D0012DF5D9204600F0CEFC0230EDE7D1
S2140386B83046DEF7D1F9EAE7F8B5BDF8185010B337
S2140386C8967855B9D478A6F14107012F07D8621EC4
S2140386D8D2B200F0D3FD0020F8BD2C46F3E7433EA4
S2140386E8012E04D8A21E92B200F0E0FDF3E7D2787A
S2140386F813B90DB1AA4206D811B9E3F751FEEAE752
S214038708E3F7A0FEE7E78920E6E7413803288CBFAE
S214038718002001207047413801288CBF0020012023
S2140387287047433801288CBF00200120704700207B
S2140387387047002070470388B3F57C4F01D3FFF7D3
S214038748F8BF0846FFF7F3BF10B54A880488A24265
S2140387580DD1037B0C79234009D0B2F57C4F08D39F
S214038768FFF7E7FF0B891B1A5842584110BD002034
S214038778FCE70120FAE738B50D88D488A5420AD164
S2140387880388B3F57C4F08D2FFF7D5FF13891B1A66
S2140387985842584138BD0020FCE70120FAE72DE986
S2140387A8F04715460446B8B149B1EAB100264FF07A
S2140387B8140AB04690F80490F3B2994501D80024F9
S2140387C80AE027680AFB06773846FFF7BDFF013637
S2140387D828B13C46A5F800802046BDE8F0877B898B
S2140387E843441FFA83F8E7E71446F5E72DE9F0470D
S2140387F80E4615460446B8B149B112B300274FF0E2
S2140388080C0AB846B0F80890BBB2994501D80024BC
S2140388180AE06368324620460AFB0731FFF7ABFFD8
S21403882828B10C46A5F800802046BDE8F0870B79EA
S214038838013713F0300F02BFCB7843441FFA83F88F
S214038848E2E71446F0E72DE9F04186B00D461446F4
S214038858984604AA05AB03A90646DEF7D3F940B340
S2140388680DB1049B2B6034B3049D03982946FFF788
S21403887862FF2B88074602467188307800F050FB63
S214038888D8B1297911F010030BD0EB782A46CDE935
S21403889800433B4671883078FCF767FE06B0BDE8B0
S2140388A8F0812A4620460599CDF80080FFF704FF95
S2140388B8F4E78620F2E72046F0E77E20EEE71FB5CA
S2140388C81C460023ADF80A20BDF818208DF80400CE
S2140388D8ADF80610ADF80C2069461A4601A80093B1
S2140388E88DF80840FFF7AFFF009804B010BDF0B549
S2140388F887B00E4605AB04AA03A90446DEF782F939
S21403890808B3049D03982946FFF715FF2B880746E7
S21403891802466188207800F005FBB0B1297911F08A
S214038928100108D000963B462A4661882078CFF780
S21403893809FA07B0F0BD009101232A463146059887
S214038948FFF7BAFEF5E78620F3E77E20F1E72DE981
S214038958F041064600254FF014080779E8B2874227
S21403896801D800241AE008FB05F0D6F800C00CEB83
S21403897800043CF8000081421AD132B1802A10D193
S21403898894F90CC0BCF1000F12DAB0F57C4F05D38E
S2140389982046FFF7CEFE834200D04BB92046BDE8FB
S2140389A8F081402A04D194F80CC01CF0400FECD197
S2140389B80135D3E70121DEF761B808B5134600226F
S2140389C8DEF78AF9003818BF012008BD08B5134634
S2140389D84022DEF781F9003818BF012008BD08B524
S2140389E813468022DEF778F9003818BF012008BD41
S2140389F808B540220023DEF76FF9003818BF0120B8
S214038A0808BD08B580220023DEF766F9003818BFCC
S214038A18012008BD0023DEF75FB90021DEF7CCB9D5
S214038A2810B504460121DEF7C7F92046BDE8104015
S214038A3801F06ABF7047F8B516461F469DF818201A
S214038A48BDF81C300546DEF747F978B10421DEF792
S214038A5831FA044650B1284600F012FB3A4631462E
S214038A682846A047BDE8F84000F0FEBAF8BD2DE951
S214038A78F74F1E46DDE90C9B074688461446BDF8A5
S214038A8838302AB3B9F1000F22D00EB392F804A0F7
S214038A9899F80020504612F0080F0CBF8022402297
S214038AA86188DEF719F998B10821DEF703FA054657
S214038AB870B1504600F0E4FA33462246414638463B
S214038AC8CDE9009BA84703B0BDE8F04F00F0CCBA49
S214038AD803B0BDE8F08FF8B5BDF8187016461A4609
S214038AE83B460446DEF7F8F8E0B177B90221DEF72D
S214038AF8E1F90546B0B1204600F0C2FA31462046F1
S214038B08A847BDE8F84000F0AFBA1021DEF7D2F95F
S214038B18054638B1204600F0B3FA3A4631462046B1
S214038B28A847EEE7F8BD73B5BDF8184016461A46CB
S214038B3823460546DEF7D0F8B8B1C4B92021DEF7D8
S214038B48B9F9044670B1284600F09AFA099B3146EB
S214038B58009328469DF820309DF81C20A04704461D
S214038B6800F082FA204602B070BD8624FAE7002495
S214038B78F8E72DE9F04186680446007800F080FAA5
S214038B88002514273279EBB29A4203D8BDE8F041A0
S214038B9800F06ABA7B4332682078D15A02EB03089E
S214038BA800F0C2F901214046DEF784F9034608B10E
S214038BB8207898470135E5E72DE9F04F1C4689B03C
S214038BC89DF84C30BDF8488001939DF85030924686
S214038BD802932246434607460D46DEF77DF88DF890
S214038BE814700646ADF816508DF81840ADF81AA05E
S214038BF8ADF81C8018B9012009B0BDE8F08F05A9A7
S214038C08FFF7A2FD0028F6D000252F46A8462C46D7
S214038C1834E00C231FFA85F903FB09F931887368D6
S214038C28B1F57C4F33F8092003EB090B1AD333F855
S214038C38090050452CD3019BA3422DD900F0BCF95B
S214038C489BF80200DEF7E2FD029B43B19BF8043073
S214038C5813F0010F0CBF05200720DEF7D7FD0134FC
S214038C68A4B219E0ADF81A205946304605AA03936C
S214038C78FFF781FD039B0028D9D101353289ABB2B2
S214038C889A42C6D804EB0800C31B58425841B3E7B8
S214038C9808F101081FFA88F80137BFB2EDE710B5E7
S214038CA8012488B006949DF83C4005949DF8384006
S214038CB804949DF8344003949DF8304002940B9C2A
S214038CC80194BDF828400094DEF738FA08B010BDC2
S214038CD82DE9F04786B0BDF83880DDF83C909DF85E
S214038CE840A0CDF80080CDE9019A04460D46164605
S214038CF81F4600F013F9B8B1431EDBB2012B10D898
S214038D0800230122811E48424841CDE90432CDE9B9
S214038D1802A03B46324629462046CDE90089FFF79E
S214038D28BEFF06B0BDE8F0870120FAE730B5002499
S214038D38012587B0CDE9044503959DF82C50029587
S214038D480A9DCDE90045FFF7AAFF07B030BD30B549
S214038D580024012587B0CDE9044503959DF82850DE
S214038D680094CDE901354023FFF799FF07B030BDDE
S214038D7810B5012486B0CDE90444002403949DF875
S214038D8828400294099C0194BDF820400094FFF7FC
S214038D9886FF06B010BD1FB5089C03949DF81C40BB
S214038DA80294069C019400240094DEF7C3FA04B0E8
S214038DB810BD70472DE9F84F0229074688460C9DD3
S214038DC804D84FF0000A5046BDE8F88F1BB10429B3
S214038DD8F7D942F004023A702BB303247B701B0ABC
S214038DE8BB70DFF7BDFD4FF000099DF828303855F6
S214038DF804F1020A01343B550B9A5FFA89F3D45CF3
S214038E08002CE0D0732C10D82E464C2C56F804BBF6
S214038E183DD0532C15D0622C45D1AC8805F10806F5
S214038E2800231A4616E00124DBE7A4F17503032B97
S214038E38C7D8763C2E1D022C52D8DFE804F0565AC3
S214038E4858006A6805F1080694B2D2B2B2F1FF0375
S214038E5818BF01230AEB040119448845B1DB5046C1
S214038E681946002947D153441FFA83FA5CB1BBF16C
S214038E78000FA6D0224607EB0A005946E3F720FC64
S214038E8854441FFA84FA354609F10109B4E74FF644
S214038E98FF736A6805F1080694B222469C4214BF1B
S214038EA802230023D6E76C2C05D1584600F0CCF8ED
S214038EB8841CA4B2B4E7732C04D1584600F0BFF858
S214038EC8441CF6E7A4F13003DAB2092A01D89CB2A7
S214038ED8A6E7A4F14103062B3FF673AF373CE8E752
S214038EE8012300242A68A346B4E70223F9E70323E9
S214038EF8F7E70423F5E700F1010C01393A54C9B240
S214038F08120A1FFA8CF0ACE70020DEF707BC002233
S214038F18DEF724BC0023DEF737BC70470120704712
S214038F2801207047012070477047002070470020D3
S214038F3870470020704700207047002070470020C5
S214038F48704770470E207047002070470020704710
S214038F5800207047002070477047FF2070470E2098
S214038F68704784207047704770470020704700207A
S214038F787047002070470020704700207047002085
S214038F887047002070470020704770470E207047D0
S214038F9800207047002070477047002070477047CE
S214038FA87047704770470E20704770470020704719
S214038FB8812070477047704738B50546C0B2DEF75C
S214038FC825FC0446280ADEF721FC14B1002808BF4E
S214038FD80024204638BDF8B50546C0B2DEF716FCB1
S214038FE80446C5F30720DEF711FC0746C5F307401A
S214038FF8DEF70CFC0646280EDEF708FC24B12FB174
S21403900836B1002808BF00242046F8BD3C46FBE7D7
S2140390183446F9E710B4CC18944203DC5DF8044BE5
S214039028FFF71FB800205DF8044B70470423FFF7CB
S214039038F1BF08B50223FFF7EDFF80B208BD00783D
S214039048FF2808BF0020704708B502220021FFF753
S214039058F0FF4FF6FF73984208BF002008BD00389C
S21403906818BF0120400070470020704708B5FFF777
S214039078A1FCFF284FF0FF3018BF0020C0B208BD80
S21403908808B5FFF7F3FFFF280CBF2120002008BD13
S214039098F8B506460C4615461F4600F011F810B1FB
S2140390A82544AC4200D1F8BD3946304614F8012BA6
S2140390B8DEF79EFCF5E7014600220220DEF728BC11
S2140390C80120704737B50546DCF7B2FE044601951E
S2140390D80CB981201CE0237823B12046DCF7B0FEC8
S2140390E80446F5E72B6862685B889A42F5D1A3685D
S2140390F8EA7B99B272B12A8A9142EED16A7DB2EBC3
S214039108134FEAD10020E36801A998478128E4D0E1
S21403911803B030BD4FF6FF72EEE72DE9F843044679
S2140391280F46904699460BB3012A1FD80C20E3F73F
S2140391383DFB064610B91920BDE8F8831020E3F76F
S21403914835FB18B93046E3F739FBF4E70123002566
S21403915847EA084770600570C0F80C90446087605B
S21403916833803046DCF75CFE2846E5E72120E3E754
S21403917838B50446436808460D469847B4F9083098
S214039188002B02DB2B78042B06D1002320466360D2
S214039198BDE83840DEF7BEBF38BD30B54FF48A5554
S2140391A887B0ADF816200DF116041A46029543B19A
S2140391B800230122CDE90033234600F01EFA07B048
S2140391C830BD019401240094F7E7FFF7EBBEFFF7E1
S2140391D8BBBE0020704708B500F014FB20B900F0AA
S2140391E85BFB08B9DBF7BAFFFFF7CFFEBDE808401D
S2140391F8FFF7DBBE0020DFF7F5BB0021DFF792BCE5
S2140392080022DFF751BC1FB5D2880B4612F0200F99
S2140392184FF6FD7114BF49245224ADF806105105C4
S21403922844BF083CE4B2110544BF083CE4B2120448
S21403923844BF023CE4B2032805D8DFE800F0020F77
S214039248161CADF80630BDF80600FFF786FEFF28A5
S2140392581CBF241AE4B2204604B010BD02AA0DF1BE
S2140392680601D8B200F08CFAEDE7D8B200F052FA4D
S214039278ADF80600E7E7013CE4B2E4E7F8B50646CE
S21403928817460D4681B10C78FF2C0BD00846FFF71E
S214039298D6FEB84228BF3846C4B22246691C701C9C
S2140392A8E3F7D0F83470F8BD0C46FBE770B5044610
S2140392B815460E4611B94170017070BD0B78FF2B29
S2140392C805D14B78FF2B02D103704370F5E7304680
S2140392D8FFF7BAFEA84228BF284685B22A46B11C1D
S2140392E8A01CE3F7AFF825702D0A6570E5E7F0B51F
S2140392F823B9013A531C2FD1002020E0042AFBD8B7
S21403930800231C46551E6E1C1AD1042A10D00121B0
S214039318D200501E01FA00F020421EBF9140494277
S2140393280C4318421EBF4FF0FF3101FA02F21343F3
S2140393389C421EDCB4BF4FF0FF30002040B2F0BDA5
S21403934840B1465DEF00BE4034434E5D013DBE402E
S2140393583343D8E70646F5E78C5C38B90346A34299
S21403936802F1FF32C6D24FF0FF30E8E7835CA34230
S214039378F5D90120E3E7283807288CBF0020012009
S21403938870471D2810D004D840B11C2804D0552097
S21403939870471E380128FAD81A2901E00B390F2915
S2140393A88CBF5520002070470829F9E700200021C4
S2140393B87047F7B59DF820400546082C1046194611
S2140393C89DF8246036D8002213462C44AC4208D1B4
S2140393D806F0FD04382C0ED10096FFF7E7FF03B01E
S2140393E8F0BD14F8017D1B0243EA12631202BA1891
S2140393F843F10003EAE7392E10D107EE100A07EE09
S214039408902AB4EEE77AF1EE10FACCBF77EE677AD5
S21403941877EEC77A002117EE900AE0E7824273EBED
S214039428010403D2801A61EB0301D8E7101A63EB31
S2140394380101D4E700200146D1E738B5C3681446CE
S2140394481944836853F821501AB12846E2F7A4FE54
S2140394582070284638BD2DE9F3411C4616460DF103
S21403946807029DF82050FFF7E8FF9DF8073080466F
S214039478A34288BF8DF807409DF807700DB1E41B1B
S214039488E5B22A4600213046E2F78AFF3A464146C5
S2140394987019E2F7D7FF384602B0BDE8F0812DE928
S2140394A8F3411D46164601AA9DF82040FCF7E5FF42
S2140394B8019B80469D4238BF0195019F04B1EC1B72
S2140394C8224600213046E2F76BFF3A4641463019FA
S2140394D8E2F7B8FFF8B202B0BDE8F08173B500242E
S2140394E8154601AA1E460194FCF7C7FF019B072BE6
S2140394F80AD92146CCB216B1C4F10704E4B2425CD9
S214039508013108292A55F5D1D8B202B070BD1FB566
S214039518030A8DF80E300323009303AB8DF80D0072
S21403952800F0BBF805B05DF804FB1FB58DF80F1007
S2140395380421030A8DF80E30009103AB8DF80D0055
S21403954800F0ABF805B05DF804FBF0B589B0166813
S2140395589DF83C50CDF809608DF811305668BDF873
S2140395683830012D109FBDF84440CDF80D60ADF896
S21403957812308DF8145014D0032D19D13B68CDF84A
S21403958815307B68CDF819309DF848308DF81D30B6
S21403959816230093BDF84C2002AB00F07EF809B002
S2140395A8F0BD8DF81540240A0F238DF81640F0E712
S2140395B80120F4E71FB50446084611461A46022357
S2140395C88DF80D100093214603AB00F066F804B03F
S2140395D810BD10B514461A460B6886B0CDF80D3084
S2140395E84B683421CDF811300A23009303AB8DF86A
S2140395F8154000F052F806B010BD2DE9F041B6B09C
S21403960814461D4606460F469DF8F080DFF7AEFC67
S21403961803AA8DF80C001046330A8DF80F703F0A1C
S2140396288DF80E308DF80D602B468DF810708DF87A
S214039638114005EB4405AB4202F102021FD162005A
S214039648D2B2931DDBB23D99D8336B44073203F885
S214039658CC8C01EB4805D3B250FA82F2A94202F148
S214039668020212D103EB4803009006213046BDF8E8
S214039678F820DBB2DFF784FC36B0BDE8F08133F8B8
S214039688021B1171090A5171D5E731F8024B02F82A
S214039698024C240A02F8014CE0E72DE9F0411C4687
S2140396A805460E4617469DF81880DFF75FFC2070C0
S2140396B843463A46314628460694BDE8F041DFF766
S2140396C85FBC002070477047D3F71CBF08B5E9F79F
S2140396D8ADFE002840F6124018BF002008BD7047AC
S2140396E87047704770477047704770470020704749
S2140396F870477047002070477047704703F083B879
S214039708FEF773B8FEF756B803F0F4BBF5F7ECBEEE
S21403971803F0E1BBF5F7A6BEF5F70EBFF5F7C8BE2F
S214039728FEF735B9FEF71BB910B49DF8044001944B
S2140397385DF8044BFEF70EB8FEF762B8FEF76FB88F
S214039748F1F790BDF1F794BDEFF700B9EFF704B959
S214039758EAF788BFFEF7AEB8FEF773B8FDF7BDBEE7
S214039768FEF796B8FEF782B830B4BDF808409DF801
S2140397780C50CDE9024530BCFDF7CEBEFDF76CBFF5
S214039788F6F74CB8DFF74CBCF6F712B970B49DF889
S2140397980C40BDF810509DF814600394CDE90456A8
S2140397A870BCF2F779BD70B49DF80C40BDF8105044
S2140397B89DF814600394CDE9045670BCF2F7ACBD6B
S2140397C8F2F796BE10B49DF8044001945DF8044B76
S2140397D8F2F7E6BD10B49DF8044001945DF8044B17
S2140397E802F0D7B802F0D7B8FDF77BBFFDF78BBFFB
S2140397F8FEF718B9FDF79CBFEDF7BABBEEF712BB39
S214039808EEF7E4BAECF7DEBF02F06EBCEDF796BDF2
S21403981802F0C4BCEDF722BFEDF786BAEEF708BB35
S214039828EEF784BAEEF7A0BAEBF748BEFEF7C4B86D
S214039838FEF75FB8FEF772B8FEF77FB800F036BCDF
S21403984800F02FBCF4F70ABEF2F756BBF4F7E4BDF4
S214039858F4F70ABFF2F720BBEAF7F0BEF3F7AABF9E
S214039868FFF732BFFBF7C8BAFEF701B9FDF72ABF01
S214039878FEF72FB801F03DBEDFF730BBEBF706BCAB
S214039888EAF7B0BF02F0F9B802F0D0B8EAF7FEBFBD
S214039898EBF74CBBEBF776BBEAF76CBFDFF73ABBE5
S2140398A8DFF74CBBDFF724BBEAF70CBFDFF72ABBAF
S2140398B8F6F712BF02F0B8B802F07FB8EAF708BFA7
S2140398C8EBF7CEBBEAF75EBF10B4BDF804400194CD
S2140398D85DF8044BFDF750BEDFF7CCBBDFF7BEBB26
S2140398E8F6F79ABCF6F7D2BE03F017BC03F01DBC16
S2140398F8F6F70ABDF6F7EABE00F06DB900F0ABB9A5
S21403990800F0D3B900F0B9BA00F029BB00F092BA58
S214039918E0F7C8B800F0F0B900F01DBA00F030B8A8
S21403992810B51C4601F009FF06F0ECFA0023C0F355
S21403993840202370400010BD002208B50B46114690
S214039948FFF7EEFF023818BF012008BD0020704756
S2140399587047B1FA81F04009704701207047704795
S21403996870470020704770470020704770470E20E6
S21403997870470120704770470120704701207047E1
S21403998814220021E2F70CBD704770B505460C4655
S2140399988AB0252200210DF10300E2F701FD6B686A
S2140399A8CDF81D30AB68CDF82130234601AC03F162
S2140399B81006224618685968083303C2B342144689
S2140399C8F7D101236A7B8DF8023012F0040F0CBF1F
S2140399D84FF480734FF4A073110748BF43F48063B2
S2140399E8ADF80030930748BFBDF80030684644BF5B
S2140399F843F00803ADF80030F1F756FF0AB070BD20
S214039A0830B5427B0D46D10704468BB007D5407860
S214039A1801A9F1F7B3FFD8B12D200BB030BD9307DA
S214039A28FAD5C2F3800310074FEA8313ADF8023062
S214039A3844BF43F48063ADF80230BDF80220201D0E
S214039A480AB10DF1020201A902F0FAFE0028E3D0DA
S214039A5801AB03CB9DF81430A1602373BDF8103017
S214039A686060590642BF627B42F0040262735A057D
S214039A7842BF627B42F0080262731B0742BF637BE6
S214039A8843F0020363732B4606AC0AAD224603CAA9
S214039A98AA4218605960144603F10803F6D1002059
S214039AA8BBE7F0B504460D4693B0252200210DF119
S214039AB82300E2F775FC636804F1040CCDF83D3027
S214039AC8A36809AECDF841302B4605F11007324698
S214039AD818685968083303C2BB421646F7D10523EC
S214039AE88DF82230637B5B0103F40073ADF82030F6
S214039AF86378FF2B1AD1002360461A4601A900F0A3
S214039B08D9F99DF80530FF2B0DD1002301A91A4674
S214039B18184600F0CFF99DF80530FF2B03D11C2615
S214039B28304613B0F0BD9DF80530637000206178A9
S214039B3808AA00F0B4FA06460028F1D1607801A90D
S214039B4800F03EFA2B4603AD2A46186859680833D0
S214039B5803C2BB421546F7D1637B6078DB0648BF72
S214039B689DF81C3001A944BF63F07F038DF81C30B1
S214039B7800F03DFAD4E710B504468AB02422002143
S214039B8801A8E2F70DFC637B590744BF4022ADF8F2
S214039B9810201A0742BFBDF8102042F48062ADF8C1
S214039BA81020DB070FD5607801A9F1F7E7FE10B19F
S214039BB82D200AB010BD01AB03CB637B606043F076
S214039BC80203A160637304A9201D02F03BFE00286C
S214039BD8EED00020EDE71FB5694600F066F80028CA
S214039BE818BF2D2005B05DF804FB73B50D46144663
S214039BF80646DFF77FFB6B881A071AD522463146D7
S214039C08102002F000FE2046DFF774FB6B88D907A6
S214039C1817D50023224601210DF107008DF80730DA
S214039C28DFF73AFE6B88002B0CBF2120002002B01A
S214039C3870BDDE06EAD522460821281DDFF72CFE6E
S214039C48E1E79A0701D50223E4E75B07EAD503238E
S214039C58E0E70F2070471FB50C46694600F025F865
S214039C68102221466846E2F7E7FEB0FA80F040097C
S214039C7804B010BDB8B1B1B14388A3B90378013BAA
S214039C88082B10D8DFE803F00507090B0F0F0F0F93
S214039C980D00DFF703BDDFF75DBDFFF776BEFFF701
S214039CA800BFDFF7EBBE2120704738B50D4609B372
S214039CB800B30378013B082B1AD8DFE803F0050D39
S214039CC81013191919191600DFF720FD044628463C
S214039CD802F0B6FF204638BDDFF75CFDF6E7FFF770
S214039CE88FFEF3E7DFF78CFDF0E7DFF7D1FEEDE74E
S214039CF82124ECE72124EDE770B586B0064601A8D3
S214039D080C461546FFF73CFE04238DF804301CB1B9
S214039D182068616802AB03C3294601A88DF805606D
S214039D28FFF7A8FF06B070BD70B586B0044601A855
S214039D380D461646FFF724FE0323206861688DF850
S214039D48043002AB8DF8116003C3294601A8FFF758
S214039D5891FF06B070BD0022FFF7E6BF30B585B0A9
S214039D680D4669460446FFF7A0FF20B92A46214652
S214039D786846FFF73AFF05B030BD30B5437B044667
S214039D8813F001020D468BB007D0407801A9F1F70E
S214039D98F5FD70B12D200BB030BD9B07FAD5ADF895
S214039DA8022001A90DF10202043002F049FD002841
S214039DB8F0D000210E22A81CE2F7F2FABDF8103004
S214039DC82B80039BAB60BDF81230AB819DF8143033
S214039DD8237301AB03CB6060A1600020DBE770B59B
S214039DE8437B0446DB070E468AB003D42D25284654
S214039DF80AB070BD6946407800F04DF9054600285C
S214039E08F4D1DDF81D300E226360DDF821300146FB
S214039E18A360637BB01C43F002036373E2F7C0FAE4
S214039E28BDF80030069A43F004033380059BB260FE
S214039E387360DCE70B4610B504461022002118466B
S214039E48E2F7AEFA2278032A09D0042A0DD0022AAA
S214039E5811D101462046BDE81040DFF77FBE014614
S214039E682046BDE81040FFF788BF01462046BDE8F8
S214039E781040FFF7B4BF262010BDF8B507460846BE
S214039E880C4616461D46FFF77BFD04232370637BAB
S214039E98314643F00103204667706373FFF705FFF7
S214039EA808B12D20F8BD29462046FFF7C3FF002832
S214039EB8F8D0F6E7F8B5054608460C461F46164694
S214039EC8FFF75EFD0423237025B108222946E01810
S214039ED8E2F7B8FA637B43F0020363734EB932467C
S214039EE80121284600F0E4F8FF28607007D12D20EA
S214039EF8F8BD31462046FFF7D8FE0028F7D1637B26
S214039F0843F0010363730DB90020F1E7002FFBD07C
S214039F1839462046FFF78EFFF6E7F8B50C460746A0
S214039F28084616461D46FFF72BFD032320463946EB
S214039F3800F8043B0822E2F785FA637B314643F0D0
S214039F48020320466373FFF7B0FE08B12D20F8BD61
S214039F5829462046FFF76EFF0028F8D0F6E7F8B53F
S214039F68074608460C4616461D46FFF709FD032313
S214039F782370637B314643F001032046677063739F
S214039F88FFF793FE08B12D20F8BD29462046FFF7B4
S214039F9851FF0028F8D0F6E718B18022012100F017
S214039FA887B8FF207047002307B51A46194600935B
S214039FB8F3F734FAB0FA80F0400903B05DF804FB0F
S214039FC80B4610B519220446FF211846E2F7E8F9AE
S214039FD87E2C01468CBF04F5C43004F583304FF05D
S214039FE81902BDE8104088BFAD30D3F741BF7E28BD
S214039FF888BF00F5C4304FF0190294BF00F58330CC
S21403A008AD30D3F761BF30B589B00D46FFF7C4FF4F
S21403A018FF2804460DD001A9FFF7D2FF2868696810
S21403A02801AB03C3204601A9FFF7E1FF002009B0EF
S21403A03830BD2D20FBE770477047002070477047F8
S21403A0480F20704770479DF8000070470F20704731
S21403A0580F207047002070470F2070470020704776
S21403A0680020704784B08DE80F00002004B07047C6
S21403A07800207047704770470020704770470020DD
S21403A08870477047002070470120704770470020CC
S21403A0987047012070470E207047FF2070470E2038
S21403A0A870470E2070470020704770470E20704791
S21403A0B8FF20704770477047002070477047704707
S21403A0C8704700207047704700207047002070478D
S21403A0D8002070477047704700207047704700207D
S21403A0E870470020704770470020704710B500245B
S21403A0F8E3B210B9C3F10303DBB20134042CCA5428
S21403A1084FEA1222F4D110BD10B50B784C788A7832
S21403A118C97828B91046224604460846194603460F
S21403A12842EA012043EA042343EA004010BD70478D
S21403A138DFF7C8BD08B5CEF735FD002814BF86205F
S21403A148002008BD08B5CEF7FDFE003818BF01206D
S21403A15808BD08B5CEF7B6FE003818BF012008BDFF
S21403A16808B5CEF73BFF003818BF012008BD08B571
S21403A178DFF788FEBDE80840DFF736BE70B504464D
S21403A1880D461646DFF77EFE0420DFF71FFE32462F
S21403A19829462046FFF7DDFF04460220DFF716FEB2
S21403A1A8204670BD08B5DFF76DFEBDE80840CEF75C
S21403A1B86DBEE0F79FB9E0F77FB908B5E0F77CF91D
S21403A1C820B1BDE808400020E0F7B4BA112008BD66
S21403A1D808B5E0F791FBE0F797FBE0F79FFBBDE8D0
S21403A1E80840E0F7AFBB10B5044622F070421030C3
S21403A1F860602160A26039B1A26803F0704313431C
S21403A208A360029BE36010BDA36843F08043F7E7AF
S21403A21801234360C36843F02003C360836843F0A5
S21403A22800538360704737B515464A6804463AB103
S21403A2388C680093096845EA0403FFF7D4FF0446CD
S21403A248204603B030BD2DE9F04FD3B0CDE9012346
S21403A258DDE9608500230390042003ACCDE90503FC
S21403A26807C907AB83E80700214618465D9E049492
S21403A278E0F780FB0746002840F0BA805C9A0AABF2
S21403A28807CA83E80700494201F00F0900215E9BCD
S21403A2985F9A5B6852680D9113445B4203F00F0A9A
S21403A2A8D8F8043012915B420093B368DA0048BFCB
S21403A2B873684FF0100242BF033323F0030373603F
S21403A2C8AB68DB0041BF6B68033323F003036B60A3
S21403A2D85E9BD3F804B05F9B5C680BEB04035344A4
S21403A2E8CDE90E3173685B4203F00F03CDE9101313
S21403A2F86B685B4203F00F03CDE9131316AB1846DE
S21403A3081591E2F74DF85C9A516851B9D8F80410DC
S21403A3180C4354EA0B0401BF10229146CDE90B24E3
S21403A3280A9011234FF0005204A932A8FFF77BFFC7
S21403A33840F611034FF0005207A9FFF774FF42F6E1
S21403A34811034FF000520299FFF76DFF44F611030D
S21403A3584FF000520199FFF766FF412300225E99EA
S21403A368FFF761FF4FEA0A234FF000525F9943F065
S21403A3784103FFF758FF4FEA09234FF0005243F013
S21403A38801030AA9FFF74FFF009B4FF000521B0279
S21403A39803F47063414643F00103FFF744FF1038A4
S21403A3A8FFF736FF00230DA91A461AA8FFF73BFF47
S21403A3B8002331461A46FFF736FF002310A91A462C
S21403A3C8FFF731FF002329461A46FFF72CFF002321
S21403A3D813A91A46FFF727FF002362991A46FFF7C1
S21403A3E822FF1038FFF714FF1AA932A8FFF7F0FE6A
S21403A3F8384653B0BDE8F08F10B5044608B1E0F709
S21403A4089BFB2046BDE81040FCF737BE10B5044654
S21403A418006A10B1616AFFF7EFFF0020C4E908007D
S21403A42810BD38B50546FFF7F1FF2B7E0446012B12
S21403A4380ED0023B012B0ED8EB69012B18BF6FF029
S21403A4489604282200212846E1F7AAFF204638BDAD
S21403A458EB69002BF2E76FF09604F2E71822002167
S21403A468E1F79EBF70472DE9F84F9846DDE90B499B
S21403A4780D9B15469A0706460F4623D02A460A9B7F
S21403A48803EB040A1444A24220D10D9B9B0705D56F
S21403A498A2EB050AD14505EB0A0420D82046BDE8F9
S21403A4A8F88F434639462020B0470AF1010ACA45C1
S21403A4B80AEB0B02F5D3A9EB04024C4588BF00222E
S21403A4C82A44DCE7A246A5EB040BF0E702F1010BEE
S21403A4D8434639461AF8010DB0475A46D3E743466A
S21403A4E8224639462020B0470AF1010AD2E72DE969
S21403A4F8F047DDE90D7616F0020F9DF82880DDE9B2
S21403A5080854DDE90BCE1FD106F001094FB1B9F1A6
S21403A518000F06D0B8F1000F02D116F00C0F00D0CA
S21403A528013F4FF0300A04E0202C04D005F804A0BD
S21403A53801347445F8D3B9F1000F05D04FF030094C
S21403A548A74201D9202C2DD116F0100F1FD016F4D0
S21403A558806F2CD15CB3744501D0BC4227D1B4F1CB
S21403A568010E23D0BCF1100F46D1023C16F0200F83
S21403A57828D1202C28D04FF0780C05F804C00134D5
S21403A588202C21D04FF0300C05F804C00134202CC1
S21403A5981AD0B8F1000F23D04FF02D0C05F804C0DD
S21403A5A8013412E005F804900134C9E77446BCF197
S21403A5B8100FDBD0BCF1020FE2D1202C04D04FF0F1
S21403A5C8620CDAE7202C08D12024CDE90A76CDE9F7
S21403A5D80854BDE8F047FFF746BF4FF0580CCCE7E2
S21403A5E816F0040F02D04FF02B0CD7E716F0080F1F
S21403A5F8EBD04FF0200CD1E7BCF1020F7446C1D163
S21403A608DDE72DE9F04391B0189D1A9E1D9F0DB9FD
S21403A61827F010077C0500D515B317F0200F14BFD5
S21403A6284FF0410E4FF0610EAC4600250DF12008A1
S21403A638AEF10A0EBCFBF6F906FB19C95FFA89F4F4
S21403A648B9F1090F94BF30347444E4B2B44508F83A
S21403A658014B05F10105BCFBF6F401D3202D10D1FF
S21403A6681C9C069705941B9CCDE903649DF86440DF
S21403A678CDE9015408AC0094FFF739FF11B0BDE8E3
S21403A688F083A446D6E72DE9F04F95B0269ECDE98C
S21403A6980A23DDE91E74DDE9229B57EA040308BF93
S21403A6A826F010067205CDE9080102D557EA040319
S21403A6B837D016F0200F14BF4123612300250DF170
S21403A6C8300AA3F10A0821464A465B463846E1F7AC
S21403A6D8FBFAD2B2092A94BF303242444F45D2B26B
S21403A6E874EB0B0405F101050AF8012B01D3202DA1
S21403A6F814D1259B06960593249BDDE90801CDE92D
S21403A70803939DF88030CDE901530CAB0093DDE944
S21403A7180A23FFF7ECFE15B0BDE8F08F07460C4694
S21403A728D1E70025E5E708B100F014B8704710B183
S21403A738D1E900311847704738B5441E14F8015F4D
S21403A74825B90A2000F006F8284638BD284600F042
S21403A75801F8F3E701460020FCF762BA7047704732
S21403A768E9F780BB704708B5FCF72BFACEF71AFA59
S21403A778BDE80840D0F752BB704708B5CEF77EFD54
S21403A788FBF708F9BDE80840DFF77CBB08B5FBF71D
S21403A7986BFEE0F705FAFBF765FEE0F7AFFDE0F7BB
S21403A7A89BFDE0F711FDBDE80840D3F73BBB08B5B2
S21403A7B8D1F716FDFBF754FED1F71EFDD5F744FD7A
S21403A7C8D5F7EAFDD5F7F2FEBDE80840D5F710BE83
S21403A7D870477047E0F71EBD08B5FCF73DFEBDE8B9
S21403A7E80840FCF761BE704707B5002203461146CA
S21403A7F801200092D4F7A2FE03B05DF804FB07B568
S21403A80800920B46027D81898068FDF73AFC003882
S21403A81818BF0120C00103B05DF804FB08B500208B
S21403A828DBF79AFF0020DDF72BFD0020D6F766FA44
S21403A8380020D6F753FD0020D7F77CFA0020D9F777
S21403A848ABFD0020DAF716FB0020DBF70BF9BDE8B3
S21403A85808400020DBF7F6B908B50120FDF728F90C
S21403A868BDE808400120D6F739BD08B50220DCF755
S21403A87867F80220DBF700FA0220DEF70FF802205B
S21403A888FFF799FC0220FDF77EFB0220DAF7F2FABF
S21403A898BDE808400220DBF7F3BC7047FDF793BE1C
S21403A8A870477047704770477047704770477047E0
S21403A8B810B50446DBF7FEFB2046D7F74DFD2046CA
S21403A8C8D8F7A0FC2046BDE81040FDF78FBBFDF780
S21403A8D8AABBFDF7B4BBDBF7CFB870477047704722
S21403A8E8704770477047704770477047704705F062
S21403A8F8CFBA70477047DBF759B970477047704748
S21403A90870477047704770477047FEF732BBFEF7CD
S21403A91836BB704700207047FEF733BBFEF73DBBD8
S21403A928E2F756BE38B504460D4600F097F850B120
S21403A93829462046E7F7FEFF30B929462046BDE8F4
S21403A9483840E2F70DBE0E2038BD08B5E7F738FEE7
S21403A95818B1BDE80840E6F7AFB908BD70B51646A6
S21403A9680C4605F060F9314605462046E5F780FDB6
S21403A9780446284605F052F9204670BD00F032B961
S21403A98870B5044600200E4600F039FBD4F8F050A4
S21403A9983DB1002331462046AC46BDE870401A4612
S21403A9A860472B46012231462046E3F759F82846E6
S21403A9B870BD38B5044648880D4600F020FBD4F829
S21403A9C8F0302BB929462046BDE83840E2F75ABF8F
S21403A9D8022038BD00F015BB00F03CB9E2F78EBC88
S21403A9E800F01BBB70B5BDF81060054606B16BB129
S21403A9F8334428469BB200F073F9044620B91EB1C7
S21403AA083146284600F0ADF9204670BD2124FBE701
S21403AA18E4F702BBC0F8EC1000207047E3F740B930
S21403AA28E3F730BA10B4BDF8044001945DF8044B5C
S21403AA3800F09FB80B4610B514461846A1689288CE
S21403AA48E1F73EFEE168034631B1A0886288121A30
S21403AA5892B21844E1F734FE002010BD0346408A3C
S21403AA6818B1188A003818BF012070470846E4F75B
S21403AA784FBE00F0D6BA00F0D4BAE5F761B8084777
S21403AA8808B5E2F783FCC0B208BD022A01D800F075
S21403AA980CBA21207047022A01D800F017BA2120E1
S21403AAA87047022A01D800F023BA21207047E3F73B
S21403AAB869BF0846E3F784BF00F033BA002070473F
S21403AAC8002070477047D0F8903003F06003402B9F
S21403AAD80DD0602B03D0203B58425841704749B1EC
S21403AAE80B68012B06D9486940F00100704740F20D
S21403AAF80110704700207047F7B504461046D4E99E
S21403AB0852C7DDE908268CEA020587EA06010540EE
S21403AB18194085EA0C057940C4E95251002523F407
S21403AB28004106EA010320F0010043F400730240E3
S21403AB3843F00203CDE90055E6F790FB94F824307A
S21403AB489A0713D5D4F84C319B050FD54FF48811C3
S21403AB58204600F034FC94F82430024665F341039B
S21403AB6884F8243020460B46E2F7E4FB002003B0C3
S21403AB78F0BDF0B587B01C461746BDF830601AB965
S21403AB880024204607B0F0BD002BF9D00029F7D0E3
S21403AB9801AAE4F741FA0028F2D0BDF80630A21954
S21403ABA89A42BDF80850C4BF9B1B9CB2B54212D943
S21403ABB80399AD1BADB23144A5420391ADF80850D5
S21403ABC80DD22A463846E1F77BFD0499621B7819AD
S21403ABD8E1F776FDD5E70499761B314404912246BE
S21403ABE83846F5E70846E5F7EBBB0220E4F79EBFD1
S21403ABF808B5D0F8E4304BB11A68022A06D993F898
S21403AC0825204AB1186AB0FBF2F008BD4FF4466235
S21403AC184C210020E7F7BCFE0020F6E7D0F8E42036
S21403AC2808B57AB11368022B0CD9536A13F47F4F0D
S21403AC38C3F3072106D0126ADBB253438B42B3FB36
S21403AC48F1F006D2002040F67F424C21E7F7A0FE3B
S21403AC58002008BD0346D0F824010860B3F828315D
S21403AC6800208B80704790F824310C2B14BF90F883
S21403AC782900FF20704738B50C464FF40061054697
S21403AC88E7F7CEFB70B17CB195F81E3173B94FF474
S21403AC9880724FF480712846E7F7AEFB003818BF7A
S21403ACA8012038BD2202F4E72246F2E70020F8E73F
S21403ACB84FF48071E7F7B4BB08B54A024FF4007146
S21403ACC8E7F79AFB002008BD08B58A024FF48061AF
S21403ACD8E7F792FB002008BD4FF40071E7F7A0BB27
S21403ACE82DE9F041884618F0030706461546194627
S21403ACF833D1B2F5805F30D89A422ED33F2A28D96B
S21403AD08B2FA82F401220120C4F11F03DBB29A408F
S21403AD1892B2AA422CBFC4F11904C4F11A04E2B2CF
S21403AD28931DDBB2984080B2A84214D096F8F5304B
S21403AD38ABB9012096F8243060F3C71386F824309D
S21403AD484046E3F71BFFC6F82080B5823846BDE8C1
S21403AD58F0813A46EAE70020ECE72127F6E70E27D4
S21403AD68F4E7084600F02EB9F8B511F003060746CF
S21403AD780D46144621D102B313883F2B1DD9B3FAC7
S21403AD8883F3C3F11901C9B2062901D8192B12D0C6
S21403AD98062928BF062101238A1DD2B293402846D6
S21403ADA8238000F015F923883846FD617B82E3F794
S21403ADB8F5FF3046F8BD3146EDE72126F9E738B505
S21403ADC8148811F003054FEAC4041ED13F2C1CD97E
S21403ADD8B4FA84F4C4F11903DBB2052B01D8192C91
S21403ADE811D0052B28BF052301240633DBB204FA4A
S21403ADF803F3C3F3CF041480816104820387E3F764
S21403AE08CDFF284638BD2B46EEE72125F9E710B5D2
S21403AE18144608460121E5F7A5F92046BDE8104083
S21403AE280121E5F79FB9F8B504460E46174604F020
S21403AE38FAFE3A46054631462046E5F751FC0446EF
S21403AE48284604F0EBFE2046F8BD02207047032090
S21403AE587047E4F763BE10B50023E3F7AFFA04467A
S21403AE6808B9E6F733FC204610BD70B505460E460E
S21403AE78144600F0C9F83146284600F04CFA00F0AC
S21403AE88C3F8230744BF24F00804A4B2214628467F
S21403AE98E2F782FA00224FF400312846E7F7ACFAC5
S21403AEA8002070BD8021E7F7BBBA7FB5531C05AAFF
S21403AEB8ADF81410029202210022DBB2CDE900217C
S21403AEC81146E7F7B7FA07B05DF804FB7FB5531CDE
S21403AED805AAADF81410029204210222DBB2CDE9CA
S21403AEE8002100220121E7F7A5FA07B05DF804FB65
S21403AEF81FB5531C029100220821CDE90021012227
S21403AF08DBB21146E7F796FA05B05DF804FB10B511
S21403AF180446E2F73BFA01462046BDE81040E2F74E
S21403AF283BBA002914BF21200020704738B50546D0
S21403AF3810460C46E3F770FD65B1D5F8E0304BB123
S21403AF485B693BB12268013204BF6FF001022260DD
S21403AF5822681A60002038BD002070472DE9F74F95
S21403AF6801251C469DF830300646019303681746AC
S21403AF7803F0070306339D4005F1FF380B46A1B1DE
S21403AF88416804EA080BA5EB0B0A41F00059524541
S21403AF9809EB0B0114D952461846E1F791FB4946CB
S21403AFA87A1B5A445044E1F78BFB019B2BB13C4474
S21403AFB848EA050804EA0804F46003B0BDE8F08F1D
S21403AFC81846F0E74FF03A43022298615A637047EF
S21403AFD84FF03A4301225A6740F6FF72D964186560
S21403AFE81A67704737B5002514460095FFF7B6FF6E
S21403AFF8204603B030BDE3F781BB0020704700202E
S21403B0087047002070477047704710F0FD0F14BF55
S21403B0184FF0FF300020C0B2704770470020002171
S21403B028704708B5E4F7CCFEBDE80840E4F7F0BE81
S21403B03838B50446FFF7F5FF0546FFF7F2FF431B4F
S21403B048A342FAD338BD38B50D460446E4F7B8FE2E
S21403B05835B1844200D90139204601F0030138BDD1
S21403B068844238BF0131F7E708B50121FFF7EBFF44
S21403B078BDE80840E4F7CCBE08B521B19200E1F775
S21403B0881FFB002008BD2120FCE700F06F43B3F147
S21403B098804F02D0B3F1204F02D120F070407047A2
S21403B0A800F06043B3F1204F08BF20F0805070478C
S21403B0B80B0C23F48053B3F5284FF7B50D468FB220
S21403B0C8064699B216D04AF60103994214D04AF6B0
S21403B0D80203994212D0B1F5204F14BF0424032467
S21403B0E8D6F8E0300BB1196851B9D6F8DC3093B905
S21403B0F828680EE00024F3E70124F1E70224EFE7CB
S21403B108234668463A46E4F7F7FEDDE90003002BD4
S21403B118EBD103B0F0BD19680029E9D02346684689
S21403B1283A46E4F7E9FEDDE90003002BE0D1F0E751
S21403B1380204C0F3891307D56FEA83536FEA935360
S21403B14813F5007F18B206D0A3F1C8006FF4FF7397
S21403B1589842B8BF184670474FF0384359699A69FA
S21403B16803F500530A405A6170470E207047E6F706
S21403B178BDBCE6F7BBBCE6F7B9BCE6F7B7BC08B593
S21403B1880846E7F7A5F808BDE6F7B0BC02207047FF
S21403B1980220704700207047012070470020704740
S21403B1A80E20704700207047E3F710BB0846114689
S21403B1B8012200F086B870B505460C4611461A46B5
S21403B1C8E7F7BCF906682B462046B446BDE8704048
S21403B1D8604710B5E7F7B2F9BDE81040836818472B
S21403B1E8FFF739BEE3F7FCB9FFF79CBBE2F7FABEF5
S21403B1F870B504460D4616464FF4881100F0F4F869
S21403B208324629462046BDE87040E3F715BC70472A
S21403B218431E012B03D9031F584258417047012088
S21403B2287047FFF7EABE4FF4D4720021E1F7B8B8C7
S21403B23870B50446E2F76EFF0546A8B9A169F1B1F1
S21403B248238AD3B1204604F11002FFF7B8FD38BBB2
S21403B258E16919B3638AA3B1204604F11202FFF722
S21403B26883FD78B1054603E00023A3612361E36108
S21403B278002328466361236270BDA061E8E7208245
S21403B288E6E7E361216A0029F2D0A28A002AEFD012
S21403B2982046E38ABDE87040FFF722BD6182F1E7E6
S21403B2A86582E561DEE711B9D0F8DC1021B1CB6819
S21403B2B813B18B68D88970474FF6FF707047E2F76B
S21403B2C84BB810B50C461146E2F76CF8E3F77EFA6E
S21403B2D8012801D1002010BD002CF7D10520FAE77C
S21403B2E8FFF786BCFFF79ABC70B500232425D0F871
S21403B2F8DC00C4689C4201D1212070BD826805FB2E
S21403B3080322D6898E4202D8128A8A4201D2013390
S21403B318F0E70020F1E7F8B506460D46E7F770F9BB
S21403B328D8B94FF6FF734FF0240CEF68C1B28F42BB
S21403B33808D81C4621463046E7F7FCFAFFF763FEB3
S21403B3482046F8BDAA680CFB0122D4899C4202D287
S21403B358002CEFD023460130E8E70024F0E7808D81
S21403B36870470A7838B505461046FFF751FF60B1AF
S21403B3784C782046FFF74CFF38B12243530704D4D2
S21403B3882846BDE83840E2F745BA212038BD10B54F
S21403B39804460878FFF73CFF58B14A781046FFF78B
S21403B3A837FF30B1042A04D02046BDE81040E2F740
S21403B3B84FBA212010BDFFF79FBBE2F775BD38B51E
S21403B3C805460C4604F02FFCD5F88C301C40D5F8FF
S21403B3D888302343C5F8883004F020FC211E18BFA4
S21403B3E801210020490238BD38B504460D4604F04D
S21403B3F81AFCD4F88C301D40D4F8883023EA0505A7
S21403B408C4F8885004F00AFC284638BD38B5044604
S21403B4180D464FF48811FFF7E7FF29462046BDE897
S21403B4283840E3F729BB73B50D7806460C4635B3A3
S21403B43804238DF804302379304601A98DF80530A6
S21403B448FFF7A5FF0546B8B92278A37952BB8DF84E
S21403B4580430E379304601A98DF80530FFF781FFFC
S21403B468054648B923783BB161883046E2F7DEFBE8
S21403B47801213046FFF7FFFB284602B070BD294678
S21403B488FFF7F9FB29463046FFF716FC29463046F0
S21403B498FFF71AFC2378002BCAD123798DF80430DA
S21403B4A86379C9E702228DF80420D3E7FFF704BCC3
S21403B4B8FFF712BC00207047704710B50446E7F73D
S21403B4C8C9FA21460020E8F727F9BDE8104000200E
S21403B4D800F03EB970470120704708B5E8F74AFF01
S21403B4E880F00100C0B208BD4FF0FF30FFF7C1BAC5
S21403B4F870470020704710B50C4604F0AFF8048078
S21403B50810BD38B50C46154604F0A8F803881DB1D7
S21403B5181C43A1B2018038BD23EA040189B2F9E7C6
S21403B52808B504F09BF8008808BD08B504F096F83B
S21403B538C07808BD08B504F091F8008800F00C0040
S21403B54808BD08B504F08AF8008800F00C00031F4D
S21403B5585842584108BD38B5054604F07FF80446F6
S21403B5682846FFF7EEFF30B904F1100004F0CAFCD2
S21403B57800F4406038BD4FF40060FBE738B5054675
S21403B58804F06CF804462846FFF7DBFF014648B983
S21403B59810342046042203F0A1FF2044BDE83840B7
S21403B5A804F0B0BCA08838BD10B50C4604F056F8B5
S21403B5B8848010BD38B5054604F050F8044628467E
S21403B5C8FFF7BFFF014608B1201D38BD103404221B
S21403B5D8204603F083FF2044F7E738B5054604F012
S21403B5E83DF804462846FFF7ACFF30B904F11000CF
S21403B5F804F088FC00F4404038BD4FF40060FBE7D5
S21403B60838B5054604F02AF804462846FFF799FF96
S21403B618014648B910342046062203F05FFF20444B
S21403B628BDE8384004F06EBCA08838BD38B505467A
S21403B63804F014F804462846FFF783FF014608B1CA
S21403B648201D38BD10340622204603F047FF204449
S21403B658F7E708B504F002F8007A08BD08B503F062
S21403B668FDFF90F9090008BD08B503F0F7FF807AD7
S21403B67808BD08B503F0F2FFC06808BD10B50C4650
S21403B68803F0ECFF047210BD10B50C4603F0E6FF9A
S21403B698447210BD10B50C4603F0E0FFC46010BD3D
S21403B6A82DE9F8430F468046002107F11000164699
S21403B6B8994604F047F80446D0B103F0CFFF054691
S21403B6C8204603F0E7FF002102462846E0F768FE17
S21403B6D800232046AB7049F00401FFF70CFFA5F8DA
S21403B6E804802EB13A46314605F11000E0F7E8FF2C
S21403B6F82046BDE8F883F8B505460F461020002116
S21403B70804F020F80446B0B103F0A8FF0646204626
S21403B71803F0C0FF002102463046E0F741FE00234F
S21403B72839462046B370FFF7E6FE25B12A460121BF
S21403B738204603F0DFFF2046F8BD08B503F08EFF6A
S21403B748103008BD08B503F0A5FF1038C0B208BD11
S21403B7580020E7F709BF08B5E8F764F9002008BD35
S21403B7684088C0F30C00033080084000043070475C
S21403B77870B50E4605461146304603F0E3FF044609
S21403B78835B128B103F06AFF32462946E0F75AFE78
S21403B798204670BD0088B0FA80F04009704738B577
S21403B7A805880022044604F01BFC05B1258038BD35
S21403B7B8F8B507460D4600880021164603F086FFAF
S21403B7C8B042044605D129463846BDE8F840FFF797
S21403B7D8E6BF0021204603F079FFB04205D0204695
S21403B7E8002103F073FF0446F3E72A4620460021A8
S21403B7F803F080FF32462846BDE8F840002103F0F0
S21403B80879BF38B5044638B1002104F0E3FB0023BA
S21403B81801465D1C09B998B238BD204604F0FEFB04
S21403B8282B460146F5E7F8B5058807467DB1CCB241
S21403B8382146284603F04AFF8542064609D10023D7
S21403B8483B8000222146304603F054FF35462846FF
S21403B858F8BD214603F03AFF21460246284603F080
S21403B86849FFEEE72DE9F0470788824688461446DF
S21403B8785FB3384603F00EFF3D460646E4B221465C
S21403B888284603F023FF4045814616D1214603F098
S21403B8981DFF21460246284603F02CFF474504D1E0
S21403B8A8454508BF0025AAF8005000222146404611
S21403B8B803F020FF3046BDE8F0878742FAD003F04E
S21403B8C8E9FE30444D4686B2D9E73E46F2E7002203
S21403B8D80123C0E900237047F8B50446012700266C
S21403B8E804F0AEF923683BB904F0A5F900226368AF
S21403B8F8012B0ED16360F8BD1D691F61266004F035
S21403B9089AF9012DF2D02B462D691E61012DFAD125
S21403B918E6E719691A610B46EAE7036823B940683C
S21403B928012803D0E8F7C6BD002070474FF0FF3064
S21403B9387047F8B5054604F000FA012306460027C3
S21403B948A8602B7304F07CF92B6802467BB11C694C
S21403B9582169A1420CBF2F6019612761104604F0C4
S21403B9686AF9012C08D0204663689847EAE76C68AA
S21403B978012C04D104F05FF900232B73F8BD616929
S21403B988711AB1F1004FF5D8216969602361E5E7BB
S21403B9987047022070470220704700207047014412
S21403B9A8884201D10120704710F8013B9342F7D033
S21403B9B8002070470821FDF789BE70B50146064684
S21403B9C892B00020E7F772FA044670B9FDF779FEDD
S21403B9D8054601466A462046E7F7BCFD6A462946F9
S21403B9E820468DF80260E8F76BF8204612B070BD63
S21403B9F800B593B0FDF765FE6A4601460020E7F7F3
S21403BA08A9FD9DF9020013B05DF804FB00B593B0D9
S21403BA18FDF757FE6A4601460020E7F79BFD9DF8AB
S21403BA28000013B05DF804FBE7F758BD0120704724
S21403BA387FB54FF6FF7101AAE9F718F820B1BDF8EC
S21403BA480C0007B05DF804FB4FF6FF70F9E708B57E
S21403BA5804F023FB003818BF012008BD08B51046BC
S21403BA68EAF7D8F8BDE80840EAF792B9704770478E
S21403BA7870477047704770477047002100B593B00A
S21403BA886A460846E7F766FDBDF8060013B05DF894
S21403BA9804FB002110B592B004466A460846E7F749
S21403BAA859FD00216A460846ADF80640E8F708F847
S21403BAB812B010BD002100B593B06A460846E7F7F2
S21403BAC849FDBDF8040013B05DF804FB002110B56A
S21403BAD892B004466A460846E7F73CFD00216A46E4
S21403BAE80846ADF80440E7F7EBFF12B010BD704701
S21403BAF873B50646E9F7E0FA04463046ECF75EFA0D
S21403BB082246034600213046F8F778F80546D0B1B2
S21403BB18FFF713FE0446284603F0A0FD0023E21DA4
S21403BB28121A294608200093D2B2FBF774FD01388F
S21403BB38C0B2012807D801222946304602B0BDE81C
S21403BB487040E9F7EFBA02B070BD134610B50A465F
S21403BB5800210446F8F72CF8014628B12046BDE82C
S21403BB6810400222E9F7DEBA012010BD07B500939C
S21403BB7813460A460021F7F795FF28B1002103B0BC
S21403BB885DF804EBF5F740BD012003B05DF804FB50
S21403BB982DE9F04F87B00C4691460746FFF7CAFCD7
S21403BBA80546661C304604F0ADF9042D40F0908037
S21403BBB83846FFF7C2FD0378092203F00303012B77
S21403BBC814BF0223032301212046039303F086FCB4
S21403BBD8092200210546204603F080FC21788DF8CB
S21403BBE8170001390022204689B2FFF7C1FD04EB8E
S21403BBF809088346F0B14FF0010A2A460146CDF8F4
S21403BC0800A003980DF11703FBF705FD0228054668
S21403BC1826D1584603F03EFD00222070C0B2431ECC
S21403BC2800929BB252465946304604F070FA23787F
S21403BC38534423703846FFF773FC020424D498F859
S21403BC48013021789B071FD50139A1EB09013A4634
S21403BC584046C9B2EDF7CEFF23781844207013E0A8
S21403BC6820B92070284607B0BDE8F08F032809D10D
S21403BC78404604F047F920F4007189B2404604F0C0
S21403BC8843F9D7E70428D5D1012500222046217891
S21403BC98FFF76EFD07460028E4D04FF0000801467C
S21403BCA8434601224046CDF80080FBF7B4FC022841
S21403BCB819D1384603F0EEFCC2B2013A207093B2AB
S21403BCC8394601223046CDF8008004F020FAC9E749
S21403BCD880F0800520F0800081B23046C5F3C01599
S21403BCE804F012F9D1E70028BCD12070BAE708B5EA
S21403BCF80020FFF7F2FB80F00100C0B208BD0A4639
S21403BD0808B501460020E9F70DFAB0FA80F04009B5
S21403BD1808BD0020E8F708B800210846E7F7ACBCDA
S21403BD280020FFF7D8BB70B5044604F0EBF80422EE
S21403BD3800210646204603F0D1FB204404F0E2F82F
S21403BD48032205460021204603F0C8FB204404F0DE
S21403BD58D9F84FF6FF730540ADB29D4214D1F307E9
S21403BD6812D506220021204603F0B8FB204404F02F
S21403BD78C9F80446E9F748FA844214BF022406249D
S21403BD88E9F73CFA204070BD2046FBF75DFEC40089
S21403BD98E4B2F5E708B5FFF7C6FF003818BF012079
S21403BDA808BD0120704710B50446FEF798F908B990
S21403BDB8FEF797F903050FD40C231B2B01D100209C
S21403BDC809E020FA03F1C90703F1010206D5DBB23D
S21403BDD8E31A5842584110BD0B23F9E71346ECE71C
S21403BDE810B50C46098819B90846F7F7C1FE20802E
S21403BDF8012010BD08B510461A4600F0B8FABDE88B
S21403BE08084004F01DB870B504460D46164692B0B1
S21403BE186A46E7F79FFB6A46294620468DF81F6061
S21403BE28E7F74EFE12B070BD10B50C46E9F7C8FD2D
S21403BE382046BDE81040E9F7D9BC0129F8B5054600
S21403BE480C461DD003291ED0052920D0072922D049
S21403BE580026002400270120E7F7C0FA304485426D
S21403BE681DDA0320E7F7BAFA2044854219DA0520D3
S21403BE78E7F7B4FA38448542B4BF07200520F8BD6F
S21403BE886FF00406E5E76FF004040526E2E70026EC
S21403BE986FF00407DFE7002405272646DBE70120C3
S21403BEA8EDE70320EBE738B5054600242046E7F719
S21403BEB895FA0134A842E4B202D9062CF6D107242F
S21403BEC8204638BD38B14379490023F00C0301F006
S21403BED80C010B434371704710B5044678B141799A
S21403BEE84088490801F006010131000AFFF7A5FF5B
S21403BEF8024601462046FFF7E5FF104610BD072217
S21403BF08FBE738B50D46E9F749FD044608B90020AE
S21403BF1838BDFFF7E1FF002DFAD1237913F00703A5
S21403BF28F5D0984238BF1846C0B2F1E7037923F034
S21403BF380703194301717047037903F00F0343EAB4
S21403BF480113037170470022EAF7CCB800210122D7
S21403BF5808B5EAF7C7F8401A18BF012008BD38B570
S21403BF681546FFF7F0FF0446284604F0ACF884B1FC
S21403BF78FF2804D0626822FA00F3DB0701D5012004
S21403BF8838BD0123834013436360E3780133E370CA
S21403BF98F5E72046F4E7EAF70FBB10B503F05EFBB8
S21403BFA800F11004204603F0ADFF20F4007189B2B7
S21403BFB82046BDE8104003F0A7BF2DE9FF4115460C
S21403BFC8019101218DF80D301B0A8DF80E309DF86E
S21403BFD82C308DF80C008DF80F302846042300917A
S21403BFE803AA9DF828809DF830709DF8346001F008
S21403BFF8D8FC044670B12946FFF7D6FAB8F1000F05
S21403C00802D12046FFF7C9FF2FB146B9314620466D
S21403C018F5F7FAFA0024204604B0BDE8F0810022BA
S21403C02820461146EAF74EFAF4E74FF47A70EAF731
S21403C038A3BBF0B5064687B010461C460F46154602
S21403C048FFF77BFB9DF83030184443789CB1617842
S21403C058012211F0020F0CBF032100210020CDE9B5
S21403C0680142CDE903100722394630460095EAF720
S21403C0781FFC07B0F0BD22462146EFE708B5E8F7F0
S21403C0882DFABDE808400020EAF74EBE00B58BB08F
S21403C0986846EAF74DFB009BBDF8060004A906931D
S21403C0A8EAF7ECFA0BB05DF804FB1FB504466846DE
S21403C0B8EAF73EFB02AB03CB2060616004B010BD19
S21403C0C81FB5062304468DF80C30EAF7BDFF002398
S21403C0D88DF80D00CDE9003301210223204603AA7B
S21403C0E801F05FFC04B010BD70B50C460546012090
S21403C0F8EBF79EFE237B4BB1FFF7BFFC01462346B7
S21403C1082A46BDE870400120EBF74CBA4FF6FE719D
S21403C118F5E7F8B50E460746FFF70FFB054603F0A7
S21403C128F1FE00F44040B0F5404F14BF002206224B
S21403C13802F10A03EB5C0B325C0004F00E045B08A6
S21403C148144403F0380338461C44FFF7FBFA8442CA
S21403C15808D2001BC2B20F2A28BF0F22304629195D
S21403C168E0F7AEFA2046F8BD40F62740ECF792BD56
S21403C17813B5F5F7EBFC6946044600F0E1FF58B142
S21403C188FFF77BFC40B1E8F79DFA28B100230222AB
S21403C19869462046F3F79AF802B010BDFF224FF619
S21403C1A8FF71ECF7C3BF07B500210DF10700EDF7E4
S21403C1B84BF99DF8070003B05DF804FB13B5044676
S21403C1C801A90020EDF740F9019A01462046EDF74C
S21403C1D851F9204602B010BDF0B50F46002187B0CE
S21403C1E8044608461646EDF72FF9012305460DF1D2
S21403C1F80A008DF808408DF80930FFF756FF092C1A
S21403C2081DD131460DF1120003F07EFE05AB002169
S21403C21802AA9B1A2846CDE90011DBB2642101F075
S21403C228C0FB0546E0B1092C15D1EDF76DF90446B8
S21403C23888B12846EDF77CF9204607B0F0BD3146AD
S21403C2480DF113008DF812704FF6FF7503F05CFEC0
S21403C2580DF11503DBE7284600F02EF80446EBE756
S21403C2680446E9E77FB50D461646ADF80E0003F01B
S21403C27811FA841BE4B2BDF80E20631B9BB210466A
S21403C28829460093731901F0C0FA21460DF10E00F2
S21403C29801F093FA04B070BD38B504460D4603F0B2
S21403C2A82FFF40B1AC4206D0204603F0F7FBBDE8AB
S21403C2B8384000F0DBBF38BD10B50446FFF73DFA3B
S21403C2C8023003F01FFE4FF6F7739842204603D951
S21403C2D8BDE81040EDF7AEBAEDF7F8FAB0FA80F01D
S21403C2E8400910BD0022EDF7C9B970B50546FFF73A
S21403C2F824FA0646284601F078FB01462846F8F74E
S21403C308E9F804462846FFF739F94FF6F7739842D3
S21403C31808D8337803F00303012B05D1A31E58422C
S21403C328584170BD0120FCE70020FAE741F20333C9
S21403C33830B585B00D46ADF808300446FFF79DFBCB
S21403C3488DF80A00FFF799FB0021000A8DF80B0009
S21403C35805232046CDE9001102AA8DF80C5001F0FA
S21403C36820FB10B12146FFF7BDFF05B030BD2DE910
S21403C378F041044617460D46E1B13F294FF0000643
S21403C38800D135462046FFF7D5F8082814D10121F1
S21403C398204603F09BF9064603F07CF9044630462C
S21403C3A803F05CF93B4601462A46E0B2BDE8F04195
S21403C3B8FDF73EBA0126E5E72046FFF7BBF8024637
S21403C3C830B9BDE8F0414FF6FF71012003F063BDB5
S21403C3D82046FFF7C0F8B0F5006F0ED12046FFF7EA
S21403C3E8CDF84FF6FF739842014617D0002D0CBFC1
S21403C3F803200520002203F04EFD29462046EAF7CF
S21403C40819F968B929462046EEF7F4FE40B93246CC
S21403C41829462046BDE8F041EDF714BD0120E9E7BB
S21403C428BDE8F08137B54FF6F675FDF74DF9431EAF
S21403C4389BB2AB420446F8D8E9F7B0FA0028F4D121
S21403C44869462046E8F79EFD0028EED0204600F011
S21403C458DCFF0028E9D12046FFF778FD0028E4D161
S21403C4682046EEF73BFF0028DFD1204603F048FEC0
S21403C4780028DAD12046FDF73DF90028D5D1204615
S21403C48803B030BD73B504460E46EEF727FF0546E0
S21403C49888B92046EEF77CFF21462B460D224FF639
S21403C4A8FD70009500F056F83146204602B0BDE808
S21403C4B87040EEF72FBF02B070BD37B50546144679
S21403C4C80C2914D8DFE801F02C132C1313130713C5
S21403C4D81313132424006946E8F754FD18B90121F9
S21403C4E86846F3F7D5FA41202946F8F799FCD4B1FC
S21403C4F82046FFF722F9023003F004FD4FF6F773E0
S21403C508984210D9204603B0BDE83040EDF7AABBE1
S21403C51840F6144040F613430B2908BF1846E3E7D2
S21403C528F6F7A0FEE3E703B030BD1FB5034608469B
S21403C53803218DF80D308DF80C1001230021ADF87A
S21403C5480E20CDE9003103AA042301F02AFA05B028
S21403C5585DF804FB2DE9F34106460F4614461D46CF
S21403C5689DF82080FFF789FAB04207D100222146BA
S21403C578384602B0BDE8F041FFF79FBF3A4631465A
S21403C5882046FFF7D2FFADF8060060B10D2C05D1A3
S21403C59800224FF6FF71282003F07DFC35B9BDF85D
S21403C5A80600FFF789FE02B0BDE8F0810123424684
S21403C5B829460DF10600E7F7E5FEBDF80630002B21
S21403C5C8EDD1F0E7F7B50C460546FFF7B6F8611C5C
S21403C5D806462846F7F77EFFA11C0746284601F0BD
S21403C5E827F9014604463846FDF7BAF80D2F34D125
S21403C5F82046EEF773FE78B1301D03F083FC04463D
S21403C6082846F679FEF7FCFF31460246204603B075
S21403C618BDE8F040FFF7A3BCB01C03F073FC4FF66D
S21403C628F773984202D92846EDF71CFB2046EEF727
S21403C638AFFEFFF722FAA04205D1002003B0BDE8FB
S21403C648F040EEF7E9BE6B46B068F16803C3694687
S21403C6582046EEF75FFE03B0F0BD2A46394620466D
S21403C66803B0BDE8F040FFF728BF14220021DFF728
S21403C67897BE2DE9F04F11F00F0704460E461546F0
S21403C6888FB05CD10120DDF7DDF909A8FDF778F94D
S21403C698092309A88DF82430FDF776F909A8DDF7EC
S21403C6A8A3F901A909A8FDF700FB26F00F08A8447B
S21403C6B804F1100904F10F0A454511D1236901A9AC
S21403C6C83344236109A8FDF7D5FA0020DDF7BAF944
S21403C6D8B6F1005F28BF272738460FB0BDE8F08FAE
S21403C6E805AA234696469446186859680833ACE85C
S21403C6F803004B456246F6D12B46224605F1100B3E
S21403C70853F8041B5B4542F8041BF9D1714609A884
S21403C718FDF7B0FA09A8DDF767F922462146012096
S21403C728DDF74CF9013D631E13F8012F15F8011FB9
S21403C738534582EA01021A70F6D15D46BCE7022722
S21403C748CAE7F0B5174685B005460C461022002101
S21403C7586846DFF725FEBFB3C4B30F2C04F00F06F5
S21403C76808D924F00F043A4621462846FFF781FFE6
S21403C77840BB2744324639466846DFF7A1FF802286
S21403C7882F6906F1100337446B44B7F5005F03F8C7
S21403C798102C2F61C6F110061AD3062E1FDDFB00D8
S21403C7A81A0E8DF80A201A0C5BBA8DF80B20ADF812
S21403C7B80C306A4610212846FFF75BFF00202B69DA
S21403C7C8103B2B6105B0F0BD3E46D8E72646D6E7B4
S21403C7D8022E04DDFB005BBAADF80E30E9E76A46C5
S21403C7E810212846FFF745FF2B691022A3F11004F2
S21403C7F8002168462C61DFF7D3FDB7F5005F4FEAE3
S21403C808C403CDD2E7E770B50E46054686B001A841
S21403C8181446FFF72AFF3246294601A8FFF791FF79
S21403C8282246054601AB05AE1C4603CCB44210604F
S21403C8385160234602F10802F6D1284606B070BDB9
S21403C848EEF788BE0A460021EEF784BEF0B58BB035
S21403C8580C4601A9EEF77EFE054680B32522002185
S21403C868E01CDFF79DFD0123A3700E23BDF81070AF
S21403C8782380FA0510D523464FF4877206AE23F8AD
S21403C888042B0DF1280C324603CA6245186059601A
S21403C898164603F10803F6D13B0605D5238843F06D
S21403C8A880032380069B636001AB03CB039BC4F81A
S21403C8B81D00C4F82110A361F0F758F960612846F3
S21403C8C80BB0F0BD30B505460C4687B001A8FDF79A
S21403C8D857F82868696802AB03C39DF8113043F01C
S21403C8E802028DF8112074B12288510644BF43F022
S21403C8F806038DF81130530542BF9DF8113043F0F7
S21403C90808038DF8113001A8FDF735F9B0FA80F061
S21403C918400907B030BD70B58AB00D46002201A99C
S21403C9280446EEF717FE88B1204604A9FFF7CAFFA8
S21403C93860B1BDF81060FFF7A0F838B9720601D5E4
S21403C948730503D529462046FCF776FF0AB070BD63
S21403C9582DE9F3410F460546164602F09BFE4FF0B7
S21403C9680008C41BE4B2294623463A463046CDF8A7
S21403C978008003F0CCFB0121284602F0A7FE88B10D
S21403C9880121284602F0A2FE074602F083FE05466A
S21403C998C3B2424630193946CDF8008003F0B7FBD8
S21403C9A82544ECB2204602B0BDE8F0812DE9F04FED
S21403C9B885B00C46054691461F464FF0010ADDF83A
S21403C9C838809DF83CB002F065FE22463B46294671
S21403C9D80646CDF800A0484603F099FB514628467C
S21403C9E802F074FE3C4418B35146284602F06EFE25
S21403C9F8F6B2B442814610DAE7B2F31BDBB240461E
S21403CA0822462946CDF800A003935F4403F07FFB34
S21403CA18039BBF1B984407F0FF0B012300220E93CA
S21403CA2849465B46404605B0BDE8F04F03F06FBB8A
S21403CA385B4622462946CDF838A0F3E72DE9F041B0
S21403CA48002686B0074608460C4615469846CDE99E
S21403CA58026604968DF8146002F01CFE411BCBB2E6
S21403CA680D2B28BF0D232A462146009602A803F05D
S21403CA784EFB424602A93846EEF7E6FF0646294627
S21403CA8820469DF80820F7F739FD304606B0BDE87E
S21403CA98F0812DE9F04F0E46CBB001210546174627
S21403CAA81C4602F013FE23463A462946814606A844
S21403CAB8FFF7C4FF0DF1280A00EB070B5246314671
S21403CAC828465FFA8BFBFFF743FFB34503D20020E4
S21403CAD84BB0BDE8F08FABEB06085FFA88F808F1B1
S21403CAE804039842F3DB331F18440423C4B20193A8
S21403CAF8A31BDBB20093524643460021CDF808A099
S21403CB0806A8DCF70FFF0028E1D1A4EB0B040AEB19
S21403CB180803E4B252462846314600930194434636
S21403CB28FFF744FF39462846F7F7D4FC394600F0A2
S21403CB38F8022846F7F7E2FC0121284602F0C6FD6C
S21403CB48002818BF4D462846ADF8165002F0A2FD39
S21403CB58011FC9B20DF1160000F02FFE0120B7E73A
S21403CB682DE9D841064600F040FF411C044689B229
S21403CB78304600F00DFF98B394B321463046F7F7D6
S21403CB88A9FC00F00C03042B074629D000F0030881
S21403CB98B8F1020F00D11BBB384600F0AFFF3B06C7
S21403CBA80444A4B216D5611C304689B200F0F0FEE0
S21403CBB8B0B121463046F7F78DFCB8F1010F0146B0
S21403CBC800F003030CD0032B0AD0384600F0A5FF69
S21403CBD803199CB221463046BDE8D84100F0D8BEBA
S21403CBE80020BDE8D881F8B5064600F0C0FE054625
S21403CBF804463046FEF7A1FD43785B0718D5AC1C00
S21403CC08A4B22146304600F0C3FEB8B129463046E2
S21403CC18F7F760FC0746691C304689B2F7F75AFCF3
S21403CC281FB1874201D8FF2808D104EB4704A4B2F2
S21403CC3821463046BDE8F84000F0AABE0020F8BDFD
S21403CC4813B5044601A8EFF757F9BDF80430DA0719
S21403CC5810D49B0707D410220021204602B0BDE853
S21403CC681040DFF79DBB224621461020FFF7CBFD79
S21403CC780028F0D102B010BD024608B5EFF764F9F4
S21403CC88510544BF0838C0B2130544BF0838C0B2BC
S21403CC9808BDF0B5D30705460C468BB04AD50088C1
S21403CCA800F0A3FE00230646029314B9CDE9034415
S21403CCB803AC002208212046FEF771FEA8B1288897
S21403CCC8FEF73BFD023003F01DF921460746E8F759
S21403CCD859F950B1002240231146384600F01DFA90
S21403CCE840F6094528460BB0F0BD31462888F7F7C5
S21403CCF8F1FB10F0030F0CBF01260026EEF76EFCBF
S21403CD0846EA4000C0B200900021204602AB05AABE
S21403CD18F0F784FB0546EEF761FC0028E2D0002D09
S21403CD28E0D000212046009602AB05AAF0F776FB72
S21403CD380546D7E740F60A45D4E700231A46F0F730
S21403CD48C7BA30B58BB005AD04462846FCF718FEBF
S21403CD580223284601A98DF81430FCF7A6FF2346BC
S21403CD6801AA144603CCAC4218605960224603F164
S21403CD780803F6D10BB030BD08B5002302461946A2
S21403CD881846F0F7A5FA012008BD37B504466846E5
S21403CD98F0F716FB054648B1082221466846DFF732
S21403CDA84BFEB0FA80F0400903B030BDFF220821DD
S21403CDB82046FEF7F4FD034628B106212846FFF76A
S21403CDC8BCFF0120F0E722460146F0F781FAF8E7B0
S21403CDD807B56846F0F7F4FA10B16846FDF7E3F8C6
S21403CDE800F0010003B05DF804FB0120F1F722B858
S21403CDF8704737B504460846FEF7DCFB0546FEF7DC
S21403CE083CFE00230146009322462B460120F6F7F4
S21403CE184DFB03B030BD30B50124054689B003A8E1
S21403CE28FCF7AEFD01A88DF80C40DCF73BFE9DF839
S21403CE3806209DF80730AA4209D0AB4209D103A8B9
S21403CE488DF80D40DCF7D0FD012009B030BD002475
S21403CE58F5E70020F9E700221021FEF7A0BD7FB50D
S21403CE680D4600F582300D22694600F58070D0F72E
S21403CE78FFFF6B462A4602AE1C4603CCB44210603C
S21403CE885160234602F10802F6D120681060237920
S21403CE98137100236B7304B070BDF0B585B06A4692
S21403CEA805460B46164601F10807144618685968DE
S21403CEB8083303C4BB422246F7D118680D22206004
S21403CEC81B7905F582303146237100F58070D0F75B
S21403CED8FBFF05B0F0BD38B504460D46DCF7A6F8EB
S21403CEE8A04205D920462946FFF7B9FF002038BDDA
S21403CEF82820FCE730B5002485B08DF80040DCF721
S21403CF0895F8E5B2A84204D8F2F726FC002005B047
S21403CF1830BD69462846FFF7C0FF0134EFE738B54A
S21403CF280446002002F08AFDFF2805460FD002F0CB
S21403CF380DFE10F0010009D0284602F007FE40084F
S21403CF4840EAC17080F0010000F0010038BD04F02B
S21403CF580100FBE70146F8B506460020F2F736FB64
S21403CF68FF2801D00120F8BDDCF750F80024054659
S21403CF78871CDCF74FF8E3B2984201D80020F2E7A3
S21403CF8835F82430B34203D117F82430002BE9D1FF
S21403CF980134EEE738B50D460121044602F096FB48
S21403CFA830B10121204602F091FB2880012038BDCC
S21403CFB820462C8000F00EFE0130C0B2F7E72DE9BC
S21403CFC8F04788B00746894610460DF10A011D4604
S21403CFD89046FFF7DFFF4FF0000ABDF80A600446E5
S21403CFE83046CDE905AACDF81BA002F053FB031B78
S21403CFF8DBB20B2B28BF0B2322463146CDF800A005
S21403D00805A803F084F848F21F039D4243D00BD8C3
S21403D01885F40043012B15D923464246494628463C
S21403D0280097FDF713F833E048F23A039D42F3D12D
S21403D038FEF723FDB8422BD02246414605A8FDF746
S21403D0483AF825E09DF8143013BBBDF81D40DDF80B
S21403D0581500DDF8191003AB03C3204603A9DCF754
S21403D06807FA0122204603A9EEF70AFAA74206465C
S21403D0780ED0012103A8F2F70BFD48F201039D42E7
S21403D08806D12EB9334632463946204600F046FEC8
S21403D09808B0BDE8F0879DF81450002DF8D12F4648
S21403D0A89DF815800234EAB24245F1D2D200D2B2D4
S21403D0B822440823314692B2009703A8CDE90377A2
S21403D0C803F025F803A8F4F771FD02F0E7FC00F077
S21403D0D8CDF80135E7E708B5E7F700FABDE80840F5
S21403D0E8F2F714BF10B50024418084800480C28000
S21403D0F8038110BD13B5BDF81040CDE900340023F5
S21403D108F3F76CF802B010BD13B5BDF810400190E4
S21403D1180094F3F763F802B010BD07B50093012334
S21403D128FFF7F2FF03B05DF804FB0123F3F7FCB83F
S21403D1380121F4F769BA01464FF6FF70F4F78CB984
S21403D14810B50C4602F0AAFCFF2808D0F4F716FD23
S21403D15820B10368236043680120636010BD002084
S21403D168FCE710B50446FEF7F6F9B0F5006F20465F
S21403D17805D1FEF703FABDE8104002F08FBCFEF7B0
S21403D18819FABDE8104002F0B7BF08B502F086FCEE
S21403D198FF280CD002F0DAFC10F0010309D040088F
S21403D1A840EAC17080F0010000F0010008BD0020CD
S21403D1B8FCE71846FAE71FB500F582300B2201A9EB
S21403D1C800F5C070D0F754FE9DF80E0005B05DF864
S21403D1D804FB30B589B001F0010503A90446F5F749
S21403D1E8EFF89DB190B9204602F0B0FC10F00101AB
S21403D1F809D0204602F0AAFC430843EAC17383F029
S21403D208010303F0010103A8F2F742FC2046F6F7F0
S21403D2186FF89DF81430294600932046BDF816206B
S21403D22803ABFCF781FA09B030BD7FB50C4605465B
S21403D238F4F78CFCA04217D04FF6F7739C4213D82A
S21403D24805F5823606F5C0760B2201A93046D0F7D7
S21403D2580FFE01A90B223046ADF80C40D0F734FE7A
S21403D26821462846F4F7C4FC04B070BD10B504463E
S21403D278DBF7E2FEA0420FD92046F4F767FC4FF629
S21403D288FF73984208D020460021FFF7A2FF2046E6
S21403D298BDE81040F5F7EEB810BD10B50446FEF726
S21403D2A8ECFB0023024619462046BDE81040F5F776
S21403D2B83BBA2DE9F04114460F4605469846FEF755
S21403D2C83CFA0646043002F01DFE20802846FEF788
S21403D2D897F96080B379791CE372C9B22846F7F7E1
S21403D2E8F9F8B91CA072C9B22846F7F7F3F8FE1C7A
S21403D2F82072F6B2B8F1000F18D03146284600F06F
S21403D30897FA0537FEB23146A080284600F090FA11
S21403D318B11CE080C9B22846F7F7DCF86072217AB8
S21403D328A0880122BDE8F041F5F71EBF2088EAE78A
S21403D3382DE9F04186B090461E4604460D46FEF794
S21403D3489CFB4FF6F7739845074632D80523A04249
S21403D3588DF80C304FF0010214BF012300234FF061
S21403D368000118BF8DF80D30CDE9002114BFADF8C4
S21403D3780E008DF80D30284614BF0423022303AA93
S21403D38800F00FFB0546A0B1A7421AD0FEF7D5F961
S21403D398074621460430803E02F0B6FD2046FE715D
S21403D3A804A9FFF7CDFE40B9204604A9E7F7FEFA1D
S21403D3B818B9002006B0BDE8F081284604A900F095
S21403D3C87EFB41462846FEF78DFFF3E7037923F0F5
S21403D3D80303194301F03F010171704707B50DF1C7
S21403D3E80701F5F767FD03B05DF804FB08B5FFF71B
S21403D3F8F5FF18B1BDE80840F5F7ACBD08BD002237
S21403D4084FF6FF701146F5F7AFBE10B50446FFF7A3
S21403D418E5FF024638B901462046F5F7A5FE00386B
S21403D42818BF012010BD0120FCE7F8B517460446CF
S21403D4380E46FFF7D3FF0546386068B1037903F055
S21403D4480303337023B93A68137903F03F03137160
S21403D4583B685C882046F8BD01462046FEF751FD2A
S21403D468074628B1E8F7A8FC874201D83570F1E7E4
S21403D47831462046FCF7E4FD0028EBD003234FF69D
S21403D488FF743370E6E707B501AA0DF10301FFF74A
S21403D498CCFF9DF8033053B9019828B1037913F0EC
S21403D4A8300F14BF0120002003B05DF804FB0020F2
S21403D4B8FAE72DE9FF410646104688461546F4F76F
S21403D4C875FB0746FEF7D9FA044648BB4FF6FF73C3
S21403D4D89E4225D09F4206D00146384604B0BDE892
S21403D4E8F041EBF733BF07238DF804302B68024669
S21403D4F8CDF805306B68092101A8CDF80930FEF789
S21403D50837F9024618B9192004B0BDE8F08101239B
S21403D51841463046F1F784F90028F4D02046F3E76D
S21403D5280220F1E72DE9F04390460F4606464FF0F2
S21403D538010991B00BA803ADFCF722FA07AC2946FC
S21403D5480BA8ADF82C90FCF7B0FB95E80F0084E821
S21403D5580F004B46002239463046CDE90048F1F71E
S21403D5687BFA11B0BDE8F0832DE9F04F002785B0AC
S21403D57881460C467E2039469846BDF83CB09DF851
S21403D58844A0BDF84C500192ADF80E7002F0DAF8DC
S21403D5980646002800F0AA8002F060F839467E2284
S21403D5A8DEF7FEFE304602F059F80090304602F0E9
S21403D5B855F8B9F1FF0F0CBF274644F003073B0A9B
S21403D5C814F44062077043705FD14FF00808C31C19
S21403D5D8184642460199DEF735FF034604F44044ED
S21403D5E8434484B1790606D419464FEA1B2201F848
S21403D5F802BB5A700B46B4F5004F56D0A4F540420A
S21403D60854425441E400224618460E99DEF71AFFA0
S21403D618009A03462044A0EB02085FFA88F89DB1F7
S21403D6284FF47C521A53841C284602F017F8834694
S21403D638284602F02FF8C5B22A4659462046DFF791
S21403D6483FF860190235EDB2B9F1FF0F2FD05246F5
S21403D658109900F8019BDFF733F808F101015AFA2D
S21403D66881F129443046E6F723FE0C210022FF0009
S21403D67807F0800710463943FEF73DF8ADF80E006D
S21403D688E8B9002005B0BDE8F08FB2F5006F80F862
S21403D69803804FEA182880F8048000F1050314BFB6
S21403D6A84FF008084FF0020892E70224ABE708EBAE
S21403D6B80A0129443046E6F7FBFD0821D6E730463B
S21403D6C801F0CCFF0446304601F0E4FF012302468E
S21403D6D821460DF10E00E6F755FE0028D1D10121AB
S21403D6E8BDF84820BDF80E0002F004F8BDF80E0099
S21403D6F8C8E710B50C46098821B90846F6F738FA7C
S21403D708208008B1012010BD0220FCE72DE9F04770
S21403D71880460F460646002402F1FF39BC4202D271
S21403D72819F8015F25B9A6EB080080B2BDE8F087B3
S21403D7389A46A5F13102012A5AF8041B10D8324634
S21403D748322D02F8011B06D10134A4B2A74232D304
S21403D7580912B21C7170013453461646A4B2DDE7AB
S21403D768342D0CD10334BC42DDDA0B0A31707370E6
S21403D7780B0C090EB370321DF170A4B2EBE7A5F1DA
S21403D7883302062A0DD8303DADB22B19BB42CADA8E
S21403D7982A463046013CDEF755FE15FA84F472191C
S21403D7A8EBE7A5F14102062A01D8373DECE79D8849
S21403D7B803F1080AE9E71646B5E770B50546008893
S21403D7C80C4601F067FFA04228880AD201F062FFE0
S21403D7D80023221A19462846BDE8704092B2E6F797
S21403D7E8D1BD2146E6F764FD002070BD38B5054671
S21403D7F801F034FF0446284601F04CFF0022014698
S21403D8082046BDE83840FDF7B3BFF8B516460C46C4
S21403D8181D46BDF8187001F021FF0444304601F098
S21403D8281DFF3A4641192046BDE8F840DEF70ABE12
S21403D83870B50C46013189B20646F6F74BFE21460B
S21403D84805463046F6F746FE00EB052080B270BD67
S21403D8581FB50123ADF80C2000930A4602230146A0
S21403D86803A802F054FC05B05DF804FB0FB437B503
S21403D878069D0021A8B201F065FF044601F0EEFEFE
S21403D8882CB1002207AB0193D1B28D4205D82046AE
S21403D89803B0BDE8304004B0704753F8041B815406
S21403D8A80132F1E773B504460D46402000211646BB
S21403D8B801F048FFADF8060001F0D0FEBDF80630CB
S21403D8C813B9002002B070BD402133462A462044CF
S21403D8D8FFF71CFF211889B20DF10600FFF76DFF4D
S21403D8E80028EED1BDF80600ECE70EB403B503AA8C
S21403D8F852F8041B0192FFF7D5FF02B05DF804EB5C
S21403D90803B070472DE9F7430F46012181461646B3
S21403D91801F0DCFE054658B1FFF768FF308088B98A
S21403D928284601F0B7FE68B1192003B0BDE8F083B6
S21403D938484601F0AFFEFF2FA0EB0704E4B214D06D
S21403D94814B934800020F0E72A4621462846FDF716
S21403D9580FFF80460028E7D03B464A4629460094F0
S21403D968FFF753FFA6F80080ECE70120DDE708B5CC
S21403D978FDF7E3FE437803F001001A074CBF1030A7
S21403D9880830DB0644BF0830C0B21030C0B208BD4A
S21403D99810B50C4601F07EFEA04234BF00200120DD
S21403D9A810BD7FB514460091024641F2092141F69F
S21403D9B809209DF820601D46002E18BF0146099BC6
S21403D9C80020F6F7AFFDADF80E0010B9002004B03E
S21403D9D870BD01232A4621460DF10E00E6F7D2FC58
S21403D9E80028F3D1BDF80E00F1E738B50546FFF772
S21403D9F8BEFF0446284601F04DFE631C9BB28342D5
S21403DA080FD82846FDF799FE43785B0707D52146C6
S21403DA182846F6F75FFD013004EB4004E4B22046DF
S21403DA2838BD0024FBE71FB5ADF80E0001F032FE43
S21403DA380446BDF80E00FFF7D8FF00F10E03DBB26D
S21403DA48BDF80E200146E01A80B200901046FFF794
S21403DA58DCFEA4F10E0189B20DF10E00FFF7ADFE50
S21403DA6804B010BD4278034612F0080006D0D20769
S21403DA7802D403F10800704703F10900704737B56D
S21403DA8805460C46FDF759FE437813F0100212D0EC
S21403DA989CB103F001021B074FF0000329460093CD
S21403DAA820464FF0080354BF1832203202F02FFBEB
S21403DAB8012003B030BD1046FBE72046F9E773B5EF
S21403DAC805460C46FDF739FE437813F0100211D0CD
S21403DAD894B1012603F001021B0729464FF00803F9
S21403DAE8204654BF18322032009602F010FB304608
S21403DAF802B070BD1046FBE72046F9E700F00303C3
S21403DB08012B08D0C30606D400F00C000C2814BF5B
S21403DB1808200920704702207047034611F00300C7
S21403DB2805D003F00303022B14BF0220032070471B
S21403DB38F8B50C46064601F0ADFD631C834202D9D0
S21403DB4800252846F8BD21463046F6F7C3FC0746A7
S21403DB58FFF7D4FF3B060546F3D50444304601F0E9
S21403DB6899FDA4B2631C9BB28342E9D8214630468A
S21403DB78F6F7B0FC01463846FFF7CFFF2844C5B290
S21403DB88DFE770B506460D46FFF7D2FF044610B921
S21403DB980024204670BD29463046F6F79BFC8206CD
S21403DBA8F7D5304601F076FD2544ADB26B1C9BB223
S21403DBB88342EDD829463046F6F78CFC00F0180366
S21403DBC8082B14BF05340634E4B2830644BF08346E
S21403DBD8E4B2DEE738B50546FFF707FF044608B99B
S21403DBE8002038BD01462846FFF7CBFF0028F7D0AC
S21403DBF82044C0B2F5E72DE9F04387B005460C4646
S21403DC08FDF79BFD804602F07DF907462846FFF799
S21403DC18ECFE064601462846FFF78AFF002203461F
S21403DC2800922946324602A802F071FA9DF8086067
S21403DC3806F00C030C2B06F003090BD0B9F1010F01
S21403DC4859D0F10657D49DF809300DF10A0500207E
S21403DC58637107E0FF230DF10900637102F052F9BF
S21403DC680DF10B05208198F80130DA0704D508F181
S21403DC78020002F047F92081B9F1010F5FFA89F82B
S21403DC883DD0F3063BD4284602F03CF96080A81C36
S21403DC9802F038F9053515F8013C208023712B78F6
S21403DCA8B006A37206F0400348BF43F020033906C4
S21403DCB827D543F40073F80448BF43F48063390553
S21403DCC848BF43F400633206E38011D56A7812F03E
S21403DCD803020DD06FEA43436FEA5343A978B8F1BA
S21403DCE8020FE3800B4611D1EB7841EA0321218129
S21403DCF807B0BDE8F083FF230DF10905A7E7FF2367
S21403DD08CCE77A0648BF43F48073D4E7012A04BFF6
S21403DD180B029BB22381EBE7F7F7E0B80BB1F7F7F3
S21403DD2849B90AB9F7F7C2B9FF21F7F7EBB8431CA5
S21403DD3808BF0020DFF70ABC034B5868C0F3080087
S21403DD48003818BF0120704700ED00E0014B186843
S21403DD58704700BFAC620020084B1B6F03F0070335
S21403DD68022B04D0032B05D0012B05D0FEE7044B6A
S21403DD7818687047034BFBE703487047008000505A
S21403DD88AC620020B4620020002D310108B5FFF70D
S21403DD98E3FF054B1B6FC3F303330133B0FBF3F009
S21403DDA8024B186008BD00BF00800050A862002020
S21403DDB80048704700B4C40400487047002D31017A
S21403DDC8014B1868704700BFB4620020014B1868FF
S21403DDD8704700BFB0620020B8B1036813F4E07F51
S21403DDE803F03F00C3F382120AD0012A0DD1084B71
S21403DDF841B103F58053012282401A600020704720
S21403DE08044BF5E703F50053F5E70E20704700BF0C
S21403DE18688000506480005007B500F095FC6A4699
S21403DE2800F0F2FC18B14721034801F08DFFDDE945
S21403DE38000103B05DF804FBFD0704000229F8B5EA
S21403DE4896BF104B00245C5C012805460E4608D096
S21403DE58022809D008B944F002040B4B1F6837B9E7
S21403DE68F8BD44F00804F8E744F02004F5E77B68B7
S21403DE781A68144203D0314628465B6898473F68B9
S21403DE88EDE700BFE69E04004438002038B5104D81
S21403DE982B78ABB10F4C23781BB100F04FFA002355
S21403DEA82370002001F063FF0B4C50B100F098FA82
S21403DEB80023012120782B70FFF7C0FF012323706E
S21403DEC838BD0122054B1A702278054B1A70F7E7FE
S21403DED869580020675800206F5800206A580020A9
S21403DEE86B5800200E490B78FF2B01D198B1704769
S21403DEF80BB990B97047002814BF0122FF221344B8
S21403DF080B7060B1074B1B78012B08D9064B1B789F
S21403DF182BB9FFF7BBBF1A46F1E70122EFE77047B5
S21403DF286E5800206F5800206A58002010B501F07C
S21403DF387AFE064B04461B781BB1BDE8104001F079
S21403DF486DBEFFF7A3FF2046F7E700BF665800201D
S21403DF5802282DE9F04147D029480378FF2B41D101
S21403DF68002941D11A461344DBB2037000293BD07B
S21403DF78244E3278012A37D9002B3ED001F053FEBF
S21403DF88214F04463B780BB3204D2B781BB901224F
S21403DF982A701F4A1370DFF87C8098F8003023B184
S21403DFA800F0CCF9002388F80030204601F036FE4E
S21403DFB8012001F0DCFE01F036FE2B7804461BB187
S21403DFC800F00EFA00232B7000233B70204601F066
S21403DFD825FE01243078A04206D02146FFF72EFFFF
S21403DFE8347001E013B931B9BDE8F081002914BFD4
S21403DFF80122FF22B7E70122B5E70224EAE700BFBA
S21403E0086E5800206F580020695800206658002074
S21403E0186A580020675800202DE9FF47EFF310855C
S21403E02872B6AFF3008001F077FF002800F0A480F3
S21403E0386B4E6C4F337823B10020FFF753FF002352
S21403E0483370387878B903A900F04EFB044650B904
S21403E058654B039A1B689A4200F296800120FFF7E5
S21403E06841FF012333703B78002B40F0AB805F4BB6
S21403E0781B78002B00F0A3804FF002085C4CDFF8F7
S21403E08890912078DFF88CA140450AD0002389F8C0
S21403E09800309AF8003013B94146FFF7CFFE84F8EC
S21403E0A8008099F800303BB12378022B04D1002373
S21403E0B889F8003001F07AFFB8F1020F0FD1DFF8C4
S21403E0C82C8198F8003053B94A4B1B7823B900F0D3
S21403E0D82FF90122484B1A70012388F8003020785C
S21403E0E800F0FEF89AF8003013B1444B1B782370FF
S21403E0F8AFF30080284601F035FEEFF3108572B6BD
S21403E1083F4B1A7852B100221A703C4B20781B7882
S21403E118984203D101212170FFF790FE394800F099
S21403E128A3FA01F00DFF8046002883D12F4F89F804
S21403E13800003B789BB1DFF8C0908AF8000099F896
S21403E14800301BB100F0FAF889F80080002001F0CF
S21403E1580EFE002839D000F043F900233B703378CD
S21403E16823B10020FFF7BEFE00233370002120787A
S21403E178FFF764FE00232370AFF30080284604B03D
S21403E188BDE8F04701F0EEBD1F4BD3F8008000F062
S21403E19861F9039B80449845BFF460AF00F054F9D7
S21403E1A88200039942F0020292B2CDE90042234666
S21403E1B8164AA1EB0801134801F0DBFD53E700F00C
S21403E1C8A1F859E74FF0010858E7012000F088F84E
S21403E1D8284601F0C7FDEFF3108572B6B6E700BF11
S21403E1E8685800206E5800204C38002069580020D4
S21403E1F86F5800206D580020675800206B58002081
S21403E20864580020503800204838002035DF0300C3
S21403E2186C5800206A58002010B501F004FD00224F
S21403E228054B1C781A7001F0F9FC00F021FBE4B2E8
S21403E2382043C0B210BD00BF6558002038B501F0B2
S21403E248F2FC094B05461B78012B04D801F0E6FCC3
S21403E2580024204638BD054B1C6800F0FBF8044430
S21403E268284601F0DBFCF4E76F5800204838002006
S21403E2781649174A0B6F10B503F007031360154AC0
S21403E288154C9269032B02F00200C2F34002227077
S21403E2981AD0D1F8203103F00303022B14D0D1F897
S21403E2A8243103F007039C1E634263410B4A137031
S21403E2B848B143B9054BD3F8003103F00303591E9D
S21403E2C84B424B41137010BD0123EFE7008000500B
S21403E2D8AC38002000C00150745800207558002040
S21403E2E8012805D00238012808D80020CDF7EABB54
S21403E2F8034A136923F00403136130BF704700BF52
S21403E30800ED00E0074A0849D2F8203103F003037A
S21403E3180B60D2F82431054A03F007031360F8F7B5
S21403E32845B800BF00800050B8380020B438002035
S21403E3380122014B1A70704773580020F8B51F4B1B
S21403E3481B78002B39D01E4C2378B3B91D4B9A6D16
S21403E358D10302D5DA6D92072FD49B6DDB072CD435
S21403E36801F04AFD184B194A1860136F23F0070388
S21403E37843F003031367FFF709FD01F03DFD124B56
S21403E388134D1B68134EC01A2B78134F56F82320C9
S21403E39846F82300111A3A681048521A0A213A60B6
S21403E3A80932B2FBF1F20133DBB20260B3FBF1F2DE
S21403E3B801FB12332B7000232370F8BD7558002019
S21403E3C87258002000C00050A43800200080005077
S21403E3D8715800207C3800207838002074380020D4
S21403E3E808B5F7F7E6FF124B12491A6F096822F0C9
S21403E3F807020A431A671049D3F82021096822F04E
S21403E40803020A43C3F820210C49D3F824210968D8
S21403E41822F007020A43C3F82421094B1B7813B1D9
S21403E4280122084B9A62BDE80840FFF7AFBC00BF5D
S21403E43800800050AC380020B8380020B4380020DC
S21403E4487558002000E00050014B1878704700BF4D
S21403E45875580020054B187818B1054B186800EB5B
S21403E468D000044B1B681844704700BF755800203B
S21403E47874380020A838002008B5104B1A78C2B1A3
S21403E48800221A700E4B1A6F22F0070242F001029E
S21403E4981A67D3F8202142F00302C3F82021D3F8E1
S21403E4A8242122F0070242F00302C3F82421FFF7CF
S21403E4B86DFC0122034B5A6708BD00BF7358002042
S21403E4C80080005000E000500D490B68A0B1002200
S21403E4D8A3B1834203D1836822B90B6003E01A46CB
S21403E4E89B68F5E7936083680BB9002070475A6901
S21403E4F841690A445A61F8E72220704702207047A8
S21403E508C438002010B501F093FC0A4C0A4B19686E
S21403E5182368C31A09B9206010BD002BFBD04A69CB
S21403E5289A423ABF9B1A0022D21A4A6128BF00238E
S21403E5388968EFE7C0380020C438002038B5154D81
S21403E5482B682BB35B69B3B1134A022014681C44C7
S21403E55800F088FA204600F047FA00220F492B6895
S21403E5680A70012A05D823B1D88880070AD501235B
S21403E5780B70002038BD022000F074FA022000F069
S21403E58893FAEAE79B68002BF3D058690244E8E756
S21403E5982220EFE7C4380020C03800207758002030
S21403E5A8C38870B504460D463BB9FFF747FE854258
S21403E5B8064602D2F8F72CFE35460E4A65611368FE
S21403E5C89BB91460A3600FE02D1A98681946656115
S21403E5D8034618B15869A842F6D941B18C60A360BE
S21403E5E813B15A69521B5A6170BD0021F2E71460D1
S21403E5F8F5E700BFC438002070B516469DF814200A
S21403E608C0E903360271049ABDF818300260002286
S21403E61804460D468260C38006BB01F009FC284405
S21403E628A0613DB9E368656113B120462168984740
S21403E63896B1354601F0F7FA0646FFF763FF294613
S21403E6482046FFF7ADFF074B1B68A34201D1FFF730
S21403E65875FF304601F0E2FA002070BD01F0E8FBD2
S21403E6683044DDE7C4380020F8B50546D0B101F0DC
S21403E678DAFA0646FFF746FF0B4B28461F68FFF7EE
S21403E68823FF044620B1304601F0C8FA2046F8BDF9
S21403E698AF42F8D1FFF752FF2228F4D1022000F048
S21403E6A8EDF9F0E72224F1E7C438002038B50C4624
S21403E6B80546A8B1A1B100230B7001F0C1FA0121E8
S21403E6C8084B1B6833B901F0B6FA002038BD9D42E3
S21403E6D804D121702278002AF9D0F4E79B68F1E781
S21403E6E82220F3E7C4380020F8B506460F4601F0A3
S21403E6F8A7FA00250446124B1B6823B9204601F0E7
S21403E7089AFA1B2011E05A691544DA88B2420DD1E9
S21403E71801F08EFB0B4E3368C01AA8420AD30023B7
S21403E72820463B6001F087FA0020F8BDFF2EEFD0A5
S21403E7389B68E2E701F07CFB33682B441B1AEFE780
S21403E748C4380020C038002070B501F079FA0646B0
S21403E75801F06EFB084B044601201D6801F058FBC8
S21403E76818B101F065FB04460135304601F063FA3B
S21403E7782046294670BD00BFCC380020014B1868D8
S21403E788704700BFC8380020F8B50C4B05461B6811
S21403E7980E4683420FD3002440F2E7302146084B47
S21403E7A84FF47A721F680023E5FB0701DDF78CFA3E
S21403E7B830602046F8BD2120FCE700BFBC380020A7
S21403E7C8C83800200F4B10B51A689AB14FF47A71FF
S21403E7D8531E1342A0FB01010ED1B2FA82F2C2F114
S21403E7E81F04531CD243E04001FA03F3184321FAEB
S21403E7F802F20243104610BD0023DDF765FA02460F
S21403E808F8E700BFC838002038B5164B14468342CD
S21403E818154B8B4123D3154B1A6802B34FF47A75FD
S21403E828A0FB050305FB0131531E134211D1B2FAAF
S21403E83882F3C3F11F055A1CDB4301FA02F2E840D0
S21403E84821FA03F310431843E940C4E90001002002
S21403E85838BD0023DDF738FAC4E90001F7E72120BD
S21403E868F6E700BFEFA7C64B37894100C838002034
S21403E87810B501F0E5F9034B1C7801F0DCF9E4B2B6
S21403E888204610BD7658002008B5084B1B7803F0C1
S21403E898FF004BB101F0B0FA054B1B689B69C01A21
S21403E8A802288CBF0020012008BD00BF775800202F
S21403E8B8C4380020C2072DE9F843044607D5474A5B
S21403E8C8136801331360FFF71DFEFFF737FEA30730
S21403E8D840F1818001F0B4F94FF00008054646463A
S21403E8E8FFF710FE3E4F3C680CB16369A3B10022E4
S21403E8F83C4B012E1A7003D118F0020F18BF1E7076
S21403E908FFF71CFE222802D1022000F0B7F828469B
S21403E918BDE8F84301F08FB923465A693AB91A791C
S21403E9282179914288BF1C469B68002BF5D128465F
S21403E93801F081F9D4F81080B8F1000F3FD001F048
S21403E94877FAA269851AEB17454573F1000337DB97
S21403E95823691344A36101232269CAB1C3B9A38BEC
S21403E968B8EB050833B1E28B13449BB2B3F57A7F51
S21403E9781CD2E38301F064F9054641462046FFF7B7
S21403E9880FFEA369226928461344A36101F053F9CD
S21403E998E36813B1204621689847B4F8068001F067
S21403E9A84FF901360546FFF7ADFD9CE7A3F57A73E5
S21403E9B8E383A36918F1FF38013BA361DAE7454609
S21403E9C801F03EF981462046FFF77EFD484601F0F2
S21403E9D832F90023C0E7BDE8F88300BFCC3800202F
S21403E9E8C43800207658002010B5044601F01BF9F9
S21403E9F84FF0B042936A1907FCD4136A116C526934
S21403EA08520604D4CA1A032A01D899420ED1E21A26
S21403EA18022A98BFDC1CB4F1FF3F38BF013C4FF015
S21403EA28B04340221C6403F580539A6101F0F6F85C
S21403EA38054A13783BB14FF0B041CB6B43F0020362
S21403EA48CB630023137010BD4F68002007B5044B33
S21403EA5801A9187901F010F9019803B05DF804FBD1
S21403EA68309D040000F001038207034A48BF43F0C1
S21403EA7840039361704700BF00100058820700F0F8
S21403EA8801030AD50121064A43F0400311704FF0EB
S21403EA98B041CA6B22F00302CA63024A9361704705
S21403EAA84F68002000200058830742BF4022014BCE
S21403EAB85A6170470010005873B502AB164603E94F
S21403EAC80600044600F052FF0546204600F05EFFA7
S21403EAD89DF800208DB1202C33780ED8012B2ED824
S21403EAE84FF6FF752D4803EB4313234430F81310F2
S21403EAF8A94202D0013120F81310294B294E33F8C6
S21403EB08141036F81400814232D34FF6FF75A94223
S21403EB184FF0010502D0013123F8141004F0FD016B
S21403EB28092927D1998AB68A0A44B242B4BF9A8277
S21403EB389E8233F81430834227D202B070BD022B6C
S21403EB48DBD14FF6FF704FF6FF75144B33F81410EE
S21403EB58814218BF013104F1210018BF23F81410AD
S21403EB6833F81010A9421CBF013123F81010C4E76C
S21403EB780025D0E71D2CDCD1598F8E18864203DA80
S21403EB8801390A445A87D4E75887002DD5D1204639
S21403EB9802B0BDE8704001F066B900BF8C52002091
S21403EBA8645300201053002038B50D46044601F080
S21403EBB847F8064A13889BB22DB123431380BDE852
S21403EBC8384001F038B823EA0403F7E75257002021
S21403EBD80022034B01214FF480701A70FFF7E4BF3D
S21403EBE8A85E002008B5054B1868FCF7DDFA00F0A8
S21403EBF80300C31E5842584108BD00BF844F002077
S21403EC0838B5044601F0CDF90C4B05461978187942
S21403EC1881420FD0631E082B0CD8DFE803F0050DDE
S21403EC280B0D0B0D0D0D0D0000220146044B186845
S21403EC38FCF7B8FA284638BD0022F7E77D680020B7
S21403EC48844F002038B54FF0FF300C46FFF76FF8B7
S21403EC580A4B05461868FFF76AF8641B241A20B29D
S21403EC6810F1630F06DB10F1240F05DA6430800019
S21403EC78C0B238BD0020FCE7FF20FAE7844F002027
S21403EC8808B5134B1B78062B04D040F62101114810
S21403EC9801F05AF8104B1B881B0704D440F62201D0
S21403ECA80C4801F051F80D4B2A201978FFF7A8FFF6
S21403ECB800210820FFF778FF0222094B1A70094B38
S21403ECC81868E3F785FCBDE8084001F0B9B800BF4B
S21403ECD8A85E00200B9A040052570020A55E002069
S21403ECE8AF680020844F002010B50E4C236823B964
S21403ECF840F6A3410C4801F027F82068013001F0DC
S21403ED0801F900F0070003280AD124680922012123
S21403ED18204600F0E3FB205C031F5842584110BD11
S21403ED280020FCE7744F00200B9A040038B50C4605
S21403ED3840B100210420FFF737FF01F081F8012CCA
S21403ED481DD038BD244B1B889B07F6D50129234ABB
S21403ED582FD1117869B30139C9B2117011B92020BE
S21403ED68FFF722FF00210220FFF71EFF04221C4B99
S21403ED7800211C481A7000F05DFD01F061F81A4C7A
S21403ED882068013001F0BEF800F44060B0F5006F6B
S21403ED981FD1246801210422204600F09FFB20444B
S21403EDA801F0B0F80146BDE838400022202001F003
S21403EDB872B800210D4D02201170FFF7F5FE2B786F
S21403EDC8FF2B04D040F29961094800F0BDFF2C7070
S21403EDD8B3E74FF6FF71E6E752570020A75E002019
S21403EDE8A85E0020BC650020744F0020B068002091
S21403EDF80B9A040038B5134C05462388580709D5DB
S21403EE08FFF7F0FE01460720FFF7FAFEFF21012071
S21403EE18FFF78CFF238899070BD50B4B28461978E1
S21403EE288A1F51425141FFF7EBFE01210020FFF7ED
S21403EE387DFF23881B0703D5BDE83840FFF720BFAF
S21403EE4838BD00BF52570020A85E0020F7B5124C05
S21403EE58D4E9006586EA020C85EA03070CEA000C87
S21403EE680F405CEA070E15D086EA0C067D40C4E917
S21403EE780065CDE900230B46084902460868FCF7F7
S21403EE889AFA38B14FF4FD71054803B0BDE8F0406F
S21403EE9800F05ABF03B0F0BD58160020844F002078
S21403EEA80B9A040008B50A4B1B88DB0604D440F605
S21403EEB84701084800F048FF00211020FFF774FEBA
S21403EEC8002000F06BFBBDE8084000F0B9BF00BFA8
S21403EED8525700200B9A04002DE9F04F5706804638
S21403EEE814461D4691B005D5FFF77CFE0146012062
S21403EEF8FFF786FEEE0403D500212D20FFF780FEDC
S21403EF08A00224D54046FCF7D3FA0146F8B94020B8
S21403EF18FFF74AFE40460AA9FBF7CBFDB8B99DF8AA
S21403EF283030022B40F0D980BDF8280000F0B6FD3B
S21403EF38FF2808D14046FBF7BAFD40B90121402017
S21403EF48FFF732FE03E000F0C3FD0028F2D1A10369
S21403EF5805D5FFF747FE01460320FFF751FEE201FA
S21403EF6804F0807640F1C080854B1B889B072DD51F
S21403EF78844E3068FBF732FD40BB834B834F1870D3
S21403EF883B78FF2B04D040F25761814800F0DCFE43
S21403EF984FF0000900210220FFF706FE87F80090CD
S21403EFA87C4F3B78062B07D101210820FFF7FCFD91
S21403EFB849462820FFF724FE3B78052B06D1002177
S21403EFC82B20FFF71DFE3068E3F702FB00F038FF3F
S21403EFD8220717D56B4F0321386805AAFBF718FDD8
S21403EFE8064620B940F2C961694800F0ADFE9DF8AF
S21403EFF81430072B00F0D080FFF7F4FD01460420F9
S21403F008FFF7FEFDE10505D5FFF7ECFD01460420F5
S21403F018FFF7F6FD14F4863F05D0FFF7E3FD014638
S21403F0280220FFF7EDFDA20113D5FFF7DBFD01462E
S21403F0380820FFF7E5FD00210420FFF7B5FD554B33
S21403F0481B78012B03D14F4B1868E3F7C1FA00F07E
S21403F058F7FE14F0084F09D0FFF7C4FD0146072052
S21403F068FFF7CEFDFF210120FFF760FEA30009D5B9
S21403F078FFF7B8FD01460620FFF7C2FDFF21012072
S21403F088FFF754FEA70705D53D4B1B881E0701D57A
S21403F098FFF7F6FD6C0603D500210A20FFF7B0FD3F
S21403F0A8280602D50120FCF715FAE90540F1858103
S21403F0B840460AAA05A9FCF773F89DF81430222BD4
S21403F0C800F06D8100F28281152B40F26A8140F6CA
S21403F0D80A112F4800F038FE6FE1032B7FF437AF91
S21403F0E80AA800F0FDFF30E705F0020756EA070313
S21403F0F80DD0284B26201978A1F1060EDEF1000163
S21403F10841EB0E01FFF77CFD0121304611E004F0C8
S21403F118805656EA07030FD01E4B26201978A1F10E
S21403F128060CDCF1000141EB0C01FFF769FD022137
S21403F1383846FFF7FBFD4BE704F0884151EA060320
S21403F14809D0144B272019788F1F79427941FFF786
S21403F15857FD0221D9E705F008030B4302D0232005
S21403F168FFF74EFD680703D500212420FFF748FD67
S21403F178E9077FF52DAF00212520FFF741FD27E797
S21403F18852570020844F0020A75E0020B068002056
S21403F1980B9A0400A85E0020314638680AAAFBF7D3
S21403F1A83DFC20B14FF4DA619E4800F0CDFDBDF872
S21403F1B81630386802330AA9ADF82C30FBF730FC52
S21403F1C820B140F2DF61974800F0BEFD00230093AC
S21403F1D831460423386804AAFBF724FC042804D021
S21403F1E840F2E4618F4800F0AFFDDFF8589299F8D3
S21403F1F80030C3BB0DF1110000F084FE00F00700D9
S21403F208022830D1FFF7EEFC01460920FFF7F8FC89
S21403F218854B1B78062B23D1844B9DF813201B782C
S21403F2289A421DD19DF8353023B940F2FA617D48DC
S21403F23800F08AFD0DF1110000F064FEC0F300161D
S21403F24831462920FFF7DCFC00210820FFF7ACFC39
S21403F258774B1E70FFF748FD10B93868E3F7B8F91F
S21403F26800F0EEFDCEE6BDF816000121083080B2A8
S21403F27800F068FA039030B9FFF7B4FC014604209F
S21403F288FFF7BEFCECE700F0E9F905AA01460646D7
S21403F2983868FBF7CFFB99F800A0BAF1000F22D124
S21403F2A806F1010B584600F02DFE83065AD538683A
S21403F2B8FCF7FEF80746FFF795FC05370146F8B254
S21403F2C8FFF79EFC584600F01DFE00F007000328D3
S21403F2D8584F2DD001210420FFF766FC4FF0FF306E
S21403F2E8FBF7C7FB386000225349BDF81630097888
S21403F2F8F718F1549DF83630BB709DF83730FB701D
S21403F3080A9B190E3971190C7971FB71190A99F848
S21403F3180030B97123B9737892B343F0200373703E
S21403F328002000F069F97870039800F071FA97E7FF
S21403F33801210922304600F0D1F8305C0121042867
S21403F348C9D1FFF731FC4FF0FF30FBF792FB3B4B7D
S21403F35838601B885806C6D551464020FFF724FC5C
S21403F3680122C1E7FFF73EFC01460920FFF748FCE8
S21403F3782D4B1B78012BB6D13868E3F729F9B2E78A
S21403F38823F02003CBE701227E33DBB202FA03F332
S21403F39813F00A1F31D113F0011F3FF498AE27204C
S21403F3A82CE0012202FA03F3254A1A402ABB13F07B
S21403F3B8041FF4D1DA077FF58AAEAB052FD50121F2
S21403F3C8802011B0BDE8F04FFFF7EEBB652B1AD8C7
S21403F3D8622B12D8452B0CD8422B0ED8352B06D8C1
S21403F3E8322B0AD8252B08D9322BD8D06FE6422BD6
S21403F3F8FBE7552B05D8522BF7D92620FFF7FAFC3F
S21403F408DBE7622BF1E7952B3FF661AE812BBAD883
S21403F418722BC4D0733B022B3FF659AEEDE711B0FF
S21403F428BDE8F08F0B9A0400A85E0020A45E0020B7
S21403F438AF680020704F0020B168002052570020A4
S21403F4483A003800AB5E0020024B1878B0FA80F01A
S21403F45840097047A85E002008B5064B4FF0FF31F9
S21403F4681868FBF7C3FE0028B8BF033040F38700CD
S21403F47808BD00BF844F002008B5074B1868FBF784
S21403F4882FFF30B1054BB3FBF0F083B20BB1184630
S21403F49808BD0120FCE700BF844F002040420F0050
S21403F4A838B510200C460121FFF77EFB064B1D6876
S21403F4B8FFF7E2FF012200FB04F1044B2846FBF7A3
S21403F4C87AFE002038BD00BF844F0020ADEE03004F
S21403F4D8014800F039BC00BF259A0400032A70B51A
S21403F4E8144602D82C4B985C70BD81F0010519B9F7
S21403F4F80D2A07D1FF20F7E70D2A03D10078053830
S21403F508C0B2F1E7084400F0FDFCC5F1040110F4AD
S21403F51840660246C9B209D1042C0846E4D0052C35
S21403F52816D112F0400F18BF0846DDE7C5F10603EB
S21403F538042CD8B2D8D0B6F5006F03D1C5F10805A8
S21403F548E8B2ECE7B6F5406FE9D1C5F10E05F7E783
S21403F55812F4404107D1062CC6D0072CC4D0082C79
S21403F56813D10130CCE755065CBF831CD8B2062CF2
S21403F578BAD0B1F5004F02D1831CD8B2EDE7B1F586
S21403F588404FEAD100F10803F7E7130744BF0530F5
S21403F598C0B20C2CA8D9ADE7B0FC0400AC2370B5F8
S21403F5A8094C054603FB00435E6D26B940F2FD3160
S21403F5B8064800F0C9FBAC2303FB05440023636538
S21403F5C83346BDE870401847884F0020629A040007
S21403F5D810B40C461146AC22064B02FB0033586D9A
S21403F5E820B95C655DF8044BFFF75ABF02205DF847
S21403F5F8044B7047884F0020AC22034B02FB0033B2
S21403F60893F8A800704700BF884F002028B1034B23
S21403F6181B68C01A4010013080B27047485000205B
S21403F62830B1044B00F100401B68013803EB40007F
S21403F638704700BF48500020064B1B68834206D815
S21403F648054B1B68834294BF0020012070470020A7
S21403F658704700BF485000204450002010B50446A9
S21403F66808B9002010BD00F0AEFC20B940F2CD4129
S21403F678074800F069FB2046FFF7D2FF0028F0D0C2
S21403F6880388DB0B14BFD0F80A000830EAE700BF8C
S21403F698399A040010B508B9002010BDFFF7C0FF5B
S21403F6A8044600F087FC20B94FF49D61064800F035
S21403F6B84BFB002CF0D02388DB0B0ABF608820891D
S21403F6C8C0F30C00E9E700BF399A040038B5FFF722
S21403F6D8A7FF0D46044650B100F06CFC20B940F273
S21403F6E84151034800F030FB023534F8150038BDA5
S21403F6F8399A040070B5FFF793FF0C46164605467D
S21403F708B0B100F057FC20B940F24D510C4800F058
S21403F7181BFB3046FFF784FF00F04CFC20B940F291
S21403F7284E51074800F010FB023425F8146070BDEC
S21403F73840F25251BDE87040014800F005BB00BFD7
S21403F748399A04002DE9F8430746884600F09EFBDD
S21403F75820B940F28E512A4800F0F6FAFC1CA40899
S21403F768284B64000434B7F5005F1E68A4B204D3BC
S21403F77840F29551224800F0E7FA00F061FA224970
S21403F78881460B687BB9214B1D68761BC6F34F066B
S21403F798B44227D90025484600F04DFA2846BDE866
S21403F7A8F843FFF733BFB8F1000F11D0174A1568AF
S21403F7B85A1BC2F34F029442ECD81448620005EB76
S21403F7C844040460B8F1000F0FD113440B600CE037
S21403F7D8F61AC6F34F0676B940F2A651084800F063
S21403F7E8B3FAD7E705EB44041C6000236F80AB80AD
S21403F7F8EB802B80CFE7B442CCD8044A1568DCE705
S21403F808399A04004C5000203450002044500020FD
S21403F81838B5054600F014FA04462946044800227B
S21403F82800F0DEFB2046BDE8384000F004BA00BF0F
S21403F8385857002082684B4B2DE9F0419A420446FC
S21403F8480E46056815D121B140F21311464800F05B
S21403F8587BFA00F0F5F923691BB92B682BB92461E9
S21403F8682C60BDE8F04100F0E6B91A6922611C6114
S21403F878F6E700F062FA8046FEF75EFA20B14FF428
S21403F8889571394800F060FA6FF000439E4221698B
S21403F8984BD22B7B08EB0602002B4DD0AB6893426A
S21403F8A84AD1531C002949D06169994242D01EB9EE
S21403F8B8521AB2F1004F3DD9636123696E689C42C0
S21403F8C803D19D21284800F03FFA2F460023B4426F
S21403F8D80BD0002B41D172696169891AB1F1004FC7
S21403F8E832D83269374694422CD12269BD420CBFBE
S21403F8F86A603A617BB92669B44203D1B8211A48CB
S21403F90800F022FA3B46012E05D062697169521A45
S21403F918B2F1004F23D99D420BBF6B681A69236166
S21403F92822610CBF6C601C6104E0434431B1626918
S21403F9389342C1D1BDE8F0811346B3E76A682261F2
S21403F9486C60B9E71646C6E7A8EB0202B2F1004FA9
S21403F958C7D93B4637463669B9E71F46F9E73346FC
S21403F9683669D0E7B14402004D9A04000823064AD4
S21403F97812F8011B814205D0013B13F0FF03F7D1B0
S21403F988184670470120704761FD04000823064A9D
S21403F99812F8011B814205D0013B13F0FF03F7D190
S21403F9A8184670470120704759FD040010B5082211
S21403F9B807490446DDF740F8B0FA80F04FF6FF73C0
S21403F9C82289400940009A4208BF40F0010010BD52
S21403F9D872FD040030B504460D4685B002B9084AE0
S21403F9E81068516801AB03C301AB03CB2060204604
S21403F9F8ADF80C501B886160238105B030BD00BF8D
S21403FA08E1230400002270B50A4B1C780A4BD5B2D2
S21403FA18AC4202D800200C7008E01E8801328642E9
S21403FA2805D30D701B881B1A5842584170BD1233F4
S21403FA38EDE700BF225E002010550020F8B5154BF1
S21403FA4804461D680E46E5B1134B1F78874218D93E
S21403FA5800EB400305EBC30526B92B69DA0712D476
S21403FA682046F8BD08223146281DDCF7E5FF50B9C5
S21403FA782B69DB07F4D40134E4B2A74205F1180571
S21403FA88F0D1FF24ECE70134E4B2A74205F11805E8
S21403FA98E2D1F6E7B0500020CF6800200A4B0146B3
S21403FAA81B6830B52BB1094A14780022D0B28442B9
S21403FAB801D8FF2030BD5D888D4202D11D69ED0750
S21403FAC8F8D401321833F1E7B0500020CF6800208D
S21403FAD80F4A03461068D0B10E4A12789A4215D9CF
S21403FAE819B203EB430300EBC300036913F00100E9
S21403FAF80DD0094A126832F8112002F4E2622AB9D4
S21403FB0813F00C0F14BF0120002070470120704724
S21403FB18B0500020CF680020AC500020094B1B686B
S21403FB286BB1094A1278824209D900EB4000C20039
S21403FB3803EBC0000169C90701D5985C7047FF202D
S21403FB48704700BFB0500020CF6800200C4A034619
S21403FB58106890B10B4A12789A420DD903EB430307
S21403FB6800EBC300D0E9043213F001004FF00001A4
S21403FB7804D018461146704700200146704700BF58
S21403FB88B0500020CF68002010B5164B187860B127
S21403FB98154C2368CBB14FF4707200201349FFF756
S21403FBA817FD2368013B236010BDFFF755FC10497A
S21403FBB8104A91F90040136884420B4C03F1010381
S21403FBC813602368B8BF087053B90B4800F030FABF
S21403FBD80028E9D1BDE8104001460748FFF72ABECA
S21403FBE80822DAE7075F0020CC50002091FB0300C9
S21403FBF8025F0020C4500020C8670020054B1B681E
S21403FC082BB9054B1868003818BF01207047012028
S21403FC18704700BFBC500020B850002010B962B629
S21403FC28BFF36F8F7047EFF3108072B670473023B9
S21403FC3883F31188704780F31188BFF36F8F70477B
S21403FC48EFF31180302383F3118870470020704741
S21403FC584FF4004070474FF47A707047012241789A
S21403FC6803788A4030214B4341F2100103F1A04345
S21403FC7803F570335A50704709B100F005B82220CF
S21403FC8870470121FEF7A8B870B506460D46FFF77C
S21403FC98D7FF04461D2E48D8DFE806F00F18471D81
S21403FCA820234726292C47472F32473538473B47D3
S21403FCB83E474744474747474741FEF74DF8002620
S21403FCC828602046FFF7B7FF304670BD4FF4C07074
S21403FCD8CBF764FBF3E74FF42070F9E74FF4407073
S21403FCE8F6E74FF46070F3E74FF40070F0E74FF46D
S21403FCF88060EDE74FF49060EAE74FF4C060E7E70B
S21403FD084FF4F060E4E74FF4B060E1E74FF4D060F7
S21403FD18DEE74FF4E060DBE74FF4A060D8E74FF484
S21403FD288070D5E74FF40860D2E700202126C7E79E
S21403FD3808B5FEF771F880B208BD08B5FEF76CF88B
S21403FD4808BD704742DE704738B504460D4600F0D6
S21403FD5808F8FFF76CFF29462046BDE83840FFF74A
S21403FD68F1BF704710B962B6BFF36F8F70470120B3
S21403FD7870472DE9FF410D4616461F460446A8B1AF
S21403FD884FF00008C0F81C80FEF76EFCBDF82C3058
S21403FD98424602939DF828302946CDE9007320464B
S21403FDA83346FEF729FC04B0BDE8F0812220FAE7C3
S21403FDB8F0B51F46002387B00D46164604468DF851
S21403FDC81730A8B1C3610DF11701FEF76FFC9DF854
S21403FDD817207AB9BDF83430294602939DF8303097
S21403FDE82046CDE900733346FEF706FC07B0F0BDA0
S21403FDF82220FBE70320F9E738B5FFF721FF05467E
S21403FE0800F016F804462846FFF715FF204638BDC7
S21403FE184FF0B04301285B6904D0022805D1C3F329
S21403FE288010704703F00100704700207047704742
S21403FE384FF0B0439A6A1207FCD4186A70477047A3
S21403FE4808B5FFF7FCFF00F01DF808BD10B5FFF76F
S21403FE58EAFE012104460846FEF77AF82046BDE87E
S21403FE681040FFF7DBBE10B5044600F012F8204634
S21403FE78FAF73DFD2046F7F73AFDBDE81040F9F7D7
S21403FE88F3B8704708B5FFF7FCFF08BD01207047B5
S21403FE9870470020704730B589B00446ADF80610A1
S21403FEA88DF81020FFF762FD05462046FFF76EFD26
S21403FEB803469DB1BDF80600ABB900F0BEF8FF28AF
S21403FEC808BF00200DF10F038DF80F001A462046D1
S21403FED804990593FEF7F0FD09B030BD0028F5D068
S21403FEE80DF10603F2E700F0A8F8FF2808BF002084
S21403FEF8BDF806308DF80F00ADF81A308DF81800E7
S21403FF0806ABE3E7008870470170090A417070473B
S21403FF18012070470120704738B5DBF775F90446AA
S21403FF28D0F7D0FA051E18BF2546D0F79DFB041E4A
S21403FF3818BF2C46FFF7ECFF002818BF204638BD2D
S21403FF4838B5FEF769F90446F6F786FE04281ED088
S21403FF5802284FF0000508BF0124F7F797FD042889
S21403FF6817D0022808BF0124F7F7AEFA042812D0E0
S21403FF78022808BF0124FFF7CDFF04280DD0022866
S21403FF8808BF0124002D18BF0024204638BD0125CC
S21403FF98E3E70125E8E70125EDE70024F5E7FF2079
S21403FFA8704708B5FFF7FBFF002008BD02210120B4
S21403FFB8DCF76CBF08B520B1FFF73EFB00F0010085
S21403FFC808BD0120FAE708B5FFF72AFBBDE8084095
S21403FFD8FFF7F0BF008810B1C9B2FFF777BB7047C9
S21403FFE82DE9F041B0F8008006460C46D5B2B8F1C4
S21403FFF8000F11D029464046FFF768FB22460746FE
S21404000829464046FFF776FB3A4629462046FFF738
S21404001871FB3480BDE8F0810F46F5E703461B887C
S21404002808468B4202D00021FFF750BB00207047D9
S2140400380069003818BF0120704700207047F8B5DB
S21404004806460D46FFF7B2FC0328044621D0284688
S214040058FFF7ACFC032807461BD010F0020318D1A0
S214040068A0070DD5F90716D401233C43E20704D4A8
S21404007831892A89914218BF002303F00100F8BD8C
S214040088082229463046DCF7D7FCB0FA80F35B0929
S214040098EBE70020F3E71846F1E770B50D460021B4
S2140400A80646FFF797FF044630B1FFF7D7FA01462E
S2140400B82846FFF7C4FF08B1204670BD21463046DF
S2140400C8FFF7ACFFEFE707B50DF10701FFF79AFC5A
S2140400D820B19DF8070003B05DF804FBFF20FAE79B
S2140400E808B500F009F8FF2804D0FFF72FFDC0F381
S2140400F8C00008BD0120FCE701460020FFF79EBCAF
S21404010808B5FFF7CBFCFF3818BF012008BD2DE95A
S214040118F84307460846154688461C469DF8209028
S214040128FFF79CFA4619A4B19EB14046FFF7B2FA07
S214040138254485420FDC2246B9F1000F06D1314624
S2140401483846DCF77FF90020BDE8F88339463046A0
S214040158F7E72120F8E71D20F6E700000000000076
S214040168000000000000000000000000000000007E
S2140401780000000000000000F8B500BFF8BC08BC8A
S2140401889E467047F8B500BFF8BC08BC9E46704744
S2140401985FF800F0096100205FF800F0A95F00200E
S2140401A85FF800F061600020446576696365207432
S2140401B8797065206368616E676520646574656335
S2140401C87465643A202564202D3E2025640D0A00B3
S2140401D8427574746F6E2076616C75652063686109
S2140401E86E67656420746F2025640D0A0050726576
S2140401F873732064657465637465640D0A004D75CD
S2140402086C746920707265737320646574656374AE
S21404021865643A2025640D0A0052656C6561736549
S2140402282064657465637465640D0A004C6F6E67B4
S2140402382070726573732064657465637465640DF1
S2140402480A0072656C61795F73746172745F6C61BD
S214040258746368696E675F70756C73653A20616E5F
S2140402686F746865722070756C7365206973206195
S21404027863746976650D0A0072656C61795F6F6EE2
S2140402880D0A0072656C61795F6F66660D0A007206
S214040298656C61795F746F67676C650D0A005772E1
S2140402A86974696E6720636F6E66696720746F2069
S2140402B86E763A2025730D0A0053697A653A202526
S2140402C8640D0A004661696C656420746F20777251
S2140402D8697465204445564943455F434F4E46492D
S2140402E8475F4441544120746F204E562C20737443
S2140402F8617475733A2025642E20286279746573B0
S2140403083A202564290D0A0073756363657373219F
S2140403180D0A004661696C656420746F2072656115
S21404032864204E565F4954454D5F444556494345F7
S2140403385F434F4E4649472C207573696E672064A1
S214040348656661756C7420636F6E66696720696E8E
S21404035873746561642C207374617475733A20250C
S214040368642E202862797465733A202564290D0A58
S214040378005573696E6720636F6E6669673A202551
S214040388642063686172732066726F6D0D0A257344
S2140403980D0A00736F6E6F66663B5A424D494E49A6
S2140403A84C322D637573746F6D3B424130753B4C0C
S2140403B84335693B534136753B52413541343B001E
S2140403C84E6574776F726B207374617475732063EB
S2140403D868616E67656420746F2025640D0A004D95
S2140403E8616E75666163747572657220746F6F20CA
S2140403F86269670D0A004D6F64656C20746F6F2020
S2140404086269670D0A00496E697469616C697A697C
S2140404186E67205A6967626565207769746820255F
S214040428642073776974636865732C202564207266
S214040438656C6179732C20256420636F7665727306
S2140404480D0A00436F6E666967207061727365648F
S214040458207375636365737366756C6C790D0A002F
S214040468726561642076657273696F6E20666F7252
S2140404786D206E6577206C6F636174696F6E0D0A04
S214040488004661696C656420746F207772697465C8
S214040498206C6173745365656E56657273696F6E06
S2140404A820746F204E562C2073743A2025640D0A47
S2140404B8004F6C642076657273696F6E3A20256403
S2140404C80D0A0043757272656E74207665727369D8
S2140404D86F6E3A2025640D0A005245534554204150
S2140404E84C4C210D0A0068616C5F6770696F5F6326
S2140404F8616C6C6261636B3A2065787469206C6918
S2140405086E6520256C642073746174757320256C7D
S214040518750D0A0068616C5F6770696F5F63616C6C
S2140405286C6261636B3A206E6F206672656520455F
S214040538585449206C696E65730D0A002F686F6DF0
S214040548652F72756E6E65722F776F726B2F747562
S21404055879612D7A69676265652D7377697463684E
S2140405682F747579612D7A69676265652D73776965
S2140405787463682F73696C6162735F746F6F6C73EE
S2140405882F73696D706C69636974795F73646B2F14
S2140405982E2E2F2E2E2F7372632F73696C6162733F
S2140405A82F68616C2F7A69676265652E63004472EA
S2140405B86F7070696E67206F6C64204F54412069B1
S2140405C86D6167652C2063757272656E74206F663C
S2140405D8667365743A20256C750A00556E6B6E6FE3
S2140405E8776E20636F76657220636F6D6D616E64D7
S2140405F83A2025640D0A004174747269627574653C
S214040608206368616E6765642C2065703A202564EB
S2140406182C20636C75737465723A2025642C2061EB
S2140406287474723A2025640D0A00556E6B6E6F77E3
S2140406386E20636F6D6D616E643A2025640D0A0042
S214040648496E6465782061742077726974652061E0
S2140406587474723A2025640D0A004E6F2073776905
S21404066874636820636F6E66696720696E204E56E9
S2140406782C207573696E672064656661756C74737F
S2140406880D0A00496E76616C69642072656C61793E
S2140406985F696E64657820256420696E204E562C42
S2140406A820726573657474696E6720746F20646558
S2140406B86661756C740D0A003E2000556E6B6E6F8D
S2140406C8776E206572726F7200496E707574206258
S2140406D875666665722069732046554C4C004D61F4
S2140406E878696D756D206E756D626572206F66200B
S2140406F8617267756D656E74732065786365656485
S21404070865640054686520617267756D656E74204B
S2140407186973206E6F7420666F726D617474656495
S21404072820636F72726563746C7900496E636F72C6
S2140407387265637420617267756D656E742074796A
S214040748706500496E636F7272656374206E756DAA
S214040758626572206F6620617267756D656E747364
S214040768004E6F20636F6D6D616E6420666F756EE4
S214040778640075696E7438006164646974696F6EC0
S214040788616C002A00756E6B6E6F776E0077696C05
S2140407986463617264006865786F70740073747259
S2140407A8696E676F70740075696E7433326F70742F
S2140407B80075696E7431366F70740075696E7438B6
S2140407C86F70740068657800737472696E67007574
S2140407D8696E7431360075696E743332002E2E2EA7
S2140407E8200068656C70000A25730A257325730053
S2140407F825732008002F686F6D652F72756E6E65F9
S214040808722F776F726B2F747579612D7A696762A8
S21404081865652D7377697463682F747579612D7AA5
S21404082869676265652D7377697463682F73696C85
S2140408386162735F746F6F6C732F73696D706C6924
S214040848636974795F73646B2F706C6174666F7216
S2140408586D2F736572766963652F6C656761637956
S2140408685F68616C2F7372632F626173652D72659E
S214040878706C6163656D656E742E63002F686F6DAA
S214040888652F72756E6E65722F776F726B2F74751F
S21404089879612D7A69676265652D7377697463680B
S2140408A82F747579612D7A69676265652D73776922
S2140408B87463682F73696C6162735F746F6F6C73AB
S2140408C82F73696D706C69636974795F73646B2FD1
S2140408D8706C6174666F726D2F7365727669636582
S2140408E82F746F6B656E5F6D616E616765722F6CD2
S2140408F865676163792F7372632F736C5F746F6BAC
S214040908656E5F6D616E616765722E63002F686F32
S2140409186D652F72756E6E65722F776F726B2F7496
S2140409287579612D7A69676265652D73776974636D
S214040938682F747579612D7A69676265652D737792
S214040948697463682F73696C6162735F746F6F6C24
S214040958732F73696D706C69636974795F73646BFC
S2140409682F706C6174666F726D2F73657276696327
S214040978652F746F6B656E5F6D616E616765722F48
S2140409886C65676163792F7372632F736C5F746F1A
S2140409986B656E5F6D616E75666163747572696E9C
S2140409A8672E630043757272656E7420436F6E66B5
S2140409B869673A20253078005365742043434120FC
S2140409C86D6F646520746F2025643A20253078009E
S2140409D8656E61626C65640064697361626C656403
S2140409E8006F757428636C69656E742900696E20D7
S2140409F82873657276657229004D464720537472CB
S214040A08696E673A202573004170704275696C6494
S214040A186572204D464720436F64653A2030782532
S214040A28303458006E6F6465205B004164646974F2
S214040A38696F6E616C20696E74657266616365734E
S214040A4800202025643A200070616765205B2564D1
S214040A585D206368616E205B25645D207077722074
S214040A685B25645D006E6F74206163746976650047
S214040A786572726F72203078253038580070616E4F
S214040A884944205B3078253034585D206E6F6465A1
S214040A984944205B3078253034585D2000787061EE
S214040AA86E205B307800706172656E744944205B12
S214040AB83078253034585D20706172656E745273D0
S214040AC87369205B25645D006E6F64655479706590
S214040AD8205B005365637572697479206C65766566
S214040AE86C205B253032585D006E6574776F726BC8
S214040AF8207374617465205B253032585D2000428B
S214040B0875666665722062797465733A2025642072
S214040B182F20256400457020636E743A20256400EF
S214040B286570202564205B656E64706F696E74203A
S214040B3825732C206465766963652025735D20001B
S214040B486E776B205B25645D2070726F66696C65D2
S214040B58205B3078253034585D20646576496420F7
S214040B685B3078253034585D20766572205B3078A3
S214040B78253032585D0020202020257320636C75AC
S214040B88737465723A2030782530345820004E77CE
S214040B986B20636E743A202564006E776B20256498
S214040BA8205B25735D005072696D61727920287028
S214040BB8726F290020206E6F646554797065205B17
S214040BC83078253032585D00202073656375726965
S214040BD8747950726F66696C65205B30782530329C
S214040BE8585D0045502025643A2025732000457238
S214040BF8726F723A2020556E6B6E6F776E20656E34
S214040C0864706F696E742E00456E61626C6520654B
S214040C1876656E7420646562756720696E666F20F3
S214040C28696E20436F726520434C4920636F6D706C
S214040C386F6E656E74006F6E6C7920636F6F726486
S214040C48696E61746F72732063616E20666F726D6D
S214040C580A006A6F696E203078253038580A006CA6
S214040C6865617665002573203078253032580A0089
S214040C7872656A6F696E4469666644657669636513
S214040C8854797065006578742E2050414E20494486
S214040C983A20004E574B206F70656E3A2025752013
S214040CA8736563004E574B20636C6F736564006608
S214040CB8696E64206A6F696E61626C653A20307882
S214040CC8253032580066696E6420756E75736564DF
S214040CD83A20307825303258004368616E67696E6A
S214040CE86720746F206368616E6E656C2025643AAD
S214040CF82030782530325800696E76616C69642035
S214040D086E6574776F726B20696E646578005368D5
S214040D186F72742049443A203078253034582C2091
S214040D2845554936343A20002C2050616E204944F3
S214040D383A203078253034580053746172746564E8
S214040D48206D756C74692D70687920696E74657287
S214040D5866616365004661696C656420746F202566
S214040D687320257320307825303258005465726D08
S214040D78696E61746564202573203078253032588E
S214040D88004B65657020616C6976652073757070B4
S214040D986F727420656E61626C65642E00666169A4
S214040DA86C656420746F20736574206B65657020A9
S214040DB8616C697665206D6F64652E007375636370
S214040DC865737366756C6C792073657420746865CE
S214040DD8206368696C642074696D656F7574206F28
S214040DE87074696F6E206D61736B2E006661696C32
S214040DF8656420746F20736574207468652063685E
S214040E08696C642074696D656F7574206F70746995
S214040E186F6E206D61736B2E00646973636F7665FD
S214040E2872004D61746368202573792066726F6D4D
S214040E38203078253034582C206570202564004EE0
S214040E48574B204164647265737320726573706FC0
S214040E586E73653A20307825303458004945454540
S214040E68204164647265737320726573706F6E7361
S214040E78653A200053657276696365202573792080
S214040E88646F6E652E0023202074797065202020F8
S214040E986E776B20206C6F6320202072656D20208F
S214040EA820636C75732020206E6F6465202020658F
S214040EB875690020202564202020203078253034C9
S214040EC8582020307825303458202030782530347F
S214040ED858203078253034582000736C5F7A696758
S214040EE86265655F6765745F62696E64696E6720CC
S214040EF84572726F723A203078253038580A0025C1
S214040F0864206F662025642062696E64696E677360
S214040F18207573656400656E61626C656420707222
S214040F28696E740064697361626C656420707269C2
S214040F386E7400616464206C696E6B206B6579005E
S214040F484552523A2043616C63756C61746564203B
S214040F5843524320646F6573206E6F74206D61740A
S214040F686368004552523A20496E7374616C6C206B
S214040F78436F6465206D75737420626520382C2071
S214040F8831302C2031342C206F722031382062798D
S214040F9874657320696E206C656E677468004552C4
S214040FA8523A204145532D4D4D4F206861736820B1
S214040FB86661696C65643A20307825303258005387
S214040FC86574206A6F696E696E67206C696E6B203B
S214040FD86B6579007365742062696E642025643ACB
S214040FE82030782530327800454D50545900554EF7
S214040FF8494341004D324F4E45004D554C54490027
S2140410083F2020202000496E6465782049454545E0
S21404101820416464726573732020202020202020D9
S214041028204E574B496E6465782020496E20464307
S214041038202020202054544C28732920466C6167AD
S214041048202020204B65792020202000256420209D
S2140410582020200020202564202020202020200076
S2140410682020253038582020002030782530345861
S214041078202000496E64657820494545452041642A
S2140410886472657373202020202020202020496E57
S214041098204643202020202054797065202041755E
S2140410A8746820204B6579002D20202020200025F8
S2140410B86320202020202563202020202000696526
S2140410C873005741524E494E473A202052454144F0
S2140410D8494E47204F46204B45592056414C5545C6
S2140410E8532044495341424C4544204259204D46D6
S2140410F84720544F4B454E004E574B204B657900BE
S2140411082573206F75742046433A202530385800D6
S214041118257320736571206E756D3A2030782530F6
S2140411283258002573206F75742046433A202530BC
S21404113838780054432025732000257320546162B0
S2140411486C650025642F256420656E747269657362
S21404115820757365642E005472616E7369656E74C7
S214041168204B657900256420656E747225732063A8
S2140411786F6E73756D696E67202564207061636B86
S21404118865742062756666657225732E0057494C29
S2140411984C0057494C4C204E4F5400547275737487
S2140411A82043656E74657220257320616C6C6F77B6
S2140411B82074727573742063656E74657220726524
S2140411C86A6F696E73207573696E672077656C6CD1
S2140411D82D6B6E6F776E206B65792E0053657420C1
S2140411E874696D656F757420666F722054727573B2
S2140411F8742043656E7465722072656A6F696E73CF
S214041208207573696E672077656C6C2D6B6E6F77C7
S2140412186E206C696E6B206B657920746F2025646C
S214041228207365636F6E64732E004552524F523AAC
S21404123820002573737461636B206D757374206264
S2140412486520646F776E2E0052656164696E672048
S214041258416C6C6F7765640048617368696E6720D3
S2140412686F6E6C7900736C5F7A69676265655F6B2D
S21404127865795F73657474696E67735F743A203052
S21404128878253034580020205065726D6973736968
S2140412986F6E733A202573004572726F723A204651
S2140412A861696C656420746F2067657420636F6E6B
S2140412B86669672C207374617475733A20307825D0
S2140412C8303858004661696C65643A2030782530B1
S2140412D83858004D73673A20636C75732030782548
S2140412E83034582C20636D64203078253032582CDE
S2140412F8206C656E202564006275666665723A2001
S21404130800454D4245525F0025735345435552499F
S21404131854595F4C4556454C3A20253032580025DA
S214041328736572617365206B65792025643A20308D
S214041338782530385800636D64206E6F74206275A3
S214041348696C740073726320657020253032782CBB
S21404135820636C757320253034780073656E646971
S2140413686E6720746F206D756C746963617374207E
S21404137862696E640025733A2065703A2025642CE9
S21404138820636C3A203078253034582C20617474E5
S214041398723A20307825303458002C207376723A06
S2140413A82025630025733A20726561643A203078F4
S2140413B825303278002C207376723A2025632C2048
S2140413C864747970653A2030782530325800417252
S2140413D867756D656E7420617420696E6465783A05
S2140413E8202564206973206F7574206F66207261E7
S2140413F86E676500436F6D6D616E6420616C72651F
S214041408616479206275696C742E202043616E6E5F
S2140414186F7420736574204D46472073706563693E
S21404142866696320636F646520666F7220636F6DF8
S2140414386D616E642E004D464720436F64652053E5
S214041448657420666F72206E65787420636F6D6DA0
S214041458616E643A20307825303458005573652018
S2140414684E6578742053657175656E63652053659B
S2140414787420666F72206E65787420636F6D6D6174
S2140414886E643A20307825303258004469736162B5
S2140414986C652044656661756C7420526573706F5C
S2140414A86E73652053657420666F72206E65787453
S2140414B820636F6D6D616E643A203078253032583B
S2140414C8004552523A2072656164696E67206174F9
S2140414D874726962757465202530327800455252F4
S2140414E83A206174747269627574652073697A65E2
S2140414F820256420746F6F206C6172676520666FA0
S2140415087220627566666572004572726F723A205A
S214041518617474726962757465204944203078254C
S214041528303458207265706F727461626C6520631B
S21404153868616E67652069732073697A6520256417
S214041548422C206275742025644220656E74657288
S21404155865640A006E6F20636D64004572726F726C
S2140415683A20434C492053656E64206661696C656D
S214041578642C207374617475733A20307825303877
S21404158858004572726F723A202045554936342001
S214041598617267756D656E7420697320656D707405
S2140415A87920616E64206C6F6F6B75702062792089
S2140415B86E6F6465204944206661696C65642E0014
S2140415C847726F757000556E696361737400556E63
S2140415D862696E6420257320257330782530325866
S2140415E800526571756573743A20005A444F207327
S2140415F8696D706C65206465736320726571202557
S214041608303278005A444F206E6F646520646573E0
S21404161863207265712025303278005A444F206D55
S214041628617463682064657363207265712025306D
S2140416383258005573696E67206D79206C6F636144
S2140416486C20455549363420666F72206465737479
S21404165820455549363420696E2062696E64696E81
S21404166867005A444F2062696E64207265712025AB
S21404167830327800636C7573746572206C696D69B2
S21404168874207265616368656400696E76616C6966
S2140416986420706167653A202564206F7220636849
S2140416A8616E6E656C3A202564004368616E6765F2
S2140416B8206368616E6E656C207374617475733A22
S2140416C820307825303278006475726174696F6EDC
S2140416D8206D75737420626520696E2072616E676A
S2140416E8652030202D203500636F756E74206D7567
S2140416F8737420626520696E2072616E6765203196
S214041708202D2038007363616E20737461747573BA
S21404171820307825303258006E6574776F726B20E7
S2140417287570646174652073657420737461747568
S2140417387320307825303258004163746976652002
S2140417484550207265717565737420737461747579
S214041758733A20307825303258004C514920546169
S214041768626C6520726571756573743A20307825E5
S2140417783032580042696E64696E67205461626C40
S2140417886520726571756573743A20307825303231
S21404179858004C65617665202573307825303258B4
S2140417A800506F7765722044657363726970746F4E
S2140417B872202573307825303258005573696E6761
S2140417C8206D79206C6F63616C204555493634204A
S2140417D8666F7220646573742045554936342069EB
S2140417E86E20756E62696E64696E6700526F7574F2
S2140417F865205461626C652025733078253032582C
S214041808002F686F6D652F72756E6E65722F776F11
S214041818726B2F747579612D7A69676265652D73A5
S21404182877697463682F747579612D7A6967626558
S214041838652D7377697463682F73696C6162735F67
S214041848746F6F6C732F73696D706C6963697479E0
S2140418585F73646B2F70726F746F636F6C2F7A6923
S214041868676265652F6170702F6672616D65776F44
S214041878726B2F636F6D6D6F6E2F736C5F7A69670B
S2140418886265655F73797374656D5F636F6D6D6F9D
S2140418986E2E6300457874656E64656420526573BD
S2140418A8657420696E666F3A20307825303458207F
S2140418B828257329002F686F6D652F72756E6E65FF
S2140418C8722F776F726B2F747579612D7A696762D8
S2140418D865652D7377697463682F747579612D7AD5
S2140418E869676265652D7377697463682F73696CB5
S2140418F86162735F746F6F6C732F73696D706C6954
S214041908636974795F73646B2F70726F746F636F37
S2140419186C2F7A69676265652F6170702F667261CD
S2140419286D65776F726B2F636F6D6D6F6E2F7A6947
S214041938676265655F6170705F6672616D65776F13
S214041948726B5F736C6565702E63005374617920DF
S2140419586177616B65207768656E206E6F74206AA0
S2140419686F696E65643A20257300466F7263656412
S2140419782073746179206177616B653A2020202092
S214041988202020202020257300466F7263696E6726
S2140419982064657669636520746F207374617920A2
S2140419A86177616B6500416C6C6F77696E6720645C
S2140419B8657669636520746F20676F20746F20737B
S2140419C86C656570002F686F6D652F72756E6E6531
S2140419D8722F776F726B2F747579612D7A696762C7
S2140419E865652D7377697463682F747579612D7AC4
S2140419F869676265652D7377697463682F73696CA4
S214041A086162735F746F6F6C732F73696D706C6942
S214041A18636974795F73646B2F70726F746F636F26
S214041A286C2F7A69676265652F6170702F667261BC
S214041A386D65776F726B2F636F6D6D6F6E2F7A6936
S214041A48676265655F737461636B5F736C65657005
S214041A582E630052583A205265736574546F466173
S214041A6863746F727944656661756C747343616CEC
S214041A786C6261636B00657A737020636F756E744D
S214041A88657273206661696C656420257500657ADD
S214041A987370205265736574205468726573686F32
S214041AA86C64206572726F7220257500657A73708F
S214041AB820536574205468726573686F6C64206577
S214041AC872726F72202575002575292025733A20B1
S214041AD825750053657474696E6720546872657357
S214041AE8686F6C6420636F6D6D616E64003F3F3F82
S214041AF8004D6163205278204263617374004D611F
S214041B0863205478204263617374004D61632052E5
S214041B1878205563617374004D61632054782055AA
S214041B2863617374004D6163205478205563617350
S214041B3874205265747279004D6163205478205578
S214041B4863617374204661696C004150532052786F
S214041B5820426361737400415053205478204263D2
S214041B68617374004150532052782055636173742E
S214041B78004150532054782055636173742053757C
S214041B88636365737300415053205478205563612A
S214041B987374205265747279004150532054782027
S214041BA85563617374204661696C00526F75746579
S214041BB8204469736320496E6974696174656400B6
S214041BC84E65696768626F72204164646564004E96
S214041BD865696768626F722052656D6F7665640022
S214041BE84E65696768626F72205374616C65004A53
S214041BF86F696E20496E6469636174696F6E004329
S214041C0868696C64204D6F76656400415348204FBC
S214041C18766572666C6F7700415348204672616D2C
S214041C2865204572726F7200415348204F7665727C
S214041C3872756E204572726F72004E574B2046437B
S214041C48204661696C7572650041505320464320EE
S214041C584661696C7572650041534820584F66663C
S214041C680041505320556E617574686F72697A65C1
S214041C7864204B6579004E574B204465637279702F
S214041C8874204661696C757265730041505320442C
S214041C98656372797074204661696C757265730041
S214041CA85061636B65742042756666657220416C84
S214041CB86C6F63617465204661696C757265730040
S214041CC852656C6179656420556361737400506865
S214041CD87920746F204D4143207175657565206CB5
S214041CE8696D697420726561636865640050616330
S214041CF86B65742056616C69646174652064726FE0
S214041D087020636F756E74004E574B20726574723C
S214041D1879206F766572666C6F7700434341204678
S214041D2861696C757265730042726F61646361738E
S214041D3874207461626C652066756C6C005054413E
S214041D48204C6F205072692052657100505441200F
S214041D584869205072692052657100505441204CDD
S214041D686F205072692044656E696564005054415A
S214041D78204869205072692044656E69656400507D
S214041D885441204C6F205072692054782041627266
S214041D9874005054412048692050726920547820B1
S214041DA841627274004164647265737320436F6E93
S214041DB8666C6963742053656E740043534C2052F2
S214041DC878207363686564756C65206661696C65FC
S214041DD864000D004465627567207072696E74202D
S214041DE867726F75702025730A0057726F6E6720C6
S214041DF8706172616D657465720A0046696E642066
S214041E08616E642042696E6420496E6974696174FF
S214041E186F723A20436F6D706C6574653A2030783B
S214041E282530325800537461727420746172676581
S214041E38740046696E6420616E642042696E64208C
S214041E485461726765740025733A2025733A203006
S214041E58782530325800467261676D656E74617411
S214041E68696F6E2052582077696E646F772073699D
S214041E787A652073657420746F202564002F686F54
S214041E886D652F72756E6E65722F776F726B2F7411
S214041E987579612D7A69676265652D7377697463E8
S214041EA8682F747579612D7A69676265652D73770D
S214041EB8697463682F73696C6162735F746F6F6C9F
S214041EC8732F73696D706C69636974795F73646B77
S214041ED82F70726F746F636F6C2F7A6967626565AB
S214041EE82F6170702F6672616D65776F726B2F70D5
S214041EF86C7567696E2F667261676D656E7461745A
S214041F08696F6E2F667261676D656E746174696F4A
S214041F186E2E630052583A2041646447726F757097
S214041F28526573706F6E7365203078253032582C7E
S214041F38203078253034580052583A205669657748
S214041F4847726F7570526573706F6E73652030785C
S214041F58253032582C203078253034582C2022004E
S214041F6852583A2047657447726F75704D656D62AE
S214041F78657273686970526573706F6E7365203026
S214041F8878253032582C203078253032582C0020CA
S214041F985B3078253034585D0052583A2052656DC7
S214041FA86F766547726F7570526573706F6E73657A
S214041FB8203078253032582C203078253034580094
S214041FC865705B253032585D2069645B253034586B
S214041FD85D00436C656172696E6720616C6C20678E
S214041FE8726F7570732E004552523A204661696CBA
S214041FF8656420746F206372656174652062696E17
S21404200864696E672028307825303258290045528E
S214042018523A2042696E64696E67207461626C6520
S2140420282069732066756C6C004552523A207772A4
S2140420386974696E67206E616D6520737570706F5C
S214042048727420253032580052583A204164644746
S214042058726F7570203078253034582C202200751D
S214042068760052583A205669657747726F7570201D
S2140420783078253034580075767300766965775F4E
S21404208867726F75700047726F7570733A20666171
S214042098696C656420746F2073656E6420257320EC
S2140420A8726573706F6E73653A20307825303258CF
S2140420B8006765745F67726F75705F6D656D6265DE
S2140420C8727368697020726573706F6E73650064E6
S2140420D8656661756C745F726573706F6E736500A0
S2140420E852583A2047657447726F75704D656D622D
S2140420F8657273686970203078253032582C0075FC
S21404210875620047726F7570733A206661696C650C
S2140421186420746F2073656E642025733A203078C3
S214042128253032580052583A2052656D6F76654706
S214042138726F757020307825303458004552523AFC
S214042148204661696C656420746F2064656C6574E8
S214042158652062696E64696E672028307825303297
S21404216858290072656D6F76655F67726F757000C3
S21404217852583A2052656D6F7665416C6C47726F9B
S2140421887570730052583A2041646447726F7570CC
S21404219849664964656E74696679696E672030783D
S2140421A8253034582C202200616464004368616E2C
S2140421B86E656C206E6F742076616C69643A2025AF
S2140421C864005072696D617279002573206D6173BD
S2140421D86B206E6F77203078253038580053656347
S2140421E86F6E64617279004D61736B206E6F742034
S2140421F876616C69643A202564007072696D617250
S21404220879007365636F6E646172790025733A208A
S214042218536574202573206D61736B20746F2030AA
S2140422287825303858005374617475730025733AEA
S2140422382025733A004368616E6E656C206D617381
S2140422486B3A002020202028312920307825303881
S21404225858205B002020202028322920307825307A
S2140422683858205B0053746174653A2030782530FA
S214042278325820282573290043757272656E7420B7
S2140422886368616E6E656C3A20256400546F7461E9
S2140422986C20626561636F6E733A202564004A6F2A
S2140422A8696E20617474656D7074733A20256400D1
S2140422B84E6574776F726B2073746174653A203058
S2140422C878253032580053746F7000257320537481
S2140422D86F702E2020436C65616E696E672075707A
S2140422E82E0042726F616463617374696E6720704E
S2140422F865726D6974206A6F696E005472757374BA
S2140423082063656E746572206C696E6B206B6579E4
S2140423182075706461746520737461747573002520
S214042328733A205741524E494E473A20736C5F7AA7
S21404233869676265655F7365745F696E6974696108
S2140423486C5F73656375726974795F7374617465B9
S214042358206661696C65642E20436F6E74696E75B9
S214042368696E6720776974686F757420696E73740C
S214042378616C6C20636F64652E004572726F723AE6
S21404238820696E7374616C6C20636F646520736572
S214042398747570206661696C65642E2049732061C3
S2140423A86E20696E7374616C6C20636F6465206656
S2140423B86C6173686564206F6E746F20746865203A
S2140423C86465766963653F00D0D1D2D3D4D5D6D7B1
S2140423D8D8D9DADBDCDDDEDF00FFFFFFFFFFFFFF17
S2140423E8FF005A6967426565416C6C69616E63658E
S2140423F830390025733A2069737375696E672073DC
S21404240863616E206F6E202573206368616E6E6547
S2140424186C7320286D61736B203078253038582902
S21404242800257320697320616C726561647920697C
S2140424386E2070726F67726573730053746172747A
S214042448004578616D696E696E6720626561636FC1
S2140424586E206F6E206368616E6E656C202564203E
S214042468776974682070616E496420307825303442
S21404247858005468697320626561636F6E206973D7
S214042488206E6F742070617274206F66207468659D
S2140424982063757272656E74206368616E6E656C0F
S2140424A8206D61736B2028307825303858292E2003
S2140424B847657474696E67206E6578742062656112
S2140424C8636F6E2077686F7365206368616E6E65E8
S2140424D86C206269746D61736B206973207365740C
S2140424E82E004572726F723A20257320636F756CDE
S2140424F864206E6F7420617474656D7074206A6FDE
S214042508696E3A20307825303258004E6F2062655E
S21404251861636F6E73206C656674206F6E206375D6
S2140425287272656E74206D61736B2E204D6F7669BA
S2140425386E6720746F206E65787420737461746592
S214042548002573206A6F696E696E672030782530B7
S2140425583458206F6E206368616E6E656C2025643F
S2140425680025732053746174653A202573004572F8
S214042578726F723A20257320636F756C64206E6FD1
S21404258874207365747570207365637572697479DD
S2140425983A20307825303258004572726F723A20E5
S2140425A85363616E20636F6D706C65746520686133
S2140425B86E646C65722072657475726E656420301C
S2140425C87825303258002573207363616E20636F54
S2140425D86D706C6574652E20426561636F6E73203A
S2140425E868656172643A20256400257320737461F3
S2140425F8636B207374617475732030782530325891
S214042608002573206E6574776F726B206A6F696E27
S21404261865642E00257320747279696E67206E656A
S2140426287874206E6574776F726B2E004E6F6E65C5
S214042638005363616E205072696D61727920436835
S214042648616E6E656C7320616E64207573652043D5
S2140426586F6E66696775726564204B6579005363A7
S214042668616E205072696D617279204368616E6E7E
S214042678656C7320616E642075736520496E737487
S214042688616C6C20436F6465005363616E205072FE
S214042698696D617279204368616E6E656C7320613A
S2140426A86E64205573652043656E7472616C697A2E
S2140426B86564204B6579005363616E205072696DBA
S2140426C8617279204368616E6E656C7320616E640E
S2140426D820557365204469737472696275746564F9
S2140426E8204B6579005363616E205365636F6E648F
S2140426F8617279204368616E6E656C7320616E64DE
S2140427082075736520436F6E666967757265642005
S2140427184B6579005363616E205365636F6E64611D
S2140427287279204368616E6E656C7320616E6420EE
S21404273875736520496E7374616C6C20436F6465A9
S214042748005363616E205365636F6E64617279200B
S2140427584368616E6E656C7320616E64205573659C
S2140427682043656E7472616C697A6564204B65797A
S214042778005363616E205365636F6E6461727920DB
S2140427884368616E6E656C7320616E64205573656C
S214042798204469737472696275746564204B65793C
S2140427A8005363616E205072696D617279204368C4
S2140427B8616E6E656C7320616E6420557365204186
S2140427C86C6C204B6579732028696E7374616C6C25
S2140427D820636F64652C2063656E7472616C697A15
S2140427E865642C20646973747269627574656429F7
S2140427F8005363616E205365636F6E64617279205B
S2140428084368616E6E656C7320616E6420557365EB
S21404281820416C6C204B6579732028696E7374614B
S2140428286C6C20636F64652C2063656E7472616CCF
S214042838697A65642C206469737472696275746550
S2140428486429004F6E2F4F66662073657420766180
S2140428586C75653A202530325820253032580045A4
S21404286852523A2072656164696E67206F6E2F6FE4
S21404287866662025303258004F6E2F6F66662061D4
S2140428886C72656164792073657420746F206E6554
S214042898772076616C756500546F67676C65206F82
S2140428A86E2F6F66662066726F6D2025303258204C
S2140428B8746F2025303258004552523A2077726990
S2140428C874696E67206F6E2F6F66662025303258DF
S2140428D800496E7374616C6C656420547970652065
S2140428E82842617365293A2020307825303258000A
S2140428F84361706162696C69746965733A20202063
S21404290820202020202020203078253034580042EB
S2140429186F6F746C6F616465722056657273696F45
S2140429286E3A20202020203078253034580053650D
S2140429386375726520426F6F746C6F61646572208C
S2140429484B65793A20202020202000426F6F746C53
S2140429586F6164696E67206661696C65642100440A
S2140429686F776E6C6F6164206661696C65642E00AF
S21404297844656C6574696E67206661696C65642075
S214042988646F776E6C6F61642C20737461747573EE
S2140429983A2030782530325800496D6167652064DE
S2140429A86F6573206E6F7420636F6E7461696E2032
S2140429B8616E205570677261646520496D6167654C
S2140429C8205461672028307825303458292E20531F
S2140429D86B697070696E6720757067726164652EBE
S2140429E800457865637574696E6720626F6F746CEA
S2140429F86F61642063616C6C6261636B2E00537450
S214042A08617274696E672045424C20766572696601
S214042A1869636174696F6E0045424C206661696C2F
S214042A28656420766572696669636174696F6E2E7B
S214042A380045424C2070617373656420766572693C
S214042A486669636174696F6E2E002573696E672004
S214042A584F544120636C69656E74207374617465A1
S214042A68206D616368696E650073746F70700045E5
S214042A7872726F723A204E6F20696D6167652061C5
S214042A887420696E646578202564004E6F7420731C
S214042A987570706F727465642E00436C69656E7425
S214042AA820696D61676520717565727920696E663F
S214042AB86F004D616E75662049443A202020202018
S214042AC82020202030782530345800496D61676509
S214042AD820547970652049443A20202020307825EF
S214042AE83034580043757272656E74205665727376
S214042AF8696F6E3A2020307825303858004861725D
S214042B0864776172652056657273696F6E3A200041
S214042B184E410051756572792044656C6179206D63
S214042B28733A202020202020202020202020256CD6
S214042B38640053657276657220446973636F7665BC
S214042B4872792044656C6179206D733A20256C642B
S214042B5800446F776E6C6F61642044656C617920FD
S214042B686D733A202020202020202020256C640025
S214042B7852756E20557067726164652044656C6191
S214042B8879206D733A202020202020256C64005676
S214042B9865726966792044656C6179206D733A209C
S214042BA820202020202020202020256C6400446F2C
S214042BB8776E6C6F6164204572726F722054687207
S214042BC86573686F6C643A202025640055706772D4
S214042BD86164652057616974205468726573686F08
S214042BE86C643A202020202564004F544120446F0A
S214042BF8776E6772616465733A2044697361626CC0
S214042C086564004F544120446F776E67726164654B
S214042C18733A20456E61626C656400426F6F746C2B
S214042C286F61642073746174653A20257300496E75
S214042C3876616C6964204550202564207768656E43
S214042C4820747279696E6720746F2073656E6420C9
S214042C584F5441206D6573736167652E0053656E26
S214042C6864696E67205570677261646520456E6492
S214042C7820726571756573742E0025733A20696E23
S214042C8876616C696420636D644964203078253005
S214042C983258004572726F723A20204661696C6534
S214042CA86420746F2073656E64204F544120636FEC
S214042CB86D6D616E64203078253032582C2073741C
S214042CC8617475733A20307825303258005365722B
S214042CD876657220756E6B6E6F776E2C2066616CE7
S214042CE86C696E67206261636B20746F2064697315
S214042CF8636F766572792E004D6178696D756D20FF
S214042D087175657279206572726F7273206869745A
S214042D1820282564292C207374617274696E6720D0
S214042D2873656172636820666F72206E6577204FDC
S214042D385441207365727665722E0A004170706C71
S214042D4879696E6720757067726164650025733AE1
S214042D5820696E76616C6964206F66667365742094
S214042D6863757272656E7454696D6528307825309B
S214042D78385829203E207570677261646554696DF9
S214042D88652830782530385829004F544120436C3C
S214042D9875737465723A207761697420666F722059
S214042DA82564207300525865642074696D654F75F0
S214042DB8742030782530385820732C204D415820FC
S214042DC874696D654F7574203078253038582073CB
S214042DD8004D6178696D756D2075706772616465FC
S214042DE8207265717565737473206D616465202837
S214042DF825642920776974686F7574207265737002
S214042E086F6E73652066726F6D2073657276657271
S214042E182E00557067726164696E6720616E7977F3
S214042E286179004F5441205365727669636520645E
S214042E386973636F766572792070726576656E74E9
S214042E486564202D20616E6F74686572206973202E
S214042E58616C726561647920696E2070726F67723E
S214042E68657373004661696C656420746F20696EC7
S214042E78697469617465207365727669636520642C
S214042E886973636F766572792E004F5441205365D3
S214042E98727669636520446973636F766572792010
S214042EA8696E2070726F677265737300436C696528
S214042EB86E7420766572696669636174696F6E20DC
S214042EC86661696C65642E005369676E6174757211
S214042ED86500437573746F6D007061737365640081
S214042EE84641494C4544004E6F207369676E6174C9
S214042EF875726520766572696669636174696F6E52
S214042F0820737570706F72742C20617373756D6995
S214042F186E6720696D616765206973206F6B6179D8
S214042F282E00257320766572696669636174696F15
S214042F386E2025733A20307825303258004D617853
S214042F48696D756D206E756D626572206F66206496
S214042F586F776E6C6F6164206572726F727320721D
S214042F686561636820282564292C2061626F727461
S214042F78696E672E004F544120436C7573746572EE
S214042F883A2073657474696E67204945454520611F
S214042F98646472657373206F66204F544120636CB3
S214042FA87573746572005061727469616C20666921
S214042FB86C6520646F776E6C6F616420666F756EDF
S214042FC8642C20636F6E74696E75696E672066720A
S214042FD86F6D206F666673657420307825303858B0
S214042FE800466F756E642066756C6C7920646F771E
S214042FF86E6C6F616465642066696C6520696E2012
S21404300873746F72616765202876657273696F6E6C
S21404301820307825303858292E00466F756E64207F
S21404302866696C6520696E2073746F7261676520C3
S2140430387769746820646966666572656E74207656
S214043048657273696F6E20283078253038582920C1
S2140430587468616E2063757272656E742076657224
S21404306873696F6E202830782530385829004669E9
S2140430786C6520696E2073746F7261676520697366
S2140430882073616D652061732063757272656E7452
S2140430982072756E6E696E672076657273696F6ED8
S2140430A8202830782530385829004E6F20696D61FD
S2140430B8676520666F756E6420696E2073746F7218
S2140430C86167652E004F54412053657276696365BF
S2140430D820446973636F7665727920756E626C6FC7
S2140430E8636B65640049676E6F72696E6720736503
S2140430F8727665722066726F6D206C6F6F7062618F
S214043108636B20616464726573730049676E6F72DB
S214043118696E6720307825303458204F5441207320
S214043128657276657220696E2073656172636820BD
S2140431386F662054430053657474696E67204F5451
S214043148412053657276657220746F203078253076
S21404315834580044656C6179696E67202564207369
S21404316865636F6E6473206265666F726520737438
S214043178617274696E67204F544120636C69656E8A
S214043188740054696D656F75742077616974696E27
S2140431986720666F72206D6573736167652E0042DB
S2140431A86164204F544120636F6D6D616E643A20EC
S2140431B8307825303258004F544120636F6D6D6166
S2140431C86E642030782530325820746F6F20736808
S2140431D86F727420286C656E202564203C206D6907
S2140431E86E20256429004F544120636F6D6D616E0F
S2140431F8642066726F6D20756E7265636F676E699C
S2140432087A65642073657276657220307825303462
S214043218582E20204D79204F5441207365727665C8
S214043228723A2030782530345800496D6167652035
S2140432384E6F7469667900476F7420756E6578708A
S21404324865637465642025732E2020537461727434
S21404325820646973636F766572792E0064656661A7
S214043268756C74004F54413A206661696C65642035
S214043278746F2073656E6420257320726573706F8F
S2140432886E73653A2030782530325800496D616788
S21404329865206E6F7469667900476F7420756E656D
S2140432A8787065637465642025732E202049676EDC
S2140432B86F7265642E004F54413A20446566617502
S2140432C86C7420726573706F6E736520666F7220F7
S2140432D8496D616765206E6F746966792C2073740E
S2140432E8617475732030782530325800496D6167EB
S2140432F865206E6F7469667920636F6D6D616E64A0
S21404330800257320756E69636173742C2071756566
S2140433187279696E6700496E76616C696400257314
S214043328202573207061796C6F61642074797065E8
S214043338203078253032580025732025733A206FBC
S2140433487574206F662072616E6765206A69747486
S21404335865722025640025732025733A20706179E8
S2140433686C6F6164206C656E67746820646F65733F
S2140433786E2774206D6174636820747970652030D4
S214043388782530325820282564203C2025642900D6
S21404339825732025732064756520746F206E6F6E00
S2140433A82D6D61746368696E67206D616E756661FC
S2140433B8637475726572204944002573202573204A
S2140433C864756520746F206E6F6E2D6D6174636806
S2140433D8696E6720696D6167652074797065204930
S2140433E8440025732025732064756520746F206D4A
S2140433F861746368696E67206669726D7761726561
S2140434082076657273696F6E0025732025732C20E9
S21404341852782764204A697474657220283078259F
S214043428303258292C205069636B6564204A6974C5
S214043438746572202830782530325829005175650D
S2140434487279206E65787420696D61676520726587
S21404345873706F6E73650025732072657475726E6B
S2140434686564203078253032582E20204E6F206E22
S214043478657720696D61676520746F20646F776E61
S2140434886C6F61642E00257320746F6F2073686FE9
S214043498727420282564203C202564290025733A64
S2140434A8204E657720696D616765206973206176AB
S2140434B861696C61626C6520666F7220646F776EF2
S2140434C86C6F61642E002573206973206E6F7420F8
S2140434D87573696E67206D7920696D616765206903
S2140434E86E666F2E004552524F523A204E657874D7
S2140434F820496D61676520697320746F6F2062695F
S2140435086720746F2073746F7265202830782530AE
S2140435183858203E2030782530385829002573201E
S21404352872657475726E65642073616D652046698C
S2140435386C6556657273696F6E2061732063757265
S21404354872656E746C7920696E7374616C6C6564EC
S2140435582E004F544120446F776E6772616465731A
S2140435682044697361626C65643A2046696C6556E2
S214043578657273696F6E20626568696E6420637528
S2140435887272656E7420696E7374616C6C617469AA
S2140435986F6E005374617274696E6720646F776E19
S2140435A86C6F61642C2056657273696F6E20307870
S2140435B825303858004572726F723A204661696C35
S2140435C8656420746F2064656C65746520696D6134
S2140435D867652E004572726F723A204661696C659B
S2140435E86420746F206572617365206F6C64207440
S2140435F8656D7020646174612E00496D616765208D
S214043608626C6F636B20726573706F6E7365004FC0
S21404361854413A20496D616765426C6F636B526525
S214043628706F6E736520636F6E7461696E7320695C
S2140436386E76616C6964206F7220696E636F6D7054
S2140436486C6574652064617461005570646174699E
S2140436586E67204D696E20426C6F636B20526571ED
S2140436687565737420506572696F6420746F2025BD
S21404367864206D7300446F776E6C6F6164206465B4
S2140436886C61792062792073657276657220256488
S214043698206D7300446F776E6C6F61642061626F8F
S2140436A872746564206279207365727665722E007A
S2140436B853657276657220646F65736E277420731B
S2140436C87570706F727420706167652072657175A5
S2140436D86573742C206F6E6C79207573696E672019
S2140436E8626C6F636B20726571756573742E005314
S2140436F865727665722072657475726E65642027C5
S214043708756E737570706F7274656420636C757308
S21404371874657220636F6D6D616E64272E00556E36
S2140437286B6E6F776E2025732073746174757320BF
S214043738636F646520307825303258002573206816
S214043748617320646174612073697A65202825642E
S2140437582920736D616C6C6572207468616E2061D3
S214043768637475616C207061636B65742073697A21
S2140437786520282564292E002573206572726F72C9
S2140437883A204578706563746564206F6666736569
S21404379874203078253038582C2062757420676F6A
S2140437A874203078253038582E202049676E6F727A
S2140437B8696E6700257320696E666F2064696420E5
S2140437C86E6F74206D61746368206D7920657870F7
S2140437D8656374656420696E666F2E202044726F74
S2140437E87070696E672E004661696C656420746F34
S2140437F820777269746520746F2073746F726167BA
S21404380865206465766963652100446F776E6C6F1E
S2140438186164005570677261646520656E64207221
S2140438286573706F6E736500536572766572206192
S214043838626F7274656420757067726164652C20A3
S2140438487374617475733A2030782530325800459D
S21404385872726F723A2025732068616420696E76E6
S214043868616C69642025733A200066696C65207665
S214043878657273696F6E00416464696E67202564B7
S214043888206D732E2064656C617920666F722069DA
S2140438986D6D6564696174652075706772616465C9
S2140438A82E00436F756E74646F776E20746F207580
S2140438B87067726164653A202564206D730020532E
S2140438C8746174653A202020257300205761697452
S2140438D8696E6720666F7220726573706F6E7365A3
S2140438E83A20257300204E657874204576656E74F4
S2140438F82054696D65723A202564206D7300204350
S214043908757272656E7420446F776E6C6F6164208E
S2140439184F66667365743A20307825303858202800
S21404392825642525290025733A206661696C656433
S2140439382070617273696E67204F544120636D640A
S21404394820307825303258004F544120446566614B
S214043958756C7420726573706F6E736520746F204F
S214043968636F6D6D616E642049442030782530326B
S214043978582C207374617475732030782530325847
S21404398800496D61676520626C6F636B20726571B0
S214043998756573742074657374206F6E6C792077FC
S2140439A86F726B73207768656E2073746174652014
S2140439B8697320424F4F544C4F41445F535441540B
S2140439C8455F4E4F4E450052616E646F6D204465E8
S2140439D86C6179206265666F7265207374617274AF
S2140439E800446973636F766572696E67204F544145
S2140439F82053657276657200476574204F544120DB
S214043A0853657276657220455549004F627461693C
S214043A186E206C696E6B206B6579005175657279DA
S214043A28696E67204E65787420496D616765004441
S214043A386F776E6C6F6164696E6720496D61676540
S214043A4800566572696679696E6720496D616765AF
S214043A580057616974696E6720666F7220557067CF
S214043A6872616465206D65737361676500436F757D
S214043A786E74646F776E20746F2055706772616415
S214043A88650057616974696E6720746F207570677E
S214043A987261646520766961206F75742D6F662D72
S214043AA862616E64206D656368616E69736D002576
S214043AB8733A202564252520636F6D706C657465DC
S214043AC800496D6167652025640020204552524FE1
S214043AD8523A20436F756C64206E6F742067657461
S214043AE82066756C6C206865616465722100202008
S214043AF84865616465722056657273696F6E3A200C
S214043B083078253034580020204865616465722072
S214043B184C656E6774683A2020256420627974655B
S214043B28730020204669656C6420436F6E74726F58
S214043B386C3A20203078253034580020204D616EA9
S214043B4875662049443A20202020202020307825F5
S214043B58303458002020496D6167652054797065B3
S214043B683A2020202020307825303458002020564B
S214043B78657273696F6E3A2020202020202020303A
S214043B8878253038580020205A69676265652056BB
S214043B98657273696F6E3A20307825303458002081
S214043BA82048656164657220537472696E673A20AA
S214043BB8202573002020496D6167652053697A655E
S214043BC83A2020202020256C6420627974657300CE
S214043BD82020536563757269747920437265643A64
S214043BE820203078253032580020205570677261BE
S214043BF8646520446573743A2020200020204D69AB
S214043C086E2E204857205665723A20202020307899
S214043C18253034580020204D61782E2048572056E9
S214043C2865723A2020202030782530345800202029
S214043C38546F74616C20546167733A2025640020BD
S214043C482020205461673A203078253034580020E4
S214043C5820202020204C656E6774683A20256C6402
S214043C68004572726F723A20436F756C64206E6FEB
S214043C7874206F627461696E2074616720696E6669
S214043C886F2066726F6D20696D6167652E000A2560
S214043C986420696D6167657320696E204F544120FE
S214043CA873746F726167652E00496D616765206479
S214043CB8656C65746525732E004572726F723A20BA
S214043CC820436F756C64206E6F742072656164207F
S214043CD8626C6F636B3A203078253032582E0A00AF
S214043CE85374617274696E672065726173652066C1
S214043CF8726F6D206F666673657420307825303869
S214043D085820746F2030782530385800436F756C07
S214043D1864206E6F74207374617274204552415324
S214043D2845212028307825303258290045455052F8
S214043D384F4D20457261736520636F6D706C6574B2
S214043D4865002F686F6D652F72756E6E65722F77B6
S214043D586F726B2F747579612D7A69676265652D44
S214043D687377697463682F747579612D7A696762E5
S214043D7865652D7377697463682F73696C616273FC
S214043D885F746F6F6C732F73696D706C6963697495
S214043D98795F73646B2F70726F746F636F6C2F7AAE
S214043DA869676265652F6170702F6672616D6577E5
S214043DB86F726B2F706C7567696E2F6F74612D73D5
S214043DC8746F726167652D73696D706C652D6565B2
S214043DD870726F6D2F6F74612D73746F726167657F
S214043DE82D656570726F6D2D706167652D657261DE
S214043DF873652E63002F686F6D652F72756E6E651A
S214043E08722F776F726B2F747579612D7A69676272
S214043E1865652D7377697463682F747579612D7A6F
S214043E2869676265652D7377697463682F73696C4F
S214043E386162735F746F6F6C732F73696D706C69EE
S214043E48636974795F73646B2F70726F746F636FD2
S214043E586C2F7A69676265652F6170702F66726168
S214043E686D65776F726B2F706C7567696E2F6F74DC
S214043E78612D73746F726167652D73696D706C65F7
S214043E882D656570726F6D2F6F74612D73746F7204
S214043E986167652D656570726F6D2E63004F5441BA
S214043EA82053696D706C652053746F726167652062
S214043EB8454550524F4D207761726E696E673A20B9
S214043EC8636F756C64206E6F742067657420736CFA
S214043ED86F7420696E666F20666F7220736C6F74D9
S214043EE820256420286572726F7220307825303257
S214043EF858292E2044656661756C74696E6720744B
S214043F086F207370656369666965642061646472AA
S214043F18657373206F6666736574730053746F7283
S214043F28616765204472697665723A2020202020ED
S214043F3820202020202020204F54412053696D70D3
S214043F486C652053746F7261676520454550524FFF
S214043F584D20506C7567696E0052656164204D6F1C
S214043F686469667920577269746520537570706F32
S214043F7872743A20206E6F00534F4320426F6F745A
S214043F886C6F6164696E6720537570706F72743AEB
S214043F982020202079657300426F6F746C6F61640B
S214043FA865722053746F7261676520537570706FFD
S214043FB872743A2055736520666972737420736C3C
S214043FC86F7400536C6F7420746F207573653A2091
S214043FD820202020202020202020202020202025CB
S214043FE8640043757272656E7420446F776E6C6FE6
S214043FF86164204F66667365743A20202020307802
S214044008253038580045424C205374617274204F4A
S21404401866667365743A20202020202020202020FD
S2140440282030782530385800454550524F4D205397
S214044038746172743A20202020202020202020201A
S2140440482020202030782530385800454550524FD7
S2140440584D20456E643A2020202020202020202051
S2140440682020202020202030782530385800496D1C
S21404407861676520496E666F2053746172743A20CE
S2140440882020202020202020202030782530385852
S21404409800536176652052617465202862797465D8
S2140440A87329202020202020202020202030782536
S2140440B8303858004F6666736574206F6620646FE0
S2140440C8776E6C6F6164206F666673657420202053
S2140440D8307825303858004F6666736574206F66E6
S2140440E82045424C206F66667365743A202020206B
S2140440F8202020307825303858004F66667365745B
S214044108206F6620696D6167652073746172743AFE
S21404411820202020202030782530385800736C5F03
S2140441287A69676265655F61665F6F74615F7374F9
S2140441386F726167655F6472697665725F726561DE
S214044148645F63622829206661696C65642100429D
S2140441586164206D61676963206E756D626572209F
S214044168696E2066696C653A2030782530325820A6
S2140441783078253032582030782530325820307838
S21404418825303258004261642076657273696F6E12
S21404419820696E2066696C652030782530345800AE
S2140441A84572726F723A2072656164416E64566134
S2140441B86C696461746553746F726564496D61678C
S2140441C865282920747269656420746F2072656195
S2140441D864206D6F72652064617461207468616E12
S2140441E820697420636F756C6420686F6C642E0095
S2140441F8736C5F7A69676265655F61665F6F746131
S2140442085F73746F726167655F6472697665725FFF
S214044218726561645F63622829204641494C4544B7
S21404422821004C617374206F666673657420646F2E
S214044238776E6C6F616465643A2030782530385838
S2140442480053746F72616765204D6F64756C653AC8
S214044258204F54412053696D706C652053746F72F7
S21404426861676520506C7567696E00496D6167659E
S214044278732053746F7265643A20202564206F6631
S21404428820310A00253032583A006570202530322D
S2140442985820636C75732025303458206174747202
S2140442A820253034582073767220256300206D66E6
S2140442B867202530325800207265706F7274206D3E
S2140442C8696E2025303458206D617820253034589E
S2140442D8207270742D636867202530385800207261
S2140442E86563656976652066726F6D202530345877
S2140442F820657020253032582074696D656F757492
S21404430820253034580072656D6F766500636C65D9
S2140443186172696E67206C617374207265706F725F
S214044328742074696D65206F6620616C6C206174F6
S21404433874726962757465730074657374696E67FC
S2140443482074696D696E67206F6620766172696F7E
S2140443587573207265706F7274696E67206F706506
S214044368726174696F6E73002D2D2D2D2D2D2D2DD4
S2140443782D2D2D2D2D2D2D2D2D2D2D2D2D2D2D2D5C
S2140443882D2D2D2D2D2D2D2D2D2D2D2D2D2D2D2D4C
S2140443982D2D2D2D2D2D2D002D2D7461626C65204F
S2140443A87265616473202D2066756C6C2074616276
S2140443B86C652D2D00726573756C74203D2025641C
S2140443C8206D73002D2D696E6974202F2073636821
S2140443D86564756C65207469636B2D2D2D002D2D11
S2140443E86C6F616420636F6E666967757261746961
S2140443F86F6E2064656661756C74732D2D002F6866
S2140444086F6D652F72756E6E65722F776F726B2F70
S214044418747579612D7A69676265652D7377697431
S21404442863682F747579612D7A69676265652D737B
S21404443877697463682F73696C6162735F746F6FEE
S2140444486C732F73696D706C69636974795F7364D0
S2140444586B2F70726F746F636F6C2F7A69676265FF
S214044468652F6170702F6672616D65776F726B2F3A
S214044478706C7567696E2F7265706F7274696E6793
S2140444882F7265706F7274696E672E6300524541A9
S214044498445F5250545F43464700726561645F72D6
S2140444A865706F7274696E675F636F6E6669677549
S2140444B8726174696F6E005265706F7274696E67A4
S2140444C83A206661696C656420746F2073656E644F
S2140444D820257320726573706F6E73653A20307882
S2140444E825303258004552523A2072656164696E26
S2140444F86720636C75737465722030782530345879
S2140445082061747472696275746520307825303455
S214044518583A20307825303258004552523A20729C
S21404452865706F7274696E67206F66204C4F4E47CD
S21404453820737472696E6720617474726962757424
S214044548652074797065206E6F7420737570706F4B
S214044558727465643A20636C757374657220307877
S2140445682530345820617474726962757465203015
S2140445787825303458005265706F7274696E6720F7
S214044588456E7472792046756C6C202D20637265AE
S2140445986174696E67206E6577207265706F7274D1
S2140445A8004346475F52505400202D2064697265C4
S2140445B86374696F6E3A253032582C2061747472AD
S2140445C83A2530345800202020747970653A25300E
S2140445D832582C206D696E3A253034582C206D617B
S2140445E8783A25303458002020206368616E676561
S2140445F83A0020202074696D656F75743A25303446
S2140446085800636F6E6669677572655F7265706F6A
S2140446187274696E67002054434C4B20757064614D
S214044628746520616C726561647920696E207072A5
S2140446386F6772657373004D616E75616C205443C1
S2140446484C4B20757064617465206661696C65649A
S2140446582E2573005374617274696E6720757064CE
S2140446686174652074727573742063656E746572FC
S214044678206C696E6B206B65792070726F63657346
S2140446887300557064617465205443204C696E6BDE
S214044698204B657900204E6577206B657920657315
S2140446A87461626C69736865643A00204572726F57
S2140446B8723A00506172746E65723A20005A434C1E
S2140446C820676C6F62616C20636C75737465722006
S2140446D8636F6D6D616E6473006469726563746993
S2140446E86F6E00646973632D636F6D2D67656E0066
S2140446F8646973632D636F6D2D72656300657870E6
S2140447086563742D7265706F72742D66726F6D2D85
S2140447186D6500757772697465006E77726974657D
S214044728007265706F72742D726561640073656ECD
S214044738642D6D652D612D7265706F7274004372F9
S2140447486561746573206120676C6F62616C2064B0
S2140447586973636F76657220636F6D6D616E64202E
S214044768666F7220746865206173736F6369617419
S21404477865642076616C7565732E00636C75737456
S214044788657249641F6174747269627574654964F4
S2140447981F6D61784E756D626572546F5265706FE1
S2140447A872741F0043726561746573206120676CB8
S2140447B86F62616C2073656E64206D65206120727B
S2140447C865706F727420636F6D6D616E6420666FBA
S2140447D87220746865206173736F636961746564B5
S2140447E82076616C7565732E00636C7573746572D8
S2140447F849641F61747472696275746549641F64D8
S214044808617461547970651F6D696E5265706F7254
S2140448187454696D651F6D61785265706F7274544F
S214044828696D651F7265706F727461626C65436842
S214044838616E67651F004372656174657320612045
S214044848676C6F62616C2072656164207265706F54
S2140448587274696E6720636F6D6D616E6420666F2F
S2140448687220746865206173736F63696174656424
S21404487820636C75737465722C2061747472696233
S21404488875746520616E64207365727665722F632D
S2140448986C69656E7420646972656374696F6E2EDC
S2140448A800636C757374657249641F617474726905
S2140448B86275746549641F646972656374696F6EAA
S2140448C81F00476C6F62616C207265706F72746942
S2140448D86E6720636F6D6D616E6400656E64706FDD
S2140448E8696E741F636C757374657249641F6174AA
S2140448F87472696275746549641F6D61736B1F0011
S21404490843726561746573206120676C6F62616CBD
S214044918207265616420636F6D6D616E64206D65D9
S214044928737361676520746F2072656164206672AC
S2140449386F6D2074686520636C7573746572206186
S2140449486E64206174747269627574652073706528
S2140449586369666965642E00636C75737465724969
S214044968641F61747472696275746549641F0043D0
S214044978726561746573206120676C6F62616C2070
S214044988777269746520636F6D6D616E64206D65FA
S214044998737361676520746F207772697465207411
S2140449A86F2074686520636C757374657220616E15
S2140449B864206174747269627574652073706563C3
S2140449C8696669656400636C757374657249641F07
S2140449D861747472696275746549641F7479706564
S2140449E81F646174611F00437265617465206120E9
S2140449F86578706563742D7265706F72742D66724F
S214044A086F6D2D6D65206D657373616765207769B5
S214044A187468206173736F63696174656420766172
S214044A286C7565732E00636C757374657249641FC0
S214044A3861747472696275746549641F74696D6516
S214044A486F75741F0043726561746520612044693C
S214044A5873636F76657220436F6D6D616E64732041
S214044A6847656E65726174656420636F6D6D616E0B
S214044A78642077697468206173736F636961746509
S214044A88642076616C7565732E00636C7573746543
S214044A987249641F7374617274436F6D6D616E64DA
S214044AA849641F6D6178436F6D6D616E6449641F58
S214044AB8005365747320746865206469726563744A
S214044AC8696F6E20666F7220676C6F62616C206314
S214044AD86F6D6D616E64732C2065697468657220E9
S214044AE8636C69656E7420746F207365727665727C
S214044AF8206F722073657276657220746F20636CFB
S214044B0869656E742E0053657473206120666C6143
S214044B186720736F207468617420746865206170F8
S214044B28706C69636174696F6E206672616D65770F
S214044B386F726B2057494C4C204E4F542072657345
S214044B48706F6E6420746F20746865206E65787460
S214044B58205A434C206D65737361676520746861D9
S214044B687420636F6D657320696E206F7665722096
S214044B78746865206169722E005365747320612019
S214044B88666C616720736F20746861742074686546
S214044B98206170706C69636174696F6E20667261F7
S214044BA86D65776F726B2057494C4C20726573702D
S214044BB86F6E6420746F20746865206E6578742040
S214044BC85A434C206D657373616765207468617415
S214044BD820636F6D657320696E206F766572207426
S214044BE86865206169722E0053657473207468655D
S214044BF82044697361626C652044656661756C74EB
S214044C0820526573706F6E7365204672616D6520F9
S214044C18436F6E74726F6C2062697420746F2075AB
S214044C28736520666F7220746865206E65787420D4
S214044C38636F6D6D616E64206966207468652063B1
S214044C486F6D6D616E64206973206E6F7420616C7D
S214044C587265616479206275696C742E0064697380
S214044C6861626C6544656661756C74526573706FD1
S214044C786E73651F00536574732074686520666CCC
S214044C88616720746F207573652074686520696E83
S214044C986372656D656E7465642073657175656E9B
S214044CA86365206E756D6265722066726F6D20741A
S214044CB86865206672616D65776F726B20666F72C1
S214044CC820746865206E6578742072617720636F37
S214044CD86D6D616E642E007573654E6578745365E4
S214044CE87175656E63651F00436C6920636F6D6D2F
S214044CF8616E6420746F2063616C6C20736C5F7AD9
S214044D0869676265655F61665F7365745F74696D1C
S214044D18652066756E6374696F6E20646F63756D5F
S214044D28656E74656420696E2061662E6800757405
S214044D386354696D651F0053657473207468652031
S214044D4874776F2062797465206D616E7566616329
S214044D587475726572207370656369666963206921
S214044D6864656E74696669657220746F2075736508
S214044D7820666F7220746865206E65787420636F89
S214044D886D6D616E642069662074686520636F6D56
S214044D986D616E64206973206E6F7420616C726531
S214044DA8616479206275696C742E006D6667537049
S214044DB865636966696349641F0054727573742071
S214044DC843656E746572204A6F696E2048616E6426
S214044DD86C65723A20737461747573203D2025736C
S214044DE82C206465636973696F6E203D20257320E3
S214044DF82825303258292C2073686F727469642009
S214044E0830782530345800554E736563757265647A
S214044E18206A6F696E00646576696365206C6566EA
S214044E287400554E736563757265642072656A6F9F
S214044E38696E0075736520707265636F6E66696760
S214044E4875726564206B65790073656E64206B659E
S214044E587920696E2074686520636C6561720064E5
S214044E68656E79206A6F696E006E6F206163746977
S214044E786F6E00616C6C6F772072656A6F696E730B
S214044E88206F6E6C79006E6F742000534C5F535419
S214044E98415455535F4E4554574F524B5F55502017
S214044EA83078253034580054727573742043656E10
S214044EB874657220455549206861732025736368B4
S214044EC8616E6765642E00534C5F535441545553C2
S214044ED85F4E4554574F524B5F444F574E00534C02
S214044EE85F5354415455535F4E4F545F4A4F494E8F
S214044EF8454400534C5F5354415455535F5A4947ED
S214044F084245455F4E4554574F524B5F4F50454EAA
S214044F1845443A2025642073656300534C5F535414
S214044F28415455535F5A49474245455F4E45545781
S214044F384F524B5F434C4F5345440025733A202544
S214044F487300646973747269627574656400636572
S214044F586E7472616C697A656400466F726D0025BA
S214044F6873696E67206F6E2063682025642C207032
S214044F78616E496420307825303458004572726F63
S214044F88723A2044657669636520646F6573206E9B
S214044F986F7420737570706F7274202573206E6535
S214044FA874776F726B20666F726D6174696F6E00CA
S214044FB84A6F696E00496E76616C6964205365634E
S214044FC875726974792050726F66696C653A203018
S214044FD8782530325800704A6F696E20666F7220E2
S214044FE82564207365633A20307825303258004C9F
S214044FF8696D6974696E67206475726174696F6E29
S214045008206F66207065726D6974206A6F696E20F9
S21404501866726F6D20666F72657665722028323503
S214045028352920746F203235340052583A205A44B1
S2140450384F2C20636F6D6D616E6420307825303494
S214045048582C207374617475733A2030782530327E
S214045058580053696D706C650052583A20257320C1
S214045068446573632052657370004D617463680009
S2140450782C204D6174636865733A20256400446582
S2140450887669636520416E6E6F756E63653A203087
S21404509878253034580052583A2049454545204129
S2140450A864647265737320526573706F6E736500FB
S2140450B852583A20416374697665204550205265F3
S2140450C873706F6E73652C20436F756E743A202563
S2140450D864004E6F6465002C204D617463686573C4
S2140450E83A2030782530345800737461636B207620
S2140450F865722E205B25642E25642E2564002025E3
S21404510873206275696C642025645D005A444F00F8
S214045118534500484100436C757374657200476CC8
S2140451286F62616C0025737478203078253038589F
S2140451382C200050726F66696C653A202573202807
S214045148307825303458292C20436C75737465726E
S2140451583A203078253034582C2025642062797417
S21404516865732C00205A434C20257320436D642015
S21404517849443A202564005072652D52656C656171
S214045188736500416C706861203100416C70686119
S214045198203200416C7068612033004265746120D7
S2140451A83100426574612032004265746120330020
S2140451B8474100526573657420696E666F3A2030FD
S2140451C8782530325820282573290064656C657460
S2140451D8652062696E64696E673A20253032582005
S2140451E825303258000102030405060708090A0B8D
S2140451F80C0001010101010101010101010100572F
S21404520852495445204552523A2000257365702069
S2140452182530325820636C75732025303458206145
S2140452287474722025303458206E6F742073757029
S214045238706F72746564002573696E76616C696450
S21404524820646174612074797065002573617474D0
S21404525872206E6F74207772697461626C65005789
S214045268524954453A206E6F2077726974652C202B
S2140452786A757374206120746573740052454144DA
S2140452883A206174747269627574652073697A6504
S21404529820746F6F206C6172676520666F72206376
S2140452A8616C6C657200636C6E740073727672005F
S2140452B8525700524F00202052414D20200020749F
S2140452C86F6B656E200065787465726E2000454EB7
S2140452D844504F494E54202530325800636C757339
S2140452E8202F2073696465202F2061747472202F20
S2140452F8206D666720202F74797065286C656E2982
S2140453082F207277202F2073746F72616765202FA1
S2140453182064617461202872617729002530345826
S214045328202F202573202F2025303458202F2000A6
S214045338202F202530325820282530325829202F6F
S214045348202573202F202573202F2000556E737573
S21404535870706F72746564004F544120524541441E
S2140453683A2065703A25303258206369643A253005
S21404537834582061747469643A25303458206D733F
S2140453886B3A25303258206D66636F64653A25306B
S214045398345800524541443A20636C7573202530CE
S2140453A834582C2061747472202530345820666171
S2140453B8696C6564202530325800524541443A20C9
S2140453C8636C757320253034582C206174747220ED
S2140453D8253034582C20646174614C656E3A202557
S2140453E83032582C204F4B00282563292530325854
S2140453F82530325825303258253032582530325820
S21404540825303258253032582530325800646973AE
S21404541861626C65002573642C2064726F70706911
S2140454286E672065702030782530325820636C7596
S214045438732030782530345820636D6420307825FE
S2140454483032580047656E6572617465640052654B
S21404545863656976656400446973636F766572206C
S214045468436F6D6D616E647320726573706F6E73CF
S214045478652028636F6D706C6574653A202563290A
S2140454882C202573204944733A200030782530327E
S2140454985820005F45585400524541445F415454CF
S2140454A8520057524954453A20636C757320253088
S2140454B834582061747472202530345820004641CC
S2140454C8494C20253032580057524954453A2074DE
S2140454D86F6F2073686F727400444953435F415476
S2140454E8545200257325733A20636C75732025304F
S2140454F834580053766320446973633A200025734E
S21404550857616974696E672025642073656320662D
S2140455186F7220646973636F7665727920746F207E
S214045528636F6D706C65746500537461746520638D
S2140455386F72726573706F6E64696E6720746F201D
S214045548746865207468652072657175657374205F
S2140455586E6F7420666F756E640A002573636F6DCC
S214045568706C6574652E0A002573536572766963D4
S2140455786520446973636F76657279205374617421
S21404558865206C696D697473207265616368656407
S2140455980A002573496C6C6567616C2062726F61DA
S2140455A8646361737420616464726573732C207217
S2140455B8656D617070696E6720746F2076616C69BA
S2140455C864206F6E652E0025734661696C656420D9
S2140455D8746F2073656E64206D61746368206469F3
S2140455E873636F766572793A2030782530325800BE
S2140455F825735374617274696E6720646973636F84
S2140456087665727920666F7220636C75737465723A
S214045618203078253034580025734661696C6564F3
S21404562820746F2073656E642073696D706C6520D2
S21404563864657363726970746F72207265717565D8
S21404564873743A20307825303258002573466169D9
S2140456586C656420746F2073656E642049454545FF
S21404566820616464726573732072657175657374FA
S2140456783A203078253032580025734661696C65BF
S2140456886420746F2073656E64204E574B206164E3
S214045698647265737320726571756573743A203025
S2140456A87825303258004572726F723A2025732076
S2140456B86261642073696D706C65206465736372D7
S2140456C86970746F72206C656E6774682E00257333
S2140456D84D65737361676520746F6F2073686F72A6
S2140456E8740025734D65737361676520746F6F2046
S2140456F873686F727420666F72206E756D2E2065DF
S2140457086E64706F696E74730025734D6174636894
S214045718257320666F756E642066726F6D20307808
S214045728253034582E004572726F723A202573203D
S214045738696E76616C6964206C656E677468202887
S214045748256420213D2025642920666F7220416344
S2140457587469766520456E64706F696E7420726528
S21404576873706F6E7365002573676F742061637456
S21404577869766520455020726573706F6E73650090
S2140457885554432074696D653A2025642F25642F83
S21404579825642025643A25643A256420282530386B
S2140457A858290028556E6B6E6F776E20636C757378
S2140457B82E205B3078253034585D29000D0A542590
S2140457C83038583A005258206C656E2025642C20D0
S2140457D8657020253032582C20636C757320307819
S2140457E8253034582000206D6667496420253034F7
S2140457F858002046432025303258207365712025EA
S21404580830325820636D6420253032582070617910
S2140458186C6F61645B004261736963004F766572FE
S214045828207468652041697220426F6F746C6F61DA
S21404583864696E67002573525820706B7420746F01
S2140458486F2073686F72743A202564203C202564A0
S214045858002573525820706B74206D616C666F72E5
S2140458686D65643A202564203C2025640020204881
S21404587861766520526F7574657220537570706F03
S2140458887274002020456E6420446576696365203A
S2140458984F6E6C79002020456E61626C656400204A
S2140458A82044697361626C6564004572726F722085
S2140458B872657472696576696E6720696E666F20AC
S2140458C8666F72206C696272617279204944202579
S2140458D864002573206C696272617279257320707E
S2140458E8726573656E74005A6967626565205072DE
S2140458F86F0042696E64696E670053656375726902
S214045908747920436F726500536563757269747998
S214045918204C696E6B204B6579730043424B4520D7
S2140459283136334B310043424B45204453412053D0
S21404593869676E004543430043424B452044534140
S21404594820566572696679005061636B65742056E3
S214045958616C6964617465005A4C4C0043424B455B
S214045968203238334B3100454343203238334B31E9
S2140459780043424B4520636F7265004E4350004D0A
S214045988756C7469206E6574776F726B00456E6803
S214045998616E63656420426561636F6E205265714B
S2140459A80043424B45203238334B31204453412080
S2140459B8566572696679004D756C74692D50414E4A
S2140459C8002F686F6D652F72756E6E65722F776F10
S2140459D8726B2F747579612D7A69676265652D73A4
S2140459E877697463682F747579612D7A6967626557
S2140459F8652D7377697463682F73696C6162735F66
S214045A08746F6F6C732F73696D706C6963697479DE
S214045A185F73646B2F70726F746F636F6C2F7A6921
S214045A28676265652F737461636B2F636F6E66694F
S214045A38672F736C5F7A69676265655F636F6E6606
S214045A48696775726174696F6E2E63002F686F6D6F
S214045A58652F72756E6E65722F776F726B2F7475FD
S214045A6879612D7A69676265652D737769746368E9
S214045A782F747579612D7A69676265652D73776900
S214045A887463682F73696C6162735F746F6F6C7389
S214045A982F73696D706C69636974795F73646B2FAF
S214045AA870726F746F636F6C2F7A69676265652F9F
S214045AB8737461636B2F6672616D65776F726B2F93
S214045AC86165732D6563622E63002F686F6D652F9D
S214045AD872756E6E65722F776F726B2F7475796137
S214045AE82D7A69676265652D7377697463682F74A0
S214045AF87579612D7A69676265652D73776974634C
S214045B08682F73696C6162735F746F6F6C732F733D
S214045B18696D706C69636974795F73646B2F7072EE
S214045B286F746F636F6C2F7A69676265652F737419
S214045B3861636B2F73656375726974792F7A696705
S214045B486265652D73656375726974792D6D616E0A
S214045B58616765722D6E6F2D7661756C742E6300A1
S214045B684572726F723A20204661696C65642074C7
S214045B786F20726561642066726F6D2045455052C9
S214045B884F4D2061742030782534582C2073746166
S214045B987475733A20256400454550524F4D204984
S214045BA86E697469616C697A65643A202563004590
S214045BB84550524F4D20427573793A20256300505C
S214045BC861727469616C20576F72642053746F72C3
S214045BD861676520436F756E743A202564004164D6
S214045BE864726573733A2030782534582C205061D3
S214045BF8727469616C20576F72643A20307825583D
S214045C0800636F6E6669726D656400617373756DA3
S214045C186564000A454550524F4D20496E666F002C
S214045C284E6F7420617661696C61626C6520286FBA
S214045C386C64657220626F6F746C6F616465722938
S214045C480050617274204465736372697074696F76
S214045C586E3A202020202020202020202573004370
S214045C6861706162696C69746965733A20202020E2
S214045C78202020202020202020203078253258007C
S214045C88506167652045726173652074696D652087
S214045C982873293A20202020202025640050617289
S214045CA8742045726173652074696D6520287329AC
S214045CB83A20202020202025640050617274204554
S214045CC8726173652074696D6520286D73293A209E
S214045CD82020202020256400506167652073697A97
S214045CE86520286279746573293A202020202020AC
S214045CF8202020256C00506172742073697A652010
S214045D08286279746573293A2020202020202020D0
S214045D1820256C00576F72642073697A65202862A0
S214045D2879746573293A20202020202020202025F5
S214045D3864202825702900454550524F4D20696E29
S214045D4869743A2030782558002F686F6D652F726D
S214045D58756E6E65722F776F726B2F747579612DF9
S214045D687A69676265652D7377697463682F7475D5
S214045D7879612D7A69676265652D737769746368D6
S214045D882F73696C6162735F746F6F6C732F7369BA
S214045D986D706C69636974795F73646B2F75746965
S214045DA86C2F706C7567696E2F706C7567696E2DCD
S214045DB8636F6D6D6F6E2F656570726F6D2F656599
S214045DC870726F6D2E6300556E61626C6520746F19
S214045DD820626F6F7420696D616765206174207333
S214045DE86C6F7420256C640A00536C6F74204D61C4
S214045DF86E61676572206661696C656420746F20DD
S214045E08657261736520736C6F740A004D6178203F
S214045E1872656164206C696D697420736574207496
S214045E286F2025642062797465730A00416464727D
S214045E3865737320202020202020202020446174AD
S214045E48610A00307825346C782020202020202011
S214045E58307825780A004661696C656420746F207A
S214045E68726561642066726F6D20666C6173680A79
S214045E7800536C6F7420256C640A20204164647295
S214045E8865737320202020203A20307825346C58F7
S214045E980A20204C656E6774682020202020203A4B
S214045EA820307825346C582028256C642062797450
S214045EB86573290A00202054797065202020202044
S214045EC82020203A20004E6F2047424C20707265EE
S214045ED873656E740A005A69674265650A005468F1
S214045EE8726561640A00436F6E6E6563740A0042E5
S214045EF86C7565746F6F74680A00426C7565746FA8
S214045F086F7468206170706C69636174696F6E0A77
S214045F18004D43550A004F7468657220283078256A
S214045F286C58290A00202056657273696F6E202003
S214045F382020203A203078256C580A002020436117
S214045F48706162696C69746965733A2030782534BF
S214045F586C580A00202050726F6475637420494494
S214045F6820203A2000307825582000536C6F74207F
S214045F784D616E616765723A206661696C65642076
S214045F88746F20696E697469616C697A6520626FDA
S214045F986F746C6F6164657220286572726F722004
S214045FA83078253478290A0056657273696F6E202E
S214045FB8202020203A2025640A005061727420208C
S214045FC82020202020203A2025730A00436170618F
S214045FD862696C69746965733A20307825780A00B2
S214045FE8506172742073697A652020203A202564EB
S214045FF820420A00506167652073697A652020206C
S2140460083A20256420420A00576F72642073697A1E
S214046018652020203A20256420420A00536C6F74B9
S21404602873202020202020203A2025640A00466178
S214046038696C656420746F20726561642066726F8B
S2140460486D2073746F7261676520666C617368206F
S214046058286572726F72202564290A00496E766173
S2140460686C696420736C6F7420256420286D6178CD
S21404607820736C6F74202564290A004661696C6570
S2140460886420746F2067657420696E666F20666F77
S2140460987220736C6F742025640A00536C6F742026
S2140460A84D616E616765723A20736C6F74207772FF
S2140460B8697465206661696C7572652E204164642E
S2140460C872657373206F6666736574202825642961
S2140460D8202B207772697465206C656E6774682057
S2140460E8282564292067726561746572207468615E
S2140460F86E20746F74616C20736C6F74206C656E9C
S21404610867746820282564290A00536C6F74204D28
S214046118616E61676572207761726E696E673A2090
S214046128736C6F74202564206C656E677468202809
S214046138256429206E6F7420616C69676E65642017
S214046148746F20706167652073697A6520282564F2
S214046158292E2054686520656E7469726520736CF0
S2140461686F742077696C6C206E6F74206265206586
S21404617872617365642E0A00536C6F74204D616EE9
S214046188616765723A206661696C656420746F207D
S2140461986572617365202564206279746573206965
S2140461A86E20736C6F7420256420617420616464A7
S2140461B87265737320307825347820286572726F78
S2140461C8722030782578290A004572617365642040
S2140461D8256420627974657320696E20736C6F7405
S2140461E82025640A004661696C656420746F207310
S2140461F8657420736C6F7420746F20626F6F7420DC
S214046208286572726F72203078253478290A004619
S21404621861696C656420746F20736574206C697397
S21404622874206F6620736C6F747320746F20626FAB
S2140462386F7420286572726F722030782534782936
S2140462480A004661696C656420746F20676574206B
S2140462586E6577206C697374206F6620736C6F7430
S2140462687320746F20626F6F7420286572726F7261
S214046278203078253478290A00426567696E6E6985
S2140462886E6720696D6167652076657269666963FD
S2140462986174696F6E2E2E2E002E6661696C6564B5
S2140462A82120284572726F72203078253478290A9E
S2140462B8002E7061737365642120426F6F74696E73
S2140462C86720736C6F742025640A00666E692B0059
S2140462D8666E69006E616E00666E692D006C696292
S2140462E873006273656E6400726573657400726128
S2140462F8770073656E645F6D756C74696361737437
S2140463080073656E642D7573696E672D6D756C7490
S21404631869636173742D62696E64696E6700746973
S2140463286D6573796E63006765742D7074692D7274
S2140463386164696F2D636F6E66696700636F6E6666
S21404634869672D6363612D6D6F6465006576656E98
S2140463587473007365637572697479007A69676221
S21404636865655F7072696E7400706C7567696E0037
S2140463786E6574006B657973006F7074696F6E0070
S214046388706C7567006368616E67656B6579006332
S21404639868616E67656B007A646F007072696E7404
S2140463A82072656C6174656420636F6D6D616E64DC
S2140463B8732E0061747472005A646F2072656C617F
S2140463C874656420636F6D6D616E64732E00726FFE
S2140463D875746500706F776572006D676D742D6CE3
S2140463E87169006D676D742D62696E64006E6F6402
S2140463F8650073696D706C650069656565006E7720
S2140464086B00756E62696E64006E776B2D757064CA
S214046418006F75742D636C2D6C69737400696E2D2A
S214046428636C2D6C697374005A646F20696E2D63EF
S2140464386C2D6C6973742072656C61746564206372
S2140464486F6D6D616E64732E005A646F206F757479
S2140464582D636C2D6C6973742072656C6174656445
S21404646820636F6D6D616E64732E005A646F206EC0
S214046478776B2D7570642072656C6174656420632F
S2140464886F6D6D616E64732E007363616E2D636841
S214046498616E2D6D61736B007363616E0063686172
S2140464A86E5067006368616E005A646F20756E628A
S2140464B8696E642072656C6174656420636F6D6DC3
S2140464C8616E64732E00756E696361737400636825
S2140464D8616E67656B65792072656C6174656420A6
S2140464E8636F6D6D616E64732E006C696E6B004F1E
S2140464F87074696F6E2072656C6174656420636F6E
S2140465086D6D616E64732E00726567697374657267
S214046518006469736300696E7374616C6C2D636FD1
S21404652864650062696E64696E672D7461626C6581
S214046538007072696E742D72782D6D7367730061BE
S2140465487073726574727900415053207265747260
S2140465587920666C616720666F72636520636F6D69
S2140465686D616E647300456E61626C65732F446971
S2140465787361626C6573207072696E74696E6720E5
S2140465886F66205278206D657373616765732E0095
S214046598656E61626C650042696E64696E67207434
S2140465A861626C652072656C6174656420636F6DE6
S2140465B86D616E64732E0053656375726974792011
S2140465C86B6579732072656C6174656420636F6D9E
S2140465D86D616E64732E0064656C657465004E6543
S2140465E874776F726B2072656C6174656420636F70
S2140465F86D6D616E64732E00666F726D0072656AE7
S2140466086F696E2D646966662D6465766963652DA3
S214046618747970650065787470616E69640069736E
S2140466286F70656E0062726F61642D706A6F696E52
S214046638006368616E67652D6368616E6E656C00DD
S214046648696E6974006368616E67652D6B6565704D
S2140466582D616C6976652D6D6F64650074696D656A
S2140466686F75742D6F7074696F6E2D6D61736B0022
S2140466786D756C74692D7068792D73746172740005
S2140466886D756C74692D7068792D73746F700066F7
S214046698696E64006E6574776F726B2066696E64E3
S2140466A820636F6D6D616E64732E006A6F696E6128
S2140466B8626C6500756E7573656400736C6F742D13
S2140466C86D616E6167657200636F756E746572736B
S2140466D80066696E642D616E642D62696E64006678
S2140466E87261676D656E746174696F6E0067726F48
S2140466F87570732D736572766572006E6574776F40
S214046708726B2D7374656572696E67006F74612D9C
S214046718626F6F746C6F6164006F74612D636C696B
S214046728656E74006F74612D73746F726167652D7E
S214046738636F6D6D6F6E006F74612D73746F726125
S21404674867652D656570726F6D0069646C652D7379
S2140467586C656570007570646174652D74632D6C62
S214046768696E6B2D6B6579007570646174652D743C
S214046778632D6C696E6B2D6B65792072656C61741C
S214046788656420636F6D6D616E64730074696D650E
S21404679872006E6F7700436F6D6D616E647320745C
S2140467A86F20636F6E74726F6C2069646C696E67B1
S2140467B82F736C656570696E67206F6620746865EC
S2140467C82064657669636500666F7263652D617714
S2140467D8616B65006177616B652D7768656E2D6EF4
S2140467E86F742D6A6F696E6564007265706F727473
S2140467F8696E672072656C6174656420636F6D6D7D
S214046808616E64732E00636C6561722D6C617374BB
S2140468182D7265706F72742D74696D650074657376
S214046828742D74696D696E67006F74612D73746F67
S214046838726167652D656570726F6D2072656C612F
S21404684874656420636F6D6D616E64732E0077697A
S2140468587065006F74612D73746F726167652D635C
S2140468686F6D6D6F6E2072656C6174656420636FFE
S2140468786D6D616E6473007072696E74496D6167DC
S21404688865730072656C6F61640073746F72616718
S214046898652D696E666F00646174612D7072696E29
S2140468A874006F74612D636C69656E742072656C10
S2140468B86174656420636F6D6D616E64732E007613
S2140468C8657269667900626C6F636B2D74657374A0
S2140468D800706167652D72657175657374007570EF
S2140468E867726164652D7265717565737400646991
S2140468F87361626C652D646F776E67726164657325
S21404690800656E61626C652D646F776E677261648C
S2140469186573006F74612D626F6F746C6F616420A9
S21404692872656C6174656420636F6D6D616E647303
S214046938006E6574776F726B2D7374656572696E15
S214046948672072656C6174656420636F6D6D616E33
S21404695864732E007072652D636F6E666967757250
S21404696865642D6B65792D736574006D61736B2092
S21404697872656C6174656420636F6D6D616E642EF8
S2140469880073756274726163740067726F757073EE
S2140469982D7365727665722072656C617465642001
S2140469A8636F6D6D616E64732E00667261676D65E4
S2140469B86E746174696F6E2072656C6174656420A8
S2140469C8636F6D6D616E64732E007365742D7278D3
S2140469D82D77696E646F772D73697A6500617274B2
S2140469E86966696369616C2D626C6F636B2D64728A
S2140469F86F700046696E6420616E642062696E6416
S214046A082072656C6174656420636F6D6D616E6475
S214046A18732E00696E69746961746F7200656E61BD
S214046A28626C655F7479706500737461636B00618A
S214046A387070007A636C006C65676163795F616681
S214046A485F646562756700636F756E74657273203C
S214046A5872656C6174656420636F6D6D616E6473D2
S214046A682E007072696E742D636F756E7465722D60
S214046A78747970650073696D706C652D7072696ED3
S214046A8874007072696E742D7468726573686F6CBE
S214046A986473007365742D7468726573686F6C64C8
S214046AA80072657365742D7468726573686F6C64B8
S214046AB8730073656E642D726571756573740073FF
S214046AC8656375726974792072656C61746564208F
S214046AD8636F6D6D616E6473007365742D616C6CA1
S214046AE86F772D74727573742D63656E7465722D65
S214046AF872656A6F696E2D7573696E672D77656C36
S214046B086C2D6B6E6F776E2D6B6579007365742DBF
S214046B18616C6C6F772D74727573742D63656E74FF
S214046B2865722D72656A6F696E2D7573696E672D49
S214046B3877656C6C2D6B6E6F776E2D6B65792D741F
S214046B48696D656F7574007365742D6B65792D7240
S214046B586571756573742D706F6C696379006D66FD
S214046B68672D746F6B656E0061707300536563758B
S214046B7872697479206170732072656C61746564D7
S214046B8820636F6D6D616E64732E004765742F7392
S214046B986574204D464720746F6B656E2E00656ECF
S214046BA864706F696E742072656C617465642063C2
S214046BB86F6D6D616E64732E00656570726F6D20FF
S214046BC87574696C6974792072656C61746564207F
S214046BD8636F6D6D616E647300536C6F74204D61E2
S214046BE86E616765722072656C6174656420636F94
S214046BF86D6D616E647300626F6F742D736C6F7461
S214046C080065726173652D736C6F74006578742DF6
S214046C18666C6173682D696E666F00736C6F747347
S214046C282D696E666F005072696E74732074696D90
S214046C38652E005072696E7473206174747269628A
S214046C487574652E00436C656172732074686520DC
S214046C585A444F206C697374206F6620636C6965A8
S214046C686E742028696E2920636C75737465727354
S214046C782E004164647320636C75737465727320A4
S214046C88746F20746865206B6E6F776E20636C690A
S214046C98656E742028696E2920636C757374657232
S214046CA873206F6E207468697320646576696365FB
S214046CB82E00436C6561727320746865205A444FCD
S214046CC8206C697374206F6620636C69656E742023
S214046CD8286F75742920636C7573746572732E0037
S214046CE84164647320636C75737465727320746F7F
S214046CF820746865206B6E6F776E20636C69656EAA
S214046D087420286F75742920636C757374657273A0
S214046D18206F6E2074686973206465766963652ECF
S214046D280053656E647320616E20757064617465C3
S214046D38206368616E6E656C207265717565737420
S214046D482E006368616E6E656C1F0053656E64730F
S214046D5820616E20757064617465206368616E6E68
S214046D68656C2070616765207265712E20546865AD
S214046D7820737461636B2073656E6473206E776B1F
S214046D8820656E68616E63656420757064617465F9
S214046D982072657120666F72206E6F6E2D7A65722A
S214046DA86F20706167652E006368616E6E656C1F80
S214046DB8706167651F00506572666F726D73206137
S214046DC86E20656E65726779207363616E2E007433
S214046DD861726765744E6F646549641F7363616E98
S214046DE84475726174696F6E1F7363616E436F7561
S214046DF86E741F0042726F616463617374732074E7
S214046E086865204944206F6620746865206E657737
S214046E18206E6574776F726B206D616E616765723C
S214046E2820616E6420616374697665206368616EA8
S214046E386E656C732E006E776B4D676549641F63C9
S214046E4868616E6E656C4D61736B1F005065726683
S214046E586F726D7320616E20656E65726779207334
S214046E6863616E206F6E20676976656E206368615D
S214046E786E6E656C206D61736B2E00746172676547
S214046E88744E6F646549641F7363616E44757261FA
S214046E9874696F6E1F7363616E436F756E741F63D8
S214046EA868616E6E656C4D61736B1F0053656E6426
S214046EB8732061206E6574776F726B2061646472E8
S214046EC8657373207265717565737420666F7220B6
S214046ED874686520676976656E204945454520616E
S214046EE86464726573732E00696565651F00526570
S214046EF871756573747320616E2049454545206134
S214046F08646472657373206261736564206F6E20AF
S214046F186120676976656E206E6F64652049442E25
S214046F28006E6F646549641F0053656E6473206160
S214046F382073696D706C6520646573637269707418
S214046F486F72207265717565737420666F7220742B
S214046F5868652073686F72742061646472657373FD
S214046F6820616E6420656E64706F696E7420737039
S214046F78656369666965642E00646573741F746165
S214046F8872676574456E64706F696E741F00536526
S214046F986E64732061206D617463684465736372FC
S214046FA86970746F72735265717565737420746F43
S214046FB82074686520676976656E206465737469ED
S214046FC86E6174696F6E20776974682074686520CA
S214046FD8676976656E2070726F66696C652E006EDA
S214046FE86F646549641F70726F66696C651F005329
S214046FF8656E64732061206E6F64652064657363D0
S214047008726970746F722072657175657374207412
S2140470186F206120676976656E207461726765748F
S214047028206465766963652E007461726765741FEB
S2140470380053656E64732061205A444F2042696E7B
S2140470486420636F6D6D616E6420746F20612064C4
S2140470586576696365207370656369666965642027
S214047068696E2074686520636F6D6D616E64206157
S2140470787267756D656E74732E0044657374696EF5
S2140470886174696F6E1F536F7572636520656E64ED
S214047098706F696E741F44657374696E6174696F82
S2140470A86E20656E64706F696E741F636C75737496
S2140470B8657249441F72656D6F7465455549363463
S2140470C81F6465737445554936341F0053656E64EA
S2140470D87320616E2061637469766520656E6470DA
S2140470E86F696E74207265717565737420746F2089
S2140470F874686520646576696365207769746820B2
S21404710874686520676976656E2073686F72742084
S21404711849442E0053656E647320616E20756E6252
S214047128696E64207265717565737420666F722063
S2140471386120756E69636173742062696E64696E32
S2140471486720746F2074686520746172676574209C
S2140471586465766963652E007461726765741F7367
S2140471686F757263652065756936341F736F75723B
S214047178636520656E64706F696E741F636C7573DF
S21404718874657249441F64657374696E6174696FC3
S2140471986E45554936341F64657374696E6174693F
S2140471A86F6E20656E64706F696E741F0053656E2B
S2140471B8647320616E20756E62696E6420726571F0
S2140471C87565737420666F722061206D756C7469BA
S2140471D8636173742062696E64696E6720746F20D5
S2140471E8746865207461726765742064657669637B
S2140471F8652E007461726765741F736F75726365B4
S2140472082065756936341F736F7572636520656EFD
S21404721864706F696E741F636C7573746572494421
S2140472281F67726F7570416464726573731F0053C9
S214047238656E64732061205A444F204D616E616701
S214047248656D656E74204C6561766520636F6D6D3B
S214047258616E6420746F2074686520746172676553
S21404726874206465766963652E0074617267657454
S2140472781F72656D6F76654368696C6472656E1F08
S21404728872656A6F696E1F0053656E6473206120A9
S2140472985A444F204D474D542D42696E6420284267
S2140472A8696E64696E67205461626C65292052654C
S2140472B8717565737420746F2074686520746172C0
S2140472C8676574206465766963652E007461726701
S2140472D865741F7374617274496E6465781F00530D
S2140472E8656E64732061205A444F204D474D542DD3
S2140472F84C514920284C5149205461626C65292018
S2140473085265717565737420746F2074686520748B
S2140473186172676574206465766963652E005365D3
S2140473286E64732061205A444F20506F776572202C
S21404733844657363726970746F72205265717565FB
S214047348737420746F20746865207461726765743A
S214047358206465766963652E0053656E64732061E0
S214047368205A444F20726F7574652072657175656E
S214047378737420636F6D6D616E6420746F20746817
S21404738865207461726765742E007461726765742B
S2140473981F696E6465781F00696E6465781F657575
S2140473A86936341F696E7374616C6C436F64651F49
S2140473B800696E6465781F65756936341F6B657970
S2140473C81F005443206C696E6B206B6579207265C8
S2140473D8717565737420706F6C6963791F4170707A
S2140473E8206C696E6B206B657920726571756573A0
S2140473F87420706F6C6963791F00426F6F6C3A2053
S214047408616C6C6F772074727573742063656E7420
S21404741865722072656A6F696E207573696E672077
S21404742877656C6C2D6B6E6F776E206B65791F00B5
S21404743870726F66696C6549641F636C75737465EE
S2140474487249641F0074617267657449641F004555
S2140474586E61626C6573207072696E74696E6720FB
S2140474686F66205278206D657373616765732E00A6
S21404747853657473207468652062696E64696E6700
S214047488207461626C6500696E6465781F636C7548
S214047498737465721F6C6F63616C45701F72656DDB
S2140474A86F746545701F65756936341F00436C65CF
S2140474B8617273207468652062696E64696E6720F9
S2140474C87461626C652E005072696E7473207468F9
S2140474D8652062696E64696E67207461626C6520F3
S2140474E8746F2074686520636F6D6D616E64206CBC
S2140474F8696E652E00436C6561727320616C6C203E
S2140475087365637572697479206B6579732E0044A4
S214047518656C657465207468652073706563696650
S214047528696564206C696E6B206B657920696E6486
S21404753865782E005072696E747320616C6C2073C3
S21404754865637572697479206B6579732E00546562
S214047558726D696E6174657320746865206D756CE8
S21404756874692D50485920696E746572666163653E
S214047578005573656420746F207374617274206D8B
S214047588756C74692D50485920696E746572666105
S2140475986365206F74686572207468616E206E6116
S2140475A87469766520616E6420666F726D207468EF
S2140475B865206E6574776F726B2E20546865207329
S2140475C87461636B20757365732073616D652050F1
S2140475D8616E4964206173206E61746976652072F1
S2140475E86164696F206E6574776F726B2E007061C4
S2140475F867651F6368616E6E656C1F706F7765726A
S2140476081F6F7074696F6E734D61736B20284269BF
S214047618742030203D20526F757465727320616C37
S2140476286C6F7765642C204269742031203D2042B3
S214047638726F61646361737420616C6C6F776564E0
S214047648291F00417474656D70747320746F206309
S21404765868616E676520746865206368696C642071
S21404766874696D656F7574206F7074696F6E206DBC
S21404767861736B20746F2066696C746572206F750D
S2140476887420756E646573697261626C65207661D0
S2140476986C7565732028652E672E206E6F206D6FB7
S2140476A87265207468616E20332064617973292EAC
S2140476B80074696D656F7574206F7074696F6E20D9
S2140476C86D61736B1F005377697463686573206212
S2140476D865747765656E20646966666572656E743A
S2140476E8206B65657020616C697665206D6F6465CE
S2140476F87320737570706F72746564206279206184
S21404770820726F757465722E004B65657020616C07
S214047718697665206D6F64651F005072696E7473B0
S214047728207468652063757272656E74204E6F6483
S214047738652049442C2045554936342C20616E640E
S2140477482050616E2049442E00496E697469616C44
S214047758697A65732061206E6574776F726B3B2057
S2140477687468697320697320612074657374206370
S2140477786F6D6D616E64207573656420666F722024
S21404778874632D737761702D6F75742074657374C4
S214047798696E672E005365747320746865206E6579
S2140477A874776F726B20696E646578207573656488
S2140477B820627920616C6C20667574757265204346
S2140477C84C4920636F6D6D616E64732E202042658C
S2140477D8666F726520657865637574696E6720617F
S2140477E820434C4920636F6D6D616E642C20746869
S2140477F865206672616D65776F726B20737769743E
S2140478086368657320746F2074686973206E657482
S214047818776F726B2E2020416674657220746865D3
S21404782820636F6D6D616E642066696E6973686542
S2140478387320657865637574696E672C207468654B
S214047848206672616D65776F726B207377697463EF
S214047858686573206261636B20746F2074686520A2
S21404786870726576696F7573206E6574776F726B60
S2140478782E202054686520434C4920757365732070
S2140478887468652073616D65206E6574776F726BB6
S21404789820696E64657820756E74696C20746865F2
S2140478A82064657669636520726573657473206FF2
S2140478B872206974206973206368616E6765642042
S2140478C87468726F756768207468697320636F6D6F
S2140478D86D616E642E00417474656D7074732074E3
S2140478E86F206368616E67652064657669636520E2
S2140478F86F76657220746F206120646966666572A7
S214047908656E74206368616E6E656C20676976655B
S2140479186E20696E20746865206368616E6E656C97
S21404792820617267756D656E742E005468652063F1
S21404793868616E6E656C20746F206368616E676537
S21404794820746F1F0066696E64556E75736564509F
S214047958616E49640066696E644A6F696E61626C3A
S214047968654E6574776F726B005065726D697473D3
S214047978206A6F696E696E67206F6E20746865206A
S2140479886E6574776F726B20666F72206120676904
S21404799876656E206E756D626572206F66207365F7
S2140479A8636F6E647320414E442062726F61646331
S2140479B8617374732061205A444F204D676D742098
S2140479C85065726D6974204A6F696E696E672072B5
S2140479D865717565737420746F20616C6C20726FA2
S2140479E875746572732E00412073696E676C652022
S2140479F86279746520696E6469636174696E672068
S214047A08686F77206C6F6E67207468652064657687
S214047A186963652073686F756C6420686176652091
S214047A287065726D6974206A6F696E696E67207412
S214047A3875726E6564206F6E20666F722E20412004
S214047A4876616C7565206F66203078666620747576
S214047A58726E73206F6E207065726D6974206A6F1B
S214047A68696E20696E646566696E6974656C792EDC
S214047A781F00436865636B73206E6574776F726B5B
S214047A8820706A6F696E207374617475732E00575C
S214047A9872697465732074686520657874656E64A5
S214047AA865642070616E20494420666F722074688D
S214047AB865206465766963652E0065787470616E02
S214047AC869641F0052656A6F696E7320616E20656B
S214047AD878697374696E67206E6574776F726B2045
S214047AE8696E206120736563757265206F722069FC
S214047AF86E736563757265206D616E6E6572207748
S214047B08697468206120646966666572656E7420A7
S214047B1864657669636520747970652E00426F6FB4
S214047B286C65616E206E6574776F726B206B657911
S214047B3820617661696C6162696C6974791F43684F
S214047B48616E6E656C206D61736B1F416E20656E89
S214047B58756D65726174696F6E20696E64696361B8
S214047B6874696E6720746865206465766963652041
S214047B787479706520746F2072656A6F696E206107
S214047B88732E54686520737461636B206F6E6C790A
S214047B98206163636570747320534C5F5A49474287
S214047BA845455F454E445F44455649434520616E06
S214047BB86420534C5F5A49474245455F534C4545F4
S214047BC850595F454E445F4445564943452E1F0069
S214047BD852654A6F696E732061206E6574776F729A
S214047BE86B2E00426F6F6C65616E206E6574776FDE
S214047BF8726B206B657920617661696C6162696C69
S214047C086974791F4368616E6E656C206D61736B69
S214047C181F004C65617665732061206E6574776F06
S214047C28726B2E005475726E73207065726D69746B
S214047C38206A6F696E696E67206F6E20666F7220A1
S214047C4874686520616D6F756E74206F662074693C
S214047C586D6520696E646963617465642E004120ED
S214047C6873696E676C65206279746520696E6469E9
S214047C78636174696E6720686F77206C6F6E67201F
S214047C88746865206465766963652073686F756CC7
S214047C98642068617665207065726D6974206A6F01
S214047CA8696E696E67207475726E206F6E20666FD3
S214047CB8722E20412076616C7565206F66203078B8
S214047CC86666207475726E73207065726D697420AA
S214047CD86A6F696E20696E646566696E6974656C38
S214047CE8792E1F004A6F696E732061206E6574775B
S214047CF86F726B206F6E206120676976656E2063ED
S214047D0868616E6E656C2C207769746820612067DC
S214047D186976656E20545820506F77657220616EB8
S214047D28642050414E2049442E00546865206368F8
S214047D38616E6E656C206F6E207768696368207460
S214047D486F206A6F696E20746865206E6574776F35
S214047D58726B1F4F6E652D62797465207369676E42
S214047D6865642076616C756520696E646963617400
S214047D78696E672074686520545820506F7765725A
S214047D8820746861742074686520726164696F2061
S214047D9873686F756C642062652073657420746FED
S214047DA81F5468652050414E204944206F6E207742
S214047DB86869636820746F206A6F696E20746865E2
S214047DC8206E6574776F726B1F00466F726D732032
S214047DD861206E6574776F726B206F6E2061206702
S214047DE86976656E206368616E6E656C2C207769AB
S214047DF87468206120676976656E20545820506F31
S214047E0877657220616E642050414E2049442E00E6
S214047E18546865206368616E6E656C206F6E2077A3
S214047E286869636820746F20666F726D207468656D
S214047E38206E6574776F726B1F4F6E652D6279744A
S214047E4865207369676E65642076616C756520695C
S214047E586E6469636174696E672074686520545833
S214047E6820506F7765722074686174207468652082
S214047E78726164696F2073686F756C64206265202C
S214047E8873657420746F1F5468652050414E2049EA
S214047E9844206F6E20776869636820746F20666F65
S214047EA8726D20746865206E6574776F726B1F0038
S214047EB85468697320696E697469617465732061AE
S214047EC82054434C4B207570646174652070726F3F
S214047ED86365647572652E005370656369667920F8
S214047EE874686520616D6F756E74206F662074699A
S214047EF86D6520746F207761697420616674657295
S214047F08206F6E652054434C4B207570646174650D
S214047F18206F7065726174696F6E20636F6D706C24
S214047F2865746573206265666F7265206265676945
S214047F386E6E696E672061206E65772054434C4BDD
S214047F4820757064617465206F7065726174696FFA
S214047F586E2E0054686520616D6F756E74206F66AA
S214047F682074696D65206265747765656E2073751F
S214047F786273657175656E742074727573742063A4
S214047F88656E746572206C696E6B206B65792075F6
S214047F9870646174657320696E206D696C6C6973AE
S214047FA865636F6E64731F00536574206F72206375
S214047FB86C6561722073746179206177616B6520E2
S214047FC87768656E206E6F74206A6F696E656400E4
S214047FD8536574206F7220636C65617220666F72D5
S214047FE86365206177616B6500446973706C6179B9
S214047FF82074686520736C65657020737461747585
S2140480087300464F522054455354494E4720505502
S21404801852504F534553202D20676174686572206B
S21404802874696D696E67206D65747269637320661A
S2140480386F72207265706F7274696E6720746162FD
S2140480486C65206F7065726174696F6E732E004379
S2140480586C6561727320746865206C617374207231
S21404806865706F72742074696D65206F662061741C
S21404807874726962757465732E0041646473206152
S214048088206E657720656E74727920746F20746824
S21404809865207265706F7274207461626C652E0058
S2140480A8546865206C6F63616C20656E64706F69D4
S2140480B86E742066726F6D207768696368207468CA
S2140480C865206174747269627574652069732072B8
S2140480D865706F727465641F54686520636C757385
S2140480E874657220776865726520746865206174A3
S2140480F874726962757465206973206C6F63617441
S21404810865641F546865204944206F662074686552
S21404811820617474726962757465206265696E6735
S214048128207265706F727465641F3020666F7220E3
S214048138636C69656E742D73696465206174747202
S214048148696275746573206F72203120666F7220B9
S2140481587365727665722D736964652061747472CA
S2140481686962757465731F546865206D696E696DF8
S214048178756D207265706F7274696E6720696E74A7
S214048188657276616C2C206D656173757265642002
S214048198696E207365636F6E64732E1F546865205A
S2140481A86D6178696D756D207265706F7274696E2D
S2140481B86720696E74657276616C2C206D656173D0
S2140481C87572656420696E207365636F6E64732EBA
S2140481D81F546865206D696E696D756D20636861E6
S2140481E86E676520746F207468652061747472699C
S2140481F86275746520746861742077696C6C207283
S2140482086573756C7420696E2061207265706F7270
S21404821874206265696E672073656E742E1F00523B
S214048228656D6F76657320616E20656E747279204D
S21404823866726F6D20746865207265706F7274203C
S2140482487461626C652E0054686520696E6465788E
S214048258206F6620746865207265706F7274207467
S2140482686F2062652072656D6F7665641F00436CC7
S2140482786561727320616C6C20656E7472696573CF
S2140482882066726F6D20746865207265706F7274EC
S214048298207461626C652E005072696E7473207463
S2140482A86865207265706F7274207461626C652EDE
S2140482B800576970657320616C6C20646174612072
S2140482C8696E207468652073746F726167652064CC
S2140482D865766963652E005072696E7473206172E0
S2140482E862697472617279206279746573206F6644
S2140482F820746865204F544120696D616765206F56
S2140483086E206469736B2E0054686520696E646514
S21404831878206F662074686520696D6167652074C7
S2140483286F207072696E7420697473206461746156
S2140483381F546865206F666673657420696E746F6B
S21404834820746865204F544120696D616765207400
S2140483586861742077696C6C206265207072696E37
S2140483687465641F005072696E747320696E666F54
S214048378726D6174696F6E2061626F7574207468BB
S214048388652073746F7261676520646576696365D2
S2140483982E0052656C6F6164207468652073746F70
S2140483A872616765206465766963652E0044656C4A
S2140483B8657465732074686520696D6167652061F6
S2140483C874207468652073706563696669656420DB
S2140483D8696E6465782E0054686520696E646578ED
S2140483E820617420776869636820746F2062656703
S2140483F8696E2064656C6574696E672074686520A8
S214048408696D6167651F005072696E7473207468BD
S2140484186520696D616765732E00456E61626C65DB
S21404842873204F544120646F776E67726164657376
S2140484382E0044697361626C6573204F544120644E
S2140484486F776E6772616465732E0053656E647326
S21404845820616E2055706772616465456E64526566
S214048468717565737420746F20616E204F544120B3
S2140484787365727665722E0043616E206265207598
S21404848873656420746F2064796E616D6963616CCA
S2140484986C79207475726E206F66662073656E64D8
S2140484A8696E672070616765207265717565737497
S2140484B873206F6E2074686520636C69656E74201B
S2140484C8736964652C206966207468652073657210
S2140484D876657220646F65736E2774207375707082
S2140484E86F72742074686973206665617475726542
S2140484F82E00426F6F6C65616E2076616C75652020
S2140485087475726E696E67206F6E20283129206F25
S21404851872206F666620283029207468652070618A
S2140485286765207265717565737420666C61671F6C
S2140485380053656E647320616E20696D61676520FB
S214048548626C6F636B207265717565737420666FF1
S2140485587220612066696C6520746865207365728C
S2140485687665722073686F756C64206E6F74206805
S2140485786176652E202054657374206861726E6572
S2140485887373206F6E6C7920287465737420636126
S214048598736520392E352E36202D204D6973736960
S2140485A86E672046696C6529005072696E7473207C
S2140485B8696E666F726D6174696F6E206F6E207473
S2140485C868652063757272656E7420737461746569
S2140485D8206F6620746865204F544120636C696573
S2140485E86E7420646F776E6C6F61642E0053746FBC
S2140485F8707320746865204F5441207374617465E1
S214048608206D616368696E652E00537461727473B5
S21404861820746865204F544120636C69656E742025
S2140486287374617465206D616368696E652E205481
S2140486386865207374617465206D616368696E6526
S21404864820646973636F7665727320746865204F57
S2140486585441207365727665722C2071756572694B
S214048668657320666F72206E657720696D6167652D
S214048678732C20646F776E6C6F61647320746865FE
S21404868820696D6167657320616E6420776169741B
S2140486987320666F722074686520736572766572D7
S2140486A820636F6D6D616E6420746F2075706772D9
S2140486B86164652E005072696E7473207468652050
S2140486C86D616E7566616374757265722049442CB3
S2140486D820496D61676520547970652049442C20CB
S2140486E8616E642056657273696F6E20696E666F74
S2140486F8726D6174696F6E20746861742061726546
S2140487082075736564207768656E206120717565C9
S2140487187279206E65787420696D6167652069735F
S2140487282073656E7420746F207468652073657290
S2140487387665722062792074686520636C69656E54
S214048748742E00506572666F726D73207369676E57
S21404875861747572652076657269666963617469A1
S2140487686F6E206F6E2074686520696D616765207A
S21404877861742074686520737065636966696564E6
S21404878820696E6465782E0054686520696E646591
S2140487987820617420776869636820746F2062653E
S2140487A867696E20766572696669636174696F6E57
S2140487B8206F662074686520696D6167651F0042CE
S2140487C86F6F746C6F6164732074686520696D617B
S2140487D867652061742074686520737065636966CC
S2140487E869656420696E6465782062792063616CC3
S2140487F86C696E6720746865204F544120626F6FF9
S214048808746C6F61642063616C6C6261636B2E00C8
S21404881854686520696E6465782061742077686991
S214048828636820746F20626567696E20626F6F7470
S2140488386C6F6164696E672074686520696D61672A
S214048848651F005072696E747320696E666F2061C6
S214048858626F75742074686520696E7374616C6CD5
S214048868656420626F6F746C6F616465722E005362
S21404887875627472616374732061206368616E6ED6
S214048888656C2066726F6D206569746865722074FD
S2140488986865207072696D617279206F72207365DD
S2140488A8636F6E64617279206368616E6E656C20AE
S2140488B86D61736B206F6620746865206E657477C7
S2140488C86F726B2D7374656572696E6720636F6D5E
S2140488D8706F6E656E742E00546865206368616EEA
S2140488E86E656C206D61736B20746F20737562748B
S2140488F87261637420746865206368616E6E656C63
S2140489082066726F6D1F546865206368616E6E65B5
S2140489186C20746F20737562747261637420746853
S21404892865206D61736B2066726F6D1F0041646409
S214048938732061206368616E6E656C20746F2065B1
S214048948697468657220746865207072696D6172EE
S21404895879206F72207365636F6E64617279206321
S21404896868616E6E656C206D61736B206F6620742B
S2140489786865206E6574776F726B2D73746565729F
S214048988696E6720636F6D706F6E656E742E005423
S2140489986865206368616E6E656C206D61736B2014
S2140489A8746F206164642061206368616E6E656C10
S2140489B820746F1F546865206368616E6E656C204A
S2140489C8746F2061646420746F20746865206D6118
S2140489D8736B1F0053657473206569746865722029
S2140489E8746865207072696D617279206F7220737D
S2140489F865636F6E64617279206368616E6E656C18
S214048A08206D61736B2E00546865206368616E6E12
S214048A18656C206D61736B20746F20737562747255
S214048A2861637420746865206368616E6E656C2083
S214048A3866726F6D1F5468652076616C7565207460
S214048A486F2073657420746865206368616E6E654C
S214048A586C206D61736B20746F2E1F0053657473DE
S214048A6820746865207072652D636F6E6669677515
S214048A78726564206B657920736F2074686174204E
S214048A88746865206A6F696E696E672064657669BE
S214048A9863652063616E20656E746572207468650C
S214048AA8206E6574776F726B2E005365747320742A
S214048AB8686520707265636F6E666967757265644B
S214048AC8206B65791F0053746F7073207468652073
S214048AD86E6574776F726B207374656572696E67FA
S214048AE82070726F636573732E00537461727473A7
S214048AF820746865206E6574776F726B207374656E
S214048B086572696E672070726F636573732E0041B1
S214048B18206D61736B206F66206F7074696F6E7357
S214048B2820666F7220696E6469636174696E672073
S214048B387370656369666963206265686176696FE0
S214048B48722077697468696E20746865206E657427
S214048B58776F726B2D7374656572696E67207072B1
S214048B686F636573732E1F00446973706C61797341
S214048B78207468652063757272656E7420737461F8
S214048B88747573206F6620746865206E6574776FD5
S214048B98726B207374656572696E672070726F6392
S214048BA86573732E00436C65617273207468652060
S214048BB867726F757073207461626C65206F6E20BF
S214048BC8657665727920656E64706F696E74005098
S214048BD872696E747320696E666F726D6174696FFC
S214048BE86E2061626F75742074686520636F6E7496
S214048BF8656E7473206F66207468652067726F7577
S214048C087073207461626C652E00417274696669BB
S214048C186369616C6C792064726F7073207468651C
S214048C2820626C6F636B206E756D62657220646576
S214048C3866696E656420627920746865207061735D
S214048C4873656420617267756D656E74206F6E6CEB
S214048C5879206F6E63652C20616E64207468656E77
S214048C6820616C6C6F77732069742075706F6E2042
S214048C78612072657472792E0054686520626C6F80
S214048C88636B206E756D62657220746F20617274F2
S214048C986966696369616C6C792064726F702074A4
S214048CA86F20666F7263652061207265747279201E
S214048CB82D2073657420746F203078464620746FB0
S214048CC82064697361626C651F005365747320744D
S214048CD8686520726563656976652077696E646F72
S214048CE8772073697A652E20204279206465666940
S214048CF86E6974696F6E20696E2074686520536D9A
S214048D0861727420456E657267792070726F666941
S214048D186C65206974206D757374206265207365AC
S214048D287420746F20312062757420746869732007
S214048D38616C6C6F777320697420746F2062652089
S214048D486368616E6765642E00546865206D617893
S214048D58206E756D626572206F6620746865206281
S214048D686C6F636B732072656365697665642062ED
S214048D7865666F726520616E204150532061636B8F
S214048D882069732067656E6572617465641F004D9B
S214048D98616B65732074686973206E6F64652073ED
S214048DA874617274206964656E74696679696E673D
S214048DB820617320612074617267657420666F721F
S214048DC82062696E64696E67207769746820616ECC
S214048DD820696E69746961746F72206E6F64652E9B
S214048DE80054686520656E64706F696E74206F6ED3
S214048DF820776869636820746F20626567696E20E7
S214048E087468652046696E64696E6720616E6420BE
S214048E1842696E64696E672074617267657420704F
S214048E28726F636573731F004D616B657320746896
S214048E386973206E6F646520737461727420746835
S214048E486520696E69746961746F722070617274E2
S214048E58206F66207468652066696E64696E67208C
S214048E68616E642062696E64696E672070726F63EF
S214048E786573732E0054686520656E64706F696E3A
S214048E8874206F6E20776869636820746F20626543
S214048E9867696E207468652046696E64696E672023
S214048EA8616E642042696E64696E6720696E6974CF
S214048EB86961746F722070726F636573731F0045FF
S214048EC86E61626C652F64697361626C65206465A3
S214048ED862756720606C65676163792061707020CD
S214048EE86672616D65776F726B206465627567601C
S214048EF8207072696E7420747970652E00456E61F0
S214048F08626C652F64697361626C651F00456E61E7
S214048F18626C652F64697361626C6520646562754A
S214048F286720607A636C60207072696E7420747946
S214048F3870652E00456E61626C652F6469736162A4
S214048F486C65206465627567206061707060207067
S214048F5872696E7420747970652E00456E61626C51
S214048F68652F64697361626C652064656275672041
S214048F7860636F726560207072696E7420747970AD
S214048F88652E00456E61626C652F64697361626C58
S214048F98652064656275672060737461636B60201E
S214048FA87072696E7420747970652E0053656E64E9
S214048FB8732061207265717565737420666F7220FC
S214048FC84F544120636F756E746572732E00526534
S214048FD87365747320616C6C207468726573686F4B
S214048FE86C64732076616C75657320746F203078B2
S214048FF8464646462E00536574732061207468728C
S2140490086573686F6C642076616C756520666F722C
S214049018206120706172746963756C61722074795A
S2140490287065206F6620636F756E7465722E0054C3
S214049038797065206F6620636F756E7465721F5449
S21404904868726573686F6C642056616C75651F007A
S2140490585072696E747320746865207468726573D8
S214049068686F6C6473206F6620616C6C2074686526
S21404907820636F756E746572732E00436C65617237
S2140490887320616C6C20636F756E746572207661EC
S2140490986C7565732E005072696E747320616C6CFF
S2140490A820636F756E7465722076616C7565732EB1
S2140490B8005072696E7473207468652076616C75E6
S2140490C865206F66207468697320706172746963BA
S2140490D8756C617220636F756E7465722E005468C1
S2140490E86520636F756E7465722074797065207474
S2140490F86F207072696E741F005072696E747320E4
S214049108616C6C20636F756E7465722076616C751D
S214049118657320616E6420636C656172732074687D
S214049128656D2E00536574204D464720746F6B6535
S2140491386E2C2043414E4E4F5420424520554E53E4
S214049148455420425920434C492E005072696E7487
S214049158204D464720746F6B656E2E005072696EFC
S2140491687420616374697665206576656E74732EFB
S2140491780044697361626C652074686520656E6472
S214049188706F696E7420666F72205A434C206D6542
S2140491987373616765732E00456E64706F696E74C9
S2140491A820696E6465781F00456E61626C6573207D
S2140491B874686520656E64706F696E7420666F7275
S2140491C8205A434C206D657373616765732E00508F
S2140491D872696E7420737461747573206F66206583
S2140491E86E64706F696E74732E0053686F7773209D
S2140491F87468652076657273696F6E206F6620746E
S214049208686520736F6674776172652E005365749B
S2140492182074686520636F6E666967757265642076
S2140492283830322E31352E3420434341206D6F6456
S2140492386520696E2074686520726164696F2E20E3
S21404924853656520646F63756D656E746174696FC4
S2140492586E20726567617264696E67205241494C74
S2140492685F494545453830323135345F4363614D8F
S2140492786F64655F742E0041205241494C5F49452E
S21404928845453830323135345F4363614D6F646524
S2140492985F742076616C75651F0052657475726E0E
S2140492A8732050544920726164696F20636F6E6638
S2140492B8696720696E666F726D6174696F6E207473
S2140492C86F2064657465726D696E652074686520C0
S2140492D85048592074797065206265696E672075F0
S2140492E8736564206279205241494C2E2072657455
S2140492F875726E2076616C756520697320656E7567
S2140493086D205241494C5F49454545383032313520
S214049318345F507469526164696F436F6E66696737
S2140493285F7420652E6720205241494C5F494545A5
S214049338453830323135345F5054495F52414449D8
S2140493484F5F434F4E4649475F32503447485A208A
S2140493583D203078303055205241494C5F494545C8
S214049368453830323135345F5054495F52414449A8
S2140493784F5F434F4E4649475F32503447485A5F1B
S214049388414E54444956203D2030783031552052B9
S21404939841494C5F494545453830323135345F508C
S2140493A854495F524144494F5F434F4E4649475FCD
S2140493B832503447485A5F434F4558203D2030784A
S2140493C8303255205241494C5F494545453830327C
S2140493D83135345F5054495F524144494F5F434FD7
S2140493E84E4649475F32503447485A5F414E5444C4
S2140493F849565F434F4558203D2030783033550052
S21404940853656E64732061207265616420617474A8
S2140494187220666F72207468652074696D65206FA3
S214049428662074686520646576696365207370656C
S2140494386369666965642E204974207365747320AD
S2140494486120666C616720736F207768656E206993
S2140494587420676574732074686520726573706F0A
S2140494686E736520697420777269746573207468EE
S214049478652074696D6520746F20697473206F772E
S2140494886E2074696D6520617474722E0049641FB9
S214049498737263456E64706F696E741F6465737463
S2140494A8456E64706F696E741F005768656E207326
S2140494B8656E64696E67207573696E6720612062DD
S2140494C8696E64696E672C2073706563696669657E
S2140494D87320776865746865722061206D756C748E
S2140494E869636173742062696E64696E6720736861
S2140494F86F756C6420626520757365642E007573D9
S214049508654D756C74696361737442696E64696EDB
S214049518671F0053656E64732061207072652D6240
S21404952875666665726564206D756C7469636173C7
S21404953874206D65737361676520746F2061206796
S2140495486976656E2067726F757020494420667266
S2140495586F6D206120676976656E20656E64706F2E
S214049568696E742E0067726F757049641F73726330
S2140495782D656E64706F696E741F0043726561743E
S21404958865732061206D6573736167652062792051
S21404959873706563696679696E6720746865207296
S2140495A861772062797465732E2055736520746814
S2140495B8652073656E6420636F6D6D616E642074D8
S2140495C86F2073656E6420746865206D65737361B7
S2140495D86765206F6E63652069742068617320620E
S2140495E865656E20637265617465642E2045783AF5
S2140495F82072617720307830303046207B30302037
S2140496083041203030203131203232203333203478
S214049618342035357D2073656E64732061206D654E
S214049628737361676520746F20636C7573746572F1
S214049638203135202830783030304629206F66208F
S2140496486C656E6774682038207768696368206973
S2140496586E636C7564657320746865205A434C2081
S2140496686865616465722E00436C75737465724927
S214049678641F446174611F005265736574732074B3
S2140496886865206E6F64652E00577269746573206A
S21404969861206D6573736167652E00456E64706F2F
S2140496A8696E741F436C75737465722049441F4150
S2140496B874747269627574652049441F4D61736BCE
S2140496C81F4461746120747970651F446174612055
S2140496D8627974651F0052656164732061206D6544
S2140496E873736167652E00456E64706F696E741FC8
S2140496F8436C75737465722049441F4174747269A7
S214049708627574652049441F312069662073657242
S21404971876657220646972656374696F6E2C20308E
S21404972820696620636C69656E7420646972656373
S21404973874696F6E1F0053656E64732061206D65CF
S21404974873736167652E0044657374696E61746922
S2140497586F6E1F536F7572636520656E64706F69EC
S2140497686E741F44657374696E6174696F6E2065E0
S2140497786E64706F696E741F00536F75726365202C
S214049788656E64706F696E741F004C697374732019
S2140497987768696368206F7074696F6E616C206C93
S2140497A86962726172696573206F662074686520E1
S2140497B8737461636B2061726520696D706C656D86
S2140497C8656E746564206F6E2074686973206465BA
S2140497D8766963652E005072696E747320696E66C6
S2140497E86F726D6174696F6E2061626F7574207430
S2140497F86865206E6574776F726B20737461746520
S2140498082C20636C7573746572732C20616E6420E7
S214049818656E64706F696E74732E006F6666736522
S214049828741F005072696E747320696E666F726D69
S2140498386174696F6E20666F7220616C6C20617645
S21404984861696C61626C6520736C6F74732E005268
S214049858656164732072617720646174612066723E
S2140498686F6D20666C6173682073746F72616765C8
S2140498782E004164647265737320746F2072656188
S214049888641F4E756D626572206F66206279746512
S2140498987320746F20726561641F005072696E7459
S2140498A87320666C6173682073746F7261676520D1
S2140498B8696E666F726D6174696F6E2E00457261AB
S2140498C87365732074686520737065636966696573
S2140498D86420736C6F742049442E0053746F72614D
S2140498E8676520736C6F74206E756D6265721F00F1
S2140498F8426F6F74732074686520696D61676520AC
S214049908696E207468652073706563696669656442
S21404991820736C6F742049442E00434C4920696EAA
S2140499287374616E6365206578616D706C65006438
S214049938756D6D795F696E7374005A434C20636F56
S2140499486D6D616E647300626173696300676C6F42
S21404995862616C006D66672D636F64650075736578
S2140499682D6E6578742D73657175656E63650078FC
S2140499782D64656661756C742D7265737000746504
S21404998873742D726573706F6E73652D6F6E0074C5
S2140499986573742D726573706F6E73652D6F666666
S2140499A8005A434C20626173696320636C75737450
S2140499B8657220636F6D6D616E647300727466649D
S2140499C800436F6D6D616E642074686174207265FF
S2140499D87365747320616C6C206174747269627543
S2140499E874652076616C75657320746F2066616390
S2140499F8746F72792064656661756C742E005241C2
S214049A08494C006C6F7765722D6D61632D726169C0
S214049A186C2D3830322E31352E342E63006C696244
S214049A287261696C2E6100756E636C61696D65643C
S214049A38006275666665722D6D616E6167656D6533
S214049A486E742E63006576656E742D71756575651E
S214049A582E63007A69676265652D75707065722D68
S214049A686D61632E63006E65696768626F722E6344
S214049A78006173736F63696174696F6E2E63003176
S214049A8838323173003134323231003132310032F7
S214049A9873003132323131320031323231310032F0
S214049AA83831003831310031383231310031323111
S214049AB8313132313232323173003132320031329E
S214049AC831313232310031313131003232380072BC
S214049AD86F7574652D7461626C652E63006D6163C1
S214049AE82D6D756C74692D6E6574776F726B2E6345
S214049AF8006C65676163792D7061636B65742D62AC
S214049B0875666665722E6300000102030E312E31F7
S214049B182E322D6562653065383663000100010013
S214049B28020303000300000013B779FAC925DDB75A
S214049B38ADF3CFE0F1B614B801020000000000004F
S214049B48FFFFFFFF01000000010000000000000006
S214049B5800000000000000000000000000000000F4
S214049B6800000000000000000000000000000000E4
S214049B780000000000000000073F0300B160030077
S214049B88AD6003008B60030059600300E9600300BE
S214049B98BB6003005B6003002C00000002020203A3
S214049BA80000000000000000648000506880005038
S214049BB8000201000009007FF49B04000100000F66
S214049BC8D49B04000000000000000000E1FE59FFDA
S214049BD88FFFADFFC1FFD0FFDCFFE4FFEBFFF2FF12
S214049BE8F6FFFAFFFDFF0000030005005500EDFE32
S214049BF8FF0064001E0000007F001B0DD063FDFFFD
S214049C083600B7034DDAFFFF1C005901EC36000096
S214049C181100BD00C83B00000B007100143500009D
S214049C2807004900352C000005003700052600000B
S214049C3803001400FF14000006520400C3060400C0
S214049C48C3060400C3060400C3060400C3060400CF
S214049C58C3060400C3060400C3060400C3060400BF
S214049C68C3060400C3060400C3060400C3060400AF
S214049C78C3060400C3060400C3060400C30604009F
S214049C88C3060400C3060400C3060400C30604008F
S214049C98C3060400C3060400C3060400C30604007F
S214049CA8C3060400C3060400D1060400C306040061
S214049CB8E6060400C3060400C30604000B070400F3
S214049CC8C3060400C3060400C3060400C30604004F
S214049CD833070400C3060400C3060400C3060400CE
S214049CE8C30604004B070400C306040069070400FF
S214049CF801030401010109030B0000000B00000026
S214049D0802000000000020200000000003000000FD
S214049D188C8C3C00000000000000000000000000DE
S214049D281E0000001A000000000000581200000080
S214049D38289D0400554E4B00474F200042544C00C3
S214049D48474F3200474F3300474F3400474F3500DC
S214049D58474F3600474F3700474F3800474F3900BC
S214049D68474F4100474F4200474F4300474F440080
S214049D78474F4500474F46004A4D5000424452005C
S214049D885550520042544D004D534D0046544C0015
S214049D98554E4B00474F200042544C004241440065
S214049DA846544C00465243004F54410044534C001A
S214049DB84241500055504700544D45004641550011
S214049DC8545A4600554E4B0050494E00454D3400F3
S214049DD8554E4B0048562000554E4B0045585000EB
S214049DE84C574D00554E4B005242540044534C00B9
S214049DF8454D3400554E4B0041535400554E4B00C8
S214049E0856465900494E4800554E4B004C434B00A5
S214049E1858544C004F424600554E4B004852440096
S214049E284D454D004255530055534700444247009C
S214049E38444D410056435400554E4B00555020009F
S214049E48525020004150300041503100415020000B
S214049E5844502000444543003C9D0400409D0400B3
S214049E68989D0400CC9D0400D89D0400E09D040041
S214049E78EC9D0400FC9D0400049E0400109E04004F
S214049E88209E0400409E0400554E4B00464942005E
S214049E9842544C0045585400505752005744470003
S214049EA82053570043525300465348004241440047
S214049EB8464C540042524F000104010303060105B0
S214049EC8010501090600060B0000070B050B000038
S214049ED800000000000000000400E40C0200010476
S214049EE81001000000050002000003007CA1040025
S214049EF878A1040064A1040060A104005CA1040025
S214049F0858A1040046A1040036A104001CA10400BC
S214049F1814A104000AA1040008A10400F0A0040087
S214049F28EDA00400E5A00400D4A00400C4A0040026
S214049F38B2A0040098A0040090A0040084A0040022
S214049F4880A004007CA004006EA0040063A00400A3
S214049F584AA0040031A00400D59F0400D49F04003E
S214049F68C49F04009C9F0400919F0400909F0400D3
S214049F787C9F0400000000000000000000000000B1
S214049F8800000000000000000F00000000000000B1
S214049F9800000000000000000000000000000000B0
S214049FA800000000000000000000000000000000A0
S214049FB8000000000000000000000000010000008F
S214049FC80000000000000000000000000F00000071
S214049FD80000000000000000000000000000000070
S214049FE80000000000000000000000000000000060
S214049FF80000000000000000000000000000000050
S21404A008000000000000000000000000000000003F
S21404A018000000000000000000000000000000002F
S21404A028000000000000000000000000000000001F
S21404A038000000000000000000000000000000000F
S21404A04800000000000000000000000000000000FF
S21404A05800000000000000000000000000000000EF
S21404A06800000000000000000000000000000000DF
S21404A078000000000000000000000000FFFFFFFFD3
S21404A088FFFFFFFFFFFF00000000000000000000C5
S21404A09800000000000000000000000000000000AF
S21404A0A8000000000000000000000000000000009F
S21404A0B8000000000000000000000000000000008F
S21404A0C8000000000000000000000000000000007F
S21404A0D800000000000000000000000000FFFFFF72
S21404A0E8FFFFFFFFFF9C0000FF00000000000000C9
S21404A0F800000000000000000000000080000000CF
S21404A1080000FFFFFFFFFFFFFFFFFFFF0000000048
S21404A118FFFF000000000000000000000000000030
S21404A1280000000000000000000000000000FFFF20
S21404A138FF0000000000000000000000000000000F
S21404A14800000000000000000000000000000000FE
S21404A15800000000000000000000000000000000EE
S21404A16800000000000000000000000000000000DE
S21404A17800000000FC0301010101010101010101C5
S21404A1880101010101000000000000010020060092
S21404A1980000060101000020020411040402111044
S21404A1A81A080A021801081110111A080A04020DDE
S21404A1B80B19195C0110280B01140000000000009C
S21404A1C80000000000000000000101010101010078
S21404A1D80101010101010100000101010001000162
S21404A1E8010000000000000000000000000000005D
S21404A1F8000100000000000000000000000000004D
S21404A20801FF010023E1010075E4010063E2010097
S21404A21863E5010062E1010079EB010064EE0100E8
S21404A22824E1010025E1010026E1010027E10100FF
S21404A23828E1010029E101002AE1010000000100EB
S21404A24880000100000101008001010000020100F5
S21404A2588002010020E2010000030100000501005D
S21404A26880050100000601002C8901008006010013
S21404A2780007010001E5010002E5010000080100ED
S21404A288800801000040010086321010FFFFFFFF1F
S21404A298FFFFFFFFF00F0400F60F0400FC0F040096
S21404A2A802100400081004005A6967426565416C88
S21404A2B86C69616E636530394E574B205374656517
S21404A2C872696E67000095969595950507090D00C1
S21404A2D800000000000102030406000034260400FF
S21404A2E8CF390400E9390400003A0400133A04009C
S21404A2F8233A0400373A0400493A0400593A040059
S21404A308753A04008A3A04000208010D0D01010199
S21404A31812010000FFFFFFFFFFFFFFFF0000000021
S21404A3280000000001090501000200000000000307
S21404A3381EF1EE0B4CA30400C546040006520400A6
S21404A348FE000000E1460400ACA40400000000007F
S21404A358EB4604009CA4040000000000F846040031
S21404A3688CA4040000000000054704007CA4040034
S21404A378000000002347040068A40400000000004E
S21404A3881B47040054A404000000000022470400ED
S21404A39840A40400000000003047040030A4040071
S21404A3A800000000A24504001CA4040000000000ED
S21404A3B8294704000CA404000000000035470400E4
S21404A3C8F8A3040000000000210E0400E8A304001B
S21404A3D8000000000000000000000000000000006C
S21404A3E8197403004647040083470400010100FF6C
S21404A3F82DFA0000AC470400F147040001010001EF
S21404A4080107FF00E9F900003E480400A9480400D3
S21404A418010100FF29F90000CA480400E3480400C3
S21404A42800010100FF0000002B7403000849040023
S21404A438604904000101FF0013740300774904000F
S21404A448CE49040001010207FF0000000D74030052
S21404A45877490400CE49040001010207FF00000002
S21404A4680774030077490400CE4904000101020773
S21404A478FF000000DDF80000EF4904002E4A04003F
S21404A488010101FF7DF800004D4A0400924A0400C9
S21404A498010000FF39F800004D4A0400924A0400FF
S21404A4A8010000FFC1F80000B94A0400BF480400D0
S21404A4B800FF0000017403000E4B040049760400F4
S21404A4C8FF000000FB730300814B04004976040078
S21404A4D8FF00000019F80000F04B0400654C040067
S21404A4E800FF0000F1F700007D4C0400DF4C040078
S21404A4F800FF0000ED730300F04C0400364D040022
S21404A50802FF0000B9F700003F4D0400B34D0400F5
S21404A51801FF00002C4E04000F4E04001E4E0400DB
S21404A5282A4E04003B4E0400514E0400674E0400B5
S21404A538714E04007B4E0400000000007F510400A6
S21404A548110000008B51040012000000935104000F
S21404A558130000009B51040021000000A3510400CE
S21404A56822000000AA51040023000000B151040090
S21404A578AA000000B8510400FF0000000000000014
S21404A588FFFFFFFFFFFFFFFF0000000000000000C2
S21404A598000001080109020A030B040C050D060E47
S21404A5A8070F081001180119021A031B041C051DBD
S21404A5B8061E071F0820012102220323042405255A
S21404A5C80626072708280129022A032B042C052D0A
S21404A5D8062E072F08300131023203380239043AAE
S21404A5E808E004E104E204E802E902EA04F008F1F7
S21404A5F810000000000000000205000064A6040025
S21404A60802000F008CA6040002000F00B4A6040083
S21404A61802000F00DCA6040002000F0004A70400D2
S21404A62802000F002CA7040002000F0054A7040021
S21404A63802000F007CA7040002000F00A4A7040071
S21404A64802000F00CCA7040002000F00F4A70400C1
S21404A65802000F001CA8040002000F0000000000FF
S21404A66844A80400030000004000000000000000A6
S21404A6781900000068A8040004000F008000000009
S21404A688000000000000000044A8040003000000C6
S21404A69840000000000000001900000068A804003C
S21404A6A804000F0080000000000000000000000006
S21404A6B844A8040003000000400000000000000056
S21404A6C81900000068A8040004000F0080000000B9
S21404A6D8000000000000000044A804000300000076
S21404A6E840000000000000001900000068A80400EC
S21404A6F804000F00800000000000000000000000B6
S21404A70844A8040003000000400000000000000005
S21404A7181900000068A8040004000F008000000068
S21404A728000000000000000044A804000300000025
S21404A73840000000000000001900000068A804009B
S21404A74804000F0080000000000000000000000065
S21404A75844A80400030000004000000000000000B5
S21404A7681900000068A8040004000F008000000018
S21404A778000000000000000044A8040003000000D5
S21404A78840000000000000001900000068A804004B
S21404A79804000F0080000000000000000000000015
S21404A7A844A8040003000000400000000000000065
S21404A7B81900000068A8040004000F0080000000C8
S21404A7C8000000000000000044A804000300000085
S21404A7D840000000000000001900000068A80400FB
S21404A7E804000F00800000000000000000000000C5
S21404A7F844A8040003000000400000000000000015
S21404A8081900000068A8040004000F008000000077
S21404A818000000000000000044A804000300000034
S21404A82840000000000000001900000068A80400AA
S21404A83804000F0080000000000000000000200153
S21404A8482000000008000000040042213000000038
S21404A858DCA8040000FF42003000000000000000EE
S21404A8680000F00840000000FDA8040001002304CE
S21404A8784000000005A9040006003001400000005E
S21404A88800000000FDFF2102400000000100000057
S21404A8981900000419000101190002041900030133
S21404A8A819000504190006011900070404004100EC
S21404A8B8ED140100060041009B7C0300190081008A
S21404A8C8DD31010019008400693C010000800000A5
S21404A8D80000000006435553544F4D000000000086
S21404A8E80000000000000000000000000000000057
S21404A8F80000000000FFFFFFFFFFFFFFFFFFFFFF52
S21404A908FF00040104010401040104010401040114
S21404A91804010401040104010401FFFFFFFFFFFF13
S21404A928FFFFFFFFFFFFFFFFFFFFFFFFFFFFFFFF26
S21404A938FFFF000102030405060708090A0B1F1C8B
S21404A9481F1E1F1E1F1F1E1F1E1F07021F012F006C
S21404A95837013F005701DF02E700FF02000000004E
S21404A96800000000000000000000000000000000D6
S21404A97800000000000000000000000000000000C6
S21404A9881E5804001900000024580400FFFF0000A5
S21404A99800000000EF580400FA58040006520400A9
S21404A9A802590400105904000652040023590400EE
S21404A9B82E5904003C590400405904005059040018
S21404A9C83C27040060590400645904006F590400C5
S21404A9D879590400835904008759040095590400DA
S21404A9E8A9590400BF5904000080000000000000B4
S21404A9F80000000000000000FFFFFFFFFF0000004B
S21404AA0800000000000000000000000000000040F5
S21404AA180000000001000000A9C3010000000000B7
S21404AA28000000000000F03F000000000000244082
S21404AA3800000000000059400000000000408F405D
S21404AA48000000000088C34000000000006AF840C8
S21404AA580000000080842E4100000000D0126341EC
S21404AA680000000084D797410000000065CDCD4162
S21404AA78B52A040068C0040000000000E56204006B
S21404AA8858C0040000000000EA62040048C004003D
S21404AA9800000000EB62040038C004000000000058
S21404AAA83047040024C004000000000023470400C4
S21404AAB810C0040000000000F062040000C0040097
S21404AAC800000000F6620400F0BF04000000000066
S21404AAD8FA620400E0BF04000000000009630400F2
S21404AAE8D0BF04000000000026630400C0BF0400B2
S21404AAF8000000002F630400B0BF0400000000003C
S21404AB0844630400A0BF0400000000007738040073
S21404AB1890BF0400000000005463040050BF040003
S21404AB28000000004B670400DCB6040000000000C8
S21404AB38075704009CB60400000000005B6304008A
S21404AB48DCB504000000000064630400E0B40400FC
S21404AB580000000071630400D4B004000000000084
S21404AB688D590400ACAF04000000000078630400AC
S21404AB78ACAF0400010000007C6304006CAF040062
S21404AB88000000008163040030AE040000000000EA
S21404AB98B507040030AE0400010000007163040029
S21404ABA8D4B004000000000088630400D4B0040095
S21404ABB8010000008D630400FCAD040000000000E2
S21404ABC897630400FCAD0400010000009F630400C2
S21404ABD82CAC040000000000260F0400F8AB0400A8
S21404ABE80000000000000000000000000000000054
S21404ABF808AC0400A363040006520400FE00000028
S21404AC08BB63040084B70400000000002068040046
S21404AC1874B70400000000000000000000000000F4
S21404AC28000000003CAC0400C063040006520400A4
S21404AC38FE000000D663040004B904000000000007
S21404AC48DC630400F4B8040000000000E2630400B7
S21404AC58E4B8040000000000EB630400D4B8040061
S21404AC6800000000670C0400C4B8040000000000DC
S21404AC78710A04008CB8040000000000781304006D
S21404AC8878B8040000000000F563040068B80400FF
S21404AC9800000000650F040058B804000000000017
S21404ACA8FA63040048B804000000000001640400C5
S21404ACB838B80400000000000664040028B804003D
S21404ACC8000000000A640400C8AD04000000000088
S21404ACD81164040070AD0400000000001964040048
S21404ACE83CAD0400000000002564040008AD040020
S21404ACF80000000000000000000000000000000043
S21404AD0818AD04003064040006520400FE00000077
S21404AD18B0210400A4B7040000000000614E04003B
S21404AD2894B70400000000000000000000000000C3
S21404AD38000000004CAD04005164040006520400F0
S21404AD48FE000000B0210400C4B7040000000000A0
S21404AD58614E0400B4B704000000000000000000C0
S21404AD68000000000000000080AD040073640400C6
S21404AD7806520400FE0000009164040014B804009F
S21404AD88000000006F69040004B804000000000016
S21404AD98A0640400F4B7040000000000A5640400DE
S21404ADA8E4B7040000000000AC640400D4B7040050
S21404ADB80000000000000000000000000000000082
S21404ADC8D8AD0400B164040006520400FE00000076
S21404ADD872210400B0B8040000000000CE64040029
S21404ADE89CB80400000000000000000000000000FA
S21404ADF8000000000CAE0400D664040006520400EA
S21404AE08FE000000F264040044B9040000000000D8
S21404AE188D59040034B90400000000000000000046
S21404AE28000000000000000040AE0400F7640400C0
S21404AE3806520400FE00000010650400F4B904007D
S21404AE4800000000331E0400E4B9040000000000FB
S21404AE5819650400D4B9040000000000F264040074
S21404AE6824B90400000000001E65040014B9040098
S21404AE78000000002B6504002CAF0400000000004E
S21404AE8839650400F8AE04000000000047650400B5
S21404AE98B8AE0400000000005B630400DCB50400E0
S21404AEA80000000000000000000000000000000091
S21404AEB8C8AE04005065040006520400FE000000F4
S21404AEC894990400C4B9040000000000A59904007D
S21404AED8B4B904000000000064320400A4B90400F5
S21404AEE80000000000000000000000000000000051
S21404AEF808AF04006E65040006520400FE00000055
S21404AF089865040014BA04000000000015540400F0
S21404AF1804BA04000000000000000000000000005E
S21404AF28000000003CAF04009F65040006520400BD
S21404AF38FE000000260F040048BA040000000000C3
S21404AF48614E040038BA0400000000006F6904006B
S21404AF5824BA0400000000000000000000000000FE
S21404AF68000000007CAF0400BF650400065204001D
S21404AF78FE000000260F040078BA04000000000053
S21404AF88DF65040068BA040000000000614E04008F
S21404AF9858BA04000000000000000000000000008A
S21404AFA800000000BCAF0400E66504000652040076
S21404AFB8FE00000000660400ACBB040000000000AD
S21404AFC8194E04009CBB040000000000336604000D
S21404AFD88CBB040000000000670C04007CBB040063
S21404AFE800000000344E04006CBB0400000000009F
S21404AFF8056604005CBB0400000000001D6604002F
S21404B0084CBB040000000000266604003CBB040099
S21404B018000000002D6604002CBB0400000000009D
S21404B02839660400FCBA0400000000006F690400D6
S21404B038ECBA04000000000048660400DCBA040009
S21404B0480000000023330400CCBA0400000000000B
S21404B0584D660400BCBA04000000000064660400E0
S21404B068ACBA0400000000007866040098BA04002D
S21404B078000000008866040088BA04000000000087
S21404B08897660400A0B0040000000000000000005A
S21404B0980000000000000000B0B004009C66040035
S21404B0A806520400FE000000B36604001CBB04003D
S21404B0B800000000BC6604000CBB0400000000008E
S21404B0C8000000000000000000000000E4B00400D7
S21404B0D80652040006520400FE000000C36604007C
S21404B0E81CB7040000000000D066040060B5040025
S21404B0F800000000D9660400ACB404000000000098
S21404B108E766040078B4040000000000F56604004E
S21404B11844B404000000000003670400ACB3040051
S21404B128000000001467040084B304000000000054
S21404B13821670400E4B20400000000002C67040041
S21404B1488CB20400000000003F67040064B20400E8
S21404B158000000001446040000B2040000000000CA
S21404B16852670400C0B10400000000005D670400D4
S21404B1788CB104000000000000000000000000007D
S21404B188000000009CB10400706704000652040026
S21404B198FE00000094670400CCBB04000000000016
S21404B1A89A670400BCBB040000000000000000000E
S21404B1B80000000000000000D0B104009E670400F0
S21404B1C806520400FE00000020230400FCBB040012
S21404B1D800000000D0670400ECBB04000000000078
S21404B1E8DC670400DCBB040000000000000000006C
S21404B1F8000000000000000010B20400F26704001B
S21404B20806520400FE000000260F040060BC04007A
S21404B21800000000614E040050BC0400000000005A
S21404B2280E43040040BC040000000000B0210400E3
S21404B2382CBC0400000000000E6804001CBC0400BB
S21404B24800000000256804000CBC04000000000090
S21404B25800000000000000000000000074B20400B3
S21404B2683168040006520400FE0000005668040014
S21404B27870BC04000000000000000000000000008D
S21404B288000000009CB204005B6804000652040038
S21404B298FE0000007F680400C0BC04000000000034
S21404B2A8DF650400B0BC0400000000008B680400DE
S21404B2B8A0BC0400000000009268040090BC0400CF
S21404B2C8000000009F68040080BC04000000000022
S21404B2D8000000000000000000000000F4B20400B3
S21404B2E8AA68040006520400FE000000186704005A
S21404B2F870BD040000000000C768040060BD0400B8
S21404B30800000000B52A040050BD04000000000038
S21404B318E339040040BD04000000000092660400FF
S21404B32830BD0400000000002023040020BD0400F3
S21404B33800000000CE68040010BD040000000000F1
S21404B348D968040000BD040000000000E668040094
S21404B358F0BC040000000000F6680400E0BC04002A
S21404B3680000000009690400D0BC040000000000C6
S21404B37800000000000000000000000094B3040071
S21404B3881B69040006520400FE000000B52A0400E7
S21404B39880BD04000000000000000000000000005B
S21404B3A800000000BCB30400396904000652040017
S21404B3B8FE00000020230400F0BD04000000000086
S21404B3C8E3390400E0BD04000000000092660400AF
S21404B3D8D0BD0400000000005C690400C0BD040081
S21404B3E8000000009B64040004B40400000000008D
S21404B3F800000000000000000000000014B4040070
S21404B4087369040006520400FE0000006F69040015
S21404B418B0BD040000000000B0210400A0BD040074
S21404B428000000008969040090BD040000000000C4
S21404B43800000000000000000000000054B40400EF
S21404B4489269040006520400FE000000260F040059
S21404B45810BE040000000000614E040000BE040094
S21404B46800000000000000000000000000000000CB
S21404B47888B40400B269040006520400FE00000002
S21404B488D269040030BE040000000000E569040028
S21404B49820BE0400000000000000000000000000B9
S21404B4A800000000BCB40400FB6904000652040053
S21404B4B8FE0000001B6A040050BE040000000000E2
S21404B4C8331E040040BE0400000000000000000014
S21404B4D80000000000000000F0B404000652040057
S21404B4E806520400FE000000256A040008B504009D
S21404B4F8000000000000000000000000000000003B
S21404B50818B504000652040006520400FE000000A3
S21404B518316A0400A0BE0400000000007E5904003E
S21404B52890BE040000000000376A040080BE0400D1
S21404B538000000003B6A040070BE0400000000001F
S21404B5483F6A040060BE040000000000000000001B
S21404B558000000000000000070B504004F6A0400F4
S21404B56806520400FE000000260F040020BF040054
S21404B578000000006A6A040010BF0400000000000F
S21404B5887D6A040000BF040000000000614E040049
S21404B598F0BE0400000000008A6A0400E0BE04004E
S21404B5A8000000009B6A0400D0BE040000000000EF
S21404B5B8A96A0400C0BE040000000000BA6A0400B9
S21404B5C8B0BE0400000000000000000000000000F8
S21404B5D800000000ECB50400C76A04000652040024
S21404B5E8FE000000E16A040074B9040000000000CC
S21404B5F8146B040064B90400000000004F6B0400D8
S21404B60854B9040000000000666B040068B6040021
S21404B61800000000706B040034B60400000000004C
S21404B62800000000000000000000000044B604000B
S21404B638746B040006520400FE000000949904008B
S21404B64894B9040000000000A599040084B9040015
S21404B65800000000000000000000000000000000D9
S21404B66878B60400936B040006520400FE0000003B
S21404B6784B1E040040BF0400000000006F6904006D
S21404B68830BF0400000000000000000000000000B6
S21404B69800000000ACB60400A66B040006520400C2
S21404B6A8FE000000260F040080BF0400000000000F
S21404B6B89865040070BF04000000000015540400D8
S21404B6C860BF040000000000000000000000000046
S21404B6D800000000ECB60400C16B04000652040027
S21404B6E8FE0000009F68040098C0040000000000E4
S21404B6F82023040088C0040000000000B52A0400C3
S21404B70878C00400000000000000000000000000EC
S21404B718000000002CB70400E16B04000652040085
S21404B728FE000000FF6B0400E8C0040000000000F0
S21404B738096C0400D8C0040000000000146C04005F
S21404B748C8C004000000000030470400B8C0040065
S21404B75800000000236C0400A8C0040000000000D9
S21404B768000000000000000000000000DF73030073
S21404B7782E6C040006520400FF000000DB7303006E
S21404B7883B6C040006520400FF0000002DFF000076
S21404B7984D6C040006520400FF000000C9FE0000B9
S21404B7A87A6C04004274040001FF00002DFF0000B8
S21404B7B8BA6C040006520400FF000000C9FE00002C
S21404B7C8E86C04004274040001FF000061FF0000F6
S21404B7D8296D04004A6D040000FF000061FF0000A4
S21404B7E8536D0400B06D04000000FF00DDFF000088
S21404B7F8BE6D0400D76D0400010001FF4900010076
S21404B808FC6D04003E6E04000102FF00DDFF00002C
S21404B818546E0400836E040001000102FF00000059
S21404B82859FD0000B46E0400F06E040007FF000023
S21404B83879FD0000F66E0400296F040001FF00007D
S21404B8488DFD0000316F0400816F04000100FF00C5
S21404B858E9FD0000966F0400E76F04000101FF008D
S21404B868BDFD0000F76F04003170040001FF0000FE
S21404B8783DFE0000397004008270040001000001D7
S21404B8880707FF0079000100D4700400296F04003C
S21404B89801FF0000790101001C71040060710400B6
S21404B8A8010700010700FF003D740300B57104009A
S21404B8B8FB7104000107000101FF000001010100FB
S21404B8C83772040072720400010000FFD100010000
S21404B8D890720400D47204000100FF00A100010065
S21404B8E8E7720400D47204000100FF004901010055
S21404B8F8267304003170040001FF0000B90101003A
S21404B90861730400927304000100FF00E9EA000072
S21404B91806520400A0730400000707FF8DEA00001F
S21404B92806520400B9730400000707FF99EF0000E5
S21404B93806520400C573040007FF000099EF0000D0
S21404B94806520400C573040007FF00008F73030043
S21404B95806520400CA7304000000FF0075EF0000D6
S21404B96806520400444A040001FF00003DEF0000AC
S21404B978065204000274040000FF00006DEA00008A
S21404B9880652040006520400FF0000006DEA000098
S21404B9980652040006520400FF0000006573030004
S21404B9A80652040006520400FF00000065730300F4
S21404B9B80652040006520400FF00000065730300E4
S21404B9C80652040006520400FF0000003DEA000088
S21404B9D806520400387404000101FF0029EA000036
S21404B9E8065204004D74040001FF0000617303004E
S21404B9F80652040006520400FF000000F1E90000A5
S21404BA087665040006520400FF000000F1E9000011
S21404BA185774040006520400FF00000071EB00008F
S21404BA28787404008F7404000001000007FF000007
S21404BA385D730300B574040006520400FF0000009A
S21404BA48EDE80000CF74040006520400FF0000006E
S21404BA58D7730300FD74040006520400FF000000B8
S21404BA68C9730300177504009973040000FF0000E7
S21404BA786DF200003C75040006520400FF00000046
S21404BA88C1E700005675040006520400FF000000D3
S21404BA9855E7000079750400F675040000000310E5
S21404BAA8FF00000031E800004B760400B976040075
S21404BAB801FF000005E80000CE76040011770400B4
S21404BAC800FF000019E7000022770400065204006D
S21404BAD8FF0000005B73030051770400065204005D
S21404BAE8FF000000F5E600009D7704009973040043
S21404BAF800FF0000C1E60000DE7804003379040085
S21404BB0800FF0000A5E600004D7904000652040074
S21404BB18FF00000089E600005D7904000652040070
S21404BB28FF0000004B73030071790400EF790400EA
S21404BB3800FF000059E600007A7A04000652040062
S21404BB48FF00000015E60000977A0400C27A040095
S21404BB5807FF0000D5E50000CC7A0400257B040026
S21404BB68000500FF8DE50000D87B0400EB7B04008D
S21404BB780002FF0069E500001A7C0400065204006F
S21404BB88FF0000004B7303002C7C0400667C040052
S21404BB9800FF0000FDE40000EC7C0400327D040095
S21404BBA8000301FFEDE40000D27D0400187E0400C3
S21404BBB8000301FFE15A0100B87E0400065204009F
S21404BBC8FF0000005D800300E07E04005B7F040045
S21404BBD802FF000099050100B07F040049760400BE
S21404BBE800FF000065050100D87F040049760400BC
S21404BBF800FF000015050100F17F0400065204004A
S21404BC08FF000000ED4C01000A8004000652040000
S21404BC18FF000000C54C01005780040006520400CB
S21404BC28FF000000514C010082800400A880040034
S21404BC3800010100010102FF294C010027820400CB
S21404BC484F82040000FF0000094C010076820400BD
S21404BC5806520400FF000000514B0100A0820400B5
S21404BC6806520400FF0000002F7F0300B982040078
S21404BC7806520400FF00000021400100DF82040091
S21404BC88108304000002FF00917D03006D83040006
S21404BC9806520400FF0000008D7D03009A8304000A
S21404BCA806520400FF000000D53F0100B5830400D7
S21404BCB8DF83040000FF0000953D01000F840400A4
S21404BCC806520400FF000000112901002284040023
S21404BCD806520400FF000000F92801003A84040014
S21404BCE806520400FF000000097D03005384040084
S21404BCF806520400FF000000F57C0300808404005C
S21404BD08FA84040000FF0000A13C01003985040001
S21404BD1806520400FF000000913B0100B1850400B0
S21404BD2806520400FF000000B5270100F58504004C
S21404BD3806520400FF00000099270100128604003A
S21404BD4806520400FF00000011280100BD86040006
S21404BD5806520400FF000000052801004B87040073
S21404BD689087040000FF0000D1270100C78704005D
S21404BD781888040000FF0000FD2501004B88040015
S21404BD8806520400FF000000951A01007788040094
S21404BD98E08804000000FF00951A010035890400B5
S21404BDA8978904000000FF00351B0100DC890400A5
S21404BDB80F8A04000002FF00637C0300648A040000
S21404BDC8B28A040007FF0000691C0100CE8A04003A
S21404BDD806520400FF0000007D1A0100F28A0400DF
S21404BDE8178B040000FF0000891B0100708B0400F9
S21404BDF806520400FF0000004D140100AD8B040039
S21404BE0806520400FF00000015140100D78B040036
S21404BE1806520400FF0000003B7B0300128C04005B
S21404BE28818C040000FF0000710D0100D28C040010
S21404BE38518D040000FF00002D7B0300978D04003D
S21404BE48E98D040000FF00000D7B0300308E04001B
S21404BE587D8E040000FF0000037B0300C78E0400E9
S21404BE68058F040000FF0000FD7A0300158F040008
S21404BE78058F040000FF0000F77A03003C8F0400D7
S21404BE88058F040000FF0000F17A0300638F0400A6
S21404BE98058F040000FF0000EB7A03008B8F040074
S21404BEA8058F040000FF0000C77A0300B48F04005F
S21404BEB806520400FF000000CD7A0300D68F040063
S21404BEC806520400FF00000019080100FE8F040053
S21404BED8379004000001FF0045080100589004004C
S21404BEE806520400FF000000C97A03008390040089
S21404BEF806520400FF000000010801009E9004009A
S21404BF0806520400FF000000BD070100B9900400B3
S21404BF18E690040000FF0000A50701000191040054
S21404BF2806520400FF000000EDEF00002C91040008
S21404BF3806520400FF000000EDEF000053910400D1
S21404BF4806520400FF000000DDE4000064910400CB
S21404BF5806520400FF000000A9E4000079910400DA
S21404BF68A091040000FF0000A9E40000B0910400BA
S21404BF78A091040000FF000041E40000D7910400EB
S21404BF8806520400FF00000043730300F291040005
S21404BF9806520400FF0000009DE00000159204000D
S21404BFA87F92040000FF00007DE00000A2920400D7
S21404BFB806520400FF00000065FC00000894040014
S21404BFC895940400010000FF49FB0000B2940400A5
S21404BFD80695040000FF00007DFB00001B95040086
S21404BFE86D9504000100FF00E9FA0000839504003B
S21404BFF8709604000107FF00477303008096040048
S21404C00806520400FF00000049F40000919604005C
S21404C018A3960400000101000007FF0041F3000096
S21404C028DE960400EF96040000010100FF000000FD
S21404C0387DFB00003E9704004F970400010000FFB4
S21404C048B9F200003E9704008197040000FF000040
S21404C058358E01009297040006520400FF00000083
S21404C068D1E00000DE97040006520400FF0000003A
S21404C07839A103000652040006520400FF0000001B
S21404C088599C01000652040006520400FF000000F2
S21404C0981D9C0100065204002398040002FF0000B9
S21404C0A8C9A301002B98040006520400FF000000F0
S21404C0B855A30100579804007A9804000200FF006C
S21404C0C8BBA10300A398040006520400FF00000066
S21404C0D831A30100C5980400E398040002FF000099
S21404C0E809A30100F8980400E398040002FF00007E
S21404C0F801000000C84700200000000000000000FF
S21404C108FFFF0000A77A03000000000003000000F9
S21404C118FFFF01001B7B0300000000000400000072
S21404C128FFFF0100A97B03000000000004000000D4
S21404C138FFFF00002D7C030000000000060000003E
S21404C148FFFF00009F7C03000000000019000000A9
S21404C158FFFF0100357D03003B6A0400E864002005
S21404C16800000000000000000000000000000000BE
S21404C1784F990400E4C10400000000005599040027
S21404C1883CA30400000000005C9904000CA504000D
S21404C1980000000020680400FCA40400000000005E
S21404C1A865990400ECA404000000000077990400D4
S21404C1B8DCA404000000000086990400CCA4040053
S21404C1C80000000097990400BCA4040000000000C6
S21404C1D8000000000000000000000000F4C1040095
S21404C1E8A999040006520400FE000000C49904003D
S21404C1F80CC204000000000000000000000000005C
S21404C20800000000F1A70300C999040006520400C0
S21404C218FF03010001013F040201003F040202007B
S21404C2283D040202003D040102000102000301006D
S21404C23802023D040201000202020100020200009A
S21404C24800202020202020202020282828282820D5
S21404C25820202020202020202020202020202020CD
S21404C2682088101010101010101010101010101035
S21404C2781004040404040404040404101010101025
S21404C28810104141414141410101010101010101EF
S21404C2980101010101010101010101011010101041
S21404C2A810104242424242420202020202020202C1
S21404C2B80202020202020202020202021010101015
S21404C2C8200000000000000000000000000000003D
S21404C2D8000000000000000000000000000000004D
S21404C2E8000000000000000000000000000000003D
S21404C2F8000000000000000000000000000000002D
S21404C308000000000000000000000000000000001C
S21404C318000000000000000000000000000000000C
S21404C32800000000000000000000000000000000FC
S21404C33800000000000000000000000000000000EC
S21404C3480000000210000000644C0020281400209E
S21404C3580000020800000000FFFFFFFFFFFFFFFFCA
S21404C368FFFFFFFF000000000000000000000000C0
S21404C378000000000000000000000000200000008C
S21404C3881DCF01001000000095CE0100000000013A
S21404C398000001010001010120C001B800000000EE
S21404C3A800000000FFFFFFFFFFFFFFFFFFFFFFFF88
S21404C3B8FFFFFFFFFFFFFFFFFFFFFFFFFFFFFFFF7C
S21404C3C8FFFFFFFF030404080808080800B801B8BC
S21404C3D802B800B040F80400030404080805000086
S21404C3E8000000000000000000000000000000003C
S21404C3F8F8330000E0030000D837000014000000FB
S21404C408383E000008000000002F0000F804000072
S21404C418EC37000004000000343E0000030000006F
S21404C42800000000002F0000F037000001000000A4
S21404C438403E000039000000012F00000100000003
S21404C44870B50822804B1A60804B1B68DC0302D543
S21404C4580020088070BD0C880019401E00787C4DAA
S21404C468A870641C0C8045076D0F052D05D8794EF9
S21404C4783668F60603D5022D0DD0032070BD960443
S21404C488AE401E4001D1082070BD052D03D11042D0
S21404C49801D1641E0C80AA484860002070BDF3B51C
S21404C4A882B008886C490978491CC9B2814204D20A
S21404C4B802990918491E097800E00021644A517057
S21404C4C893785B075B0F01933023019C052C28D1D6
S21404C4D8194232D19478E5081E242C40CD0702D59B
S21404C4E8250001242C430125A14EE6402E4072D097
S21404C4F8019FA04EE641402426403E434C0602D502
S21404C508340020262643947889080D40A7080C2171
S21404C51839402943C02525400D43202129439670D8
S21404C52851704A490C685578022123262E4008D0B3
S21404C538660302D52B40202B01D0052082E0424B0F
S21404C548196093789B0601D4202203E09278120798
S21404C55802D540223C4B1A603D4A92786B461A70C4
S21404C568C022854B1E680E4001D1154212D06E4675
S21404C578377827263E40232E03D1E60207D4012621
S21404C58806E0252E03D0212E04D1260302D5042640
S21404C5982D4F3E601B6819402026019F002F1CD192
S21404C5A81E4027D02A4B5B781A40402A13D00C2208
S21404C5B81A40042A0FD02A073BD40122002902D0A5
S21404C5C8E100CB0F5A4069460978CB07DB0F1A42BD
S21404C5D82FD021012AD4072034E0022FE2D11E40AE
S21404C5E808D00029DED1CC232B4003D16B461B7818
S21404C5F85B0601D5032025E0A30311D59C4E736979
S21404C6081B051B0D5B1C3668F60205D5994E366865
S21404C6183607B60F9B1B5B1E9BB2052B04D1C1E7DE
S21404C628029B1B78052BBDD006200BE08021064A0A
S21404C6381160E90702D4401C03990880AB480399A3
S21404C6484860002004B0F0BD481002A8C83E0000A8
S21404C658343E0000440002A8543E0000F2B5864961
S21404C6684978CA0705D4009A12888018401E0378A9
S21404C67800E000239E4A106802249E4D2E68F606A3
S21404C68811D512695340DBB2002B03D16E68D30967
S21404C69873402340002B03D0020204D40A20F2BDC0
S21404C6A8E206954E3260744A1E02C0230B4033439A
S21404C6B8914E336093785E07760F022E06D16D6826
S21404C6C82C4003D1002000990880F2BDA0250D4017
S21404C6D89E08102737402F433D090E0702D42E0024
S21404C6E810253543CC240C401A262E400A2E04D195
S21404C6F8CC2C02D02E00FD253540804EEE40F607A1
S21404C70805D4000416D5412B10D1082912D17C482B
S21404C718E8401121014021432020084310700D21D0
S21404C7280140009808D000F0A9F8F2BD0B2B01D1FF
S21404C7380029ECD00720F2BD00F020F8F2BD000076
S21404C7485F2F000038B50C006E490B781A09533968
S21404C7589500491925881B071B0FEB1A9A1A801887
S21404C768FEF756FE010002D1200000F007F832BD9D
S21404C778F300A3E398144068480002A8F8B5040038
S21404C788614805683C4F3878D026304202D00D21DF
S21404C798014005D008205D490860EF20FEF7F6FD45
S21404C7A839782000314204D00909397000F066F857
S21404C7B8F2BD052129401FD002884D49CA60544B52
S21404C7C8EC0705D5521C0280690607D4514B05E0D0
S21404C7D843242C40422C03D1521C028043600DE0B3
S21404C7E810224A4B1A604C4A09688B00DB0F190161
S21404C7F8D162802109031160002101800020F2BD66
S21404C8080A888018401E0078830601D4121D0A8000
S21404C8181822024004D0088852088018C01E0880CF
S21404C82839480068C00702D50888401C088039487B
S21404C838486000207047344A1368DB0708D5126836
S21404C848920705D40A888018401E007804280CD15C
S21404C85810202E4A10603048254A12689300DB0FD1
S21404C8681A01C26280221203026000200880704700
S21404C8780C4000A8080001A8343E000031B581B079
S21404C8882649002000900822254B1D7802230C24F4
S21404C898254202D10022234903E02C40082C00D16B
S21404C8A80222EC0703D50C001E21614000931D42AA
S21404C8B807D015490968090601D51B4901E0002176
S21404C8C8C943019B194C21601949FF248C70009CAC
S21404C8D815012543CD7008701888009940188018EB
S21404C8E8188014485860002036BD00001D3100002A
S21404C8F8C83E0000440002A8441002A80D0F0C0D00
S21404C908071708504B3F0000480002A8482002A812
S21404C918C1320000F73200001C1002A8DE1B2501F5
S21404C928343E00002084100000FCFF01F43E0000A2
S21404C938483F000005320000343E0000C1290000CC
S21404C948D9290000D9290000D9290000D9290000CE
S21404C958D9290000000000000000000000000000C4
S21404C96800000000D9290000D9290000D9290000B0
S21404C978192E0000D929000055230000652300005D
S21404C988F123000039240000B32400001D2600000B
S21404C998D3240000BD2600001F2500005D250000E6
S21404C9A8D5250000312800000129000027230000AF
S21404C9B8632B00004D200000812B0000F52B00009F
S21404C9C8D9290000D52C00009D2C0000D929000088
S21404C9D8D9290000212D0000D9290000D9290000F2
S21404C9E8D92900005D1000005310000067100000ED
S21404C9F8711000007B1000008C488068000200D488
S21404CA08704780B580208002A8490860CF2000F0CF
S21404CA1845FA01BDF8B586480068864C802292031C
S21404CA282260854E316809051DD5110BA0230340E5
S21404CA3801D0216017E002403FD180277F4A176063
S21404CA487F4A1760084038D0784D287A400705D5BD
S21404CA5801207C49086000027B4908602878002881
S21404CA6801D0062801DB0020F2BD00F051FB7168F6
S21404CA7889684E682978052907D1B905A1606E60CA
S21404CA88B668CC218901704A116000F04AFB012E71
S21404CA9800DA0226BC2080058549086094208005B3
S21404CAA88449086065480021C943016471424164A9
S21404CAB881490F6040210160D5E7AE480160FFF761
S21404CAC89BFF0120F2BD5A480168890504D5C06E4B
S21404CAD80004000F022801D0002070470120704788
S21404CAE838B580245548046000F012FB05007348E6
S21404CAF8006800F05FF9280000F013FBFFF77CFFDE
S21404CB084A48007A000705D5A0004A49086000F09C
S21404CB18FEFB31BD600397490860AD48046031BD2B
S21404CB28FEB50500CC208001934948600126934849
S21404CB380660FFF7C8FF002877D03C4C207800280A
S21404CB4873D031020195052802D02A460A406CD1D2
S21404CB58CC27BF01884A17609E4A126853075B0FA2
S21404CB68022805D1022B5ED3080137490860F7BDB1
S21404CB784D01032804D1022B55D933480560F7BD67
S21404CB88042802D111404ED0F7BD05284BD1019890
S21404CB98002848D0C005C10F684641700198C004F3
S21404CBA8C10F6846017000F0B3FA029060686946DF
S21404CBB84978002903D006688021214A11602C048C
S21404CBC8A7496A461278002A0CD0C2680B68D21A9B
S21404CBD8A44B1B68234001D0066800E046689642CA
S21404CBE800DD1600684640786A461278024308D084
S21404CBF808684242B01E824202DA7042886000E048
S21404CC080026029800F08DFA0198800501D596480A
S21404CC1804600198054001D094480460002E02D0B0
S21404CC2809480760F7BDFFF75BFFF7BD403E000005
S21404CC38400002A8402002A8C83E00000CC001A874
S21404CC4890E001A894D000A8505201A838B58024D2
S21404CC5887480460012049490860864D28780528D5
S21404CC6802D0600084490860FFF72DFF002812D020
S21404CC7812480068000A80214140A868000EC9B21C
S21404CC88814208D2534800684007400F022802D25F
S21404CC98FFF726FF31BD79480168C0220A4002D151
S21404CCA8C06F204001D00448046031BD1C1002A89F
S21404CCB808E001A808D001A894D001A818C000A8C4
S21404CCC8F1B582B00F008026B600A020384002D006
S21404CCD86B4806604CE000F01BFA0090694804684C
S21404CCE8F80202D5A0680069029000F05FFBB10262
S21404CCF8606800F069F9217820000022491C43780E
S21404CD088B4200D2002118234B43C5180C352B78C8
S21404CD18082BF3DA0C0001708560564829780170F0
S21404CD283E4007D0574909688968CA68F90201D499
S21404CD3803218A43826001261046304003D100F05E
S21404CD48F6FB00F0B4FFF104686900F03DF93C20F6
S21404CD5800F0A4F8E0B200F0A1F8009800F0E1F9B9
S21404CD6830054749086048480660300202490860AA
S21404CD780298FEBD401002A84C6201A894E000A8E0
S21404CD8810B542480068800501D4FE2010BDC020B6
S21404CD9880033F49086000F0BBF93A4909688A7875
S21404CDA8D20702D589688C7800E00C7800F0B9F9C7
S21404CDB8200010BD334909688A688B78DB0704D5D8
S21404CDC8927818235A438A180C32906070470000E9
S21404CDD8100002A8084001A8F1B582B02D4F3C689F
S21404CDE80026200F000702D1E00102902AE000F096
S21404CDF85EFF00F08DF9019080210903606800F059
S21404CE08E3F825786D1C6078A84200D20025E8006F
S21404CE1820180C30009000680290802109030098BE
S21404CE28406800F0D1F83D2000F038F8E8B200F089
S21404CE3835F825700098A060019800F072F902A8E9
S21404CE4800F09AFF14480068800407D5786901F052
S21404CE5850FC02990818029000D502960298FEBD66
S21404CE6848C001A8480002A8481002A8482002A8FA
S21404CE7894E001A8403E0000506201A814C001A82E
S21404CE88402002A8CC3E000090E000A8400002A87B
S21404CE98401002A8D03E0000FC0302A841490968D5
S21404CEA8002901D5404908607047F3B581B03F4F63
S21404CEB8B9683F4C4A004CD50125090100D52125FF
S21404CEC801003C4A1068566822689206920E9446F8
S21404CED83A68930080221340624613438022520025
S21404CEE81A4300920A0023D0890601D5012008E0D7
S21404CEF8F021014007D16946097A0C220A4002D07B
S21404CF08022000F03FF82C49096809040AD5396854
S21404CF18090701D5022605E03968490301D5002624
S21404CF2800E003264835009A24490968890003E086
S21404CF38009A2249C96909094023194011439A00ED
S21404CF48002E02D01643266608352166024322665A
S21404CF582566E06D4407640F00F0C4F8A0070BD0FC
S21404CF68052C09D0B868000406D400F0D1F80221CC
S21404CF78134A116000F0D5F800F0BDF8002000F060
S21404CF8801F8F7BD0B490A68F0239A4300011043D9
S21404CF980860C0B270478020C0020A49086070471B
S21404CFA8000000004C0002A8884000A8440002A81C
S21404CFB8284000A8683F0000384101A8084001A896
S21404CFC87CD40350485000A880B5664A116001F026
S21404CFD8BBFBFFF7E0FF01BDFEB500F099F8029031
S21404CFE810206149086000236048036002206049F5
S21404CFF808606048C0684005C20DD52A01D2D5220B
S21404D00804E0D1204000824200D90200100001004A
S21404D018594C0194843C246864011DD5574C0094EB
S21404D028251D574E367806277E43AA530024019DAD
S21404D0382D7CE540ED070CD5009D06266643AD1904
S21404D048AD888FB2BD4200D2290086B2AE4200D265
S21404D0582800641C022CEAD389B246310904494CD8
S21404D0680C404638C005C00D204342490860C0201D
S21404D0780006454908604048017D00290CD043490C
S21404D088D52A02D98024E4050C60D1246400A2427F
S21404D09802D2802424060C6010213D4C21603D49B0
S21404D0A80B604188002900D10280029800F039F804
S21404D0B8F7BD80B53848394908603948C168090257
S21404D0C8090A19225143416005210160FFF784FFCC
S21404D0D801BD33480068C00300D4704780B5FFF725
S21404D0E87BFF01BD8020C0021E4908602D480068E9
S21404D0F84007FBD470478020C0022B49086070475D
S21404D10801E02A4908602A4909680140F9D17047AC
S21404D118284800682021284A11601021274A1160EF
S21404D12870473021014002D1102023490860704717
S21404D1382048006830210140102901D10120704799
S21404D148002070471E4800780621014007D01D4875
S21404D1580068022803D0032801D001207047002065
S21404D16870470000401002A8F41302A8048002A81E
S21404D178409002A87C400050743F0000643E0000C3
S21404D188603E00000000FF01A0600050A45000505C
S21404D198F42302A818E000E07F1A0601500002A84B
S21404D1A810E000E0400002A8402002A8282002A8B8
S21404D1B8280002A85C0002A85C2002A85C1002A84A
S21404D1C8BC3E00006C3F0000F8B553488021490275
S21404D1D881610221514A51600021514A1160514A25
S21404D1E8118003214D4A11600221016020204E4916
S21404D1F8086080204D490860CC2080014C490860AE
S21404D20801204C4908604648806F00900F24070B9D
S21404D218274049480068C505ED0D103DC020284341
S21404D228C0B2FFF73BFE3E48006980030AD5092FC3
S21404D23808D0FFF787FF002802D0404800688047D8
S21404D24801F0D8F80098044000943D480468009813
S21404D258032803D0022806D1032F3AD000F002FA96
S21404D2680098032803D0062F33D1062D31D035482D
S21404D27800680104C90F01D001F084FB3248006835
S21404D288000109D5052D07D1012501202F4908607D
S21404D2984005FFF735FF00E000252100380000F0C0
S21404D2A8E3F904002A4E002D06D000F089FB01207D
S21404D2B83060022027490860802080037065800952
S21404D2C825490860FFF73EFF002802D02348006877
S21404D2D88047124880214902C161002F08D10221E3
S21404D2E8416000200E490861C020C0001C4908603F
S21404D2F82000F2BD80B5FFF7F5FE1A4800788006D0
S21404D30802D4022018490860FFF7F5FE01BD022082
S21404D31816490860704700002C1002A8282002A8A6
S21404D328340002A8743E000094E001A80CC001A8CA
S21404D338506201A894E000A804ED00E0E837000075
S21404D348B44000A800E200E0F03E0000645000A8E4
S21404D358646000A82C4000A880E200E0E4370000DF
S21404D3682C6001A8C83E0000081002A8082002A8DD
S21404D3787B480068800700D4704730B5814804218C
S21404D388904A0123E024E4008568254002D013600F
S21404D398D160D3600068044002D0136051605360C3
S21404D3A830BD8948012181600160704710B50120AD
S21404D3B875498A680240FCD1844A0423D3600C6801
S21404D3C80440FCD15360106010BD814908680122EE
S21404D3D8104200D1704710B5E023DB000340FF2459
S21404D3E8A41CA34204D37B4B1B689B0600D5486841
S21404D3F8024001D000F0B6F810BDFEB50700C820FC
S21404D40875490860062075490860802040037449F9
S21404D418086074480168744A0A4080210901114367
S21404D4280160724CC020C00020600225A561680314
S21404D4386F4908606F4E7048F0664C206F49C8669E
S21404D44838686F498968814201D2009100E00090EB
S21404D4580099401A38600121380000F055FB019005
S21404D4683868009940183860FFF782FF63480068F8
S21404D4786349086063480168490601D5624900E0C3
S21404D488624931670199002908D10321E1610068DE
S21404D4983068054002D08020800220610198FEBDD5
S21404D4A8F1B55B4C8020C00120605A4D0126AE625F
S21404D4B8594F3E601D20286056206866072001F0F4
S21404D4C809FB0220286006212966544909680029B0
S21404D4D802D408212966696651492965C021C9000C
S21404D4E8504A1268F823DB01134001D1A96700E00B
S21404D4F87961E16B314008D0216BC90705D44A49E4
S21404D5080968084001D101F0EDFA4848484908601E
S21404D518206B064001D1FFF72BFF009801F0C8FAEC
S21404D528206B8001FCD4206A42490860F1BD30B5FE
S21404D5383748414B0121026B0A4001D15961D96031
S21404D5483E4A3F4C54663F4C146503241C60002333
S21404D558CE4D2B6014609162C903016030BD000093
S21404D5684C0002A8F0210901374A116001403748E7
S21404D5780160202036490860364909680840C849C9
S21404D588086070476C0102A8700102A880B532488A
S21404D5980821324A13680B4001D0016141611178B1
S21404D5A8C90602D5862109010160FFF70EFF14207B
S21404D5B82B490860BB480168490701D0FF2141612F
S21404D5C801BD0000681102A86C2102A8682102A8FF
S21404D5D8783F0000400002A8548001A80C9001A8D7
S21404D5E8942002A8680102A8FFF1FFFF441102A8CC
S21404D5F8A01002A8E40002A8294E0600300002A8DB
S21404D608A03F0000FC0302A8CC3F0000C43F000073
S21404D618100002A8E01002A8442102A828C000A806
S21404D6280C1E0000A88001A8483E0000FFFF7F7F6C
S21404D638B46000A89C3F0000602102A8E02002A86D
S21404D6485E060000041E00002C6001A82C5001A8E9
S21404D658442002A8084001A8301102A8F84F000088
S21404D668703F000070470000F8B586B005000C004F
S21404D6788D48866AFFF74CFD0590B00503D58B48A0
S21404D6880068FFF797FB0020019001227306DB0F62
S21404D69887498F688860B8204000864E30606608E0
S21404D6A8B82030400978F0260E40402E02D10100FA
S21404D6B8402008430D2D02D1390004270F4379076B
S21404D6C804D501001420084310218C437A490968BC
S21404D6D86D462A7004930500784EC80506D5802042
S21404D6E84000774908602800012505430498002867
S21404D6F811D10C20284008280DD028006A49496B07
S21404D708CA0601D410229043890601D420218843EE
S21404D718B121014067D068460078002865D0B26B0E
S21404D728B06D012101235207520F921D9340C00485
S21404D738C00C181A80B2082809D2802506205A4A2E
S21404D748106008049D4A106000206A461070812004
S21404D75828404DD00820049A002A00D130623A00A6
S21404D7680827174310208443042003900005984A8A
S21404D77810604008974A1060974801606846007829
S21404D788002832D00398062838D39448806BC006FD
S21404D79834D593480068000E01909048006880B21B
S21404D7A802908F48006A000604D002988021490136
S21404D7B801430291FFF7C6FC002809D0894800787F
S21404D7C8C00605D002988021C901014389B2029196
S21404D7D80298306102980012306137480168C8051B
S21404D7E800D57AE70AE0082030620094049732E00D
S21404D7F890A06906C90E405C0390BFE7009404979E
S21404D80803982949CB6A764A126834686F463C817D
S21404D81828241C400443980CC00120431C001B0EFB
S21404D828234010242340034390004022104018430A
S21404D83802AA9070086B000A02A9C870FFF7A0FA3B
S21404D84802A908710198487167480068C880029858
S21404D858F0660398F0660598FFF763FC08240098BA
S21404D868400601D55A488460FFF76CFC002805D0AA
S21404D8785E480078002801D05D4804600498C1B268
S21404D888E8B2FFF712FB009807B0F0BD400102A803
S21404D898081A03D2574909684018401C7047000004
S21404D8A8441002A80C4000A8180002A81CC000A82F
S21404D8B8683F0000B46000A81C0100AA540000AA2F
S21404D8C81C2100AAF8B54C4E0F2401254B491027F5
S21404D8D8706B38401BD001200870494800684949D5
S21404D8E80968FFF7D5FF48490968401801284BDB43
S21404D8F801F0A4F945490968090B0C40022C41D1EA
S21404D9086905434A11604349CF6335603AE0F06BD2
S21404D918C0001ED540480068E0218905014033D080
S21404D9283A4D286821030140780281422CD1FFF73A
S21404D938EFFB3A4A3A490968C90502D539490968DC
S21404D94811602968090B21400229F3D0FFF7E9FB87
S21404D958F1BD354E3068002816D00D7001F0A8F8D1
S21404D968002811D101F06AF928490968090B0C4006
S21404D978022C07D12904264A11600221254A11607F
S21404D9880021316001F05EF9F1BD8020800427494A
S21404D9980860704780204004244908607047802047
S21404D9A8C004224908607047802000051F490860A3
S21404D9B87047802040051D4908607047141100AA66
S21404D9C81B480168490701D0FF21416170470000E0
S21404D9D8401002A8205001A8006101A81C4000A815
S21404D9E8084001A8C43E0000448001A8F03700009F
S21404D9F8845000A838C001A8100002A8773E00008A
S21404DA081CC101A820C001A8E03E0000AC0002A882
S21404DA181C1002A8082002A8204001A8800000AA1A
S21404DA28084000A8904000A84C3E0000382002A8F1
S21404DA380C4000A8030107060301070605010606AD
S21404DA48050106060302070603020706050206067C
S21404DA5805020606FF2807D0032805D2A94909782F
S21404DA68C140C807C00F704700207047F0B5802033
S21404DA7800020821A44A11600A230121A34A0124AA
S21404DA889C400443B6A5ED5C25439560F025A04E5E
S21404DA9835609D4DB5A6F65C022737432F600426ED
S21404DAA82E609C4D2D680D4006D1CD026D1E03D008
S21404DAB8966C3603FAD401E00220F0BD956CD66C59
S21404DAC86D036D0BAE4200D220005B1ED7D508232B
S21404DAD88F4C23609060904B1B685B0112D58F4C6B
S21404DAE863785D1C01262E4066701D000626754365
S21404DAF865191268AA80E8802370824802789940DB
S21404DB08114301700020F0BDF1B582B0FFF749FC5F
S21404DB18002481480068400102D4012001901DE0D9
S21404DB287F48826B00207D49C3B206256B43CB1819
S21404DB389B8895B2AB4204D0401CC3B2022BF3D3E5
S21404DB48FF2008700120019073480068400105D53D
S21404DB580878FFF77FFF002800D001947148006812
S21404DB6871498861714D02980068296D4618002E1F
S21404DB7815DD00F072FD2860C001301A00280EDD9D
S21404DB88FFF714FC00F093F802980068296D401813
S21404DB9800F08EFF050002D00298046085E0644E0B
S21404DBA8802080003060604A106807282ED005213F
S21404DBB80840052805D011600C2000F08BFF0500EE
S21404DBC873D15C4D5C482862FFF7F0FB022028609E
S21404DBD8E020C0025949086000025949486080207C
S21404DBE88004706002203060012000F073FF8020FB
S21404DBF840002862022000F06DFF90204001286251
S21404DC08022000F067FF8020C00028624D4EE02006
S21404DC1840003060042000F05DFF05003CD102207F
S21404DC28474908608002B062C001B06210203C49CF
S21404DC3808600127F76540264348006830401BD132
S21404DC4835480068400113D534480078694608709A
S21404DC5868460078FFF7FEFE002809D02F48694674
S21404DC680978062251434018C0882D49086403E001
S21404DC78FFF7FCFE05000FD129480760C467022099
S21404DC8800F028FF314C2660B0002060022000F027
S21404DC9821FF8120C002A0620198002805D02A48E6
S21404DCA80068800101D4FFF714FA2800FEBD70B599
S21404DCB8FFF777FBFFF77AFB022619480660244D20
S21404DCC8F0022862C4082C62012000F003FF6008F2
S21404DCD828622E601F482862E02040001B4908601E
S21404DCE8174D2E60FFF7FEF91B4E3078002800D03B
S21404DCF805200D490860FFF7FEF92C6017480068F0
S21404DD08706370BD843F0000889001A8448001A811
S21404DD1888A001A8140002A8F03E0000603E000097
S21404DD280C8001A8F80302A83C0102A88C3F000056
S21404DD38941002A83C1102A8BD080000142102A8E9
S21404DD48942002A82C9001A84C0002A82CA001A894
S21404DD583C2102A8FD680000603F0000300002A8CD
S21404DD680000000101020408102020005050504012
S21404DD784040403020202000F8B50400FFF716FB8A
S21404DD882948C021C900294A1268F823DB01134030
S21404DD9802D1274A116000E0016000942549AC22AC
S21404DDA852008A640A220A602349802252030A60BF
S21404DDB8224C626A224B13408022D2001A436262C3
S21404DDC880222260022242605003C8601D48E06038
S21404DDD81D4E4C20F0661D4D68699621C9014718EA
S21404DDE800980068874200D30700C01B00990860A3
S21404DDF800210098FFF788FE00990968C919009A57
S21404DE0811603168296012490968490601D5114923
S21404DE1800E011492161F2BD802000010F49086025
S21404DE2800010F4908607047582102A8AC8001A871
S21404DE38581102A80C8001A8941002A8440102A84C
S21404DE48FFF1FFFF286E0600300002A8903F00008E
S21404DE58FC0302A8CC3F0000C43F0000401002A800
S21404DE68685000A8F1B584B0B44800680390B44874
S21404DE78006B9621C90140180499884205D2081AED
S21404DE8800F016FE002800D013E2AE4C6068C00707
S21404DE9800D50EE20420AC4988628003AB49486288
S21404DEA8AB480568606B8607B60F032E03D01020B0
S21404DEB8A549886224E00846802189024162A16B4C
S21404DEC8890601D5012062E0290610D5A26B022135
S21404DED80A400CD19F4A05231360A36B10273B40C6
S21404DEE81943116000211160616B090A116004214D
S21404DEF88162A06B002803D5C803934948620026AC
S21404DF08606B400705D5606BC00080214900084057
S21404DF1803E08B488068C10701D5FFF723FB01227D
S21404DF28154008D0B748B1014018006AC004C00CB0
S21404DF38401EB549086000200021B44BDB6E1B0464
S21404DF4817D5B34B1B68002B13D40121AE4B5B6962
S21404DF58002B0ED0AF4B1A70AF4A10601022AF4B8E
S21404DF681A60CA06AE4B9A670723AD4D2B60AB4BB7
S21404DF785A65AC4AC0239B0013603502002901D0B9
S21404DF88190000E02900CC4E316053607560E16BDF
S21404DF98942292050A40150000D0012580263602F0
S21404DFA8284300062CD06A482821405CC02101403A
S21404DFB8402902D1FFF79EF901E0FFF7A8F92020CF
S21404DFC820602D0600D174E1944D606B400708D597
S21404DFD870085E4948620220686000F059FA002812
S21404DFE806D00420584988624002584948626E6040
S21404DFF857480078000600D45BE130015249FEE039
S21404E0080125606828405AD1AC480068C005400F0E
S21404E018022803D0032801D0062802D169464D7089
S21404E02805E0002069464870A548A6494860680483
S21404E03846498862FFF756F87348406EE16B0E400F
S21404E04808D1C00606D5FFF763F802219E4A116078
S21404E058FFF767F8FFF74FF8280320609B4EC020A9
S21404E06800067060280497490860606B4007C10F73
S21404E078684601703020039949072CD54021A24AE6
S21404E0881162904F49013966032191640021116099
S21404E09830607D6580207060062000F01BFD002837
S21404E0A80DD12802F866022000F014FD28029749CC
S21404E0B8886618207060082000F00CFD002800D040
S21404E0C8F7E024207060E020C0029049C865A020CC
S21404E0D8C00238666FE0E16BC90246D5BE49496896
S21404E0E80902090E01914909022901DB884A01E05F
S21404E0F8B32292000199302937D311490B88E72BAC
S21404E10833D395277F00BB4205D8FB1A1B095A430D
S21404E118920A534204E07F4FDB191B095A43930AB9
S21404E1285BB2019AD2180F6BBC46CF6B7B4367462B
S21404E138FB180B639F2A0FD39F2210E0FC0302A848
S21404E148743F0000100002A81C2002A81C1002A895
S21404E158C83E0000E40000AA202A00D821221102A2
S21404E168114312040A4329490A606749AA020A6243
S21404E1789A4A8A6414220A603060524F7D65E02009
S21404E188C0026249C865A803B866400270600620E3
S21404E19800F0A0FC002833D12D06FD66022000F00E
S21404E1A899FC5A48856668097060082000F092FC55
S21404E1B8002825D17560032000F08CFC884818498F
S21404E1C8886700F04AFA874D401DC001296B40183D
S21404E1D801908548406F8021C9010840029008468E
S21404E1E8824908600198049988421FD20846296B18
S21404E1F8401A00F05DFC002816D002987C49086096
S21404E20857E000BF0C0000AA204000A8CC4001A894
S21404E218784201A8763E0000703E0000645000A8CC
S21404E2283C6000A8046100A804980190206AE8628B
S21404E23804270398384001D0402002E0F8057060AF
S21404E248C0087060012000F045FCB8011D4908604C
S21404E258019800F02DFC8A4E68460078002805D1FF
S21404E26861480068F0613805864908600298604984
S21404E27808608548854908602448790241666946E5
S21404E2884978002900D10760206A686268460078E1
S21404E298002808D0012000F01DFC3078000602D5BE
S21404E2A8780492490860E06BC00202D54A480068C0
S21404E2B8286305B0F0BD00BF045100A8204001A89B
S21404E2C8040000FFB41002A87CE40350441102A81A
S21404E2D810B5FEF71DFF864900240C600A22CA61A1
S21404E2E8FEF71FFF8348C021890201608249416006
S21404E2F8824810210160C9054165402080490860AC
S21404E3088048047010BD0000400102A8B82002A886
S21404E31833070000D6FEFFFF7B48406B800300D41B
S21404E3287047F8B57948046800270020002578491E
S21404E338E20706D5C02080028025ED03EA0A0A60B3
S21404E34803E0A20701D4032040252843C86201201D
S21404E35800F0C0FB802040006E49086708206E491C
S21404E36808606E490968090203D46D4909680140C2
S21404E378FBD0012000F0AEFB6A4EE00702D58020F1
S21404E388800430643564042000F0A4FB600702D5DA
S21404E398E020C002F06064483064012000F09AFB74
S21404E3A862483064C320000630645A488021490213
S21404E3B801671021B163890271615D490F6001220A
S21404E3C832603022F2638F62802189014E4A1160DE
S21404E3D809010160F1BD0000F83F0000F3070000E2
S21404E3E8FFFF7F7F743F000020C001A894E001A8C7
S21404E3F894D001A8F8B54F4800680D2707400424B0
S21404E408002F00D104274C481025660308214B4AE0
S21404E4184B4B1B682340126814D04260394004D022
S21404E4280220FEF7AFFD474806603C4007D0464842
S21404E4380068054344480560B0084249086002205D
S21404E448424915E00260394005D00220FEF79AFDDD
S21404E458A0023C4908603C4006D03B4801680D438E
S21404E468056070093749086038480660300329494A
S21404E4780860FFF751FF00210020FEF716FDF1BDE6
S21404E488C83E00001C1002A803000300482102A886
S21404E49810B580202E490A6802400AD02D4B1A6807
S21404E4A80624144005D15C6E2B4A22401B6D9C0141
S21404E4B801D5002010BD096808400DD027488242BF
S21404E4C803D1180501D5012010BD25480068C107E9
S21404E4D8C90F481E8041C00F10BD22480321C163DE
S21404E4E8A821816310210160704700001C2002A83F
S21404E4F8D80000AA402002A804000080646000A88F
S21404E5082C4000A8763E0000100002A8FC0302A8CF
S21404E5181C1102A8442002A84C6201A8C44001A801
S21404E5284C4201A8082102A824000001980088008B
S21404E538600102A8B44000A8E83E00001CC101A877
S21404E548440002A8401002A8683F0000685000A8CB
S21404E558400002A814C001A81F1F0000010C0000F8
S21404E56830C101A8082002A86C48006801210842A6
S21404E57809D16B4A12686B4B000C1840F032914074
S21404E5880B40984201D00220704700207047F8B527
S21404E59807000F386A461080604CA0680A0004D149
S21404E5A86B461B8882B29A423AD200226B461A807D
S21404E5B8012502263A0013D02268324007D00029E3
S21404E5C82ED059480088401C574908800020390036
S21404E5D8E16056490E6080B2B84201D369460D80A0
S21404E5E85348456000E030BF2068304003D1FFF749
S21404E5F8BBFF0028F7D04D484560390010D0216885
S21404E608314005D048490A886B461B88D2180A80C8
S21404E61806600020E060A068B84201D2444806605C
S21404E628FFF7A2FFF2BD38B5050000F007FB0400AB
S21404E638012199204543A8093E4A126880181238D1
S21404E64880B2FFF7A4FF05008020C0013A4908609D
S21404E658200000F0F7FA280032BD3348038835490D
S21404E668096802889342F9D1100408187047FEB561
S21404E6781238070C6946088000F0E0FA0190274C27
S21404E688294D2888B8421ADA01202C490860274EF2
S21404E69830BF02202168014006D030604003264976
S21404E6A808602888401C2880FFF75EFF002802D1EF
S21404E6B82988B942ECDB0121716000280DD128882D
S21404E6C8B8420AD1A06869460988884205D200215A
S21404E6D868460088FFF75BFF01E0FFF745FF040084
S21404E6E88020C00114490860019800F0ABFA2000A5
S21404E6F8FEBD10B512490A680E4B1B680C68944296
S21404E708FAD0DB014033141A02D288692418641C30
S21404E7180C4800684443181B10BD0000280002A8D3
S21404E72804ED00E0FF3F0000743E0000282002A825
S21404E738281002A8300002A880E200E02C1002A8E4
S21404E74820C001A8B43F0000F0B502E00A601C60CF
S21404E7582E607EC84F1C07D05F1C04D06F1CF5D1F2
S21404E7680A601C60F0BD0A60F0BD000080B5FEF7C4
S21404E77809FC01207F49086001BD80B5EB2000F044
S21404E78801F801BD30B57C490B68184010221342C5
S21404E79810D07A4B7A4C2468224008D0A84A1468C9
S21404E7A82402FF252D022540DD6200241460802201
S21404E7B852031A60086030BDF3B5010016001C0049
S21404E7C8002500959F48019A330000270BE0BC46B5
S21404E7D84F5D4743AE009E597E40575D47433740DA
S21404E7E8664637436D1CA542F1D3390939438A086E
S21404E7F80A43510811430840C10901430F208A0BF4
S21404E8080A4302405040F6BDF1B582B00E0000201F
S21404E8188B490860FD25AD01EF7AA87A01900F218F
S21404E828394000910ED00B46874A88490298FFF76C
S21404E838C3FF0199014082480160854841438548E1
S21404E848084001D1012400E04401380915D03200FB
S21404E8583B0929000298009E6D7A75194019FFF73E
S21404E868ABFF019909110140754802680B0113436F
S21404E8780360002901D048004443774800682040D4
S21404E88801D10420FEBD0020FEBD80B50A0000218B
S21404E8981180724952888018FFF7B6FF02BD70B51A
S21404E8A80F226F4B5C7905780F202040C54020095D
S21404E8B8284001259C79C4402C4001D1032070BD12
S21404E8C82F4C2468254005D09D684600AD5B6D1E18
S21404E8D8644E3560DD78DE79C640F00711D5E0066B
S21404E8E80FD5002D0DD060484860088848800888F1
S21404E8F81C7800192A4080185A7880182A09801823
S21404E90800E000200880002070BD80B557480168E4
S21404E918574A0820014201D050611061C90602D541
S21404E9288621090111605349534A126812040CD50A
S21404E938524A1268530401D5C00305E0C0239B015C
S21404E94813404202934200D008600D480078C02263
S21404E958024002D180204005086049480068202209
S21404E9681040086047480068C00101D4FFF705FF57
S21404E97801BD00002C4000A8703F00001C1002A82F
S21404E988C83E0000F8B5404F38687E6806403F48E1
S21404E99830403F4908608024A4033E4DF00227D542
S21404E9A83D48016801200A0605D53C490968A9605E
S21404E9B82870022014E0014202D03949A9600FE009
S21404E9C80020C9060CD52849A960364A91780B0751
S21404E9D81B0F12789A1809095118A980E880A88884
S21404E9E8A880A888002801D0264301E0FFF7C5FEC2
S21404E9F8264023D0264E74603460A88800280BD09E
S21404EA08F969814208D3291D2748AA689047010056
S21404EA18F3D0FFF7ABFEF1BD01000CD0FC21890250
S21404EA28B161224902038A6134604C60FA69824201
S21404EA3804D30C60F1BDEB20FFF7A4FEF1BD000083
S21404EA48503E000001010101F83E0000383F000076
S21404EA581111000021840000F43E0000183F000055
S21404EA68483F0000204000A8531F0000F84F00004D
S21404EA78302102A8441002A8384101A8204201A85F
S21404EA88084001A8CC4000A8B44000A8FFFFDFFF58
S21404EA98B46000A8543E0000C83E0000EC370000EE
S21404EAA8671F0000493F0000D44000A8B45000A8DF
S21404EAB810B5C409FFF7D1FD201A312806DAC000BC
S21404EAC8183801D4C01EFDD5002010BD2000FFF75D
S21404EAD8CEFD10BDC32148436F3801D41E38FDD57A
S21404EAE800207047FEB5C020C00436490860364882
S21404EAF83649C8651024364804601020FFF7EAFF34
S21404EB0800285ED1FF2000053249086032483349A0
S21404EB18086033482D49086025042E4805603148A6
S21404EB2807680820FFF7D6FF00284AD108262E488B
S21404EB3806600120FFF7CEFF2A48806802902B481B
S21404EB4806602B4821490860224805600820FFF71C
S21404EB58C1FF002835D1244806600120FFF7BAFF14
S21404EB68204DA868019021480660184E2148306058
S21404EB780299019800F046F80104FC208003084036
S21404EB8800900298C10B0198C00B00F03BF80006F1
S21404EB98FC21890501400098014317480A0C4240A5
S21404EBA8FF239B1CD2181040084330602F60E003F4
S21404EBB80849086028682860104804601049816479
S21404EBC80020FEBD20E000A8F71700002C0102A8CC
S21404EBD8401102A8B02002A80000380EB01002A8FF
S21404EBE810103030E04001A8E05001A8E06001A809
S21404EBF830301010202020203F3F0000402102A87B
S21404EC08F7FFF00010B54904CA104004C310991A57
S21404EC1800209A18D30F9A18521052188B115B0EAC
S21404EC285B18DB11D2182023541A01D42200184387
S21404EC38CC0F611849105B08F6D110BDEFF31080AD
S21404EC4872B67047002800D162B6704780B5FEF7E2
S21404EC5879FA002802D0B7480068804701BD80B515
S21404EC68FEF7B2FAB448006800030AD4FEF7FAFCC2
S21404EC78FFF752FBFEF75BFC0120FFF729FBFFF7C3
S21404EC8816F880208005FEF73BFA01BD80B5FEF72E
S21404EC989BFA80204002FEF733FA01BDF8B5FEF76A
S21404ECA821FA052097490860FEF725FA964806686B
S21404ECB80124264201D1FEF774FBFEF785FA9F4825
S21404ECC8016800919E4A40681060B105C80F00218B
S21404ECD826420FD000919B4B5D6815601D689A4AC2
S21404ECE817687B1BBD4202D39769DB195B1C974FD9
S21404ECF8BB42F5D3964D2960002804D0310000980D
S21404ED08FDF7DEFF00902868204004D16846FEF729
S21404ED1874FB002802D10098FEF7C2FBA9480460D9
S21404ED286004FEF7EDF9F1BD38B5A74CE06BC005F5
S21404ED3806D580200006206000BF00BF400820607B
S21404ED48FEF724FCFEF740FAFDF764FE05009F482C
S21404ED589F490860FFF77AFF8020C002FEF7D0F9C3
S21404ED68002D01D08020206001209A49087031BD0A
S21404ED78F8B5FEF729FA984F2C20385C052101408F
S21404ED8802D0FEF7B7FA01E0FEF7C1FA8E4C022568
S21404ED98F86A284001D0012020601020C0438F491B
S21404EDA808600026A6638E480660FEF7CBF900289E
S21404EDB803D08C480068804700E03E60FEF792F96E
S21404EDC889480068E16B090407D4000705D5FEF7EF
S21404EDD89FF986490D60FEF7A4F9FEF78CF9FFF74C
S21404EDE894FDA804FEF78CF9F1BD80B5FEF7ECF99E
S21404EDF851480068000303D4FEF799FBFEF757FF53
S21404EE0880204003FEF77CF901BD38B5FEF7DCF92F
S21404EE186D4C2025FFF73CFB002806D0206B000726
S21404EE2804D5FFF75AFBFEF7F7FF2560FEF77FFBCE
S21404EE38FEF73DFF6E4800780C210140042902D1F4
S21404EE48FEF758FA01E0FEF762FA6804FEF758F986
S21404EE584020206031BD1CB5FEF744F90520294939
S21404EE680860FEF748F9FEF7AFF9FFF736FBB8482F
S21404EE78006800906846FEF77FFF0400FFF7E6FE8A
S21404EE88002C02D10098FEF7EDFF80204004FEF720
S21404EE9837F913BDF8B5FEF797F9AE4C256A502036
S21404EEA8284002D0FEF726FA01E0FEF730FA464F6D
S21404EEB8FFF7EEFA00281BD1786B40071DD4386B91
S21404EEC8E0214901014018D1A80611D4FEF70AF931
S21404EED8256AA14E354207D0FF20C0432D18256267
S21404EEE8802000059D490860FEF705F92E4002D0EB
S21404EEF80120386001E00020206080208004FEF7AE
S21404EF08FFF8F1BD3C1102A8400002A880B5FEF740
S21404EF185BF993480068400601D5FEF708FB012014
S21404EF28FFF7D6F9FEF7C3FE8020C004FEF7E8F81C
S21404EF3801BD0000DC3700000C0002A8B83F000042
S21404EF484C3E0000D43E000020C001A801FF00008B
S21404EF58483E000010B526480468FEF735F981498E
S21404EF680968090328D40321C00601D5214001E015
S21404EF78A0080140012902D1FEF7BCF90BE02001E4
S21404EF8807D50E20FFF7F2FBA748042101600821E5
S21404EF980160FEF7BCF9A54C2069A5490860FFF78F
S21404EFA855FE2068002807D04000122802D2FFF732
S21404EFB891FD01E0FFF737FB80208003FEF7A0F8F9
S21404EFC810BD0000402002A8100002A8700120000E
S21404EFD8B46000A8773E0000C43E0000442002A89F
S21404EFE8503E0000E0370000844000A87CE403504C
S21404EFF8F03E0000F8B584B001266846067000277F
S21404F0080297FEF7E1F80390564C2068000300D5F3
S21404F01897E00320A849C86386480068FB25AD0125
S21404F0280F210F220240032A03D0000B01400629B1
S21404F0384DD1A2480068A2498E6DE16B890701D5B7
S21404F0489F49CE6DFFF755FB8619FEF77BF8002817
S21404F0580ED02879C1060BD02868090D4143890BC0
S21404F068761897490968002902D10002400C361818
S21404F078002E01D5019700E00196606B0107C80FC2
S21404F08803212A6B0A40022A1BD1039AD20618D5F2
S21404F098AA68D30513D5A66B8A4B1E409E4203D195
S21404F0A81021854AD1630CE092050AD4E26B282322
S21404F0B8134006D16B461F70284A116001E06A4661
S21404F0C81770029068460678002E03D10FE07C4835
S21404F0D8406D0190FFF7DCF9002808D0FFF7FDF92A
S21404F0E80298002802D0FEF797FE00E000260220C9
S21404F0F871490860002E10D03020285C0C2101408D
S21404F108042902D0A06BC00602D5FEF7F3F801E086
S21404F118FEF7FDF82020606013E0FEF708FA80206A
S21404F12800060E49086068486849086001A8FEF7A2
S21404F13823FE0400FFF78AFD002C02D10198FEF78F
S21404F14891FE80200004FDF7DBFF05B0F0BD00004B
S21404F158CC3F0000D03E000000FFFF00441002A889
S21404F168440102A80C0002A8FEB500240194FEF788
S21404F1782BF8FFF76BFD564EF06E564D0007000F42
S21404F188072807D17068002804D40020FFF7A0F8E1
S21404F198286841E0012103204F4A73685B070BD4B3
S21404F1A84E4B1B680B4007D01368DF050BD55B0571
S21404F1B802D43368DB0503D40191916A890904E013
S21404F1C81021474B1960916A0909084000900020ED
S21404F1D8FFF77EF80098002805D17068C00602D4A8
S21404F1E8FEF795F801E0FEF785F800200199002956
S21404F1F803D13C480068FFF77CFA6969401801D5D2
S21404F208009400E000906846FEF7F7F8002805D159
S21404F2180098FEF745F9A8690549086080200005A6
S21404F228FDF76EFFF7BD000080E200E0AC3F00008B
S21404F2384C3E0000AC0002A8F8B5FDF7C5FF002454
S21404F24800252948066B80277F05300606D5300733
S21404F25809D5FFF742F9FEF7DFFD29E001251F4827
S21404F2680068284019D00020FFF732F8022006402C
S21404F27802D01E490C60C8611D480468002D03D0DE
S21404F2882000FDF7A9FD0400FFF727F92000FEF784
S21404F298E9FD3800FDF734FFF1BD16480078C021B3
S21404F2A80140402902D1FEF725F801E0FEF72FF8C1
S21404F2B820200D490860ECE7082002A80CC101A824
S21404F2C86C3F000010000010FFFF7F7FB46000A8AA
S21404F2D8400002A8BC3F0000C83E0000B44000A896
S21404F2E8441002A81CC101A8100002A8180000AA0D
S21404F2F8D83F0000F03E000000F03CF802480349FE
S21404F308486000F052F800BF732A000000000000AE
S21404F31880B5EFF305800B2801D23A2100E02921B5
S21404F328FF221632002000F03FFAFEE710B5C200AE
S21404F33818231340FF249C40E2438907090E99408A
S21404F348030004D470489B089B00C01806E0AD4B25
S21404F3580007000F083880088000181803681A4049
S21404F3681143016010BD80B573225421002000F0BB
S21404F3781BFA01BD10B5FFF761FC0121634A116051
S21404F388634B644A1360644A13600323634C236024
S21404F398634C2360634B1960634B19608023A44C49
S21404F3A82360D160FFF74EFC10BDFFF747FC05004D
S21404F3B80024012160B2FFF7B9FF641C0E2CF8D3B1
S21404F3C801210F20FFF7B2FF01211120FFF7AEFF3E
S21404F3D801211320FFF7AAFF01211720FFF7A6FF34
S21404F3E803210120C043FFF7A1FF01211B20FFF7DB
S21404F3F89DFF7348734908607348C16AC16201680F
S21404F408016002207149086001208A49086047049F
S21404F4186F4C20693840FCD02068800101D4FDF781
S21404F42848FE2800FFF70EFC774D0AE000281BD09C
S21404F438FDF76EFE18E020693840FCD03000FFF770
S21404F44801FC206E0004000F022801D1FEF73AFAE8
S21404F458FFF7F4FB0600FDF76BFE0028A878E5D056
S21404F468002801D1FDF75DFE01206978002909D13D
S21404F4782978002905D170490968890601D45349B1
S21404F488086030BF0021697029780029D6D1022186
S21404F4984E4A116067490860CDE7684801684268C3
S21404F4A80A40674810401B490860800703D5A448EB
S21404F4B80188491C0180704770B562480168406835
S21404F4C80840000E0006604980221205104218D033
S21404F4D85E4B1C68641C1C605D4C5E4D2D682D04D8
S21404F4E807D5A568002D04D007250D600125AC4E68
S21404F4F83560402525601B68012B02D910238B62D2
S21404F508CA67886770BD000000E400E0040002A82B
S21404F5180000FF3F282002A82C1002A840E002A8FA
S21404F52844C002A804C001A8044001A8F8B5854C44
S21404F538206B616B01400091834D08462860009853
S21404F5488249014007D0FDF7FDFD002803D0009846
S21404F5589449096888478020009901401CD0F821FE
S21404F568C90123680B4017D0C0221201934213D84E
S21404F57880231B06EB6226680E40944F3F683F04C0
S21404F5883F0F022F01D0032F03D1002E01D096423D
S21404F598F1D38F490B6028608E48007806280DDA68
S21404F5A80098CC218901014008D0FFF747FB0400E6
S21404F5B80098FDF7B5FA2000FFF744FBF1BD0000FC
S21404F5C8FFFF9B0800E100E0E04001A85C2002A8D9
S21404F5D84C0002A810B58048016844680C407F486F
S21404F5E8046080210C4205D041607D4801600020FB
S21404F5F8FDF796FA600403D580204005794908602B
S21404F60810BD00001CED00E0763E000038B57648D4
S21404F618016844680C40E00707D5FFF70FFB0500B0
S21404F628FDF714FB2800FFF70DFB7048046031BD96
S21404F638505201A85C1002A8F40302A8280002A8E5
S21404F648FFFF00C0B44000A83C6000A8703E00005D
S21404F6582C4000A8384101A8FEB5654C206C666CA1
S21404F668064001273E4216D03D06624805602068DB
S21404F67861490F60002802D00021FDF7A5FC5F4809
S21404F6880068A021C90188428041C043C00F5C4974
S21404F69888705C480560FDF73BFD029002210E4029
S21404F6A849D06068C2B20192000A009008224B4B07
S21404F6B84C03554D0020019E012E27D0022E38D12A
S21404F6C8009E012E24D1EE780096504E2F780C20FA
S21404F6D847430020F0512878400590277F04C7192F
S21404F6E8032038434A4F38601C604A480460301D7B
S21404F6F82B780C246343484C2468009FE419C450B0
S21404F70828780C2358433150444811E00091DCE72C
S21404F718002E0ED1424E37603C4E361D2D780C27EF
S21404F7287D4370515C601C60C8043E4B18603E48BC
S21404F7380260314801600298FDF7F3FCF7BD00004B
S21404F748743E00001C4201A84C6201A80200060090
S21404F75870B5FDF7DDFC0400FFF770FA2C490A685B
S21404F768D20717D5294A121D304B5D7A0C267543E5
S21404F7785659294D2D681E60CE685E604968D98141
S21404F7888021C9041B4E3160197B69185B7A0C25E5
S21404F7986B43D150FFF756FA2000FDF7C2FC70BD44
S21404F7A83C5000A8D8370000002800D0704710B591
S21404F7B80C00FDF7ADFC1E490C6001221D4B1A60B7
S21404F7C80B6C1340FCD1FDF7ACFC10BDAC0002A8D2
S21404F7D8785201A8403E000090C001A890E001A815
S21404F7E80CC001A804ED00E090C000A890E000A8B2
S21404F7F800C002A8401002A840E002A8404000A8A2
S21404F808763E0000402002A88D3E0000300000A886
S21404F81860C101A894D001A8200000A8F42302A877
S21404F82860E101A880E200E0F41302A8843E000028
S21404F838008002A8409002A87CF80400000000009B
S21404F84858F80400010000000000000000F0490217
S21404F858000000004063598F404B4C000B000B001F
S21404F8681A00FF7F7865002000000000F8FB0400FB
S21404F878000000000C400200018014007F400000D5
S21404F888204002000000000000000000304007008E
S21404F8980000000000000000000000000000000057
S21404F8A80000000000400000A007040050400100CB
S21404F8B8000000005C400200000000000000000099
S21404F8C8A840010007000000BC4004000000000037
S21404F8D800000000000000000000000004410400CE
S21404F8E800400000FF4C0000FF5D0000FF4D0000D4
S21404F8F820C0011000F8070020C00130F5020800F7
S21404F90824C00110FF00000024C0013000180000C5
S21404F91828C00700EC80B38343754051A00F004805
S21404F9283040000000000000000000002E02000026
S21404F93850C00400511130040E2D09E65406070879
S21404F948D1B6020064C00A000430001C403018090E
S21404F9580D647920EBFCFB017FF6E803BD4B7215BA
S21404F96811A3180510325476980A00000000000007
S21404F9780800010104070000180001010000000047
S21404F98820000101088400001C4008011000000043
S21404F99820F9130407C0520000000000000000000D
S21404F9A800000003000000000000000058400601A4
S21404F9B86402FF004108000001000000B0070800C8
S21404F9C8A700000000000000804011014B01A008B9
S21404F9D89BC34A74F0030000000000000000000007
S21404F9E80101103050707F7F000000000000000006
S21404F9F800000000000000000000000000000000F6
S21404FA0800000000000000000000000000000000E5
S21404FA18E04002013300000000000000EC40010151
S21404FA287DA8D98BF4400501640483078813C83A73
S21404FA389C200A0000612000B75635120C410301C9
S21404FA48F95412002030042988BB4040244102019E
S21404FA58000000000310000030410A016406660C2A
S21404FA680C010000E853FA00000000000000000043
S21404FA780000000000000000000000000000000075
S21404FA8801010000684103016404830788138200A7
S21404FA980000000030420401000000000000000ED0
S21404FAA800000000000000004442020100000000BC
S21404FAB8F4811F0054420C010000000000003C00C2
S21404FAC800000000000000005555555517000000BA
S21404FAD80000000000000000AAAA060000000000BB
S21404FAE80000000000000000108001010300000070
S21404FAF83880020111491000010000009C800301AF
S21404FB08EB40020070780300D5C00000A8800111FD
S21404FB18F0010000A88001310542CB01AC80011138
S21404FB28F0010000AC80013105228D00B08002018E
S21404FB38000300023700000198000202000C0004CB
S21404FB484C000000A400010200040000D0000202D9
S21404FB58050040AA88010000E40001026C2C51113B
S21404FB68F4000202000000003D210811FC00011206
S21404FB783F000000FC00013200540400300101027A
S21404FB886000510254010102C43F000068010102EA
S21404FB9800040000FC4F0103A8FB0400FFFFFFFF5E
S21404FBA812000000666666000000000060FC0400A0
S21404FBB850FC040000000000001A9A00005A620272
S21404FBC880841E000420F50011495002000000003D
S21404FBD8FAFB04000000000000000000000000001B
S21404FBE8B1841E00000000000000000000000000B1
S21404FBF805020200000000F049020614000000E0B6
S21404FC08930405380000A008000000005809010401
S21404FC180706100A01040707C80A00040807800B29
S21404FC2800040808380C00040908610800000000ED
S21404FC38680800000000C709010404032C0B01042B
S21404FC480404920C01040504ED170000ED170000E7
S21404FC580000000000000000193F0106041001001F
S21404FC68000101060010270000090000000000003B
S21404FC780000000055D7010005D7010011D7010080
S21404FC8801D80100F3AB030095B1030099B1030052
S21404FC989DB10300A1B10300A5B103000000000054
S21404FCA8A8010000B01400200001030464EE01005B
S21404FCB81000000024E101001A00000079EB01009E
S21404FCC81100000075E401001100000063E511004E
S21404FCD80400000023E111000400000025E10100EF
S21404FCE80800000026E101000A00000027E10100E0
S21404FCF802000000000000000000000074FE04007B
S21404FD0863FE04000000000075FE0400FBA904005E
S21404FD1800000000F5A90400F7A90400000000008C
S21404FD28F9A9040041FE04008AFE0400FCA90400A4
S21404FD38F6A9040000000000FAA9040058FD04000F
S21404FD48F3A90400F4A90400F8A90400F2A904001D
S21404FD58000203040508090A0B0001020304051D32
S21404FD682000B40108020200AA00FFFFFFFFFFFFFD
S21404FD78FFFFFFFFF51503002D3502009964020006
S21404FD8819490300A967020079BA03007BBA03007D
S21404FD987DBA03007FBA0300E1DF020051B5020012
S21404FDA8F9FC0200B5420300B954020075BA030010
S21404FDB8DDB9020069330300CD45020077BA0300B3
S21404FDC8EFA00300C54C0200BF7503000000000046
S21404FDD800130000000000000000000000000000FF
S21404FDE801000000C5BD020002000000EFCB0300BE
S21404FDF8030000001DBD02000400000069CB0300D8
S21404FE0805000000BDBC0200000000000000000061
S21404FE180023001B2200FF00000000000C09020259
S21404FE28000000001C1A0B0303FF06080402020263
S21404FE3804020A0B030302030480FF0204FF010101
S21404FE4801010800000000000000005A69674265C6
S21404FE5865416C6C69616E636530398000001838DA
S21404FE6810300000000000008F8E8C8081815A6953
S21404FE7867426565416C6C69616E6365303906086E
S20804FE880C108000D1
S20C04FE8C986EFB7F01000000E4
S21004FE94A0FE040080610020D7010000DE
S21404FEA00000000000000000FFFF0000010000004A
S21404FEB00000000000000000000000000000000039
S21404FEC00000000000000000000000000000000029
S21404FED00000000000000000000000000000000019
S21404FEE00000000000000000000000000000000009
S21404FEF000000000000000000000000000000000F9
S21404FF0000000000000000000000000000000000E8
S21404FF1000000000000000000000000000000000D8
S21404FF2000000000000000000000000000000000C8
S21404FF3000000000000000000000000000000000B8
S21404FF4000000000000000000000000000000000A8
S21404FF500000000000000000000000000000000098
S21404FF600000000000000000000000000000000088
S21404FF700000000000000000000000000000000078
S21404FF800000000000000000000000000000000068
S21404FF900000000000000000000000000001000057
S21404FFA00000F001080000000810002001002301F2
S21404FFB004000000101000200600300101000000BC
S21404FFC014100020FFFFFFFFC0EA2101C0EA210150
S21404FFD00080000000F04902BC62002000600700B8
S21404FFE000800000F8300020C8000000FE0000007A
S21404FFF000000000849B040018100020FFFFFFFF91
S214050000E09E040033000000E50301003300000015
S214050010917A0300F51A0400F91A0400061B040079
S214050020131B0400201B04002D1B0400401B0400AA
S214050030521B04005F1B04006C1B0400791B0400A4
S2140500408E1B0400A11B0400B31B0400C81B040080
S214050050D71B0400E81B0400F71B0400071C04005C
S214050060131C0400201C0400301C0400421C040061
S214050070511C0400601C0400691C04007E1C04005E
S214050080931C0400A81C0400C81C0400D61C04000D
S214050090F51C0400101D0400231D0400301D04007B
S2140500A0451D0400541D0400631D0400751D040051
S2140500B0871D04009A1D0400AD1D0400C31D040021
S2140500C0000000000F000000FF0000000000000018
S2140500D00000000000000000000000000000000016
S2140500E000000000000000000030E70400C8180308
S2140500F034260400392604006626040091260400EA
S214050100BF260400ED2604001C270400492704002A
S21405011079270400A9270400F9270400FFFFFFFF3D
S21405012000F80300FFFFFFFF0000040000000400C6
S214050130005C2605186400200600000000C10400C7
S214050140000000000100190001000000803C0020AE
S2140501500100190001000000803C00200100190084
S21405016001000000803C002001001900010000008D
S214050170803C00200100190001000000803C0020A2
S2140501800100190001000000803C00200100190054
S21405019001000000803C002001001900010000005D
S2140501A0803C00200100190001000000803C002072
S2140501B00100190001000000803C00200100190024
S2140501C001000000803C002001001900010000002D
S2140501D0803C0020FC4000200000000000000000DD
S2140501E078AA0400C8470020CC640020884A00206E
S2140501F0379904000600000000000000000000001B
S2140502000000000060C1040078C1040042990400A3
S21405021006520400FE000000FC64002000000000FA
S214050220984A0020004B0020684B00200000000084
S21405023000000000000000000000000000000000B4
S21405024000000000000000000000000000000000A4
S2140502500000000000000000000000000000000094
S2140502600000000000000000C9AA0300C5AA03009C
S214050270FFFFFFFFCDAA0300FFFFFFFF25B003002A
S21405028081B00300FFFFFFFFFFFFFFFFFFFFFFFF3C
S214050290FFFFFFFF2F2A0000FFFFFFFF0000000003
S2140502A017B20300A4FC0400FFFFFFFF00000000D8
S2140502B020A1070000000000E1EE0300000000009A
S2140502C00000000000000000000000000000000024
S2140502D00000000000000000000000005050002054
S2140502E0212B0200B1440200065204000000000063
S2140502F00000000000000000000000005050002034
S214050300B93102000000000006520400000000009B
S2140503100000000000000000000000005050002013
S214050320FD3B0200B1440200065204000000000036
S2140503300000000000000000000000002F9A0400E6
S21405034050500020554902000000000006520400E7
S2140503500000000000000000000000000000000093
S21405036050500020D95D020000000000065204002F
S2140503700000000000000000000000000000000073
S2140503805050002049630200000000000652040099
S2140503900000000000000000000000000000000053
S2140503A05050002045780200000000000652040068
S2140503B00000000000000000000000000000000033
S2140503C0B80B000050500020B57D0200000000006C
S2140503D006520400000000000000000000000000B7
S2140503E000000000505000201589020000000000A3
S2140503F00652040000000000000000000000000097
S2140504000000000050500020D98A020000000000BD
S2140504100652040000000000000000000000000076
S214050420000000005050002071C1030000000000CD
S2140504300652040000000000000000000000000056
S214050440000000005050002001910200000000004E
S2140504500652040000000000000000000000000036
S21405046000000000505000207197020000000000B8
S2140504700652040000000000000000000000000016
S2140504800000000050500020F3CD030000000000DF
S21405049006520400000000000000000000000000F6
S2140504A00000000050500020A9FC020000000000DB
S2140504B006520400000000000000000000000000D6
S2140504C00000000050500020191503000000000031
S2140504D006520400000000000000000000000000B6
S2140504E000000000FBD60300505000202543030003
S2140504F0B14402000652040000000000000000009F
S214050500000000000000000050500020E9490300EC
S2140505100000000006520400000000000000000075
S2140505200000000000000000FFFFCEFAEFBEFFFF50
S214050530FDFFFDFF0C002C01001E2C01400680006F
S2140505401027FFFF04F8FFFF0C0000000000000066
S2140505504000FDFF2C019C000000FFFFFDFFFFFF94
S214050560FFFF60EA8000800010C1CDAB01320101BB
S214050570FFFFFFFFFFFFFFFFFFFFFFFFFFFFFFFF81
S214050580FFFFFFFFFFFFFFFFFFFFFFFFFFFFFFFF71
S21405059001FF05FFFFFF0101FFFF0201FFFF6402E8
S2140505A050FF0F010208031E0605021601010A0C7C
S2140505B0052007051010010F0804100106010101AA
S2140505C004FF0301FF0CFF0F7F7F0150403000FF43
S2140505D0FFFF0B03FF050B0101FF030103050202E5
S2140505E001FFFFFFFFFFFFFFFF010102FFFFFF40C7
S2100505F0FF010100056D0000DD6C000039
S80400914D1D
